tree
version=v4
num_class=1
num_tree_per_iteration=1
label_index=0
max_feature_idx=55
objective=binary sigmoid:1
feature_names=Column_0 Column_1 Column_2 Column_3 Column_4 Column_5 Column_6 Column_7 Column_8 Column_9 Column_10 Column_11 Column_12 Column_13 Column_14 Column_15 Column_16 Column_17 Column_18 Column_19 Column_20 Column_21 Column_22 Column_23 Column_24 Column_25 Column_26 Column_27 Column_28 Column_29 Column_30 Column_31 Column_32 Column_33 Column_34 Column_35 Column_36 Column_37 Column_38 Column_39 Column_40 Column_41 Column_42 Column_43 Column_44 Column_45 Column_46 Column_47 Column_48 Column_49 Column_50 Column_51 Column_52 Column_53 Column_54 Column_55
feature_infos=[195.52227783203125:330] [194.51481628417969:330] [193.48074340820312:330] [193.11184692382812:330] [193.11184692382812:330] [192.31964111328125:328.38580322265625] [195.52227783203125:330] [195.42433166503906:330] [195.68138122558594:330] [196.00559997558594:330] [196.04458618164062:330] [196.23330688476562:329.92807006835938] [-75:4.7171401977539062] [-75:5] [-75:5] [-75:5] [-75:5] [-75:5] [-75:4.7171401977539062] [-75:3.0964829921722412] [-75:2.7252662181854248] [-75:2.6095457077026367] [-75:2.5636227130889893] [-75:2.4144623279571533] [-14.911173820495605:62.550895690917969] [-14.911173820495605:62.196540832519531] [-14.911173820495605:61.760047912597656] [-14.911173820495605:61.108871459960938] [-14.911173820495605:60.061286926269531] [-14.919011116027832:58.2747802734375] [-14.911173820495605:62.550895690917969] [-14.671197891235352:62.529895782470703] [-14.614534378051758:62.308040618896484] [-14.541216850280762:62.018058776855469] [-14.498400688171387:61.718723297119141] [-14.406678199768066:61.028884887695312] [190.58824157714844:330] [194.58242797851562:330] [-94.823532104492188:3.76470947265625] [-95.233116149902344:2.5722575187683105] [-42.823516845703125:57.333343505859375] [-41.017185211181641:60.569839477539062] [-69.0322265625:63.926193237304688] [-56.771621704101562:48.421066284179688] [-44.439620971679688:45.197311401367188] [-38.199161529541016:36.012775421142578] [-25.987638473510742:32.738227844238281] [-26.406431198120117:27.358383178710938] [-0.85395175218582153:0.98167717456817627] [245.6268310546875:298.25537109375] [0.37751886248588562:496.42047119140625] [0.43655484914779663:190.3641357421875] [0.28787475824356079:183.41900634765625] [-52.666667938232422:1447.8333740234375] [-1:1] [-1:1]
tree_sizes=6720 6757 6776 6765 6812 6812 6822 6823 6835 6828 6845 6852 6856 6833 6878 6877 6930 6864 6880 6891 6905 6877 6880 6879 6907 6908 6924 6895 6887 6881 6882 6916 6907 6885 6879 6909 6921 6934 6907 6935 6902 6922 6902 6931 6982 6903 6911 6884 6920 6923 6924 6922 6900 6945 6949 6952 6918 6888 6887 6932 6905 6943 6917 6889 6920 6916 6919 6950 6931 6937 6919 6918 6933 6947 6923 6934 6956 6910 6950 6937 6925 6922 6929 6961 6961 6935 6913 6978 6954 6925 6916

Tree=0
num_leaves=63
num_cat=0
split_feature=36 36 28 36 34 15 23 38 42 47 35 42 54 38 35 38 35 15 54 13 5 54 54 44 28 42 29 54 46 55 50 29 54 23 29 34 36 15 54 44 38 31 37 46 26 28 36 55 27 47 22 44 12 52 42 22 47 35 5 50 54 5
split_gain=42483.5 8585.98 6052.24 3499.82 5109.18 2857.05 2615.56 2661.46 2537.83 2183.05 1680.86 1433.25 1358.83 1213.59 1055.18 989.018 1173.22 997.457 969.911 859.543 1884.75 1080.41 1009.47 859.814 799.484 759.828 789.213 586.703 671.693 1334.08 587.536 510.217 459.5 411.828 388.337 380.665 507.486 412.874 374.225 339.387 331.248 541.767 462.764 426.882 317.037 303.948 705.704 292.289 656.414 283.792 579.492 271.192 266.441 234.541 225.167 221.305 244.275 228.998 210.319 207.383 202.049 280.676
threshold=215.58823394775393 199.11765289306643 3.0690183639526372 220.88235473632815 4.5358781814575204 -0.98665618896484364 -2.0248390436172481 -0.94116973876953114 6.2544097900390634 -1.0299366712570188 8.1471447944641131 7.7585144042968759 -0.91597560048103321 -0.52941131591796864 9.8315100669860858 -8.9411697387695295 1.9917412996292116 -12.465585708618162 0.78656607866287243 1.0000000180025095e-35 205.86235046386722 0.91597560048103344 0.12940952181816109 -0.1598091125488281 -1.2034254074096677 4.1132049560546884 25.891773223876957 -0.7865660786628722 6.0358448028564462 -0.7865660786628722 55.074535369873054 14.724085807800295 -0.37940952181816096 -15.753283977508543 2.5379524230957036 8.7798333168029803 223.82353210449222 -3.7941246032714839 -0.98296290636062611 2.8845443725585942 -0.52941131591796864 29.292655944824222 216.64851379394534 -0.03124141693115234 33.545000076293952 5.8489351272583017 209.70588684082034 1.0000000180025095e-35 32.228881835937507 1.1138217449188235 -8.470850467681883 0.50603103637695324 -1.6161499023437498 10.523283481597902 -0.79554748535156239 -1.8654260039329527 5.7071094512939462 25.378603935241703 211.81697845458987 38.954080581665046 0.37940952181816107 211.81697845458987
decision_type=2 2 2 2 2 2 2 2 2 2 2 2 2 2 2 2 2 2 2 2 2 2 2 2 2 2 2 2 2 2 2 2 2 2 2 2 2 2 2 2 2 2 2 2 2 2 2 2 2 2 2 2 2 2 2 2 2 2 2 2 2 2
left_child=1 18 6 4 9 10 7 -3 19 -2 11 32 13 38 49 58 17 -17 -1 25 22 23 -21 -22 -19 27 -27 30 45 -30 44 -31 -4 -26 -11 36 37 -18 -12 55 51 42 -42 -44 -7 46 -29 48 52 -6 -51 -14 -47 -24 -25 57 -57 -16 -5 -39 61 -50
right_child=3 2 5 15 14 8 -8 -9 -10 34 12 -13 40 -15 39 16 35 24 -20 20 21 -23 53 54 33 26 -28 28 29 31 -32 -33 -34 -35 -36 -37 -38 59 -40 -41 41 -43 43 -45 -46 47 -48 -49 60 50 -52 -53 -54 -55 -56 56 -58 -59 -60 -61 -62 -63
leaf_value=0.17055573223276443 -0.87157426464717336 -3.2436161831990336 -3.5882985921703439 -4.951789876751671 -4.9230155600652346 -3.8690173860547441 -4.100832948192668 0.44401887739317925 -1.3930776239944009 -3.416464663792623 -3.7948133971817972 -2.0572698154366469 -5.3639727259551933 -2.6915922590188677 -5.301832966828651 -5.2812613870513747 -5.2518507481739594 -5.3410046616230691 -1.9990134442440097 -2.78569804056451 -4.5594687809581185 -1.2688833635684293 -4.2545762027306733 -3.2753854750712406 -2.7316055641134911 -2.2923820955931884 -4.4943444681648614 -3.1784357215779018 -2.677787668761201 -3.5970189567131237 -4.7976966836311785 -5.1226086978393548 -4.8521188670516509 -4.2773605291587593 -4.8607413725094784 -5.5279291443848519 -5.4386922100710429 -4.9149938150666888 -5.0314844366825167 -4.4893221238843468 -5.3887268565834141 -5.2306027424021062 -3.006550874047988 -4.5017250676097014 -2.6450505158280109 -4.6028123871315554 -4.879698982285241 -5.4136055543658994 -4.1565169161484761 -5.1419545703123166 -3.2243083960637007 -4.4244229997400515 -3.3703038924266071 -5.0688150356163106 -2.1366996398138558 -5.2465243564490498 -4.2103557348702445 -5.5300398784317508 -5.5772846140628065 -3.9566122097012926 -5.4086297401423229 -5.2423064856823522
leaf_weight=0.84281723015010301 0.79577626846730742 0.85457747057080258 1.1525035612285144 1.3445874880999316 7.8676008414477092 1.3994686100632039 1.1799441222101439 1.1446634009480479 0.82321682944893737 1.1995445229113091 0.8663377109915017 0.85065739043056954 12.273770919069651 1.0545015577226937 20.20409304276108 4.7903379313647747 4.817778492346406 0.8232168294489387 1.3249870873987672 0.76833570748567392 0.9760999549180277 0.7879361081868409 1.3916284497827294 0.86633771099150225 0.92905899323523056 0.85065739043056854 0.78009594790637493 0.89377827197313608 1.2387453243136408 0.78009594790637615 1.1446634009480474 1.8424376659095285 1.9129991084337259 0.80361642874777195 0.76049554720520962 215.0830370541662 58.515036253258586 1.1211429201066487 2.0815625544637446 1.0505814775824536 0.76833570748566815 4.3865696769207716 0.75657546706497747 1.2936264462769025 0.85065739043056954 0.81537666916847229 1.9169191885739563 2.3481280039995909 1.0858621988445523 0.79185618832707405 0.78401602804660775 0.81929674930870611 0.94865939393639365 2.4265296068042517 0.87025779113173418 2.2226854395121403 0.76441562734544266 24.112412942573428 2668.9042417947203 1.1368232406675813 2.2814866416156292 1.3171469271183012
leaf_count=215 203 218 294 343 2007 357 301 292 210 306 221 217 3131 269 5154 1222 1229 210 338 196 249 201 355 221 237 217 199 228 316 199 292 470 488 205 194 54867 14927 286 531 268 196 1119 193 330 217 208 489 599 277 202 200 209 242 619 222 567 195 6151 680829 290 582 336
internal_value=-5.53296 -4.24757 -4.35781 -5.55977 -5.18348 -4.47499 -2.23404 -1.13226 -4.1301 -3.08016 -4.8344 -3.87309 -4.98932 -4.14732 -5.28377 -5.56747 -5.47945 -4.85569 -1.15551 -4.20893 -3.77243 -2.89872 -4.43929 -3.37213 -4.05807 -4.38117 -3.34572 -4.47069 -4.60132 -4.03006 -3.87545 -4.66881 -4.37697 -3.44853 -3.97684 -5.49577 -5.39033 -4.99038 -4.66805 -5.37818 -5.15534 -4.88306 -4.34218 -3.94997 -3.4063 -4.79135 -4.33871 -4.93598 -4.76206 -4.80034 -4.1879 -5.30518 -3.94 -4.77204 -2.70476 -5.39792 -4.98136 -5.426 -5.57697 -4.43248 -5.07163 -4.75166
internal_weight=3081.79 62.9682 60.8004 3018.82 60.5535 57.6213 3.17918 1.99924 29.4045 2.75582 28.2167 3.91616 24.3006 4.0024 57.7977 2958.27 288.02 7.34623 2.1678 28.5813 8.08713 3.50063 4.58649 2.7127 2.55589 20.4942 1.63075 18.8634 15.4686 3.86128 3.39479 2.62253 3.0655 1.73268 1.96004 280.674 65.5908 7.07574 2.9479 48.3542 20.2982 7.20511 2.81854 2.0502 2.25013 11.6074 2.8107 8.79666 6.44853 9.44347 1.57587 13.0931 1.76404 3.81816 1.7366 47.3036 2.9871 44.3165 2670.25 2.25797 4.6845 2.40301
internal_count=786155 16063 15510 770092 15447 14699 811 510 7501 703 7198 999 6199 1021 14744 754645 73473 1874 553 7291 2063 893 1170 692 652 5228 416 4812 3946 985 866 669 782 442 500 71599 16732 1805 752 12335 5178 1838 719 523 574 2961 717 2244 1645 2409 402 3340 450 974 443 12067 762 11305 681172 576 1195 613
is_linear=0
shrinkage=1


Tree=1
num_leaves=63
num_cat=0
split_feature=17 49 28 49 38 53 29 16 17 49 35 40 49 17 17 52 43 43 47 14 42 37 37 5 54 20 47 52 35 42 39 36 49 26 36 54 52 54 49 49 38 43 40 52 29 51 43 47 13 50 49 5 54 5 44 38 52 47 49 24 42 38
split_gain=4628.49 799.616 569.258 554.095 399.936 366.504 284.262 425.617 273.086 272.264 235.312 201.826 263.987 197.181 194.149 132.767 129.329 124.857 121.248 112.398 142.869 124.4 181.945 100.026 88.0889 90.8696 83.4525 102.31 120.118 99.4807 82.5091 95.7553 98.1288 187.82 102.557 102.455 82.5076 77.1443 83.1014 471.805 143.722 141.311 122.875 127.922 138.399 110.355 76.6703 97.0077 75.9591 194.279 109.133 256.855 99.4775 72.2289 76.815 76.2501 69.2957 68.6402 70.2557 67.3004 66.076 64.96
threshold=-5.3756484985351554 256.60597229003912 2.9614410400390629 270.15548706054693 -11.000007629394529 1089.1666564941409 21.483678817749027 -3.4237174987792964 -0.70683670043945301 247.43756103515628 3.3917257785797124 5.6078262329101571 258.98173522949224 -9.1633796691894513 0.44061279296875006 6.7852830886840829 1.3923187255859377 3.3248443603515629 -0.75663590431213368 -29.533857345581051 9.4939575195312518 259.85839843750006 266.03121948242193 221.06523132324222 -0.6035533845424651 -6.1049335002899161 1.6515283584594729 35.553066253662116 25.378603935241703 2.6978759765625004 -2.7966600656509395 199.11765289306643 257.70365905761724 29.151853561401371 205.58823394775393 0.37940952181816107 39.807723999023445 -0.91597560048103321 272.37759399414068 273.15556335449224 0.64705657958984386 2.4087905883789067 2.9215698242187504 17.470466613769535 15.019815444946291 35.823423385620124 -9.0258865356445295 1.5975269079208376 1.0000000180025095e-35 112.07171630859376 254.46063232421878 213.5385665893555 1.0000000180025095e-35 214.94265747070315 -0.33116149902343744 -1.7647018432617185 7.5966653823852548 -1.0602941513061521 272.01187133789068 8.0113096237182635 6.1290054321289071 -3.2352981567382808
decision_type=2 2 2 2 2 2 2 2 2 2 2 2 2 2 2 2 2 2 2 2 2 2 2 2 2 2 2 2 2 2 2 2 2 2 2 2 2 2 2 2 2 2 2 2 2 2 2 2 2 2 2 2 2 2 2 2 2 2 2 2 2 2
left_child=4 2 -2 11 -1 17 7 24 -8 13 19 12 18 -6 15 -9 -14 36 -3 -11 -21 57 -23 -20 25 -4 27 28 29 61 -13 -32 33 -33 35 -34 37 53 40 -40 56 42 -41 46 45 -45 47 -44 49 50 51 -10 -52 54 -5 -56 -39 -22 -59 -15 -28 -17
right_child=1 3 6 5 9 -7 8 14 48 10 -12 30 16 59 -16 26 -18 -19 23 20 21 22 -24 -25 -26 -27 60 -29 -30 -31 31 32 34 -35 -36 -37 -38 38 39 41 -42 -43 43 44 -46 -47 -48 -49 -50 -51 52 -53 -54 -55 55 -57 -58 58 -60 -61 -62 -63
leaf_value=-0.045141046681838708 0.0014665008800717771 0.13413668162135889 0.18971199587556212 0.037737967881642132 0.97421999895353317 0.75797596400532219 0.049418800868142536 0.70111834240752291 0.54546806905817979 -0.027255177994497056 -0.0073737952797646965 -0.010026250837338282 0.10645412408114957 0.017380903370112399 0.90230503710108234 0.079207379631593217 0.015017951955360638 0.081880994131563592 0.50791933039008441 0.063818057000568015 0.067172109733074595 0.90534555079722479 0.24677891860398421 0.12980458020864455 0.010220661365952047 0.63172399223084175 0.40346770676714477 0.16807863387749822 0.26861879764702634 0.72362411717094433 0.00096446191821300076 0.50257664820623527 0.060214597115829493 0.10689624925943556 0.018072830862147154 0.33184761869113999 0.018714450232623903 0.27367396804106059 0.92260100291284752 0.11434685959736779 0.57925335530163713 0.60399324810518984 0.66988815449574901 0.42793262785935449 0.18622800304162609 0.99496772358123264 0.12708411237944447 0.21085470062908157 0.15526640101242417 0.61770441492250316 0.067143727283442645 0.11211890465524688 0.31043026426577025 0.025637635578610509 0.18482671614627325 0.557749636656522 0.056185195055606624 0.53160460215904981 0.15205489159269464 0.45628739443079769 0.10508293680444042 0.54992151628411912
leaf_weight=2466.2764801627491 27.316515244543552 7.5680971357505795 9.9077487303875387 3.8040006067603827 1.1224380279891191 2.5347460613120338 22.877822911832482 3.8462286104913863 7.9140822021290678 9.3001562741119397 238.01406894670799 114.67465838929638 100.44331659679301 1.9545858732890331 2.3582503884099415 1.1574987387284683 62.883647565031424 44.317743515362963 6.5113132330588979 15.184656922239812 5.5310149975121012 1.7249698855448503 2.6753930586855859 2.3914697885047644 6.4940886150579891 1.3173663129564381 3.5166130890138438 2.6762170947622499 3.7360184211283913 6.0433630743063986 68.513142839074135 3.5757789993658688 8.7698183744214457 18.597016524989158 54.130753004457802 5.7458875537849954 7.0612929922062895 4.7550776819698575 2.5400309655815354 20.701339594088495 1.7403541905805457 2.2895142848137757 1.7354812128469319 1.8799473440740251 2.2994679089169949 1.5785228430759159 9.7669643831905013 3.4172076240647584 12.882810343056915 4.1677008490078142 9.9369893481489289 6.0208157449960709 7.2799901855178168 11.201157691888509 3.6026282957755029 2.2124921632930654 15.938966110115869 2.2276926471386096 2.6932605789043009 1.5789510034956036 3.9275513929314911 1.9982975036837132
leaf_count=656909 278 362 1454 122 245 367 3785 368 301 1158 58953 22059 6768 216 141 238 2541 3421 387 2123 482 248 453 418 1103 203 426 249 304 338 381 149 349 1094 2543 142 1235 700 268 2185 39 252 368 329 312 327 1366 432 167 158 664 283 354 1834 404 110 2009 224 220 356 56 288
internal_value=-0.00876457 0.101997 0.207158 0.0763974 -0.0386913 0.162082 0.254751 0.350184 0.191675 0.0177147 0.0113493 0.0493258 0.0904894 0.396894 0.467299 0.429165 0.0712496 0.151358 0.281272 0.124636 0.171665 0.281924 0.504941 0.40635 0.156791 0.241586 0.383797 0.449485 0.507707 0.604807 0.0223151 0.0455919 0.0792583 0.170707 0.0497204 0.167738 0.183257 0.196244 0.221815 0.260148 0.14286 0.221616 0.200459 0.286669 0.486858 0.68674 0.209411 0.365462 0.259193 0.297101 0.254208 0.358232 0.170014 0.111939 0.212435 0.326714 0.10616 0.188032 0.323875 0.213505 0.246039 0.377271
internal_weight=3490.84 742.558 145.376 597.182 2748.28 143.377 118.059 46.9792 71.0802 282.007 277.351 453.805 179.798 4.65597 29.26 26.9018 163.327 140.842 16.4709 39.3371 30.037 14.8523 4.40036 8.90278 17.7192 11.2251 23.0556 15.6114 12.9352 9.19916 274.007 159.332 90.8193 22.1728 68.6465 14.5157 96.5244 89.4632 68.6429 46.2085 22.4344 43.6684 41.3789 20.6776 5.75794 3.45847 14.9197 5.15269 48.2024 35.3196 31.1519 13.9349 17.217 20.8203 9.61912 5.81512 20.694 10.452 4.92095 3.53354 7.44416 3.1558
internal_count=786018 64431 11158 53273 721587 16080 10880 5168 5712 64678 63861 37193 10476 817 2408 2267 9309 15713 1167 4908 3750 1627 701 805 2760 1657 1899 1417 1168 864 26717 4658 4277 1243 3034 491 12292 11057 8587 5839 2748 5571 5319 3134 968 656 2166 800 1927 1760 1602 584 1018 2470 636 514 2709 926 444 572 482 526
is_linear=0
shrinkage=0.05


Tree=2
num_leaves=63
num_cat=0
split_feature=38 5 17 41 36 28 17 13 38 29 54 48 48 5 48 51 47 33 29 38 54 17 29 48 43 37 54 34 48 52 46 54 44 46 48 27 52 44 17 54 46 38 37 29 29 41 53 29 28 52 48 48 37 38 5 45 52 54 8 12 44 12
split_gain=3888.61 201.004 182.761 302.993 280.986 236.632 170.356 146.799 176.3 145.145 139.284 163.322 227.609 174.696 172.977 119.413 111.44 105.149 101.704 91.2916 82.1138 84.335 80.4906 198.334 130.93 119.441 120.857 109.811 83.4855 81.2375 83.9538 80.385 73.0181 94.8251 171.147 68.9838 67.2256 74.5765 65.927 63.4996 89.8564 66.5699 62.5448 69.3892 61.1433 60.8235 59.9695 59.5978 63.1043 58.3386 63.3966 85.5483 59.2602 94.95 67.2062 56.7297 53.4126 66.5289 95.8801 164.212 204.39 52.0548
threshold=-6.7058792114257804 205.86235046386722 -2.8064270019531246 4.2803208827972421 199.11765289306643 2.9614410400390629 -17.469760894775387 -0.76438522338867176 -0.94116973876953114 1.1582479476928713 0.91597560048103344 0.79746490716934215 0.75721126794815075 213.5385665893555 0.97297734022140514 71.68945693969728 -1.0602941513061521 3.5727390050888066 13.884313583374025 0.64705657958984386 -0.6035533845424651 0.44061279296875006 18.315771102905277 -0.3497984111309051 -2.4231719970703121 259.28831481933599 0.60355338454246532 7.8429961204528817 -0.46758335828781122 4.4918646812438974 1.4800529479980471 0.78656607866287243 0.56628799438476574 1.3471117019653323 -0.23977020382881162 2.3169088363647465 21.918452262878422 -1.7502269744873045 -11.373033523559569 -0.6035533845424651 1.7804498672485354 -1.7647018432617185 225.10893249511722 3.892328262329102 17.840677261352543 5.5490233898162851 5.4166667461395273 4.5004882812500009 3.2361593246459965 43.120061874389656 -0.56490284204483021 -0.50708106160163868 232.37109375000003 -3.0000076293945308 241.65325927734378 -2.1861839294433589 29.604763031005863 0.37940952181816107 276.08627319335943 -22.388113021850582 -0.48505210876464838 -12.930818557739256
decision_type=2 2 2 2 2 2 2 2 2 2 2 2 2 2 2 2 2 2 2 2 2 2 2 2 2 2 2 2 2 2 2 2 2 2 2 2 2 2 2 2 2 2 2 2 2 2 2 2 2 2 2 2 2 2 2 2 2 2 2 2 2 2
left_child=1 -1 3 16 31 7 -3 8 17 38 11 12 15 14 20 22 -2 -6 39 45 -13 -22 23 24 27 26 29 28 -7 30 -25 -4 33 -28 -35 -19 37 -24 -8 40 41 -5 -26 -44 -14 -12 -39 48 -42 50 -18 -52 -53 54 61 -41 57 58 59 60 -40 -54
right_child=2 6 4 18 5 10 9 -9 -10 -11 19 13 44 -15 -16 -17 49 35 -20 -21 21 -23 36 25 42 -27 32 -29 -30 -31 -32 -33 -34 34 -36 -37 -38 46 56 55 47 -43 43 -45 -46 -47 -48 -49 -50 -51 51 52 53 -55 -56 -57 -58 -59 -60 -61 -62 -63
leaf_value=0.56051593732990179 0.061178735910017518 -0.045853626255332972 -0.023702569288090985 0.029303738953633793 0.032108138557173829 0.4941214176223282 0.019431644696672905 0.2016417203462646 -0.03889422812355206 -0.021758110524092152 0.1628628621855128 0.30700936954356467 0.27772112260338627 0.013919737652390886 0.31794018079390074 -0.012449321819507538 0.040853089157215146 0.35069134550014081 -0.021468565208453579 0.17112375052307802 0.03124013411275748 0.17115442931139588 0.34872348816452797 0.59064344394731128 0.038312467914496252 0.02893753249210709 0.28216618255361198 0.092089244353842442 0.22027369161042631 0.19786917667665435 0.21862056483495157 0.071273820263625054 0.23272232462577405 0.3178885122327344 0.88703858887956266 0.12081739467477418 0.03463684963871539 0.26736703221288605 1.1480594947017797 -0.020869433501291418 0.09904342867586019 0.28168368857463411 0.40011419696631345 0.067607851472321734 0.59220991682521351 0.020625320235349413 0.10984690944511662 0.12407256452538738 0.46638789574416439 -0.009594163424803917 0.53780313442639216 0.061778267067031517 0.026638111053471303 0.54596253101493175 0.38542401600173515 0.065220357005625881 -0.011011814114229669 0.075775227428013542 -0.026249089803364295 0.16549848892049437 0.2647419391605878 0.27860311193683368
leaf_weight=1.3909370754845429 16.082372022792697 2206.8255736141 55.981529131531715 38.73218856099993 18.954248716123402 4.1122084269300094 29.410248154075816 12.082653349731116 54.927741700783372 298.90608810749836 8.6344872685149294 4.4469568971544495 2.7323622414842239 47.840104795061052 11.301988183986394 10.685251878108827 3.1839233627542916 5.5153845618478936 85.003508139867336 16.280079702846706 29.615039085503668 16.925582333002239 4.1060564764775327 2.7965389452874652 37.466597307473421 7.0186891178600481 4.3971368619240803 10.816990339662878 8.6110294181853551 62.431206863839179 3.3131169904954731 37.004839047789574 6.0874173631891599 2.6989235556684426 2.5868640192784378 7.9941436164081097 18.670101515483111 6.8430688874796024 1.20999590610154 42.146854534745216 1.881840356625619 2.801817847415804 2.700675601605325 3.7445139735937119 3.5581901036202908 58.017919902689755 51.631109081674367 13.188837452791629 3.0867686518467963 2.3818296459503463 2.798757267650223 3.6884462069720021 4.4675654848106277 2.8408914417959634 4.3322048583067945 35.049096212722361 5.0079862417187533 8.6920043081045133 2.0842442126013339 4.1530273652169907 1.4274856674019245 3.7877774951048213
leaf_count=167 520 614036 226 7838 538 195 7527 309 359 78833 292 327 311 7264 199 969 187 321 20053 475 1378 585 236 196 1775 714 163 1125 393 4164 248 341 284 169 232 509 1400 455 252 6308 163 142 186 391 174 3053 3569 2942 453 281 255 103 529 141 288 6675 915 1827 512 661 321 566
internal_value=-0.00884008 -0.0403814 0.0800574 0.0451575 0.0944759 0.108077 -0.0407082 0.0382874 0.0157022 -0.00834726 0.123502 0.136722 0.158552 0.0857771 0.140965 0.151099 0.165716 0.108078 0.0214882 0.064978 0.101737 0.0821232 0.158379 0.179091 0.114067 0.227115 0.243613 0.20921 0.308783 0.214898 0.388905 0.0140942 0.368413 0.453719 0.596431 0.214665 0.117903 0.142745 0.0687632 0.0481633 0.0868904 0.0463289 0.0630622 0.206935 0.455609 0.0390515 0.128281 0.179672 0.327258 0.226892 0.249334 0.279622 0.241824 0.284867 0.22594 0.0182177 0.133032 0.174097 0.270393 0.361443 0.669981 0.142247
internal_weight=3467.09 2559.11 907.985 265.455 642.531 549.544 2557.72 99.4742 87.3915 350.891 450.07 367.138 257.008 110.13 62.2896 250.717 43.5638 32.4638 221.891 82.9325 50.9876 46.5406 240.032 158.782 67.452 91.3299 84.3112 23.5402 12.7232 68.5409 6.10966 92.9864 15.7703 9.68292 5.28579 13.5095 81.2503 62.5802 51.985 136.887 59.6915 41.534 43.9118 6.44519 6.29055 66.6524 58.4742 18.1574 4.96861 27.4814 25.0996 21.9156 19.1169 15.4284 12.5875 77.196 22.5747 17.5668 8.87475 6.79051 2.63748 8.25534
internal_count=786020 705051 80969 47444 33525 32958 704884 2036 1727 90848 30922 27102 17349 9753 2489 16864 2870 1368 44574 3820 2290 1963 15895 10235 4065 6170 5456 1713 588 4608 444 567 848 564 401 830 5660 4260 12015 24521 11538 7980 2352 577 485 3345 4024 3558 616 2350 2069 1882 1627 1524 1383 12983 4488 3573 1746 1234 573 1095
is_linear=0
shrinkage=0.05


Tree=3
num_leaves=63
num_cat=0
split_feature=38 49 29 49 31 17 45 5 49 29 38 38 52 54 53 36 53 49 49 55 44 36 39 44 44 49 37 34 16 29 49 47 29 19 27 29 13 49 52 51 54 53 45 54 49 47 51 53 31 39 52 49 29 50 36 49 49 49 17 9 13 39
split_gain=3395.81 508.188 261.56 235.046 188.019 183.743 177.947 122.701 120.916 110.248 241.051 99.4498 91.1205 88.8023 116.627 88.7106 89.2973 83.9209 166.988 110.008 96.7213 82.8625 141.791 125.47 98.6123 82.0151 78.3776 72.0366 70.4308 70.6926 66.9138 66.0571 75.683 61.532 64.4682 60.6987 59.8149 68.049 59.134 58.0146 80.0067 57.6618 56.9289 54.3773 129.13 121.503 117.468 82.1826 79.1294 63.3503 66.8025 61.78 54.1868 50.548 50.5291 48.6499 47.0122 46.1119 44.4581 41.9043 130.886 95.3901
threshold=-8.117637634277342 256.60597229003912 6.8392353057861337 257.70365905761724 4.934154987335206 -2.8064270019531246 -0.49720573425292963 220.15905761718753 269.27120971679693 14.142182350158693 -1.7647018432617185 -17.529411315917965 36.353063583374031 -0.7865660786628722 203.84027862548831 193.82353210449222 1089.1666564941409 270.83627319335943 274.68690490722662 0.60355338454246532 -0.13903808593749997 227.94117736816409 -8.2694282531738263 -2.9765281677246089 -1.7782135009765623 282.48001098632818 248.02105712890628 2.1726135015487675 1.1284790039062502 1.3070888519287112 282.94137573242193 -0.019670903682708737 5.4359502792358407 -0.98957186937332142 3.7681045532226567 3.4783353805541997 -36.432970046997063 267.40522766113287 12.525572776794435 15.861076354980471 -0.37940952181816096 23.166666984558109 0.064447402954101576 0.12940952181816109 255.59030914306643 1.7672219276428225 43.73332595825196 101.63888931274415 42.145467758178718 -2.7966600656509395 11.179813385009767 247.43756103515628 22.1867790222168 43.324432373046882 203.82353210449222 261.91014099121099 258.72836303710943 278.81596374511724 -0.99594497680664051 265.19194030761724 -28.591924667358395 -26.570807456970211
decision_type=2 2 2 2 2 2 2 2 2 2 2 2 2 2 2 2 2 2 2 2 2 2 2 2 2 2 2 2 2 2 2 2 2 2 2 2 2 2 2 2 2 2 2 2 2 2 2 2 2 2 2 2 2 2 2 2 2 2 2 2 2 2
left_child=5 4 3 -3 -2 11 36 8 15 12 -11 -1 13 14 21 -4 -17 33 19 20 35 22 -6 -23 -24 -9 38 59 29 -7 -27 -20 -33 56 -35 -19 -5 54 42 40 -21 -36 52 44 48 47 -46 -45 49 51 -51 -12 -10 58 -38 -43 -8 -31 -15 -13 -61 -62
right_child=1 2 7 6 9 28 17 25 26 10 43 27 -14 53 -16 16 -18 18 31 39 -22 23 24 -25 -26 30 -28 -29 -30 57 -32 32 -34 34 41 -37 37 -39 -40 -41 -42 55 -44 45 46 -47 -48 -49 -50 50 -52 -53 -54 -55 -56 -57 -58 -59 -60 60 61 -63
leaf_value=-0.046084142730797806 0.019527713128395432 0.40436011666041038 0.21453158719533075 -0.052845234125974284 0.053168904641677422 0.37634136020916192 0.2509574580348557 -0.019498547519768657 0.40924167712295367 -0.0028572876662557069 0.42877687072330062 0.0043292051972730486 0.017239577906547648 0.077528254210940867 0.11196282898101549 0.018893349389390024 0.22859029356709182 0.34051386702693515 0.031664049165658049 0.11977767480540927 0.15436341006014076 1.0961953143275609 0.29507232098817687 0.28303862175034911 0.64354832116061922 0.40538454658577372 0.35870197648205493 -0.023003935751084142 0.53780648172305356 -0.0054960897126621264 0.065519914770148249 0.11699598881171971 0.41173527786445607 0.28255599262678216 -0.014525478028702908 0.62496773597223054 0.18475908850373313 0.076812436204873838 0.044508969699176337 0.094749220636031667 0.41082443765652521 0.083065190729792182 0.10088021390106297 0.24486419448209193 0.019407370438767557 0.1128259148906916 0.26811354090416289 0.54530554163789269 0.35744730929038532 0.22322118458026663 0.086313510359791346 0.18237552837953233 0.13954113527891385 0.27818888728528579 0.00091626057159932312 0.25509192819291621 0.053124250502799099 0.2931862981279687 0.24654897402093248 0.030197307567216281 0.66396461992015787 0.12992759623506095
leaf_weight=2066.5817492881324 29.252161764074117 5.5129280616529277 6.239937297999858 16.056329145561904 2.8847780332434914 2.1089765594806495 3.1142152473330489 152.25377684272826 3.5806376766413477 26.370788981905207 4.2468375861644727 13.618842936120929 4.9867997989058486 11.468884802423419 4.5223109843209377 229.98071447922848 5.1914502363651982 4.4362478496041149 25.0641496819444 4.9058461147360504 3.8739105910062772 1.0031076625455169 4.2602073661982995 0.90001549804583092 3.8782652523368633 1.8653266117908041 3.0539135045837602 286.95167062547989 1.1043551897164441 6.6955043605994415 6.4771636307705194 17.859951153397564 2.4805225292220703 6.4880234836600748 7.1106701954267946 3.2488428957294673 3.9614058174192897 91.236706887139007 25.145924493204802 12.159539213869719 4.5523465669248271 9.7982683433219808 15.506900193635373 5.4318708311766404 24.604843523819003 8.9231568989343923 5.8829051135107866 3.9178754398599267 6.6608454752713433 15.097565226722507 21.74021522141993 6.3441158954519778 3.8810041435062885 9.5293665886856598 66.144269968848675 7.079300755634903 84.074319718871266 1.60124821588397 5.8878674400039044 8.7058551516383869 1.680144237354398 1.6646520867943753
leaf_count=601603 503 135 53 2244 431 331 281 36468 338 5743 182 2934 344 849 411 11393 235 231 2343 195 289 227 271 177 242 352 403 79456 84 1374 1358 1678 273 224 166 236 41 7904 1615 645 286 308 800 235 1430 200 260 272 150 401 548 508 188 545 4704 242 6687 317 116 2342 396 368
internal_value=-0.00833292 0.0670827 0.0496202 0.0802632 0.13703 -0.0411441 0.0754813 0.0239823 0.0432578 0.156281 0.132008 -0.0421082 0.219878 0.24267 0.33051 0.0284596 0.0235224 0.108288 0.148298 0.233566 0.358077 0.40697 0.354369 0.711641 0.461133 -0.0111346 0.113076 -0.0158253 0.158147 0.117854 0.141511 0.0859933 0.152939 0.0815676 0.142725 0.460766 0.0391893 0.0483483 0.0974855 0.166989 0.259862 0.104905 0.155484 0.166587 0.149688 0.244804 0.0673976 0.37076 0.196072 0.173408 0.142424 0.281179 0.268963 0.185664 0.0113045 0.155222 0.0601905 0.0521487 0.134865 0.0644225 0.132336 0.398183
internal_weight=3430.84 1040.13 832.335 379.158 207.795 2390.71 373.645 453.177 292.58 178.543 129.221 2379.2 49.3216 44.3348 17.4487 241.412 235.172 196.246 78.5814 33.1767 11.559 12.9264 11.0233 1.90312 8.13847 160.596 51.1684 312.621 11.5101 10.4057 8.34249 45.4046 20.3405 117.665 30.4763 7.68509 177.399 161.342 48.1145 21.6177 9.45819 23.9882 22.9685 102.85 84.5773 18.2729 30.4877 9.34975 54.0896 47.4287 36.8378 10.591 7.46164 26.8861 70.1057 16.8776 87.1885 8.29675 17.3568 25.6695 12.0507 3.3448
internal_count=785565 96360 82315 29112 14045 689205 28977 53203 15025 13542 9929 687099 3613 3269 1759 11681 11628 14084 6176 1882 756 1348 944 404 513 38178 3344 85496 2106 2022 1710 4294 1951 7908 940 467 14893 12649 2941 1126 481 716 1326 4186 3479 707 1690 507 1789 1639 949 690 526 1510 4745 550 6968 1691 965 6040 3106 764
is_linear=0
shrinkage=0.05


Tree=4
num_leaves=63
num_cat=0
split_feature=38 49 40 38 27 49 4 21 49 49 54 38 49 36 11 49 49 45 37 51 13 52 17 53 54 40 23 44 54 55 34 29 49 46 41 11 34 25 49 17 9 17 29 15 36 54 54 5 54 19 36 5 49 29 46 54 43 1 29 25 52 40
split_gain=3063.43 308.419 237.304 177.775 144.944 131.264 123.065 109.922 150.427 91.7094 104.005 89.2363 86.8378 87.8099 80.0698 95.5546 73.9358 78.9662 73.6467 69.723 67.8764 66.9925 64.0304 60.9445 57.5688 58.6618 69.149 56.2258 54.9171 79.8897 85.995 54.7461 127.815 54.1285 64.5758 51.8261 58.3472 66.7913 50.562 62.29 57.0706 71.2109 81.843 53.5337 74.4236 62.6563 49.1044 53.2353 84.0146 59.1555 49.0996 73.9917 80.1067 100.202 61.4188 52.6322 48.1179 46.8452 52.6127 59.562 45.6893 43.1323
threshold=-7.1176528930664054 256.60597229003912 6.7843093872070321 -13.882347106933592 2.9653835296630864 257.70365905761724 207.11548614501956 -35.744510650634759 270.83627319335943 274.31605529785162 0.78656607866287243 -3.4705886840820308 275.89672851562506 216.17646789550784 257.98048400878912 267.04945373535162 258.98173522949224 -0.30794334411621088 271.44154357910162 19.238735198974613 -36.984205245971673 4.8759970664978036 -3.4146156311035152 182.25000000000003 -0.7865660786628722 5.9608001708984384 -7.0733015537261954 2.8845443725585942 -0.37940952181816096 -0.6035533845424651 19.497643470764164 0.97279691696167003 255.59030914306643 6.6091613769531259 4.9857223033905038 270.39962768554693 3.9573513269424443 3.4079408645629887 255.59030914306643 0.44061279296875006 215.74754333496097 -0.99594497680664051 11.094322204589846 -0.98665618896484364 212.64705657958987 -1.0000000180025095e-35 0.78656607866287243 223.57719421386722 0.37940952181816107 -4.1660046577453604 199.11765289306643 205.86235046386722 257.70365905761724 28.935934066772464 -0.27423334121704096 0.37940952181816107 4.0691833496093759 268.34782409667974 4.8646564483642587 -0.099399089813232408 10.639651775360109 36.490203857421882
decision_type=2 2 2 2 2 2 2 2 2 2 2 2 2 2 2 2 2 2 2 2 2 2 2 2 2 2 2 2 2 2 2 2 2 2 2 2 2 2 2 2 2 2 2 2 2 2 2 2 2 2 2 2 2 2 2 2 2 2 2 2 2 2
left_child=3 4 5 22 -2 -3 -5 -7 14 10 21 24 13 50 16 -16 33 -18 31 -17 -20 -10 -1 -12 25 -6 -27 38 29 30 -14 32 -8 34 56 36 -11 -38 61 40 -40 42 -42 44 -43 -46 47 48 49 60 -4 55 53 54 -53 -52 -9 -22 59 -59 -39 -13
right_child=1 2 12 6 11 7 18 8 9 35 23 27 28 -15 15 19 17 -19 20 -21 57 -23 -24 -25 -26 26 -28 -29 -30 -31 -32 -33 -34 -35 -36 -37 37 46 39 -41 41 43 -44 -45 45 -47 -48 -49 -50 -51 51 52 -54 -55 -56 -57 -58 58 -60 -61 -62 -63
leaf_value=-0.04516782668464283 0.0036837246887670818 0.34028073881076526 -0.0015259384503555811 0.60436716563814141 0.42412581722423992 -0.03479014588744412 0.54083354407448458 0.28757513780028215 0.31447594578618693 -0.0073962385836313432 0.23511713459858177 0.14661754675946748 0.53618410777903436 -0.01787967163786177 -0.01143955053606651 0.1391179402852343 3.5272394351542127e-05 0.062017879999949871 -0.0086879910446490665 0.45050978858132135 0.092196830678057631 0.12439392573327696 0.093908642471881132 0.55542879901014874 -0.034648196695810353 0.02809532363436968 0.36320105380990608 0.32098912851395411 -0.021701680605858118 0.061129135130375836 0.17102803310064685 -0.021483700167410906 0.028598760269902476 0.3033832993051222 0.010701664491077638 0.26391222238136175 0.34179425726410956 0.29920831334104853 -0.049011697416091099 0.21998470932870262 0.32927783347744677 0.49906880778227614 -0.025744940072348191 0.1095459586890252 -0.052030031517371511 0.34106142605907136 -0.0033677093992645216 0.026475073295680159 0.32845675365149146 0.021212914789079579 0.087481265645064338 0.27017385066275595 0.016894661425981373 -0.014893971166546139 0.071078576176782038 0.26904398989117373 0.06332220794884115 0.51241692750217993 0.59142035465019149 0.042151552529865785 0.098975596915380271 0.2592483598018312
leaf_weight=2080.852811166551 26.427195821423084 4.5825437977910033 71.262217193841934 0.83892080839723249 1.3691681073978568 23.116653240984306 1.2667678906582285 5.5343636763282174 5.0246353684924534 18.138239741325378 4.1658929227851322 105.88550147367641 2.0457407371141052 137.57323549548164 3.987554594408719 3.620461547980085 81.823874447727576 138.13434792892076 12.047315145377071 3.5704259981866926 9.4707273466046882 59.833016558317468 8.309020630316807 2.3075934089720249 12.678398543270303 10.195743318647144 1.8132128603756417 4.2247016141191116 6.9860530155710867 13.886413177708164 7.6105404829140753 193.32406427757815 31.521422513527796 3.8497492875903836 10.205652523552997 3.6323224147781721 2.6309937834739676 4.9814405986107921 7.6247326605953267 8.9738629246130568 1.8370187082327856 2.3547751470468965 13.95591239328496 20.099058243911717 2.0156919620931175 2.0393194137141082 12.398275613086296 12.870382832596077 5.3042370311450204 10.550958749372512 13.853620981331916 9.7060079907532799 109.3841805269476 9.3589795501902682 6.4463683217763927 5.6070197522640219 4.212974667083472 0.9772582876030359 1.0910094440914688 2.164969590259715 6.6550605935044587 9.2421056781895441
leaf_count=632524 296 141 386 47 148 2769 88 297 271 955 378 4198 328 33015 407 370 5187 7536 3282 243 2188 2417 1255 220 2491 1832 272 77 1465 1562 741 52502 6217 135 748 462 179 407 223 123 126 150 2123 528 225 193 1119 2208 292 496 480 226 5179 584 288 475 184 177 303 539 577 192
internal_value=-0.00794751 0.0627706 0.0484763 -0.0398235 0.113871 0.0741048 -0.000213477 0.0712452 0.0773211 0.117326 0.158194 0.128124 0.0204126 0.0136046 0.0540197 0.184871 0.0480191 0.0389605 -0.00222725 0.293731 0.0778901 0.13912 -0.0446147 0.349298 0.0416951 0.114045 0.0786924 0.140757 0.101405 0.137936 0.248389 -0.0113516 0.0483889 0.131728 0.0986087 0.0795459 0.0704383 0.0959257 0.136382 0.0987028 0.0769034 0.0995991 0.015551 0.149672 0.275493 0.145661 0.083665 0.110399 0.149689 0.106952 0.0328025 0.0486511 0.0355025 0.115287 0.190715 0.139793 0.190649 0.154002 0.292274 0.188408 0.184693 0.155659
internal_weight=3397.45 1055.59 824.852 2341.86 230.736 431.132 252.702 426.549 403.432 148.493 71.3311 204.309 393.72 363.192 254.939 11.1784 243.761 219.958 251.864 7.19089 25.7513 64.8577 2089.16 6.47349 26.0565 13.3781 12.009 178.253 30.5287 23.5427 9.65628 226.112 32.7882 23.8027 19.953 77.1619 73.5296 55.3913 174.028 58.9004 49.9265 42.3018 15.7929 26.5088 6.40979 4.05501 52.7604 40.3621 27.4917 22.1875 225.618 154.356 134.896 25.5114 16.1524 19.4606 9.74734 13.704 4.23324 3.14223 11.6365 115.128
internal_count=785046 85924 72727 699122 13197 27998 65343 27857 25088 9981 3286 12901 44729 40633 15107 1020 14087 12723 65296 613 6489 2688 633779 598 4743 2252 2104 8158 4096 2631 1069 58807 6305 1364 1229 6695 6233 5278 8081 3691 3568 3345 2249 1096 568 418 5099 3980 1772 1480 7618 7232 6277 1098 514 955 481 3207 1019 716 984 4390
is_linear=0
shrinkage=0.05


Tree=5
num_leaves=63
num_cat=0
split_feature=38 49 49 17 48 20 17 40 53 17 38 44 28 34 49 40 35 53 48 48 25 11 49 47 48 47 53 48 48 2 48 53 47 52 17 46 54 28 49 21 16 46 20 37 42 40 11 12 41 17 38 41 47 47 40 41 5 54 35 49 41 28
split_gain=2710.81 292.323 162.08 156.869 132.44 128.44 96.3877 88.1842 74.314 70.7943 62.2833 68.8746 63.5541 61.9163 52.7952 58.2548 80.4796 49.9784 49.0093 49.9959 71.405 66.1643 66.0474 94.0687 52.871 45.2087 49.6634 45.4899 45.0516 44.0964 40.4965 45.0582 42.1957 39.9064 39.8291 51.9403 39.5087 50.3931 43.5363 159.841 69.8829 58.5696 38.2388 37.1385 35.6739 39.3366 61.047 110.48 71.1657 63.9769 35.5224 35.1735 32.1466 40.5886 35.6838 56.874 73.4779 52.7938 46.2653 45.4148 32.1132 30.6051
threshold=-8.117637634277342 256.60597229003912 270.38075256347662 -4.806591033935546 0.49749177694320684 -33.557510375976555 1.0000000180025095e-35 0.098037719726562514 1193.0000000000002 -27.353998184204098 -3.0000076293945308 1.3367195129394533 2.8565769195556645 1.9892296791076662 258.98173522949224 8.039222717285158 11.458680629730226 859.75000000000011 0.90649205446243297 0.6227284073829652 8.5358028411865252 264.82698059082037 274.31605529785162 0.77526974678039562 0.66015982627868663 4.1753752231597909 22.250000000000004 0.42884278297424322 -0.51876229047775257 208.82292175292972 -0.42335101962089533 49.520833969116218 1.1138217449188235 4.3194870948791513 -0.99594497680664051 4.2579717636108407 0.12940952181816109 22.674619674682621 272.85017395019537 -17.732416152954098 -4.4326782226562491 3.2411613464355473 -30.412859916687008 240.56282043457034 4.1132049560546884 -2.2156906127929683 265.93986511230474 -26.634641647338864 0.40087740123271948 -15.929212570190428 -3.8823471069335933 1.977247476577759 7.3394865989685067 3.0238757133483891 19.470581054687504 39.171630859375007 211.81697845458987 0.12940952181816109 5.6375126838684091 254.46063232421878 25.773903846740726 2.0848741531372075
decision_type=2 2 2 2 2 2 2 2 2 2 2 2 2 2 2 2 2 2 2 2 2 2 2 2 2 2 2 2 2 2 2 2 2 2 2 2 2 2 2 2 2 2 2 2 2 2 2 2 2 2 2 2 2 2 2 2 2 2 2 2 2 2
left_child=3 7 4 9 6 -4 14 -2 -6 -1 12 52 -9 17 15 16 28 44 19 20 22 24 33 42 43 26 -8 61 -3 -5 31 -31 -33 -7 -22 -36 37 38 39 -26 -40 -42 -24 -21 -11 -46 -47 48 -48 -50 -25 -16 53 54 58 56 -56 -58 -12 -57 -14 -28
right_child=1 2 5 29 8 18 25 10 -10 13 11 -13 60 -15 51 -17 -18 -19 -20 21 34 -23 23 50 36 -27 27 -29 -30 30 -32 32 -34 -35 35 -37 -38 -39 40 -41 41 -43 -44 -45 45 46 47 -49 49 -51 -52 -53 -54 -55 55 59 57 -59 -60 -61 -62 -63
leaf_value=-0.047397630128923743 0.019115597362812289 0.22328646220855269 -0.019783437988973668 0.334635907122109 -0.0090641248909087858 0.26291370346592263 0.033116091480739455 0.36515810764871548 0.24941384284492216 -0.01593202704709519 0.070427333672894235 0.23291131313320335 0.068554295636161666 -0.031860436580278928 0.1223846367611611 -0.04327678405948629 0.36984580372699477 0.39678391851764738 -0.025021644354568419 0.15493885465717885 0.0055799002112545022 0.46453751845097663 0.20867598426709405 0.099212008849373395 -0.0080989787433863713 0.02168918886065627 -0.0049193496305733843 0.1925805069275307 0.043597118262863999 -0.024362479425799569 0.027909530416450279 0.072545970519119624 0.40164056735817077 0.12103073750271974 0.033850031237490433 0.20862491241791689 -0.038870965432057938 0.012537057810347236 -0.025961391773147342 0.85032065052895678 0.4117542540142336 0.12836773191374476 0.026281051160400182 0.39388941295762303 -0.010477034272910433 -0.0020582625824499649 0.60729244318864051 0.78937608063934384 0.0073876207342529381 0.45180055751443082 0.29905345629189212 0.0060095740325692504 0.22683550667097838 0.04552719918464198 0.18239403103887053 0.19307752676057718 0.015584040891796439 0.16232544393756418 0.17856333333832 0.085059349778263002 -0.035634633402602221 0.095098973543450246
leaf_weight=1684.6826830289792 29.573324576020241 4.544589303666732 33.40095320972614 1.5505554503761256 213.37533073220402 5.3327440386638036 40.697090504458174 1.5609742901287962 2.8174794744700185 29.106537514831871 13.083522512577472 13.173009612597523 26.434957262128592 442.33481386024505 6.7315484951250246 7.0484252818860105 2.8482809122651807 0.8949094086419781 9.7384126980323327 3.8559293374419203 40.052962166257203 1.5537729994393874 3.0459769698791197 3.973164286930114 1.1859043342992666 41.42996209138073 8.3258268698118609 11.322631915332748 15.006822534138339 1.9171271973755235 21.088818514952436 1.6250808525364844 2.4311918502207845 70.128964683739468 12.420991488266738 6.4627635669894508 4.3924280081409952 6.6653611944057038 4.0981820891611287 0.9991989191621603 2.811056264676151 5.1887884819880128 50.761925573693588 2.8119488516822457 8.7925982156302798 5.1120033557526749 0.76041709329001594 0.7726913581136613 4.3417932060547173 0.99550151568837453 5.0500728921033424 183.10467567178421 6.135551447980105 21.15404338715598 11.326967326924203 22.774892028421164 37.193023338215426 7.3388331916648886 40.540475280256942 16.989569684490561 10.268579771975054 94.013665860053152
leaf_count=537323 321 208 4383 50 28584 259 811 142 333 8309 173 382 3927 133129 292 1527 248 256 1795 322 6880 272 275 453 268 875 80 182 1198 320 4435 275 282 2710 449 288 1018 451 718 187 270 309 3740 338 2133 1084 199 106 1236 182 208 20291 113 653 168 398 2513 473 1768 610 2369 2429
internal_value=-0.00843413 0.0533476 0.039975 -0.0409922 0.0260377 0.072093 0.0425662 0.100348 -0.00569557 -0.0425204 0.110886 0.122623 0.0526941 -0.0258576 0.019799 0.0820898 0.121538 0.0264355 0.0848513 0.0894874 0.0798875 0.145901 0.0995275 0.0616593 0.130434 0.0680654 0.0805128 0.0974833 0.0853647 0.0753196 0.0604618 0.175386 0.269794 0.131057 0.033803 0.0936649 0.097471 0.126059 0.179035 0.384437 0.141936 0.227947 0.0366061 0.255708 0.0197912 0.0698407 0.128777 0.226127 0.154753 0.0902786 0.211058 0.0101362 0.114393 0.110345 0.119532 0.101223 0.0686887 0.039767 0.15218 0.146926 0.0394053 0.086962
internal_weight=3369.15 1162.75 905.198 2206.41 631.266 273.932 415.074 257.548 216.193 2177.79 227.974 189.71 38.2645 493.111 219.284 29.4481 22.3997 50.7765 240.531 230.792 197.23 33.5626 138.293 62.8311 32.0088 195.789 154.359 113.662 19.5514 28.6128 27.0622 5.9734 4.05627 75.4617 58.9367 18.8838 25.3409 20.9485 14.2831 2.1851 12.098 7.99984 53.8079 6.66788 49.8815 20.775 11.9824 6.8704 6.09771 5.33729 9.02324 189.836 176.537 170.401 149.247 95.6233 55.8588 44.5319 53.624 39.7645 36.7035 102.339
internal_count=785980 96661 82651 689319 57058 25593 28141 14010 28917 683957 13689 7251 6438 146634 23764 3181 1654 13505 21210 19415 15262 4153 7645 4676 3881 4377 3502 2691 1406 5362 5312 877 557 2969 7617 737 3221 2203 1752 455 1297 579 4015 660 13249 4940 2807 1723 1617 1418 661 20583 6869 6756 6103 4162 3154 2986 1941 1008 6296 2509
is_linear=0
shrinkage=0.05


Tree=6
num_leaves=63
num_cat=0
split_feature=38 49 40 17 40 36 17 20 48 49 49 17 49 49 32 32 3 49 50 3 23 32 49 9 29 17 49 37 38 41 38 39 40 31 15 49 41 51 36 13 29 41 40 28 35 55 53 40 52 20 13 31 21 43 17 41 51 46 48 55 30 35
split_gain=2494.2 250.121 158.036 102.492 100.501 75.8845 73.2421 69.3578 73.5683 70.6786 78.7641 63.6774 92.9359 63.5821 63.516 58.123 56.605 55.5217 55.0021 54.7441 54.6884 52.6611 51.828 50.9565 50.207 49.5642 49.5094 48.4202 44.3035 44.1517 56.813 50.6744 61.1029 78.7881 44.3534 56.2648 41.1679 39.9352 53.5573 74.9356 51.7974 51.2445 45.3243 104.97 39.4259 39.3488 38.3179 43.8144 41.7423 38.1469 36.2144 36.5925 43.5115 35.1004 61.6591 58.8687 33.2976 53.7113 38.6639 31.7384 47.6584 65.4522
threshold=-8.9411697387695295 256.60597229003912 5.4313735961914071 -2.8064270019531246 0.13726806640625003 220.88235473632815 -29.824495315551754 -33.943340301513665 0.096768677234649672 269.27120971679693 274.31605529785162 -0.37291717529296869 255.95982360839847 268.64752197265631 7.9451816082000741 8.0547995567321795 227.30834960937503 247.43756103515628 222.99001312255862 241.03601074218753 -25.071209907531735 21.546073913574222 254.46063232421878 228.82700347900393 5.7937564849853525 1.0000000180025095e-35 247.43756103515628 261.56500244140631 -1.5294113159179685 3.4945498704910283 -17.529411315917965 -25.587512016296383 -2.2156906127929683 0.11644601821899415 -26.231668472290036 277.57534790039068 4.360687494277955 56.461574554443366 220.88235473632815 -13.2936954498291 -1.848520755767822 6.3272812366485605 2.1372528076171879 0.12300968170166017 30.215231895446781 0.91597560048103344 21.916666984558109 -0.56863403320312489 4.1083009243011483 -1.7070164084434507 -25.956735610961911 21.993662834167484 -23.434196472167965 -0.56446838378906239 -1.2947235107421873 5.9811172485351571 21.627277374267582 6.4088649749755868 0.97297734022140514 0.37940952181816107 25.033315658569339 18.057141304016117
decision_type=2 2 2 2 2 2 2 2 2 2 2 2 2 2 2 2 2 2 2 2 2 2 2 2 2 2 2 2 2 2 2 2 2 2 2 2 2 2 2 2 2 2 2 2 2 2 2 2 2 2 2 2 2 2 2 2 2 2 2 2 2 2
left_child=3 4 7 6 -2 13 -1 -3 9 25 14 12 19 18 37 -10 21 -8 24 26 -21 -17 -22 56 -4 46 53 -7 -28 30 -19 32 -32 -34 -35 -36 -27 38 41 40 -40 -11 43 -41 45 -5 -9 -48 -49 -26 -29 52 -52 54 55 -6 57 -13 -58 60 61 -15
right_child=1 2 5 44 11 27 17 8 15 10 -12 23 -14 59 -16 16 -18 29 -20 20 22 -23 -24 -25 49 36 28 50 -30 -31 31 -33 33 34 35 -37 -38 -39 39 42 -42 -43 -44 -45 -46 -47 47 48 -50 -51 51 -53 -54 -55 -56 -57 58 -59 -60 -61 -62 -63
leaf_value=-0.047849621186114306 0.0032849881009863664 -0.010987823114132392 0.19183477547123434 0.021385343341168834 0.3289533944519592 -0.017319969101554141 0.27335079149404723 -0.035071885518639594 0.31854779370078079 0.061288005023825844 0.038831878964682098 0.1886486951946855 -0.0066165942099272708 0.048404998691737824 0.017710926936070705 0.2197860574217475 0.0089760844814470841 -0.022428776109359512 0.15725455849615874 0.0020496314555877851 0.14113430596281692 0.070902072390758505 0.4613834128060525 0.23791581386796576 -0.023625643001211828 0.16504552735179945 0.0080694753669302861 -0.0095164805548458818 0.095898655106992706 -0.034237646992061159 0.0064366708683299455 0.0061917813058085351 0.63792504209092793 -0.05019224807127786 0.12625876854769322 0.50392460140732731 0.053748159862251781 0.0043393927225874726 0.27618486203721154 0.15275356582837235 0.054075605165452394 0.16277028872875632 0.11926377861345727 0.44001971292667164 0.32384596205809008 0.24646347854141434 -0.04229743676310059 0.23021577312517005 0.038593836018878863 0.023082453378171677 0.14920730621119402 0.015412096399167581 0.51065959611259071 0.10013822817173741 0.383803358731785 0.067545485318731016 0.046294910492975669 0.084504694721417611 0.15632254635353471 0.001696019662176018 0.061238431255415227 0.2604273433666518
leaf_weight=1542.9449634701014 29.794237991096452 35.678909738082439 3.8664031075313678 11.10039970744401 2.9017155603505662 164.07775026210584 1.5422296419274051 27.685730129713193 3.6303980420343569 32.882257511839271 75.087452864972875 29.947745881509036 25.648262590635568 6.6662712674587956 17.442903587361798 12.689659299328925 10.119384305318816 70.316697669448331 6.834556682733818 1.8622388043440876 2.2807691947091362 11.164913121378047 2.832153687486425 10.167514875996856 60.606664195889607 9.2086062296293658 25.659292379161343 4.9084861651062965 32.600555662065744 420.73960802867077 5.2862757933326066 18.618187067564577 1.016809232300149 1.7515835512895126 3.1147326473146686 1.4431121726520357 85.014228095766157 6.7214281950145951 3.3355905469506952 6.1594889000989514 12.320102461613715 20.009303656406701 4.6912382966838768 6.574350178707391 1.5926050606649358 2.3535009073093525 17.17495324765332 2.9376757554709902 87.276619577780366 156.82722088973969 2.5036724947858606 2.2797648957930505 1.2474623727612177 43.979536322876811 3.195229845121502 8.3547959222923946 24.059815130662173 21.105530911590904 11.95010248525068 13.840758699690921 47.996450721984729 8.0181817640550417
leaf_count=516019 326 4846 198 1498 82 40258 223 2396 319 437 5952 656 3396 379 1566 720 1980 22508 388 222 126 498 371 216 8073 207 4487 1141 1448 132352 1136 5020 157 487 744 270 1937 423 210 100 726 400 393 327 138 197 712 292 7438 3132 390 430 194 1443 134 669 543 383 101 1135 1976 702
internal_value=-0.00794875 0.048071 0.036088 -0.0414187 0.0900243 0.0157092 -0.0423653 0.056127 0.0614233 0.0553485 0.0783201 0.100507 0.0800013 0.0307825 0.105242 0.128387 0.108067 -0.0262111 0.0175535 0.0979657 0.234033 0.150102 0.318527 0.131996 0.013239 0.0367923 0.0898323 -0.0105293 0.0572162 -0.0270957 0.00249541 0.0586128 0.135995 0.229479 0.163654 0.245836 0.0646255 0.121713 0.13089 0.18079 0.101398 0.0996796 0.252121 0.301066 0.0886051 0.0607584 0.017377 0.0308986 0.0448337 0.0100632 0.0913232 0.173395 0.26941 0.122353 0.189956 0.134931 0.119626 0.145595 0.0828082 0.0702224 0.0853539 0.164176
internal_weight=3325.64 1243.82 967.479 2081.82 276.339 479.674 2066.77 487.805 452.126 414.522 185.224 246.545 149.315 304.657 110.137 37.6044 33.974 523.829 228.135 123.666 6.97516 23.8546 5.11292 97.2307 221.3 229.298 116.691 175.017 58.2598 522.287 101.547 31.2307 12.6125 7.32624 6.30943 4.55784 94.2228 92.6938 85.9723 33.0808 15.6557 52.8916 17.4251 12.7338 15.0465 13.4539 135.075 107.389 90.2143 217.434 10.9394 6.0309 3.75113 58.4313 14.4517 11.2565 87.0632 51.0533 36.0099 76.5217 62.6809 14.6845
internal_count=785627 104878 90275 680749 14603 58396 678916 31879 27033 23516 10534 14277 12378 15983 4582 3517 3198 162897 11791 8982 719 1218 497 1899 11403 12982 8263 42413 5935 162674 30322 7814 2794 1658 1501 1014 2144 3016 2593 1756 936 837 820 427 1833 1695 10838 8442 7730 11205 2155 1014 584 2328 885 751 1683 1039 644 4192 3057 1081
is_linear=0
shrinkage=0.05


Tree=7
num_leaves=63
num_cat=0
split_feature=17 49 17 49 41 48 52 15 38 26 34 40 48 49 48 0 21 48 48 25 42 42 17 49 17 48 54 48 49 31 48 52 48 52 52 54 51 48 26 29 29 48 9 40 47 48 40 2 38 40 4 13 49 4 17 34 42 38 45 42 38 31
split_gain=2150.31 210.134 145.216 130.48 106.618 92.002 67.8382 60.0663 54.4591 89.1404 80.4403 59.8768 53.5636 44.9671 44.3161 42.2895 52.4325 57.2279 66.0581 65.3248 62.5939 67.1612 38.1146 36.7766 51.9679 51.6266 47.8111 35.9482 42.0639 35.807 34.133 36.0751 53.9011 37.0979 33.8009 32.8672 32.7517 36.8117 31.7793 31.5102 40.177 83.8118 50.7165 42.1046 40.3188 41.389 61.9267 71.2773 94.1488 40.6297 38.0797 47.4446 40.5035 36.5891 50.0655 31.9591 30.5 29.9992 34.7819 29.3784 29.136 26.8609
threshold=-12.860662460327147 256.60597229003912 -4.5209541320800772 270.15548706054693 2.8278938531875615 0.49165558815002447 41.616329193115241 -37.387928009033196 -4.0588226318359366 2.8714599609375004 5.0017144680023202 16.19608306884766 0.47256284952163702 258.11538696289068 -0.3497984111309051 258.34552001953131 -5.1174039840698233 0.6227284073829652 0.9032464623451234 10.216177940368654 -9.1454620361328107 0.84214782714843761 -2.4757156372070308 255.59030914306643 0.44061279296875006 0.97297734022140514 0.37940952181816107 -0.07752364873886107 272.85017395019537 42.145467758178718 0.1445879936218262 10.639651775360109 0.93061417341232311 8.858396530151369 1.6373844742774966 -0.6035533845424651 4.4333763122558603 -0.22978341579437253 6.2811241149902353 0.14553117752075198 4.5004882812500009 0.1227008104324341 211.76081848144534 -1.2352905273437498 -1.6368780136108396 -0.37975081801414484 1.0980300903320315 215.24051666259768 -0.52941131591796864 0.92156982421875011 207.11548614501956 1.0000000180025095e-35 263.73217773437506 217.90249633789065 -1.8849182128906248 5.1547482013702401 5.8932647705078134 -0.17647552490234372 -0.026453018188476559 9.6923141479492205 0.64705657958984386 1.8302873969078066
decision_type=2 2 2 2 2 2 2 2 2 2 2 2 2 2 2 2 2 2 2 2 2 2 2 2 2 2 2 2 2 2 2 2 2 2 2 2 2 2 2 2 2 2 2 2 2 2 2 2 2 2 2 2 2 2 2 2 2 2 2 2 2 2
left_child=7 6 4 5 59 12 8 -1 9 -2 -10 14 39 -14 -12 16 17 19 20 27 -19 -22 -23 29 25 26 -25 28 35 30 -13 32 33 -32 -7 -5 -16 -38 -30 -4 41 42 -41 -44 -45 49 47 -47 53 -46 51 52 -42 -49 -55 -51 -6 -18 -59 -3 -52 -9
right_child=1 2 3 15 56 34 -8 61 10 -11 11 23 13 -15 36 -17 57 18 -20 -21 21 22 -24 24 -26 -27 -28 -29 38 -31 31 -33 -34 -35 -36 -37 37 -39 -40 40 50 -43 43 44 45 46 -48 48 -50 55 60 -53 -54 54 -56 -57 -58 58 -60 -61 -62 -63
leaf_value=-0.04810730939023386 0.35407762062493947 0.039037079842867362 -0.027456562636556048 0.078930524319903855 -0.023785236359099023 0.1733554451854985 -0.023326878013654954 -0.0050381409458743372 0.003036985623324205 0.0086298784331025787 0.025171858028827071 0.18626135974718885 0.18752528867802351 0.031334252791182501 0.26037532663371976 0.022429723809254898 0.03828043665713108 0.45564353733928842 0.014048509989903705 0.021401720189093906 0.097949989397117243 0.4466225613435304 0.17725701169628455 -0.020796371887903693 0.14989938195315372 0.14954729230337099 0.14843565707037285 0.22931028591941077 0.042358152377605512 0.17649828970008791 0.047699934396757529 0.045340611325662306 0.24758563171230979 0.1912591338466188 -0.0067136206810686026 0.22336975872611867 0.25423344942364168 0.12525012877137032 0.17647483364489547 0.17833040451929141 0.047677504665738002 0.26631353918666179 -0.027952251887881859 -0.024833126533726799 -0.013656848599050678 0.053362243138529199 0.042145249168396633 0.029823555255307107 0.43119027837652085 0.15982115820583309 -0.00032302699865322058 0.037406410895195016 0.23603224136655399 0.083063345616433457 0.38150324895634657 0.020971454283425481 0.0106331379345287 0.1667904612821525 0.046150635570735468 0.11981087943206999 0.083458332269019483 -0.033773598294218742
leaf_weight=1394.2809952741954 1.968543545808642 29.361108865588903 18.04126322735101 6.4322507823817459 173.44997579022311 2.6489974304568014 16.212356142234057 101.33548734732904 23.796812846325338 36.364994315430522 8.1698752362281066 7.8547925045713773 11.167980501195418 7.8451623038854441 5.9579463733825824 35.218722949037328 68.663077559554949 2.5550201321020767 4.6122898091562083 25.083373371744528 8.3830839230213297 2.9152296539396048 2.389808686915786 32.212016555014998 10.199525513220577 6.961503693368285 4.7947556916624299 6.5320777471642932 23.532872567418966 13.162948724813758 18.086077225161723 40.247131636366248 6.3105650348588815 5.9907743046060196 160.8970263323281 10.158848375547676 6.1251032697036853 57.098206167342141 5.4374720763880751 7.7404457791708401 5.4312249496579152 4.8702610349282613 16.409197218483314 12.45516425045207 20.665240516653284 9.1398364766500908 20.651494249235839 3.9296751972287876 4.1885507404804221 8.4126255463343131 104.31056779529899 75.35451931739226 6.0152348154224455 2.8802683134563258 2.7441662955097863 8.1679132529534382 102.34666306711733 11.344284405466171 12.622446299064903 18.256809561513364 11.523449996951966 411.84298041835427
leaf_count=487934 115 3711 331 253 46364 292 1347 30520 246 6817 345 196 142 395 227 2749 2906 185 666 2636 708 310 152 2579 113 171 90 533 1024 173 637 1543 157 225 15575 367 122 1866 377 174 225 213 353 789 714 177 1117 121 90 345 8189 1230 316 297 137 500 20540 249 177 665 155 134242
internal_value=-0.00835563 0.0392772 0.0289293 0.0409871 0.000916019 0.0273264 0.0761638 -0.0427244 0.0818174 0.0263697 0.0904238 0.0997419 0.0413896 0.123078 0.135301 0.0727673 0.0820655 0.107553 0.181042 0.0876942 0.228461 0.186055 0.325279 0.0808792 0.0482168 0.024629 0.00113005 0.119614 0.103888 0.100183 0.0873848 0.0763894 0.117512 0.0834202 -0.003797 0.167372 0.148307 0.137746 0.0675306 0.0368606 0.0404321 0.0630689 0.0546364 0.045904 0.0589026 0.0718136 0.104918 0.16157 0.233536 0.0331202 0.0267748 0.0518137 0.14666 0.146884 0.228672 0.0914209 -0.0110128 0.0550914 0.103254 0.0700059 0.00801175 -0.0280993
internal_weight=3283.76 1376.3 1074.79 751.371 323.415 525.49 301.514 1907.46 285.302 38.3335 246.968 223.171 361.944 19.0131 77.3511 225.881 190.662 98.0323 20.8554 77.1769 16.2431 13.6881 5.30504 145.82 54.1678 43.9683 37.0068 52.0935 45.5614 91.6523 78.4893 70.6345 30.3874 24.0769 163.546 16.5911 69.1813 63.2233 28.9703 342.931 324.89 122.255 117.385 109.644 93.2349 80.7798 43.534 22.8825 13.7427 37.2458 202.635 86.801 11.4465 9.55411 5.62443 16.5805 275.797 92.6298 23.9667 47.6179 115.834 513.178
internal_count=786114 133418 116449 45169 71280 31877 16969 652696 15622 6932 8690 8444 16010 537 2560 13292 10543 7211 2021 5190 1355 1170 462 5884 2953 2840 2669 2554 2021 2931 2758 2562 1019 862 15867 620 2215 1988 1401 15473 15142 5027 4814 4640 4287 3498 1939 822 645 1559 10115 1771 541 555 434 845 66904 3332 426 4376 8344 164762
is_linear=0
shrinkage=0.05


Tree=8
num_leaves=63
num_cat=0
split_feature=17 49 29 49 5 15 53 52 49 52 49 49 47 53 54 49 19 21 48 36 43 1 49 35 49 36 50 47 50 41 28 15 55 48 41 2 36 34 26 50 36 52 46 12 4 15 48 50 26 11 41 41 49 49 49 31 21 42 47 17 47 52
split_gain=1947.72 179.683 119.451 88.1363 77.5639 74.2353 57.099 53.2482 50.2482 47.744 47.0031 44.7053 61.8447 42.6409 53.2763 84.6371 42.4008 50.8062 41.0134 40.4401 66.056 62.2153 40.9109 59.3273 58.2489 41.41 47.1959 56.7094 62.4738 36.9218 54.7501 37.1978 56.6484 52.1552 38.6455 35.6346 35.5471 35.494 65.21 36.7847 46.5076 36.1062 35.2633 35.1743 43.9561 35.3785 44.4317 35.1373 33.4663 32.8151 39.4298 38.1139 32.2875 36.0515 33.5804 32.1376 31.9094 31.8155 52.9773 39.4042 45.9044 43.2142
threshold=-11.750988006591795 256.60597229003912 6.8392353057861337 257.70365905761724 219.31372833251956 -37.387928009033196 1089.1666564941409 88.222122192382827 282.48001098632818 41.616329193115241 269.27120971679693 282.94137573242193 -2.6776723861694331 1193.0000000000002 0.78656607866287243 273.15556335449224 -43.92094421386718 -40.311868667602532 0.8994269371032716 233.23529815673831 0.24961090087890628 209.90262603759768 272.17034912109381 5.4733462333679208 272.85017395019537 216.17646789550784 14.153999328613283 -0.07611531019210814 35.797695159912116 3.6906306743621831 1.7504482269287112 -4.1720428466796866 0.12940952181816107 -0.18589657545089719 12.330671787261965 274.94645690917974 226.76470184326175 24.151361465454105 16.021578788757328 174.94255065917972 213.82353210449222 13.974009513854982 0.83885860443115245 -3.4589500427246089 213.36898040771487 -3.4226150512695308 -0.45884189009666437 14.898769378662111 8.006136894226076 253.43865966796878 3.1738049983978276 0.40087740123271948 267.40522766113287 258.98173522949224 275.56561279296881 7.8783202171325692 -20.296152114868161 21.188232421875004 -1.8748136758804319 -21.517942428588864 -0.18050256371498105 13.363667011260988
decision_type=2 2 2 2 2 2 2 2 2 2 2 2 2 2 2 2 2 2 2 2 2 2 2 2 2 2 2 2 2 2 2 2 2 2 2 2 2 2 2 2 2 2 2 2 2 2 2 2 2 2 2 2 2 2 2 2 2 2 2 2 2 2
left_child=5 9 3 -3 6 -1 10 16 48 29 -4 12 -10 57 35 -16 -5 42 -12 20 22 -22 23 25 -24 -19 -27 -28 -29 -2 -31 32 -32 -34 -35 -15 43 38 -33 40 -39 -40 -18 44 -26 46 -46 -36 -6 -21 51 -51 53 -23 -54 -45 -48 -7 -59 -60 61 -61
right_child=1 2 4 7 8 13 -8 -9 11 -11 18 -13 -14 14 15 -17 17 19 -20 49 21 52 24 -25 36 26 27 28 -30 30 31 37 33 34 47 -37 -38 39 41 -41 -42 -43 -44 55 45 -47 56 -49 -50 50 -52 -53 54 -55 -56 -57 -58 58 59 60 -62 -63
leaf_value=-0.048045370913481704 0.00055644231282780336 0.19411888014625622 0.012107780746514656 -0.030972928996745887 0.17204947477804419 -0.030511561920380632 0.13794995207444291 -0.046759483148222647 0.38147015603554757 -0.016752811819291877 0.07417832282737663 0.01022049937909199 0.053839083830522619 -0.050165995794184487 0.79645719309115437 0.016587720571439542 0.067521516054589226 0.037927794977878432 -0.042706351867477878 -0.021686173279813616 0.18252130363401331 0.078696162804538561 0.24028125906941278 0.030583947028875964 0.26350755098602202 -5.2476446207781197e-05 0.098860523426656036 0.41553926124582174 0.16421287064206097 0.27040944492341346 -0.0060639396168651093 0.09011241059505555 0.022396875625647086 0.28389259272203443 0.23276568990222596 0.31900378938787888 0.0079229766639729703 0.088005444176907519 0.14705727081216044 0.17555229851092169 0.028467413270165016 0.31170694624357365 0.43057104160602366 0.1184526436706836 0.052921680185962619 0.04046050869310714 0.12498097379550954 0.052340056107885384 -0.021955971073974647 -0.02569776556700118 -0.01020886239805475 0.12561766549931366 0.065214430500493165 -0.0090128879766884339 0.0073952209129111842 -0.025442946841769089 0.32866151604815941 -0.037190108408963155 0.0068641768696062174 0.43489741283207572 0.017726493355570069 0.12329895063428541
leaf_weight=1329.0857446123846 15.942512120585887 9.6135610423516464 250.84056888846681 18.036854283185676 2.248289117589592 495.89301028545015 10.995220505166797 16.605757630197331 2.3110784071031958 15.038962388876824 58.567559888120741 11.536532104248179 3.8230594433844116 3.3431542557664207 0.64957719342783071 0.74911467032507062 1.2378401756286614 16.674884480424225 8.6080552674829942 36.415661325445399 6.7127668205648652 13.940227869199587 7.2263160219881675 78.329565214924514 5.883020589593797 5.2993458406999734 14.488864980638033 3.7375038047321087 7.306354972999543 3.6785102267749599 30.762403731234372 44.792270624777302 15.456581942969931 4.0634651314467218 3.8679546939674756 0.81254424969665695 10.792515619890763 96.798917848616838 8.1240359675139171 8.378626673948018 49.610504861921072 5.6420799554325631 1.4551077638752756 7.9525736658833939 5.2984230336733145 10.154750327579679 3.3932859860360605 8.9245436177588982 196.84787965216674 5.525873298058289 18.628429098287597 16.855691782431677 73.821512221125886 73.424216116080061 38.058449007337913 7.5774204102344811 4.4376425794325787 17.429590492276478 6.8673281299415976 2.1555031228344887 2.8731410081963968 2.2999597783200443
leaf_count=487658 175 171 10726 3607 491 164654 345 1932 151 1301 2718 1931 410 1059 189 246 226 350 431 7586 126 726 217 4489 147 329 661 235 391 90 5354 1020 1077 252 337 256 1193 1572 312 158 3404 222 332 196 221 539 305 856 50679 615 4182 1069 3442 3450 2531 200 257 4198 1722 346 547 392
internal_value=-0.00839087 0.0367262 0.0269587 0.044135 0.0106287 -0.0417229 0.0259284 0.0413038 -0.0125934 0.0701553 0.0220553 0.0682117 0.177276 -0.0259595 0.111854 0.378773 0.044272 0.0471315 0.0592004 0.0458958 0.0523799 0.0328038 0.0737629 0.0573208 0.106753 0.101404 0.135735 0.163917 0.249268 0.0745702 0.0787829 0.0762328 0.0424997 0.0887335 0.149563 0.022016 0.0893642 0.0862059 0.119363 0.073662 0.0678311 0.214539 0.263692 0.109029 0.141394 0.110541 0.164744 0.106894 -0.0197652 0.0128572 0.0435307 0.0882588 0.0277597 0.00498233 0.0455459 0.0482429 0.240403 -0.0274106 0.0212128 0.0929192 0.173558 0.274047
internal_weight=3237.9 1375.74 1064.66 518.884 545.778 1862.16 329.011 509.271 216.767 311.081 318.016 17.6707 6.13414 533.073 5.55439 1.39869 492.665 474.628 67.1756 471.935 394.51 205.957 188.552 125.837 62.7159 47.507 30.8321 25.5327 11.0439 296.042 280.1 276.421 63.0749 32.3125 16.856 4.1557 55.4896 213.346 58.5584 154.788 146.409 13.7661 2.69295 44.6971 29.1671 23.2841 13.1294 12.7925 199.096 77.4257 41.01 22.3816 199.244 87.3644 111.88 15.53 7.83093 527.519 31.6255 14.1959 7.3286 4.45546
internal_count=785004 123737 107607 39725 67882 661267 14220 39554 53662 16130 13875 2492 561 173609 1750 435 37622 34015 3149 33457 20005 10275 9730 6455 3275 1966 1616 1287 626 14829 14654 14564 7876 2522 1445 1315 3058 6688 1554 5134 4976 534 558 1865 1469 1322 783 1193 51170 13452 5866 1684 10149 4176 5973 396 562 171859 7205 3007 1285 738
is_linear=0
shrinkage=0.05


Tree=9
num_leaves=63
num_cat=0
split_feature=17 49 17 33 29 49 14 49 49 36 5 40 40 48 48 48 40 49 23 54 51 17 48 44 5 49 36 54 33 12 28 11 52 52 55 46 40 49 44 41 51 54 23 16 41 12 54 4 43 49 52 37 4 4 5 28 34 46 36 48 29 42
split_gain=1944.68 152.333 101.642 85.1234 79.1085 66.6895 61.0774 58.3714 63.9472 59.768 57.0152 54.1125 57.9013 50.5396 46.3601 112.132 139.904 47.5389 62.6011 60.1435 100.411 45.6662 61.6592 36.3303 33.961 32.7966 34.1752 32.0439 33.7667 31.9308 47.011 39.31 46.1448 47.7512 31.51 33.9092 32.6992 37.176 31.1315 65.7722 63.5557 83.4943 51.3222 33.7184 30.1624 30.0285 47.671 42.1542 29.586 29.4885 36.087 29.4304 28.9141 77.268 28.4353 28.0789 87.6212 101.558 36.0161 27.4773 27.3383 26.8442
threshold=-12.860662460327147 256.60597229003912 -4.5209541320800772 5.8571696281433114 15.019815444946291 258.38572692871099 -38.48292160034179 272.17034912109381 274.31605529785162 220.88235473632815 252.14149475097659 12.372558593750002 15.549011230468752 -0.2346743047237396 0.91809886693954479 0.91453474760055553 28.66666412353516 268.64752197265631 -1.2585433125495908 0.60355338454246532 10.704014778137209 -0.70683670043945301 0.79746490716934215 0.50603103637695324 218.3474044799805 256.94619750976568 197.35294342041018 0.78656607866287243 5.8571696281433114 -0.98265075683593739 3.12291431427002 257.33569335937506 10.197713851928713 21.702431678771976 -0.6035533845424651 6.4088649749755868 28.66666412353516 254.46063232421878 -4.1017856597900382 2.9944320917129521 100.114559173584 -1.0000000180025095e-35 -44.897481918334954 -26.825311660766598 13.920842647552492 -43.174888610839837 -0.91597560048103321 240.13414001464847 0.13984680175781253 287.28868103027349 81.520008087158217 219.35003662109378 261.73628234863287 263.89553833007818 209.49958801269534 2.9614410400390629 5.0772407054901132 2.3853025436401372 219.11765289306643 0.8994269371032716 31.354249954223636 9.2958908081054705
decision_type=2 2 2 2 2 2 2 2 2 2 2 2 2 2 2 2 2 2 2 2 2 2 2 2 2 2 2 2 2 2 2 2 2 2 2 2 2 2 2 2 2 2 2 2 2 2 2 2 2 2 2 2 2 2 2 2 2 2 2 2 2 2
left_child=6 21 3 45 5 23 -1 29 9 24 61 27 -13 -11 15 17 -17 18 44 54 -21 22 -2 48 -9 26 -20 28 -10 31 -31 55 -33 -34 35 36 -23 -38 39 40 42 -42 -8 -44 -6 -3 47 -47 -4 -41 -51 -36 -45 -54 -19 58 57 -57 -7 -37 -39 -5
right_child=1 2 4 10 14 7 38 8 11 13 -12 12 -14 -15 -16 16 -18 19 25 20 -22 34 -24 -25 -26 -27 -28 -29 -30 30 -32 32 33 -35 51 59 37 60 -40 49 41 -43 43 52 -46 46 -48 -49 -50 50 -52 -53 53 -55 -56 56 -58 -59 -60 -61 -62 -63
leaf_value=-0.047996595328288677 0.060418462006222168 -0.048722237542654048 0.2560854480365557 -0.024213110126239133 0.20353261331774705 -0.042176866424849448 0.41411044169587685 0.1331405636181453 -0.0011648400633746563 0.30502341029522001 0.42501934363543281 0.37233724883852326 0.032004670917519872 0.072809010584475947 -0.049688106481827574 -0.006703924670690556 0.55358659680407474 0.092199018261675633 0.040399890687080164 0.51246137874157804 -0.020817738731170359 0.19387879429530189 -0.022458697984589999 0.041377141186899516 0.042504523137801918 0.04309323769501458 -0.05172705502897873 -0.013433935008876685 0.072911249968023048 0.15501498875302741 0.04414479722455026 -0.040216868707471466 0.2737299543604379 0.013812156183101327 0.030457908973041965 0.11995050682545016 0.16616497198381258 0.13531300904029872 -0.038771279028994854 -0.030691231976744705 0.68390774733254511 0.0039206871352105805 -0.023473170689209157 0.021801864494653322 -0.033047742825335451 0.060533956947807513 0.040414187715012956 0.35332069743659072 0.11397411001992011 0.0311275004398089 0.41745416043576472 0.095333831321552931 0.42791427554642658 0.045908931369122864 0.014970860562773134 0.038546429181599541 0.014210653239208938 0.27433044364193954 0.041333961545843526 0.041580300196544816 0.0067306964544447236 0.020447965484108176
leaf_weight=1282.7866976931691 143.04881284339353 8.6369333292823267 6.758612945443021 176.95506425877102 1.3719771036412556 36.59837278816849 0.86156279616989095 20.996789415366948 20.488579421304166 6.6565020375419408 0.73624991206452151 2.5944834174588314 2.4112034253776073 3.61594201158732 24.403855048352852 2.2480818785261354 2.2088760221377015 20.054351766593754 18.315302155911922 1.8618445268366479 1.6784435822628436 15.230206728912888 26.618393344338983 7.0930799169000229 20.354016434401274 99.058991485740989 22.351119291037321 22.038829054217786 61.74924678565003 10.878729962743817 78.941788271768019 3.3745531125459802 4.9770325853023678 2.7398166670463979 39.299044042360038 18.820825588423759 13.69640436768532 6.713632381521168 255.03561837878078 168.02983350097202 0.88519007549621165 0.92127173137850948 18.072392971720543 9.6975439726375097 74.750479248585179 2.5794470345135769 91.044827982317656 2.3487753933295608 7.9946444423403591 10.456131816375997 0.64156837249174792 31.487511854153126 1.8807792300358404 4.4693982638418674 29.382591462694108 12.065852438565345 135.44160675536841 7.3482742316555223 19.947643282823265 27.565170547924936 10.757597578689454 41.545150215970352
leaf_count=492948 9021 1849 158 49180 136 392 285 435 1177 238 161 203 237 341 4072 403 39 326 105 180 248 310 4852 451 242 1796 371 1347 4121 209 1417 271 380 219 426 271 262 169 91029 55429 185 217 5730 2090 10512 168 10305 377 303 3518 223 780 308 711 2164 599 10416 305 1200 394 348 9268
internal_value=-0.00692241 0.0359225 0.0270686 0.00346618 0.0367104 0.0489583 -0.0423428 0.0450153 0.0694805 0.115342 -0.0142412 0.0478163 0.208401 0.223283 0.0163416 0.022238 0.270977 0.0181141 0.00769736 0.0605554 0.259635 0.0655899 0.0474162 0.134368 0.088527 0.0275723 -0.010235 0.0401075 0.0544561 0.0324107 0.057573 0.0222527 0.114006 0.181448 0.084441 0.103609 0.133832 0.10449 -0.0269429 -0.0129715 0.0479227 0.337123 0.0329884 0.0233647 -0.0287838 0.0405765 0.0486128 0.200075 0.179077 -0.0254776 0.0534614 0.0593162 0.0761119 0.15905 0.0462989 0.0174387 0.0284501 0.127791 -0.0127169 0.0733785 0.0561407 -0.0157214
internal_weight=3203.57 1449.84 1116.6 323.846 792.752 495.066 1753.74 473.219 160.906 51.6232 219.236 109.282 5.00569 10.2724 297.686 273.282 4.45696 268.825 215.848 52.9772 3.54029 333.238 169.667 21.8463 41.3508 139.725 40.6664 104.277 82.2378 312.314 89.8205 222.493 11.0914 7.71685 163.57 92.7838 46.3978 31.1676 470.951 215.916 36.7881 1.80646 34.9817 34.1201 76.1225 104.61 95.9731 4.92822 14.7533 179.128 11.0977 70.7866 16.0477 6.35018 49.4369 211.402 154.856 19.4141 56.546 46.386 17.4712 218.5
internal_count=785827 133154 116321 71308 45013 24661 652673 23749 8341 1256 58609 7085 440 579 20352 16280 442 15838 12920 2918 428 16833 13873 912 677 2272 476 6645 5298 15408 1626 13782 870 599 2960 1754 1089 779 159725 68696 9526 402 9124 8839 10648 12699 10850 545 461 59170 3741 1206 3109 1019 2490 12912 11320 904 1592 665 517 58448
is_linear=0
shrinkage=0.05


Tree=10
num_leaves=63
num_cat=0
split_feature=17 49 38 17 32 41 49 48 49 37 12 46 11 37 49 5 5 38 26 46 4 55 48 27 49 51 21 48 49 37 48 50 20 5 48 28 16 28 48 41 48 28 34 48 53 55 49 49 53 3 7 37 17 45 3 4 50 3 41 49 47 54
split_gain=1719.58 113.09 95.7299 75.034 74.2658 58.3575 53.7242 56.8217 59.7462 47.239 68.7725 46.1699 42.3397 41.2939 38.5337 36.8897 43.3117 118.119 59.2407 36.4078 62.1299 35.7657 35.2322 34.5914 31.5092 35.2491 53.7054 31.4056 116.572 77.3207 36.5621 35.0042 33.6575 30.1616 29.4706 29.4166 38.0967 40.9072 36.2588 32.7601 28.5427 26.9971 26.6074 26.5589 28.8313 26.2414 29.4021 25.87 25.6676 27.3718 26.5925 25.6514 25.109 31.9994 27.0909 25.2909 24.9541 24.5578 24.3617 24.2104 29.9413 24.1339
threshold=-11.373033523559569 256.60597229003912 -14.176475524902342 -4.5209541320800772 6.2116050720214853 2.9944320917129521 269.27120971679693 0.49749177694320684 258.98173522949224 280.76617431640631 -45.398502349853509 1.3298811912536623 259.80537414550787 262.69790649414068 283.86952209472662 211.81697845458987 235.474235534668 -4.5294113159179679 3.0308465957641606 1.0097780227661135 263.89553833007818 0.98296290636062633 0.47256284952163702 38.09822082519532 276.75975036621099 30.066114425659183 -18.272015571594235 0.6227284073829652 256.94619750976568 219.35003662109378 0.66979008913040172 51.427640914916999 -1.0157171487808225 241.09019470214847 0.29535478353500372 2.458795547485352 -3.7495460510253902 25.678310394287113 0.97297734022140514 39.171630859375007 0.9032464623451234 1.6735315322875979 21.055747985839847 0.44594246149063116 16.083333015441898 -0.37940952181816096 247.43756103515628 255.59030914306643 471.94444274902349 254.21649169921878 274.44673156738287 267.12054443359381 -0.70683670043945301 -0.026453018188476559 214.27725219726565 211.02016448974612 69.656536102294936 281.11260986328131 4.6758625507354745 279.28904724121099 -3.5644457340240474 -0.7865660786628722
decision_type=2 2 2 2 2 2 2 2 2 2 2 2 2 2 2 2 2 2 2 2 2 2 2 2 2 2 2 2 2 2 2 2 2 2 2 2 2 2 2 2 2 2 2 2 2 2 2 2 2 2 2 2 2 2 2 2 2 2 2 2 2 2
left_child=2 15 57 4 33 13 7 8 22 -7 -11 -12 23 -4 21 -2 35 18 -18 20 -15 24 34 41 40 59 -27 -9 29 -29 31 -30 -32 -3 -5 -17 42 45 39 -39 52 -10 61 -16 -45 47 -47 -38 49 -35 -51 -21 58 55 -55 -54 -28 -1 -8 -26 -61 -37
right_child=1 3 5 6 -6 9 14 27 12 10 11 -13 -14 19 43 16 17 -19 -20 51 -22 -23 -24 -25 25 26 56 28 30 -31 32 -33 -34 48 -36 36 37 38 -40 -41 -42 -43 -44 44 -46 46 -48 -49 -50 50 -52 -53 53 54 -56 -57 -58 -59 -60 60 -62 -63
leaf_value=-0.035765096547213486 0.088597743197917356 0.020872125807475175 0.00015718527277346441 0.076440422145780548 -0.016003273287656165 -0.022094244634888377 0.078589868274049193 -0.039805752035797975 -0.042464112851491612 -0.009179019289842251 0.14878893479086061 0.70750282065255854 0.15209111350386312 0.37858145430676704 -0.01909628397813995 -0.011902071580648451 0.31901231865958929 0.45185006540515249 -0.024496549338348758 0.1807766123962524 0.05377554397986628 0.12674066644681137 0.14227351320277923 0.12888813046034514 0.14251670626615581 0.017706004045989956 0.36091828153700495 0.36228191028297163 0.033237002609096393 0.018445898408356146 -0.033920480563894705 0.26112253905457211 0.026454471390791115 0.023105761486091905 0.0053516759111560883 0.082239833997522591 0.225246484742474 -0.0040290308843570714 0.13552486822512938 0.074236320304686729 -0.041509377681399978 0.020926358132008167 -0.029686336283418265 -0.041107267141915961 0.10879193362956002 0.087687137195993067 0.021118550329141523 0.10040542487023779 0.18735264893234121 0.22487171214390111 0.022693682234711299 -0.026324306237872769 0.18972340271526028 0.035435864240839117 0.11783007733652813 0.069457673709776069 0.16277622123877822 -0.049186457925791509 0.019464895408464092 0.16425563372559737 0.017303494173835168 0.0020824021932075785
leaf_weight=501.03322138055228 77.045806883368641 68.727141403127462 11.899929920444267 50.791373981162906 182.16316679678857 138.43214269517921 22.080808968981728 41.252622390398756 18.047403255943209 2.4395550522021954 0.75370991136878618 0.72585412487387657 6.1584670336451373 3.0258320600260031 30.778167174663395 20.649884925456718 1.6114607269410042 2.4651747159659845 5.6759054367430508 2.345322054810822 2.8675688474904746 17.294258023379371 14.205107123358173 7.0354388603009275 7.878973522456362 3.5381810441613197 3.1430701976641995 3.7913177688606075 5.7235443238168937 2.8748969659209251 58.710162891307846 2.3882380961440504 38.040899669053033 15.191927120555198 20.448399760061875 18.08393115317449 5.2413378886412856 43.404840261908248 7.6286429688334456 19.322582909604535 9.3631592502351833 242.24806112749502 20.955598522908986 4.6582628428004673 10.301903941202907 55.501933118794113 23.657893754076213 19.925218728370965 4.8608174519613376 4.0636497081723055 2.711753751616925 4.1246563994791359 8.6531720440834778 48.76974546071142 12.541890779277308 8.8342992127872986 3.2137725881766528 1065.9293126033153 82.580262174364179 4.1640493166632941 20.684280807618055 19.533156290883198
leaf_count=189901 812 8735 2127 1627 48520 40637 610 1946 354 787 194 192 297 293 2345 205 90 138 789 251 396 256 240 137 390 284 181 70 504 554 10574 214 749 1245 835 1791 372 2672 180 667 1132 11299 4044 351 837 1086 982 716 256 185 518 676 136 901 539 263 221 430373 5566 289 1158 1491
internal_value=-0.00759229 0.0330241 -0.0410637 0.0251515 0.00272334 -0.00503112 0.0328395 0.0230061 0.0338764 -0.0172479 0.153936 0.422886 0.0224741 0.0666438 0.0496979 0.0581623 0.0492684 0.15267 0.0514638 0.130638 0.22054 0.0573405 0.0703724 0.0194882 0.0522428 0.0911477 0.173841 -0.00253175 0.0112552 0.213998 -0.00163326 0.10033 -0.0101821 0.0384231 0.0560354 0.0452967 0.0503605 0.0620615 0.0325975 0.0200799 0.0436431 0.0165312 0.0154646 0.00746697 0.0621167 0.0819315 0.0677923 0.126406 0.0833843 0.0603788 0.143953 0.0487483 0.047989 0.069307 0.0522904 0.128968 0.260745 -0.044895 0.0319388 0.0661455 0.0419295 0.0406171
internal_weight=3162.19 1428.62 1733.58 1087.91 277.718 166.615 810.194 511.716 358.934 142.351 3.91912 1.47956 273.489 24.2633 298.478 340.703 263.658 9.75254 7.28737 12.3634 5.8934 252.74 85.4449 267.331 235.446 42.6223 9.89502 152.782 111.529 6.66621 104.863 8.11178 96.7511 95.5553 71.2398 253.905 233.255 174.682 70.3561 62.7274 192.823 260.295 58.5727 45.7383 14.9602 104.326 79.1598 25.1666 26.8281 21.9673 6.7754 6.46998 183.46 78.7991 61.3116 17.4875 6.35684 1566.96 104.661 32.7273 24.8483 37.6171
internal_count=786180 120353 665827 104318 59459 45553 44859 29400 14789 41810 1173 386 12087 3743 15459 16035 15223 1017 879 1616 689 11926 2702 11790 11670 2523 686 14611 12665 624 12041 718 11323 10939 2462 14206 14001 6675 3519 3339 9147 11653 7326 3533 1188 3156 2068 1088 2204 1948 703 927 8015 1839 1440 399 402 620274 6176 1837 1447 3282
is_linear=0
shrinkage=0.05


Tree=11
num_leaves=63
num_cat=0
split_feature=17 49 17 38 33 29 41 51 53 43 17 42 49 49 49 45 51 40 49 39 49 36 5 43 36 38 36 33 29 36 38 51 29 55 29 2 41 26 36 23 40 41 46 41 42 36 3 53 12 22 55 17 46 35 36 36 38 51 53 55 53 46
split_gain=1532.69 107.409 79.5545 77.4879 66.3617 62.2157 58.4831 42.8907 41.9448 38.6209 38.3473 34.95 34.8784 48.9548 48.0476 39.7046 35.3442 33.8749 32.4365 31.952 38.3262 31.9849 50.0256 38.6702 31.0168 30.4817 29.9189 30.3607 52.488 46.4365 33.6304 31.7508 29.0098 33.7963 28.9118 64.8781 28.0326 27.5685 36.0685 26.5431 31.706 48.8765 32.0033 49.1113 24.865 24.237 23.3854 23.7227 23.8822 64.5581 23.3714 23.2299 28.7478 43.8968 46.5165 22.8202 36 40.6325 25.9588 27.7339 22.3748 21.1809
threshold=-11.750988006591795 256.60597229003912 -5.3756484985351554 -17.529411315917965 6.2163374423980722 16.689404487609867 3.4945498704910283 77.397277832031264 1089.1666564941409 5.1962890625000009 1.1571083068847658 6.2544097900390634 258.98173522949224 272.17034912109381 274.68690490722662 4.4367504119873056 6.3059055805206308 9.823524475097658 272.17034912109381 -2.0842412710189815 267.56375122070318 199.11765289306643 205.86235046386722 0.88092041015625011 213.82353210449222 -5.1176528930664054 209.70588684082034 4.9385912418365487 3.3729181289672856 216.17646789550784 -4.0588226318359366 18.100569725036625 13.110123634338381 1.0000000180025095e-35 16.001280784606937 217.18473052978518 2.7746309041976933 9.464480400085451 203.82353210449222 1.0000000180025095e-35 -1.2352905273437498 3.7572034597396855 3.9908370971679692 5.8005323410034189 -10.092010498046873 193.23529815673831 281.11260986328131 1324.3750000000002 -39.827846527099602 -45.030941009521477 0.98296290636062633 -0.99594497680664051 2.234700202941895 5.4733462333679208 213.23529815673831 218.529411315918 -0.35294342041015619 43.73332595825196 547.66665649414074 -0.37940952181816096 859.75000000000011 1.9445066452026369
decision_type=2 2 2 2 2 2 2 2 2 2 2 2 2 2 2 2 2 2 2 2 2 2 2 2 2 2 2 2 2 2 2 2 2 2 2 2 2 2 2 2 2 2 2 2 2 2 2 2 2 2 2 2 2 2 2 2 2 2 2 2 2 2
left_child=3 10 4 46 11 7 60 9 19 12 26 -3 15 34 16 -4 -15 -16 -13 20 -7 -21 23 -23 -24 -19 -2 29 -29 -28 -30 -31 33 -32 37 -36 -11 38 -14 40 -40 -42 51 -44 -22 -39 47 -1 49 -49 -38 52 -43 -54 -55 56 57 58 59 -34 -5 -61
right_child=1 2 5 6 -6 8 -8 -9 -10 36 -12 18 13 14 17 -17 -18 25 -20 21 44 22 24 -25 -26 -27 27 28 30 31 32 -33 55 -35 35 -37 50 45 39 -41 41 42 43 -45 -46 -47 -48 48 -50 -51 -52 -53 53 54 -56 -57 -58 -59 -60 61 -62 -63
leaf_value=-0.035887346472391536 0.090156130117801006 -0.004600840957732188 0.1230028881502002 0.036113257828154638 -0.023087448797905787 -0.038152376003407526 -0.025012926482121028 -0.032251906504194801 0.1000442303226689 0.14002488234343297 0.12228202245292395 0.10049163656926359 0.10359105960778021 0.015341100477899701 0.036214723484365142 0.0031214495110099922 0.12934452419143569 0.25590887149908853 0.020637070328084241 -0.0076267276233939266 0.17201038156021067 0.22596393530532122 0.014717314789631784 0.056868328566232446 0.12397783271524294 0.07761473367191328 -0.053405529445914729 0.14430279007374158 -0.00066033471275761817 -0.0090656984771408915 0.15262469692789013 0.15793398764706246 0.01366897691310872 0.061348011918724292 0.46052135346922357 0.032972824973532232 -0.0037614477928597442 0.11314829362190069 -0.034532152819416378 0.12955543333693945 0.10779335649525063 0.012956662202886144 0.20166980136675894 0.028156266859448838 0.013529170853127751 -0.0024604677370543325 -0.049080579150507245 -0.050149255016220751 -0.050176186906180968 0.67908194830010327 0.058479228873111889 -0.0053221585178819877 0.23589891015794706 0.23199747355773515 -0.010801049898663316 -0.0071874671094433705 0.019607507824901452 0.1557383271000366 0.15707440553805785 0.033822097654834654 0.26376411654796583 0.12446037186193926
leaf_weight=414.33590978104621 39.555456808302552 39.553314611315727 27.946720964740962 37.596140050794929 156.41077021392994 67.869141396833584 182.56256116461009 20.876473357668146 12.39982792874798 4.1779539557173839 19.008392680902034 23.902321679517627 19.375609548762441 8.3037286761682463 89.031977189239115 9.1740914895199221 37.509200800908729 3.2536700409837058 27.174096684902906 68.97794521600008 2.6631415791343889 5.5828805151395491 87.856524922885001 8.5728680086322111 7.0140299955382934 9.1068067413289082 18.30863067787141 13.759611841058357 36.107693075668067 5.6412581813056004 12.948395030573009 5.7444332507438958 31.680004596477371 46.777127109933645 1.2623206828720857 2.9865762118715793 81.049352321075276 4.8156487792730323 18.197356277378276 6.6603958122432223 20.151452793041244 30.07160497433506 6.0565317908767637 12.483911860268561 35.030464832670987 77.387327636824921 1011.6398885641247 0.67947752354666591 1.0384821537882079 0.54849770432338141 18.531091610435396 64.985653409268707 4.1530955373309544 2.5659852186217895 8.5315261839423311 21.851998816942796 61.993150495458394 11.922701671021057 5.6838922200258812 11.796911461045971 1.1112476408015926 14.209027990233151
leaf_count=165083 341 6970 1282 7377 43906 12828 59666 1933 430 123 140 1708 366 248 5718 603 1059 263 1710 365 247 319 2250 320 451 552 140 333 6330 249 298 154 1689 1341 44 653 4681 29 499 105 877 2650 201 528 3265 7413 429076 252 336 181 220 1825 183 74 804 2862 1138 372 119 399 164 337
internal_value=-0.00751397 0.0292687 0.0217253 -0.0407094 -0.0033611 0.028731 -0.0131767 0.0381334 0.0100307 0.0407214 0.0531812 0.0306831 0.046888 0.0428456 0.0661846 0.0933752 0.108681 0.0469831 0.0580068 0.0060946 -0.0157001 0.0190196 0.035878 0.123558 0.0227952 0.124547 0.0492949 0.0438788 0.0491802 -0.00409785 0.0440468 0.0751908 0.0514226 0.0811366 0.0305617 0.159995 0.0131444 0.0285651 0.0388824 0.031671 0.0277717 0.0353809 0.0240558 0.0848372 0.0247262 0.00431217 -0.0449749 -0.0350049 0.126317 0.275575 0.00782102 0.0138397 0.0413151 0.0972331 0.0453392 0.0402706 0.0478246 0.0710576 0.0551254 0.0450801 0.0426489 0.0833447
internal_weight=3138.15 1488.64 1131.65 1649.51 247.041 884.613 221.27 588.646 295.967 567.77 356.989 90.6297 464.011 426.89 147.205 37.1208 45.8129 101.392 51.0764 283.567 105.563 178.004 109.026 14.1557 94.8706 12.3605 337.98 298.425 268.731 29.6943 254.971 11.3857 218.863 59.7255 279.685 4.2489 103.758 275.436 193.233 173.858 167.197 149 128.848 18.5404 37.6936 82.203 1428.24 416.602 2.26646 1.22798 99.5804 110.308 45.3222 15.2506 11.0975 159.138 137.286 75.2925 63.3698 57.6859 38.7074 26.0059
internal_count=786079 123944 107702 662135 54294 53408 67207 32933 20475 31000 16242 10388 25976 24091 7840 1885 1307 6533 3418 20045 16340 3705 3340 639 2701 815 16102 15761 15218 543 14885 403 8555 1639 16251 697 5024 15554 8112 7746 7641 7142 6265 729 3512 7442 594928 165852 769 433 4901 5536 3711 1061 878 6916 4054 2916 2544 2425 7541 736
is_linear=0
shrinkage=0.05


Tree=12
num_leaves=63
num_cat=0
split_feature=17 17 28 14 36 36 52 36 5 53 11 51 6 36 27 53 7 41 35 50 54 50 9 29 43 36 40 40 52 50 44 53 23 26 53 53 13 17 28 40 50 51 52 35 27 55 39 48 45 24 44 41 23 14 39 48 48 27 26 36 19 50
split_gain=1403.58 94.6409 75.2657 60.855 50.3714 67.9764 49.1736 48.1761 38.0347 37.518 30.7343 33.5065 51.7988 30.3311 34.188 32.4463 71.3616 56.8638 52.149 50.4526 65.94 29.0608 28.8457 28.3388 26.4349 30.9303 34.6567 25.8139 25.4358 24.7559 23.9821 26.6399 23.0354 105.063 22.5774 27.0812 27.2617 40.9582 43.6298 38.2961 26.7538 23.8391 26.9862 22.3263 25.6037 22.7833 21.4843 28.6096 24.9021 20.8096 20.1201 46.8666 32.6778 23.0451 23.7004 27.2862 19.1009 31.9923 34.4237 26.0318 18.6952 22.3905
threshold=-12.860662460327147 -3.6867256164550777 11.893376350402834 -38.48292160034179 199.11765289306643 203.82353210449222 41.616329193115241 197.35294342041018 254.95169067382815 1089.1666564941409 258.57464599609381 40.705566406250007 267.93907165527349 228.529411315918 2.1731405258178715 254.45833587646487 252.90555572509768 3.6238193511962895 7.3780336380004892 78.30975723266603 -0.37940952181816096 61.068107604980476 241.99567413330081 2.1206703186035161 5.1962890625000009 207.94117736816409 -0.45098876953124994 -3.2156906127929683 1.1829650402069094 133.18571472167972 -0.074493408203124986 258.45832824707037 -40.898075103759759 11.418201446533205 49.833333969116218 74.166667938232436 1.0000000180025095e-35 -0.37291717529296869 18.708705902099613 -0.52941894531249989 138.34800720214847 9.0547142028808612 18.727226257324222 3.0423951148986821 3.1821756362915044 -0.91597560048103321 -6.9694988727569571 0.2540810108184815 0.48538589477539068 33.353471755981452 -4.6861305236816397 2.9387589693069462 -44.897481918334954 -29.533857345581051 -33.33624076843261 -0.50708106160163868 -0.071447014808654771 6.9258375167846689 6.2811241149902353 205.58823394775393 -0.98957186937332142 41.902921676635749
decision_type=2 2 2 2 2 2 2 2 2 2 2 2 2 2 2 2 2 2 2 2 2 2 2 2 2 2 2 2 2 2 2 2 2 2 2 2 2 2 2 2 2 2 2 2 2 2 2 2 2 2 2 2 2 2 2 2 2 2 2 2 2 2
left_child=3 2 8 -1 7 30 9 -3 13 24 -4 -12 -13 15 21 17 18 -2 23 20 -20 -15 -21 -17 27 -26 -27 -7 -29 50 31 -6 33 -31 56 41 37 38 -37 -39 60 -36 46 -28 -45 -46 47 -43 -48 -11 51 52 -5 -54 -55 -56 -30 58 -58 -59 -41 -62
right_child=1 4 10 29 5 6 -8 -9 -10 49 11 12 -14 14 -16 16 -18 -19 19 22 -22 -23 -24 -25 25 26 43 28 34 32 -32 -33 -34 -35 35 36 -38 39 -40 40 -42 42 -44 44 45 -47 48 -49 -50 -51 -52 -53 53 54 55 -57 57 59 -60 -61 61 -63
leaf_value=-0.047337734947347936 0.11549871744444384 0.039022234165808467 -0.027627256220055393 0.33520039253271339 0.055449973099562344 0.12390368393345458 -0.015495430866691653 -0.029048631254408042 0.2514470034601326 0.0651115427234088 0.011268208898652581 0.3958858140426732 -0.050265613102784983 0.058980887779772166 -0.0082036785774926829 0.17545798801946838 -0.02168497922995713 0.0056680811914025051 0.19834249717184216 0.027554214297167919 0.65424668306377809 -0.01341840371466687 0.29244328620052878 -0.00062488348283016985 -0.034976940446963971 -0.028875031548825442 0.10940599435604691 0.16695562666217134 0.0045954490965702012 0.0018931987457157303 0.16506658396069024 0.14820940468618146 -0.00098279902461952638 0.59367814244225847 0.019549190464414622 0.046429339589962454 0.01042582106874901 -0.012830277264555261 -0.0066856471112588028 0.055735952168109885 0.15647930673403965 0.090993545611665644 0.015734032566717602 -0.033398954114180861 -0.033348100791503264 0.047593931867567725 0.11682614235152255 0.23007006188718171 0.017010403104836189 0.16007129944010234 -0.038514251191032266 -0.028115520152290952 -0.014307542162987102 0.25212742008987243 0.19092295077006413 0.016663897848983717 0.048915067946825874 0.1396557413438187 0.24113111045879423 0.02564105870120555 0.060775127341647341 0.14637509124720829
leaf_weight=1114.6753608253784 14.434594496618955 46.637026906013489 144.83084782026708 0.907993014901879 33.378504628315568 8.9316329653374833 47.01752249780111 58.718651071190834 1.7926236195489753 17.962794555583972 9.7612657523713988 1.5686732623726123 1.111569123342633 45.575417646206915 116.28916182578541 3.9267460366245412 9.2135696171317232 64.202064927201718 1.7985149866435679 2.4916325865779072 1.4188027777709056 19.918017723597586 1.7493467982858417 5.4653360540978611 24.133211721666157 23.901548536261544 9.7871476113796216 3.8240440648514769 75.906037664273754 3.8419207164552054 9.3929440011270326 10.077089310623704 29.449716397793964 0.93192453822121013 15.734260532073675 124.02890396607108 67.939318884629756 13.63346381112933 56.172599127050489 78.401297773001716 9.4253685304429364 7.9530524751171381 9.9420478353276831 13.690223824698476 9.6452474130783212 88.12980795907788 17.341568740550439 6.9111848496831954 9.7682472050655615 8.4990313795860839 228.14588495227508 141.36088723409921 14.627676040632654 1.652066204929725 2.8146139760501674 11.128037645714352 6.1171139224898052 5.175411455333232 3.7615921257529408 153.27924931980669 15.934879346285017 14.674388485494999
leaf_count=493016 379 273 39040 206 716 238 3309 303 152 604 2880 380 298 4464 28486 157 737 7155 230 265 210 2127 272 336 346 273 80 202 3066 1363 319 148 10268 341 804 6934 851 270 6526 2566 305 375 537 218 955 3760 488 474 308 117 90392 50002 4559 293 358 1813 393 115 198 8962 390 464
internal_value=-0.00748971 0.0261295 0.00667374 -0.0411488 0.0339684 0.0374313 0.0343535 0.0010838 0.0218527 0.0369559 -0.0211489 0.0542646 0.210855 0.0204161 0.00806904 0.0418532 0.0902003 0.0258287 0.151378 0.250085 0.399391 0.0369626 0.136817 0.0729938 0.0351803 0.0174382 0.0261527 0.0394415 0.0383575 -0.0252846 0.0926197 0.0769603 0.015533 0.117418 0.0376469 0.0443159 0.0391296 0.0453746 0.0298723 0.0665266 0.0756616 0.073464 0.089804 0.0369999 0.0306423 0.0396092 0.107348 0.155658 0.0808604 0.0956108 -0.0287714 -0.015885 0.0396531 0.0307737 0.0730595 0.0518417 0.0254181 0.0348076 0.122107 0.029365 0.0686739 0.101813
internal_weight=3100.91 1551.37 445.548 1549.54 1105.83 1000.47 947.622 105.356 288.276 900.605 157.272 12.4415 2.68024 286.483 181.783 104.701 26.0639 78.6367 16.8504 7.4583 3.21732 65.4934 4.24098 9.39208 874.143 169.287 145.154 704.856 695.924 434.861 52.8485 43.4556 34.2236 4.77385 692.1 447.861 380.21 312.271 180.202 132.069 118.436 67.6504 51.9161 121.252 111.465 97.7751 41.9741 14.8642 27.1098 26.4618 400.637 172.491 31.1304 30.2224 15.5947 13.9427 244.239 168.333 9.87871 158.455 109.011 30.6093
internal_count=786066 133455 87568 652611 45887 45311 44128 576 44970 40819 42598 3558 678 44818 35077 9741 2207 7534 1470 977 440 6591 537 493 40098 5632 5286 34466 34228 159595 1183 864 11972 1704 34026 21292 18306 17455 13460 3995 3725 2986 2182 5013 4933 4715 1645 849 796 721 147623 57231 7229 7023 2464 2171 12734 9668 591 9077 3420 854
is_linear=0
shrinkage=0.05


Tree=13
num_leaves=63
num_cat=0
split_feature=38 49 45 32 3 36 41 41 38 51 49 42 33 4 46 35 36 55 4 36 36 49 55 29 38 49 45 17 43 49 17 29 29 39 11 3 9 37 49 46 19 39 10 25 29 36 55 2 28 49 11 17 43 28 50 52 29 9 41 17 29 49
split_gain=1351.4 104.524 57.6392 62.0057 50.4108 46.3149 43.2061 39.485 38.4189 33.871 32.3151 63.4099 61.755 54.0913 31.2855 28.6437 27.5284 52.4946 47.9357 27.0713 36.381 34.3137 49.2891 39.8648 36.972 31.6176 31.3206 26.2629 28.7262 25.9223 25.1011 37.7549 29.6239 24.6303 24.5291 47.0734 24.3412 29.0275 73.668 26.8993 28.2667 22.6751 22.532 31.3656 21.8817 39.3347 29.1262 34.7083 31.5659 23.2481 24.911 31.6653 24.6755 29.1499 23.6807 22.8537 22.173 21.8998 32.5982 21.7921 21.7876 42.5143
threshold=-13.529411315917967 256.60597229003912 -0.49720573425292963 10.409038066864015 281.11260986328131 209.70588684082034 1.977247476577759 0.47494111955165869 -6.7058792114257804 77.397277832031264 282.48001098632818 9.9098663330078143 16.967097282409672 217.90249633789065 10.223447799682619 3.4512126445770268 229.70588684082034 -0.12940952181816107 245.5952072143555 199.11765289306643 196.76470184326175 258.11538696289068 -0.7865660786628722 25.891773223876957 0.64705657958984386 267.56375122070318 0.18229484558105472 1.1571083068847658 -11.422637939453123 267.31149291992193 -4.2366523742675772 4.4259672164917001 5.7937564849853525 -1.2745085358619688 252.75862884521487 224.5664978027344 275.92907714843756 252.96659851074222 268.95562744140631 2.6409511566162114 -31.144609451293942 -2.0842412710189815 263.49958801269537 0.1227550506591797 14.142182350158693 223.82353210449222 -0.37940952181816096 242.866081237793 1.8723430633544924 255.59030914306643 216.65484619140628 -0.99594497680664051 -2.4231719970703121 25.678310394287113 16.58189678192139 12.273254394531252 10.531147956848146 225.79668426513675 6.1563785076141366 0.44061279296875006 12.163876533508303 272.37759399414068
decision_type=2 2 2 2 2 2 2 2 2 2 2 2 2 2 2 2 2 2 2 2 2 2 2 2 2 2 2 2 2 2 2 2 2 2 2 2 2 2 2 2 2 2 2 2 2 2 2 2 2 2 2 2 2 2 2 2 2 2 2 2 2 2
left_child=4 5 6 9 -1 -2 7 -3 -8 16 13 14 -13 19 -12 -7 30 18 -18 20 -5 22 26 -24 25 33 -21 28 -17 59 31 -4 -33 -23 41 -36 37 -31 -39 -40 -41 -15 -9 -44 46 49 56 48 -48 52 -51 -52 53 -46 -54 -53 -30 58 -50 -10 -37 -62
right_child=1 2 3 10 -6 15 8 42 29 -11 11 12 -14 34 -16 27 17 -19 -20 21 -22 24 23 -25 -26 -27 -28 -29 44 36 -32 32 -34 -35 35 60 -38 38 39 40 -42 -43 43 -45 45 -47 47 -49 57 50 51 55 54 -55 -56 -57 -58 -59 -60 -61 61 -63
leaf_value=-0.029618472415265967 0.095085339497355981 -0.039274112210173011 0.077646307986137059 0.039770721024455058 -0.049132513273264788 -0.047358722032077895 -0.028236759241928661 0.050821646890334637 -0.014515074295887033 -0.035619172918839058 0.025154401215583891 0.094289654462007738 0.5699524012558701 -0.027278983324740099 0.16783188820969733 -0.026459829719643259 0.033949059498487623 0.011950852907414076 0.49179926080699499 0.27354510040389918 -0.022201446890280734 -0.038638584101077983 0.11223723761704239 -0.0068588076618411493 0.07291496260718687 0.035428713720817663 0.090554184595144568 0.10954996244421655 0.061293821738677826 0.019969127605123656 0.049696641312154899 0.11929052480279941 0.4168432193540807 0.024998956343509682 0.27088917499856907 -0.024563641378156999 -0.042200057455639345 0.37853991650091789 0.012236623755931609 0.031045030240283877 0.37392256980674876 0.22418852240691547 0.082491854548529489 0.26918542620991431 0.19203761669987632 -0.038833243825464207 -0.070118857093610418 0.12463124645452667 0.14672504643639911 -0.052488867742118299 -0.030730930858020131 0.0058599157962706191 0.088021498272429208 0.068400821746647855 0.02011284121173712 0.085659117266342524 0.20039543843345983 0.031084845501055648 0.041694233453192814 0.041320302439990846 0.0041325214838897686 0.24591550337999488
leaf_weight=516.04517616773956 44.923942535649985 7.534977869596335 16.959176572272558 37.982269674539566 922.72953791497275 8.926535322563721 99.529511517845094 13.583820139989259 135.25424441066571 13.167999339988453 39.4933263103012 1.726925625232979 1.1281127708498386 114.24478952609934 4.2561946916393927 15.286930692382155 1.1828429379966103 70.588689940283075 1.106426413869485 4.3349361778236908 62.901819199323654 38.998413722030818 12.098667018814014 16.760015924228355 29.91208632895723 66.44913135189563 5.0769988810643554 14.353874960914252 5.3610349844675493 136.13171511236578 205.89034765167162 1.7530899737030261 1.5998304344248024 24.921312955673784 1.8509868301916892 16.40375474141911 13.861819207202641 1.9744999571703363 9.7351718216668797 1.2274021424818786 1.1779571685474355 0.90353981172665854 6.1707018928136659 3.5406118584796786 6.1815155884251025 17.465879255207255 5.958698329050093 14.370012935483826 12.137255943380298 10.665607163682578 14.825629183324045 14.455245886929339 17.98469462711364 20.839677749201655 44.856876755366102 23.654001007322222 6.1527867445256561 60.24219537503086 18.877867188770324 20.067984861321747 6.4466177886351925 2.5323042904492468
leaf_count=207111 370 712 1035 221 430228 109 30606 648 15099 1416 2962 301 180 29335 185 1283 196 11091 219 144 330 2877 208 788 593 2152 271 98 162 12599 5714 215 190 515 115 3704 1446 240 904 212 180 41 361 238 258 4005 60 1086 165 249 2060 339 501 589 1524 611 254 2802 370 415 2136 698
internal_value=-0.00682723 0.0243756 0.0174143 0.0254602 -0.0421334 0.0474335 0.00309193 0.0602183 -0.00111184 0.0428625 0.0143349 0.0539337 0.282239 0.0101579 0.0390349 0.0409971 0.0463179 0.0195929 0.255233 0.0222218 0.00113071 0.0329381 0.075476 0.0430708 0.0227813 0.0112785 0.174836 0.0434339 0.0403657 0.00733985 0.0549281 0.107957 0.261266 -0.0138273 -0.0152131 0.0274605 0.0211968 0.0270459 0.0952971 0.0492314 0.19896 -0.0253058 0.0923998 0.150558 0.0438401 0.0322647 0.059913 0.0521005 0.0413794 0.0403564 0.017224 0.0312702 0.0567284 0.0966846 0.0395477 0.0553904 0.135627 0.0486597 0.0827963 -0.00730102 0.00970889 0.072322
internal_weight=3066.76 1627.98 1250.46 800.671 1438.77 377.52 449.79 30.8301 418.96 312.248 488.422 46.6046 2.85504 441.818 43.7495 332.596 299.08 72.878 2.28927 299.436 100.884 198.552 38.2706 28.8587 160.281 130.369 9.41194 323.67 309.316 319.431 226.202 20.3121 3.35292 63.9197 142.382 27.2337 164.109 150.247 14.115 12.1405 2.40536 115.148 23.2951 9.71131 294.029 170.929 123.1 111.586 97.216 153.463 63.6005 52.9349 89.8628 27.0212 62.8416 38.1092 11.5138 91.2573 31.0151 155.322 25.3827 8.97892
internal_count=785726 148387 131492 67832 637339 16895 63660 1959 61701 20076 47756 3628 481 44128 3147 16525 18660 11506 415 8099 551 7548 1411 996 6137 5544 415 16416 16318 31095 7154 1440 405 3392 36029 6653 15581 14135 1536 1296 392 29376 1247 599 15035 10136 4899 4483 3397 6131 3259 3010 2872 847 2025 950 416 3337 535 15514 6538 2834
is_linear=0
shrinkage=0.05


Tree=14
num_leaves=63
num_cat=0
split_feature=17 17 31 3 51 36 38 49 29 54 42 53 41 53 49 42 44 44 16 44 53 19 48 11 27 31 54 51 49 53 11 36 38 36 51 48 49 51 11 32 11 49 49 15 42 40 41 54 11 21 41 38 55 41 25 54 5 51 54 48 53 17
split_gain=1266.3 90.7204 68.9364 61.0737 50.0541 45.6361 59.5735 46.5631 71.3013 44.0392 43.0966 40.0449 37.7305 34.9255 37.1157 34.8353 35.9114 31.6208 40.4618 27.6751 25.7341 25.5156 50.261 35.9607 24.6971 26.8784 24.5381 28.596 61.8322 72.4401 46.9535 23.0395 23.9797 21.9634 21.707 25.0235 51.5736 23.4076 21.0264 43.4121 20.5196 19.6625 30.9243 29.699 26.2455 24.6946 47.913 36.5539 24.9941 36.3779 35.3856 24.3984 32.4797 27.7547 24.7079 22.862 33.5222 21.3595 20.7164 19.8198 31.2026 19.1205
threshold=-13.95042037963867 -4.5209541320800772 8.5147728919982928 281.11260986328131 77.397277832031264 199.11765289306643 0.64705657958984386 258.11538696289068 21.483678817749027 0.78656607866287243 6.3688812255859384 1089.1666564941409 3.5613679885864262 57.361110687255866 270.38075256347662 9.9098663330078143 -2.7941436767578121 1.9606170654296877 -19.173095703124996 -2.1309547424316402 1193.0000000000002 -44.16711235046386 0.1227008104324341 262.02421569824224 6.1429901123046884 12.869681835174562 0.37940952181816107 100.114559173584 285.78244018554693 304.33332824707037 272.65019226074224 203.82353210449222 -1.0000000180025095e-35 210.29412078857425 45.087106704711921 0.8994269371032716 255.59030914306643 31.095352172851566 275.19049072265631 14.329620361328127 236.70791625976565 284.05564880371099 272.17034912109381 1.0000000180025095e-35 9.9098663330078143 -0.84313964843749989 3.6906306743621831 0.12940952181816109 242.24576568603518 -13.050822257995604 7.2805666923522958 -0.52941131591796864 0.91597560048103344 5.8005323410034189 5.2406167984008798 -0.91597560048103321 220.15905761718753 6.404710292816163 0.37940952181816107 0.44594246149063116 144.194450378418 -1.2947235107421873
decision_type=2 2 2 2 2 2 2 2 2 2 2 2 2 2 2 2 2 2 2 2 2 2 2 2 2 2 2 2 2 2 2 2 2 2 2 2 2 2 2 2 2 2 2 2 2 2 2 2 2 2 2 2 2 2 2 2 2 2 2 2 2 2
left_child=3 2 19 11 5 9 7 12 13 -3 24 26 -7 14 -9 38 40 18 -13 21 34 -2 -23 -24 -8 -26 27 -1 -29 30 -30 -15 41 -10 35 -14 -37 -38 -4 -40 -17 42 45 44 57 -33 47 -47 51 50 -50 52 -48 -54 -53 56 -52 -44 -56 -43 -61 -59
right_child=1 4 15 -5 -6 6 10 8 33 -11 -12 17 20 31 -16 16 -18 -19 -20 -21 -22 22 23 -25 25 -27 -28 28 29 -31 -32 32 -34 -35 -36 36 37 -39 39 -41 -42 59 43 -45 -46 46 48 -49 49 -51 55 54 53 -55 58 -57 -58 61 -60 60 -62 -63
leaf_value=-0.023305947327230223 -0.053977807927925385 -0.02959059439154435 -0.026761262666117842 -0.048869072724238592 -0.024400003778356532 -0.038753483702825657 0.14737110676571505 -0.008635513610584452 0.01284815434745012 0.034856274531722804 0.01950700271167468 0.0035669754657322566 0.050603044819113069 0.13736315476578134 0.037281363792864113 0.17555558740980579 0.33702504631835861 0.41929182987184249 0.31691395866568772 -5.9450957997137112e-05 0.14986938406619341 0.041237704777493854 0.065256144563511836 0.42679803109098968 0.013253014802420138 0.094984957361018751 -0.042122576549689705 -0.015462171881421375 0.44206197876752501 0.57753439194099865 -0.026967569982012635 -0.032981156123344645 0.0032058305100135737 -0.036587338584258694 0.087604988796757696 0.07924309309703742 -0.039074988755300383 0.062588746566486358 -0.027610522693931178 0.35584348449000291 0.010978943825559506 -0.024797746144400203 -0.0041118256453721849 -0.028483258601266694 7.919714190619336e-05 0.059537819957653074 -0.0040426374197759024 0.2190623165758413 0.17318346369800958 0.25879943671815003 -0.024078177497893517 -0.0044069615255123177 0.12282050991438594 -0.0011973201193286292 0.04513011488825442 -0.019270250225169552 0.21206754218951424 0.075769778038956626 0.14597801706852526 0.18613942579152712 -0.0069099467745341583 0.12932444514773445
leaf_weight=288.58772040111944 6.68460240936838 55.052241742610931 179.0091679468751 881.09411569614895 39.663523748517036 12.527959516737608 15.837936696596442 94.330583796370775 37.721408320125192 51.124786712229252 28.323229202069342 6.4909836635924876 245.03464171849191 5.9842136967927209 82.501410532044247 1.9850945470388968 0.90356294950470228 0.63904129504226137 1.2245936072431485 63.434190314263105 6.2810764694586387 108.44346296600997 1.2952379006892436 1.4665138218551872 12.896588896401225 45.719400477595627 211.50869199843146 10.076746433274819 0.70965841249562789 1.0350927072577176 2.1506710420362651 12.31699106749147 42.372521331999451 55.562352462904528 30.939942734781653 19.827651628060266 30.767895481549203 6.9388084150850764 2.2144834152422841 1.1071389743592588 41.258131514303386 19.29446449899115 5.7254423003178081 6.9406744050793341 9.3678096679504943 8.5684089106507582 76.194591064471751 6.1818485446274272 5.0990052381530466 2.496342208934947 2.8248118658084485 9.5088101383298653 10.573699051979931 7.8685432539787135 10.689649606356399 11.14177519991062 3.2112941876985133 43.459938653046265 9.7254106369800848 3.342621546238659 5.5994532997719944 27.033713565208018
leaf_count=116891 1443 230 53227 430778 2978 106 196 7211 828 358 198 1999 8423 90 4070 289 188 231 319 12287 68 9455 213 219 360 1062 88482 3816 147 332 790 333 818 6839 1132 592 2008 310 688 259 8734 1181 233 118 182 303 7381 170 273 216 220 173 289 672 264 1378 308 2127 257 178 361 661
internal_value=-0.00605193 0.0240042 0.00359513 -0.0408377 0.0308455 0.0327073 0.0358078 0.0319647 0.0236688 0.00144091 0.0720017 -0.0272924 0.0464611 0.0308595 0.0127871 -0.0147992 0.0250525 0.081295 0.0533005 0.0265701 0.0496029 0.0408989 0.046602 0.257238 0.0919714 0.0770024 -0.0290572 -0.0199237 0.0499355 0.219108 0.0894004 0.0401087 0.0383946 -0.016597 0.0477146 0.0436355 0.0139611 -0.0203668 -0.0244483 0.1002 0.0185339 0.0434122 0.0475797 0.0709905 0.0790573 0.0353 0.0404256 0.126395 0.0319341 0.0778019 0.0575194 0.0228116 0.0103683 0.0699072 0.062165 0.0231862 0.101555 0.0887642 0.0931725 0.00372009 0.0652535 0.0963075
internal_weight=3027.89 1624.38 407.802 1403.52 1216.57 1176.91 1070.73 967.956 615.638 106.177 102.777 522.423 352.318 522.354 176.832 226.478 44.1468 8.35462 7.71558 181.324 339.79 117.89 111.205 2.76175 74.4539 58.616 514.069 302.56 13.9722 3.89542 2.86033 345.522 339.538 93.2838 333.509 302.569 57.5344 37.7067 182.331 3.32162 43.2432 297.165 268.929 92.5276 85.5869 176.401 164.084 14.7503 149.334 24.7732 22.2769 124.561 94.6368 18.4422 29.9239 17.1779 6.03611 76.2191 20.4151 28.2365 8.94207 70.4937
internal_count=785942 142157 87002 643785 55155 52177 51589 49773 37134 588 1816 213007 12639 29467 11281 63385 9211 2549 2318 23617 12533 11330 9887 432 1618 1422 210458 121976 5085 1269 937 18186 18096 7667 12465 11333 2910 2318 54174 947 9023 17278 15558 3321 3203 12237 11904 473 11431 2395 2179 9036 8342 961 694 1906 528 3021 521 1720 539 2788
is_linear=0
shrinkage=0.05


Tree=15
num_leaves=63
num_cat=0
split_feature=38 17 34 51 3 49 49 28 49 49 53 40 48 47 29 52 50 17 36 50 43 43 13 17 54 4 10 49 40 10 17 42 40 15 48 29 23 5 5 52 17 55 40 21 51 52 49 40 34 40 54 52 48 23 28 47 43 54 36 49 7 17
split_gain=1154.49 81.9777 54.4405 50.0286 49.7284 38.1368 36.3221 43.7508 40.1686 36.0876 34.1793 46.4646 33.9608 32.6467 31.1501 46.088 38.7158 38.5064 31.0898 30.3591 29.7485 58.0126 26.3024 25.76 24.7807 29.9155 27.4564 24.3486 33.4374 54.5782 25.4917 44.1652 23.0238 22.9885 29.9492 22.9578 24.5682 25.0265 36.1181 22.6655 22.6518 22.5541 22.2079 20.8971 20.2198 20.0958 70.7994 248.259 22.899 62.5663 19.6565 18.5818 20.9114 27.6465 22.8863 18.4145 34.1285 17.9519 27.0282 21.998 17.6924 17.1587
threshold=-13.882347106933592 -4.806591033935546 6.4500837326049814 95.808483123779311 281.11260986328131 255.95982360839847 255.59030914306643 2.3177595138549809 270.15548706054693 285.57859802246099 57.361110687255866 -1.0588302612304685 0.44594246149063116 2.5512099266052251 17.05646896362305 14.174808979034426 54.288368225097663 -1.8849182128906248 193.82353210449222 222.99001312255862 -0.35939025878906244 -6.9086914062499991 -31.797311782836911 -3.9566383361816402 -0.91597560048103321 241.98552703857425 250.8376388549805 290.27322387695318 3.4117660522460942 287.11654663085943 -36.397306442260735 0.53932189941406261 6.6666641235351571 -31.942276000976559 0.1227008104324341 1.5018959045410158 -21.554071426391598 217.3274841308594 213.5385665893555 34.441572189331062 -3.4146156311035152 0.98296290636062633 1.0000000180025095e-35 -37.804346084594719 56.461574554443366 88.222122192382827 287.85705566406256 7.4705810546875009 1.0000000180025095e-35 -2.2941284179687496 -0.7865660786628722 12.738932609558107 0.44594246149063116 -5.7618849277496329 21.475513458251957 -4.0538423061370841 3.7531433105468754 0.12940952181816109 213.23529815673831 274.13537597656256 211.33039093017581 0.44061279296875006
decision_type=2 2 2 2 2 2 2 2 2 2 2 2 2 2 2 2 2 2 2 2 2 2 2 2 2 2 2 2 2 2 2 2 2 2 2 2 2 2 2 2 2 2 2 2 2 2 2 2 2 2 2 2 2 2 2 2 2 2 2 2 2 2
left_child=4 2 13 6 27 24 7 -3 10 -7 18 -12 -11 33 15 -13 35 -16 -8 39 21 -14 -10 50 25 32 -27 40 -29 30 31 -30 -4 -2 44 -17 -37 38 61 55 45 51 -20 -42 -35 -1 48 -48 49 -47 -18 57 -53 54 -54 56 -19 -24 -59 -60 -25 -38
right_child=1 3 5 -5 -6 9 8 -9 22 12 11 14 20 -15 17 16 23 19 42 -21 -22 -23 41 60 -26 26 -28 28 29 -31 -32 -33 -34 34 -36 36 37 -39 -40 -41 43 -43 -44 -45 -46 46 47 -49 -50 -51 -52 52 53 -55 -56 -57 -58 58 59 -61 -62 -63
leaf_value=-0.034233046161566603 -0.048881052757685728 -0.033528248965581653 0.21119174073972277 -0.044489797957837862 -0.048844000092688855 -0.023570275271112398 0.10492975172592643 0.052723660815647624 -0.045544051476088601 -0.041555583236415491 -0.036597933256962381 0.014273155338737353 -0.021399844702770759 0.24265705053709785 -0.045998667226503129 -0.0088234045554663985 0.27903962991969095 0.15216128860128614 0.035584828673497902 0.094418934725839121 0.032471505833361856 0.34895204052843126 0.03892932581926542 0.10925685651007776 -0.0066122089708339649 0.37390240985852347 0.07632653339633938 -0.038137311131166508 -0.050116296494090662 0.54949331100961774 -0.025577411932031582 0.66743734369919783 0.023023611160082117 0.031089709195872658 0.20449326712441387 0.19828913278475013 0.027685179058860435 0.035188603006805361 0.15908424440658422 -0.05082973026021969 0.14127249935457373 0.096465665878557733 -0.005957991302168987 -0.0022120439838526538 -0.026979065984641361 -0.0047063484537391113 -0.023993264813909627 1.1092894556051855 -0.043400315028902604 0.59487561755576135 0.054253057170620927 0.01281988439823894 0.068753517264689687 -0.00037073481680240561 0.21105664860290699 0.016627301028754243 0.019832307300785525 0.13481600474237662 0.094138498013005306 0.012430884919607636 0.0037161622281933178 0.09961143907031432
leaf_weight=440.54012641985901 10.559157040202988 15.790677404496817 1.8999341398011953 23.719780542887747 837.42583539930638 222.70765123749152 7.3342135548591605 213.3310559077654 8.7226859668735397 5.7603513647336504 27.412031539715827 79.881065762368962 1.7170194513164458 1.7011252662632603 21.779381100321189 6.3131442181766024 1.6582369816023854 7.5234966713469502 38.05199936660938 14.24034540215507 5.4262922084890297 2.7523555997759095 91.655816692393273 4.4304557819850734 14.609107642434536 1.5266638891771429 1.5746972535271195 4.1413507026154539 0.44024887192063111 0.75047045852988947 2.031966483220458 0.41809346899390221 11.260157305281608 134.89848508988507 2.3504298417828968 4.9344925954937926 13.626617220230399 19.873612593626603 17.756725820014253 11.046000529546289 3.3812178999651215 18.199479147791862 208.12673375848681 10.170026761712505 16.865202570101246 2.2007213963661347 1.9106627064757042 0.64684621524065722 14.859942002454771 0.54231190728024259 2.3518824062775812 94.111297651426867 23.031113818055022 14.210913799237458 3.220535540720447 140.67867723433301 13.827679211040957 14.113224717788396 16.02264128648676 16.953854490304366 38.280706439632922 21.179568529129028
leaf_count=191833 2686 127 109 2078 430467 67388 41 5378 805 1456 526 4232 281 286 5348 103 191 237 696 319 1173 390 3520 114 2328 143 258 1651 200 332 819 199 1223 14895 357 304 400 1733 389 763 343 266 12920 877 2426 864 753 219 6226 120 353 3711 1305 575 325 4557 492 252 825 942 2058 339
internal_value=-0.00643593 0.0209404 0.00225523 0.0274344 -0.0414796 -0.0116398 0.0288218 0.0467793 0.0247096 -0.018412 0.0181498 0.0264704 0.0549642 0.0247408 0.0305928 0.0441809 0.0625012 0.0169272 0.00348556 0.0242436 0.111149 0.206672 0.04001 0.0260401 0.0406509 0.0831115 0.22281 -0.0286855 0.0590396 0.169577 0.0709319 0.2994 0.0501896 0.0224897 0.0273797 0.0828577 0.0903385 0.0829847 0.101056 0.0184697 -0.030125 0.0425699 0.000463308 0.0335893 0.0246366 -0.0319991 0.0168161 0.262637 -0.0188988 0.113834 0.147205 0.0389811 0.0257436 0.0558026 0.0862112 0.023194 0.066461 0.0518207 0.0769125 0.052131 0.014664 0.0714523
internal_weight=3008.46 1689 435.609 1253.39 1319.46 269.234 1229.67 229.122 1000.55 238.364 700.307 446.794 15.656 166.374 419.382 210.287 130.405 209.096 253.513 187.316 9.89567 4.46938 300.242 46.7213 30.8706 16.2615 3.10136 482.034 7.78213 3.64078 2.89031 0.858342 13.1601 164.673 154.114 83.6842 77.371 72.4365 52.5629 173.076 474.252 291.519 246.179 13.5512 151.764 460.701 20.1605 2.55751 17.603 2.74303 4.01012 273.319 134.574 40.4626 26.2516 162.03 21.3512 138.746 47.0897 32.9765 42.7112 34.8062
internal_count=786526 151623 95399 56224 634903 74749 54146 5505 48641 70688 36115 22458 3300 20650 21932 10216 5984 11716 13657 6368 1844 671 12526 2716 4061 1733 401 204436 3201 1550 1218 399 1332 20364 17678 3268 3165 2861 1128 6049 201235 11721 13616 1220 17321 200015 8182 972 7210 984 544 11455 5916 2205 1630 5286 729 5539 2019 1767 2172 739
is_linear=0
shrinkage=0.05


Tree=16
num_leaves=63
num_cat=0
split_feature=17 3 17 31 51 36 38 44 54 54 50 37 50 54 31 25 36 37 4 27 44 51 38 37 39 54 10 21 32 47 41 12 54 50 28 39 31 45 41 52 41 52 0 10 50 15 44 47 38 51 39 28 39 17 54 39 28 51 38 55 54 55
split_gain=1094.01 63.6775 58.3363 49.3624 40.1605 34.0317 39.059 44.7952 42.7324 32.5959 26.3841 28.4187 24.0386 28.7772 34.8523 70.7422 35.9421 105.996 41.7736 79.8397 23.6993 20.4686 19.9727 58.6737 61.5056 19.5861 20.684 57.5693 19.4354 19.4691 19.2048 18.8571 18.9857 41.2283 41.1874 24.1311 26.0688 28.8186 20.7682 18.0501 33.7684 17.9966 17.8376 24.8494 16.8285 16.6474 21.8076 27.6617 48.4678 16.9842 17.9271 16.5294 16.3637 16.8916 16.3506 16.2585 16.1173 15.7104 26.31 18.9969 22.5231 29.4455
threshold=-12.860662460327147 281.11260986328131 -4.5209541320800772 12.238458156585695 95.808483123779311 199.11765289306643 0.64705657958984386 -0.75073242187499989 0.91597560048103344 0.78656607866287243 222.99001312255862 225.10893249511722 94.860118865966811 -1.0000000180025095e-35 0.21208784729242328 -0.52928495407104481 269.11766052246099 279.05592346191412 269.59858703613287 4.6482706069946298 -5.2107849121093741 62.911327362060554 -14.176475524902342 280.76617431640631 -45.799562454223626 -1.0000000180025095e-35 259.43740844726568 -22.360010147094723 7.7334654331207284 -0.26189267635345453 1.8368432521820071 -47.265754699707024 -0.91597560048103321 100.84975051879884 9.904090881347658 -20.072621345520016 8.7409186363220233 2.0647010803222661 4.2803208827972421 5.1606376171112069 3.4296780824661259 179.38448333740237 281.15161132812506 272.34585571289068 189.46730041503909 -6.456737518310546 -1.8664588928222654 0.596764236688614 -5.6470565795898429 7.6227922439575204 -12.536674022674559 20.955293655395511 -20.599854469299313 -11.004549026489256 -0.7865660786628722 1.0000000180025095e-35 0.28002977371215826 45.087106704711921 1.0000000180025095e-35 -0.98296290636062611 -1.0000000180025095e-35 0.60355338454246532
decision_type=2 2 2 2 2 2 2 2 2 2 2 2 2 2 2 2 2 2 2 2 2 2 2 2 2 2 2 2 2 2 2 2 2 2 2 2 2 2 2 2 2 2 2 2 2 2 2 2 2 2 2 2 2 2 2 2 2 2 2 2 2 2
left_child=1 12 3 21 5 9 8 -8 10 -4 42 -12 22 14 15 20 -16 -18 19 -19 -14 31 -1 30 -25 26 -5 44 -9 -30 -24 -2 33 34 35 36 37 -33 45 40 -15 -41 43 57 -28 46 47 49 -49 -34 52 56 -51 -54 -13 -31 -10 59 -59 -7 61 -61
right_child=2 -3 4 25 -6 6 7 28 51 -11 11 54 13 39 16 -17 17 18 -20 -21 -22 -23 23 24 -26 -27 27 -29 29 55 -32 32 38 -35 -36 -37 -38 -39 -40 41 -42 -43 -44 -45 -46 -47 -48 48 -50 50 -52 -53 53 -55 -56 -57 -58 58 -60 60 -62 -63
leaf_value=-0.036793734572638459 -0.046818041314973941 -0.048790023858179293 -0.026920648202338901 -0.012505092216555129 -0.039520864190686643 -0.015744467422010518 0.017695597839553087 0.14105642642563146 -0.069214549996092528 0.029500945046647138 0.11905079730808105 0.09252197399253248 0.22517156597653606 0.3021634839048028 -0.014175517633969213 0.58943424284025625 0.79365581839721344 -0.05015347414350492 -0.007049814844460562 0.84787122630661116 -0.014614458658348093 -0.037311987324945055 0.045217869648591549 -0.024358952679656893 0.3705415641596998 -0.037555815823154946 0.012626993833626263 0.4322992182874863 0.10016851585946274 0.080744819684678393 -0.027055741124631744 0.072379634230455528 -0.028920833544241006 0.35370184576319402 0.32114490709295634 -0.023415012183648925 -0.050262983686005819 0.31274170636087384 0.0058734553535874506 -0.041835422757600549 -0.009716604288140477 0.26961850684314026 -0.04140834830717869 0.15205680845608827 0.24104815955953698 0.13387421883419034 -0.0087692370256630525 -0.0087498297424620178 0.23021928100449648 0.020426208406308113 -0.019724004843318793 -0.036109608902864042 0.16684331238423566 0.064255808812664267 -0.031129912691127939 0.0087865911239942401 0.014040984492858434 0.060989820601116934 -0.011952012818993298 0.030556526139094393 0.040920681269029632 0.0047159446206852121
leaf_weight=341.65981186646968 9.0635623540729267 800.53748624143191 53.931137189269066 80.19672893313691 22.803447893355042 25.291342793032527 43.930041709449142 11.602297673933206 6.213025427889078 48.726291969418526 16.955996692180637 4.3559358122292924 1.6264707883819935 1.1348481967579562 26.361838899785653 0.78049155394546588 0.53322603506967325 0.5570262453984467 4.6421229927800596 0.44541637692600489 2.8119933481793851 14.76661229226738 10.326869348762555 1.9270707480609419 2.019099485827609 67.347835943335667 13.501897313632067 0.92950667510740359 28.683219919446856 15.049472451210024 83.610850302036852 3.6009875242598417 8.276677474845199 1.2357490130234499 1.343752318760379 8.7631237597670424 2.1328519675880671 1.9076802576892076 94.093767007347196 42.086155594326556 3.6898284391500056 0.46898139361292024 8.8956851009279472 4.1335602782201013 0.85754029988311309 4.5068060271441928 20.702815726632252 3.5830895758699626 5.202808497939257 11.589729377534239 7.3816106528975096 26.185250470647588 5.8083535742480299 12.978425605921077 6.9215845770668203 16.408610165119171 90.305241937050596 75.005573874339461 14.802295735571532 347.30246673733927 240.57184421923012 161.51274047023617
leaf_count=158588 2486 431423 227 21476 2005 2426 427 131 196 328 354 225 267 280 9940 177 173 228 2043 179 1073 2792 1207 477 352 21883 3515 102 552 254 27869 416 399 198 210 1376 574 241 16050 17746 1037 181 960 284 158 254 3526 533 215 486 374 1122 281 394 578 491 4097 4750 245 19078 11438 5050
internal_value=-0.00608842 -0.0399169 0.0210919 0.00389894 0.0262349 0.0274375 0.029912 0.0574586 0.0268137 -0.00014017 0.030565 0.0781403 -0.0263787 -0.00206139 0.0305013 0.150449 0.0112631 0.119815 0.0561589 0.348867 0.0732549 0.0195164 -0.0310889 -0.0111763 0.177696 -0.0169078 -0.00234428 0.0509533 0.0818063 0.0703759 -0.0191105 0.0236671 0.0269754 0.074456 0.0550132 0.0332136 0.098154 0.155618 0.0217987 -0.0280117 0.063643 -0.038403 0.0290343 0.0297557 0.0262682 0.0405225 0.0349518 0.0514629 0.132762 0.0359466 0.0501657 -0.000876881 0.0671492 0.095973 0.0166306 0.0432112 0.0086817 0.0291709 0.0489674 0.0268759 0.0283143 0.022354
internal_weight=2974.58 1325.22 1649.36 379.772 1269.59 1246.78 1144.13 115.674 1028.45 102.657 905.749 28.2335 524.682 85.1384 37.7586 5.21896 32.5396 6.17779 5.64457 1.00244 4.43846 216.938 439.544 97.8839 3.94617 162.834 95.4857 15.2889 71.7436 60.1413 93.9377 202.172 193.108 18.9841 17.7484 16.4046 7.64152 5.50867 174.124 47.3798 4.82468 42.5551 877.516 868.62 14.3594 80.0303 75.5235 54.8207 8.7859 46.0348 37.7581 122.704 30.3765 18.7868 11.2775 31.4581 96.5183 864.486 89.8079 774.678 749.387 508.815
internal_count=786397 653240 133157 77939 55218 53213 52658 1855 50803 555 45388 1157 221817 33324 14080 1517 12563 2623 2450 407 1340 30805 188493 29905 829 47134 25251 3775 1428 1297 29076 28013 25527 3015 2817 2607 1231 657 22512 19244 1317 17927 44231 43271 3673 6462 6208 2682 748 1934 1535 5415 1161 675 803 745 4293 42987 4995 37992 35566 24128
is_linear=0
shrinkage=0.05


Tree=17
num_leaves=63
num_cat=0
split_feature=17 15 52 17 35 53 53 47 52 42 43 55 42 43 47 9 55 38 40 40 42 54 30 36 37 10 12 52 47 43 41 43 29 46 52 26 53 5 27 55 54 5 38 53 36 36 44 50 54 51 43 2 32 36 51 43 42 47 5 10 36 38
split_gain=999.813 58.508 52.9806 41.5621 62.8277 31.8563 28.1231 25.2212 25.8108 25.1074 42.9668 38.9595 24.1532 39.2504 34.5145 24.2484 20.5958 34.9285 39.5349 48.7177 23.928 20.073 30.8761 43.6041 49.2101 46.932 27.5565 23.5721 20.0246 25.116 21.117 33.6153 20.5885 27.2717 19.3979 18.9326 18.4757 19.2153 21.0792 60.9355 25.4976 33.2633 23.1128 22.6905 18.8278 26.7001 18.161 16.9693 23.5665 20.1535 19.9323 19.6154 21.6838 19.2639 20.1796 16.3407 26.3505 30.103 27.4462 26.2547 23.064 18.3643
threshold=-13.95042037963867 -37.387928009033196 83.907512664794936 -4.5209541320800772 12.472651004791262 789.00000000000011 1193.0000000000002 -0.64798307418823231 1.6373844742774966 22.131034851074222 2.0560150146484379 -0.6035533845424651 8.2235107421875018 -2.1890258789062496 -0.048317104578018182 254.6767501831055 0.60355338454246532 -34.588233947753899 0.74509429931640636 -0.17647552490234372 6.2544097900390634 -1.0000000180025095e-35 1.773861885070801 263.23529052734381 267.62890625000006 269.47465515136724 -40.445178985595696 36.042289733886726 7.3394865989685067 0.36944580078125006 5.3860976696014413 6.1756896972656259 -0.36545133590698237 6.6091613769531259 11.179813385009767 -1.4828133583068845 625.08334350585949 227.15650177001956 16.909451484680179 -0.37940952181816096 -0.6035533845424651 221.87969207763675 -1.9411773681640623 438.16667175292974 216.17646789550784 228.529411315918 1.6120185852050783 16.58189678192139 0.91597560048103344 45.087106704711921 -12.983398437499998 225.10417938232425 22.271135330200199 196.17646789550784 14.544610023498537 15.145767211914064 10.569992065429689 0.91485166549682628 234.2858810424805 250.13603210449222 222.64705657958987 -5.1176528930664054
decision_type=2 2 2 2 2 2 2 2 2 2 2 2 2 2 2 2 2 2 2 2 2 2 2 2 2 2 2 2 2 2 2 2 2 2 2 2 2 2 2 2 2 2 2 2 2 2 2 2 2 2 2 2 2 2 2 2 2 2 2 2 2 2
left_child=1 -1 3 4 55 9 7 8 -5 21 11 -11 -6 14 15 -14 17 -7 19 20 -19 22 23 24 -3 -26 -27 -28 30 -30 31 32 46 -34 -13 -10 37 38 39 40 41 -37 -42 -41 -40 -46 -9 53 49 50 51 -49 -53 -32 -55 56 -2 58 -58 -60 -59 -61
right_child=2 5 -4 6 12 16 -8 28 35 10 -12 34 13 -15 -16 -17 -18 18 -20 -21 -22 -23 -24 -25 25 26 27 -29 29 -31 47 -33 33 -35 -36 36 -38 -39 44 43 42 -43 -44 -45 45 -47 -48 48 -50 -51 -52 52 -54 54 -56 -57 57 60 59 61 -62 -63
leaf_value=-0.047189970779699004 0.016268501062550324 0.011239319812563596 -0.038354648252026752 0.12428226853255371 -0.02910060464410948 0.41327234778506838 0.0744512228939328 -0.060675937930240544 -0.066603177309871864 0.4456034765092019 -0.0058630363866652643 0.25947486192261859 0.11999243305821261 -0.0029858588790750203 0.022581280984211111 0.43808932424251429 -0.039706169981700207 -0.050199436593778735 -0.011782622161363519 0.52020385695786053 0.25909224080871279 -0.04037592531339633 -0.027165272517940188 -0.028827300366115804 0.52722911675627793 0.39288546877020136 -0.0095715084082417939 0.24039680980334879 0.0331240855025502 0.13314672951487136 0.08471137960201966 -0.016402142889694726 0.042252158341205173 0.13931826468433514 -0.020946522117356241 0.100589692967456 -0.016122684744967548 -0.019791183919403151 0.030846112037420083 0.035022821857994241 -0.01372634025236538 0.30927763747002879 0.13682869919352716 0.11996181490915002 -0.016847524150407144 0.16832862854648692 0.045370931579838202 0.018460094545505634 -0.022617850266061279 0.041444277992687531 -0.0020725506890379168 0.15457464171264068 -0.027988407876224738 0.0072609752438234018 0.051615566593766017 -0.021303594968408689 -0.02132698187248476 0.27023703734453941 0.16529483261681888 0.021198646610688196 0.06768887552152697 0.10056595703241909
leaf_weight=875.60772069706582 154.69801002263557 7.2930045046377945 39.58130019926466 7.4273218505550167 120.81912941846531 0.75485134311020274 27.669465324142948 8.6910972096957284 4.9807389688212416 1.0075586459133776 19.226988292881288 0.96726813726127447 1.1716717663221063 38.732420042390004 2.7266939729452124 1.2259903358062727 4.7553958646021774 1.4062442008871592 6.509035044698976 0.87446869804989358 1.1260753193637354 194.84426036337391 111.00696344138123 14.089356806944123 0.95189408212900151 0.90253829490393389 2.4442785708233719 1.5356566086411474 44.582872838014737 7.3044411526061586 11.988319501280783 31.053156278096139 109.35637076781131 7.749089414952322 1.7015395080670712 3.9106120874639627 19.716734389541671 16.522600460099056 209.91341412998736 205.62205209583044 3.926686048740522 3.7314279992133379 7.2666757137048963 8.1752894353121501 36.787488274741918 2.0553861176595083 7.5395742282271376 29.155724080279469 68.315473129972816 43.440600692294538 195.03584967227653 6.0664757729973626 2.2223051963374019 100.53351020184346 34.42413280508481 19.169404721586034 12.181834301445631 2.7301762509159735 5.5598527947440735 21.767031175317239 2.896567570976913 10.957285478478299
leaf_count=487858 27871 2030 5754 312 39873 230 662 175 86 183 4866 191 238 8926 534 178 1565 475 2306 142 158 88046 47863 6443 270 276 627 151 1659 146 68 349 3337 141 386 189 972 2108 4959 6637 411 209 147 322 5684 361 326 1306 2659 2404 9874 533 411 5071 1537 1691 915 83 351 2149 316 475
internal_value=-0.00613509 -0.0401364 0.0188151 0.0201784 0.00601177 -0.0235069 0.0245973 0.0234826 0.0317293 -0.0265553 0.0240831 0.180698 -0.0175636 0.0142192 0.144263 0.282644 0.0468372 0.0854053 0.0604461 0.198447 0.0873368 -0.0300374 -0.015464 0.0322611 0.0978262 0.20606 0.143445 0.0868787 0.0173041 0.0472048 0.0149375 0.0304493 0.0413607 0.0486752 0.0806879 0.0304139 0.0313474 0.0332272 0.0350469 0.0458663 0.132081 0.202487 0.0840133 0.0382708 0.0249289 -0.00704885 -0.0114144 0.00974602 0.00367403 0.0101837 0.00434239 0.0377557 0.105628 0.0239703 0.0185747 0.0228942 0.0269136 0.0562717 0.044041 0.0648408 0.165968 0.0477737
internal_weight=2946.39 1247.01 1699.38 1659.8 394.636 371.397 1265.16 1237.5 530.036 355.971 22.9034 3.67637 164.676 43.8568 5.12436 2.39766 15.4261 10.6707 9.91582 3.40679 2.53232 333.068 138.224 27.2167 13.1274 5.83437 4.88247 3.97994 707.459 51.8873 655.572 164.389 133.336 117.105 2.66881 522.609 517.628 497.912 481.389 232.633 18.8354 7.64204 11.1934 213.797 248.756 38.8429 16.2307 491.182 344.236 275.921 232.48 37.4445 8.28878 146.946 134.958 229.96 210.791 56.0927 50.466 38.2842 5.62674 32.7243
internal_count=786475 644066 142409 136655 83600 156208 53055 52393 22397 151332 5626 760 49749 9876 950 416 4876 3311 3081 775 633 145706 57660 9797 3354 1324 1054 778 29996 1805 28191 4328 3979 3478 577 22085 21999 21027 18919 7915 956 398 558 6959 11004 6045 501 23863 17187 14528 12124 2250 944 6676 6608 33851 32160 4289 3890 2975 399 2624
is_linear=0
shrinkage=0.05


Tree=18
num_leaves=63
num_cat=0
split_feature=17 17 27 3 53 51 53 40 36 36 36 36 47 31 41 44 27 5 16 39 55 52 54 44 52 23 29 36 36 10 23 11 54 46 40 54 52 29 54 38 51 46 52 15 17 29 37 53 55 22 44 23 36 55 53 40 52 3 44 52 37 10
split_gain=924.379 62.4813 55.1572 50.759 30.3158 28.7265 27.6598 26.4574 31.022 25.3246 39.1943 33.2998 26.3509 28.4606 23.8282 23.3814 21.9975 20.8877 25.427 24.1558 19.8374 19.0978 24.5082 41.5176 57.9084 61.522 18.7371 30.5269 33.4479 31.1141 29.0459 26.9702 20.962 23.4582 17.1556 18.2444 16.6819 18.2335 17.4842 21.2387 18.3711 23.4873 21.5829 21.1161 20.4038 27.5424 33.111 37.6041 37.5627 25.2366 20.0675 43.8379 21.0014 19.4787 24.5889 18.8422 18.6868 23.9865 18.4162 26.0608 34.1513 21.4914
threshold=-15.929212570190428 -4.5209541320800772 2.1731405258178715 280.86952209472662 1089.1666564941409 95.808483123779311 789.00000000000011 14.627449035644533 229.70588684082034 199.11765289306643 197.35294342041018 203.82353210449222 -0.24942165613174436 36.357675552368171 4.2803208827972421 8.3828678131103533 -2.2763547897338863 236.56761169433597 -11.190679550170897 -28.334059715270993 0.98296290636062633 92.846775054931655 -0.6035533845424651 -6.1366901397705069 135.44622802734378 -38.245050430297844 0.057122707366943366 230.88235473632815 225.00000762939456 250.13603210449222 -18.475384712219235 252.05545806884768 -0.91597560048103321 0.85036849975585949 -0.52941894531249989 0.60355338454246532 1.5152348875999453 6.0852251052856454 0.91597560048103344 0.64705657958984386 45.394685745239265 -4.3344783782958975 39.807723999023445 1.0000000180025095e-35 0.44061279296875006 17.05646896362305 223.4894714355469 -2.8749999999999996 0.60355338454246532 -11.554383277893065 2.6275386810302739 -11.522881507873533 230.29412078857425 -0.7865660786628722 126.50000000000001 32.784309387207038 23.624198913574222 225.55669403076175 -1.0603961944580076 8.858396530151369 231.20188903808597 227.77851867675784
decision_type=2 2 2 2 2 2 2 2 2 2 2 2 2 2 2 2 2 2 2 2 2 2 2 2 2 2 2 2 2 2 2 2 2 2 2 2 2 2 2 2 2 2 2 2 2 2 2 2 2 2 2 2 2 2 2 2 2 2 2 2 2 2
left_child=3 2 26 6 5 9 21 8 14 10 -3 12 13 -11 -4 -8 -13 -16 19 -19 36 -1 23 -23 25 -25 -2 28 -28 -30 31 -29 33 -33 35 -34 37 -18 40 -40 44 -42 43 53 45 46 48 -48 -38 -49 52 -52 58 -43 -55 -47 -56 -58 59 -51 61 -61
right_child=1 4 7 -5 -6 -7 15 -9 -10 11 -12 16 -14 -15 17 -17 20 18 -20 -21 -22 22 -24 24 -26 -27 27 30 29 -31 -32 32 34 -35 -36 -37 38 -39 39 -41 41 42 -44 -45 -46 55 47 49 -50 50 51 -53 -54 54 56 -57 57 -59 -60 60 -62 -63
leaf_value=-0.031940807884885049 0.016351959909500401 0.030043471705909625 0.12536988076891606 -0.048666205695916558 0.066399968750278329 -0.036614319245244865 0.024113650299242027 -0.038181593494687603 -0.014304482366873417 0.11669444798927109 -0.030561092702480898 -0.084861564726480598 0.018000342408433755 0.027623560944368145 0.0039314180789576198 0.32755349079549023 0.0066085691959429319 0.19725130430822824 0.18882557591129892 -0.0038798206889465075 0.061134805422425088 -0.050608745954230351 -0.017597311867554446 0.017082960062414023 -0.050186611507146962 0.58451437570365228 0.035289726430460064 0.31069660446117514 0.32372912436776891 0.1018054343220266 -0.03357898796222173 0.037002644144547701 0.16485308054869827 0.36099239947215561 -0.018652816060750303 -0.051422616859689387 0.037925322749379771 0.13603435716877396 -0.0034131855175611584 0.060726314268745578 -0.037154206081007252 0.11444024080762932 0.0072202593713368126 0.0051723633511995479 0.037618703144151215 -0.0056630954881978068 -0.043127830199465249 0.02097860869525859 -0.017579103526725509 0.0046333458206301754 0.3061753245581178 0.066024171751318014 -0.051183914212341808 -0.006946131650449429 0.023677503365079566 0.026687615527763366 0.071668630504766614 0.19577344667333979 0.039394763284692269 0.15519561734049908 0.21970457267944915 0.042967164317243553
leaf_weight=385.36273960396647 79.511728712939657 51.571488082408905 5.2429391767363986 733.61349678889383 37.862554645864293 21.27390755712986 16.07327110297047 65.157586064189672 183.3666643705219 25.060713547281921 55.268298022449017 4.7859469994436941 23.72444750694558 13.966433596797286 67.252761538373306 0.66094752959906955 4.6660663511138392 1.8167753962334234 3.4624514870811245 8.3713270977605116 32.34820381202735 2.4565802338765934 13.709469929221084 0.7433600974036384 1.238018756965175 1.3365818369202345 5.5020255544222874 1.1074112444184709 2.9189136698842049 3.4416140236426145 10.894283244851978 1.1427964242175197 3.4021611582720617 1.0930722875054923 7.428735521389175 1.366878872271627 48.910215198993683 6.5288845081813633 116.80272255372256 14.510098077356814 8.4153499717358482 21.001928853336722 22.576760569121689 12.940795687958596 144.82773712906055 169.01069715456106 15.154600659152491 125.20618294458836 80.900916455313563 8.2545590742956829 2.3623525719158343 9.7155564723070693 5.3627666900865725 11.435694694519041 9.6200351072475332 61.347054687328637 12.688722955295818 5.6168974465690544 105.83019941463135 6.1333918962627711 5.3076728929299852 14.009196451632304
leaf_count=181439 6089 282 300 434222 914 2008 5340 21059 56555 285 283 98 604 276 11769 119 129 343 327 1471 795 726 5264 296 479 312 172 238 169 298 1415 242 478 182 1564 282 898 358 5286 170 218 1077 1736 218 2800 15026 1043 7385 1871 490 163 859 778 731 523 1819 454 303 4289 112 362 557
internal_value=-0.00593899 0.0167939 0.000767724 -0.040721 0.0223084 0.0210013 -0.0268951 -0.00958973 -0.00267734 0.0219773 -0.00130731 0.0241423 0.059557 0.0848191 0.0220716 0.0360985 0.0220965 0.0153774 0.0717686 0.0319865 0.0225698 -0.0294989 0.0187971 0.105202 0.220563 0.381717 0.0301909 0.0589225 0.125561 0.203649 0.0290191 0.0729003 0.0546555 0.195395 0.0288578 0.102865 0.0213807 0.0820896 0.020726 0.00367424 0.0231957 0.0429365 0.049966 0.0631311 0.0206295 0.0168873 0.0244024 0.0336005 0.00333384 0.0377212 0.0510754 0.112996 0.0459141 0.0755564 0.0548093 0.00295229 0.0800984 0.109749 0.0496458 0.0818333 0.106872 0.0771406
internal_weight=2922.67 1767.48 452.48 1155.19 1315 1277.14 421.581 334.671 269.513 1255.86 106.84 1149.02 62.7516 39.0271 86.1463 16.7342 1086.27 80.9033 13.6506 10.1881 1081.49 404.847 19.484 5.77454 3.31796 2.07994 117.81 38.2979 11.8626 6.36053 26.4353 15.5411 14.4336 2.23587 12.1978 4.76904 1049.14 11.195 1037.94 131.313 906.629 104.296 95.8808 73.3041 802.333 657.505 427.148 297.336 129.811 282.182 156.976 12.0779 144.898 60.3633 39.3614 230.358 27.9257 18.3056 139.535 33.7048 25.4503 20.1426
internal_count=786350 158153 102953 628197 55200 54286 193975 91824 70765 52278 565 51713 1165 561 14210 5459 50548 13910 2141 1814 50450 188516 7077 1813 1087 608 11129 5040 639 467 4401 2986 2748 424 2324 760 49655 487 49168 5456 43712 5260 5042 3306 38452 35652 18807 16038 2769 14995 7610 1022 6588 3088 2011 16845 1280 757 5810 1521 1031 669
is_linear=0
shrinkage=0.05


Tree=19
num_leaves=63
num_cat=0
split_feature=17 15 49 48 52 17 49 38 8 44 41 39 49 44 23 54 28 49 3 48 54 48 17 51 52 5 43 41 8 29 34 43 11 48 49 54 34 14 5 21 34 39 35 11 48 24 41 11 40 44 31 17 38 52 17 5 14 29 5 48 43 49
split_gain=847.89 76.5185 64.1829 48.9623 32.0892 26.0861 25.0501 38.8074 27.9339 23.0652 41.3888 28.7636 23.6252 36.8901 23.0294 44.4026 27.1578 29.4789 47.2785 42.0934 27.4235 30.3055 29.4521 25.2373 22.4227 22.3451 22.1054 21.8545 24.2928 32.1343 27.7343 20.1699 19.3027 32.9833 21.2439 25.6651 32.0677 24.9259 23.9046 22.9889 29.2668 22.7054 22.0958 52.6012 21.663 20.5802 20.0967 19.7339 22.5731 19.2812 18.923 17.898 17.3774 17.2752 30.6019 21.4125 30.1652 17.1764 19.5058 16.9592 17.7194 18.0881
threshold=-11.373033523559569 -37.387928009033196 256.60597229003912 0.91809886693954479 88.222122192382827 1.1571083068847658 269.27120971679693 -5.3529434204101554 277.91564941406256 -4.1017856597900382 2.6681184768676762 -45.176469802856438 284.25558471679693 -4.2390689849853507 -24.102975845336911 -0.6035533845424651 0.24665784835815432 260.24180603027349 207.9305114746094 -0.47145682573318476 0.78656607866287243 0.91453474760055553 -0.99594497680664051 13.819287300109865 20.159981727600101 209.49958801269534 -2.4231719970703121 39.171630859375007 254.48683166503909 2.8338661193847661 3.2521486282348637 -0.0023345947265624996 269.87863159179693 0.63953983783721935 274.31605529785162 -1.0000000180025095e-35 10.353500366210939 -14.005401611328123 224.38174438476565 -4.4911494255065909 4.1684873104095468 -37.628906249999993 8.047699451446535 231.29206085205081 0.23799896240234378 24.555786132812504 3.1113551855087285 216.65484619140628 0.27452087402343756 -5.2107849121093741 36.357675552368171 -9.9152107238769513 -4.7058792114257804 9.6347298622131365 -0.99594497680664051 236.56761169433597 -12.545822143554686 13.62691116333008 221.06523132324222 -0.60007590055465687 -4.4560928344726554 262.42489624023443
decision_type=2 2 2 2 2 2 2 2 2 2 2 2 2 2 2 2 2 2 2 2 2 2 2 2 2 2 2 2 2 2 2 2 2 2 2 2 2 2 2 2 2 2 2 2 2 2 2 2 2 2 2 2 2 2 2 2 2 2 2 2 2 2
left_child=1 -1 5 4 6 27 7 -4 32 10 11 -3 -12 -14 15 23 -16 19 59 -18 21 -21 -22 -9 -25 31 -27 28 30 -30 -2 -24 34 46 35 47 37 -37 39 40 -36 -42 -39 -44 -38 57 -34 -8 -49 51 -29 -40 -13 54 -46 -55 -57 58 -43 -19 -61 -62
right_child=2 9 3 -5 -6 -7 8 14 -10 -11 12 52 13 -15 16 -17 17 18 -20 20 22 -23 25 24 -26 26 -28 50 29 -31 -32 -33 33 -35 38 36 44 42 49 -41 41 45 43 -45 53 -47 -48 48 -50 -51 -52 -53 -54 55 -56 56 -58 -59 -60 60 61 -63
leaf_value=-0.046720661991907025 -0.078867406407397353 0.30047414281749507 -0.021042648010765101 -0.040058089119055916 -0.044917969923179792 0.089134553012591086 0.05993342913271206 0.032001163890679495 -0.030571908620381762 -0.032382463731052961 -0.027271515846552546 0.019983667561504784 0.01485287399471516 0.38626666100973484 -0.073798185319042794 -0.0084188748019353339 0.11793836558700206 -0.0072358653605402133 -0.014349066353549669 0.0014678790611412913 -0.047210797406216948 0.11547938414808644 -0.0082370715433597134 0.29207168289522989 0.10128298577637812 0.022962490726998453 0.092508022544577226 0.096699009797214866 0.19473685806592286 0.026085537779614771 0.025615401553339918 0.047600568550406355 0.1082010805598017 0.23089422118622968 -0.040854604609557178 -0.0071371490911041544 -0.036269238841560171 0.071472120359352895 0.16783437932766607 -0.0036618742153054955 -0.021106424922164288 0.088577323687406201 0.05379513303938336 0.30178886916009579 -0.00057753467800728626 0.011170557346189883 0.0021453200526936737 0.052469926333042975 0.0015117395342200723 -0.022707120237051064 0.039254299950560415 0.01392562765307896 0.14832154060491756 -0.028072254245908486 0.15324855223184786 -0.050146277588139866 0.44467520614425537 0.17150011468246273 0.013411285677138783 0.0041310491158377521 0.038843807270236605 0.10857185041785936
leaf_weight=799.79331786837429 6.4841550225391975 0.99763039988465507 96.909976551542059 44.388676431262866 23.124265522696078 20.551762318238616 25.901333049871027 3.287551805609839 23.268991795834154 211.30287588434294 152.21439911727794 38.498275710502639 24.538807995268147 0.68727506056893517 9.2197331720963103 9.6458030939102155 11.315689319977535 19.584207523614168 173.6019957633689 153.38972743274644 9.6185206326190364 6.0588157572783521 27.327899459283799 3.3140947169158608 2.8768080673180521 17.344134077662602 33.487312918761745 21.079445967916399 4.8837978923693282 6.698088446399197 310.14131482690573 39.621088328771293 7.822067443514249 2.8374214081559321 9.8905381564982218 8.5169596183113736 13.308322182623668 49.55347476224415 2.4959668896626681 47.883756023831666 9.5423727782908809 31.809033857425675 5.1133870491757971 3.6749618668109179 6.0061017614789307 15.328485051635651 10.413331332383676 27.486097002867609 103.81379877519794 61.121834207791835 44.813991806702688 7.7669368050992471 2.8316353564150623 9.6794617390260083 7.0029451749287563 0.62624063668772578 0.60608646227046736 4.4310142970643929 11.844997485401107 17.062029981054366 24.724566109944135 14.909280827734618
leaf_count=488425 64 257 25249 10094 3643 137 270 264 3932 99362 59582 8778 8782 285 118 650 359 355 14371 8871 1080 277 419 215 211 248 383 352 80 668 13930 530 267 306 224 640 2111 1118 358 1364 576 1150 154 330 1190 716 1083 635 7389 9217 734 675 70 1313 129 230 160 203 776 413 328 205
internal_value=-0.00610868 -0.0375683 0.0171731 0.0115127 0.0134138 0.034217 0.0145559 0.00823234 0.0229412 -0.0205873 -0.00924649 0.0351802 -0.0198443 0.0249719 0.0131544 0.0671045 0.011303 0.0127346 6.75252e-05 0.0233506 0.0196192 0.00580015 0.0369147 0.143961 0.203415 0.0437848 0.0687785 0.0313531 0.0260774 0.0972017 0.0234757 0.0248082 0.0255114 0.0723131 0.0233832 0.0327987 0.0520566 0.072766 0.011211 0.0239175 0.0398579 0.0508 0.0844305 0.157497 0.0148653 0.0616203 0.0476379 0.0200475 0.0121792 -0.0120591 0.057631 0.0513567 0.0287765 0.043314 0.0822291 -0.00308073 0.193218 0.0777026 0.0681819 0.0328775 0.0467337 0.0650738
internal_weight=2894.07 1230.86 1663.21 1248.56 1204.17 414.653 1181.05 673.299 507.746 431.071 219.768 42.3275 177.44 25.2261 576.389 19.1243 557.265 548.045 249.882 298.163 286.847 159.449 127.399 9.47845 6.1909 117.78 50.8314 394.101 328.207 11.5819 316.625 66.949 484.477 21.0728 463.404 261.289 104.088 66.8588 202.115 130.73 82.8464 72.9559 58.3418 8.78835 37.2292 63.4135 18.2354 157.201 131.3 71.3847 65.8934 10.2629 41.3299 23.9208 13.009 10.9118 1.23233 48.085 43.654 76.2801 56.6959 39.6338
internal_count=786305 665541 120764 104799 94705 15965 91062 54546 36516 177116 77754 9105 68649 9067 29297 1340 27957 27839 15672 12167 11808 9148 2660 690 426 1580 631 15828 14742 748 13994 949 32584 1656 30928 15669 7375 2242 15259 5009 3645 3421 1602 484 5133 2845 1350 8294 8024 10250 1086 1033 8848 3022 1319 1703 390 2129 1926 1301 946 533
is_linear=0
shrinkage=0.05


Tree=20
num_leaves=63
num_cat=0
split_feature=38 3 49 48 53 51 49 40 26 17 41 36 53 40 14 48 11 36 4 39 47 46 17 28 53 40 53 55 46 35 25 5 49 5 4 0 28 39 49 48 41 48 42 45 11 48 47 48 45 48 38 49 48 55 15 48 35 48 25 47 48 38
split_gain=818.931 57.2144 51.5558 50.2575 36.983 33.4438 25.6422 30.8073 33.2449 36.5855 30.702 24.9868 24.0825 27.5394 25.7586 29.4901 47.3528 24.5409 27.6015 22.4584 23.1657 23.9662 21.5365 21.8737 21.6749 21.0984 26.9893 20.7536 49.354 51.3818 86.9304 47.3274 32.7654 20.4094 30.7873 30.5707 47.8952 20.1792 26.597 23.816 19.5062 19.2518 19.2061 19.1105 21.0858 35.1778 22.4084 36.028 24.6159 22.8036 35.4777 17.9265 17.8848 20.3584 17.8268 31.2725 28.2899 18.2099 25.8297 20.1855 24.9104 18.5163
threshold=-13.529411315917967 281.11260986328131 256.60597229003912 0.91809886693954479 16.083333015441898 68.914424896240249 290.36918640136724 3.4117660522460942 7.1595668792724618 -36.397306442260735 18.908981323242191 209.70588684082034 1089.1666564941409 9.9608001708984393 -27.046791076660153 0.42884278297424322 278.43545532226568 233.23529815673831 250.45456695556643 -26.570807456970211 0.91485166549682628 7.7233991622924814 -3.4146156311035152 1.592099189758301 545.16665649414074 9.5490112304687518 73.250000000000014 -0.6035533845424651 2.5121641159057622 17.806648254394535 12.018198013305666 266.14660644531256 288.57763671875006 231.42743682861331 231.08781433105472 250.60169982910159 2.364836692810059 1.0000000180025095e-35 269.97990417480474 0.91263091564178478 2.5659654140472417 -0.44543808698654169 -12.573532104492186 -2.3471002578735347 257.98048400878912 0.83848184347152721 -0.9768693447113036 0.91453474760055553 -0.11771965026855467 0.096768677234649672 -1.117652893066406 258.11538696289068 -0.37438794970512385 0.78656607866287243 -15.532854080200194 0.35908776521682745 3.3347398042678837 -0.22978341579437253 4.8394927978515634 1.078674912452698 -0.3497984111309051 -6.7058792114257804
decision_type=2 2 2 2 2 2 2 2 2 2 2 2 2 2 2 2 2 2 2 2 2 2 2 2 2 2 2 2 2 2 2 2 2 2 2 2 2 2 2 2 2 2 2 2 2 2 2 2 2 2 2 2 2 2 2 2 2 2 2 2 2 2
left_child=1 6 11 4 37 12 22 -8 -9 10 -10 -2 13 14 -6 17 19 18 33 -17 21 25 24 -24 -1 26 -21 28 29 30 -26 -32 -30 34 51 36 -36 38 39 -4 52 -13 -40 -15 46 -46 47 49 -48 50 -45 -16 53 -19 55 -43 -56 59 -59 60 -58 -60
right_child=2 -3 3 -5 5 -7 7 8 9 -11 -12 41 -14 43 15 16 -18 40 -20 20 -22 -23 23 -25 27 -27 -28 -29 32 -31 31 -33 -34 -35 35 -37 -38 -39 42 -41 -42 54 -44 44 45 -47 48 -49 -50 -51 -52 -53 -54 -55 56 -57 57 58 61 -61 -62 -63
leaf_value=-0.032214815390008276 0.065244482630605824 -0.048335362442213946 -0.031856279800426587 -0.038690913653613469 -0.014900481121403462 -0.030793225552974365 -0.03602086743424069 0.55067908307373814 0.61366160741691367 -0.024032838320946683 0.10169075261024392 -0.053239444921211049 0.05910509364790565 -0.025761977356858069 0.097648692910814974 0.0095664226965437808 0.29836603771197384 0.13599616274137269 0.14380794760969096 0.14485911102180676 0.031967937077960487 0.26326645352451644 0.10595304112854652 -0.015283408268550564 0.00051509953169470702 0.23355064978339901 0.0051112614050108718 -0.014429652212525422 -0.050126321799001589 -0.050166228155526453 0.91456450575442538 0.32148595642381211 0.39393838390824443 -0.0045858195221983814 0.36247358187059214 0.042381395109846516 0.091770649424604389 0.033287934855755326 0.15678508526044396 0.12675977447546888 -0.019730142677917922 0.13857833059995489 0.0049302097335837819 -0.011413149869372474 0.0048287702016548383 0.29270522006876448 -0.045464647129301795 0.21162756652393325 0.0054296050155636195 0.014417194512988602 0.19709303744166093 0.023848673261116823 -0.013699717601517765 0.026141165711346045 -0.080767137929392649 -0.051028306414668614 -0.017227077904758758 -0.037914175077813361 -0.03358189398102885 0.11184434626541812 0.083627846740696371 0.030220505144645107
leaf_weight=373.98839227366261 47.745886220596731 660.22006511862855 102.55886793625541 48.669215476838872 42.306490887654945 35.400999201810919 3.5200171201722688 0.49920859385747496 0.5272516780532901 1.9163064047461371 0.65862409386318177 7.356346577173098 35.489960806095041 43.524173384299502 8.4042597811203432 20.621669040294364 2.0033122305758289 5.9228895364794907 4.9633472785353652 6.3661589240655356 16.322844677837566 2.3390644469764075 6.0014667250215998 9.7887358732987177 0.98747510672546823 2.265495383180677 7.5551754704210907 25.173986097797751 5.4016213761642575 1.1619560549734158 0.6732766102068124 0.67223816458135843 0.45000259391963471 51.07877253042534 2.1334435385651904 17.654275211039931 6.9794823243282735 29.733106473926455 2.1300898077897719 2.4224377190694204 56.998576059937477 8.4842022194061411 92.608603162574582 3.7809250701684505 2.7026356012793249 1.7472650075796989 29.151030373992398 2.5367791631724677 128.43325603939593 99.909770603757352 4.4310585083439928 393.51660584751517 15.235429088119416 14.646281636785714 6.0442100102081886 2.9242266558576366 11.907157500740139 15.790078655350952 11.8394829405006 12.92955082352273 12.602425144752489 287.74431803985499
leaf_count=188035 366 430405 13137 12570 8857 5544 1572 146 179 847 265 340 1753 10433 289 2164 213 405 360 601 1799 234 262 995 476 295 1044 10527 2496 532 183 259 128 5803 95 974 977 290 116 269 14955 677 9656 713 684 350 2723 178 10263 8375 86 13088 1109 905 62 849 451 259 2447 204 284 10961
internal_value=-0.00503081 -0.0390822 0.0159951 0.0111889 0.0130652 0.0169899 -0.0249218 0.0691697 0.171983 0.111043 0.329318 0.0311642 0.0186338 0.0171881 0.0228761 0.0253929 0.0595493 0.0219938 0.0265036 0.0509245 0.075398 0.113663 -0.026501 0.0307956 -0.0287157 0.0920452 0.0690173 0.00919295 0.0728179 0.221488 0.356786 0.618254 -0.0159768 0.02529 0.0288498 0.080772 0.155145 -0.00514169 -0.0108629 -0.0281962 -0.00156191 0.0268551 0.00834449 0.005005 0.00991568 0.117864 0.00812491 0.0253704 -0.00398517 0.0210004 0.101094 0.0253918 0.0273607 0.0577739 0.0284464 0.0899781 0.0264903 0.0283278 0.0244139 0.0612964 0.0346309 0.027699
internal_weight=2859.55 1091.64 1767.91 1342.54 1293.87 1064.42 431.421 7.12141 3.60139 3.10218 1.18588 425.368 1029.02 993.53 677.314 635.007 57.4737 577.533 484.73 55.4704 34.8487 18.5259 424.299 15.7902 408.509 16.1868 13.9213 34.5206 9.34657 3.49495 2.33299 1.34551 5.85162 479.767 428.688 26.7672 9.11293 229.453 199.72 104.981 92.8032 377.622 94.7387 316.217 272.693 4.4499 268.243 110.659 157.584 108.122 8.21198 401.921 35.8046 20.5692 370.266 11.4084 358.857 352.813 315.374 37.4391 24.5096 299.584
internal_count=785514 637307 148207 131307 118737 95269 206902 3009 1437 1291 444 16900 89725 87972 54167 45310 6350 38960 21586 6137 3973 2174 203893 1257 202636 1940 1645 14601 4074 1450 918 442 2624 21226 15423 2046 1072 23468 23178 13406 17374 16534 9772 33805 23372 1034 22338 9352 12986 9174 799 13377 2419 1310 16194 1526 14668 14606 13667 939 735 13408
is_linear=0
shrinkage=0.05


Tree=21
num_leaves=63
num_cat=0
split_feature=16 38 29 49 49 16 11 16 49 20 54 26 22 49 48 54 34 1 46 34 51 48 28 53 41 43 35 41 48 29 49 28 48 47 47 35 51 23 19 41 52 39 29 48 53 48 13 48 16 0 43 45 55 46 53 0 49 11 53 53 13 42
split_gain=736.688 67.8926 44.4077 28.679 30.98 31.2609 27.2608 26.8275 26.3778 24.9585 24.3828 24.0506 38.7549 23.1592 34.58 33.9435 31.0912 27.3533 26.0064 40.8278 46.6802 22.7085 22.5195 27.0221 25.7959 25.7882 25.963 23.3173 44.6095 37.3057 22.2329 22.6898 36.0896 21.1819 30.2906 25.1324 20.6822 20.3741 72.9914 20.3429 27.0344 20.0223 31.584 28.4289 20.9961 21.1754 18.3513 18.3415 21.339 59.4771 22.6768 21.142 27.4539 26.7025 18.0705 20.6605 18.2708 18.03 17.7349 47.0795 19.005 17.5326
threshold=-25.640623092651364 -5.6470565795898429 1.6641530990600588 258.98173522949224 270.65731811523443 0.42283630371093756 242.24576568603518 -38.938354492187493 262.42489624023443 -36.383932113647454 -0.91597560048103321 2.4632978439331059 -28.961959838867184 267.78880310058599 0.6227284073829652 1.0000000180025095e-35 22.078541755676273 213.9352722167969 1.0364074707031252 14.212150096893312 31.095352172851566 -0.22493761777877805 19.113986968994144 1089.1666564941409 31.535222053527836 3.7531433105468754 5.6375126838684091 5.2234389781951913 -0.065915763378143297 2.5379524230957036 265.70214843750006 1.6735315322875979 -0.25980782508850092 4.1753752231597909 1.9669194221496584 7.7569777965545663 15.013928413391115 -20.082290649414059 -18.829159736633297 7.2805666923522958 22.285098075866703 -2.7966600656509395 2.9361600875854497 -0.49531143903732294 422.63888549804693 -0.36931872367858881 -7.4702339172363272 -0.49895256757736201 -24.004076004028317 268.48345947265631 -2.4231719970703121 2.8621921539306645 0.91597560048103344 2.2014484405517583 21.916666984558109 246.0038757324219 247.43756103515628 237.67858886718753 320.00000000000006 411.11111450195318 -16.479761123657223 -11.263687133789061
decision_type=2 2 2 2 2 2 2 2 2 2 2 2 2 2 2 2 2 2 2 2 2 2 2 2 2 2 2 2 2 2 2 2 2 2 2 2 2 2 2 2 2 2 2 2 2 2 2 2 2 2 2 2 2 2 2 2 2 2 2 2 2 2
left_child=7 2 10 22 5 6 21 -1 -8 -6 11 36 -13 -4 57 16 18 -17 -16 20 -20 30 25 24 -24 27 46 29 -29 -3 31 -5 41 34 35 -7 -2 -18 -39 40 -10 43 -43 -33 45 -45 -27 48 49 -12 51 -50 -53 -54 55 56 -28 61 60 -60 -21 -15
right_child=1 3 13 4 9 33 8 -9 39 -11 47 12 -14 14 15 17 37 -19 19 58 -22 -23 23 -25 -26 26 54 28 -30 -31 -32 32 -34 -35 -36 -37 -38 38 -40 -41 -42 42 -44 44 -46 -47 -48 -49 50 -51 -52 52 53 -55 -56 -57 -58 -59 59 -61 -62 -63
leaf_value=-0.047891184846711475 0.15070033277748932 0.037548566415564318 -0.028573954034207656 -0.07381927736710707 -0.045961967611139 0.065493926967821026 -0.033058697020550247 -0.028810251765368444 0.13058368548797972 0.026198609638212991 0.56131884636850971 0.079987499218981697 0.48969697108194765 0.22640274230263185 0.0079810879619415017 0.14520127312061079 -0.037277573787016495 -0.026445611368158695 0.14607443571569262 0.00027940966694700885 0.54331409223937643 -0.02302023003714446 -0.015581196590593894 0.097642915549478307 0.021390348468921443 0.022461368623845419 0.11172612077591221 -0.015902746886082262 0.060156374166723085 0.1511182997125769 -0.032716313309711011 -0.049485064786854389 0.1277417650178739 -0.017439066256701032 0.0827232939857908 0.0051606670121312169 -0.035920765665868791 0.52893109738057664 -0.0006400629782103601 0.019800469551684977 -0.0047869864727599493 -0.065182283740045491 0.021453590295485547 0.10848763902705189 -0.045258638664870302 -0.0049182975155123917 -0.045381236215929974 0.0026849476399956086 0.2700590550557555 -0.0090464488314016527 0.0016195322100931232 -0.022414608961879211 0.073726722062773239 0.30332392488646748 0.02303988465610347 0.17006647191806384 -0.0097230941984236697 -0.024198498794270842 0.48907587805742464 0.07070804862191972 0.12398939335648458 0.021527240370300502
leaf_weight=661.70620188571047 2.7090199153171834 15.078433220740409 149.62982502672821 6.4286754811182609 12.462376188486813 22.678498212248087 15.535186421591787 255.28196873108391 11.324597050203012 311.38480479386635 0.7345691944938143 1.5343825890449809 0.92522393341641862 1.2581287855282424 7.6631672412622747 2.5055769328027955 11.58564103045501 31.510193867841735 2.2826376839075269 6.8984537097858292 1.0939912230242042 166.69140642066486 56.049720431445166 10.313423003070055 298.13083787192591 19.301724707707763 5.9289851305075008 25.656528567662463 77.544518764829263 13.893440010491757 29.572111626388505 6.67162962025031 7.5878457191865882 26.236379257636145 23.737535007297993 72.25311898230575 3.2847590792225674 0.77688059792853881 4.0052834041416636 35.812380227958784 5.4693848381284615 15.726419384125618 31.775488793384284 18.30281746364199 3.6905130373779675 5.3105734412092778 20.61281516449526 89.258289995370433 1.3995774460490782 1.2099210196174679 19.520575723261572 5.1489550480619055 5.1045523805078119 1.6841863489244131 49.478005659068003 4.8418892235495141 6.482791492016986 113.11845145875122 0.92475478362757657 2.464583816123195 5.6449790424667254 6.1429354692809275
leaf_count=447277 302 219 50182 61 1131 252 2563 132550 401 13146 197 352 163 118 1710 14 4468 11875 477 2069 181 16638 5427 136 7757 287 127 768 2876 297 2034 471 257 442 345 1092 524 236 1051 5243 188 275 817 876 204 348 165 17516 271 419 3828 771 584 223 2062 236 325 38657 206 536 607 977
internal_value=-0.00573597 0.0119341 -0.00433924 0.0173892 0.0113515 0.00360804 -0.00428713 -0.0425792 0.0241872 0.0234217 0.0202882 0.102452 0.234107 -0.0137304 -0.00250599 0.0235836 0.052926 -0.0138022 0.0859155 0.116845 0.274776 -0.0109375 0.0256819 0.0178627 0.0155395 0.037616 0.0193247 0.0523747 0.0412475 0.0920108 0.00516675 0.0168982 0.0234461 0.0232171 0.0322057 0.0195739 0.0484267 -0.0014377 0.0853908 0.0410925 0.0864968 0.0137333 -0.00722888 0.0430409 0.0656493 0.082983 -0.0125742 0.0146896 0.0454782 0.20642 0.0359539 0.086206 0.064651 0.130686 0.0384046 0.0824655 0.048292 -0.0192518 0.0833745 0.184856 0.0559532 0.0563546
internal_weight=2828.97 1911.98 480.019 1431.96 828.652 504.805 359.899 916.988 68.1415 323.847 132.514 8.45339 2.45961 347.505 197.876 77.3561 43.3404 34.0158 26.9726 19.3094 3.37663 291.757 603.313 364.494 354.181 238.819 106.646 132.173 103.201 28.9719 125.066 95.494 89.0653 144.906 118.669 94.9316 5.99378 16.3678 4.78216 52.6064 16.794 81.4774 47.5019 33.9755 27.3039 23.6134 39.9145 124.061 34.8023 1.94449 32.8578 13.3373 11.9377 6.78874 66.7317 17.2537 12.4118 120.52 15.9328 3.38934 12.5434 7.40106
internal_count=785807 205980 138514 67466 46784 32507 30376 579827 8395 14277 25150 1341 515 113364 63182 23430 11541 11889 5786 4076 658 21981 20682 13320 13184 7362 3202 4160 3644 516 5343 3309 3248 2131 1689 1344 826 5755 1287 5832 589 2991 1092 1899 1428 1224 452 23809 6293 616 5677 1849 1578 807 2750 688 452 39752 3418 742 2676 1095
is_linear=0
shrinkage=0.05


Tree=22
num_leaves=63
num_cat=0
split_feature=17 5 26 3 41 53 0 42 35 49 52 52 49 40 34 50 50 25 48 52 52 49 50 47 53 35 44 3 48 33 39 18 53 49 11 35 55 45 28 48 28 39 23 17 50 17 49 49 50 49 49 48 48 17 14 45 45 44 49 2 52 51
split_gain=692.591 45.18 45.282 41.3226 26.6263 29.9344 29.6268 38.508 25.6519 23.8618 23.5364 19.9626 19.15 31.2164 37.1572 20.0573 19.1116 36.0367 20.343 18.5403 26.566 22.4758 31.3319 19.6005 24.4479 17.9663 33.3957 30.0407 35.7377 28.8052 23.6315 41.833 20.5094 17.3714 24.883 20.578 35.1833 36.5263 20.5078 17.4249 36.8986 32.2853 24.4012 32.8521 24.1833 19.9962 32.5886 24.8893 20.071 22.3485 20.2856 17.0154 17.0136 16.2641 29.6836 22.0896 44.7771 18.687 16.2491 16.2434 16.0254 30.3009
threshold=-18.643671035766598 221.87969207763675 17.405471801757816 281.11260986328131 2.9944320917129521 254.45833587646487 252.08374023437503 15.213485717773439 2.7648675441741948 255.95982360839847 1.5152348875999453 95.494766235351577 287.70042419433599 7.1764602661132821 14.036956310272219 140.943717956543 22.166105270385746 8.9818716049194354 -0.65785205364227284 18.305440902709964 20.687903404235843 255.32789611816409 16.58189678192139 -5.2547500133514395 19.250000000000004 2.0397908687591557 -3.5763740539550777 273.79550170898443 -0.49895256757736201 0.41240905225276953 -32.246912002563469 -33.529592514038079 456.79167175292974 255.32789611816409 230.026237487793 7.2864270210266122 0.98296290636062633 -0.89751815795898426 3.2924423217773442 0.04865998029708863 16.898071289062504 -27.450980186462399 -23.632796287536618 -0.99594497680664051 57.665929794311531 0.44061279296875006 256.60597229003912 256.94619750976568 47.027112960815437 260.24180603027349 269.97990417480474 -0.25980782508850092 0.89009976387023937 -6.5656929016113272 -6.932689666748046 3.3160214424133305 1.0287246704101565 -0.9473133087158202 270.83627319335943 243.55548095703128 34.441572189331062 49.140419006347663
decision_type=2 2 2 2 2 2 2 2 2 2 2 2 2 2 2 2 2 2 2 2 2 2 2 2 2 2 2 2 2 2 2 2 2 2 2 2 2 2 2 2 2 2 2 2 2 2 2 2 2 2 2 2 2 2 2 2 2 2 2 2 2 2
left_child=3 8 4 12 51 9 7 16 -2 19 -10 33 25 -14 -15 -16 17 -7 -18 21 -21 -6 23 -23 -25 26 27 28 29 -1 31 32 -30 34 -12 36 37 38 -35 -37 41 -41 -43 -44 -45 48 -47 -48 50 60 -42 -3 -49 -20 55 56 57 -55 -11 -22 61 -50
right_child=1 2 -4 -5 5 6 -8 -9 10 58 11 -13 13 14 15 -17 18 -19 53 20 59 22 -24 24 -26 -27 -28 -29 30 -31 -32 -33 -34 35 -36 39 -38 -39 -40 40 45 42 43 44 -46 46 47 52 49 -51 -52 -53 -54 54 -56 -57 -58 -59 -60 -61 -62 -63
leaf_value=0.36804796391161598 -0.038224248485722236 0.041486642580554255 -0.023044879523124572 -0.048420235593496994 -0.010270034875455599 0.033514358907230347 -0.0057614075604560597 0.19544149682787326 0.070445899041723437 -0.022605579819027603 0.038102739550078424 -0.044362001194655817 -0.018923705918010205 0.33261229922765839 0.01313310944219055 0.2309344557113629 0.22969572519357545 0.35142635511693432 -0.010321515879185516 0.20446467787854763 -0.013462479190510994 0.038890752707173161 -0.0047596320797852407 0.10066929811325454 0.39833759498002375 -0.037241872002265579 -0.043595932324432783 -0.026162838058836374 -0.0098750761530834088 0.072307020952505657 -0.01896199885383261 0.38402800199561132 0.22303405395791756 -0.054995239894771425 -0.016342376013434762 -0.001699933318072348 0.10271170568907451 0.035169850851862111 0.013084993832450889 -0.0046888444464207365 -0.02706918399776629 0.15184824802819513 0.004875827532766476 0.091529033937991056 0.0065736319866147065 0.072503232924462854 -0.02016062786753002 0.029790795393826987 0.022035710587950605 -0.017382785400588355 0.020350709303626337 -0.0032243459298397941 -0.030704276702414386 0.047333804291938703 0.012815942180867719 -0.029080508300630439 0.36106913832554599 0.24555428511608779 0.0013426213050730079 0.12148633759357733 -0.038809745169111065 0.11119410735963042
leaf_weight=1.6666234345175355 19.887950124684721 84.205511022126302 143.20307851361576 601.05572295398451 32.069233253481798 2.5573547004023562 42.714074181276374 4.1508761991281053 21.851892995415255 135.46394000342116 182.90585764334537 12.66624225466512 30.434126398991793 1.3028957200003777 7.1085802718298492 1.2416759000625459 1.2468707294901822 1.3683517043245954 19.906230224878527 3.1657519496511659 5.9353219839977083 1.6576021860819308 5.3856242187321186 1.3190054818987831 1.4459880595095453 233.1775286484044 30.755991178913973 13.319640420610083 3.7096374755492443 1.6272676892112938 7.7940412899479279 1.1502569462172685 1.2683630171231923 19.223885468905792 23.705666157184169 181.61990334535949 15.159851912874727 156.56705725030042 26.052333916537464 27.924418059061281 88.505006335442886 6.3246916998177758 26.702948723221198 39.532257042825222 10.628931536339222 26.275395408738405 43.127748232334852 115.88897712365724 37.087735475273803 31.202534284442663 30.265522479778156 28.474892807425931 12.917950757313518 5.5912412435282013 21.745786738814786 2.2022120095789424 1.9302562817465512 1.5101382618304331 148.45400986913592 3.5717543637147173 6.449255969375371 12.824774288106708
leaf_count=263 315 7174 44311 430290 1622 221 10067 156 511 36554 3119 963 15540 309 3284 165 212 343 5214 123 409 114 616 201 201 128445 16926 6255 1504 471 1931 279 183 248 546 6737 153 3247 560 1586 7377 295 1624 699 263 197 413 1614 1932 2503 1056 3657 328 684 1612 419 220 210 27977 284 593 337
internal_value=-0.0054453 0.012091 0.00202765 -0.0405806 0.00848449 0.00296892 0.0263027 0.0483184 0.0180784 -0.00426442 0.0190476 0.0180567 -0.0264962 0.00592548 0.0842691 0.04552 0.0377999 0.144326 0.0300746 0.0260229 0.0790115 0.00998758 0.0762225 0.174839 0.256339 -0.0309099 -0.00682081 0.0302195 0.0738407 0.221944 0.0388007 0.112265 0.0494687 0.0187621 0.031856 0.0158031 0.0292494 0.0237318 -0.0158213 0.0116184 0.0163093 0.0418301 0.0574454 0.0496775 0.0735274 0.00929968 0.0206415 0.0127159 -0.00159556 0.0165663 -0.0149855 0.030188 0.0237238 0.0253682 0.0469103 0.112908 0.147529 0.0894862 -0.0100836 0.037237 0.0353609 0.0449445
internal_weight=2810.19 1874.57 699.275 935.612 556.072 443.392 104.923 62.2093 1175.3 338.468 1155.41 1133.56 334.557 40.0873 9.65315 8.35026 58.0584 3.92571 54.1327 54.5503 12.6728 41.8775 9.80822 4.4226 2.76499 294.469 61.2918 30.5358 17.2162 3.29389 13.9223 6.12826 4.978 1120.89 206.612 914.281 217.003 201.843 45.2762 697.278 515.658 111.113 83.1888 76.8641 50.1612 404.545 198.21 171.935 206.335 87.5643 118.771 112.68 128.807 52.8859 32.9796 11.2338 9.03164 7.10138 283.918 9.50708 56.3618 49.9125
internal_count=785662 179817 142601 605845 98290 87459 19358 9291 37216 68101 36901 36390 175555 19298 3758 3449 9135 564 8571 3570 816 2754 1132 516 402 156257 27812 10886 4631 734 3897 1966 1687 35427 3665 31762 4208 4055 808 27554 20817 4467 2881 2586 962 16350 2552 2355 13798 5365 8433 10831 1942 8359 3145 1533 1114 894 64531 693 2862 2269
is_linear=0
shrinkage=0.05


Tree=23
num_leaves=63
num_cat=0
split_feature=15 38 3 40 49 54 10 40 53 11 49 53 29 38 49 38 52 11 54 49 52 10 52 35 2 53 52 49 39 3 53 47 41 54 53 21 46 40 52 55 52 5 20 11 39 39 40 6 52 51 49 16 55 35 54 28 53 49 49 53 49 53
split_gain=653.629 48.425 47.7591 35.5788 35.4311 24.953 33.4338 24.7081 42.1929 40.3687 38.6065 23.3487 22.6609 25.9544 24.0883 26.6136 22.9747 22.4939 21.2191 26.5275 42.5874 74.042 22.7466 21.1134 20.5207 20.0656 17.1103 16.8248 29.5274 16.816 16.5818 18.0505 16.5136 15.4461 25.1371 19.4277 19.0731 15.3906 15.292 15.004 17.0838 15.5606 14.2265 13.6537 17.371 14.9766 14.2848 20.0886 13.5482 13.3721 26.4851 13.3071 13.1871 33.687 37.9487 60.1247 30.7723 18.7687 18.192 24.1595 19.1333 22.8048
threshold=-24.079301834106442 -6.7058792114257804 281.11260986328131 0.74509429931640636 255.59030914306643 0.37940952181816107 265.80552673339849 -1.6862716674804685 78.91666412353517 269.41944885253912 275.10462951660162 16.083333015441898 18.772079467773441 -2.1764755249023433 258.98173522949224 -0.52941131591796864 1.1829650402069094 282.83143615722662 0.12940952181816109 288.15827941894537 88.222122192382827 280.46302795410162 179.38448333740237 4.9928681850433358 217.18473052978518 1089.1666564941409 88.222122192382827 269.97990417480474 1.0000000180025095e-35 222.41785430908206 26.444444656372074 2.358024120330811 4.5955033302307138 0.91597560048103344 254.45833587646487 1.0000000180025095e-35 1.5004420280456545 0.64706420898437511 36.567289352416999 0.78656607866287243 4.7196087837219247 214.94265747070315 -41.929586410522454 273.93620300292974 -33.689908981323235 -29.580248832702633 15.549011230468752 221.78153991699222 2.7445530891418461 45.394685745239265 256.94619750976568 -1.599800109863281 0.60355338454246532 9.6129031181335467 -1.0000000180025095e-35 6.1279802322387704 201.75000000000003 284.05564880371099 270.83627319335943 69.083332061767592 272.51168823242193 62.541666030883796
decision_type=2 2 2 2 2 2 2 2 2 2 2 2 2 2 2 2 2 2 2 2 2 2 2 2 2 2 2 2 2 2 2 2 2 2 2 2 2 2 2 2 2 2 2 2 2 2 2 2 2 2 2 2 2 2 2 2 2 2 2 2 2 2
left_child=2 3 18 5 23 6 29 10 9 -9 -8 27 14 -14 15 30 -15 24 19 -1 -21 -22 -20 -3 -5 -7 33 28 -6 -2 51 -32 -25 43 35 -35 -36 -38 49 40 41 -34 -19 44 -16 -45 52 -48 -29 -18 -51 -13 56 54 -54 -56 58 -58 -46 60 -60 -62
right_child=1 4 -4 17 11 25 7 8 -10 -11 -12 12 13 16 26 -17 38 42 22 20 21 -23 -24 32 -26 -27 -28 48 -30 -31 31 -33 39 34 36 -37 37 -39 -40 -41 -42 -43 -44 45 46 -47 47 -49 -50 50 -52 -53 53 -55 55 -57 57 -59 59 -61 61 -63
leaf_value=-0.01850807528928532 0.20074265601136979 -0.0068594741733032831 -0.04790087621084671 0.078704012665787318 -0.025437970701149722 -0.015179944631056022 0.17186345357581764 0.44115039968155473 0.057968367496508535 0.1285893464704046 -0.035390500258472089 0.02982213446619791 -0.038031650026433994 0.10350643777475861 -0.021470206007384751 0.079948134590367453 0.004970984325384906 0.2405879988264136 -0.037927012483191191 0.015284212469203182 0.50853223643188628 -0.050397764437440797 0.35407542197506064 0.089335300021854191 -0.01903455752987188 0.16498034283964091 -0.050319686540019497 0.10060098512666421 0.029573073239978549 0.0088700098569471277 0.032077592681727905 -0.027835587235772709 0.11310876987711647 -0.042648876283605905 0.11668301027119861 0.016701088933446594 0.067241707982695118 -0.021892383524814641 -0.053774412304013752 -0.0084376795984121671 0.032289663872930988 0.03685918192010363 0.01646692493251067 0.035966555235415226 -0.00098891336496643328 0.18916983622918312 0.059956151673914992 -0.037382262948249624 0.011229409922853692 0.092068665383478854 0.00083413634135063924 0.14966430609333151 0.0062807081364858802 -0.028495600831508795 0.035717101152137977 0.17968227552187221 0.067118390630180644 -0.0057736043032187668 0.15697032546892697 0.0090130235789214665 0.026991937923909543 0.16646272832740786
leaf_weight=158.31613436120097 1.1796331543009717 31.016493615694344 574.83358664542902 5.4980634516105047 106.50560730020516 40.579912491841242 3.5608126685256156 1.9262970580020899 5.0053210955811664 2.2277140814112499 6.0897019362309948 4.6990815759636462 32.513875233242288 6.3145711622200897 24.185662767151371 32.523322113789618 220.82208547042683 1.3718699448509144 166.74423535494134 14.514857808011586 1.2501197154633694 1.126403236412443 0.37088847160339256 14.144767083227633 231.13792368350551 1.6067137708887447 9.4031682156492007 4.5143666106741867 31.639339162036777 35.723655572277494 52.204734954284504 16.55901556275785 13.350573645904662 36.594630324048921 6.0334949300158796 22.125320597551763 8.2972525204531866 11.632607421139253 9.9599842589814198 19.382324226200581 194.68724436732009 13.413570200325919 1.4633296002866689 4.4916846363339573 62.294285459443927 2.4737616137135765 7.0975869207177338 20.935051971813664 69.91862130118534 13.74364530132152 18.885281230090186 4.5681387898512167 132.7800198236946 35.65404029074125 90.503946437267587 7.8841147960629305 69.438278051558882 10.117845928063614 5.4827271404210505 32.000802804948762 16.594771750038493 3.5595680091064414
leaf_count=78309 45 383 431263 140 9634 9617 374 280 763 368 796 345 9151 111 1238 292 6987 252 89585 6550 120 297 120 121 81453 139 1153 283 299 6838 3100 676 120 2230 190 284 145 595 824 586 5390 483 150 421 6138 152 181 3581 4099 160 595 50 4382 3256 2395 402 4420 510 275 1575 1009 131
internal_value=-0.00452676 0.0124433 -0.039096 -0.00470442 0.0162221 0.0206906 0.0426565 0.0969095 0.155732 0.27353 0.0410813 0.0125763 0.0156835 0.00416976 0.0204496 0.0419493 0.0092569 -0.0150863 -0.0243107 -0.0121531 0.0474092 0.243616 -0.037057 0.0320922 -0.0167637 -0.00831839 0.0166133 -0.00251352 -0.0128388 0.0150033 0.0261114 0.0176499 0.0368304 0.0176448 -0.0021721 -0.0202862 0.0387955 0.0152162 0.00699752 0.0337466 0.0374388 0.0748942 0.124913 0.0208383 0.0199042 0.0903763 0.0219284 -0.0127371 0.0166498 0.0093857 0.0392631 0.0888966 0.0240124 0.016742 0.0237192 0.0472534 0.0337367 0.0578481 0.0177426 0.0379873 0.0741538 0.0516246
internal_weight=2785.47 1868.32 917.156 337.371 1530.95 97.8998 55.7131 18.8098 9.15933 4.15401 9.65051 1244.95 1032.37 302.239 730.135 110.554 269.726 239.471 342.323 175.208 16.8914 2.37652 167.115 285.995 236.636 42.1866 619.581 212.578 138.145 36.9033 78.031 68.7638 254.978 610.177 84.6833 58.72 25.9634 19.9299 263.411 240.834 221.451 26.7641 2.8352 525.494 518.529 6.96545 494.343 28.0326 74.433 253.451 32.6289 9.26722 466.31 266.822 231.168 98.3881 199.488 79.5561 119.932 57.6379 25.6371 20.1543
internal_count=785811 179567 606244 101215 78352 19220 9464 2581 1411 648 1170 71269 56954 17828 39126 4463 8677 81995 174981 85276 6967 417 89705 7083 81593 9756 34663 14315 9933 6883 4171 3776 6700 33510 3444 2514 930 740 8566 6579 5993 603 402 30066 29493 573 28255 3762 4382 7742 755 395 24493 10435 7179 2797 14058 4930 9128 2990 1415 1140
is_linear=0
shrinkage=0.05


Tree=24
num_leaves=63
num_cat=0
split_feature=38 3 52 43 54 52 49 49 53 15 41 36 55 53 31 49 40 17 54 36 54 38 49 44 17 41 23 49 51 49 53 55 43 5 54 23 55 39 39 51 41 47 52 36 36 40 43 43 23 49 54 39 53 42 0 12 26 17 15 39 55 28
split_gain=612.678 50.801 33.3397 30.9437 21.3636 24.6748 20.9873 47.8477 29.394 36.5675 22.7871 25.8278 20.9384 20.2939 21.5096 20.1448 19.8999 27.4802 24.9907 19.3225 18.4791 18.2489 24.4886 19.8727 54.2887 18.6478 38.0636 31.469 28.2005 17.8007 21.7344 20.6579 17.7049 17.3964 17.1087 25.7927 21.9497 27.3374 23.7792 21.9416 20.7785 21.7078 30.0143 28.6495 18.1101 16.7185 19.7091 18.2095 25.7082 16.6526 33.8181 28.039 32.8986 24.6728 51.3463 39.1092 35.0348 23.5205 18.1411 16.7264 20.129 30.6188
threshold=-13.882347106933592 281.11260986328131 60.031352996826179 8.5010833740234393 0.37940952181816107 179.38448333740237 258.11538696289068 269.27120971679693 129.08333587646487 1.0000000180025095e-35 42.717018127441413 197.35294342041018 0.60355338454246532 1324.3750000000002 5.1856951713562021 288.15827941894537 0.56863403320312511 -2.4757156372070308 -0.98296290636062611 220.88235473632815 0.60355338454246532 -27.64705657958984 270.83627319335943 2.3947296142578129 -9.9152107238769513 1.6942637562751772 -41.404027938842766 273.45858764648443 24.924176216125492 256.32855224609381 364.08332824707037 -0.91597560048103321 -0.83119201660156239 209.49958801269534 -1.0000000180025095e-35 -21.554071426391598 0.37940952181816107 -24.645606994628903 -1.2745085358619688 45.394685745239265 10.437663078308107 0.596764236688614 21.587633132934574 205.58823394775393 207.94117736816409 19.470581054687504 -11.422637939453123 -8.5249786376953107 -7.0733015537261954 274.31605529785162 0.60355338454246532 -20.599854469299313 705.41665649414074 13.972290039062502 268.48345947265631 -27.136352539062496 4.6161174774169931 -5.3756484985351554 1.0000000180025095e-35 -1.2745085358619688 0.91597560048103344 4.4878768920898446
decision_type=2 2 2 2 2 2 2 2 2 2 2 2 2 2 2 2 2 2 2 2 2 2 2 2 2 2 2 2 2 2 2 2 2 2 2 2 2 2 2 2 2 2 2 2 2 2 2 2 2 2 2 2 2 2 2 2 2 2 2 2 2 2
left_child=1 4 3 6 15 13 10 8 9 12 19 -12 -8 -6 -15 16 17 18 -1 29 -13 -20 -23 25 -25 26 -24 28 -28 -2 31 32 -31 -33 35 39 38 -38 -36 -10 41 43 -43 -39 -40 46 -21 48 -48 50 59 52 -52 57 55 56 -55 -51 -59 60 -9 -62
right_child=2 -3 -4 -5 5 -7 7 49 34 -11 11 20 -14 14 -16 -17 -18 -19 21 45 -22 22 23 24 -26 -27 27 -29 -30 30 -32 33 -34 -35 36 -37 37 40 44 -41 -42 42 -44 -45 -46 -47 47 -49 -50 53 51 -53 -54 54 -56 -57 -58 58 -60 -61 61 -63
leaf_value=0.34718022841244672 0.026947490256631425 -0.04804799810902511 -0.025466555848142683 -0.0040045188830125263 -0.041713359948056 0.38295046468652155 -0.036402106152188377 0.011489129157381673 0.04082371862450862 0.013007297417301165 0.041788964530579183 0.0062976276684913006 -0.0016596578915871888 0.26743012268995225 -0.050261868220681342 0.031464352598845106 -0.029512933658284793 0.14609910037800597 -0.038409815638414467 -0.046636469467431788 -0.050023287454021209 -0.04544141793998064 0.417561042488238 0.47540338754892764 -0.015092893756969481 -0.022780555842427715 0.020763510458538331 -0.020042593799592633 0.27428266393647344 0.055848959093079846 -0.01318646940962781 -0.00040448393836803781 0.14947614315001539 0.062804848845613923 -0.016135759698212186 -0.016839197262029437 -0.059615929934769531 0.18314733758261539 0.0092179838146427898 0.2620269970270101 0.003810460658642557 0.067121474758858893 0.28208784479586069 0.042292825462151198 0.073533691445712354 -0.043033733364528592 0.01112750971311857 0.019869023223105704 0.24838427849990721 -0.021187315211677861 -0.040379998287537924 0.090707765748804736 0.21399590352744294 0.54610076263128327 0.0091937901786539929 0.093368241415840339 0.15528615737862339 0.023251482138900881 -0.026591009076428914 0.065384616030450995 0.08112752082381243 -0.033552834934390222
leaf_weight=0.50338347046635945 246.18360443250276 545.67911576596089 58.937517183017917 238.35044833878055 154.27638750500046 0.3462627170374607 115.861895079026 172.86970589612611 9.1232081690104661 109.92514723725617 25.771529167890549 33.528064983547665 69.310059146839194 1.1000849490519606 1.0331912898691369 21.387441310100257 147.64637629245408 3.2291828482411793 25.649068691185676 10.531383549561722 25.748895450495183 10.603031978709621 0.74816229299176384 0.9512732770526785 1.3861485845409323 9.1358621865510923 2.1085905252257415 6.599453050759621 2.2862760827410966 9.4930922719649988 10.889758509583769 14.501708732685072 10.786549282493068 43.648688199464232 45.480453858152032 64.536866970127448 5.1582225005840874 4.1988977435976294 27.344759362284094 1.2781047433381889 11.805036817560902 3.6658585994737214 2.9149514501914382 25.743482131860219 18.250245424453169 13.688943874440154 2.4177657016552985 62.040071446681395 2.1634003939107052 54.584469453897327 8.720736059593035 35.549608046771027 1.4879240713780735 1.0863490803167226 15.527215088717638 5.3613657578825977 1.2146177184768019 140.54124103975482 20.981364878825843 20.748777163214982 24.937758336192928 7.5924058646196491
leaf_count=245 4997 430399 9174 24866 87484 102 24687 12761 1984 1689 142 468 7104 193 291 8842 79335 85 14845 1056 305 4584 279 333 190 4180 634 2439 348 170 399 394 223 1266 7510 8125 771 49 326 315 916 361 271 1586 285 3504 379 6503 119 12016 1703 2247 82 96 2556 437 331 6504 343 226 1056 1257
internal_value=-0.00525724 -0.0382061 0.0115302 0.0127583 -0.0243999 -0.0386621 0.0153575 0.0112324 0.000469426 -0.00983683 0.0236319 8.04121e-07 -0.023398 -0.0395955 0.113565 -0.0147729 -0.0194631 0.00401502 -0.00363557 0.0283459 -0.0181672 -0.00660515 0.0175163 0.0462702 0.184527 0.0307918 0.072472 0.0489887 0.152648 0.0338847 0.053005 0.0621955 0.105648 0.0470415 0.0143252 -0.00506294 0.0243757 0.0497992 0.00944502 0.068005 0.0614774 0.0801165 0.16234 0.0620452 0.0349615 0.00788957 0.0169247 0.0269724 0.123169 0.0220668 0.0305327 0.0697337 -0.00330442 0.0124472 0.0614589 0.167371 0.3398 0.007188 0.0167771 0.0226009 0.018279 0.0543616
internal_weight=2769.15 934.669 1834.48 1775.54 388.99 156.756 1537.19 1025.8 514.597 295.097 511.393 85.0485 185.172 156.41 2.13328 232.234 210.847 63.2004 59.9713 426.345 59.277 59.4679 33.8188 23.2158 2.33742 20.8783 11.7425 10.9943 4.39487 335.503 89.3198 78.43 20.2796 58.1504 219.5 74.9382 144.562 53.4864 91.0755 10.4013 48.3282 36.5232 6.58081 29.9424 45.595 90.8416 77.1526 66.6212 4.58117 511.204 271.907 45.7583 10.2087 239.297 23.1895 7.66233 2.30097 216.107 161.523 226.149 205.4 32.5302
internal_count=786367 634808 151559 142385 204409 88070 117519 97594 55979 33480 19925 915 31791 87968 484 116339 107497 28162 28077 19010 773 27832 12987 8403 523 7880 3700 3421 982 7449 2452 2053 393 1660 22499 10424 12075 3954 8121 2299 3183 2267 632 1635 611 11561 8057 7001 498 41615 19332 4032 1785 22283 3420 864 427 18863 6847 15300 15074 2313
is_linear=0
shrinkage=0.05


Tree=25
num_leaves=63
num_cat=0
split_feature=17 38 49 48 49 38 29 48 49 35 49 36 29 48 46 5 5 40 5 35 48 36 41 28 36 32 49 41 49 40 48 47 23 48 37 29 35 23 40 38 39 48 48 43 37 28 29 12 3 55 48 48 43 40 36 9 49 46 43 39 48 48
split_gain=581.615 42.9899 37.8879 40.7909 25.2329 31.0815 28.0699 21.9342 21.9147 36.0983 34.6377 62.5082 53.8041 57.0896 61.6092 28.5549 27.8829 26.3091 26.2789 38.6882 24.5322 20.9544 21.1346 20.8411 22.2157 20.5025 56.8517 19.7491 19.1654 17.9174 32.4294 17.8791 21.8145 25.452 26.6036 45.7402 121.211 17.4948 17.4505 25.5782 21.1072 21.4272 19.462 17.5826 17.2668 26.5592 20.2002 18.1807 21.2194 17.9592 25.5989 49.1001 26.3639 36.0821 21.9499 17.2545 21.918 50.0982 73.233 17.1048 16.8256 24.5572
threshold=-18.643671035766598 -32.647064208984368 256.60597229003912 0.91809886693954479 269.27120971679693 -5.3529434204101554 -0.095515727996826158 -0.66743496060371388 272.85017395019537 5.0763573646545419 272.37759399414068 223.23529815673831 4.5004882812500009 -0.22978341579437253 3.6981229782104497 214.94265747070315 214.94265747070315 0.64706420898437511 249.96333312988284 8.3454699516296404 0.6227284073829652 209.70588684082034 3.5613679885864262 6.6173295974731454 212.64705657958987 38.475431442260749 264.45898437500006 4.360687494277955 282.48001098632818 5.6078262329101571 0.086114823818206801 -1.0299366712570188 1.0000000180025095e-35 0.91453474760055553 242.34204864501956 10.531147956848146 19.354027748107914 -2.0248390436172481 19.470581054687504 -1.7647018432617185 -28.334059715270993 -0.44543808698654169 -0.41664040088653559 10.504272460937502 261.01306152343756 2.7465696334838872 -2.2310204505920406 -47.069007873535149 242.27913665771487 0.98296290636062633 -0.49895256757736201 -0.53677642345428456 -1.6824798583984373 -1.6862716674804685 241.47058868408206 270.03479003906256 268.43287658691412 1.4407377243041994 3.4640502929687504 -1.2745085358619688 0.89492958784103405 0.63953983783721935
decision_type=2 2 2 2 2 2 2 2 2 2 2 2 2 2 2 2 2 2 2 2 2 2 2 2 2 2 2 2 2 2 2 2 2 2 2 2 2 2 2 2 2 2 2 2 2 2 2 2 2 2 2 2 2 2 2 2 2 2 2 2 2 2
left_child=1 -1 21 4 5 7 -7 -4 9 -6 16 -12 17 -14 -15 -10 23 -13 -18 -20 27 -2 -23 -11 37 55 -27 44 -22 30 -8 32 33 34 -31 -36 -37 -25 40 -40 -24 -42 -43 -41 45 -17 -46 -48 -49 50 51 54 -52 -54 -50 -9 -57 -58 -59 60 61 -44
right_child=2 -3 3 -5 8 6 29 25 15 10 11 12 13 14 -16 20 18 -19 19 -21 28 22 38 24 -26 26 -28 -29 -30 31 -32 -33 -34 -35 35 36 -38 -39 39 43 41 42 59 -45 46 -47 47 48 49 -51 52 -53 53 -55 -56 56 57 58 -60 -61 -62 -63
leaf_value=-0.046804288861338458 0.054061529065281645 -0.022056893345845818 0.19029666548118351 -0.03788502068599655 0.054115963088464947 -0.05598352458814615 0.011660683603217039 -0.027406891866459095 0.03185925312934991 -0.0079100850162894532 -0.018667219125823233 0.17267826251933932 0.44445471619202065 -0.050597730341655205 0.35300122047295113 -0.024299479976197191 -0.016318972018177839 -0.051589472100326363 0.42467643803650817 0.0073211004843115896 -0.010092108896116685 -0.037445916389935434 -0.042179260490522022 -0.0074401314188821442 0.10146295060945898 -0.050106317329218955 0.64804388283356362 -0.0193029762576159 0.047721064020724097 -0.0099966545751292227 0.063825571564416622 -0.010117690522232776 0.05424292502077839 0.10318391358493838 -0.050742092892340718 0.63280598215514372 -0.0024444701799991655 0.060044544290005455 -0.041161492204847501 0.021727601461549798 -0.052116798429739333 0.11010787487582784 0.030315979431731383 -0.045895321790429766 -0.054199854308623591 0.094035291856455538 -0.053595572601559997 0.00045154796308558427 0.23037615424206792 -0.055709655688293641 -0.03905099257831364 0.38133127565429081 0.042616762331415606 0.27728893706237379 0.0026843771935717567 -0.0013660644506011594 -0.050214170297705578 0.02725230603545712 0.79851782976684627 -0.051845202033866424 -0.039584627193257289 0.076009456186609856
leaf_weight=581.42095727077685 49.239295377396047 251.3527811266249 1.243568975245579 49.407007037196308 81.917727314983495 17.171036341460422 261.6056432290934 130.81080676848069 92.701226394623518 25.839340519160032 9.8233640326652694 2.1764173267874849 2.3957199238939211 2.0785742057487373 1.7346544951433314 38.544960781349801 89.079651165986434 3.2762942570261657 0.83984302182216142 1.6387644736096261 22.070451886509545 15.649083609692751 9.3947816516738367 18.564038297161456 13.779096279293297 0.90729988657403626 0.42970077751670033 140.09857892687432 40.901883248006925 85.945122602162883 33.62276527681388 174.17646084213629 27.228324497118592 6.0280531484168014 2.772743707522749 1.1709652675781401 2.0933488006703556 19.896913231350485 21.448446540627629 142.14909119368531 6.9190838453359893 8.7952955941436795 145.72939832985867 10.309651691233737 5.3070917760487637 5.4067894094623616 3.688125066459178 8.9898516957182455 1.7330706431530414 1.8449704819358874 4.084495007875379 2.1710285193985372 5.034774909960106 2.4278372969711164 2.7192463828250766 8.0157187414588389 1.2904264451935881 0.6447747597703708 0.58887464285362512 5.6257440624758592 6.9762076827464616 36.83702923450619
leaf_count=465389 362 140065 387 14474 3455 259 8188 43745 1799 497 250 97 256 492 374 3002 16521 460 158 472 5688 208 1843 325 495 435 203 24344 3362 9256 750 10716 225 277 486 248 585 231 4401 3067 345 346 6219 235 682 389 1019 430 50 226 874 136 421 288 576 2550 450 254 158 38 744 1357
internal_value=-0.00445157 -0.0393349 0.0107182 0.00676897 0.00833754 0.00212304 0.00704118 -0.0187827 0.0155546 0.0263465 0.0144442 0.0742552 0.15253 0.253175 0.133001 0.00775354 0.00686893 0.0379257 -0.0118507 0.148736 -8.66238e-05 0.0232428 0.0195401 0.0288201 0.0469879 -0.0206049 0.174273 -0.00789834 0.0274588 0.00886109 0.0176016 0.000242796 0.0146517 0.00365285 -0.00286992 0.0985881 0.225431 0.0274716 0.0218024 0.00996246 0.03115 0.0344168 0.0373523 0.0171548 0.011598 -0.00974235 0.0362806 0.0509682 0.0642638 0.0929249 0.108017 0.186377 0.0630699 0.118963 0.0913137 -0.0224482 0.0390948 0.167586 0.395411 0.0340735 0.0366236 0.0395357
internal_weight=2747.76 832.774 1914.99 1455.92 1406.51 755.746 611.814 143.931 650.765 273.04 191.123 21.485 11.6617 6.20895 3.81323 377.724 169.638 5.45271 91.5583 2.47861 285.023 459.073 409.834 78.0794 52.24 142.688 1.337 222.051 62.9723 594.643 295.228 299.415 125.239 98.0102 91.9822 6.03706 3.26431 38.461 394.185 173.907 220.278 210.883 203.964 152.459 81.9522 43.9518 38.0005 32.6934 29.0053 20.0154 18.1705 6.62335 11.5471 7.46261 4.45232 141.351 10.5398 2.52408 1.23365 195.168 189.543 182.566
internal_count=785634 605454 180180 161015 146541 79172 30990 48182 67369 24083 20628 1929 1679 1122 866 43286 18699 557 17151 630 41487 19165 18803 1548 1051 47795 638 32437 9050 30731 8938 21793 11077 10852 10575 1319 833 556 18595 7703 10892 9049 8704 3302 8093 3391 4702 4020 3001 2571 2345 762 1583 709 626 47157 3412 862 412 8358 8320 7576
is_linear=0
shrinkage=0.05


Tree=26
num_leaves=63
num_cat=0
split_feature=17 15 17 34 54 23 18 52 36 54 36 47 49 49 48 34 53 14 49 49 48 17 48 48 47 48 38 28 44 44 17 48 54 42 44 28 18 23 52 54 49 18 54 50 0 53 18 54 50 26 15 34 42 28 54 52 46 54 26 46 46 50
split_gain=550.883 42.7068 35.8236 40.0092 28.7128 23.9985 88.3788 20.3662 19.7306 40.8038 26.298 28.6361 18.943 38.3552 28.1752 22.8584 21.8949 20.7732 20.3568 19.9674 26.6168 24.2698 18.1251 19.51 24.6189 20.7575 17.6667 17.6271 16.8394 27.1252 16.1769 15.8035 15.7646 14.8231 19.4353 26.6105 14.6323 16.0191 39.5483 14.6006 17.2148 16.6723 31.85 48.0657 23.9152 26.221 20.7703 18.3306 15.4465 33.7719 38.4604 14.403 19.2336 33.6219 29.7478 15.7192 14.3838 24.8139 19.4756 17.8193 16.9702 16.7289
threshold=-18.643671035766598 -37.387928009033196 -5.3756484985351554 6.4500837326049814 -0.98296290636062611 -46.868728637695305 -48.778070449829094 83.907512664794936 199.11765289306643 0.78656607866287243 203.82353210449222 -0.24942165613174436 258.11538696289068 268.43287658691412 0.6732693910598756 4.7645106315612802 22.250000000000004 0.66567993164062511 256.32855224609381 255.59030914306643 0.97297734022140514 1.1571083068847658 0.94973194599151622 0.8083171844482423 3.507806777954102 0.66015982627868663 0.64705657958984386 0.92349481582641613 -0.44981384277343744 0.25554275512695318 -37.296619415283196 0.91453474760055553 0.12940952181816109 6.4928665161132821 -1.6119594573974607 6.409860610961915 -43.957788467407219 -33.05591964721679 9.6347298622131365 0.37940952181816107 270.83627319335943 -31.120611190795895 0.12940952181816109 16.404320716857914 277.00236511230474 145.33333587646487 -26.116592407226559 -1.0000000180025095e-35 133.18571472167972 11.418201446533205 -33.33277511596679 5.0017144680023202 -1.053657531738281 3.0690183639526372 0.12940952181816109 1.6373844742774966 4.0758953094482431 1.0000000180025095e-35 21.696994781494144 6.8533954620361337 4.990553855895997 13.844410419464113
decision_type=2 2 2 2 2 2 2 2 2 2 2 2 2 2 2 2 2 2 2 2 2 2 2 2 2 2 2 2 2 2 2 2 2 2 2 2 2 2 2 2 2 2 2 2 2 2 2 2 2 2 2 2 2 2 2 2 2 2 2 2 2 2
left_child=1 -1 3 4 -2 6 -5 8 9 -4 11 32 15 14 16 -12 26 36 19 -17 21 -21 23 24 25 -20 -14 -18 31 -30 -3 -25 -10 -7 -35 -36 -15 38 -38 40 -32 47 44 -44 -43 -46 -45 48 -42 -50 -51 52 -29 54 -54 -53 -39 58 59 -58 -59 -62
right_child=2 30 7 5 -6 33 -8 -9 10 -11 12 -13 13 17 -16 18 27 -19 22 20 -22 -23 -24 28 -26 -27 -28 51 29 -31 39 -33 -34 34 35 -37 37 56 -40 -41 41 42 43 46 45 -47 -48 -49 49 50 -52 55 53 -55 -56 -57 57 60 -60 -61 61 -63
leaf_value=-0.046184184542543735 0.20733752600475341 0.27766665229733312 -0.036714500792130227 -0.004886949122385251 0.013752459686439093 -0.026444859531095707 0.72154094010153902 -0.032628736808246302 0.044575996159284169 0.024346485651988777 -0.023541308065863957 0.0037572122126808059 -0.035964157304673609 -0.034667490748014826 -0.03288397579744818 0.026915119294692258 -0.045190325610912387 -0.036860895274665309 0.061770799959970417 -0.021916805999974236 0.060525155124899616 0.06779510688533133 -0.045023320050334222 -0.051817113459112808 -0.024679720419948689 -0.017625998484772098 0.037285063928764149 -0.00028055087951583442 0.19524250627244011 0.070405457986336864 -0.036980492486879402 0.087626813827628838 0.10647586851673328 -0.005401065899970952 -0.050665636573352157 0.28740344794082995 0.21511339594930617 0.016403110862026945 0.026112153958488149 -0.036428414003766875 -0.0031195742677322651 -0.00439778321717961 0.52572963469112699 -0.00081174281225443044 0.47117119118016693 0.018510532568165244 0.31996239160838602 -0.048110278267390671 -0.010213429098795194 0.41509301642060809 3.9328824365335557e-05 0.1012767219657893 -0.019674395919983389 0.14076826904181705 0.0958264625017166 0.0049328310555718565 0.067720981951325462 0.06384076204942829 0.031147404404345935 0.16612595332582419 0.050978560316815802 -0.040119752216759223
leaf_weight=579.86104981147218 1.9358851849101473 0.4542136472882693 53.743960350751877 2.2046193483984102 181.51083840115461 149.48716817668173 0.51686213118955393 23.011146131786518 22.854033601470292 55.731243833899498 25.130433267215267 23.910966137424111 47.654719614423811 11.08126244554296 60.999663063441403 242.00884092226624 13.203346740454434 15.50354935415089 51.324646718800068 69.255563236307353 15.035634466912596 8.4597665914334339 5.4109611473977557 3.7954394253902155 13.902075554826295 9.8046540538780373 9.9505297150462848 20.99683254212141 6.1940570031292763 14.626885712146757 41.518275053938851 4.3728193137794733 18.704135390929878 108.30341146641877 1.0348897667136037 1.3303330232156438 3.7460842879954717 308.34157653781585 10.598884195089338 90.939881538157351 42.486043378827162 15.106392839807091 0.77969802496954743 2.0093817202141517 0.57520529103930929 0.72084689931944013 0.6738858312601218 21.37347240827512 3.7129540177993468 1.2832309557124975 0.98777727235574264 4.3410233198665074 13.360988065134736 9.4082743320614082 9.5660680956207198 171.29795193031896 23.720196472248066 8.9576437915675324 33.733163187047467 5.7073196419514707 6.854019460501152 19.035685525508597
leaf_count=486075 376 124 231 971 25455 60472 83 2578 196 341 293 595 3390 1356 10776 5609 207 203 1550 3528 191 48 569 394 521 1162 118 889 188 467 22586 93 356 27733 189 311 299 12021 730 54294 22233 6046 239 747 208 286 241 10846 1370 186 277 126 340 371 176 9369 1136 505 1302 379 458 1582
internal_value=-0.00424312 -0.0390372 0.0102868 -0.00212502 0.0157953 -0.0146306 0.133076 0.0140417 0.0147812 -0.00562979 0.0164452 0.0473524 0.0148611 0.0102208 -0.00190835 0.0228506 0.00439462 0.0200042 0.0254753 0.0193554 -0.000369763 -0.0121511 0.0441965 0.0488376 0.0353778 0.0490362 -0.0233113 0.0109849 0.0836747 0.107543 -0.0204215 0.0228332 0.0724353 -0.0161757 -0.00230458 0.139483 0.022046 0.0235399 0.0754685 -0.0210309 -0.0103605 0.00195946 0.0423765 0.180163 0.0132864 0.219407 0.0797487 -0.00953625 0.00747346 0.0826839 0.234565 0.0142242 0.0369816 0.0611777 0.0285171 0.00731403 0.0217067 0.0383923 0.0570796 0.0868061 0.00452155 -0.0160025
internal_weight=2724.14 802.482 1921.66 446.324 183.447 262.877 2.72148 1475.34 1452.32 109.475 1342.85 65.4691 1277.38 808.059 360.779 469.322 299.78 447.279 444.191 334.76 92.751 77.7153 109.432 104.021 75.0314 61.1293 57.6052 242.174 28.9892 20.8209 222.621 8.16826 41.5582 260.156 110.669 2.36522 431.776 420.695 14.345 222.167 131.227 89.7089 19.8654 3.46297 16.4024 1.29605 2.68327 69.8435 48.47 5.98396 2.27101 228.971 53.3322 32.3353 22.9271 175.639 406.35 98.008 63.1607 29.4275 34.8473 25.8897
internal_count=785991 605758 180233 115590 25831 89759 1054 64643 62065 572 61493 1147 60346 45733 25762 14613 14986 19971 14320 9376 3767 3576 4944 4375 3233 2712 3508 11478 1142 655 119683 487 552 88705 28233 500 19768 18412 1029 119559 65265 42679 7767 1227 6540 494 988 34912 24066 1833 463 11271 1776 887 516 9495 17383 5362 2817 1515 2545 2040
is_linear=0
shrinkage=0.05


Tree=27
num_leaves=63
num_cat=0
split_feature=38 4 49 48 41 5 48 8 23 17 5 52 37 5 55 41 25 39 48 48 28 19 38 43 41 48 37 48 41 52 10 43 39 25 49 41 52 38 36 41 27 13 46 23 39 49 28 13 43 47 42 50 52 40 36 52 8 52 52 10 48 41
split_gain=518.549 41.8554 28.1302 47.2848 21.2087 33.8196 48.7771 38.6507 50.0995 19.9657 24.8843 22.2871 27.2778 49.5339 32.7156 53.2815 21.8112 19.9102 19.345 25.4172 24.1167 40.9094 44.7776 19.3535 28.5614 17.7914 17.4824 28.6173 33.2026 34.6047 46.6258 37.0084 19.2331 27.5759 17.2047 16.2276 16.2272 15.249 15.2298 31.7119 15.0105 21.511 32.7547 36.8136 14.5649 22.9912 23.631 19.4265 25.8472 17.5015 17.4166 23.4579 16.238 14.4019 30.151 20.8249 19.6218 15.5193 14.3961 13.8064 21.9724 21.9176
threshold=-17.17647552490234 281.34657287597662 257.70365905761724 0.8994269371032716 1.977247476577759 227.79909515380862 0.8446832299232484 245.6939392089844 -19.552419662475582 -10.251132965087889 242.13864898681643 88.222122192382827 279.35729980468756 267.61863708496099 1.0000000180025095e-35 19.451463699340824 -0.62112236022949208 -43.317354202270501 -0.57820284366607655 -0.51488128304481495 3.0690183639526372 -0.98957186937332142 -0.94116973876953114 -2.9801788330078121 14.460176944732668 -0.44147184491157526 260.43936157226568 -0.2346743047237396 7.2805666923522958 10.523283481597902 262.95689392089849 10.504272460937502 -34.37908744812011 3.783110618591309 278.50158691406256 0.32824707031250006 21.702431678771976 -5.3529434204101554 220.88235473632815 6.9840204715728769 4.2887449264526376 -0.76438522338867176 2.425108909606934 -3.5588080883026119 -1.2745085358619688 268.30914306640631 21.475513458251957 -0.76438522338867176 -0.10758972167968749 -8.5341539382934553 4.7096710205078134 133.18571472167972 35.553066253662116 2.0588226318359379 215.58823394775393 35.553066253662116 227.05086517333987 14.784448623657228 38.534135818481452 265.80552673339849 -0.52717256546020497 1.6063941121101382
decision_type=2 2 2 2 2 2 2 2 2 2 2 2 2 2 2 2 2 2 2 2 2 2 2 2 2 2 2 2 2 2 2 2 2 2 2 2 2 2 2 2 2 2 2 2 2 2 2 2 2 2 2 2 2 2 2 2 2 2 2 2 2 2
left_child=1 9 25 4 35 18 26 -8 17 11 16 -1 13 -13 15 -15 -11 -9 23 38 21 22 36 24 -6 -2 37 -28 29 30 -29 -31 33 -32 -5 -4 -21 -7 -20 -40 41 42 -22 -44 45 46 50 -46 -49 -47 52 -52 -42 54 -27 -55 -56 -58 -54 -37 -61 -62
right_child=2 -3 3 34 5 6 7 8 -10 10 -12 12 -14 14 -16 -17 -18 -19 19 20 40 -23 -24 -25 -26 53 27 28 -30 31 32 -33 -34 -35 -36 59 -38 -39 39 -41 44 -43 43 -45 47 49 -48 48 -50 -51 51 -53 58 55 56 -57 57 -59 -60 60 61 -63
leaf_value=-0.031875484058172074 -0.04852721527992921 -0.048053341244809165 -0.0085905977813018723 -0.039654056127888193 -0.016968837568500331 -0.026641522848393301 -0.050154551242888007 0.33839138205744113 0.44657621037734985 0.22725231447799829 0.26814902317569955 -0.02513426147918716 -0.050151647608333266 0.42123219001363382 -0.016010092675755136 0.042091392271878199 -0.0021666053745872031 0.064533023382073174 0.031575768083886076 0.020454387100529332 0.019804677687249302 0.071483416487420098 -0.069589112592886013 -0.041542441785199821 0.11527360741880671 0.011547805614346748 -0.029212571950155787 0.39388995796072473 0.0076654656205392656 0.0022608424894228411 0.35956135743628259 0.3407958170020311 -0.024786771783241134 -0.050315062389138993 0.029650997202987413 0.027457219139836415 -0.033087739526965469 0.00034688633108220747 0.15611780422921934 0.0024405839412301768 -0.01609312351770395 -0.019316241563517557 0.045659685862822319 0.17949241481970835 -0.0168585076972824 0.11738647876306899 -0.042209595177795448 0.010256755742958732 0.05462236631398748 0.015149802996372289 0.020194404125618334 0.1588370731952633 0.18017533406152128 0.019495403085511426 0.13273391074458715 -0.024850916327703906 0.021963727611388977 0.094783103466460683 0.019130165325092194 0.16633100397791878 0.017011879085235881 0.14261667069804704
leaf_weight=279.83340668363962 9.5519654933596012 449.56112033012323 18.66753981471993 70.711950117489323 14.093560795532541 151.4888603084255 2.8782778546446917 0.77070844650734116 1.3076781135750932 1.0782459420152068 0.94213271571788837 5.9437467725947517 7.3501400850946075 2.2143716032151137 1.4571487548528237 1.5934670320712028 26.444269290892407 4.7794661736115822 37.567059444263577 42.920846596825868 31.079852444934659 13.539982025511561 32.055982776451856 31.914524090941995 5.7482861134922123 46.105867385864258 32.803252894664183 1.8978697686688963 45.395454273559153 8.358026551548388 1.0977307173889128 0.89361036673653949 1.8499244356062265 0.65534125792328257 10.253318448085336 43.328709976631217 21.111796482466161 79.96784033800941 8.1597185370046628 5.703295007813721 69.65509523358196 13.011129599995909 12.576915096491577 8.6877892455086094 22.605048851808533 4.2563102475833139 37.531967281829566 63.156088401796296 68.367407055106014 253.50200805207714 27.228392730001364 3.4359541140729553 1.9334181131562207 479.04486770962831 9.7007469823583943 28.021877369377762 18.293038868228908 12.194067622302098 4.9161692401394248 5.1503368554404032 13.496491649653764 4.6765709723113096
leaf_count=183128 434 408283 1990 19556 576 51688 1065 143 318 160 285 2493 4147 386 655 239 5838 1228 712 1301 1202 165 270 951 142 322 9208 187 15372 1948 323 189 326 186 1315 2408 903 10628 297 520 6442 236 323 195 519 205 5219 759 888 12703 1809 175 193 19763 115 2549 528 335 580 215 807 253
internal_value=-0.00362756 -0.0381545 0.0102042 0.00615637 0.00854706 0.00679044 -0.00665201 0.10362 0.168159 -0.0245397 0.0154708 -0.0283564 0.0247048 0.073792 0.185472 0.262573 0.00682131 0.102562 0.0121713 0.0141282 0.0117397 -0.00988323 -0.0213487 -0.0174342 0.0213425 0.0191684 -0.00996148 0.00835461 0.0288428 0.0940085 0.19332 0.0349597 0.0876699 0.20634 -0.0308774 0.0326131 0.00280135 -0.0173171 0.0481043 0.0928944 0.0155511 0.0382193 0.0525208 0.100338 0.0128894 0.00788398 -0.008066 0.0259594 0.0333185 0.016838 0.00389153 0.0357294 -0.00886961 0.0202582 0.0391409 0.0170447 0.0707973 0.0510896 0.064588 0.0441532 0.0751699 0.0493344
internal_weight=2714.52 776.418 1938.1 1335.19 1254.22 1168.9 334.144 9.73613 6.85785 326.857 28.4646 298.392 18.5589 11.2087 5.26499 3.80784 27.5225 5.55017 834.759 783.002 731.572 109.629 96.0886 51.7564 19.8418 602.912 324.408 92.9512 60.148 14.7525 5.50087 9.25164 3.603 1.75307 80.9653 85.3196 64.0326 231.457 51.4301 13.863 621.944 65.3557 52.3446 21.2647 556.588 402.459 144.701 154.129 131.523 257.758 107.169 30.6643 76.5047 593.36 86.2937 507.067 40.1879 30.4871 6.84959 66.6521 23.3234 18.1731
internal_count=786298 605614 180684 156638 135767 130094 92809 2754 1689 197331 6283 191048 7920 3773 1280 625 5998 1371 37285 35616 34087 2639 2474 1669 718 24046 90055 27739 18531 3159 1022 2137 835 509 20871 5673 2204 62316 1529 817 31448 1956 1720 518 29492 27326 14418 2166 1647 12908 9199 1984 7215 23612 1300 22312 978 863 773 3683 1275 1060
is_linear=0
shrinkage=0.05


Tree=28
num_leaves=63
num_cat=0
split_feature=38 4 38 37 29 33 0 54 5 20 51 40 42 12 42 37 38 42 54 40 13 46 51 12 14 31 2 2 55 40 10 13 21 23 51 37 42 51 16 5 48 47 50 16 46 29 48 35 48 26 54 26 51 47 38 11 46 50 55 48 37 4
split_gain=470.231 42.6213 27.9241 21.8513 21.6046 26.9219 35.0997 18.5533 20.7674 19.8377 18.495 15.8723 19.8421 15.7133 22.374 22.2443 20.541 22.9643 17.6039 14.9838 17.3063 14.8675 14.6422 17.878 30.3504 16.9874 16.2762 16.7147 12.1751 21.1681 18.0149 48.2856 92.3807 37.5527 29.7361 31.0288 17.8385 12.0066 11.8814 11.6013 21.9939 32.4517 17.7163 26.9732 15.2989 13.2904 30.0427 30.3951 32.8662 44.5797 32.812 21.6655 20.8087 17.446 15.8829 24.7257 14.1481 13.7421 13.6521 14.0582 17.1449 16.3141
threshold=-17.17647552490234 281.34657287597662 -5.6470565795898429 272.34568786621099 12.163876533508303 22.172280311584476 270.08671569824224 -0.37940952181816096 225.14548492431643 -39.550170898437493 95.808483123779311 1.9411621093750002 -14.282424926757811 -34.270801544189446 13.211959838867189 252.96659851074222 -3.2352981567382808 22.131034851074222 -0.7865660786628722 11.784301757812502 -10.075443267822264 5.3820858001708993 83.544883728027358 -40.802845001220696 -36.994037628173821 13.360585212707521 269.36509704589849 273.25801086425787 0.12940952181816107 -0.29412841796874994 283.46340942382818 -46.192438125610344 -48.670465469360344 -48.249322891235344 7.3324115276336679 287.81771850585943 11.337997436523439 11.306252956390383 -16.610286712646481 226.45742797851565 -0.22978341579437253 0.63602602481842052 64.201091766357436 -7.9526863098144522 0.98338270187377941 21.483678817749027 -0.07752364873886107 9.8315100669860858 -0.22493761777877805 7.2659301757812509 -0.37940952181816096 4.6891613006591806 15.861076354980471 1.1912486553192141 -1.5294113159179685 216.65484619140628 8.9965038299560565 189.46730041503909 0.98296290636062633 -0.24570572376251218 231.20188903808597 216.68799591064456
decision_type=2 2 2 2 2 2 2 2 2 2 2 2 2 2 2 2 2 2 2 2 2 2 2 2 2 2 2 2 2 2 2 2 2 2 2 2 2 2 2 2 2 2 2 2 2 2 2 2 2 2 2 2 2 2 2 2 2 2 2 2 2 2
left_child=1 7 3 11 -5 6 -6 22 9 -9 13 -2 37 -4 39 18 17 -17 19 -16 -21 -8 28 -24 -25 26 -26 -28 29 -1 -31 -32 -33 -34 35 -35 -36 -13 -14 45 41 44 43 -43 -41 46 47 48 49 58 -51 -48 -52 -50 55 -47 -49 -56 59 60 61 -15
right_child=2 -3 10 4 5 -7 21 8 -10 -11 -12 12 38 14 15 16 -18 -19 -20 20 -22 -23 23 24 25 -27 27 -29 -30 30 31 32 33 34 36 -37 -38 -39 -40 40 -42 42 -44 -45 -46 54 51 56 53 50 52 -53 -54 -55 57 -57 -58 -59 -60 -61 -62 -63
leaf_value=0.40472691959833745 0.0070322011857273208 -0.048186617170345072 -0.019821836201872341 0.018457808091049185 0.52034681890253709 -0.050282064026479181 -0.050324969895451745 0.15349094521361384 -0.036338247665160243 -0.0038045015944258177 -0.034128820578196356 0.1397119886043153 -0.037434012419420744 0.01396714931647724 0.11723519790592396 0.072174826370983533 0.013782007538084257 0.21723280597075451 0.008548653369700043 -0.026149310401539085 0.098772634116159164 0.28544837270229001 -0.050144702648369038 0.38693359990263704 -0.013969059547799792 -0.051324031240179639 0.33933499326288807 0.072826588613840337 -0.029755756404214698 -0.019398079208182255 -0.027943952002615804 0.77302972967070527 0.48148074058595969 0.042158068108189006 -0.03751332822574107 0.60111733621497632 0.30411443691530338 0.017836023985671221 -0.011194320655939309 0.042190404962584332 -0.019768482961866958 0.27779104013984507 -0.010571177204643907 0.072838656734415683 -0.02660406805400882 0.16626523326482665 0.085062564106221983 -0.032495691697927508 -0.023607720272569618 0.0031204446273946735 0.066657033674746721 0.024977091770500434 0.19275067923022415 0.028578203207661964 0.0068448576433625319 -0.034832011930008504 0.029807335920606616 0.048719819553959376 0.053195701773502385 0.047998265828723588 0.032223232115132082 -0.01775880252297973
leaf_weight=0.32969254930503566 123.81704085180536 428.70517490454949 36.469954830594361 53.707426119130105 0.78766273614019144 1.0874672923237083 0.73917926463764139 2.654931485769338 199.68152946443297 8.1814279120881093 21.48132089804858 2.9403489172691462 58.918716403073631 100.1832174314186 8.0813561324030179 7.1547272102907318 6.048940153559669 4.4102106199134141 46.614723272388801 6.390178783563897 4.8971771253272873 0.59508365578949451 3.0085043139988557 0.79330039466731239 1.3694419028470277 2.2329401600873098 1.1484685883624481 1.2062518552411345 51.490393644780852 30.884641775977798 9.0254421371500921 0.54667515354230989 0.5643162423511966 0.54173924110364058 3.9108310739975423 0.45834257046226412 0.42349219846073527 6.4618183610728011 161.099817721406 13.9641935757827 73.618196333292872 2.5512520358897746 2.3346048723906279 4.3297908583190274 19.183684604475275 1.6003549403976638 15.659568519797174 56.908243264304474 72.846412584418431 6.6487739223521229 5.7013467762153578 357.66002992948052 7.6782985359895974 20.52815576735884 375.41728586307727 34.061767868115567 10.849359139334409 20.67101353732869 23.42724126810208 26.202442245092243 60.227544465335086 68.039917495567352
leaf_count=123 21456 408442 3091 10832 180 364 257 174 133826 687 2597 295 29002 1582 438 321 91 218 2650 532 63 175 1776 114 454 675 143 283 31087 17899 6423 323 301 334 2255 135 293 590 48895 883 13887 209 217 339 1280 102 369 3416 1546 214 196 14393 275 265 8087 6854 227 319 246 368 1376 1493
internal_value=-0.00421013 -0.0378941 0.00881643 -0.00276247 0.0259882 0.152005 0.255675 -0.0240383 -0.0326799 0.0347332 0.0119371 -0.00739504 -0.0151813 0.0125966 0.0134043 0.0385218 0.0884416 0.127492 0.025196 0.0652613 0.0280498 0.0994305 -0.00718347 0.0512274 0.0964067 0.0577176 0.123097 0.202811 -0.0129897 0.00550213 0.00266274 0.046703 0.151231 0.0936043 0.0525716 0.298332 -0.00413402 0.0559504 -0.018221 0.011883 -0.00325153 0.0254512 0.108447 0.148828 0.00237695 0.0132714 0.016963 0.00839953 0.013751 0.021859 0.0939055 0.0274975 0.13902 -0.0121348 0.00615265 -0.0258077 -0.0225197 0.00903022 0.01667 0.0133097 0.00933108 0.0011352
internal_weight=2679.15 747.158 1932 410.155 56.9168 3.20939 2.12193 318.452 210.518 10.8364 1521.84 353.238 229.421 1500.36 1463.89 83.5973 17.6139 11.5649 65.9834 19.3687 11.2874 1.33426 107.934 9.75891 6.7504 5.9571 3.72416 2.35472 98.1756 46.6852 46.3555 15.4708 6.4454 5.89872 5.33441 1.00008 4.33432 9.40217 220.019 1380.29 115.982 42.3635 9.21565 6.88104 33.1479 1264.31 832.561 459.241 391.483 298.109 20.0284 373.32 13.3796 93.3746 431.75 35.6621 67.7576 396.088 278.08 254.653 228.451 168.223
internal_count=785937 605747 180190 112046 11808 976 612 197305 134687 861 68144 100238 78782 65547 62456 4313 630 539 3683 1033 595 432 62618 3445 1669 1555 880 426 59173 28086 27963 10064 3641 3318 3017 469 2548 885 77897 58143 16815 2928 765 548 2163 41328 25966 11204 7561 5750 685 14762 471 1811 15362 6956 3643 8406 5065 4819 4451 3075
is_linear=0
shrinkage=0.05


Tree=29
num_leaves=63
num_cat=0
split_feature=17 36 3 40 51 13 11 47 15 49 40 42 48 48 49 41 43 36 42 41 29 41 11 18 48 38 23 51 50 50 5 39 41 40 48 36 17 54 5 51 40 29 28 48 19 36 29 5 28 29 3 38 55 39 28 25 45 1 47 6 41 48
split_gain=428.176 35.6408 34.1393 31.3589 28.6533 19.42 22.5712 18.283 26.5241 16.4783 17.4939 17.0636 13.126 22.9879 24.4191 27.5697 20.3577 18.9856 18.8733 32.9015 18.8115 13.0667 13.0634 14.2509 14.4892 13.8602 12.3992 12.2342 16.2113 15.845 13.6986 13.876 14.6492 21.2462 34.2347 34.475 38.2577 17.4562 15.4092 13.3769 12.2027 11.6314 28.01 18.2991 17.4511 14.916 26.2093 24.3588 13.9408 17.9887 13.3333 13.8635 24.1423 28.2849 14.1042 12.9538 12.7 12.5511 11.8506 12.6108 11.9331 29.4423
threshold=-21.917907714843746 233.23529815673831 281.11260986328131 0.74509429931640636 95.808483123779311 -36.432970046997063 273.93620300292974 -2.3608226776123042 -13.795028686523436 288.06623840332037 11.588226318359377 1.1416168212890627 -0.57820284366607655 -0.51488128304481495 274.13537597656256 8.2887921333313006 12.870986938476564 220.88235473632815 -0.35734558105468744 11.48729181289673 2.2119293212890629 19.451463699340824 260.95413208007818 -19.239023208618161 0.32534402608871466 -10.352943420410154 -7.0733015537261954 35.823423385620124 70.242671966552749 86.079395294189467 254.95169067382815 -44.512708663940423 -0.23868268728256223 -1.0588302612304685 -0.11090746521949767 253.23529815673831 -13.214450836181639 -0.91597560048103321 225.84973907470706 16.647991180419925 -1.6862716674804685 -0.73326015472412098 0.95975494384765636 -0.36422622203826899 -15.456063747406004 220.88235473632815 14.415184974670412 209.49958801269534 2.6039085388183598 2.4438190460205083 255.44509887695315 -8.3529434204101545 -0.7865660786628722 -17.357297897338864 4.0073528289794931 0.5485816001892091 0.074159562587738051 229.09683990478518 7.3394865989685067 211.18762969970706 5.3860976696014413 -0.24570572376251218
decision_type=2 2 2 2 2 2 2 2 2 2 2 2 2 2 2 2 2 2 2 2 2 2 2 2 2 2 2 2 2 2 2 2 2 2 2 2 2 2 2 2 2 2 2 2 2 2 2 2 2 2 2 2 2 2 2 2 2 2 2 2 2 2
left_child=2 4 9 22 5 -2 12 -8 -9 -1 -11 -12 18 14 15 17 41 -14 19 -7 -19 -13 -3 24 25 27 -17 28 30 -30 31 -24 -33 34 35 40 -37 -35 -39 -31 -34 44 43 -43 55 48 50 -48 56 -50 51 52 -47 54 -54 -15 -44 58 60 -60 61 -51
right_child=1 3 -4 -5 -6 6 7 8 -10 10 11 21 13 16 -16 26 -18 20 -20 -21 -22 -23 23 -25 -26 -27 -28 -29 29 39 -32 32 33 37 -36 36 -38 38 -40 -41 -42 42 45 -45 -46 46 47 -49 49 57 -52 -53 53 -55 -56 -57 -58 -59 59 -61 -62 -63
leaf_value=-0.029030124307890412 -0.040344644418202479 -0.0065083445134330332 -0.047628092369453277 -0.019130292582695677 -0.043737125365541862 -0.022077883971662743 -0.0039441447682668773 0.20559525773445936 0.029666681721131734 -0.005410882811679665 -0.0040884419553004125 0.30523457208943378 0.047983998402891623 -0.031358337697652651 -0.025090552228786579 -0.059291388264008454 -0.013076098541481505 0.1769419521107651 -0.027879241332522675 0.1295757584166328 0.065472246375838705 0.073704313250388398 -0.027204313511083319 0.082048901877827596 0.20966361037770695 -0.01538538678421985 0.057230753907360501 -0.016306577783000282 0.28810360749475034 0.17504143291294502 -0.028960924010214151 -0.050460830593555488 0.037007625809048379 0.24345959231620617 -0.051348070368738043 0.66891431316210159 0.18249739635535003 0.16683057281333041 -0.039619029134103423 -0.0049351662410080091 0.22965258540298694 0.008896619041866163 -0.042284757622065211 0.092704675688369986 -0.059607380184728193 0.34129818147485746 0.11682800499385751 -0.027043164697493044 0.061676065989940437 0.0020247261811176978 0.13619071155109116 0.0072795698470085783 0.19245511496251286 0.25777803427921164 -0.030833347642095599 0.06248587236406309 0.011177480941367827 0.033037231919560019 0.070146709332920873 0.016903279732797542 0.0099140012536681164 0.075239250815041292
leaf_weight=204.48276030749548 18.314965496887453 57.399130572099239 432.33136905590072 218.85901039442979 24.400055335718207 9.238073979970066 4.5853609321638933 4.3903137375600627 4.1843728430103502 25.666416804539043 2.0735475702676913 1.2354024706874045 29.50951379397884 6.9385568313300627 11.691390810301526 6.7293301501776988 86.221075533423573 7.0044218089897177 45.734020729083568 5.8356338485609731 8.2342395917512459 1.2025665548862887 4.2356626354157951 9.5851810298627225 0.96091700007673253 24.910760849597864 3.4553703800775128 10.038907842827028 1.1818866842659179 1.9661900926148517 7.0013275340897954 2.0068105608224895 1.7000023113796485 0.84914360637776631 1.4775934579083703 0.7647006461629644 0.85758516890928127 1.1226675686193628 4.6370856167050079 2.1739971332717687 1.5916330879554155 10.268846968887376 20.119555631186813 17.809087313944474 13.956061696866525 0.76584660331718613 3.0524858348071566 81.313708414905705 20.839307363145053 31.594897834584117 2.1064726694021365 206.65625311236363 0.82041125383693714 1.2957560564391295 5.126086882664822 7.8234485281864181 24.801742545794696 85.178453435539268 18.050624946597964 28.969583007972687 768.67534701689146 24.286707818973809
leaf_count=135691 3073 10138 429822 88560 3476 347 280 172 224 14614 570 64 258 189 478 907 5950 170 1914 186 385 365 1321 498 240 1697 145 3016 380 263 2895 510 303 111 357 304 109 43 1695 607 206 246 258 385 231 276 63 22000 338 652 255 21299 195 336 1550 264 268 4297 182 495 19604 258
internal_value=-0.00459542 0.00695744 -0.0392942 -0.00745461 0.0100436 0.0108508 0.0114342 0.076647 0.119744 -0.0239401 0.0105496 0.10135 0.0108959 0.0117994 0.0405242 0.054489 0.0104945 0.0713878 -0.0118871 0.0366333 0.116709 0.191029 0.0115496 0.0249999 0.016896 0.0141112 -0.0197588 0.0317721 0.0470624 0.126631 0.0309265 0.052716 0.0752728 0.0946817 0.159679 0.223134 0.411781 0.0318223 0.000621284 0.0805364 0.130159 0.0119667 0.0126357 0.0620538 -0.0195212 0.0115874 0.0018069 -0.0218377 0.0144679 0.0157193 0.0110093 0.00978088 0.0743294 0.0460983 -2.72558e-05 0.0183765 -0.0127674 0.0147184 0.0129281 0.0373429 0.0115358 0.0338445
internal_weight=2670.29 2003.3 666.992 353.32 1649.98 1625.58 1607.26 13.16 8.57469 234.661 30.1779 4.51152 1594.1 1533.29 66.6243 54.9329 1466.67 44.7482 60.8077 15.0737 15.2387 2.43797 134.461 77.0621 67.4769 66.516 10.1847 41.6052 31.5663 5.32207 26.2442 19.2429 15.0072 13.0004 6.39151 4.91392 1.62229 6.6089 5.75975 4.14019 3.29164 1380.45 1351.73 28.0779 28.7181 1323.65 301.137 84.3662 1022.52 977.595 216.771 214.664 8.0081 7.24225 5.9465 14.762 44.9213 956.756 871.577 47.0202 824.557 55.8816
internal_count=785985 204859 581126 113253 91606 88130 85057 676 396 151304 15613 999 84381 81934 2343 1865 79591 813 2447 533 555 429 24693 14555 14057 13817 1052 12120 9104 1250 7854 4959 3638 3128 1279 922 413 1849 1738 870 509 73641 72957 631 684 72326 45974 22063 26352 25826 23911 23656 2357 2081 1745 453 526 25488 21191 677 20514 910
is_linear=0
shrinkage=0.05


Tree=30
num_leaves=63
num_cat=0
split_feature=17 3 49 53 5 40 29 5 39 47 49 47 53 37 47 54 47 47 41 36 36 24 44 29 39 40 36 5 26 40 36 17 0 29 49 49 17 52 54 36 53 46 41 35 49 55 35 54 28 52 49 12 27 53 46 11 49 29 34 47 5 33
split_gain=418.677 42.5999 26.2517 20.8935 24.2353 20.0813 18.8642 35.7559 22.3185 20.632 19.6084 22.2136 17.8987 19.1541 42.7311 17.4345 25.375 21.1615 17.7911 16.944 16.7044 16.5066 15.7201 15.0615 21.211 16.6592 14.8569 21.6499 20.6301 17.4913 14.119 13.6762 13.5847 13.2525 12.7936 12.7063 19.5866 12.6485 12.1128 18.9497 23.4037 21.8793 14.9445 15.2722 13.7024 13.2915 38.7095 27.5475 38.9856 27.6091 32.5301 22.2929 18.9437 31.3732 21.5738 33.168 33.86 23.1445 20.3645 17.8202 15.0739 15.0666
threshold=-19.434148788452145 281.32322692871099 255.59030914306643 15.083333492279055 205.86235046386722 -0.99999999999999989 15.019815444946291 220.15905761718753 -19.02614593505859 4.1753752231597909 257.70365905761724 -4.4585323333740225 438.16667175292974 287.27307128906256 -0.10867550969123839 0.12940952181816109 -0.9768693447113036 -0.39258989691734308 33.642942428588874 200.29412078857425 210.29412078857425 5.0899066925048837 -0.73353958129882801 3.3729181289672856 -15.608569145202635 0.56863403320312511 212.64705657958987 233.6683044433594 13.467803955078127 10.313728332519533 222.64705657958987 0.44061279296875006 246.76570129394534 20.855533599853519 270.83627319335943 258.98173522949224 -0.37291717529296869 17.814618110656742 0.91597560048103344 199.70588684082034 254.45833587646487 1.3129453659057619 4.752361774444581 4.911550998687745 273.86521911621099 0.60355338454246532 9.6129031181335467 -1.0000000180025095e-35 5.9396877288818368 17.964986801147464 265.70214843750006 -24.045583724975582 4.9488983154296884 269.89999389648443 1.6586999893188479 219.40641784667972 271.09448242187506 2.8338661193847661 5.5673699378967294 1.7053138613700869 216.1795349121094 0.294246256351471
decision_type=2 2 2 2 2 2 2 2 2 2 2 2 2 2 2 2 2 2 2 2 2 2 2 2 2 2 2 2 2 2 2 2 2 2 2 2 2 2 2 2 2 2 2 2 2 2 2 2 2 2 2 2 2 2 2 2 2 2 2 2 2 2
left_child=1 12 20 4 19 30 9 8 33 10 26 -12 34 -14 -15 31 18 -18 -17 -4 -2 32 -20 25 -25 -23 -5 -28 29 -29 -6 -10 -22 -8 -1 36 -11 -24 45 -40 -41 44 43 -43 -42 -13 47 52 51 50 -50 59 53 54 -47 -56 57 -57 -59 61 -52 -49
right_child=2 -3 3 6 5 -7 7 -9 15 35 11 38 13 14 -16 16 17 -19 22 -21 21 23 37 24 -26 -27 27 28 -30 -31 -32 -33 -34 -35 -36 -37 -38 -39 39 40 41 42 -44 -45 -46 46 -48 48 49 -51 60 -53 -54 -55 55 56 -58 58 -60 -61 -62 -63
leaf_value=-0.044039668541130242 0.047653809329560599 -0.047501266614345054 0.0021545892470132247 0.093170671406308692 0.079465074125408708 -0.018446670040435952 0.12909013732079452 -0.028457858815534105 -0.020530269126967156 -0.039887347873221138 -0.015472796476818641 0.025609424748272904 0.0017966229393390474 0.39392262395152877 -0.050171161865369733 0.084393822536654423 -0.054031976999293956 0.0081094356941744765 -0.020479858701797964 0.068051255191517682 -0.033496002425688114 0.013023339192396101 0.061320289436751212 -0.040707032514880143 0.021586423433003116 0.11035184760096145 0.013767276725740123 0.098890638633896605 -0.014915065570350114 0.36137052236306288 -0.0021494467790406382 0.01827492257507371 0.036361302598013519 0.014755279858136315 -0.018938270212918249 -0.029054987486867207 0.05708230183334756 -0.00032064466066194472 0.069901351747440388 -0.027185154325921085 0.05351554126477203 -0.0088460112096972274 -0.02195629156504943 0.11839648553042943 0.20503500748791464 0.00075556883026777052 -0.032001633969976899 0.033500525065713299 0.25982755651070572 0.028131790309583699 0.16553224501117245 0.035650808529517845 -0.027956463219060229 -0.028267536798156287 -0.013442684611311706 0.046006446134336687 0.0034711989741978292 0.17277479438591559 0.054035568568329133 0.091794726988878472 -0.027529780610570039 -0.038512582917683558
leaf_weight=74.443287256115582 50.181590068154037 410.03154685854679 24.593103736639023 12.230675566941498 9.1256505160126853 204.57540053036064 5.8239049339899776 91.04860762367025 88.472101195249707 8.8232854191446677 66.230330442776904 273.51614610105753 33.256747698178515 1.0059768548817376 1.1735912490985345 16.062355470610783 15.507111889077349 117.57010601717047 14.285003832774235 16.168253886979073 26.641397767351009 8.1647991773206758 25.370114978170022 14.623624886735341 208.51178201986477 9.5262142831925285 29.124846031540073 1.3377279533306135 1.4112571590812875 1.2077255330514161 12.637898488901554 30.54399660625495 9.4200393994105962 4.487118266406469 159.57253993104678 46.886983024422079 12.707338988315314 12.384942358359693 8.5072813965380174 58.45221809472423 4.1808635861380017 4.6195822327863443 17.499242531484924 4.817311953403987 2.3201488869963214 49.209627583390102 45.702443066285923 10.016642350470645 4.5081806691596267 6.0878960352856657 1.9342531049624083 111.66769030736759 37.871243847068399 36.629314659861848 17.021632253192365 11.89842698746361 13.406906734337097 11.923213186324576 5.1796392289688802 4.0535612464882425 2.1183049137471244 26.423648888943717
leaf_count=52360 342 427307 149 71 145 30508 438 32809 4647 741 8943 36702 16940 277 653 463 309 3322 549 359 496 112 454 2872 6181 306 1056 323 466 86 1691 551 247 457 102097 6493 106 217 44 6769 399 369 1355 204 292 3860 8396 534 318 523 28 7132 2870 2596 379 588 1065 381 293 494 489 3890
internal_value=-0.0035196 -0.0373524 0.00817807 0.00559593 -0.00719756 -0.013589 0.00808823 -0.00071381 0.00692917 0.011996 0.0140498 0.0123131 -0.0219087 0.0112073 0.1548 0.00459757 0.0135714 0.000868273 0.0383942 0.0282929 0.0211111 0.0163007 0.0241963 0.0210247 0.0175039 0.0654326 0.0460844 0.028676 0.138417 0.223428 0.0320723 -0.0105714 -0.0152477 0.0793343 -0.0269233 -0.0144535 0.017344 0.0411 0.0147044 -0.00149049 -0.00810007 0.025263 0.00539311 0.0561083 0.107591 0.0171341 0.0112751 0.016927 0.031626 0.109531 0.167417 0.0241261 0.00353858 0.0117493 0.0252415 0.0455166 0.0691814 0.0995584 0.136814 -0.0076551 0.0646172 -0.0187177
internal_weight=2644.73 679.484 1965.25 1638.18 267.1 226.339 1371.08 421.555 330.507 949.526 881.108 835.796 269.452 35.4363 2.17957 320.196 201.18 133.077 68.1024 40.7614 327.069 276.888 52.0401 240.826 223.135 17.691 45.3122 33.0816 3.95671 2.54545 21.7635 119.016 36.0614 10.311 234.016 68.4176 21.5306 37.7551 769.565 100.397 91.8894 33.4371 26.9361 9.43689 6.50101 669.169 395.653 349.95 166.81 14.6486 8.56074 152.162 183.14 145.269 108.639 59.4298 42.4082 29.0013 17.1029 40.4939 4.05256 36.4403
internal_count=785513 599634 185879 175323 32852 32344 142471 44216 11407 98255 90915 88913 172327 17870 930 10512 5314 3631 1683 508 10556 10214 1220 9471 9053 418 2002 1931 875 409 1836 5198 743 895 154457 7340 847 671 79970 9432 9388 2619 1928 573 691 70538 33836 25440 13408 1358 835 12050 12032 9162 6566 2706 2327 1262 674 4918 517 4424
is_linear=0
shrinkage=0.05


Tree=31
num_leaves=63
num_cat=0
split_feature=17 38 54 52 45 38 5 26 52 1 53 53 38 40 47 53 5 46 47 18 36 36 38 54 29 44 52 36 0 44 45 11 28 35 49 48 54 49 51 41 48 46 31 27 23 47 51 15 38 10 5 25 46 25 35 52 45 39 9 23 53 53
split_gain=393.799 43.9152 23.0929 27.5819 27.2908 25.9953 31.0704 30.4228 24.519 21.9325 19.6179 20.4239 20.328 22.5903 22.0637 24.3221 17.976 17.07 18.3788 16.9211 17.3053 26.5804 25.1834 23.3633 23.314 19.4974 16.2838 18.8846 25.5937 18.8646 15.8296 15.4233 30.6596 31.0089 21.4359 35.2329 22.6522 22.5584 36.3215 27.174 26.9952 21.133 20.2605 20.2097 19.1683 19.1158 17.4332 18.0129 17.0787 16.6425 15.6769 19.7796 15.4044 15.1114 23.3169 14.7828 13.8332 13.7432 14.3111 13.5201 34.7335 57.5655
threshold=-18.643671035766598 -35.176460266113274 0.37940952181816107 179.38448333740237 -2.6214790344238277 -17.529411315917965 256.52972412109381 14.817760467529299 68.036495208740249 261.45242309570318 1089.1666564941409 719.16668701171886 -5.6470565795898429 14.627449035644533 1.7672219276428225 12.733333587646486 242.70412445068362 -0.63931655883789051 2.0334974527359013 -37.871591567993157 199.11765289306643 197.35294342041018 0.64705657958984386 0.91597560048103344 5.1821250915527353 -0.75073242187499989 135.44622802734378 262.64704895019537 281.66929626464849 -3.5763740539550777 2.1630644798278813 242.24576568603518 2.8565769195556645 4.911550998687745 258.11538696289068 0.8111555576324464 0.12940952181816109 255.59030914306643 29.669217109680179 5.2234389781951913 0.93061417341232311 1.8052744865417483 5.958604335784913 4.0872983932495126 -2.7883545160293575 -0.13258600234985349 8.4556412696838397 -3.0172538757324214 -0.94116973876953114 240.60086059570315 221.06523132324222 18.64265060424805 1.2614054679870608 14.442064285278322 16.38039588928223 22.16961765289307 -5.2286109924316397 -12.536674022674559 278.13470458984381 -48.067054748535149 438.16667175292974 625.08334350585949
decision_type=2 2 2 2 2 2 2 2 2 2 2 2 2 2 2 2 2 2 2 2 2 2 2 2 2 2 2 2 2 2 2 2 2 2 2 2 2 2 2 2 2 2 2 2 2 2 2 2 2 2 2 2 2 2 2 2 2 2 2 2 2 2
left_child=1 -1 4 -4 -3 8 -7 9 59 -8 11 12 13 14 15 -2 19 -12 -19 -14 21 -21 23 31 -24 -26 27 -10 29 -29 -20 32 48 44 36 42 37 56 39 -39 50 49 -36 -44 45 -34 -38 -48 -22 -33 -40 -52 -31 54 -51 -42 -35 58 -18 60 -6 -62
right_child=10 2 3 -5 5 6 7 -9 26 -11 17 -13 16 -15 -16 -17 57 18 30 20 22 -23 24 -25 25 -27 -28 28 -30 52 -32 41 33 34 35 -37 46 38 40 -41 55 -43 43 -45 -46 -47 47 -49 -50 53 51 -53 -54 -55 -56 -57 -58 -59 -60 -61 61 -63
leaf_value=-0.046589862384762509 -0.026984151458405065 -0.037217519682732118 -0.041147512359362065 0.42897348454368989 0.0090215770884020351 -0.01208029756724038 0.32264373890771336 0.40063354684465513 -0.029310919604030684 0.066716208665727306 0.087592877785031317 -0.026930666587270027 -0.037146642144415418 -0.037213392678647796 -0.022322170483055702 0.014517314011904155 0.10256960762383745 -0.0035470955107687187 0.10724135977925389 0.014898962045887016 0.005972774065972233 -0.033623745321361198 0.075264457563761988 -0.010359739466045313 -0.0094977556299158088 0.038023907341238554 -0.050470202110631739 0.33203993441845192 -0.050160807999888174 0.18252921260411659 0.0044324786069899914 0.096580860769446053 0.048957318077448783 -0.033488704137576715 -0.023529694680478094 -0.038303972103778408 -0.014712332655957616 0.11155644996258239 -0.056669836319571093 -0.045851231955684857 0.023020725652219177 0.040878434185992338 0.11564573898407367 0.010922943969612799 0.018547412507931113 0.1481237841597921 -0.032771121844345795 0.065083822386058587 -0.039433691065456494 0.0082424468092521467 0.22957222376430622 -0.050389156967565241 -0.050446440814390092 -0.035027044411318486 0.12022644641985668 0.11678034732874698 0.023904503043035638 -0.032528999313275804 -0.0071002874068618526 -0.023169368489721776 0.74794767852218491 -0.050181551895534172
leaf_weight=415.34708583378233 41.512934662983753 53.731420066207647 94.488586264546029 0.31302668934222211 7.6139548188075405 7.8734775058692348 0.93507150269578776 0.88646616938058365 2.3477266325498913 7.9923920654109679 12.926306854933499 43.296643048408441 18.898620273685083 41.426681803888641 74.586587779573165 236.00974509003572 12.599632103578193 26.351342502748594 9.1335695183370245 59.048287883400917 36.974770547356457 54.06552828848362 26.367029226385057 127.58997570059728 32.294164382852614 65.082726175431162 2.5114439156022845 1.5572190799284711 1.468953331117518 2.9148109151283297 6.3451924758264786 5.2950451222714028 11.717741957399996 11.060673865955321 44.897063556592911 48.229939729440957 10.302578751812687 2.9152102023363105 8.798339231405409 46.102621393278241 7.6535445224726599 101.09643012390006 4.6881296599749467 266.17603128938936 17.592419313732535 8.3031378828454745 5.1812596034724256 50.93025573133491 47.074927088338882 91.852480210363865 1.2185959501657628 1.3081817082129417 0.93779246998019505 18.848619910771959 4.8961339311208567 9.327632775413802 206.68648208281957 3.4906142344698301 3.8940033509861669 65.026967805693857 0.43850640655728046 0.46601180749712512
leaf_count=439088 11405 34319 69105 90 6361 3926 185 315 1109 1683 376 4803 1753 17945 23494 54809 725 1738 207 297 982 274 216 5588 339 1270 1102 242 963 493 344 243 365 248 1494 8939 630 17 465 3487 114 6404 138 15259 440 289 834 1355 439 3790 78 321 335 2830 313 307 4394 230 177 45724 267 289
internal_value=-0.00340691 -0.0366053 -0.0201162 -0.0395952 -0.00833179 0.00674113 0.0619057 0.121263 -0.00469976 0.0935223 0.00786489 0.00701863 0.00780636 -0.00228829 0.00182075 0.00830936 0.0105043 0.0373728 0.0218539 0.00985629 0.0104759 -0.00829366 0.0120838 0.00986337 0.033557 0.0222638 0.0624077 0.0931329 0.134923 0.18518 0.065097 0.0122768 0.0092026 0.0123595 0.0100645 0.00149942 0.0186889 0.0127508 -0.0104487 -0.0364898 0.0346464 0.0240084 0.00757906 0.0127355 0.0566251 0.090084 0.0450712 0.056048 -0.0194587 0.00990074 -0.0251444 0.0846286 0.125819 0.00593027 0.0139096 0.0745222 0.0209892 0.0576026 0.0766775 -0.0154102 0.0438206 0.336748
internal_weight=2630.9 666.851 251.504 94.8016 156.702 102.971 17.6874 9.81393 85.2834 8.92746 1964.05 1909.29 1865.99 393.536 352.109 277.523 1472.46 54.7564 41.8301 1452.47 1433.58 113.114 1320.46 1196.72 123.744 97.3769 11.7379 9.2265 6.87878 5.40982 15.4788 1069.13 847.14 763.09 725.477 363.991 361.485 295.071 77.3241 49.0178 28.3063 221.989 315.761 270.864 37.6133 20.0209 66.4141 56.1115 84.0497 120.892 11.3251 2.52678 3.8526 115.597 96.7486 16.9812 217.747 19.9842 16.4936 73.5454 8.51847 0.904518
internal_count=785761 605596 166508 69195 97313 62994 6109 2183 56885 1868 180165 177500 172697 107653 89708 66214 65044 2665 2289 63912 62159 571 61588 59763 1825 1609 4244 3142 2033 1070 551 54175 40595 39174 38080 25830 12250 9431 4789 3504 1285 13580 16891 15397 1094 654 2819 2189 1421 7176 864 399 828 6933 4103 421 4642 1132 902 52641 6917 556
is_linear=0
shrinkage=0.05


Tree=32
num_leaves=63
num_cat=0
split_feature=17 38 51 53 54 18 21 20 29 29 29 45 51 27 5 32 11 53 48 41 42 11 40 17 5 55 47 32 20 37 37 48 24 41 52 42 53 48 48 52 48 38 51 25 17 50 51 52 10 44 43 42 16 41 53 24 11 8 34 51 43 31
split_gain=379.83 54.0589 28.0216 21.0763 16.1124 14.7458 15.3135 35.3615 37.5891 16.4908 16.0972 14.3461 14.2129 13.8425 13.6274 33.6113 16.4679 25.6676 16.4418 23.089 22.2625 27.137 18.7242 19.9914 27.3965 19.1599 45.1453 15.7112 27.8426 14.1368 18.6496 29.9707 21.6782 20.4429 17.0435 21.4699 18.475 13.9057 16.4883 14.8372 13.5754 13.5013 13.2218 13.2143 33.4401 13.1184 12.8239 12.5533 12.4478 12.4384 16.9676 15.0863 27.9071 26.5076 28.1128 12.3401 18.6096 16.4743 15.3096 15.2384 12.9941 11.8897
threshold=-13.95042037963867 -36.352928161621087 100.114559173584 545.16665649414074 -1.0000000180025095e-35 -45.831659317016594 -40.685255050659173 -42.387346267700188 3.9535198211669926 3.7707633972167973 5.0169582366943368 -3.0551071166992183 23.047111511230472 -2.5067682266235347 218.3474044799805 24.859740257263187 253.43865966796878 159.41666412353518 -0.071447014808654771 7.1779232025146493 2.4330596923828129 254.06922912597659 13.333320617675783 -2.4757156372070308 221.87969207763675 -0.91597560048103321 0.61588764190673839 38.475431442260749 -18.512930870056149 225.10893249511722 244.07044982910159 -0.51098686456680287 1.5154771804809573 6.2420732975006112 21.1069450378418 17.346679687500004 167.91667175292972 0.97297734022140514 0.94973194599151622 1.1829650402069094 -0.051667749881744378 -6.2352981567382804 62.528821945190437 23.518972396850589 -2.8064270019531246 15.732649803161623 23.197394371032718 49.095659255981452 216.05073547363284 -2.3849449157714839 4.4059448242187509 9.4939575195312518 -17.050685882568356 0.94020870327949535 552.16665649414074 8.7561264038085955 260.36589050292974 264.55513000488287 13.687256813049318 49.556632995605476 -1.8719024658203123 31.005883216857914
decision_type=2 2 2 2 2 2 2 2 2 2 2 2 2 2 2 2 2 2 2 2 2 2 2 2 2 2 2 2 2 2 2 2 2 2 2 2 2 2 2 2 2 2 2 2 2 2 2 2 2 2 2 2 2 2 2 2 2 2 2 2 2 2
left_child=1 -1 5 4 11 -2 7 9 -9 -7 -11 -3 -13 -8 37 16 17 43 19 -18 40 -22 23 24 -23 26 -26 47 -29 -19 32 33 -31 -32 35 -34 -36 38 39 -15 -20 -33 -38 -16 -45 -40 -14 -17 -39 50 51 -5 53 -53 -55 56 -27 -58 -57 60 -60 -49
right_child=2 3 -4 49 -6 6 13 8 -10 10 -12 12 46 14 15 27 18 29 20 -21 21 22 -24 -25 25 55 -28 28 -30 30 31 41 34 -35 36 -37 42 48 45 -41 -42 -43 -44 44 -46 -47 -48 61 -50 -51 -52 52 -54 54 -56 58 57 -59 59 -61 -62 -63
leaf_value=-0.04667964505478777 -0.03224498314089954 -0.035471302253374457 -0.042800086174364392 0.021779799779991588 -0.034190194975696031 -0.054076174564597672 -0.072602361820176556 0.33607107035919648 -0.011085136494317914 0.27584701274969708 0.012125323958261283 -0.017403572770028641 0.28723544969987647 0.06160388009512785 -0.0070939142201506128 -0.031530999752338695 0.018779003304765111 -0.013213262549734477 0.20242981728696977 -0.035062015869383283 0.21973669969630039 0.260479824307351 -0.050237456410218921 -0.039532067751715826 0.024104171838787349 0.00051466413970640233 0.39990709039476979 0.42384704991141559 0.0082468646405912255 0.20333912507291149 0.19723174825619524 -0.041772447548769062 0.0076270048615588587 0.0048279999352905381 0.18112830140565436 0.18038565193937142 0.057251557663294567 0.01728368197037115 0.035912662271368946 0.012619881519671734 -0.0081500271831877764 0.01432599382764905 -0.032336388188817497 -0.050377278862864021 0.28453570519428828 -0.047879965502555452 0.017305452383477759 0.0040373348636258098 0.076422561610715201 -0.033466527415388345 -0.034864019007383285 0.37619907743221065 0.43619576480095734 0.38947983096043504 0.02160055425348786 -0.027716273964672522 0.20659904573199037 0.077378892324003162 0.090515399084832054 0.1699731746815514 -0.0098328232483512659 0.22534432880605496
leaf_weight=382.97594183631008 21.0115594266681 43.968025957874488 26.062466358183883 11.514271955064038 167.59349626163021 4.2622330397134647 5.1143472916446617 2.0656378407729776 1.2525658971862865 0.90675045363605056 1.5990003917831925 59.306516168522649 0.44445632683345948 15.706149196485056 287.43792531976942 81.998456243425608 109.74383267469238 29.966783731011674 0.78989970823750155 24.32595630409196 2.38465903897304 1.7504655509255815 4.5036944283638141 4.9249928409699342 2.0037470934912558 4.8617005572887164 1.3293404426658524 0.52735817665234241 1.7088545864680771 1.917073369026183 2.9880860052071503 22.542990150628611 49.829139031004161 2.5662101340712979 2.7598577225580803 1.8657566572073836 38.615320367505774 19.673374125733972 6.1767975358525318 982.89201660209801 24.625282447552308 20.459526700549759 4.6100962277268982 1.6818911936134102 1.3384495949139807 19.160525561193936 43.942108947143424 1.8350972951157012 16.24530160962604 8.9495299521950056 6.5265040834783568 0.70298646460287262 0.6105037183733647 0.56819137290585775 6.0374322003917769 8.4606589342001843 3.5596766370581454 8.0318919715937209 5.7680641690967551 2.4623279838124281 7.3200100766262075 0.90680260804947455
leaf_count=426138 5121 26438 4875 5125 115447 627 263 263 255 121 479 36271 266 236 38466 21343 5411 593 199 4879 391 83 1481 155 380 303 192 199 647 39 303 6591 5393 477 253 83 3867 128 322 22082 6156 1465 661 565 120 1127 22750 513 346 5061 3243 255 61 231 2111 1393 151 626 625 296 1582 224
internal_value=-0.00313827 -0.0336971 0.00868729 -0.019498 -0.02358 0.00940547 0.00987917 0.0713197 0.205025 0.00576649 0.107558 -0.0115375 -0.00138913 0.00954189 0.00977118 0.00472009 0.00843555 0.00316333 0.0198282 0.00900995 0.0373501 0.0546101 0.0474476 0.056164 0.0665114 0.058759 0.173986 -0.0245598 0.106256 0.0181069 0.024442 -0.000964596 0.0368285 0.108337 0.0335606 0.0138622 0.0557048 0.0134523 0.0123796 0.0133903 -0.00160524 -0.0150822 0.0476968 -0.0060007 0.0980378 -0.0274528 0.0200083 -0.0280119 0.044031 0.017365 0.0348889 0.0583147 0.111436 0.0843079 0.0532442 0.0492676 0.0826235 0.117061 0.0264109 0.0558604 0.0343918 0.0772281
internal_weight=2627.67 733.14 1894.53 350.164 315.255 1868.47 1847.46 10.0862 3.3182 6.76798 2.50575 147.661 103.693 1837.37 1832.26 772.402 685.425 468.579 216.846 134.07 82.7764 57.3612 54.9766 50.4729 45.5479 43.7974 3.33309 86.9766 2.23621 178.121 148.154 48.5568 99.5972 5.5543 97.6802 51.6949 45.9853 1059.85 1023.94 998.598 25.4152 43.0025 43.2254 290.458 3.02034 25.3373 44.3866 84.7404 35.9187 34.9094 25.9599 19.4334 7.91911 7.30861 6.60562 40.4643 16.4533 11.5916 24.0111 15.5504 13.0881 2.7419
internal_count=785747 643397 142350 217259 201172 137475 132354 1745 518 1227 600 85725 59287 130609 130346 106105 83179 58876 24303 10290 14013 7658 7267 5786 5631 5548 572 22926 846 19725 19132 8836 10296 780 10257 5476 4781 24241 23767 22318 6355 8056 4528 39151 685 1449 23016 22080 474 16087 11026 7783 2658 2597 2342 4976 1080 777 3896 2503 2207 737
is_linear=0
shrinkage=0.05


Tree=33
num_leaves=63
num_cat=0
split_feature=16 38 35 4 49 30 50 50 48 38 36 36 38 42 28 38 27 49 48 52 48 52 52 53 44 49 50 50 38 40 52 48 50 23 3 15 8 3 48 54 30 50 53 52 50 53 11 36 53 53 43 5 50 23 39 30 53 52 17 39 48 35
split_gain=346.054 28.2146 35.0714 27.7355 19.3298 24.0178 34.6196 77.767 18.0475 16.4137 16.0354 27.995 27.4615 25.3396 18.0945 41.6641 22.1395 18.7013 19.6625 17.0509 15.8817 15.0044 23.3949 20.4208 18.1643 18.5695 25.5415 14.9822 14.923 14.8286 14.73 19.2144 27.0798 21.3362 27.1099 17.7811 30.4217 21.5744 16.9077 14.6995 14.1545 13.5639 13.5572 13.2365 16.6989 13.3549 24.4232 19.0283 16.9482 26.9841 13.0313 16.854 19.4444 18.0123 27.4434 12.3737 16.0904 26.0792 20.9467 15.8155 15.3979 13.6963
threshold=-27.232051849365231 -3.2352981567382808 4.31158471107483 281.34657287597662 290.36918640136724 9.1955823898315447 25.527048110961918 16.048417091369632 0.11755901575088502 -13.882347106933592 199.11765289306643 196.76470184326175 0.64705657958984386 5.6750793457031259 2.8565769195556645 -0.94116973876953114 4.2887449264526376 257.70365905761724 0.81775081157684337 13.71247720718384 0.73976010084152233 12.597424983978273 12.273254394531252 90.055557250976577 -3.5763740539550777 263.99104309082037 86.079395294189467 33.492425918579109 -2.4117660522460933 14.627449035644533 11.109360218048097 -0.50290912389755238 91.25431060791017 -34.448059082031243 254.21649169921878 -18.196390151977536 278.26325988769537 257.71844482421881 -0.57820284366607655 -0.37940952181816096 4.2236452102661142 182.0034103393555 269.89999389648443 35.553066253662116 186.83668518066409 30.125000000000004 242.24576568603518 212.64705657958987 233.16666412353518 70.958332061767592 4.4059448242187509 250.52107238769534 152.877311706543 -39.58918380737304 -45.497461318969719 6.8115386962890634 95.222221374511733 9.2681717872619647 -0.70683670043945301 -6.9694988727569571 0.66979008913040172 9.9480543136596697
decision_type=2 2 2 2 2 2 2 2 2 2 2 2 2 2 2 2 2 2 2 2 2 2 2 2 2 2 2 2 2 2 2 2 2 2 2 2 2 2 2 2 2 2 2 2 2 2 2 2 2 2 2 2 2 2 2 2 2 2 2 2 2 2
left_child=3 2 8 4 39 -6 7 -7 30 -4 11 -3 14 -14 15 42 19 43 21 -16 -8 22 24 -23 28 26 -26 -21 -19 50 31 35 33 34 -33 36 37 -2 -39 41 -17 -1 -12 44 45 46 -18 48 49 -47 51 -11 53 54 -53 -27 57 60 59 -59 61 -57
right_child=1 10 9 -5 5 6 20 -9 -10 29 12 -13 13 -15 16 40 17 18 -20 27 -22 23 -24 -25 25 55 -28 -29 -30 -31 -32 32 -34 -35 -36 -37 -38 38 -40 -41 -42 -43 -44 -45 -46 47 -48 -49 -50 -51 -52 52 -54 -55 -56 56 -58 58 -60 -61 -62 -63
leaf_value=-0.015267264379154833 0.35933366649189519 0.023930036190127985 -0.025260960003641583 -0.047548373147743073 -0.050122694863008965 0.073697080296903403 0.19881671222633701 0.91677250677248601 0.1941262736251991 0.0026691353418945452 0.023941700996961732 -0.02723883305461406 0.045716892996657245 -0.0042218029132218889 0.010993525306364152 -0.020298498935956838 0.02483091698584736 -0.0043241372711962812 -0.031080888358077381 0.091340541971870179 -0.050175037296672102 -0.028777096707994377 0.1121304667516224 0.0065915503501819371 -0.033932356057431709 -0.016049389697328369 0.05480366667128659 0.035036535773851442 0.16834518512775382 -0.024334616952566262 0.004925977204458803 0.29803677868334905 0.11923454943548883 -0.010209219004914907 0.031007274308691199 0.044565497376208463 -0.053514976047415799 -0.010322778363350393 0.23104459071966355 -0.037209791900501811 -0.070640676186684223 0.067822821871943648 -0.020584939704943052 -0.019559699906171676 0.07626705212882201 -0.0017995434275124038 0.10660421894771231 0.0011318438595198806 -0.0063626872184149698 0.066843679492099212 -0.016843459389449925 -0.010091557068988066 0.22546789995668176 -0.018385977094973874 0.23763391113072618 0.064223093063556044 0.00073019050693005319 0.10627533624757285 0.14319143389156316 -0.052735352133064031 0.097236476059391827 -0.003431061462859185
leaf_weight=67.135688398964703 1.578534885309639 43.354534298181534 110.93930233083665 340.85517076106044 2.9781945124268523 0.80737745278747775 1.002982485573739 0.41367642971454188 1.4233193582622323 284.42258386744652 75.196526505984366 69.712247230112553 101.79951053671539 33.847814586246386 41.972214508801699 36.949226866010576 85.330105406232178 2.0040731939952821 40.440863372175954 17.609111704863608 1.7716721789911387 58.226755755254999 6.1212021649116641 136.44286987686064 39.677339643705636 19.256661492865533 10.192515677073969 35.908099241787568 3.3313946038251734 73.901372386957519 121.10950815386605 1.2836599148577068 5.6556249103741711 37.295270722010173 3.6621856593992561 14.78235588618554 1.4435573602095244 1.2407658153679229 1.7472981447353952 132.25332719914149 22.444170502014458 5.299335343472193 22.12495033396408 22.694443271495402 12.639466369524596 21.66376971360296 10.225219785701482 156.94553881022148 23.159545777831227 42.217413856647909 87.401837897370569 2.2288066387409344 1.5976550141349424 6.0028852085815734 2.2431941303657359 9.8629075349308533 35.290832723258063 3.1058414464350799 9.8583274534903449 3.1495038275606948 6.2403456608299157 30.975782346446067
leaf_count=47840 337 214 59037 408956 1980 398 315 204 199 48296 1051 359 1651 248 848 349 1940 327 5876 362 839 3207 215 5419 2152 374 266 687 308 24695 17479 130 519 5143 890 1016 276 420 242 104832 156 1711 369 1211 177 268 140 4745 295 495 20552 155 118 1578 238 231 1076 202 208 191 292 1194
internal_value=-0.00360115 0.00586458 -0.00177787 -0.0387206 -0.0245046 0.0573552 0.137464 0.35932 0.0167463 -0.00800609 0.010367 -0.00761855 0.0120949 0.0332558 0.00933817 -0.00632099 0.0121125 0.0093607 0.00203746 0.0348514 0.0398305 0.00562109 0.0160668 -0.00398741 0.0126668 0.00977567 -0.0157963 0.0535626 0.103488 -0.00382468 0.0154161 0.0339117 0.016488 0.00273138 0.100313 0.0740482 0.146563 0.20981 0.130819 -0.0272936 -0.0393223 -0.00918841 0.0138191 0.0174517 0.0198367 0.0177361 0.0335813 0.0115304 0.0302804 0.043565 0.000123551 0.00512514 0.0629874 0.0382055 0.11417 0.0206069 0.0277744 0.0428775 0.0977811 0.026215 0.0240858 0.012908
internal_weight=2602.45 2049.93 759.96 552.517 211.662 6.9739 3.99571 1.22105 191.222 568.738 1289.97 113.067 1176.9 135.647 1041.26 156.715 884.542 789.053 414.177 95.4894 2.77465 373.736 179.067 194.67 172.946 167.61 49.8699 53.5172 5.33547 457.798 189.799 68.6893 47.8967 42.2411 4.94585 20.7925 6.01016 4.5666 2.98806 204.688 59.3934 72.435 97.3215 374.876 352.181 339.542 95.5553 243.986 87.0407 63.8812 383.897 296.495 12.0725 10.4749 4.472 117.74 98.4835 63.1927 16.1137 6.25535 47.079 40.8387
internal_count=785498 218423 181320 567075 158119 3736 1756 602 26651 154669 37103 573 36530 1899 34631 1925 32706 30809 21538 1897 1154 15662 7036 8626 6821 6186 2418 1049 635 95632 26452 8973 6682 6163 1020 2291 1275 999 662 154383 505 49551 1420 9271 8060 7883 2080 5803 1058 763 70937 50385 2089 1971 393 3768 3394 2318 601 393 1717 1425
is_linear=0
shrinkage=0.05


Tree=34
num_leaves=63
num_cat=0
split_feature=16 38 24 32 3 39 37 46 48 51 28 43 5 28 40 55 47 50 39 38 49 49 29 47 45 28 29 48 3 47 47 5 0 48 41 29 48 23 8 38 22 3 43 41 53 48 23 48 55 49 24 54 37 38 28 44 51 51 8 43 3 38
split_gain=343.99 23.862 40.3672 43.9436 20.7245 20.1842 26.2485 47.4488 18.0103 20.5306 17.7878 16.865 28.7971 16.7738 14.6157 41.0796 20.4046 14.2617 34.2503 23.6951 13.9009 17.8171 20.5224 26.7608 12.4741 20.5187 14.2708 18.6001 16.8141 15.9298 16.004 14.0456 16.6669 13.8331 20.4905 28.0959 17.2236 13.3588 18.4962 14.9323 20.6897 36.8849 12.3277 25.2357 12.0444 17.1183 18.5014 11.774 16.1265 13.8847 13.3599 15.4341 21.648 18.9142 12.0467 11.5735 13.5691 11.471 11.4776 17.188 12.8151 21.5662
threshold=-29.472810745239254 -14.176475524902342 1.3915271759033205 1.6928821206092837 281.11260986328131 -32.246912002563469 272.77050781250006 0.81520557403564464 -0.5924580693244933 100.114559173584 0.2158002853393555 4.2317657470703134 261.94412231445318 -0.93108034133911122 -2.0588378906249996 0.91597560048103344 2.0334974527359013 69.897228240966811 -40.03631401062011 -20.882354736328121 290.36918640136724 291.16110229492193 3.5391874313354497 -0.802567958831787 2.7388062477111821 24.005561828613285 5.0169582366943368 0.1227008104324341 207.9305114746094 -0.9768693447113036 7.3394865989685067 236.56761169433597 241.94751739501956 0.6227284073829652 7.9728844165802011 4.9409637451171884 -0.23977020382881162 -6.4108130931854239 230.8708419799805 -2.4117660522460933 -11.554383277893065 217.6821212768555 -2.9801788330078121 17.399179458618168 479.34524536132818 0.29535478353500372 -49.821004867553704 0.8111555576324464 -0.6035533845424651 255.95982360839847 16.672366142272953 1.0000000180025095e-35 240.56282043457034 -1.2941207885742185 25.678310394287113 2.8845443725585942 69.521457672119155 1.5251063704490664 270.08627319335943 1.6216888427734377 236.33717346191409 -6.9411697387695304
decision_type=2 2 2 2 2 2 2 2 2 2 2 2 2 2 2 2 2 2 2 2 2 2 2 2 2 2 2 2 2 2 2 2 2 2 2 2 2 2 2 2 2 2 2 2 2 2 2 2 2 2 2 2 2 2 2 2 2 2 2 2 2 2
left_child=4 2 3 5 20 6 7 -2 13 11 -7 12 24 -3 15 -4 -17 19 -19 -8 44 22 -22 -24 26 33 27 28 -10 57 -31 32 -29 34 35 -26 -37 38 39 40 -35 -42 43 -15 -1 -46 -47 48 50 54 -13 52 -52 -53 -49 56 -40 -28 60 -60 61 -59
right_child=1 8 14 -5 -6 10 17 -9 9 -11 -12 47 -14 42 -16 16 -18 18 -20 -21 21 -23 23 -25 25 -27 29 31 -30 30 -32 -33 -34 37 -36 36 -38 -39 55 -41 41 -43 -44 -45 45 46 -48 49 -50 -51 51 53 -54 -55 -56 -57 -58 58 59 -61 -62 -63
leaf_value=-0.03336214286927857 -0.05045111627477894 0.082811951387104121 -0.040627945345214383 0.42555609918013393 -0.047146090490644874 -0.014785172862333712 -0.050860783848492089 0.51869614766672389 0.07719960848641233 -0.034646643770790096 0.20520502370412183 -0.033326426952579757 0.16718917063279395 -0.015941614973711511 -0.026751742883186894 0.35110455643327415 0.076760706740590989 0.3364896553362684 -0.016488890177388339 0.17927997780340704 -0.050150091838106897 -0.050173305721896523 0.06251052261899584 0.40655077185129662 0.010185662090942862 -0.028354910446918749 0.11163030800776089 0.11279106508248887 0.017854631319877797 0.0016112391835735318 0.036596909396509829 0.13772838920468708 -0.0084724282971892721 0.010212172314165321 -0.010030598538996188 0.14989456330614057 0.021037244061224966 -0.028014687048311698 -0.0010316282800416777 0.024541729754643814 0.2649815046222519 0.055616847057153231 -0.039124620689427347 0.13419193258875614 -0.034597452111033697 0.31107780056214418 0.040829141931823645 0.076105088619983025 0.00085007138605099086 -0.035147503036457362 0.044384407525803138 -0.051246999160350581 0.26814871169709664 0.063150275680758358 -0.015305112310826072 0.057036071259571108 0.15384189176319471 0.13674096721987133 0.0089054766888532286 0.25117886676163215 -0.022870503975245895 0.019133395156172874
leaf_weight=133.2179501815699 0.6280389706371412 3.9143098533386356 5.0773411097470662 0.73409695213194837 343.94789596722694 15.100920843367931 4.2236567774671121 0.8783460947452113 12.497731072828172 27.319966818904504 0.97840635967440981 5.2286347503541064 2.9744823051150879 18.137290313839916 133.58932440553326 1.227013881551102 1.5141081179026512 1.2894020629464651 1.4715709994779897 1.5212753727100778 1.1392626947490492 2.5800592307932675 1.3261730537051337 0.98506608849856991 103.72989403712563 43.694401742890477 3.400014601647853 4.8702750395750645 265.38166602200363 387.91255902138073 35.696027677389793 5.7534048140514633 6.775785046396777 3.7633713813265777 148.68548385694157 6.146463134791702 4.4859111986588669 10.477849601535125 41.480108785210177 9.6216970962705073 3.8667860121931898 4.6137867290526628 43.315153849660419 3.309751649037934 9.6673213840113039 0.69205292727565382 7.4611742757260782 5.9450971130281678 365.23205534974113 42.407501048059203 2.5503033905988586 4.7361881331307876 1.8759402178693561 15.239408905152226 9.1539562240941432 13.694911624188533 1.4642101816134516 3.9666730191092929 1.640845853951759 1.3217969777761025 17.801912837428972 225.20126557338517
leaf_count=106922 220 142 2073 181 428971 6312 1441 248 103 5347 401 1017 348 1269 76040 248 237 244 495 328 655 1190 247 353 5493 5308 233 128 13609 25112 948 665 509 94 14550 344 410 908 6867 172 80 552 3148 59 6268 373 3368 221 28886 8913 230 1433 367 277 297 1529 243 982 226 237 6343 10962
internal_value=-0.00306878 0.00586071 -0.0121953 0.0440374 -0.0402741 0.0333032 0.0890337 0.281408 0.0074434 0.00837645 -0.00139905 0.00902111 0.0117834 -0.0176994 -0.0228629 0.043583 0.199566 0.0549644 0.148356 0.0100812 -0.0252258 0.0492151 0.123531 0.209143 0.0114455 0.00396166 0.0144917 0.0236639 0.0205237 0.0104908 0.00455936 0.073814 0.0422388 0.00797282 0.00220814 0.0181201 0.0955283 0.0250142 0.0320918 0.0711526 0.107781 0.151078 -0.0237744 0.0072273 -0.028198 0.0104066 0.0637681 0.00064977 0.00372814 -0.0204875 0.0392039 0.0547451 0.139221 0.0360268 0.0206867 0.0170124 0.00424887 0.0204091 0.0191682 0.116997 0.0179946 0.0211691
internal_weight=2588.54 2087.52 168.234 26.8257 501.017 26.0916 10.0123 1.50639 1919.28 1850.61 16.0793 1823.29 1370.92 68.6765 141.408 7.81846 2.74112 8.50591 2.76097 5.74493 157.069 6.03056 3.4505 2.31124 1367.94 395.725 972.22 295.279 277.879 676.941 423.609 17.3995 11.6461 352.03 263.048 114.362 10.6324 88.9827 78.5049 21.8656 12.2439 8.48057 64.7622 21.447 151.038 17.8205 8.15323 452.369 394.863 57.5066 29.6305 24.4018 4.42624 19.9756 15.0991 56.6392 42.9443 253.333 249.932 2.96264 246.97 229.168
internal_count=785376 237029 88468 9870 548347 9689 2976 468 148561 143943 6713 138596 96955 4618 78598 2558 485 2508 739 1769 119376 2445 1255 600 96607 36550 60057 15014 13712 45043 26060 1302 637 31242 20797 6247 754 10445 9537 898 726 632 4476 1328 116931 10009 3741 41641 32210 9431 3324 2307 597 1710 518 8639 7110 18983 18750 463 18287 11944
is_linear=0
shrinkage=0.05


Tree=35
num_leaves=63
num_cat=0
split_feature=38 17 41 54 40 44 12 49 49 55 49 24 46 12 53 40 47 11 33 27 49 29 50 47 47 44 50 49 53 1 7 16 12 42 26 53 48 48 44 52 49 47 44 48 40 46 48 42 20 35 29 38 49 36 49 24 49 17 36 47 26 53
split_gain=305.159 44.9883 37.698 23.931 19.0311 16.5011 16.2082 15.1124 25.0652 25.6898 23.6282 24.5106 26.7891 38.051 81.7115 22.4472 22.2462 41.5155 19.7893 19.1971 18.147 19.7734 16.2522 18.1426 15.9847 21.9991 42.4397 15.2649 19.5678 14.6069 25.2717 36.0268 16.5878 14.4247 55.3297 14.3088 14.0065 22.5243 16.5994 13.277 17.4028 12.8229 12.807 30.522 44.3184 12.804 12.5527 18.3591 14.8278 12.2647 12.6669 11.9229 21.3868 11.8869 11.8213 17.8987 14.7653 18.6136 22.3775 25.5011 20.5711 30.9413
threshold=-31.41176605224609 -5.3756484985351554 3.5613679885864262 -1.0000000180025095e-35 13.843116760253908 -3.5763740539550777 -43.957788467407219 255.95982360839847 267.04945373535162 0.12940952181816107 270.94653320312506 8.7561264038085955 1.1818566322326662 -41.169672012329094 49.520833969116218 0.27452087402343756 1.7672219276428225 247.73960876464847 4.5490679740905771 0.58436918258667003 255.59030914306643 9.5947351455688494 44.713758468627937 -2.4360113143920894 0.63602602481842052 -0.31370735168457026 86.079395294189467 269.27120971679693 391.44444274902349 274.17994689941412 275.33036804199224 -20.483175277709957 -38.419643402099602 22.131034851074222 11.246561050415041 267.77082824707037 -0.49895256757736201 -0.5229169726371764 -3.7614822387695308 70.743980407714858 287.85705566406256 -2.3608226776123042 1.0911693572998049 -0.49895256757736201 -1.7646942138671873 1.0097780227661135 -0.64861023426055897 -0.35734558105468744 -39.550170898437493 5.7194383144378671 -2.6497731208801265 -30.529418945312496 287.85705566406256 193.82353210449222 255.59030914306643 3.6799411773681645 269.97990417480474 0.44061279296875006 199.11765289306643 4.4638051986694345 19.332517623901371 8.8333334922790545
decision_type=2 2 2 2 2 2 2 2 2 2 2 2 2 2 2 2 2 2 2 2 2 2 2 2 2 2 2 2 2 2 2 2 2 2 2 2 2 2 2 2 2 2 2 2 2 2 2 2 2 2 2 2 2 2 2 2 2 2 2 2 2 2
left_child=-1 2 5 4 7 29 -3 16 -9 15 11 12 35 14 -14 -10 19 -18 -15 -4 -21 -22 51 27 25 33 -27 28 -24 30 36 32 -32 39 -35 -11 37 45 49 -25 -41 -20 -7 44 -44 -2 47 -8 -48 50 -38 52 -17 -50 55 -55 57 60 -59 -60 61 -56
right_child=1 6 3 -5 -6 42 46 8 9 10 -12 -13 13 18 -16 22 17 -19 41 20 21 -23 23 24 -26 26 -28 -29 -30 -31 31 -33 -34 34 -36 -37 38 -39 -40 40 -42 -43 43 -45 -46 -47 48 -49 53 -51 -52 -53 -54 54 56 -57 -58 58 59 -61 -62 -63
leaf_value=-0.043325737867515153 0.079679888933941526 -0.053683527041124661 0.16675607233720713 -0.027713213167055023 -0.035970287201467811 -0.015283047787988611 0.043483447240479312 -0.04047835206426964 0.21844807794567972 -0.042716855824158628 -0.037322680430509229 -0.043748199750795219 0.8458665260402114 0.27433922287064372 0.094483934496795458 0.029440528497701998 0.28927652762607148 -0.026507933151296778 0.17318469436029041 -0.0048932520479199942 -0.019051206160395778 0.21634693831089435 0.034137211331476458 0.035009213462778681 -0.003489976242357193 0.50143891713358502 0.0086999373339758778 -0.029508689114897048 0.43360411763309142 -0.0055418960235644075 0.14590226984188842 0.025198376273629187 0.39845877624190218 -0.050828996648025142 0.52295167984094537 0.10285733550844378 0.10915772076776556 0.15103534419328218 0.1559361254499626 -0.0035685093142550544 0.25087150641085176 -0.050564499563664572 0.39013253020301386 -0.010161426917538977 0.0079383880145195863 -0.018291637362768079 0.099502610797970903 -0.045009073481114714 0.058514866787091557 0.11596401587982429 -0.0035120444644998732 -0.0066259521262226886 0.58862537869751164 -0.040516820041276158 -0.051350707616769881 0.020491742138148271 0.014526142775067186 -0.0085909104952675893 0.029652102148987933 -0.015229746580137657 -0.015998821126903356 0.0096732201449268584
leaf_weight=402.7180823989911 6.6255637174472231 10.36613888083957 2.0014774313312946 199.70408503769431 40.844067859929055 58.494179610570427 7.8607096439227488 39.014443318592384 1.4840817757649336 5.0243402280611935 45.940069471427705 7.7993528922670512 0.55652126920176659 0.91725491161923844 1.0342590795480644 0.62890018959296767 2.1737122079357496 1.9969899407005867 0.88341303810011584 30.983857711253222 1.5861717518419021 2.0387406863737851 1.1861449267016713 11.02790259185713 5.3203629757626905 0.90561477746814734 0.84450695291161537 9.5544334184378368 0.41341157356509928 27.733991664194036 1.2686611811514015 3.222032686462625 1.3335388825507832 0.90809831081423797 0.78193023416679353 2.5420452561811544 2.6475364069920024 5.4460468764882526 1.9994318275712419 1.0734224983607412 1.7971728258416986 2.3270866993116219 1.3613103757379579 7.425730638089588 1.7129059767466968 6.7146892882883549 4.5820782337104893 23.040455562178977 12.22939485311508 2.5356566651025778 43.174121297081001 34.12719307403313 0.23484297783579677 12.55035331007093 22.481061059283093 285.60533043765463 406.87280699366238 87.925178900361061 172.64000256871805 38.753059194656089 191.56125025905203 273.23140707938001
leaf_count=482119 486 1188 104 103066 18088 17382 329 17673 217 1554 19409 3637 166 151 376 534 155 467 97 3281 309 201 570 3788 2200 323 281 4163 179 12324 323 115 269 314 134 473 349 391 289 521 85 634 280 2528 517 729 349 593 55 280 4893 15246 177 134 2079 6059 14712 452 2903 784 20309 14115
internal_value=-0.00333978 0.00405017 -0.00722345 -0.0147188 -0.00465864 0.0127555 0.00862851 0.00123196 -0.00511211 0.00493647 -0.0172108 0.0266106 0.067917 0.149589 0.357349 0.0260554 0.0286622 0.138075 0.0695208 0.0161977 0.00749073 0.113343 0.0219055 0.0466259 0.0723223 0.0955852 0.263672 -0.0055756 0.137381 0.0254602 0.0369294 0.136954 0.275329 0.0767142 0.214644 0.00619107 0.0285039 0.065348 0.0147587 0.0599422 0.155727 0.0110032 -0.00615612 0.0446891 0.17718 0.0303669 0.00904813 -0.0224981 0.00969438 0.00892139 0.00299792 -0.00198267 0.181477 0.00942074 0.00901823 0.0179237 0.00679344 0.00279362 0.0126073 0.0214243 -0.00323462 0.00503397
internal_weight=2581.77 2179.05 629.351 457.656 257.952 171.695 1549.7 217.108 176.327 137.312 67.0243 21.0843 13.2849 5.71853 1.59078 70.288 40.7809 4.1707 4.12775 36.6102 34.6088 3.62491 68.8039 33.813 22.659 17.3386 1.75012 11.154 1.59956 102.701 74.9673 5.82423 2.6022 15.5885 1.69003 7.56639 69.143 18.7863 50.3567 13.8985 2.8706 3.2105 68.9941 10.4999 3.07422 13.3403 1539.33 30.9012 1508.43 48.3573 45.8217 34.9909 0.863743 1503.85 1491.62 298.156 1193.46 786.592 299.318 211.393 487.274 295.712
internal_count=785908 303789 239728 198573 95507 41155 64061 77419 72902 55229 26497 7088 3451 1424 542 28732 4517 622 882 3895 3791 510 28515 12558 7646 5446 604 4912 749 20448 8124 707 592 4842 448 2027 7417 1606 5811 4394 606 731 20707 3325 797 1215 62873 922 61951 5522 5242 15957 711 61602 61547 6193 55354 40642 4139 3687 36503 16194
is_linear=0
shrinkage=0.05


Tree=36
num_leaves=63
num_cat=0
split_feature=38 49 49 53 38 45 4 53 21 40 11 29 40 51 3 54 17 0 14 49 38 47 40 53 3 46 46 40 17 4 49 5 26 54 5 53 49 37 49 49 13 42 5 49 53 44 53 44 54 54 53 11 51 54 42 35 17 53 36 55 32 40
split_gain=301.082 25.0564 25.0803 25.8438 24.1071 23.0996 22.6427 18.5922 16.9425 16.134 16.3038 15.4842 23.3855 14.9277 15.1296 21.5299 18.557 14.7393 21.3577 25.5742 31.532 43.5089 21.7524 17.0371 15.0336 14.5909 30.3016 14.3159 13.8621 13.6457 29.3982 13.5078 16.9044 14.9355 19.7091 23.9503 13.4432 16.3661 13.2309 23.6465 13.056 13.0257 12.6023 12.409 12.3552 11.8896 11.7147 11.6496 21.364 11.5141 11.5018 14.6626 28.1862 11.3618 20.9133 10.9154 10.6953 10.3554 10.324 10.2788 12.8189 12.6343
threshold=-21.941177368164059 258.11538696289068 269.27120971679693 21.916666984558109 -39.176475524902337 -4.022106170654296 207.11548614501956 1193.0000000000002 -35.744510650634759 2.4902038574218754 271.29325866699224 34.842779159545906 11.392150878906252 121.70398330688478 253.59938049316409 0.37940952181816107 -8.8059463500976545 263.92864990234381 -27.45468711853027 274.13537597656256 -14.176475524902342 -0.27531898021697992 -1.6862716674804685 71.416667938232436 261.62968444824224 -0.21512413024902341 -0.63931655883789051 -1.1372604370117185 -4.5209541320800772 242.55974578857425 271.74914550781256 231.42743682861331 -1.1251268386840818 -0.91597560048103321 223.57719421386722 258.45832824707037 265.70214843750006 243.21714019775393 276.27717590332037 280.76860046386724 -17.472646713256832 11.080017089843752 252.68643951416018 262.20222473144537 1089.1666564941409 -13.372867584228514 422.63888549804693 1.6120185852050783 1.0000000180025095e-35 0.37940952181816107 956.33334350585949 285.51704406738287 9.3400387763977069 0.12940952181816109 8.9092712402343768 6.2356228828430185 -11.004549026489256 165.66666412353518 213.23529815673831 0.12940952181816107 -0.14937795698642728 -0.99999999999999989
decision_type=2 2 2 2 2 2 2 2 2 2 2 2 2 2 2 2 2 2 2 2 2 2 2 2 2 2 2 2 2 2 2 2 2 2 2 2 2 2 2 2 2 2 2 2 2 2 2 2 2 2 2 2 2 2 2 2 2 2 2 2 2 2
left_child=4 7 3 6 -1 8 43 -2 -4 28 -11 12 27 14 16 17 44 53 25 20 21 -20 -21 -22 -23 26 -19 -5 45 -18 -31 33 -33 34 -29 40 -35 -38 -24 -40 -36 -32 -41 -3 -7 -10 -14 58 -49 59 51 -17 -53 -16 -55 -39 -12 -13 -48 60 -6 -62
right_child=1 2 5 11 49 13 -8 -9 9 10 56 57 46 -15 15 50 29 18 19 22 23 24 38 -25 -26 -27 -28 31 -30 30 41 32 -34 36 35 -37 37 55 39 42 -42 -43 -44 -45 -46 -47 47 48 -50 -51 -52 52 -54 54 -56 -57 -58 -59 -60 -61 61 -63
leaf_value=-0.047783408959651594 0.012072595074134183 0.039466939361855552 -0.042054236647609322 -0.02251537953521579 0.36180433469210094 -0.01801506231610427 -0.037175411404532628 0.08123048922919951 0.049015525019726953 -0.032748916892185412 0.0063591467033468161 0.066625726448345093 -0.0294874101657326 -0.051148812567976223 -0.028536193692232249 -0.02807837009824728 0.011731650763936063 -0.050241482076919045 0.51149707858431526 -0.022517244625921029 -0.013085324955147951 0.27479207084253898 -0.056097621192854011 0.16733117020437949 0.027690462633452526 0.0070607950824553055 0.37977621601031342 -0.0087552836133098031 0.047955768633717234 0.17846698900205202 -0.034108835550161948 0.19460188319780547 -0.014057643206931437 0.015675160376132903 0.14769975487592821 0.25060371286746047 -0.038181875876355499 0.079083783721078743 0.27611999912300428 0.15888083668861289 -0.0026332059161741045 0.097707822963460728 0.03696127584277549 -0.017910149565345278 0.090112156470745663 -0.019997749612940163 0.031894980303051927 0.32162775777630026 -0.050700116991806959 -0.040059904056084235 0.11489683002360918 0.43066593492091476 -0.050262704835643046 -0.050143038282755847 0.33811583539360124 -0.002932266123970715 0.25866920523243725 0.0053786518014846242 -0.039555520537659976 -0.029638580474956377 0.35308893404814606 -0.0045583430830247948
leaf_weight=283.86083771375706 643.58751680777641 17.196164168883115 34.015590034541674 46.665600577020086 0.24155987228732456 70.420169819379225 101.96912552218419 9.8672446754062531 8.2181960422312823 36.744512642384507 0.88318489643279463 13.685536189121196 97.219305760692805 9.3640098913456296 8.3289737890008801 20.198057335917845 448.96076905215159 0.82557563437148929 1.2442545376252385 5.9787597521208271 2.5375406824750879 1.2068091678665953 1.3231696122093097 2.7017051443690434 1.2563198526622725 17.347854603547603 0.81319336825981625 5.6562351371394461 21.365330608095974 3.9039561747340477 5.3671193827176449 0.98333848442416538 75.225166561314836 190.37639814114664 2.4690855969674876 2.2720012172358111 28.39036321209278 5.7617102392250699 1.8181214308133338 3.2385112599004042 3.4795260978862634 2.8796910761157051 6.1343890621792525 20.847146310610697 2.7448992931749663 25.937686668825336 11.649265154497703 0.80438128148671129 0.73945315007586032 84.507285646745004 1.768549324129707 0.51813977758865692 0.73944627615856007 0.76710292173083938 0.63306079315952957 13.709910541190764 0.80088719120249041 13.922153316903858 8.9320503963390347 69.730966645583976 0.24791927635669608 62.116247125843074
leaf_count=380774 28001 162 15513 3489 16 20455 21646 235 358 8331 381 377 23541 2165 2587 8104 22270 401 368 635 229 190 319 247 252 6476 329 365 331 126 565 32 28713 7470 180 235 1938 134 336 326 310 131 1151 294 341 2597 225 208 214 79151 210 121 366 345 94 1851 51 319 2842 56860 84 49115
internal_value=-0.00340821 0.00502078 0.0012765 -0.0058189 -0.0381944 0.00753071 -0.0248938 0.0131169 -0.0118184 -0.00087118 -0.0257767 -0.000702002 -0.00273721 0.0115049 0.012461 0.0328291 0.00943482 0.0495751 0.0613016 0.0895115 0.158911 0.270499 0.055937 0.0799495 0.148758 0.0205325 0.163143 0.00339793 0.016367 0.0131467 0.0654304 0.00708107 -0.0113653 0.012657 0.0630814 0.112509 0.00971984 -0.0139681 0.0934192 0.111097 0.0597654 0.01192 0.0790868 0.00802518 -0.0139585 -0.00339257 -0.0220143 0.0108231 0.143293 -0.0256419 -0.00766224 -0.0177646 0.147885 -0.00638229 0.125402 0.0213365 0.126349 0.0357397 0.000886298 -0.0164349 -0.00172847 -0.00313657
internal_weight=2567.1 2066.39 1412.94 661.954 500.705 750.986 140.012 653.455 127.965 93.9498 38.4286 521.941 494.334 623.02 613.656 79.3795 534.277 56.1553 46.4262 27.4396 8.94663 3.70738 18.493 5.23925 2.46313 18.9866 1.63877 374.989 55.5212 461.112 12.1508 328.324 76.2085 252.115 13.8768 8.22061 238.238 47.862 12.5142 11.191 5.94861 8.24681 9.3729 38.0433 73.1651 34.1559 119.344 22.1251 1.54383 216.844 23.2242 21.4556 1.25759 9.72914 1.40016 19.4716 1.68407 27.6077 20.5813 132.337 62.6057 62.3642
internal_count=785482 219482 191246 94545 566000 96701 22102 28236 27562 12049 8763 72443 71747 69139 66974 23086 43888 14285 11259 4053 1286 810 2767 476 442 7206 730 44717 3286 23092 822 41228 28745 12483 1090 725 11393 3923 2132 1813 490 696 1477 456 20796 2955 27030 3489 422 185226 8801 8591 487 3026 439 1985 432 696 3067 106075 49215 49199
is_linear=0
shrinkage=0.05


Tree=37
num_leaves=63
num_cat=0
split_feature=15 17 24 23 7 38 52 49 51 29 42 48 50 42 51 51 52 11 29 52 38 38 45 17 11 44 52 12 50 34 16 52 42 43 37 49 48 6 12 51 48 10 17 43 52 17 4 29 48 46 48 48 26 23 48 51 47 22 51 44 48 45
split_gain=266.749 36.8692 22.4789 25.4964 30.0502 18.6532 16.5595 14.877 18.2505 17.7185 16.6088 13.9465 14.4646 20.3137 18.6114 35.8561 13.3588 15.2251 15.0619 16.4428 12.737 12.5378 14.444 14.6754 14.1955 12.9803 12.1265 12.1524 11.6394 46.8319 56.4273 10.1358 9.87347 19.5918 21.3236 21.3038 22.6733 20.8098 31.0841 19.0431 17.0188 15.2115 16.0657 14.4318 31.0462 14.1952 13.8195 13.3305 15.8379 13.1622 17.7057 12.987 12.9147 18.5922 17.4337 17.7407 13.1101 19.0715 14.7827 12.4759 11.9975 11.8956
threshold=-37.387928009033196 -11.373033523559569 1.7265586853027346 -44.897481918334954 284.12722778320318 -28.294128417968746 95.494766235351577 287.70042419433599 50.025959014892585 8.4606561660766619 0.25033569335937506 -0.57820284366607655 129.50785064697268 0.10704040527343751 10.792206287384035 7.6227922439575204 35.553066253662116 268.40895080566412 -0.73326015472412098 39.807723999023445 -38.352928161621087 -14.176475524902342 -3.0551071166992183 -25.085117340087887 293.29318237304693 -15.426464080810545 5.0382971763610849 -41.85895919799804 189.46730041503909 13.354708671569826 -39.30517387390136 179.38448333740237 2.2895660400390629 3.7531433105468754 250.95497131347659 257.70365905761724 -0.53158730268478382 269.05226135253912 -28.55844688415527 13.819287300109865 -0.51488128304481495 247.85549926757815 -0.99594497680664051 3.3248443603515629 28.542521476745609 -1.2947235107421873 243.17332458496097 28.935934066772464 0.074240803718566908 0.93289375305175792 -0.51876229047775257 0.83034712076187145 21.696994781494144 -1.2585433125495908 0.63953983783721935 43.73332595825196 -0.28943181037902826 -14.552670001983641 38.786708831787116 -3.8240375518798824 0.42884278297424322 -0.035467147827148431
decision_type=2 2 2 2 2 2 2 2 2 2 2 2 2 2 2 2 2 2 2 2 2 2 2 2 2 2 2 2 2 2 2 2 2 2 2 2 2 2 2 2 2 2 2 2 2 2 2 2 2 2 2 2 2 2 2 2 2 2 2 2 2 2
left_child=20 2 3 4 -2 -5 11 21 26 10 -10 12 13 14 15 -3 -7 -18 19 -19 -1 24 -23 25 31 -24 27 -9 -22 -30 -31 -4 40 43 35 41 -37 38 39 -36 49 42 -35 -34 -45 59 -40 48 -47 -13 -51 -38 56 54 -54 -56 60 -58 -59 -42 -50 -49
right_child=1 6 7 5 -6 16 -8 8 9 -11 -12 32 -14 -15 -16 -17 17 18 -20 -21 28 22 23 -25 -26 -27 -28 -29 29 30 -32 -33 33 34 37 36 51 -39 46 -41 45 -43 -44 44 -46 47 -48 61 52 50 -52 -53 53 -55 55 -57 57 58 -60 -61 -62 -63
leaf_value=-0.048408247340877737 0.40798073943153529 -0.01646719954155057 -0.035370601703138667 -0.04087437190980224 0.0018554279156866122 0.0076754277371735308 -0.039136367776071067 0.24342284819258542 0.26698102257956891 0.13369067116861977 -0.050499820700254827 -0.014282324480774794 0.072100551683106237 -0.042697521566427615 -0.021868448110945793 0.1722525595467618 -0.033329052561730348 0.23116136760817718 0.27371046964273799 0.042488437266166058 -0.03055985323156803 -0.031297036009975049 0.029862935277842895 0.001439641440959062 0.33602149849329838 0.27836921391726599 -0.028675002950080887 0.0099620853327548956 -0.032420904483384881 0.81253183139204954 -0.050222967191054763 0.2327835700928548 0.015714084346898347 -0.0059997628453845042 0.045654185970900735 0.12587426283316303 -0.0098421082784192603 0.001061030916327156 -0.029457989866519207 0.21968903670078369 0.13138882004594582 0.057856587066723433 0.029618461902152005 0.03149290994140596 0.1841684958904303 0.001795875378567577 0.074794796214589676 -0.031163230231623047 0.11397318222585009 0.039313227255086514 0.15744378578925722 -0.052944305238528368 -0.020014285306464024 0.05349957476144071 0.0096665190683636656 0.08599277376253131 -0.021719958222973033 0.062381064186055317 -0.013791113723702687 -0.0082577123278089731 0.037532032413501476 0.0013599211853602691
leaf_weight=276.35284901136765 0.87144096707925089 5.7469035666435975 128.36118500347948 16.295662561431527 0.95422682689968497 49.096304478065576 20.341245687915944 0.85011631611269001 0.47272788354894002 5.2064833705080673 3.2040609939722344 8.6595866685966012 4.4152719313278785 41.607902163523249 14.527016241685486 4.4781685365596786 2.9253074447624376 1.3903788875904846 1.0724332036916155 6.8146245178650133 89.385420117410831 45.737463705125265 1.2483272836543622 54.088347839773633 0.25883327249903132 0.90746048861183126 16.063445408828557 1.6188887897296869 2.8291141567751761 0.40555214160121977 0.3557804375886916 0.35336613294202734 434.52665185870137 84.903138839174062 2.4104672026587677 2.9348657034570342 175.09489097178448 19.57779904815834 5.7956309738801775 4.5178422619355842 1.6089926321292285 16.701712878770195 50.483281556051224 23.447179405484352 3.8808526148786759 209.7980663459748 7.0400299419416115 34.723995168693364 9.3354092810768652 20.624900211347267 3.7484548005741116 19.414020067779347 45.790480915689841 22.308458933373913 52.312328728032298 8.9097661915002373 15.396794231375678 27.602400645846501 8.2801143170800042 267.65691419737414 11.402873268234542 147.72442151466385
leaf_count=392369 200 337 96228 14475 331 12743 3883 325 205 393 1241 453 313 2051 836 191 716 292 184 1399 93439 18620 428 18900 206 173 8864 566 2677 268 210 128 24430 3308 231 205 12196 1934 239 320 312 625 533 1365 241 4405 290 671 214 1140 184 3698 1413 289 2192 365 467 701 180 46671 375 2640
internal_value=-0.00373395 0.0029359 -0.0122464 0.0110179 0.19571 0.0066724 0.00572654 -0.0193976 0.0154258 0.0743491 -0.00968104 0.00622867 -0.0155302 -0.0213607 0.0145061 0.0661844 0.0193122 0.0661313 0.0974925 0.07446 -0.0430225 -0.0235313 -0.0104302 0.00653856 -0.0338906 0.13447 -0.0128183 0.0903462 -0.0270142 0.0612551 0.409355 -0.0346344 0.00711037 0.0109681 0.00269901 -0.00122907 -0.0120629 0.037598 0.0737908 0.15914 0.00344704 0.0128356 0.00728166 0.0179306 0.0531744 0.00209865 0.027722 0.00641804 0.0114095 0.0386682 0.0574809 -0.0141442 0.0214271 0.011977 0.00332101 0.0207744 0.0383964 0.0248298 0.0448039 -0.00742326 0.0719423 -0.00482996
internal_weight=2544.85 2175.52 337.791 79.4204 1.82567 77.5947 1837.73 258.371 27.4157 8.88327 3.67679 1817.39 70.7753 66.36 24.7521 10.2251 61.299 12.2027 9.27744 8.205 369.329 230.955 101.982 56.2441 128.973 2.15579 18.5325 2.46901 92.9759 3.59045 0.761333 128.715 1746.61 850.728 388.874 349.532 197.444 39.3418 19.764 6.92831 895.884 152.088 135.386 461.855 27.328 862.851 12.8357 593.585 411.137 33.0329 24.3734 194.509 201.339 129.321 107.013 61.2221 72.0176 51.2793 35.8825 269.266 20.7383 182.448
internal_count=785478 296515 176617 30340 531 29809 119898 146277 11594 1839 1446 116015 3728 3415 1364 528 15334 2591 1875 1691 488963 134683 38121 19501 96562 601 9755 891 96594 3155 478 96356 112287 49615 23579 20565 16099 3014 1080 551 62672 4466 3841 26036 1606 60895 529 13912 10601 1777 1324 15894 6196 4259 3970 2557 1937 1348 881 46983 589 3311
is_linear=0
shrinkage=0.05


Tree=38
num_leaves=63
num_cat=0
split_feature=38 3 49 41 17 52 39 42 43 17 5 29 11 17 11 40 49 26 50 40 11 29 29 37 5 51 49 47 26 36 10 51 43 1 21 37 26 29 43 49 17 36 47 36 43 55 36 49 50 38 2 21 31 43 2 38 23 5 23 47 52 35
split_gain=266.874 28.3153 22.9442 18.578 28.2304 16.0541 22.3282 14.4139 14.8802 18.7236 15.806 46.5407 13.9666 14.5476 13.5034 17.1129 19.0876 15.9261 14.5087 18.266 13.0545 14.1058 59.3433 47.6977 76.5266 24.1199 13.0446 11.9746 23.9618 11.7951 31.2354 11.7263 11.4995 16.9654 11.9536 14.5627 12.404 15.2637 16.0504 11.4805 20.6945 18.7344 23.5613 20.179 19.2547 18.4899 15.1758 18.8353 19.4013 15.0765 13.5004 16.7704 13.808 16.8772 13.2976 12.7748 12.4395 16.6637 16.2591 12.2071 12.1422 14.8984
threshold=-21.941177368164059 282.34765625000006 255.59030914306643 3.4945498704910283 -5.3756484985351554 88.222122192382827 -27.026869773864743 6.3688812255859384 4.4059448242187509 -11.750988006591795 262.52239990234381 14.724085807800295 279.63664245605474 -33.732913970947259 265.93986511230474 -0.88235473632812489 272.63078308105474 -0.55951929092407215 14.633415222167971 -0.039199829101562493 287.27018737792974 4.1528625488281259 5.7937564849853525 290.43209838867193 275.86897277832037 26.465111732482914 255.95982360839847 0.28138920664787298 1.691896438598633 257.35295104980474 287.11654663085943 16.647991180419925 0.72552490234375011 262.00515747070318 -24.989085197448727 260.43936157226568 -0.34729480743408198 1.1971225738525393 1.0255279541015627 272.17034912109381 0.44061279296875006 199.11765289306643 4.4638051986694345 197.35294342041018 -21.335792541503903 0.98296290636062633 213.82353210449222 258.11538696289068 85.215217590332045 0.64705657958984386 215.24051666259768 -1.7820734977722166 38.620317459106452 -1.5894165039062498 208.82292175292972 -5.3529434204101554 -14.54692220687866 230.8393478393555 -11.522881507873533 -0.56850254535675038 1.6373844742774966 5.7194383144378671
decision_type=2 2 2 2 2 2 2 2 2 2 2 2 2 2 2 2 2 2 2 2 2 2 2 2 2 2 2 2 2 2 2 2 2 2 2 2 2 2 2 2 2 2 2 2 2 2 2 2 2 2 2 2 2 2 2 2 2 2 2 2 2 2
left_child=1 5 -2 14 7 20 12 -5 10 -10 -9 29 13 -7 15 -4 18 -16 -17 27 -1 -22 23 24 -23 -26 -11 -20 -29 -12 -31 -30 33 -19 35 -34 -37 38 -38 40 50 43 46 -42 -44 55 47 -43 49 -49 54 52 -52 -54 -6 56 57 -41 -58 -59 -57 -62
right_child=2 -3 3 4 39 6 -8 8 9 26 11 -13 -14 -15 17 16 -18 32 19 -21 21 22 -24 -25 25 -27 -28 28 31 30 -32 -33 34 -35 -36 36 37 -39 -40 45 41 42 44 -45 -46 -47 -48 48 -50 -51 51 -53 53 -55 -56 60 58 59 -60 -61 61 -63
leaf_value=-0.03055178887416566 0.015642802992547045 -0.048202230456948165 -0.012686798719411708 -0.025120989680330569 0.032695822411020169 0.13647805725986292 0.36241361060808019 0.0052223870072274567 -0.036913846221360347 0.11294307543130661 -0.0058526826441693547 0.40255232654464002 -0.050192074195776641 0.0058836319939287555 0.0087310965607403455 -0.016672423672015182 -0.025385585274530775 0.089818571147192799 0.057888619945957433 0.021384821593347703 -0.022293054843715274 1.1783386062432166 -0.050233182962494322 -0.050150821304323551 -0.050140836435284178 0.54754046320108374 -0.00029027496794191372 0.27096650958200857 0.15559364655748484 0.012475905374378933 0.60814540580179566 -0.0098671818242275448 -0.057664327464072462 -0.020133166240046765 0.1582218302055205 0.1951871378025683 0.20446637929104583 0.2143409189376756 0.020813428657501673 0.00072678140504367906 0.01313975830399787 0.059618085607149797 0.040096745128137198 -0.029696447908426765 -0.034826293174053634 0.061880078866891522 -0.016606414093832938 -0.0029420601359369707 0.063077292858652129 0.032677613116237778 -0.0056311972065546667 0.028848521043386855 0.18688876288433601 -0.011871453846162242 -0.024401140548240937 0.074128157591154667 0.16438735867626936 0.024700575459773388 0.031973889301733574 0.20008089762891662 -0.023960351335250169 0.0088336244398016187
leaf_weight=169.75172338646371 352.57277129386785 272.93407137942268 61.509488556068391 143.45011221064487 11.140512906713409 3.2948871981934644 0.47868137765908514 77.431346886791289 54.277747717802413 2.6989600914530447 4.4934170546475789 0.98664320254465554 5.2147090013604602 6.0444310299935733 32.728671618271619 10.168897561379707 15.620647815521805 5.7771195915993294 12.979131780797614 25.251702364417728 5.3938608588650805 0.32557371701113902 2.4329437870765105 0.49799447774421413 0.34171822265489027 0.33358541043708101 44.138311048503965 2.2973988712765268 2.0903677045134827 0.79839222732698523 0.30382809863658622 2.1954191462136805 2.2007575704483342 8.9333409077953529 4.0190998873440575 2.0241243229829733 1.3493676615180401 1.4583274759934273 10.053009280120021 20.918664898723367 57.648356378078461 39.89488423243165 11.57715549902059 52.557693354785442 33.07133711501956 17.455047784023918 20.029933124198578 67.340158065780997 22.791332797380164 53.157805136870593 361.79653172951657 41.815664461348206 2.0784434757661074 2.1969461198896161 120.44957834086381 6.1284235953353337 3.8902435867348686 1.9823924178490417 5.7374144804198277 1.9863444968359534 42.405623055528849 188.95539719250519
leaf_count=142802 10937 409805 5799 65967 239 677 47 23981 31686 133 2258 226 3843 2186 3518 823 1566 289 570 1707 4598 210 1692 352 272 126 9157 182 146 489 198 268 177 1477 136 252 97 347 1728 1760 284 506 186 264 655 192 728 1019 272 780 35045 951 148 241 3482 148 230 219 308 183 878 6667
internal_value=-0.00368152 -0.0378199 0.00402536 0.00163876 -0.000254097 -0.0232214 0.0264082 -0.0132242 -0.00400585 -0.0169271 0.0115456 0.0859291 0.015357 0.051957 0.0159357 0.00659293 0.0233893 0.0339432 0.0372463 0.0494812 -0.0273876 0.0302089 0.102234 0.349716 0.548672 0.245101 0.00623471 0.0857489 0.140677 0.0301009 0.176673 0.0708354 0.0569826 0.0230473 0.0806363 0.0623856 0.0801353 0.0620275 0.0425471 0.00333621 0.00054374 0.0098628 0.0174889 -0.00728899 -0.0153991 0.011995 0.0247148 0.029233 0.0207731 0.0127716 -0.00564162 -0.00114902 -0.00457558 0.0847541 -0.0195673 0.00879379 0.0372172 0.0185475 0.0854781 0.112478 0.00466293 0.00282289
internal_weight=2535.86 467.044 2068.81 1716.24 1515.58 194.11 15.0327 328.579 185.129 101.115 84.0136 6.58228 14.554 9.33932 200.657 132.113 70.6036 68.5438 54.9829 44.814 179.077 9.32568 3.93182 1.49887 1.00088 0.675304 46.8373 19.5623 6.58319 5.59564 1.10222 4.28579 35.8151 14.7105 21.1047 17.0856 14.8848 12.8607 11.4024 1187.01 897.546 358.069 247.863 110.206 44.6485 289.46 203.214 183.184 143.289 120.498 539.478 407.888 366.072 4.27539 131.59 272.005 34.5151 24.8874 9.62766 3.96874 237.489 231.361
internal_count=786109 566610 219499 208562 189480 156805 6753 134095 68128 40976 27152 3171 6706 2863 19082 11061 5262 8021 3696 2873 150052 7250 2652 960 608 398 9290 1166 596 2945 687 414 4503 1766 2737 2601 2424 2172 1825 55385 44800 4694 4146 548 841 10585 3305 2577 2071 1799 40106 36385 35434 389 3721 10393 2700 2162 538 402 7693 7545
is_linear=0
shrinkage=0.05


Tree=39
num_leaves=63
num_cat=0
split_feature=17 17 30 36 11 54 38 49 25 7 38 4 12 45 45 52 23 12 47 5 25 42 45 53 39 11 48 48 42 12 19 42 48 48 42 43 48 40 49 48 49 36 17 47 17 21 30 40 13 54 17 15 47 52 44 44 49 54 25 47 37 17
split_gain=242.343 25.0194 27.3631 19.7096 17.7665 22.5013 18.0212 17.4664 21.1968 17.4177 27.4405 26.1739 56.0689 22.4449 31.3369 17.1537 16.2198 34.5088 31.8663 18.9217 15.2762 42.0621 14.491 14.7338 12.9775 17.6101 22.0238 17.712 17.426 12.8986 16.9263 25.056 12.2196 14.3622 14.6668 19.6852 23.5564 29.2047 16.0573 23.3042 24.3991 18.1948 18.7193 17.9589 15.5452 22.7215 19.8231 23.4884 22.3971 20.0923 15.3207 15.2495 13.89 12.8743 12.7773 12.3634 12.0808 13.76 12.3073 11.5638 14.0251 17.3946
threshold=-30.848306655883786 -11.373033523559569 1.818382263183594 279.11766052246099 278.10688781738287 -1.0000000180025095e-35 -13.529411315917967 288.06623840332037 9.3363513946533221 287.68017578125006 -30.529418945312496 274.09092712402349 -42.762432098388665 2.6175160408020024 4.6640853881835946 95.494766235351577 -43.003240585327141 -47.942720413208001 0.018101312220096592 260.82518005371099 10.085069656372072 5.3638763427734384 -1.7265796661376951 1089.1666564941409 -29.165580749511715 261.49200439453131 -0.66743496060371388 -0.038633346557617181 9.6923141479492205 -44.085180282592766 -42.141458511352532 6.0101470947265634 -0.5924580693244933 -0.51488128304481495 2.2895660400390629 4.4059448242187509 -0.071447014808654771 11.392150878906252 272.37759399414068 0.8446832299232484 287.28868103027349 230.88235473632815 1.0000000180025095e-35 0.28138920664787298 -0.37291717529296869 -2.4353712797164913 36.439641952514656 1.5686111450195315 -12.212440490722654 -0.7865660786628722 -9.1633796691894513 -1.3968391418457029 -1.2116584777832029 24.072759628295902 -4.0340023040771475 0.50603103637695324 255.95982360839847 0.60355338454246532 33.217302322387702 -1.2469552755355833 231.20188903808597 -4.5209541320800772
decision_type=2 2 2 2 2 2 2 2 2 2 2 2 2 2 2 2 2 2 2 2 2 2 2 2 2 2 2 2 2 2 2 2 2 2 2 2 2 2 2 2 2 2 2 2 2 2 2 2 2 2 2 2 2 2 2 2 2 2 2 2 2 2
left_child=3 2 16 7 6 9 -4 -1 -9 10 11 13 -13 -6 -15 29 17 -2 19 -19 21 -10 -8 24 -24 26 -26 -27 -29 -3 31 -31 -32 -34 -35 38 50 -38 44 41 43 42 51 -41 45 46 47 48 -36 55 -37 54 -48 -50 -40 -49 -39 -58 -59 -52 -61 -62
right_child=1 15 4 -5 5 -7 22 8 20 -11 -12 12 -14 14 -16 -17 -18 18 -20 -21 -22 -23 23 -25 25 27 -28 28 -30 30 32 -33 33 34 35 36 37 56 39 40 -42 -43 -44 -45 -46 -47 52 49 53 -51 59 -53 -54 -55 -56 -57 57 58 -60 60 61 -63
leaf_value=-0.033259673733223714 -0.027487738912323346 -0.032710098726050178 -0.038254414657982842 -0.04878994450287167 -0.0501616049282059 -0.03528615827016221 -0.025904158104590087 -0.024504460759445946 0.86376433589297352 -0.024404089397916315 0.03791878385044755 0.98815888528706974 -0.050152615031043984 0.59751110058315238 0.11250815468728231 -0.04052850530409529 0.011565001059176091 0.29875563108880127 0.58146241235195306 -0.050666523911351707 0.057801836073977576 -0.050071611019705378 -0.031519302933540022 0.16434936051302024 0.32829554263342903 -0.025036987156894883 0.0010401279792411613 0.070149301437618453 0.30548313454431741 0.19799358911863377 -0.015044687959768769 -0.028451357142871992 0.027075430532073782 0.0017701502771520147 -0.0031134014571195896 0.029140086850423977 0.044919335062269979 0.017691511104752488 0.10166103323099923 0.10865449783196271 0.0094433314620371578 -0.023180700731084605 -0.026184281283391134 0.3335434181825449 0.025303794387335439 -0.028040598389467132 0.19644700838877566 0.024683511238236436 0.04189208939513224 -0.022264117070463885 -0.047298090352144551 0.10337204921193495 0.026411881131241245 0.1090569899855502 0.028829118511736258 -0.067257708822899109 -0.028310639852531336 0.037824373706440359 -0.05623979222761849 -0.025155915266363894 -0.01542441763194995 0.062149192338222692
leaf_weight=98.155357639712747 2.1893527829088271 20.918787972768769 105.11772690032376 241.28670637728646 1.0154306194745073 16.326730589498766 47.823937952867709 13.661686948908029 0.21880252962000568 7.7351243888842864 16.173101552354638 0.28894047642825171 0.23639157408615563 0.46298645687056694 1.1866971807321531 19.742297179298475 66.499501891550608 0.85349551984108918 0.55401842272840429 0.70950872753746808 8.8080599407548998 0.29662879521492869 12.990377685055135 1.5878843906102691 0.52825240790844219 1.4700076484587041 19.208923403173689 1.6094170559663319 1.5386830810457466 2.7936426630476481 63.36797384521924 2.1708534051431343 87.285482951905578 867.05684616765939 22.992050932603888 17.983458432601765 52.395674096303992 56.822651181137189 6.9115383123280401 1.8790624684188508 2.4314940518233925 13.749168671551159 9.4701176867820305 1.682696812902577 154.66225726669654 42.852207992458716 2.4352281914325431 53.890797986648977 26.516341082868166 63.710824368987232 29.903385119512677 10.778813181445008 2.3699168476741752 9.7611738990526629 46.784268813906237 3.92258956527803 48.125350856222212 17.733062428189445 4.3256554648978627 61.188505336176604 17.462992529966872 12.328040566761045
leaf_count=109140 1415 4505 79526 378979 765 11868 19682 14449 137 5436 5956 256 181 289 427 3857 18278 198 324 316 3589 331 4516 161 168 282 7793 275 196 346 3017 303 3637 59276 981 1266 3816 1606 379 283 125 1747 91 162 1705 864 163 5390 544 11471 1332 120 247 193 1753 177 7673 940 72 1200 1130 316
internal_value=-0.00268759 0.00364845 -0.00959686 -0.0405281 -0.0177974 0.0110827 -0.0243335 -0.0240722 0.0151615 0.0390195 0.0643552 0.198367 0.520934 0.134785 0.248625 0.00583014 0.0176548 0.111695 0.255632 0.140139 0.073284 0.337855 -0.00746655 0.0151812 0.00883882 0.0303646 0.0097989 0.11826 0.185172 0.00632791 0.00677716 0.0989747 0.00652467 0.00730597 0.00626779 0.0111726 0.00154304 0.0135108 0.0176005 0.0361555 0.131545 0.0296364 0.0394571 0.2149 0.013063 0.00477597 0.0123529 0.00968889 0.0354949 -0.00289716 -0.0139182 0.0490986 0.112585 0.0599641 0.0382038 0.0184454 0.000553412 -0.013322 0.0193786 -0.0203238 -0.0114579 0.0166769
internal_weight=2526.94 2164.51 306.106 362.427 235.301 43.4254 191.875 121.141 22.9852 27.0987 19.3635 3.19045 0.525332 2.66511 1.64968 1858.41 70.8059 4.30638 2.11702 1.563 9.32349 0.515431 86.7575 38.9335 37.3457 24.3553 19.7372 4.61811 3.1481 1838.66 1817.74 4.9645 1812.78 1749.41 1662.13 795.069 318.269 179.402 476.801 93.6872 5.99325 87.6939 73.9447 3.56176 383.113 228.451 185.599 180.794 59.2696 121.524 138.866 64.4746 4.80515 36.2775 53.6958 57.8134 127.007 70.1841 22.0587 120.883 90.9795 29.791
internal_count=785620 278995 158308 506625 137777 25178 112599 127646 18506 13310 7874 1918 437 1481 716 120687 20531 2253 838 514 4057 468 33073 13391 13230 8714 7961 753 471 116830 112325 649 111676 108659 105022 45746 19351 14107 26395 4660 570 4090 2343 445 21735 20030 19166 18756 1718 17038 5244 2252 410 737 2132 5567 10291 8685 1012 3978 2646 1446
is_linear=0
shrinkage=0.05


Tree=40
num_leaves=63
num_cat=0
split_feature=14 36 38 52 23 5 49 49 20 19 5 45 2 50 2 45 50 50 52 49 29 32 11 45 28 17 39 13 23 44 22 40 39 55 49 19 50 17 4 55 23 38 52 39 31 55 40 52 41 53 51 33 39 14 45 36 53 49 40 49 4 34
split_gain=231.242 32.5503 18.3784 17.9453 15.3197 26.4975 13.3587 19.3717 16.7839 20.7811 21.1966 16.3053 15.0682 19.3511 22.1283 32.7723 13.6871 16.69 14.4536 21.4395 14.6175 13.0622 14.0398 13.5217 12.7374 13.7429 12.6437 22.3721 33.6908 37.0628 47.2667 26.7348 26.6956 30.3831 19.3273 18.7002 12.2758 12.0241 11.6812 11.5916 11.3208 11.2163 10.6195 10.2661 41.4766 10.2346 32.2069 39.7546 11.1267 10.9439 16.6045 13.2004 16.7335 15.5715 10.4644 10.6427 10.1078 14.3092 18.7563 13.6053 13.6773 14.9059
threshold=-38.48292160034179 233.23529815673831 -39.176475524902337 92.846775054931655 -48.249322891235344 253.7664489746094 270.83627319335943 273.45858764648443 -41.25541687011718 -44.044605255126946 224.38174438476565 -1.7895412445068357 284.16580200195318 67.832973480224624 271.84974670410162 0.86325836181640636 1.5731500387191775 1.1988266110420229 68.036495208740249 285.09815979003912 -1.848520755767822 22.655402183532718 277.76313781738287 0.46676445007324224 1.2669048309326174 -12.131832122802733 -43.912851333618157 -45.779865264892571 -46.868728637695305 -2.4237327575683589 -48.035640716552727 5.1960754394531259 -45.286855697631829 -0.6035533845424651 293.36648559570318 -45.008247375488274 122.23205947875978 -33.732913970947259 225.92765808105472 0.37940952181816107 -9.0357642173767072 -8.9411697387695295 37.740104675292976 -44.038488388061516 1.4508190751075747 -0.91597560048103321 12.372558593750002 15.616907596588137 1.977247476577759 333.62500000000006 34.281713485717781 2.2251509428024296 -31.137981414794918 -27.45468711853027 -1.5698299407958982 237.94117736816409 49.833333969116218 257.70365905761724 -2.1372680664062496 269.73658752441412 207.11548614501956 3.5642530918121342
decision_type=2 2 2 2 2 2 2 2 2 2 2 2 2 2 2 2 2 2 2 2 2 2 2 2 2 2 2 2 2 2 2 2 2 2 2 2 2 2 2 2 2 2 2 2 2 2 2 2 2 2 2 2 2 2 2 2 2 2 2 2 2 2
left_child=2 3 -1 56 5 -3 24 11 9 -9 -11 -8 13 41 -15 -16 17 -10 38 -20 -21 22 23 36 25 -6 27 -4 29 31 -31 37 33 35 43 -33 -22 -29 -18 -27 45 42 -12 -30 -45 46 47 -13 49 50 51 52 53 -47 -50 -56 57 -2 -59 60 -60 -62
right_child=1 4 26 -5 6 -7 7 8 16 10 12 40 -14 14 15 -17 18 -19 19 20 21 -23 -24 -25 -26 39 -28 28 34 30 -32 32 -34 -35 -36 -37 -38 -39 -40 -41 -42 -43 -44 44 -46 48 -48 -49 54 -51 -52 -53 -54 -55 55 -57 -58 58 59 -61 61 -63
leaf_value=-0.048101900839101756 0.012313739061411406 0.37000657677401461 -0.0294292128678269 -0.042350777723788181 -0.025794581670617489 0.025588476170659593 -0.024703393399856444 -0.019462134966549374 -0.0021508927897362935 0.3650434011850498 -0.034427342927204278 -0.0017139048197169914 0.31708370599409741 0.0037941739925268919 0.043047637444865484 0.42859532020134722 0.033568577394928238 0.31862078571214475 -0.044527815222443423 -0.051318924480706164 0.26090025405119782 -0.051883096637020204 -0.0082980672950576963 0.037842759921691421 -0.026505275896112363 -0.032104585314469254 -0.041035616078116788 -0.033796668430435314 -0.026162646138126945 0.84054238386838687 0.072271491152886599 -0.050155146913130437 0.7001636569217381 0.61595168739288797 0.50590005616754163 0.37414606592393196 0.11040364003212096 0.21851356046554324 -0.026271290829313079 0.05109996057728277 0.20190123911069624 0.21066663929213569 0.25962356751892501 0.86664711378168158 -0.050049885649340597 0.0087691822388258952 -0.050174039221551753 0.41582504475873566 0.21938477156747022 -0.025945457252285659 0.17743258894041022 0.16416888440972899 -0.012410624893660113 0.21992713230244371 0.050720921692243987 -0.018036252657610143 0.010485607203861651 0.037425832940876563 0.0065301883805583862 0.0037690041982051236 0.03473670674782825 -0.029846076315027489
leaf_weight=231.478938575543 222.09741899324581 0.70920086081605349 38.741266433207784 18.071969938930124 19.796109053888358 2.6268652301514521 15.257376363384536 11.174999808834402 1.0122704223613244 0.59826000197790463 6.2787416775245202 1.0254114120616571 0.54306791903218332 1.7609925481956454 1.071025775629096 1.1355678771506061 8.6824293183162791 0.6765262119588441 8.2617125842371042 2.613062692224049 2.3712195905391074 1.6488543552113704 2.3500409657717674 2.6669107112102211 138.8432186228456 5.5119320552330491 53.24593141162768 3.0665356944664381 12.541729019780176 0.39260306482901797 0.40851756971096875 1.0011761738569473 0.26657927822088812 0.3002215590677223 0.17980196053395125 0.35062175546772767 3.1616991130285896 0.5581408076686788 134.36583397345385 17.399846481857821 0.98295458650682022 0.5724740845616888 0.32282837142702181 0.16363128169905117 0.50178761186543852 1.6866114222211783 1.8356426170794291 1.283807940490078 0.55621361016528581 3.6333683691918841 2.9509383243857874 2.0400669855298466 8.2624986658338475 1.81008462922182 7.6925890605198282 20.969706179399509 1130.7138652442954 25.532288129325025 46.938411223236471 154.46576921199448 9.6592815802432579 119.05474443698768
leaf_count=378197 6513 172 43302 3182 8588 964 4900 4818 481 28 3869 356 385 622 515 209 472 237 3673 997 234 379 1075 364 76251 347 54538 3128 13389 205 402 817 227 201 175 168 224 307 71644 976 98 82 193 212 584 825 963 284 255 476 383 351 593 97 1290 9493 56178 405 593 8925 303 15623
internal_value=-0.00192341 0.00410125 -0.0400637 0.00721225 -0.00793803 0.0988069 -0.00874224 -0.00150269 -0.00973853 0.0298764 0.0747645 0.0210051 0.0599021 0.0473665 0.135973 0.24146 -0.0152762 0.126349 -0.016716 0.0200062 0.056002 0.078991 0.0994455 0.130324 -0.0191601 0.00471905 -0.0234087 -0.00735737 0.0359793 0.130885 0.448776 0.0849432 0.23587 0.160949 -0.00899883 0.0598977 0.174901 0.00505497 -0.0226393 0.0310833 0.0337475 -0.0016372 -0.0200477 -0.0160087 0.175372 0.0306722 0.106151 0.230416 0.0243651 0.0527176 0.0697808 0.0467597 0.0263908 0.118076 0.00458562 0.000417283 0.00773652 0.00235627 -0.00386199 -0.00705531 -0.016574 -0.0249995
internal_weight=2515.87 2172.68 343.197 1726.53 446.143 3.33607 442.807 261.256 191.269 23.458 12.283 69.9873 11.6847 11.1416 3.96759 2.20659 167.811 1.6888 166.122 23.0735 14.8118 12.1987 10.5499 8.19983 181.551 42.7079 111.719 58.4726 19.7313 6.3444 0.801121 5.54328 1.9186 1.65202 13.3869 1.3518 5.53292 3.62468 143.048 22.9118 54.7299 7.17404 6.60157 13.2071 0.665419 53.7469 4.14486 2.30922 49.6021 20.3836 16.7502 13.7993 11.7592 3.4967 29.2185 28.6623 1708.46 577.748 355.65 330.118 175.652 128.714
internal_count=785737 289885 495852 91722 198163 1136 197027 110865 90501 10721 5903 20364 5875 5490 1346 724 79780 718 79062 6946 3273 2276 1897 822 86162 9911 117655 63117 19815 5455 607 4848 1413 1186 14360 985 458 3435 72116 1323 15464 4144 4062 14185 796 15366 1603 640 13763 2725 2249 1866 1515 922 11038 10783 88540 32362 25849 25444 16519 15926
is_linear=0
shrinkage=0.05


Tree=41
num_leaves=63
num_cat=0
split_feature=14 17 23 38 3 5 12 52 28 49 24 17 47 54 29 52 52 28 40 53 54 54 3 42 53 49 49 49 7 49 42 40 51 49 38 46 40 22 29 42 44 49 54 42 41 51 52 42 28 11 23 29 38 28 39 6 6 53 54 49 52 52
split_gain=215.858 26.8071 19.594 16.2558 15.2752 27.0559 16.1049 14.6983 15.1229 12.7079 14.7139 23.5511 20.36 19.4876 21.4251 20.1428 31.101 29.04 18.5273 16.852 22.5177 15.4336 15.3662 14.7311 14.2697 15.6043 22.9192 16.8123 16.6338 15.4289 16.5645 14.6353 14.132 13.041 24.8428 30.5749 12.9082 13.533 12.8108 24.1735 26.3315 22.7658 17.716 15.2333 20.1881 14.0601 12.7487 17.1944 14.0944 12.2297 31.6577 15.407 24.6225 12.5816 14.4549 25.9818 11.901 11.6994 11.8061 14.1577 12.0202 15.3573
threshold=-38.48292160034179 -15.929212570190428 -40.898075103759759 -39.176475524902337 269.14553833007818 252.68643951416018 -20.267547607421871 45.53399848937989 5.4158697128295907 255.59030914306643 10.598522186279299 -0.99594497680664051 3.1664252281188969 0.91597560048103344 6.611107826232911 11.109360218048097 15.134408473968508 7.9451465606689462 15.862731933593752 434.66667175292974 -1.0000000180025095e-35 0.78656607866287243 207.9305114746094 -16.707954406738278 16.083333015441898 281.67518615722662 288.78967285156256 279.94920349121099 274.44673156738287 276.13734436035162 2.9424819946289067 0.88235473632812511 68.914424896240249 262.20222473144537 -5.1176528930664054 3.6981229782104497 1.3137207031250002 -4.6827046871185294 28.935934066772464 3.5235214233398442 -0.75073242187499989 258.98173522949224 0.12940952181816109 3.3791961669921879 11.48729181289673 31.095352172851566 3.9826575517654423 0.23274230957031253 3.453856468200684 252.75862884521487 -20.082290649414059 9.0845212936401385 -4.0588226318359366 10.065607070922853 -38.600580215454094 263.92864990234381 275.37095642089849 1193.0000000000002 0.37940952181816107 268.95562744140631 36.042289733886726 37.524606704711921
decision_type=2 2 2 2 2 2 2 2 2 2 2 2 2 2 2 2 2 2 2 2 2 2 2 2 2 2 2 2 2 2 2 2 2 2 2 2 2 2 2 2 2 2 2 2 2 2 2 2 2 2 2 2 2 2 2 2 2 2 2 2 2 2
left_child=3 2 4 -1 6 -6 -2 -7 -9 -3 13 12 18 14 22 -16 17 -17 19 20 23 -18 -11 -12 29 27 -27 32 -28 -24 -31 -32 46 34 35 -21 37 -15 41 -40 -41 42 45 44 -43 -13 47 -26 -49 -25 51 -51 53 -53 55 -55 -56 58 59 -4 -61 -62
right_child=1 9 57 -5 5 7 -8 8 -10 10 11 38 -14 36 15 16 21 -19 -20 33 -22 -23 24 49 25 26 28 -29 -30 30 31 -33 -34 -35 -36 -37 -38 -39 39 40 -42 43 -44 -45 -46 -47 -48 48 -50 50 -52 52 -54 54 56 -57 -58 -59 -60 60 61 -63
leaf_value=-0.047782781240508616 -0.016151155267604352 0.013674942958389964 -0.041873960483083408 -0.024206669935531555 0.47329592136266196 0.024895659446250828 0.29217378077544753 0.0010794675871955328 0.25196141510551939 0.04156800202720768 0.17500711052318799 -0.039881356856297068 -0.040129860446619495 -0.018532704083839738 -0.005438187389144737 0.35098383743423262 0.012582055173957232 0.067382133352283366 -0.023341627336137566 0.43895088923798475 -0.028100580594835708 0.14571223823866272 -0.024314720290837134 -0.0055580340598845234 -0.033829097985200347 -0.029531008193460197 0.14968062890234213 0.10523012674555779 -0.0075991597311195801 -0.022783195381794564 0.12894436377336768 -0.00044940069362751868 -0.044188556653669359 0.025373707196444325 0.00086517366980970326 0.017230578978400468 -0.03460643404284254 0.030068414244859138 -0.011301398552565765 -0.017224906671206502 0.072748253626449474 -0.02569647426304586 0.039699858615800478 -0.027634853719040127 0.016770770222499832 0.038026719962064394 0.012734736970781238 0.04061528001290246 0.13980366784495876 -0.0046419114889428769 0.25592299066788593 0.23194116702158071 0.1673511853147458 0.30643977327283817 -0.020395424866644998 -0.015758432632476459 0.16625568367278404 0.046737902839965401 -0.040436111594708952 -0.013269917771600918 0.20939419433444009 0.021050801273595404
leaf_weight=220.6596673821914 20.011417803121734 363.22518555086572 30.277070578420535 109.34571241174126 0.37736099306494253 13.908365318318831 0.43268489954061706 0.97465923160780166 1.5654136005323378 36.605553917586803 1.3285706903552625 14.370268196449617 50.825119673507288 32.805448271334171 7.4559170021675554 1.9851566328434267 7.3076221317751315 1.6553208748809991 103.00371646217536 1.0219657595735046 59.878452923730947 3.1006963278632611 58.374258782481775 71.045247464673594 4.3003774429671493 41.569389406125993 3.316427885205484 5.0226734699681392 3.4091238111723214 7.9640285799978328 5.3510868846205977 3.6938356093596667 10.459209041437132 24.626338093075901 1.8954681756440575 0.74172117991838593 38.573463459149934 25.423308117548004 176.36470953002572 13.987637783400713 19.424421093310229 35.054560874006711 91.933625380159356 35.742028283770196 138.7671028280165 9.7002800663467479 399.78739126905566 9.1205120704835263 5.8972537992522112 26.794215025613084 1.4661120981909324 0.70715916296467263 3.8348775666672745 1.1082297372631722 11.371978250099342 1.4370253618108106 0.92334660037886429 6.2337052458897224 61.637263089534827 56.358758056536317 1.1484552699839721 18.793574279057793
leaf_count=378015 11201 10160 21571 117417 74 8232 14 576 161 406 348 558 15533 3216 1165 277 1146 221 26060 303 18566 174 4797 12925 316 3568 181 441 353 814 299 490 1538 3821 266 294 3029 367 3188 314 270 723 1255 698 4264 209 21866 287 297 3962 328 162 294 175 3385 403 250 1052 53951 32963 474 6194
internal_value=-0.00227833 0.00341323 -0.0134946 -0.0399709 0.0194138 0.054698 -0.00962568 0.0450945 0.155695 0.00522688 0.00332158 -0.000938975 -0.0107893 0.00868241 0.0119578 0.0609868 0.0962397 0.22203 -0.00599715 0.00258455 -0.00305634 0.0522423 0.0101854 0.00943867 0.00812768 0.0112861 -0.0156763 0.0142824 0.0699569 -0.0121044 0.0298012 0.0761015 0.013219 0.0384605 0.126535 0.261596 -0.0121735 0.00268707 0.00572198 -0.00391374 0.0350819 0.0119307 0.0297017 0.00209353 0.00820641 -0.00848489 0.0146517 0.0543226 0.0795651 0.00758534 0.0271848 0.0199223 0.0538795 0.0258915 0.0160732 0.12453 -0.00637842 -0.0205253 -0.023018 -0.0129445 -0.00146494 0.0318974
internal_weight=2515.48 2185.48 211.719 330.005 37.2699 16.8258 20.4441 16.4484 2.54007 1973.76 1610.53 897.354 362.01 713.178 616.376 21.5047 14.0488 3.64048 311.184 208.181 179.895 10.4083 594.871 120.017 558.266 482.882 48.2949 434.587 6.72555 75.3832 17.009 9.04492 429.565 28.2855 3.65916 1.76369 96.8022 58.2288 535.345 209.777 33.4121 325.568 116.004 209.564 173.822 24.0705 419.106 19.3181 15.0178 118.688 47.6429 46.1768 19.3826 15.5477 14.8406 2.54526 12.2953 174.449 168.215 106.578 76.3008 19.942
internal_count=785857 290425 136463 495432 20258 9043 11215 8969 737 153962 143802 98554 87075 45248 38636 2983 1818 498 71542 45482 40798 1320 35653 22232 35247 28847 4102 24745 534 6400 1603 789 24304 4684 863 597 6612 3583 11479 3772 584 7707 2022 5685 4987 767 22766 900 584 21884 8959 8631 4669 4375 4213 578 3635 116205 115153 61202 39631 6668
is_linear=0
shrinkage=0.05


Tree=42
num_leaves=63
num_cat=0
split_feature=2 38 24 38 22 0 54 52 33 28 48 52 48 43 35 27 46 49 45 48 51 49 53 37 50 53 11 37 48 42 48 48 24 43 37 48 14 24 50 19 9 21 23 37 0 37 39 38 25 39 53 27 34 53 29 20 5 48 39 41 47 38
split_gain=201.377 25.9982 22.4211 23.928 29.8679 20.2885 16.2779 19.7399 14.5326 13.1863 12.7932 12.453 11.8366 17.2769 13.736 14.5513 15.5622 11.6427 14.6642 13.7554 33.5984 33.507 17.3989 14.4469 13.6685 13.0894 12.9735 13.3265 15.3256 11.8461 11.2224 11.0192 17.8627 17.0002 24.1209 10.8947 20.1045 25.3336 24.2035 14.7717 21.7614 46.0096 17.1444 10.6361 20.6461 10.2306 15.6208 28.9734 12.2685 12.077 10.7529 14.8366 10.3571 10.4213 10.1155 20.2184 13.3872 25.0935 16.6602 14.5399 15.3008 17.1353
threshold=280.46733093261724 -13.882347106933592 1.4752626419067385 -27.64705657958984 -29.8105936050415 266.81466674804693 0.37940952181816107 179.38448333740237 1.7712981104850771 -0.86713838577270497 -0.57820284366607655 95.494766235351577 -0.51488128304481495 12.870986938476564 9.7191252708435076 6.3255643844604501 3.5488939285278325 255.59030914306643 7.5596590042114267 0.8994269371032716 31.095352172851566 257.70365905761724 104.87500000000001 273.18446350097662 138.34800720214847 1089.1666564941409 282.83143615722662 283.05374145507818 0.26878702640533453 16.19577789306641 -0.4372642040252685 -0.32840815186500544 0.16210174560546878 1.8261108398437502 271.44154357910162 0.8446832299232484 -1.1467094421386717 19.443771362304691 10.445433616638185 -4.1660046577453604 248.2853927612305 -21.360822677612301 -33.419122695922844 260.43936157226568 278.77998352050787 270.99128723144537 -32.602762222290032 -17.88234710693359 0.72699689865112316 -27.026869773864743 545.16665649414074 8.7618961334228533 13.522566795349123 625.08334350585949 22.1867790222168 -1.7070164084434507 218.3474044799805 0.074240803718566908 -29.985479354858395 14.460176944732668 4.1753752231597909 0.64705657958984386
decision_type=2 2 2 2 2 2 2 2 2 2 2 2 2 2 2 2 2 2 2 2 2 2 2 2 2 2 2 2 2 2 2 2 2 2 2 2 2 2 2 2 2 2 2 2 2 2 2 2 2 2 2 2 2 2 2 2 2 2 2 2 2 2
left_child=1 2 3 -1 5 -5 45 -8 -6 -7 -3 12 14 17 15 -12 -17 18 30 26 23 22 -22 25 -24 -21 35 28 -28 -23 -14 32 -11 -33 -35 54 37 -37 -39 40 -40 42 -42 -15 -45 48 50 49 -4 -48 -47 -52 -53 -54 56 -56 57 59 -59 60 61 -19
right_child=-2 10 6 4 8 9 7 -9 -10 31 11 -13 13 43 -16 16 -18 19 -20 20 21 29 24 -25 -26 -27 27 -29 -30 -31 -32 33 -34 34 -36 36 -38 38 39 -41 41 -43 -44 44 -46 46 47 -49 -50 -51 51 52 53 -55 55 -57 -58 58 -60 -61 -62 -63
leaf_value=-0.028317384002751023 -0.042848446549133223 -0.016292167198249902 0.29776355042334579 0.30473104958787489 -0.029056363516011919 0.036753066457287563 -0.041194104268065412 0.2988447618034108 0.24393571766576772 0.24831782627239549 0.022950229370896226 -0.032116709323527469 -0.038811346015031258 -0.018676531236501127 -0.051584778815222915 0.19789881168087339 0.022244096708222416 0.0025682772624379814 -0.046903152817050708 -0.040914054661687606 0.10829358796267906 -0.038427769784101971 -0.018478092023305744 0.089252349392116237 0.07254965541579099 0.023338111381269344 0.046449555334956601 0.011225747379571452 0.25259663861032816 0.13115820965922004 0.017841106418747643 0.10879991117756704 0.0020290429703746322 0.12245737007677966 0.5855885535765325 -0.020497210956251039 -0.0098453072051987445 -0.055839959610547524 0.035622946755312822 0.27013277115799572 0.20039802818637587 0.39298277938248244 -0.0074490779417375197 0.21555295864467272 -0.016057286246096758 -0.010559233865889103 -0.026638714174336803 0.40213629158626579 -0.030114922633855706 0.20547048044807756 -0.036214904893223814 0.22134917221684314 0.18518708374226189 0.018561157972703479 -0.035153040659849352 0.0021531626373454227 0.00017317065361097326 -0.023635775181422805 0.031786991259709518 -0.036104829747014157 -0.051814728778212173 0.03343644247599082
leaf_weight=18.189692829328123 279.22256376419682 73.512398583465256 0.2870346168638197 0.97582150809467449 11.626061367336657 11.122632652404723 72.282557790924329 0.42933747288770874 0.50884807400871146 0.99624579516239498 79.39371025073342 22.365862171107437 9.0028613117756304 98.998646215477493 5.7655928076710543 2.5351556631503618 2.5087094961199909 224.50187265174463 9.4891725792549533 73.290039019659162 10.600084337173032 17.705263855750676 8.4022994786500949 2.449795846710912 8.0990645410492998 8.8877851720899326 2.0007073758169995 4.585004931082949 1.6411046929424626 1.093344987661111 301.16745207202621 2.1442173822433648 2.8204587321961299 0.5752865978865882 0.54985380289144814 6.3694712549913701 16.779084784910083 2.1790748736821106 5.7073296417947841 1.5305335038574401 1.743192188907414 1.6861141864210365 2.3027862374437977 1.4462529952288594 2.8747947761439718 69.418077716371045 2.1071561634889813 0.66156421834602852 47.287501202721614 0.7634751492878421 3.5614361051702854 1.2346104067401027 1.246670472610276 3.7945236969389953 45.719940007431433 176.61178778670728 456.43219569692155 14.799427315359933 161.84154014708474 21.502525533200242 10.830740568460895 56.216048080474138
leaf_count=15777 459344 5098 104 222 4486 3733 64872 74 116 132 3471 5018 356 10361 1079 253 138 4730 786 13592 258 3574 432 343 117 306 256 368 197 229 7414 368 945 191 206 910 219 412 897 129 121 181 371 221 986 48581 1092 183 32854 159 1874 158 284 1135 7664 2682 69996 480 3315 975 198 547
internal_value=-0.00284179 0.00221938 -0.0128762 0.0172942 0.0437845 0.0826181 -0.0202317 -0.0391863 -0.0176091 0.0707149 0.00417013 0.00496981 0.00541608 0.00451494 0.0230834 0.0281819 0.110532 0.00574596 0.0143236 0.00370812 -0.0117159 0.0227293 0.0583086 -0.0303981 0.0261994 -0.033965 0.00536515 0.0679412 0.139345 -0.0285645 0.0161967 0.124023 0.066316 0.191391 0.348789 0.00493855 0.03118 0.0631696 0.0983477 0.124253 0.104735 0.173548 0.0821009 -0.0153249 0.0614626 -0.00965935 0.000958815 0.103839 -0.0281367 0.0350932 -0.00362626 0.0452974 0.0915545 0.0597672 0.00407845 -0.00551843 0.00633364 0.0120757 0.0271435 0.00357357 0.00649996 0.00874988
internal_weight=2486.37 2207.15 252.583 49.5091 31.3194 19.1845 203.074 72.7119 12.1349 18.2087 1954.57 1881.06 1858.69 1768.49 90.2032 84.4376 5.04387 1665.17 319.659 1345.51 130.528 45.9001 27.1014 84.6276 16.5014 82.1778 1214.98 8.22682 3.64181 18.7986 310.17 7.08606 3.8167 3.26936 1.12514 1206.75 38.2976 21.5185 15.149 12.97 11.4394 5.73209 4.04598 103.32 4.32105 130.362 82.7875 3.5322 47.5745 2.87063 79.2553 9.83724 6.2758 5.04119 1168.46 222.332 946.124 489.692 176.641 313.051 291.549 280.718
internal_count=785570 326226 177546 26176 10399 5797 151370 64946 4602 5575 148680 143582 138564 133623 4941 3862 391 122055 8556 113499 18851 4610 807 14241 549 13898 94648 821 453 3803 7770 1842 1077 765 397 93827 3240 3021 2111 1699 1570 673 492 11568 1207 86424 53466 1434 32958 1251 52032 3451 1577 1419 90587 10346 80241 10245 3795 6450 5475 5277
is_linear=0
shrinkage=0.05


Tree=43
num_leaves=63
num_cat=0
split_feature=15 38 34 53 53 49 24 32 23 46 51 43 44 36 36 34 36 54 46 43 15 49 49 48 13 48 46 48 51 52 29 10 48 34 50 49 36 48 49 50 45 51 48 25 43 49 11 48 43 45 45 48 50 11 33 40 49 41 29 22 54 52
split_gain=193.703 17.6184 16.1912 16.8851 20.8149 22.3784 12.0911 20.3238 16.3793 11.4997 10.2824 11.2639 12.9733 10.4344 18.6062 13.4574 13.0435 12.5886 19.4755 11.9617 13.9617 11.3416 28.0196 18.7449 14.935 12.8283 16.2614 12.7082 12.5618 13.3217 12.2769 16.4898 16.4628 12.0674 11.9281 11.6786 11.5163 34.8707 12.7058 12.3692 13.4487 11.2449 13.5662 13.3909 11.2191 10.7351 10.4555 10.4459 18.7464 15.9843 12.8032 10.3538 18.8227 10.2274 25.0691 31.6599 10.0629 16.7652 48.1123 24.5936 21.4545 26.9937
threshold=-35.266548156738274 -17.529411315917965 12.398332595825197 545.16665649414074 625.08334350585949 271.58435058593756 1.3915271759033205 1.818560838699341 -44.897481918334954 -1.2810339927673338 121.70398330688478 8.5010833740234393 -1.587806701660156 199.11765289306643 203.82353210449222 7.9480807781219491 197.35294342041018 0.12940952181816109 4.0758953094482431 8.5010833740234393 -0.98665618896484364 258.11538696289068 270.38075256347662 0.81332153081893932 1.0000000180025095e-35 -0.66743496060371388 3.6981229782104497 -0.53677642345428456 11.558351993560793 4.1083009243011483 28.935934066772464 218.88860321044925 0.34327137470245367 0.99120408296585094 31.370969772338871 283.74044799804693 210.88235473632815 0.69629311561584484 247.43756103515628 106.65961074829103 -0.54916954040527333 5.811803102493287 0.26878702640533453 6.3978796005249032 8.1137008666992205 288.47418212890631 219.40641784667972 0.75721126794815075 1.5578002929687502 5.4371147155761728 -1.6712522506713865 -0.52717256546020497 31.999527931213382 243.11967468261722 38.294046401977546 23.627441406250004 276.75975036621099 7.5751628875732431 4.0870494842529306 -22.085918426513668 -0.37940952181816096 17.470466613769535
decision_type=2 2 2 2 2 2 2 2 2 2 2 2 2 2 2 2 2 2 2 2 2 2 2 2 2 2 2 2 2 2 2 2 2 2 2 2 2 2 2 2 2 2 2 2 2 2 2 2 2 2 2 2 2 2 2 2 2 2 2 2 2 2
left_child=2 6 -1 -4 5 -5 7 8 -2 -10 13 -12 -13 16 15 -15 -3 -17 -19 21 -21 30 23 25 27 26 -23 33 -27 34 31 32 -16 -24 -30 51 37 -32 -38 40 46 45 -43 -44 47 -37 -40 -31 49 -49 -50 52 -29 -25 -55 -56 -53 58 59 -58 61 -59
right_child=1 10 3 4 -6 -7 -8 -9 9 -11 11 12 -14 14 19 17 -18 18 -20 20 -22 22 24 53 -26 28 -28 35 29 44 36 -33 -34 -35 -36 41 38 -39 39 -41 -42 42 43 -45 -46 -47 -48 48 50 -51 -52 56 -54 54 55 -57 57 60 -60 -61 -62 -63
leaf_value=-0.043886631203571502 0.21166926847529144 0.0051617531725542268 -0.023615790926729042 0.52612680101878351 0.0092313429882170898 0.10768391487102787 -0.022401404928170457 0.31550903326127044 0.18510999071144929 -0.0042956084426480877 -0.053067391870026903 -0.035842208755019547 0.16929957299731113 0.071405804029237518 0.013776182112798647 -0.011105469697816148 -0.028510018457228614 0.076753947028166083 0.0026640779257107823 -0.0040147933964392278 -0.061570798184328417 -0.017376902760037935 0.039325660371284335 -0.043604690706054751 -0.03920784442868519 -0.014542217716132242 0.2199198360658822 0.12941934326618074 0.14610897652118515 -0.0012205970382837372 -0.040253023728383602 0.011948531380130158 0.06709767267227601 -0.023947989901128893 0.015551757317047955 0.013192738781193465 0.048466837020717475 0.052836289950501519 0.10801055031177856 0.024668524237805182 -0.029686565622138946 -0.027475165732491653 0.11501558523918452 0.0051281909131839836 0.086875271235190704 0.11650933360270579 -0.0070779663285217703 -0.042293765904466728 0.050154620394513322 0.11580414730385875 0.29635724268374042 0.012525387565349677 -0.0096278900702363342 -0.013551130178189527 0.50465982329061287 -0.050198736163416614 0.089781165292203424 0.0063643175535753899 0.2105441635892861 -0.013764704467036371 -0.030833636395893916 0.083733119434353562
leaf_weight=274.56299380963901 0.9510811958462061 61.248835191130638 39.64850907435175 0.43308379896916349 4.3985099676647224 1.2184950496884992 110.62953570199898 0.54460061551071604 0.82402536366135493 29.164578784140755 14.479072830872612 1.8165728224557827 1.338614277774467 15.223754881881176 28.147700792877004 22.08457325398922 54.22242933139205 16.50016852049157 19.180015932768583 221.12497954181163 11.063664803747086 1.4225419558351853 9.3132002379279566 45.179574328940362 14.441011218354104 152.29876004316611 1.4659568318165836 5.6452516058925521 3.0040397223201571 316.70128221000778 15.289767436916007 285.96403868519701 29.802242797100917 39.475734185893089 4.1891029199468903 8.2158123224508 8.7309106327593309 29.412096011918038 3.2205357849597913 16.661506965523586 71.562813084572554 41.316082060046028 2.9943702415330327 37.398853419173975 3.7854285965440786 3.6229478747118256 5.096162537462078 4.5266269530984555 0.97800897032721001 2.4717459886451252 1.1477240816457195 254.18306758994004 4.2784550747601315 16.400622404878963 0.54033415263984241 0.49043935362715274 10.769732244312767 30.709549112361856 4.6768451910465947 12.265422456897795 16.771385071566328 17.81322632485535
leaf_count=456585 160 297 52494 151 2927 565 80026 103 112 16948 3688 420 50 79 368 231 282 364 453 24830 97 321 485 10346 147 18375 165 237 232 33012 359 16920 312 4869 263 668 60 330 92 359 2511 4095 309 2642 396 214 544 945 321 370 114 23430 245 8455 210 264 1233 2204 205 1097 4650 1334
internal_value=-0.0030308 0.00239004 -0.0393001 -0.0117434 0.0660608 0.21741 -0.0146211 0.0127174 0.00738761 0.000908869 0.0035984 -0.0344131 0.0511909 0.00393642 0.00483828 0.0295849 -0.0106497 0.0185631 0.0369267 0.00383179 -0.00675731 0.00540546 0.00250917 -0.00528482 0.0109206 -0.00200562 0.103055 0.01237 -0.00262608 0.00276226 0.0116714 0.0168771 0.0411981 -0.0118698 0.0700758 0.0149942 -0.000266258 0.0209961 -0.00929496 -0.0145188 -0.0226926 -0.000732053 -0.0073306 0.0132742 0.00129326 0.0448101 0.0374886 0.000298975 0.0530439 0.0135446 0.183084 0.0191139 0.0694712 -0.0310524 0.00148115 0.24066 0.0176745 0.0317468 0.0643321 0.0346466 0.0179171 0.0347672
internal_weight=2463.04 2142.78 320.262 45.6986 6.05009 1.65158 142.114 31.4843 30.9397 29.9886 2000.66 17.6343 3.15519 1983.03 1867.56 72.9885 115.471 57.7648 35.6802 1794.57 232.189 1562.38 1068.49 554.602 513.891 491.991 2.8885 499.45 489.103 336.804 493.888 343.914 57.9499 48.7889 7.19314 450.661 149.974 44.7019 105.272 96.541 79.8795 93.5481 81.7093 40.3932 329.611 11.8388 8.3167 325.825 9.12411 6.99837 2.12573 357.113 9.92371 62.611 17.4314 1.03077 347.189 93.0062 27.712 23.0352 65.2942 48.5228
internal_count=784570 271848 512722 56137 3643 716 97349 17323 17220 17060 174499 4158 470 170341 169762 1127 579 1048 817 168635 24927 143708 121853 73789 48064 54514 486 47917 54028 35653 21855 17600 680 5354 495 42563 4255 689 3566 3506 3147 7928 7046 2951 35158 882 636 34762 1750 1315 435 34635 482 19275 8929 474 34153 10723 2535 2330 8188 3538
is_linear=0
shrinkage=0.05


Tree=44
num_leaves=63
num_cat=0
split_feature=17 36 52 17 41 49 52 0 7 47 54 52 41 55 4 23 17 23 12 22 52 52 36 36 36 3 38 50 23 50 40 24 2 49 40 54 32 46 50 40 14 17 46 45 36 50 21 41 45 46 27 28 40 1 12 23 31 28 52 12 40 23
split_gain=188.418 20.9807 16.6859 18.1783 30.7167 16.171 21.2859 14.0756 25.3715 37.6248 12.9922 12.9426 12.5756 14.4562 16.8225 17.4973 13.2062 13.1561 27.2118 28.4462 11.3814 17.0324 17.9092 15.4762 15.5148 17.8106 15.5954 14.3455 14.6862 13.6612 12.8429 12.4155 17.3893 12.4761 12.9433 19.887 19.1103 12.3506 11.8012 13.6185 13.5845 15.0709 15.2362 12.2171 17.0423 12.3236 11.4013 11.3967 13.1475 13.0642 11.206 11.2318 19.1453 16.4538 14.8809 11.1733 12.6548 11.0402 11.8527 11.0209 10.9864 10.8663
threshold=-29.824495315551754 277.35295104980474 0.70361298322677623 -9.5348014831542951 2.8278938531875615 287.97227478027349 179.38448333740237 284.53353881835943 283.95672607421881 -0.15026307106018064 0.37940952181816107 83.907512664794936 18.908981323242191 0.12940952181816107 255.12916564941409 -30.056818008422848 -15.929212570190428 -39.58918380737304 -45.724412918090813 -44.700094223022454 9.6042642593383807 10.639651775360109 199.11765289306643 203.82353210449222 207.94117736816409 211.90188598632815 0.64705657958984386 54.288368225097663 -16.345941543579098 16.048417091369632 36.490203857421882 42.279247283935554 212.75080871582034 286.08425903320318 25.823532104492191 0.12940952181816109 38.475431442260749 7.1175088882446298 68.492107391357436 -1.1764755249023435 -11.062812805175779 -0.37291717529296869 -0.72486877441406239 0.82788372039794933 214.41176605224612 21.595465660095218 -40.502794265747063 36.865652084350593 -0.99540519714355458 -4.3344783782958975 0.90296936035156261 2.8565769195556645 1.8235168457031252 233.83724212646487 -6.3895492553710929 -17.974797248840328 19.417458534240726 6.315718650817872 49.095659255981452 -24.572624206542965 -1.8235321044921873 -41.563224792480462
decision_type=2 2 2 2 2 2 2 2 2 2 2 2 2 2 2 2 2 2 2 2 2 2 2 2 2 2 2 2 2 2 2 2 2 2 2 2 2 2 2 2 2 2 2 2 2 2 2 2 2 2 2 2 2 2 2 2 2 2 2 2 2 2
left_child=1 5 -2 4 -4 6 -1 8 -7 -10 12 20 13 14 -6 17 -15 18 -16 -20 27 -22 -23 -24 25 37 31 29 -29 30 60 32 -26 34 36 47 38 -25 39 -34 -41 42 55 44 -43 -45 -40 -36 49 -49 -44 -52 53 54 -53 -42 -57 -54 -59 -48 -5 -9
right_child=2 -3 3 11 10 7 -8 61 9 -11 -12 -13 -14 16 15 -17 -18 -19 19 -21 21 22 23 24 26 -27 -28 28 -30 -31 -32 -33 33 -35 35 -37 -38 -39 46 40 41 43 50 45 -46 -47 59 48 -50 -51 51 52 57 -55 -56 56 -58 58 -60 -61 -62 -63
leaf_value=-0.031577378424238051 0.045595734346607492 -0.047859719752820905 0.016357926526836913 0.035284401207139479 -0.011240369344151797 0.035387154947884837 0.34278812919677493 -0.043548744577422527 0.052643302937495431 0.75990073571775274 -0.034121302597826766 -0.03150875875070315 -0.031186337947164123 -0.038293599151344969 -0.015362256233230585 0.15673985123894618 0.0015728232309684096 -0.032585522422677191 0.3542285992351048 0.081652528765700338 0.028093971306964085 -0.020382359723709189 0.035624251058175793 0.01557322706337794 -0.013755631543900465 -0.044042522975253129 0.061916198307852714 -0.026179170200373775 0.025456381498102261 -0.015757157122507564 0.036065677285094681 0.04755911610077268 -0.010689966771915839 -0.023010860147651978 -0.045346072021849849 0.032231009530493591 0.12550393254629574 -0.039545881859307991 0.10779213312461855 0.038598638731778122 -0.037763177353078943 0.024700297730745682 0.067036597419494484 0.056414898927594263 0.091540901410972528 0.00069792167530308103 -0.039389872840970369 -0.018390789470027574 -0.024494519379411564 0.085730891311040627 -0.027655049222669453 0.11501274557957636 -0.023040948137858681 -0.020106613913078782 0.034551064867836684 0.067078030555679624 0.0077133588403061424 0.0046547316223935443 0.14549632054791448 0.0036784162713088108 -0.004054475471320102 0.24659606783950516
leaf_weight=83.669031778292265 22.706480567750987 207.34877164452337 96.003214528085664 19.149722973583266 21.484997262712568 11.013673219073098 0.3814311011810777 7.5706198127008983 0.48178412753622979 0.30842451518401581 76.045018099946901 24.499158352438826 49.159092950576451 33.356739459966775 7.1610377773176923 3.2847790291998527 55.065745319589041 5.6565792793408045 1.0998991929227484 7.3760576206259412 95.516835288261063 60.417728461325169 47.101557671558112 44.122934053186327 93.796865980839357 31.251627158373594 13.339924973901359 16.61218804877717 80.503019077354111 170.24404460552614 25.398149430635385 18.879917615209706 42.657254229183309 29.20553027105052 28.716775126173161 23.069878359790891 3.7351734961848697 13.204434326849876 2.4738672418752676 72.878542304271832 4.5600639042677349 21.885290357517079 6.7808045975398263 13.785213290946556 16.901148987933993 35.434693664545193 16.36265754525084 5.4516216996125877 24.295658979914151 6.7336449268041161 28.225358936120756 7.5383618151536202 44.701536981272511 9.9188972930423898 24.172534555662427 24.155133896158077 14.286852401448412 100.92384549649432 1.5162523498293001 161.09962530026678 242.48111383337528 0.33706223487388154
leaf_count=101745 1298 399580 24856 380 9128 5625 136 8710 287 223 52422 4168 28231 23960 5240 577 13633 3379 297 2138 5361 300 705 746 1571 349 105 1567 3443 10375 306 319 1256 2287 2086 1719 136 187 346 10229 347 300 115 323 311 852 1710 182 665 263 1086 251 2304 482 581 1463 1168 15121 211 12219 16604 289
internal_value=-0.00230968 -0.0386745 0.00296126 0.00250541 -0.00780802 -0.0203195 -0.0298785 0.02044 0.0550223 0.328691 -0.0167418 0.00458033 -0.00954516 -0.00163458 0.0210778 0.0493285 -0.0134665 0.032759 0.056397 0.117024 0.00508745 0.00784584 0.00607731 0.00762463 0.00628716 -0.0136764 0.00825751 -0.000828996 0.0166238 -0.0045356 0.00212018 0.00744791 0.00657269 0.00904426 0.0103055 -0.00766665 0.0127312 0.00287743 0.0120834 0.0162497 0.0189368 0.0148979 0.0089791 0.0328402 0.053826 0.0163028 0.00119338 -0.0217842 -0.003237 0.0391474 0.00374105 0.00176317 0.00616182 0.0360982 0.0536785 0.0362372 0.0450153 -0.00230787 0.00673938 -0.000292634 -0.00117512 -0.0311814
internal_weight=2457.5 311.111 2146.39 2123.68 355.693 103.762 84.0505 19.7116 11.8039 0.790209 259.69 1767.99 183.645 134.486 46.0634 24.5784 88.4225 21.2936 15.637 8.47596 1743.49 1189.1 1093.58 1033.16 986.062 88.579 897.483 554.388 97.1152 457.273 287.029 884.143 865.263 771.466 742.261 88.2676 653.993 57.3274 650.258 470.322 427.665 354.786 266.78 88.0063 38.7864 49.2199 179.936 65.1977 36.4809 12.1853 223.778 216.997 188.771 41.6298 31.7109 43.0021 38.442 147.142 102.44 177.462 261.631 7.90768
internal_count=786253 516595 269658 268360 163861 117015 101881 15134 6135 510 139005 104499 86583 58352 20759 11631 37593 11054 7675 2435 100331 67656 62295 61995 61290 1282 60008 32675 5010 27665 17290 59903 59584 58013 55726 4915 50811 933 50675 36400 35144 24915 23129 1786 611 1175 14275 3196 1110 445 20151 20036 18950 1314 832 2978 2631 17636 15332 13929 16984 8999
is_linear=0
shrinkage=0.05


Tree=45
num_leaves=63
num_cat=0
split_feature=38 36 54 47 0 19 5 38 52 17 47 40 35 34 53 28 40 50 17 38 19 17 38 53 41 19 50 5 47 48 2 37 37 50 43 50 43 52 43 16 2 15 52 53 50 11 45 0 37 12 17 24 48 16 48 50 48 44 46 47 54 52
split_gain=179.173 20.0965 16.7241 18.9274 17.3133 19.4852 16.68 15.8568 14.7988 14.0881 14.8832 17.6836 17.4531 12.8022 12.7341 18.9941 17.2356 12.5767 13.2247 12.189 12.0151 11.9542 26.2655 10.6808 25.7804 10.1875 14.409 15.4925 15.102 10.6074 10.089 10.0232 10.8368 18.6503 12.5522 10.0192 17.2638 23.2864 28.3648 33.7424 53.3427 11.028 9.75 9.34202 9.22725 9.02873 36.6866 9.51441 10.248 15.7983 16.5364 16.0092 14.5949 18.1704 24.6366 8.8578 8.63459 8.33136 8.36306 8.23014 11.0027 12.33
threshold=-32.647064208984368 233.23529815673831 0.37940952181816107 -3.4302330017089839 263.92864990234381 -29.921884536743161 225.14548492431643 -7.5882339477539054 88.222122192382827 -29.145763397216793 0.25504994392395025 -3.1176452636718746 8.047699451446535 8.9946470260620135 40.062500000000007 0.2158002853393555 -0.52941894531249989 22.166105270385746 -1.8849182128906248 -31.764701843261715 -27.677809715270993 -25.871702194213864 -22.999999999999996 789.00000000000011 0.94020870327949535 -35.031709671020501 12.700901985168459 242.70412445068362 -1.8239588737487791 0.28312796354293829 267.28131103515631 264.89834594726568 244.07044982910159 15.231942176818849 7.7245178222656259 31.999527931213382 0.78359985351562511 12.678656578063967 1.5024719238281252 -29.127658843994137 267.81488037109381 -25.388290405273434 1.5152348875999453 -24.833333015441891 106.65961074829103 293.08761596679693 -0.15515065193176267 285.01528930664068 278.07189941406256 -40.445178985595696 -35.432252883911126 0.50056791305542003 0.42884278297424322 -40.818233489990227 0.66979008913040172 189.46730041503909 -0.52717256546020497 -16.738119125366207 0.5629873275756837 -5.9632201194763175 0.37940952181816107 9.0198855400085467
decision_type=2 2 2 2 2 2 2 2 2 2 2 2 2 2 2 2 2 2 2 2 2 2 2 2 2 2 2 2 2 2 2 2 2 2 2 2 2 2 2 2 2 2 2 2 2 2 2 2 2 2 2 2 2 2 2 2 2 2 2 2 2 2
left_child=9 8 3 6 -5 17 -3 23 25 -1 11 -11 -13 -14 15 56 -17 -6 35 -8 -18 22 -16 -4 -25 26 27 -2 -29 -28 42 32 -9 -34 -35 36 -19 41 -39 -40 -41 -38 -27 -44 -15 47 -47 48 -37 51 -51 -50 -53 -54 -55 -31 -7 -56 -59 60 -45 -62
right_child=1 2 7 4 5 14 19 31 -10 10 -12 12 13 44 21 16 20 18 -20 -21 -22 -23 -24 24 -26 30 29 28 -30 55 -32 -33 33 34 -36 45 37 38 39 40 -42 -43 43 59 -46 46 -48 -49 49 50 -52 52 53 54 57 -57 -58 58 -60 -61 61 -63
leaf_value=-0.044032822430042161 -0.0028021899772362104 0.14439482973692494 -0.030403678355911935 -0.0086319943356185265 -0.018745201368494707 0.097266334956263134 0.26952461462548644 -0.050560846053517405 -0.039650340398124519 0.4283366460318197 -0.029808601569296392 -0.050141144670264162 0.35441119289561757 -0.014166480529798024 -0.050099994345767576 0.33992315064126294 -0.010217933451778479 -0.0032643274440286099 0.15758846449390551 -0.044168952927417904 0.18018830274632991 0.019403270448282255 0.39617708614131386 0.21772154373540376 -0.013635792176309997 0.033686776683571007 -0.049931676944434539 0.033531872583590437 0.26957030450628588 -0.005982309775732348 0.075610178604964107 -0.039953066473917845 0.17268195502164271 0.00035550527377362345 0.11873550880655354 -0.0010226597079548792 -0.050142720539069069 0.55404096115177448 -0.050074870786103155 0.011932369240897687 0.5935244284887109 0.15518230034000172 -0.035041661260333028 0.012713237384040425 0.16438827505345421 -0.050048150235167566 0.81285671015621785 -0.033997976507238563 0.29687441065060788 0.3036569635391333 -0.016193971248254543 -0.0076454680870329033 0.39470439696456106 0.31425331640980603 0.19790513390073691 0.15014759873146016 -0.032327983471465385 0.19714929035911832 -0.050452791018060633 0.0052686187371137096 0.12265848349638775 0.028852232311126214
leaf_weight=240.63175420442712 6.5688212376553548 1.256945596076547 120.37801930506248 122.47319384635193 32.551873728516512 2.5388078184332699 0.3126363996998397 3.0603237581672209 17.867084716737736 0.31332119135186065 13.98749259742908 2.7588862841948893 0.49420190096134353 1.385274062107783 0.65315185725921765 1.13612504908815 1.2335298084071835 6.2092658091569302 1.663978463038801 32.616368788934778 2.5234693351667379 18.624760759121273 0.6657600945909532 1.4796696122502897 6.4653901933925226 32.379485060228035 24.629770831554197 1.5213332769344563 1.2219542411039581 12.197337325138502 5.3003792221425092 5.8025262646260662 2.6670721865957594 9.8444569180719537 2.8985798794892608 35.019853773061186 2.0927971345372502 0.49639115179888937 1.2477142528514382 0.80183517636032731 0.77562467777170241 0.95120035315630946 13.7625140795717 114.28149534889963 1.5147092737024648 0.42357786011416465 0.17368057317798857 12.318703912373165 0.86330989905400457 0.42387596709886466 8.6599544957862218 3.4529424107167852 0.56110823346534733 0.95657909166766319 0.57268788595683862 0.98153819394065145 2.6032633510185423 0.40268638799898404 2.2274476088350639 1488.5602584313019 4.903177710715684 12.266949111362917
leaf_count=456446 946 114 84215 42586 20344 179 329 1017 3458 197 9327 2512 348 1104 429 114 504 3640 92 22177 401 3248 100 357 2236 1147 2823 378 94 2868 123 377 338 825 187 15846 1814 336 1220 363 178 197 1132 5682 117 556 94 9172 336 258 4077 1991 346 287 53 117 450 121 1138 73898 209 470
internal_value=-0.00149564 0.00317498 -0.00621527 0.000649369 0.00516152 0.0169895 -0.0343671 -0.0196878 0.00561972 -0.0406466 -0.000809024 0.0619201 0.0432618 0.119182 0.0528202 0.0987597 0.169276 0.00747069 0.0180987 -0.0411907 0.117673 0.0297045 0.175172 -0.0266978 0.0294517 0.00609037 -0.0168374 0.038875 0.138671 -0.0305591 0.00673674 0.0173715 0.0353802 0.0524473 0.0272827 0.0151468 0.0560535 0.113915 0.205464 0.144218 0.297897 0.0140181 0.00651764 0.00597918 0.0790956 0.00735961 0.200881 0.00559389 0.0147718 0.0452963 -0.00126887 0.092104 0.0704754 0.127619 0.0915888 0.00564596 0.0316569 0.0250861 -0.0125437 0.00632766 0.0183203 0.05564
internal_weight=2449.61 2188.52 452.081 299.485 265.299 142.826 34.186 152.596 1736.44 261.086 20.4539 6.46639 6.15307 3.39419 29.9789 10.0352 4.89312 112.847 80.2952 32.929 3.757 19.9437 1.31891 128.323 7.94506 1718.58 47.1208 9.31211 2.74329 37.8086 1671.45 24.273 18.4704 15.4101 12.743 78.6312 12.5748 6.36556 3.32157 2.82517 1.57746 3.044 1666.15 1633.77 2.89998 66.0564 0.597258 65.4591 53.1404 18.1206 9.08383 9.03676 8.17345 4.72051 4.1594 13.1789 5.14207 3.20282 2.63013 1620.01 131.452 17.1701
internal_count=786038 315987 222642 133090 110470 67884 22620 89552 93345 470051 13605 4278 4081 1569 5425 1648 1019 62459 42115 22506 905 3777 529 86808 2593 89887 7226 1418 472 5808 82661 2744 2367 1350 1012 42023 7748 4108 2097 1761 541 2011 82538 81391 1221 34275 650 33625 24453 8607 4335 4272 3936 1945 1599 2985 629 1312 1259 80259 6361 679
is_linear=0
shrinkage=0.05


Tree=46
num_leaves=63
num_cat=0
split_feature=3 17 49 40 17 23 47 47 52 27 47 36 42 13 22 44 40 47 43 39 41 50 24 49 51 53 23 51 49 23 40 44 49 27 53 48 36 26 50 27 49 47 11 24 29 46 50 53 50 42 42 5 51 5 53 49 49 17 36 47 36 53
split_gain=171.477 20.2762 17.6573 17.6014 15.0444 17.1675 42.9581 68.2646 14.4289 12.9644 12.6764 17.4917 13.642 11.7263 10.3699 20.4157 17.0541 11.8405 15.1427 14.941 11.7704 26.9558 14.5326 10.2023 21.2391 20.3114 24.8628 12.5702 13.7126 19.2193 13.4662 10.5928 9.99569 12.1361 12.9766 15.0834 12.6655 10.109 9.61215 10.1246 9.62393 31.6406 9.56321 13.332 10.4504 10.0094 9.41152 18.2645 12.1619 11.6024 13.6473 11.9859 9.40589 16.365 8.82952 8.72022 8.43439 17.9062 16.2014 21.6267 15.8041 17.256
threshold=281.53987121582037 -11.373033523559569 280.13768005371099 0.74509429931640636 -30.848306655883786 -44.897481918334954 0.018101312220096592 0.36737355589866644 88.222122192382827 -2.5067682266235347 -2.5949630737304683 225.58824157714847 1.239433288574219 -45.673078536987298 -46.006879806518548 -2.4237327575683589 3.6666641235351567 -1.8239588737487791 -0.33918762207031244 -27.450980186462399 9.4921312332153338 10.248815059661867 1.7265586853027346 281.83038330078131 17.234898567199711 35.250000000000007 -32.718540191650384 49.556632995605476 288.47418212890631 -32.355838775634759 11.980407714843752 -6.8961849212646475 255.59030914306643 1.4092741012573244 552.16665649414074 -0.3497984111309051 216.17646789550784 6.6484184265136728 82.059875488281264 5.78342628479004 255.32789611816409 0.51882392168045055 228.57014465332034 5.0899066925048837 8.9260959625244158 1.8052744865417483 50.510183334350593 90.055557250976577 6.9124355316162118 3.0006256103515629 -0.083801269531249986 211.81697845458987 58.513553619384773 248.351921081543 1193.0000000000002 288.72994995117193 269.27120971679693 0.44061279296875006 199.11765289306643 4.4638051986694345 209.11765289306643 329.66667175292974
decision_type=2 2 2 2 2 2 2 2 2 2 2 2 2 2 2 2 2 2 2 2 2 2 2 2 2 2 2 2 2 2 2 2 2 2 2 2 2 2 2 2 2 2 2 2 2 2 2 2 2 2 2 2 2 2 2 2 2 2 2 2 2 2
left_child=1 2 3 4 -1 6 -6 -8 9 -3 -4 -12 52 -14 15 20 -17 18 -16 -20 21 -15 -23 24 25 26 -19 28 -25 30 -30 -27 33 -11 35 37 -36 -35 40 -40 42 -42 46 -44 45 -45 48 -48 -37 50 51 -50 -13 -54 -7 -29 57 60 -59 -60 61 -34
right_child=-2 8 10 -5 5 54 7 -9 -10 32 11 12 13 14 17 16 -18 23 19 -21 -22 22 -24 27 -26 31 -28 55 29 -31 -32 -33 56 34 36 38 -38 -39 39 -41 41 -43 43 44 -46 -47 47 -49 49 -51 -52 -53 53 -55 -56 -57 -58 58 59 -61 -62 -63
leaf_value=-0.046549546560322841 -0.046111259070034175 -0.072149763970510081 -0.04194030413760301 -0.026511364334980633 0.00028152101450387815 0.00013485123012455267 0.97585502190096318 0.052806432242671279 -0.037760488617061445 0.063355565317919152 0.35857078461842518 -0.0325420330214099 -0.042091597129396106 0.48243494424767591 0.20371383963118717 0.11166220212793061 0.64703395034134226 0.047365212701089163 0.0023493204619096674 0.26248380154772993 -0.005977812869214779 0.26812115009462273 -0.018039906883262579 -0.03249604097847008 -0.033646820891177827 0.14143958748722021 0.50411606629472849 0.059807385457288746 0.0038062632489049468 0.28220296287716934 0.28602430441981913 -0.051147532054486348 -0.040877854216789841 -0.0534070236039128 0.087460245075369702 0.045514766045135518 0.0029168020211869307 0.017680429704028198 0.037509505953400302 -0.029919286119877819 0.016301448302677886 0.15682275710987864 -0.064110695802806747 0.058382637131610016 -0.015997193711502575 0.0004369052968922872 0.078865989640485454 0.0072064847539204877 0.046951065336938519 0.025948709289432798 -0.030654521348965437 -0.010676882924877455 0.28360617565718871 0.010326612789415672 0.065038518037625254 -0.050425870078399618 0.0073931690918698501 -0.006533450672658943 0.024362913932503501 -0.016809932436650094 -0.0026409033968953755 0.025867321350400981
leaf_weight=14.280460739391854 203.06717516473145 5.5074640810489646 11.71865641188924 157.51392867375398 1.8647628062462893 72.246760425623506 0.3407717968802898 0.48592525412095711 20.470623148663435 11.252887076698242 0.3647337662987401 22.762501050572613 6.2409733025706364 0.46895433403551612 1.9409980478230862 0.30910384599701402 0.28673745365813375 0.5118333381251432 4.0611401578062214 0.63880742405308311 3.0102122101816349 0.62292180085205506 1.5418173740908967 22.16386628444889 2.9215394600178115 2.0064658672199585 0.71295895345974603 12.921881338814272 8.1046111793548299 0.75184866721974586 0.44594223907915953 1.1084232305001935 53.595738469157368 15.682160382624717 10.475795863196256 22.117747843032703 7.6760127822635686 7.3426822517067185 7.1901876907795694 24.661423138692044 20.736144793452699 4.9650786066194987 8.1891256195958686 12.8075227313675 32.637473282986321 17.824180351453833 16.61669714236632 19.127660554135218 15.519951950758694 41.365100721362978 33.294942755484954 21.553210642887279 0.59400700038531695 7.0465318384522106 5.6498785630101329 2.0833330906461915 613.13778601045487 110.81425952166319 177.68932105437852 38.870965245645493 486.19212751288433 11.819171719718723
leaf_count=18412 425286 217 7073 125050 713 26013 125 470 4480 102 28 22046 6336 293 382 285 116 461 1599 219 852 244 1157 13853 1671 285 143 2774 3615 293 161 704 1138 497 90 261 382 229 92 777 985 271 111 339 1993 319 241 350 87 402 481 577 204 3278 362 779 38644 549 2941 791 62681 226
internal_value=-0.00211827 0.00187552 -0.00885706 -0.0162639 0.000750324 0.00913201 0.133284 0.433295 0.00398699 0.00444927 0.00735022 0.0129245 0.0117036 0.0234439 0.0295839 0.0909482 0.3693 0.0232417 0.0862265 0.0377063 0.0615619 0.138757 0.0643053 0.0154573 0.0705745 0.140738 0.313243 0.00684516 -0.0111124 0.0398362 0.018525 0.0729081 0.00467815 0.0122695 0.0105777 0.00825639 0.0517086 -0.030737 0.0112631 -0.0146979 0.0143629 0.043448 0.0112619 -0.00408062 0.00368926 0.0246648 0.0177264 0.0405193 0.0116396 0.00493396 -0.00741932 0.0134479 -0.0164295 0.0315725 0.00484234 0.0445025 0.0028922 -0.000247472 0.00901601 0.0169727 -0.00574528 -0.0288183
internal_weight=2439.92 2236.86 367.723 252.382 94.8686 80.5881 2.69146 0.826697 1869.13 1848.66 115.341 103.622 103.257 72.8544 66.6134 6.23975 0.595841 60.3736 6.64095 4.69995 5.64391 2.63369 2.16474 53.7327 7.26122 4.33968 1.22479 46.4715 31.4663 9.3024 8.55055 3.11489 1843.16 351.036 339.783 321.631 18.1518 23.0248 298.606 31.8516 266.755 25.7012 241.054 71.4583 63.2692 30.6317 169.595 35.7444 133.851 111.733 70.3681 37.0732 30.403 7.64054 77.8966 15.0052 1492.12 878.982 327.375 216.56 551.607 65.4149
internal_count=785535 360249 239996 171145 46095 27683 1308 595 120253 115773 68851 61778 61750 36222 29886 2947 401 26939 2200 1818 2546 1694 1401 24739 3264 1593 604 21475 17922 4069 3776 989 115556 8586 8484 8012 472 726 7286 869 6417 1256 5161 2762 2651 658 2399 591 1808 1547 1145 664 25528 3482 26375 3553 106970 68326 4281 3732 64045 1364
is_linear=0
shrinkage=0.05


Tree=47
num_leaves=63
num_cat=0
split_feature=3 18 54 49 29 46 3 49 10 38 48 40 37 33 52 48 53 53 50 50 49 46 51 51 40 37 47 45 3 24 18 20 40 52 46 45 33 1 38 52 18 42 28 53 54 42 50 16 50 21 47 52 18 14 51 50 40 25 41 40 8 22
split_gain=152.377 17.1289 17.4052 13.7362 18.6611 21.3568 26.1241 13.309 12.984 16.194 19.2479 17.3533 29.9254 16.0493 12.5932 11.0474 15.2807 32.4491 29.071 41.7322 13.9008 19.5598 27.4366 40.0735 13.5516 15.1699 12.5161 13.6508 15.2621 11.5104 10.5804 20.0108 10.6021 10.1945 9.76829 9.93939 11.0784 29.9841 9.79357 9.91244 11.066 12.3593 11.0951 9.06682 8.86371 16.0157 14.8162 38.9786 58.3177 14.5083 18.8293 14.1907 12.8557 10.9028 10.2994 12.0251 12.6673 25.8732 9.79584 11.0792 9.53719 14.7006
threshold=281.53987121582037 -33.906232833862298 -1.0000000180025095e-35 290.27322387695318 4.5004882812500009 3.9908370971679692 278.13160705566412 267.04945373535162 266.89743041992193 -13.529411315917967 -0.49895256757736201 -0.76470947265624989 264.89834594726568 4.6298470497131357 95.494766235351577 0.26878702640533453 27.416666984558109 37.972221374511726 26.949196815490726 44.574447631835945 269.97990417480474 1.5666089057922366 12.066792011260988 9.1248297691345233 -0.058837890624999993 256.24908447265631 0.51882392168045055 -2.8323097229003902 230.53140258789065 -0.75508594512939442 -48.778070449829094 -48.186166763305657 13.843116760253908 179.38448333740237 6.2171306610107431 6.7337503433227548 8.9921078681945819 279.31437683105474 -30.235282897949215 4.3194870948791513 -43.306182861328118 1.6417694091796877 10.943019866943361 1324.3750000000002 -0.37940952181816096 10.123611450195314 10.445433616638185 -29.127658843994137 5.0689060688018808 -33.588937759399407 -0.048317104578018182 36.042289733886726 -29.85197830200195 -16.864946365356442 62.29881668090821 48.723449707031257 1.0000000000000002 1.0669889450073244 0.51053044199943554 -1.7646942138671873 271.57748413085943 -30.629492759704586
decision_type=2 2 2 2 2 2 2 2 2 2 2 2 2 2 2 2 2 2 2 2 2 2 2 2 2 2 2 2 2 2 2 2 2 2 2 2 2 2 2 2 2 2 2 2 2 2 2 2 2 2 2 2 2 2 2 2 2 2 2 2 2 2
left_child=1 2 7 33 -5 6 -6 -1 9 10 11 12 -3 -14 -11 20 -17 18 -18 -20 21 29 23 -23 25 -22 27 28 -19 -9 -29 -32 34 43 35 36 37 -33 39 -38 -41 -42 -43 -4 51 46 47 48 -46 50 -47 54 -53 -49 55 56 57 -10 -51 -60 61 -59
right_child=-2 8 3 4 5 -7 -8 15 44 14 -12 -13 13 -15 -16 16 17 26 19 -21 24 22 -24 -25 -26 -27 -28 30 -30 -31 31 32 -34 -35 -36 -37 38 -39 -40 40 41 42 -44 -45 45 49 -48 53 -50 58 -52 52 -54 -55 -56 -57 -58 60 59 -61 -62 -63
leaf_value=-0.040708995992152788 -0.044381335282675634 -0.032567144014795886 -0.030988822525142713 -0.050439304242693078 0.069185220397765354 -0.050700383028435825 0.47404576403325765 0.15103249530233742 0.0059961874911841984 0.003850249994047122 -0.033357143291592083 -0.016516229842279507 0.27180623096546758 0.063822219795173926 -0.0381098939639627 -0.026629382068320967 0.021764355592487541 0.24648315449775504 0.64880401283964595 0.13733319362852306 0.30446760921114435 0.05129587728164945 0.02718368987634941 0.51845953003917766 -0.044435227488125444 0.0019026618609874044 -0.036390370165745957 -0.017669741569873686 -0.037514599873948673 -0.03864556862772725 0.27830955638091209 0.2981870109615245 -0.050165940135273895 0.16178815414442504 0.19656530494335239 0.21725332759105731 0.22617641522908483 -0.050395270189959297 0.00265797805679405 -0.051111322127867446 0.037579481714613124 0.080557192680380377 0.35606487151530219 0.063924672351629033 1.0938356284770885 0.030133374587938119 -0.036221863949294719 -0.052432809246420853 -0.050052132375980475 -0.044696724160024889 0.27572954908555475 0.024828047393041345 0.13956263145641809 0.14229813651052958 0.14469807162770243 -0.034939074493214935 -0.011274462677348492 0.34954638941074384 0.077091314754664658 0.00077222473628857857 0.055531160879829046 0.12216036732036009
leaf_weight=16.371192790364148 194.04705417447258 2.8238791848998508 111.45250724631478 2.0168587933876543 0.83567236328963213 0.82787488811300125 0.76155716626089998 0.92394199356203888 5.7130736089893706 1806.0354101453559 59.01724510738859 8.8287982091424038 2.1602312334580351 1.625498211418744 18.060266171756666 12.486883185571058 1.3715818957134609 0.50353140663355045 0.6427432044292799 1.0508544546610208 0.42103250685613858 0.98039349887403637 3.1503434508631472 0.86324601410888135 25.489757576870034 25.804295846290188 7.0595829418743952 4.5678699944983192 7.8195294910110533 5.9542129416076914 1.054179528786334 1.4285893609631153 2.1512840278155627 0.70564356193062749 1.347944421955616 0.92915018653729831 0.99785660550697919 1.0857810775924006 9.7262443788931598 1.719564339116914 2.7960986773832701 0.73795962170697726 0.7238985609728843 2.5742811340023755 0.21855327789671752 1.8155194380669857 21.262515338254161 2.1699363293009819 0.22730953752761707 4.4625616888515678 1.3688395626377339 4.2031389237381518 5.8249007337726635 1.0748490990372395 1.6076135411276471 8.3768787413719092 7.4345687953173174 1.245923906099051 9.1913394657312946 9.8530944907106406 1.2701108544715678 1.6549570963252338
leaf_count=12027 425551 1069 91715 1014 245 261 243 31 1025 120903 41012 4906 306 191 4465 6465 689 31 207 349 44 462 1114 189 17086 11781 3610 2490 4412 2579 246 173 1719 126 333 109 56 420 2397 935 522 257 180 496 236 446 11012 1152 239 240 287 630 625 44 148 1785 2378 313 231 1061 190 159
internal_value=-0.00187154 0.00179976 -0.010286 -0.0243335 0.0619381 0.155398 0.262222 0.00165827 0.00337672 0.00250185 -0.0203547 0.0293504 0.0906168 0.182503 0.00343481 0.00726141 0.0226126 0.0354993 0.192871 0.331443 -0.00727234 0.0415197 0.116838 0.270036 -0.0184734 0.00676017 0.0246957 0.0361681 -0.0203332 -0.0131661 0.0522365 0.0651653 0.0556623 -0.0276736 0.0662549 0.0575356 0.0498128 0.147659 0.0350824 0.080294 0.0559412 0.099174 0.216986 -0.028846 0.0220445 0.00862717 -0.0201702 0.0723063 0.510659 0.0355492 0.135706 0.0406062 0.0914729 0.0120727 0.0219236 0.0142424 0.038031 0.0751174 0.0219815 0.0376058 0.169794 0.219822
internal_weight=2440.91 2246.86 259.334 119.174 4.44196 2.4251 1.59723 140.16 1987.53 1898.55 74.4557 15.4384 6.60961 3.78573 1824.1 123.788 60.2011 47.7142 3.06518 1.6936 63.5872 11.8721 4.99398 1.84364 51.7151 26.2253 44.6491 37.5895 8.32306 6.87815 29.2664 24.6986 23.6444 114.732 21.4931 20.1451 19.216 2.51437 16.7016 6.97538 5.97752 4.25796 1.46186 114.027 88.9757 51.6445 24.9532 3.69065 0.445863 26.6914 3.18436 37.3312 10.028 3.24479 27.3031 25.6955 17.3186 9.88407 23.507 19.0444 4.17099 2.90088
internal_count=785617 360066 165013 94100 1763 749 488 70913 195053 172852 47484 6472 1566 497 125368 58886 25600 19135 1245 556 33286 4375 1765 651 28911 11825 17890 14280 4443 2610 9837 7347 7101 92337 5382 5049 4940 593 4347 1950 1894 959 437 92211 22201 14948 12683 1671 475 2265 733 7253 1255 1196 5998 5850 4065 1687 1532 1292 662 472
is_linear=0
shrinkage=0.05


Tree=48
num_leaves=63
num_cat=0
split_feature=14 36 54 49 55 24 40 49 49 40 28 41 36 23 49 52 23 12 11 53 50 46 46 19 39 37 33 19 12 46 46 52 50 45 43 54 48 53 49 33 49 12 24 55 40 48 48 48 54 40 48 41 36 50 19 52 46 42 40 51 39 36
split_gain=160.748 21.6767 14.8982 14.4525 12.4749 19.7384 19.0833 25.2547 18.7926 39.9348 16.3434 31.4097 15.9633 12.8974 16.8489 33.9951 14.7863 12.4667 16.5576 15.6164 15.4176 12.4167 12.4186 11.2347 11.2186 14.1508 18.1009 11.6224 14.187 15.0385 38.5226 11.5886 16.8035 18.7553 11.1297 21.3316 10.716 32.9121 10.6825 12.7406 23.1114 10.1365 11.6131 25.4118 16.8385 15.3696 25.2877 15.6492 18.6336 26.9659 23.4191 20.518 20.0119 21.033 20.7838 19.9284 28.239 19.6035 18.3743 15.0151 14.7175 19.9285
threshold=-40.565515518188469 233.23529815673831 0.37940952181816107 268.30914306640631 0.12940952181816107 22.778068542480472 1.8823699951171877 268.59339904785162 269.97990417480474 1.5686111450195315 19.113986968994144 23.059545516967777 246.76470184326175 -29.211380958557125 273.86521911621099 20.784212112426761 -52.370452880859368 -19.756938934326168 254.76325225830081 1324.3750000000002 19.125867843627933 4.1650476455688485 3.9145183563232426 -37.292667388916009 -43.681917190551751 288.81263732910162 6.7683396339416513 -47.022441864013665 -40.626142501831048 1.1347923278808596 0.68297958374023449 38.534135818481452 86.079395294189467 -0.46066093444824213 -11.422637939453123 -1.0000000180025095e-35 -0.66743496060371388 239.70833587646487 256.94619750976568 38.294046401977546 266.77218627929693 -37.321014404296868 10.598522186279299 0.37940952181816107 7.3725357055664071 -0.22493761777877805 -0.084319144487380968 -0.2346743047237396 -1.0000000180025095e-35 2.9215698242187504 -0.5229169726371764 8.3977231979370135 220.88235473632815 67.466682434082045 -0.98957186937332142 12.388465881347658 1.732177257537842 -4.9271392822265616 1.5686111450195315 9.8461871147155779 -4.993464231491088 220.29412078857425
decision_type=2 2 2 2 2 2 2 2 2 2 2 2 2 2 2 2 2 2 2 2 2 2 2 2 2 2 2 2 2 2 2 2 2 2 2 2 2 2 2 2 2 2 2 2 2 2 2 2 2 2 2 2 2 2 2 2 2 2 2 2 2 2
left_child=-1 41 3 36 5 10 8 -8 9 -6 12 -12 -5 16 15 -15 -14 19 -19 -4 -20 22 24 -21 25 26 -18 -28 29 30 -29 -26 33 -33 35 -10 37 -3 -38 -40 -41 -2 44 -44 45 47 -47 48 58 52 59 60 54 57 -50 -53 -57 -54 -43 -51 61 -52
right_child=1 2 17 4 6 -7 7 -9 34 -11 11 -13 13 14 -16 -17 21 18 20 23 -22 -23 -24 -25 31 -27 27 28 -30 -31 -32 32 -34 -35 -36 -37 38 -39 39 40 -42 42 43 -45 -46 46 -48 -49 49 50 51 55 53 -55 -56 56 -58 -59 -60 -61 -62 -63
leaf_value=-0.041656989010987633 -0.022594072746187778 -0.050104280024162354 -0.032672944237716071 0.0020143635076288109 0.051182310642003952 -0.026354190215961942 0.27361668272140566 -0.050188741020113087 -0.034779151201926366 0.50992450892013108 0.035013362620091353 0.49698887762771549 0.34906281604423545 0.046274278940151042 0.061732668854934183 0.47150203664367507 0.39125438020274278 -0.017726357848729987 0.1309665304691397 0.18035746154399571 0.014450679945962495 -0.041254321481203608 0.26491934741900297 -0.016542197837751332 -0.016788735725244589 -0.0053530797408063852 -0.050264750066447567 0.099621931012871451 -0.014442020075884954 0.099014777767030132 0.60450001385782248 0.38061896646114168 0.023015537082929218 0.021633750762462167 -0.0036280315799863318 0.14330879458038803 0.0089817006080510423 0.55147210482835773 -0.034884860054499436 -0.050103841548851037 0.43152809427911509 0.014207208433170297 0.0047851836504899346 -0.023267537883556653 0.056820043228205525 -0.017352015255070113 0.017092268694338265 0.062066318608607653 -0.0073489322968328542 0.06835183502785791 0.23837619733021265 -0.017355710747206779 0.16382824843281474 -0.019744022811572125 0.047620250419900076 0.0068474548405569984 0.19687595808433783 0.0454252911610687 -0.015285690250806595 -0.04227208347120958 0.061920864143325552 0.092973169036547024
leaf_weight=225.53156041973853 32.169353478471749 0.71940566296689101 101.98332149669295 32.238925510435365 4.2438242735224767 18.274792835291009 0.61691606428940104 25.181393629783997 3.0713291691499762 0.53411836276063684 1.123349549336125 0.54713239803095337 0.37499428220325981 1.0345062111737195 4.4938460038974881 0.86137016711290915 0.56347771472064589 33.623597618250642 3.9249462746665804 1.4955832687555815 10.262892133905551 4.7705047330528023 0.63327089828089711 1.4050619625486422 10.468514858890567 3.315684633795172 1.128111966216238 0.99623394079389871 1.3836963900830603 2.7914460317697376 0.60864281642716378 0.80017780297202989 4.5896117816155311 0.667231792671372 91.961905738018686 3.715833045251201 22.150393960531801 0.33241572015685961 57.739423510502093 0.62529148760950082 0.41398427332751453 135.71699896990322 934.74085704586469 88.359301080810837 19.295579757425003 116.31990912288893 98.33205467404332 16.775918797822669 94.287914851913229 5.0851868131430802 4.4592570073436928 7.4897865570383129 3.854144779033958 11.595917034777811 21.031631022924557 4.1356617126148194 3.7077848755288869 37.601091210148297 86.448564799618907 7.7303674821741879 6.0990017245057997 4.9973635913338512
leaf_count=462290 4923 474 85749 8020 1520 10418 290 15691 851 197 516 244 109 381 697 220 208 12802 398 183 1091 3389 392 296 8175 1679 559 394 624 807 164 208 718 270 33187 400 6542 147 33655 419 83 2588 58532 8082 1022 2954 3553 416 1132 282 57 413 136 851 203 260 192 1887 3443 531 118 361
internal_value=-0.00145852 0.0026701 -0.00703814 -0.000619758 0.00603159 0.020142 -0.00396985 -0.0424456 0.00561806 0.102464 0.0317199 0.186324 0.0281189 0.0494348 0.114469 0.239472 0.0368773 -0.0197732 0.00138708 -0.0294192 0.0466838 0.033299 0.0460255 0.08498 0.0409503 0.0806126 0.118762 0.0965352 0.125187 0.169134 0.291095 0.0150601 0.0701054 0.217388 0.000932187 0.0627204 -0.0185494 0.140017 -0.0206102 -0.0317618 0.141749 0.00521212 0.00573582 0.00236243 0.0107745 0.00943979 -0.00157309 0.0146811 0.0128505 0.0234515 0.0584463 0.0820218 0.0143678 0.0397825 0.00267618 0.0409765 0.0966785 0.0564334 0.002731 0.00162327 0.12248 0.161538
internal_weight=2421.43 2195.9 455.667 302.972 220.991 91.6655 129.325 25.7983 103.527 4.77794 73.3907 1.67048 71.7202 39.4813 6.38972 1.89588 33.0916 152.695 47.8114 104.884 14.1878 32.7166 27.9461 2.90065 27.3128 10.7873 7.47161 6.90813 5.78002 4.39632 1.60488 16.5255 6.05702 1.46741 98.7491 6.78716 81.9809 1.05182 80.9291 58.7787 1.03928 1740.23 1708.06 1023.1 684.964 665.669 214.652 451.017 434.241 212.075 43.7044 30.8889 168.371 53.0512 115.32 15.3332 7.84345 41.4552 222.166 12.8156 15.5556 9.45662
internal_count=786393 324103 232167 131648 90328 38192 52136 15981 36155 1717 27774 760 27014 18994 1298 601 17696 100519 14291 86228 1489 17587 14198 479 13806 4435 2756 2548 1989 1365 558 9371 1196 478 34438 1251 41320 621 40699 34157 502 91936 87013 66614 20399 19377 6507 12870 12454 6423 2214 1401 4209 2874 1335 865 452 2023 6031 813 536 418
is_linear=0
shrinkage=0.05


Tree=49
num_leaves=63
num_cat=0
split_feature=38 38 37 54 13 23 2 43 5 47 5 5 48 50 17 47 10 45 17 17 38 52 41 52 17 52 23 47 52 27 29 49 44 44 36 47 50 41 52 55 47 7 47 13 17 17 36 36 36 13 14 44 21 43 42 41 49 49 35 50 11 28
split_gain=140.419 21.2104 13.948 13.542 14.683 18.0572 22.7976 29.6108 18.4267 12.1072 13.8363 17.7183 18.7695 27.6759 65.8146 15.1638 26.9639 30.8582 19.8057 15.0795 11.7571 10.2896 10.2389 10.2064 10.1851 10.6933 15.4139 10.1116 9.77682 9.63378 11.9758 12.219 9.82411 10.2894 23.3412 47.8497 12.2961 26.0992 9.29465 8.8193 7.97318 16.893 12.6867 9.63213 13.5848 9.125 20.2241 17.0106 15.02 14.5148 15.3201 25.2649 11.9701 21.44 16.6594 12.3378 11.1456 17.6282 16.3874 13.1877 15.4204 13.1256
threshold=-36.764709472656243 -17.529411315917965 270.99128723144537 -0.37940952181816096 -46.402927398681634 -48.067054748535149 282.29653930664068 0.17860412597656253 254.95169067382815 0.41475501656532293 273.94406127929693 272.31756591796881 -0.41664040088653559 26.413898468017582 -31.878841400146481 -0.30342006683349604 279.28776550292974 2.2745952606201176 -29.496982574462887 -17.056587219238278 -19.176460266113278 88.222122192382827 15.605420589447023 95.494766235351577 -10.251132965087889 10.197713851928713 -36.671197891235344 -2.3608226776123042 179.38448333740237 -2.3887829780578609 -2.5696969032287593 272.37759399414068 -22.628883361816403 -18.494003295898434 247.35294342041018 -1.1804609298706052 12.700901985168459 6.6042132377624521 6.3431642055511483 0.91597560048103344 7.3394865989685067 223.62073516845706 4.4638051986694345 -0.76438522338867176 1.0000000180025095e-35 0.44061279296875006 199.11765289306643 197.35294342041018 218.529411315918 1.0000000180025095e-35 0.66567993164062511 0.45087051391601568 -1.0526927709579466 0.38630676269531256 -0.24371337890624997 11.48729181289673 270.38075256347662 257.70365905761724 9.5091361999511737 47.853858947753913 234.69886016845706 7.1491079330444345
decision_type=2 2 2 2 2 2 2 2 2 2 2 2 2 2 2 2 2 2 2 2 2 2 2 2 2 2 2 2 2 2 2 2 2 2 2 2 2 2 2 2 2 2 2 2 2 2 2 2 2 2 2 2 2 2 2 2 2 2 2 2 2 2
left_child=-1 2 -2 4 -4 6 8 -8 -6 10 11 15 -13 14 -14 20 19 18 -18 -17 21 -7 -10 29 28 -26 -27 -22 -5 -3 31 -31 -32 34 36 -36 37 -34 -38 -28 42 43 45 44 -42 56 47 -47 49 52 -51 -52 54 -54 55 -48 57 59 61 60 -35 -59
right_child=1 23 3 24 5 9 7 -9 22 -11 -12 12 13 -15 -16 16 17 -19 -20 -21 27 -23 -24 -25 25 26 39 -29 -30 30 32 -33 33 40 35 -37 38 -39 -40 -41 41 -43 -44 -45 -46 46 48 -49 -50 50 51 -53 53 -55 -56 -57 -58 58 -60 -61 -62 -63
leaf_value=-0.044009117875958084 -0.038362602674460754 -0.048688432171279362 -0.044996148355645353 -0.027692695510971966 0.29926034919852901 -0.031985584542796597 0.7377821869652752 0.082230802730069996 -0.030185488504048532 -0.035613905673021279 -0.02023458510380122 0.50274898913804222 -0.050056731871680832 0.023697719031312167 1.0993156507115569 -0.0014087035787524653 0.38671982892915335 0.6374894913067003 -0.050281734904385304 0.22485192975882828 -0.050114713653561488 0.057966492277783901 0.20215824834266047 -0.029620560399437335 -0.051774263705247514 0.19274918804747157 -0.036659831525172305 0.22140343996797701 0.15737975247684699 0.10994301925373187 -0.049709606360625234 0.0068156330034518271 0.2882466537893088 -0.0086785163016962347 -0.050126729889998334 0.83232228524893659 0.17019058300622 -0.051123916294644127 -0.027303610218688115 0.079219353441482732 0.027994926954895489 -0.037993412156100748 -0.014594960242947064 0.017459160732754039 0.12087823285497104 0.012320535223008963 0.0045163358687322101 -0.0307817167467643 -0.030743796676897861 -0.0055658902133844512 0.051201880316521287 -0.01655011417685116 0.027440956677269413 0.10754484720602996 -0.0019083661242135003 0.063439806383873518 0.0075976617670053788 -0.0013858366004225768 -0.01864832409472585 0.017635550030530699 0.015892131654996138 0.091623041391485846
leaf_weight=185.01680246408796 46.239297580730636 8.8975390799459984 9.8561715770920255 76.845863417751389 0.70523841562680845 10.99914057771093 0.31680022325599555 0.37754036078695208 2.4210057062155106 10.227958397619657 11.384602573147275 0.36146193044260178 0.29147568545886315 1.8083919168566351 0.21747934876475428 3.9549107936327341 0.45497355764382508 0.43616335839033116 0.60279383207671333 0.90488069242565616 0.49876914283959184 4.4716706770122991 0.58965155479381781 23.934874810453039 3.2820841429056591 1.6281053766724642 3.3061348735936908 1.0972168317530311 0.72028721094829862 5.3125855567632225 8.7480510093155299 6.2530594514100812 1.2396294702775743 193.51108617172576 0.33569114725105464 0.28322557359933931 0.67524832912022237 1.0433472383301703 5.0602762628695928 3.2620109063573182 10.653139400295915 10.641556096670682 102.09421703813132 41.01321229559835 6.2438087248010552 45.162602618336678 13.020243466831742 46.417536176741123 15.050554102985187 74.353594552492723 40.510865468531847 20.837448150618002 21.847172284964472 13.524283992126582 35.964274151949212 27.964251356897876 522.66614714253228 270.52551451523323 209.6613408268895 151.71692641027039 95.306145944981836 3.8471795027726321
leaf_count=421356 40727 800 13691 90355 64 8098 179 406 1043 7141 11791 212 314 778 149 1969 208 197 314 264 316 449 173 6344 646 274 690 384 126 191 5360 406 94 6238 277 144 251 526 2263 120 431 2191 7870 485 99 211 235 227 674 746 564 249 337 184 528 419 53077 21421 55768 6874 7011 828
internal_value=-0.0021509 0.0013195 -0.0143345 -0.00697775 0.0109685 0.0215513 0.118349 0.381333 0.069209 0.0126038 0.0257606 0.0458239 0.167637 0.115366 0.441077 0.0318911 0.0978293 0.283606 0.137684 0.0407204 0.00734321 -0.00598591 0.0153201 0.00283743 -0.019469 0.0244897 0.0550286 0.13655 -0.0259741 0.00322386 0.00345464 0.0541864 0.00315978 0.00339323 0.0578465 0.353695 0.035011 0.13315 -0.00405245 0.0208905 0.00315479 0.0199079 0.0025516 0.0305478 0.0623174 0.00352312 0.0107108 -0.00952591 0.0177556 0.0206986 0.00969424 0.0281894 0.0339938 0.0580687 0.0229272 0.0447206 0.00176173 -0.00153737 -0.0081239 0.00569954 -0.000570504 -8.16913e-05
internal_weight=2416.6 2231.58 197.262 151.023 61.9783 52.1221 4.41024 0.694341 3.7159 47.7119 37.4839 26.0993 2.67881 2.31735 0.508955 23.4205 6.35372 1.49393 1.05777 4.85979 17.0668 15.4708 3.01066 2034.32 89.0445 11.4783 8.19625 1.59599 77.5662 2010.38 2001.48 11.5656 1989.92 1981.17 8.63742 0.618917 8.0185 2.28298 5.73552 6.56815 1972.53 68.5517 1903.98 57.9102 16.8969 1801.89 354.653 91.5801 263.073 248.022 135.702 61.3483 112.32 35.3715 76.9488 40.9845 1447.23 924.568 484.034 440.534 288.817 274.373
internal_count=785757 364401 181078 140351 48140 34449 1865 585 1280 32584 25443 13652 1453 1241 463 12199 2952 719 522 2233 9247 8547 1216 183323 92211 1730 1084 700 90481 176979 176179 597 175582 170222 3555 421 3134 620 2514 810 166667 3206 163461 1015 530 155591 4374 438 3936 3262 1559 813 1703 521 1182 654 151217 98140 78017 20123 13249 22249
is_linear=0
shrinkage=0.05


Tree=50
num_leaves=63
num_cat=0
split_feature=1 17 54 41 54 23 41 47 3 29 23 12 55 2 47 29 15 50 49 24 52 49 41 38 22 11 42 15 13 28 4 0 44 52 49 49 52 49 28 49 52 23 3 49 47 54 31 46 39 50 5 46 46 52 47 49 54 46 35 45 35 55
split_gain=139.541 20.8884 20.612 17.4924 12.4943 26.8588 23.769 29.7643 28.7528 21.222 23.9564 49.6377 19.3524 25.6557 18.446 25.7603 39.4893 14.1567 12.9779 20.6596 17.8155 12.9369 11.6419 14.4425 15.1246 13.6676 10.8882 10.865 10.798 10.5343 10.2849 10.7494 9.73672 9.57327 12.6673 9.54512 13.1876 11.0399 13.7844 12.7176 18.1188 17.5574 22.3583 18.8887 20.437 14.7475 23.7094 30.471 27.7514 15.5274 16.4525 14.9256 14.2584 12.574 12.4456 12.191 16.8975 25.6151 25.334 26.4159 13.5885 13.0057
threshold=284.48437500000006 -9.5348014831542951 0.37940952181816107 18.908981323242191 1.0000000180025095e-35 -31.601368904113766 10.832485675811769 1.3126982450485232 246.13887023925784 14.142182350158693 -39.792518615722649 -40.445178985595696 0.12940952181816107 283.70408630371099 0.30800850689411169 13.353486061096193 -16.860317230224606 73.106101989746108 280.31988525390631 3.0204334259033208 13.363667011260988 270.83627319335943 2.9387589693069462 -28.941169738769528 -43.239311218261712 282.83143615722662 -11.263687133789061 -17.302267074584957 -14.342750549316404 -1.6453547477722166 241.38245391845706 264.48999023437506 -3.3457202911376949 0.70361298322677623 268.84934997558599 255.59030914306643 95.494766235351577 269.10101318359381 0.1853904724121094 260.24180603027349 22.16961765289307 -25.071209907531735 207.9305114746094 266.37236022949224 -3.3026382923126216 0.12940952181816109 5.1856951713562021 3.9908370971679692 -2.7966600656509395 106.65961074829103 223.57719421386722 2.469659805297852 -2.8071050643920894 24.601201057434086 2.5512099266052251 274.31605529785162 0.60355338454246532 -0.11098575592041014 19.659008979797367 0.94080352783203136 13.444588184356691 0.98296290636062633
decision_type=2 2 2 2 2 2 2 2 2 2 2 2 2 2 2 2 2 2 2 2 2 2 2 2 2 2 2 2 2 2 2 2 2 2 2 2 2 2 2 2 2 2 2 2 2 2 2 2 2 2 2 2 2 2 2 2 2 2 2 2 2 2
left_child=1 2 3 4 12 9 7 18 -9 -6 11 -11 13 14 15 21 32 -15 20 -20 30 -1 23 -14 25 -25 -23 -26 33 -30 -7 -32 -17 34 -4 -3 37 38 -37 40 45 43 53 -41 -45 46 47 48 51 50 -48 -40 -47 54 -43 56 61 -58 60 -60 -59 -39
right_child=-2 35 28 -5 5 6 -8 8 -10 10 -12 -13 22 17 -16 16 -18 -19 19 -21 -22 26 -24 24 27 -27 -28 -29 29 -31 31 -33 -34 -35 -36 36 -38 55 39 41 -42 42 -44 44 -46 52 49 -49 -50 -51 -52 -53 -54 -55 -56 -57 57 58 59 -61 -62 -63
leaf_value=-0.026176308383991015 -0.043773562265216906 0.011521369060581644 0.21379798602760616 -0.025971818820358667 -0.025217707127428303 0.22607143901083396 -0.035307592985736609 0.64081466985569469 0.12383884155797104 0.065002001361323447 -0.050487529621158156 0.94957140241389648 -0.045612659498425023 0.72855945653882803 -0.033038547632455603 -0.050485985589402919 0.57459424319910901 0.15369824252531741 0.083786381467216883 0.37670604490158716 -0.034673854941505093 0.15969818169705283 -0.021527898798430208 0.24609390485213384 0.025790796620946545 -4.8446621407478917e-05 0.037197068800034969 -0.021790815507879261 0.17179214444586882 0.0062908493407680651 -0.050299220768107326 0.13435576758801668 0.29289142920856887 -0.031186751767281258 -0.02108601160924551 -0.047173827772531721 -0.052222432039902004 0.0061725708332498862 0.0088860538685350578 -0.05604562817001793 0.022985120265023931 -0.0080152516181438479 -0.019956598054462128 0.14803671351059469 0.027118017900305505 0.046400758080790437 -0.049153144669501325 0.10728372729249457 -0.057034099859334456 0.019617609810265529 -0.00019238557893346616 0.10483793037885179 0.0036316061536043826 0.051248109998853375 0.042446307301292785 0.00034785471276177721 0.17054447707526998 0.028983193113408343 0.2173215852503122 0.014769117006791949 -0.051095321148065399 0.045990180639370729
leaf_weight=8.1006189073959813 181.46633420759463 354.0954691224033 0.93216092960210462 55.951191262254724 15.598926979728278 1.5220322525128702 3.3441556869074693 0.50568224216112756 0.57452635013032705 0.4342169213341549 0.57151031459215917 0.24985039685270749 11.236955268832387 0.19262653766781923 11.600869890127795 0.70858029767987318 0.55797777057159581 0.24119698264985345 1.7113206202629947 0.92858728999271978 3.1144966276478954 1.9249537024879746 81.28715103934519 1.3296273970627219 38.922073446155991 0.97939191781915713 31.445638399600291 17.343571380246431 1.0579553437419242 10.544315603037827 1.2075238035176883 2.2692384386318736 0.29132616036804393 116.84414005267899 1.493964926805347 15.742149044410324 10.979435494402422 237.45301912503783 14.981394625152463 4.9084476712159839 109.88522606168408 65.740196276456118 211.4813788747997 4.4469117051921812 16.313425634871237 21.204135683248751 59.035242652520537 7.852084355428814 13.70205580908805 15.476452242932281 24.188761445344426 5.5559234111569813 240.67364055942744 14.975125114433466 15.008575643412767 271.83611090009799 3.5441045835614196 36.085739852627739 3.4729695544810957 3.0001569276209921 6.2091493291081852 22.44662243896164
leaf_count=4866 419866 8406 147 37115 14266 121 1820 133 286 530 401 59 14765 281 8526 426 79 138 403 157 962 109 43789 243 7746 267 10481 1190 116 3280 538 140 234 108737 355 465 3123 12200 622 1237 6556 875 27908 399 1385 495 3954 115 268 511 6488 116 8125 194 253 15936 365 1421 167 405 1225 449
internal_value=-0.00160648 0.00181671 -0.00815854 -0.000813931 0.00509558 0.0341473 0.0823951 0.115658 0.365853 -0.00930004 0.188456 0.388084 0.000581727 0.0259581 0.0229168 0.0380026 0.237607 0.408948 0.0905251 0.186821 0.0591923 0.0305044 -0.008666 0.00631011 0.016271 0.14169 0.0442634 0.011124 -0.0246661 0.0213821 0.117676 0.0702227 0.0495582 -0.0291455 0.0691606 0.00415868 0.00236834 0.00278307 -0.000815796 4.74048e-05 0.00498941 -0.00756223 -0.0108815 0.0321635 0.0530191 7.85331e-05 -0.0129716 0.0184482 -0.00192432 -0.0263708 -0.0349229 0.0348437 0.00709461 0.00916784 0.00136391 0.00808956 0.0148301 0.0407575 0.0313255 0.123443 0.0172272 0.00961148
internal_weight=2416.78 2235.31 425.018 294.146 238.195 32.0321 15.1776 11.8334 1.08021 16.8545 1.25558 0.684067 206.163 55.0638 54.63 43.0291 1.55788 0.433824 10.7532 2.63991 8.11329 41.4712 151.099 69.8116 58.5747 2.30902 33.3706 56.2656 130.873 11.6023 4.99879 3.47676 0.999906 119.27 2.42613 1810.29 1456.2 1445.22 861.171 845.429 512.555 332.874 307.205 25.6688 20.7603 402.67 140.792 42.0915 34.2394 98.7005 83.224 20.5373 261.878 95.7239 80.7488 584.048 312.212 52.3121 48.768 6.47313 42.2949 259.9
internal_count=786235 366369 262706 150071 112956 19816 4560 2740 419 15256 990 589 93140 25140 24721 16195 739 419 2321 560 1761 15456 68000 24211 9446 510 10590 8936 112635 3396 799 678 660 109239 502 103663 95257 92134 59966 59501 27250 32251 29230 3021 1784 20694 12074 1121 1006 10953 10442 738 8620 1322 1128 32168 16232 3583 3218 572 2646 12649
is_linear=0
shrinkage=0.05


Tree=51
num_leaves=63
num_cat=0
split_feature=3 17 45 43 36 53 53 36 50 54 2 14 53 3 48 49 47 52 24 48 50 47 52 45 41 41 50 42 23 47 40 41 49 34 41 43 45 3 53 7 29 29 48 47 12 46 53 42 52 47 52 43 28 49 2 52 50 49 5 29 50 52
split_gain=129.114 18.0528 12.507 16.4885 14.1652 13.623 17.1824 14.7507 34.6494 10.8143 10.6621 25.0748 11.2092 10.7946 20.9959 37.7235 10.2533 14.69 23.8657 10.0418 9.79197 9.32795 13.4481 9.30741 20.6344 12.9964 9.72471 8.84518 10.2254 8.80488 9.58934 20.3002 35.6212 9.81333 12.4136 10.1459 24.3237 10.4143 14.291 10.6842 9.00903 21.4165 35.9254 11.9331 10.4135 9.99867 9.37286 8.61056 10.0543 17.9887 8.46773 10.3616 8.46541 8.93721 14.1942 17.3995 16.1991 15.7591 29.8436 34.977 20.3956 18.7793
threshold=281.11260986328131 -11.373033523559569 -4.5722961425781241 -2.8351440429687496 227.94117736816409 14.333333492279055 16.708333015441898 274.41175842285162 13.844410419464113 0.37940952181816107 284.04562377929693 -38.710727691650384 956.33334350585949 248.69867706298831 -0.47858285903930659 266.77218627929693 0.61588764190673839 9.1258697509765643 0.53796625137329113 -0.5924580693244933 95.97998428344728 4.1753752231597909 30.593328475952152 0.25066375732421881 18.387557029724125 2.9944320917129521 89.133468627929702 23.419822692871097 -39.792518615722649 -0.45807838439941401 6.2745132446289071 13.08351516723633 266.37236022949224 23.668120384216312 15.799563884735109 1.9735183715820315 -1.6712522506713865 279.86947631835943 391.44444274902349 272.56202697753912 0.41527032852172857 0.057122707366943366 -0.38575345277786249 -0.36103302240371699 -54.480901718139641 0.90857553482055675 61.250000000000007 -6.9217910766601554 8.2327542304992694 -0.69097113609313954 95.494766235351577 8.5010833740234393 -2.5656070709228511 270.26141357421881 250.81072998046878 9.6946706771850604 60.130428314208991 260.66418457031256 205.86235046386722 10.531147956848146 138.34800720214847 21.587633132934574
decision_type=2 2 2 2 2 2 2 2 2 2 2 2 2 2 2 2 2 2 2 2 2 2 2 2 2 2 2 2 2 2 2 2 2 2 2 2 2 2 2 2 2 2 2 2 2 2 2 2 2 2 2 2 2 2 2 2 2 2 2 2 2 2
left_child=1 2 -1 4 -4 27 7 20 -9 29 12 -12 13 14 15 -11 17 18 -6 23 -7 -15 -23 26 25 -25 -3 -5 -29 -8 40 32 -32 34 -33 36 -36 38 -38 -40 41 43 46 45 -42 -31 -43 -20 -49 -50 52 -52 -21 54 57 -56 -57 60 59 -59 61 -54
right_child=-2 19 3 5 16 6 9 8 -10 10 11 -13 -14 21 -16 -17 -18 -19 47 50 -22 22 -24 24 -26 -27 -28 28 -30 30 31 33 -34 -35 35 -37 37 -39 39 -41 44 42 -44 -45 -46 -47 -48 48 49 -51 51 -53 53 -55 55 56 -58 58 -60 -61 -62 -63
leaf_value=-0.028624116439531385 -0.043500178051012382 -0.048835044479435041 0.13782811986404817 -0.033770243117016228 0.29522881207938073 -0.0075538953580354465 0.0016189037786738152 0.78908495996001649 -0.050112807389609527 0.48028664200018423 -0.050057669363064543 0.61611097620543476 0.047965295474399851 -0.03758632860502456 -0.008155426223699384 -0.051020589401416176 -0.043979466614150385 -0.0294648130571106 0.10558737181327278 -0.051724194547831261 0.13080392299072524 0.027433958059541838 0.5218594793335829 0.058885762936104251 0.11518565688799032 -0.026341464764217427 0.030339318087079854 0.22484604982255077 -0.050832445574294019 0.022902597812369991 0.70871022882582524 -0.050954699581293929 0.045204977516958476 -0.021676430602812956 0.46801426077670816 -0.050197611197798281 0.016324566701341369 0.30316523786278099 0.30479066493239398 0.075912283827495819 0.2715638722664625 0.2194105085452891 0.50422748461222744 0.012529245838571672 -0.020924031966129408 0.29255684105208613 -0.050557518440048278 -0.033549532814329715 0.35637583879048862 -0.050203609813215977 -0.053638205481804646 0.055792902878368779 -0.0003596387156535268 0.010589006164950135 -0.022931262572815192 0.077026609641789659 -0.020493486551697498 -0.0017973095712023514 -0.013871390072125496 0.078704570490744863 0.038948612128657606 0.017037675165994175
leaf_weight=63.260243451048154 167.89462146608275 24.64608071080875 1.3201063994783897 28.982965562754547 0.86393327903352002 2.309056043624877 66.657274303026497 0.2380202974891289 0.254535114770988 0.65972042415523879 0.38373799042892642 0.22354473581071843 6.1463249038788481 38.944431890529813 5.9262021444737902 0.67684966803062707 40.72233471844811 21.195046621694928 2.2360179281968149 6.5843134231399736 2.8661027358029969 0.64528367223101568 0.17478154847049154 5.4341254821047213 3.6044205657672128 25.292626339301933 4.6026341997203408 0.7255406427429989 0.62709469377295934 0.65674672616296692 0.32943959697149594 1.5752341313054765 0.52408061374444515 3.5108156431233501 0.48000152828171572 0.94129525154130522 3.507309157226703 0.56370783247984935 0.95448212657356668 1.0946563474717548 0.3109088946657711 0.50791910971747734 0.62909276544814829 22.750431479042167 14.343733108253216 0.72136186619172804 0.8759976375149563 5.8092736405669703 0.49132376007037237 0.60957837273599558 11.794814099848734 2.6489603602676643 656.398997337732 522.19302272447385 9.6194818637450208 19.834152559924409 5.4226034265593617 41.172075717709959 286.24836324935313 20.070667449384928 43.229112269938923 203.11442742060171
leaf_count=38438 431050 1174 225 22280 363 1681 32854 157 246 195 507 37 948 42823 2989 217 41792 13365 581 287 398 747 168 149 95 1658 281 286 147 258 221 1068 416 2603 189 594 1937 310 113 319 361 125 194 10160 8835 176 391 3865 272 441 3485 341 28742 32381 1552 1974 899 637 35785 280 1630 9146
internal_value=-0.00121025 0.00196073 -0.00851891 -0.00404 -0.0244753 0.0030635 0.00827705 0.0939564 0.355417 0.00549764 -0.013156 0.195163 -0.0155352 -0.0238345 0.0322179 0.211228 -0.0274541 -0.00588878 0.0440302 0.00388408 0.0690713 -0.0340722 0.132812 -0.01565 0.00200766 -0.0112688 -0.036376 -0.0279376 0.0970389 0.0137931 0.0287442 0.065304 0.301303 0.0493523 0.0767053 0.103371 0.125272 0.0983908 0.0776162 0.182523 0.0166631 0.0342553 0.190938 0.0211835 -0.0147187 0.164051 0.048525 0.0203024 -0.00729439 0.13125 0.00456337 -0.0335688 0.00486701 0.00507319 0.00283188 0.0342939 0.0560891 0.00195422 -0.00709373 0.024585 0.00543704 0.00375158
internal_weight=2407.03 2239.14 347.227 283.966 73.2476 210.719 180.383 5.66771 0.492555 174.715 53.7809 0.607283 53.1736 47.0273 7.26277 1.33657 71.9275 31.2052 10.0101 1891.91 5.17516 39.7645 0.820065 63.5799 34.3312 30.7268 29.2487 30.3356 1.35264 120.934 54.2772 13.481 0.85352 12.6275 9.11669 7.54145 6.60016 6.12016 5.55645 2.04914 40.7962 26.1415 2.01301 24.1285 14.6546 1.37811 1.38392 9.14619 6.91018 1.1009 1828.33 14.4438 1813.89 1807.3 1285.11 34.8762 25.2568 1250.23 347.491 61.2427 902.743 859.513
internal_count=785838 354788 234292 195854 60904 134950 112237 2482 403 109755 48631 544 48087 47139 3401 412 60679 18887 5522 120496 2079 43738 915 3357 1902 1807 1455 22713 433 61124 28270 7770 637 7133 4530 3462 2868 2679 2369 432 20500 11304 710 10594 9196 434 516 5159 4578 713 117139 3826 113313 113026 80645 4425 2873 76220 36702 917 39518 37888
is_linear=0
shrinkage=0.05


Tree=52
num_leaves=63
num_cat=0
split_feature=4 17 47 42 1 44 13 11 50 29 38 53 49 42 51 53 49 47 42 4 5 52 39 29 41 55 50 52 11 41 44 36 15 51 49 49 38 45 49 49 45 53 41 42 28 39 35 17 28 50 53 42 42 50 50 15 36 55 51 42 51 36
split_gain=125.427 17.629 14.6811 16.0205 9.90868 9.21241 8.74301 15.318 15.4195 23.7484 14.5911 15.7014 10.7075 12.2386 13.8383 9.63454 14.3318 15.3415 11.6715 16.7188 9.24216 8.43922 11.543 8.25321 17.8163 14.4664 12.2017 17.3824 16.7375 14.8514 14.2797 13.5526 12.4499 11.4772 10.4492 28.7882 20.2825 10.3108 9.96665 18.6366 15.4876 12.5759 9.42573 9.92032 9.98384 13.4452 13.996 15.909 10.3489 9.38315 10.7892 10.687 12.097 13.2073 14.4041 12.6001 10.9416 10.7907 10.7044 10.7997 9.87434 10.5454
threshold=281.34657287597662 -5.3756484985351554 -4.6942615509033194 1.6417694091796877 234.71447753906253 1.0000000180025095e-35 -45.673078536987298 284.61422729492193 36.706110000610359 9.2509193420410174 -35.176460266113274 67.500000000000014 284.62863159179693 15.692214965820314 9.3400387763977069 122.58333206176759 255.32789611816409 0.74921029806137096 26.524032592773441 269.09500122070318 253.7664489746094 1.5152348875999453 -11.30936813354492 21.483678817749027 31.535222053527836 -0.12940952181816107 25.527048110961918 6.6951441764831552 272.65019226074224 15.799563884735109 -2.3485507965087886 213.82353210449222 -0.98665618896484364 4.4988656044006357 268.43287658691412 272.17034912109381 -2.4117660522460933 3.3160214424133305 279.28904724121099 276.75975036621099 8.5204343795776385 65.666667938232436 22.693294525146488 -3.8903350830078121 13.381566047668459 -8.8888878822326642 22.650845527648929 -3.9566383361816402 7.267296791076661 189.46730041503909 427.52499389648443 2.4814987182617192 6.2544097900390634 7.8377997875213632 55.842920303344734 -0.98665618896484364 209.70588684082034 -0.98296290636062611 23.047111511230472 4.1132049560546884 15.295095443725588 211.47058868408206
decision_type=2 2 2 2 2 2 2 2 2 2 2 2 2 2 2 2 2 2 2 2 2 2 2 2 2 2 2 2 2 2 2 2 2 2 2 2 2 2 2 2 2 2 2 2 2 2 2 2 2 2 2 2 2 2 2 2 2 2 2 2 2 2
left_child=1 2 -1 -4 -5 6 -6 15 9 10 11 -9 13 14 -12 18 17 -17 -8 -20 -10 22 -3 25 -25 26 27 34 29 -28 -29 32 -31 -32 -23 36 -36 49 39 -27 41 -41 43 -33 48 46 47 -46 -45 50 51 57 53 -53 60 56 -54 -26 -56 -60 -55 -62
right_child=-2 21 3 4 5 -7 7 8 20 -11 12 -13 -14 -15 -16 16 -18 -19 19 -21 -22 23 -24 24 37 38 28 30 -30 31 33 42 -34 -35 35 -37 -38 -39 -40 40 -42 -43 -44 44 45 -47 -48 -49 -50 -51 -52 52 55 54 58 -57 -58 -59 59 -61 61 -63
leaf_value=-0.032360781580675284 -0.045998734264608362 -0.025357817780088738 -0.017463225296489786 -0.040398630456564888 -0.029266377003460776 0.066945298784667984 -0.0094923096060762595 0.10243251338979478 0.12437853377886635 0.36884221872038253 0.40301854720526137 0.65719363283657062 0.0070019473101682137 0.043995245426896645 0.084801485743026428 0.019713758935584705 0.0063802558116914021 0.15514328160822949 0.077511400994444632 -0.065457652099094266 -0.013691466408271201 -0.030158881967594586 0.045777552853044787 -0.027495582250712865 0.033384165504988253 0.0032825942106449891 -0.045538200657446744 -0.035410666761077667 0.11312178705835346 0.067445432511474487 0.11961609675179241 -0.019203177168328325 0.011514339452149474 0.042817909268762576 0.045508565033941364 -0.0086741285736718059 0.2807463419177833 -0.046336952594424316 -0.015306512395131928 0.036567132706238889 -0.0062236634454212771 0.14029947093166081 -0.016505498628971736 0.064268328486680751 0.02441825423254617 -0.021511206879195298 -0.011134997917637215 0.17714345526008843 -0.025696990455477794 0.037192721251338955 -0.031122404135876872 0.064401955348798043 0.077019946710489479 -0.012249986129669528 0.10123594865515764 -0.050715213333147449 -0.011607740304784224 -0.007394552297104371 -0.0090157487331504749 0.070797592642514548 0.039766586602335958 -0.024424859804558996
leaf_weight=47.611423380731139 148.9112690690672 7.3975490331649771 152.22350737210945 13.74941403447883 21.372582798270741 5.5126649672747581 183.04938517371193 0.32035922701470454 1.3944082148955192 0.71508167337742712 0.65664463181747146 0.21191635238938034 5.0239572085556574 2.0297869298083242 0.71219677137560211 5.4545868890709226 172.61534752169973 3.3912439293926582 8.4978204583749157 2.6928380912286221 9.2670362086209916 15.939152625796849 24.892415252281353 59.512692466960289 17.78466436592862 769.35944637370994 13.464438764029181 5.4497989451047024 3.6337504471885032 16.159084738232195 5.264107405091635 13.475391591084188 25.891138980630785 64.152054688893259 2.0806444452609871 12.995093328296205 1.6374561332631881 10.8177550387918 69.292351537093055 5.7839067397872004 6.7349319984205058 5.9045344342011958 47.957873071136419 4.7775179852033061 2.5604524692753303 3.4438856005435801 2.4509979260037653 5.1045551046263435 9.6597149724839237 19.243177356082015 23.883930784766562 15.397669542464426 4.936209313105798 41.904431976960041 6.8628748042974648 13.275244839489458 11.824199544498695 184.71565831499174 9.3125870880903694 7.7786563797271802 25.888454782776535 8.4983880639774707
leaf_count=21468 409593 323 115237 3141 28281 2376 73756 254 95 351 273 226 1750 421 406 508 57685 190 910 563 3858 1746 541 7567 439 23379 878 633 324 378 307 1126 225 3681 372 580 62 786 3789 203 168 188 5473 133 387 790 398 256 477 363 800 342 132 909 206 79 771 4030 318 219 340 472
internal_value=-0.00156147 0.0013879 -0.00565469 -0.00349552 0.00137367 0.00273172 0.00188365 0.00356472 0.0458359 0.091557 0.0694147 0.323301 0.05337 0.121913 0.237453 0.00127718 0.00956121 0.0716336 -0.00646185 0.0431084 0.00436668 0.00417716 0.0294806 0.00365833 -0.00196247 0.0059893 0.0164167 0.0292463 0.00713258 0.00447545 0.0425233 0.00959716 0.0330076 0.0486418 -0.00119536 0.0264268 0.149108 0.00181633 0.00287356 0.00447266 0.0541697 0.0889686 -0.00141043 0.0160452 0.0330107 0.0638196 0.0928695 0.126126 0.00407401 0.00314753 0.00138671 0.00361673 0.0139446 0.0212875 0.0146652 -0.0143271 0.0144945 -0.00381315 0.0484894 0.0273093 0.00404496 0.0239023
internal_weight=2392.51 2243.6 636.502 588.891 436.667 422.918 417.405 396.033 20.3314 9.66994 8.95486 0.532276 8.42259 3.39863 1.36884 375.701 181.461 8.84583 194.24 11.1907 10.6614 1607.1 32.29 1574.81 461.637 1113.17 256.097 107.518 148.579 144.945 74.866 131.481 42.0502 69.4162 32.6523 16.7132 3.7181 402.124 857.075 787.783 18.4234 11.6884 89.4304 41.4725 27.9971 13.5599 10.116 7.66501 14.4372 391.306 372.063 348.179 145.679 115.643 100.245 30.0357 16.7604 202.5 23.9541 17.0912 76.2913 34.3868
internal_count=785932 376339 311749 290281 175044 171903 169527 141246 7634 3681 3330 480 2850 1100 679 133612 58383 698 75229 1473 3953 64590 864 63726 17773 45953 18226 7381 10845 10521 4621 9643 603 3988 2760 1014 434 10206 27727 23938 559 391 9040 3567 2441 1831 1041 643 610 9420 9057 8257 3788 2806 2464 982 903 4469 743 537 1721 812
is_linear=0
shrinkage=0.05


Tree=53
num_leaves=63
num_cat=0
split_feature=36 12 54 49 48 12 23 24 42 11 3 42 13 49 53 49 52 52 40 36 11 53 48 48 43 41 36 37 47 47 14 37 36 51 52 40 12 37 32 40 36 49 45 1 42 23 48 54 35 48 43 49 4 51 23 11 11 46 51 52 49 53
split_gain=113.597 21.5388 19.5468 13.5126 13.7763 16.667 16.4294 17.1886 12.0984 11.7891 19.7409 16.5268 13.5372 17.7072 11.2669 16.5177 20.2416 15.2959 14.6303 15.8081 22.1131 20.3018 13.0255 20.6974 18.6157 17.8908 17.8635 17.5331 23.7514 22.325 15.1224 39.5077 14.7354 13.0209 12.6077 12.3004 21.5848 22.9222 12.1559 11.9667 12.6684 11.9038 11.8397 11.099 22.4075 11.4695 10.8303 10.7059 11.4639 20.1286 23.4744 32.4172 14.5287 11.2255 10.7507 10.6949 10.3526 10.1181 10.0754 10.0504 15.1859 12.1574
threshold=280.29412841796881 -33.906232833862298 -0.37940952181816096 267.04945373535162 0.30385869741439825 -49.149663925170891 -49.083070755004876 9.3129024505615252 -20.191040039062496 260.36589050292974 248.69867706298831 3.3791961669921879 -32.570430755615227 271.42791748046881 49.833333969116218 258.11538696289068 13.015434265136721 9.2681717872619647 -0.52941894531249989 242.05882263183597 249.99269866943362 258.45832824707037 -0.22493761777877805 -0.25243204832077021 3.7531433105468754 9.7201657295227069 220.88235473632815 225.10893249511722 -0.065603494644165025 -0.33190214633941645 -6.932689666748046 248.02105712890628 217.94117736816409 24.456475257873539 4.2768795490264901 3.4509811401367192 -13.546897888183592 242.34204864501956 10.276367187500002 -2.1372680664062496 193.82353210449222 269.97990417480474 -2.4307765960693355 226.942497253418 13.584915161132814 -7.0733015537261954 0.31611293554306036 1.0000000180025095e-35 22.650845527648929 0.47256284952163702 -2.1890258789062496 259.72676086425787 224.18321228027347 52.978839874267585 -26.023747444152828 247.73960876464847 258.57464599609381 4.0758953094482431 6.3059055805206308 7.4051761627197275 255.59030914306643 26.916666984558109
decision_type=2 2 2 2 2 2 2 2 2 2 2 2 2 2 2 2 2 2 2 2 2 2 2 2 2 2 2 2 2 2 2 2 2 2 2 2 2 2 2 2 2 2 2 2 2 2 2 2 2 2 2 2 2 2 2 2 2 2 2 2 2 2
left_child=1 2 3 -1 -5 -6 7 -7 -8 10 14 58 13 -13 15 59 17 39 19 -16 -21 -22 23 25 30 27 33 29 34 -20 31 -25 -32 -24 -29 38 37 -37 42 -17 -41 -42 -30 45 -45 -19 -10 48 49 -28 51 -51 -53 54 -54 -35 -18 -31 -11 60 -3 -61
right_child=-2 9 -4 4 5 6 8 -9 46 11 -12 12 -14 -15 18 16 56 43 22 20 21 -23 26 24 -26 -27 47 28 35 57 32 -33 -34 55 -36 36 -38 -39 -40 40 41 -43 -44 44 -46 -47 -48 -49 -50 50 -52 52 53 -55 -56 -57 -58 -59 -60 61 -62 -63
leaf_value=-0.048481729227330017 -0.04711326921256951 0.0084623212996034584 -0.025160031171444226 -0.0091916476003336672 -0.028225459513320068 0.36370801837873151 0.16667740310476734 0.086560245790544055 0.26094032446242438 0.043612246737282166 -0.033301759775631337 -0.050740629180001343 0.021938855831719135 0.33682329412241285 -0.017705712040445545 0.034952673529388037 -0.030715267636014842 0.090960844310488898 0.026606373507544984 -0.04021568392466604 0.053831982496065127 0.27839689485799995 0.014361852806985962 0.26712388550937399 -0.025225322983637562 -0.016221988479956685 -0.0079522837476716842 0.10087518153837097 0.0081635166899649558 -0.036280037477156635 0.086967443993318058 -0.051804443105680602 0.0060843331255009767 -0.003277268847287804 0.00098434756542694658 0.43017954440850653 0.055652995067041244 0.10083245995230801 -0.040132186319269056 0.061559507964539066 -0.028471993429650112 -0.0018427523798063541 0.060955079991308149 -0.022473746745622011 0.21681132678656098 0.021630652433663293 0.022405771722194642 -0.027306648774751405 -0.028417592568543166 0.31343841191226435 -0.0070720131347899451 -0.013415744557147167 0.21575479019328983 0.2090330715402523 0.04854003695111353 0.058178579945941514 0.084476998216709717 0.021405548503584861 -0.017690908425807141 0.024412768125932113 -0.036860116598140445 -0.0044401449215382372
leaf_weight=12.000417051778639 129.74650112519157 52.556769887858536 140.68667977210134 59.857220248202793 11.318489975790724 0.72115936098270994 1.5803963955258939 2.4948138803592883 0.48203338822349806 7.8187195698264977 39.828245592361782 0.47930042236111947 140.85436391303665 0.76527003350201994 100.44304118334549 13.916157213563563 103.07310400740243 7.135433114366605 41.087853697128594 3.4556171401636657 3.0717469630762935 1.4969059453578664 330.23604702798184 2.7996008101035867 6.2737467503757207 48.931088558805641 75.371285829984117 3.3391801338875657 14.145815866824703 36.174275683006272 13.962619004771115 1.486693173414096 9.4367648093029839 216.21163299249019 58.48062898957869 0.93092980538494918 5.3262736402684814 1.2215491912211289 4.2227994926506645 5.4824834764003745 87.327011273242533 80.794806757417973 42.619030957634095 20.371576343139171 1.0277274671243493 36.380561252706684 37.14710109232692 59.006197155511472 31.356175537919626 1.3684339710162081 14.2854924503481 4.7283470686525098 1.0976203931495536 1.7171131847426284 7.7359478047583243 7.3189206701936191 1.9880989167140786 9.6239347727969271 46.949901156622218 102.64144948410103 28.507126480748411 56.664342762087472
leaf_count=11364 369643 1380 138522 39612 13171 247 260 793 273 3674 18366 332 25568 365 2164 278 13352 340 499 546 383 224 7886 377 478 5853 9707 140 825 819 108 512 399 6184 3528 69 283 374 524 23 12185 6432 2406 4467 148 871 15407 18237 9681 313 3261 146 268 246 1321 241 355 158 22125 3570 1836 2150
internal_value=-0.00161633 0.000995863 -0.0123602 0.00197684 0.0073071 0.0256825 0.0400644 0.148709 0.0311533 0.00277993 0.00150714 0.0143956 0.0233895 0.187567 0.00229628 -0.00327867 -0.0100934 -0.00241794 0.00517219 -0.0123106 0.0552227 0.12741 0.00697734 0.0157822 0.0525414 0.011091 0.00345671 0.0172449 0.0288467 -0.00015192 0.0701638 0.156504 0.054348 0.00805397 0.00637992 0.0491324 0.109652 0.243272 0.041711 -0.0096595 -0.0132356 -0.0156747 0.0477994 0.0185007 -0.0109818 0.0329989 0.0254614 -0.00948809 -0.00185042 0.00598601 0.0399481 0.0802969 0.059416 0.092056 0.0693174 -0.00126506 -0.0285355 -0.0241581 -0.00893932 0.00685669 -0.00747588 0.0141499
internal_weight=2389.56 2259.81 266.288 125.602 113.601 53.744 42.4255 3.21597 39.2095 1993.53 1796.66 196.868 142.099 1.24457 1756.83 597.867 357.497 252.436 1158.96 108.467 8.02427 4.56865 1050.5 300.063 33.9594 266.103 750.433 217.172 130.286 86.8861 27.6857 4.28629 23.3994 553.767 61.8198 68.4664 7.47875 2.15248 60.9876 187.52 173.604 168.122 56.7648 64.9153 21.3993 43.516 37.6291 196.667 137.66 106.304 30.933 16.6475 15.279 10.5507 8.83357 223.531 105.061 45.7982 54.7686 240.37 81.0639 159.306
internal_count=785269 415626 219649 81127 69763 30151 16980 1040 15940 195977 143913 52064 26265 697 125547 47387 38451 24744 78160 3317 1153 607 74843 17352 1874 15478 57491 9625 8149 1476 1396 889 507 14311 3668 4481 726 443 3755 18918 18640 18617 3231 5826 4615 1211 15680 43180 24943 15262 5555 2294 1981 1835 1589 6425 13707 977 25799 8936 3216 5720
is_linear=0
shrinkage=0.05


Tree=54
num_leaves=63
num_cat=0
split_feature=36 17 45 43 36 54 51 29 15 14 35 48 36 36 26 50 48 20 40 54 54 38 47 37 53 29 41 17 46 49 38 24 53 38 40 54 43 29 40 47 28 40 52 22 52 49 17 41 49 2 4 48 48 41 50 27 45 46 38 54 48 43
split_gain=109.413 18.6201 11.1937 14.0592 17.1906 10.0457 9.987 10.795 14.9823 10.0565 9.17777 28.1043 16.1652 14.0141 18.6388 14.5544 14.5257 14.3432 13.3972 14.1689 12.5352 26.6561 22.8764 17.8508 16.773 15.0889 20.8594 14.5197 16.1272 32.255 24.7911 34.3311 15.8116 13.3518 13.2252 33.5597 13.0492 13.7096 12.8793 12.2269 15.2865 11.8098 11.2904 13.7916 11.2544 11.0831 12.2589 14.81 14.1528 11.0411 15.0874 13.2063 20.1588 11.6681 13.4682 10.9891 19.364 11.5057 11.7881 10.5074 10.3978 35.6564
threshold=277.35295104980474 -19.434148788452145 -3.0551071166992183 -2.9801788330078121 231.47058868408206 0.37940952181816107 9.3400387763977069 0.057122707366943366 -30.855516433715817 -29.533857345581051 9.8315100669860858 -0.038633346557617181 203.82353210449222 220.29412078857425 2.7649383544921879 10.059216022491457 0.79746490716934215 -1.0157171487808225 17.627441406250004 0.12940952181816109 -0.7865660786628722 -0.35294342041015619 -0.070645213127136217 225.10893249511722 47.767856597900398 5.9888629913330087 6.2420732975006112 -0.37291717529296869 0.087857723236083998 268.59339904785162 -6.0588302612304679 7.591012954711915 1089.1666564941409 -0.35294342041015619 3.6666641235351567 0.37940952181816107 -1.8719024658203123 2.3998517990112309 4.0980377197265634 2.6617431640625004 33.410676956176765 -0.058837890624999993 21.702431678771976 1.0000000180025095e-35 11.811219692230226 288.78967285156256 -16.67778396606445 9.7201657295227069 282.20474243164068 217.18473052978518 219.06040191650393 -0.22493761777877805 -0.2346743047237396 5.6303563117980966 137.4859313964844 4.723006248474122 1.9669332504272463 0.94434356689453136 -19.176460266113278 0.78656607866287243 -0.66743496060371388 -5.3888244628906241
decision_type=2 2 2 2 2 2 2 2 2 2 2 2 2 2 2 2 2 2 2 2 2 2 2 2 2 2 2 2 2 2 2 2 2 2 2 2 2 2 2 2 2 2 2 2 2 2 2 2 2 2 2 2 2 2 2 2 2 2 2 2 2 2
left_child=1 2 -1 -4 -5 -6 7 8 -7 -10 12 60 -3 15 -15 16 -13 -18 19 -16 21 27 -22 33 -25 34 -27 28 32 30 31 -30 -14 -24 49 -36 -35 -38 -32 40 -17 -41 59 -44 -28 46 47 -31 -48 -26 -51 52 53 54 55 57 -57 -52 -59 -42 61 -12
right_child=-2 10 3 4 5 6 -8 -9 9 -11 11 13 20 14 18 39 17 -19 -20 -21 22 -23 23 24 25 26 44 -29 29 45 38 -33 -34 36 35 -37 37 -39 -40 41 42 -43 43 -45 -46 -47 48 -49 -50 50 51 -53 -54 -55 -56 56 -58 58 -60 -61 -62 -63
leaf_value=-0.035633120459459822 -0.043903917456614719 0.044306860926592362 -0.039346426238556408 0.32970826920924001 0.0088226993388725375 -0.050057916719679622 -0.040157246596299628 -0.026000549956380559 0.28204278641496411 0.081811849603917824 0.16314387859288643 0.031689327548088939 -0.013297986852724847 0.18661672403440085 0.0040627926415026079 0.01315061498133123 -0.036959886761245148 0.03054723433317871 -0.030867806297909358 -0.022601271151816225 -0.0063823997753291494 0.10488350922375178 -0.024079918409319105 -0.0015382646938739803 -0.020131017188143994 0.25854777931470724 0.15682781865316492 -0.046530345173807407 0.088861356481178044 0.030320383935203268 0.003525636545284273 0.37701085082750241 0.10874939770312418 -0.028001390298674406 -0.051546732036030808 0.23716967822046633 -0.010654031360113371 0.044997074204056173 0.10723467845818545 -0.0613846050543045 -0.021154126638069565 -0.0054825221345984479 -0.0069215823297136755 0.056009499080452219 0.0039933057493185802 0.094260352150037863 0.018193482904604773 0.28041764411872594 -0.042774516332979184 0.07068863680860811 0.072171739193076304 -0.0096882043006401714 0.14879390011158816 -0.019735245633177283 -0.037682168467277705 0.20383206527069375 0.014985369313683029 0.10701220575039037 0.014483876154738635 0.016220248530307953 -0.028911093433181202 -0.028524963296391599
leaf_weight=45.017727692786139 143.80102130526211 27.247388757765293 27.490378578339005 0.39481974992668156 82.61924442165764 1.5729417104157617 25.083458275184967 6.1372801039251499 0.88406563969329033 2.1572474322165345 3.2104812574689268 91.418809286202304 42.404836223780876 1.2408857388654713 190.5268791349954 318.07487996708369 18.006210343912244 13.975512539735066 51.382997456239536 67.463609870988876 357.57422190348734 8.4621280040591937 49.102333224611357 65.041455536294961 13.59562308131717 1.6026693167514157 1.7824984305771066 9.4065524514298868 2.8079381540301283 1.7770138908526782 5.8424468726152536 1.635934426449239 2.8309058089507735 16.230510191526264 1.7583425606135268 2.3539270494948141 17.778930509928614 29.312446224503219 6.1394878879655153 10.054066326702012 93.415610591415316 156.65766479802551 21.716534398845397 14.531952694058416 3.7149036406772211 4.0949475305387741 40.035172807285569 0.88760669843759377 12.487772810272871 17.339145383797586 14.580306232062865 27.389215638104361 3.4317322517163111 12.372127423936034 6.2372137153870417 2.6554944749805136 2.7769294012687169 3.7268759080616141 45.062513589917231 23.545659330906346 104.03903485258343 9.9362699328339641
leaf_count=51832 407482 227 30467 155 64295 2424 35383 8522 198 480 194 1741 3953 95 41621 11251 1022 149 20326 25811 23822 79 981 7771 229 167 238 228 521 529 314 380 60 233 276 194 156 396 170 114 1396 3170 658 106 449 361 2550 153 1618 306 966 3188 278 1992 641 223 368 904 3597 329 17391 577
internal_value=-0.00162504 0.00108667 -0.0138298 -0.00712254 0.000331003 -0.000766844 -0.022876 0.0174414 0.0752222 0.140016 0.00247859 -0.000368398 0.00640861 0.00217297 -0.00677754 0.00582436 0.0215429 -0.00746033 -0.00755324 -0.00290977 0.00517079 0.0188891 0.00243247 0.0117621 0.0198787 0.0285643 0.0998225 0.0133065 0.0179604 0.0320736 0.0940743 0.194939 -0.00566012 -0.00451237 0.0252635 0.113719 0.0106611 0.0239865 0.0566657 0.00278409 0.00690089 -0.00885387 -0.00607399 0.0183074 0.0535489 0.0148947 0.00900567 0.11363 0.00369783 0.0228249 0.0271327 0.0207451 0.0299208 0.0252539 0.0326714 0.0390493 0.107298 0.0331986 0.0215518 -0.0136302 -0.0236167 0.0182812
internal_weight=2385.83 2242.03 191.357 146.339 118.849 118.454 35.835 10.7515 4.61425 3.04131 2050.68 1189.2 861.48 1072.01 310.614 761.397 123.401 31.9817 309.373 257.99 834.232 138.813 695.419 337.845 225.421 160.38 7.10007 130.351 120.944 75.7083 16.4258 4.44387 45.2357 112.424 153.279 4.11227 63.3219 47.0914 11.9819 637.996 471.285 166.712 153.21 36.2485 5.4974 59.2825 55.1876 2.66462 52.5229 149.167 135.572 118.232 90.8432 87.4115 75.0393 68.8021 5.43242 63.3697 48.7894 116.961 117.186 13.1468
internal_count=785707 378225 193756 141924 111457 111302 47007 11624 3102 678 184469 125951 58518 107789 87853 19936 2912 1171 87758 67432 58291 10916 47375 23553 21787 14016 854 10837 10609 6596 1385 901 4013 1766 13162 470 785 552 484 17024 13740 3284 2489 764 687 5211 4850 682 4168 12692 12463 12157 8969 8691 6699 6058 591 5467 4501 1725 18162 771
is_linear=0
shrinkage=0.05


Tree=55
num_leaves=63
num_cat=0
split_feature=16 38 49 43 37 16 38 42 50 25 52 55 45 52 40 2 50 17 46 55 46 40 36 11 54 48 3 23 43 49 52 51 51 29 41 16 54 28 51 47 47 52 43 41 42 40 50 46 36 54 38 13 48 35 40 48 48 12 43 31 46 41
split_gain=101.872 17.7062 16.387 10.9226 9.89034 14.7171 12.021 12.4215 11.6554 13.2025 12.1289 21.3507 24.5534 11.2151 20.2685 10.2342 9.86254 8.91512 8.53167 8.38039 10.7726 10.3704 15.7586 12.2534 12.1647 15.6288 11.9075 8.91413 16.7226 8.852 8.73503 8.54327 14.9358 12.9079 18.2269 12.4567 16.3694 15.2101 9.69507 16.1429 8.83595 8.00116 10.8993 12.3581 7.83522 8.91306 11.71 7.77516 7.39423 19.9553 10.9697 12.0116 15.0629 11.7545 11.7071 11.2231 12.8916 13.0555 10.5184 10.7403 9.93725 8.6646
threshold=-39.127565383911126 -13.529411315917967 270.83627319335943 23.080894470214847 267.62890625000006 -2.6563453674316402 -20.882354736328121 26.524032592773441 109.77769470214845 3.3505697250366215 15.344823837280275 0.60355338454246532 -0.5773639678955077 49.095659255981452 6.1568679809570321 261.14944458007818 95.97998428344728 -7.171337127685546 0.36788749694824224 1.0000000180025095e-35 4.1650476455688485 -0.88235473632812489 263.23529052734381 267.95007324218756 0.91597560048103344 -0.12414410710334776 243.54915618896487 -47.61304855346679 -0.45230102539062494 270.94653320312506 179.38448333740237 16.817182540893558 50.562639236450202 3.8278121948242192 6.3272812366485605 -37.484422683715813 -0.91597560048103321 16.300477981567386 14.791633129119875 0.018101312220096592 -0.10867550969123839 88.222122192382827 8.5010833740234393 4.9857223033905038 3.4479217529296879 5.3529357910156259 227.77883148193362 -0.15935897827148435 199.11765289306643 0.78656607866287243 0.64705657958984386 1.0000000180025095e-35 0.48329061269760137 7.8498969078063974 -3.6862716674804683 0.94361287355422985 0.97297734022140514 -2.8302230834960933 2.6108932495117192 12.869681835174562 -2.8071050643920894 12.053982734680178
decision_type=2 2 2 2 2 2 2 2 2 2 2 2 2 2 2 2 2 2 2 2 2 2 2 2 2 2 2 2 2 2 2 2 2 2 2 2 2 2 2 2 2 2 2 2 2 2 2 2 2 2 2 2 2 2 2 2 2 2 2 2 2 2
left_child=17 2 -2 41 5 -4 7 19 9 10 11 12 -8 -11 -15 -13 -12 44 -17 20 29 22 23 26 -25 -26 -21 28 -24 -6 -22 33 -33 -31 -35 36 -36 47 40 -40 -37 48 -43 -44 -1 -46 -47 -38 49 -3 51 54 61 -52 -50 -56 -57 -58 59 -55 -60 -53
right_child=1 3 4 -5 6 -7 8 -9 -10 13 16 15 -14 14 -16 18 -18 -19 -20 21 30 -23 27 24 25 -27 -28 -29 -30 31 -32 32 -34 34 35 38 37 -39 39 -41 -42 42 43 -45 45 46 -48 -49 50 -51 53 52 -54 58 55 56 57 -59 60 -61 -62 -63
leaf_value=-0.048582053000126503 -0.030666059725477691 -0.032113421492156666 -0.034177020250710004 -0.027430860817504649 0.21990053708459745 0.24646041197982405 0.43965815928335439 0.34683135763469541 -0.042148515930536479 -0.0040567181269339893 -0.0056579746192505923 0.19383228756423065 0.1251868015222671 -0.05023632218056049 0.43588101990437611 0.13708510493926956 0.13195022778375051 0.41634329759757177 -0.032011795489523751 0.043525112024244944 -0.042430070160364673 -0.050123508185760751 -0.050109534785439273 -0.018944651616838705 0.38829544304892039 -0.05007295393268945 0.25118667419390828 -0.026560449900824002 0.63907633998732793 -0.035579145255649071 0.19294681197562233 -0.03835519431099383 0.043893205760791934 0.46795668123604711 0.48015490501353209 0.062113840172108782 0.22499567169655138 0.41685926713320481 -0.05012756425531624 0.34169573790771057 -0.050237045780886384 -0.039469940842216424 0.13513299871154955 -0.051011916754160218 -0.037742477323993745 -0.0020452892491692638 0.19696624701525761 -0.050217293045563161 -0.038124495562442628 0.010248098032682819 0.046835705621105075 -0.0089102384932475548 0.011874933555494323 -0.011734510305569844 0.0060576779970597516 -0.032384220380814184 -0.044529564570707267 0.035625647315345364 0.021132084708366181 0.032538838791840982 -0.029273478308438506 -0.042137565736959356
leaf_weight=103.94286179446499 75.086915574851446 49.95070219039917 27.617556501878429 28.888774857099634 0.55526157520944153 0.47520258463919063 0.91632435581414062 0.24952755667618376 4.9488594596041358 13.64512603540788 5.4195752298110165 1.0171573766856452 1.9240446673356943 0.44850516872247759 0.41085116082103923 1.0320924776315226 1.7138514438993295 0.1067615642095906 2.6904301850008778 1.4504715793300405 10.935479955543993 18.668526105640922 0.22371312160976231 4.5657762226182967 0.44976905814837664 0.37107090943027277 1.3172098741051739 25.177192360948542 0.14510985810193133 3.40419098350685 0.40890260925516564 12.01348664404941 10.211291832063578 0.28891420480795105 0.36766179002006527 4.5302305804507315 0.36243647031369597 0.31970978976460163 0.44963511981768511 0.63285935291787609 2.851549941842678 20.297342268284414 2.0602824520901772 1.5719358938513321 36.440281469054753 13.521157467650479 0.7819083005597357 0.87910538935102434 15.786399621749295 62.693819284439087 28.209581267088652 41.455116702709347 44.064720722148195 18.001485808286816 1472.3688935447717 40.795777289604302 7.0627383483224575 18.09629051014781 16.083927264204249 57.306264044716954 24.939708554418758 37.249381685629487
leaf_count=325535 67593 217 20330 2600 355 13 328 47 1706 8218 1449 98 276 259 157 229 111 13 816 75 11245 24837 277 1980 110 397 331 27364 195 3810 28 11101 3719 313 186 2691 106 111 403 357 2639 5106 97 575 89770 27989 315 1072 434 353 207 513 436 348 124281 8841 1112 273 184 772 338 307
internal_value=-0.00118345 0.00154506 -0.0113374 0.00308934 -0.00243842 -0.0294299 0.00317853 -0.00550686 0.0288098 0.0408286 0.0741994 0.118238 0.226638 0.00697692 0.182172 0.0532772 0.0274033 -0.0404043 0.0148714 -0.00638097 0.00866125 -0.0202288 -0.00366846 0.0568489 0.0129145 0.190126 0.142357 -0.0229856 0.221044 0.0217722 -0.033946 0.0187425 -0.000565733 0.0492062 0.0762257 0.0653362 0.180002 0.109319 0.0392051 0.178944 0.0187132 0.00353964 -0.0251952 0.054574 -0.0407195 -0.0246139 0.00883411 0.0301241 0.00389517 -0.00853655 0.004664 0.00352478 -0.0115315 0.0178805 0.00471417 0.00515378 -0.0150247 0.0131242 0.0108591 0.0219558 -0.00951123 -0.0246361
internal_weight=2379.85 2225.06 238.176 1986.88 163.089 28.0928 134.996 100.829 34.1668 29.218 14.7135 7.58005 2.84037 14.5045 0.859356 4.73968 7.13343 154.793 3.72252 100.58 48.2107 52.3688 33.7003 8.1543 5.38662 0.82084 2.76768 25.546 0.368823 36.8663 11.3444 36.3111 22.2248 14.0863 10.6821 10.3932 1.92891 1.56125 8.46427 1.08249 7.38178 1957.99 23.9296 3.63222 154.686 50.7433 14.3031 1.24154 1934.06 112.645 1821.42 1676.88 122.769 144.541 1554.11 1538.32 65.9548 25.159 116.331 75.3077 41.0236 78.7045
internal_count=785948 342326 195332 146994 127739 20343 107396 93749 13647 11941 3307 1747 604 8634 416 1143 1560 443622 1045 93702 38136 55566 30729 2893 2487 507 406 27836 472 26863 11273 26508 14820 11688 7878 7565 1475 1289 6090 760 5330 144394 5778 672 443609 118074 28304 1178 138616 570 138046 136197 1256 1849 134941 134507 10226 1385 1642 1120 522 820
is_linear=0
shrinkage=0.05


Tree=56
num_leaves=63
num_cat=0
split_feature=17 48 17 47 54 47 42 47 49 49 8 53 5 49 17 19 49 49 9 49 37 47 47 5 26 16 39 51 2 35 44 52 43 29 42 39 18 52 44 45 43 48 41 47 45 5 17 52 51 42 28 26 0 52 55 35 47 3 5 49 38 49
split_gain=94.4211 13.2099 12.0934 15.8701 16.7271 21.882 17.699 14.6557 14.1147 34.0886 32.1824 32.0937 25.291 45.8943 13.856 27.4325 10.4611 9.98546 16.7812 13.7773 11.9449 14.2505 12.4377 17.7847 16.6494 11.7598 11.3388 10.7103 10.149 9.47231 9.25915 8.86486 8.49591 13.2065 8.42396 17.6884 8.37213 8.22043 7.9459 7.9207 9.29027 82.2401 11.0904 10.9813 22.1398 57.0383 109.18 10.6169 9.73665 7.89999 7.70086 7.62931 11.6078 10.9043 10.4619 9.5892 7.84748 9.23231 7.66427 12.0937 8.4556 7.39616
threshold=-37.522951126098626 -0.72268652915954579 -9.5348014831542951 -4.0538423061370841 -0.37940952181816096 0.94373273849487316 10.808547973632814 -1.2116584777832029 268.30914306640631 269.27120971679693 283.12109375000006 164.50000000000003 242.13864898681643 268.59339904785162 -36.648218154907219 -46.416141510009759 255.95982360839847 272.37759399414068 266.31352233886724 270.83627319335943 261.56500244140631 0.51882392168045055 -2.2223560810089107 262.52239990234381 4.6161174774169931 -18.733367919921871 -25.587512016296383 26.465111732482914 265.70204162597662 5.9736292362213144 -3.2881050109863277 2.2261739969253544 -2.5513610839843746 1.0121507644653323 2.1492156982421879 -21.665216445922848 -18.700860977172848 36.042289733886726 -4.3761272430419913 -0.99540519714355458 1.3923187255859377 -0.57137185335159291 0.9034126102924348 -0.89959621429443348 0.16202354431152347 283.91111755371099 -45.951503753662102 1.1829650402069094 2.2764856815338139 -10.092010498046873 -2.5656070709228511 1.0000000180025095e-35 267.93907165527349 2.8244403600692753 0.60355338454246532 7.0204575061798105 0.82807111740112316 240.37794494628909 263.53910827636724 273.35858154296881 -7.1176528930664054 291.00012207031256
decision_type=2 2 2 2 2 2 2 2 2 2 2 2 2 2 2 2 2 2 2 2 2 2 2 2 2 2 2 2 2 2 2 2 2 2 2 2 2 2 2 2 2 2 2 2 2 2 2 2 2 2 2 2 2 2 2 2 2 2 2 2 2 2
left_child=38 -2 3 -3 5 8 61 31 16 10 12 -12 13 -10 15 -9 34 19 -19 -11 27 22 23 25 -25 -22 49 36 -28 -14 51 -8 33 -24 35 -5 -21 -34 39 -1 43 -42 -43 44 48 -46 -47 -45 -41 -20 -4 52 -16 55 -54 -53 -55 -58 60 -60 -59 -6
right_child=1 2 50 4 6 -7 7 14 9 17 11 -13 29 -15 30 -17 -18 18 26 20 21 -23 32 24 -26 -27 28 -29 -30 -31 -32 -33 37 -35 -36 -37 -38 -39 -40 40 41 42 -44 47 45 46 -48 -49 -50 -51 -52 53 54 56 -56 -57 57 58 59 -61 -62 -63
leaf_value=-0.038930111270582657 -0.044128420065277819 -0.039493501594547911 -0.050996961034830202 -0.014160576959531469 -0.024142443411159193 -0.044410426544625944 0.14564889207128492 0.59591194590347352 0.50123806071094712 -0.038555759522046172 0.77097646303995138 0.15029180297828215 0.093015238589560789 0.0026957592583253479 0.15077401184899261 -0.05255492655586589 -0.037727504111183946 -0.037261919921699194 0.096571224932771621 -0.031294361229655454 -0.050774863406921548 0.31401257405150562 0.25004060736048073 0.13767561336138001 0.53757215854335183 0.19602817233339551 0.13913471116817547 -0.063890124867721901 -0.0025310076259216501 -0.050203326801278682 0.14894664595306994 -0.03271625465679364 -0.017950418974476644 0.00020882426905688997 0.00278654953050942 0.28941910670229881 0.088151835276305657 0.10788114950661454 -0.047223855178835442 0.52261775300668201 1.5801689280667779 0.56230398492761058 -0.050043331755602563 0.51591038958518176 0.030197340510657391 -0.050016108610601545 2.0038869083571074 -0.03467471181892498 -0.013792581997072149 0.0086355140231356223 0.0037842226969966018 0.30205200251644199 0.099752083980371858 -0.018953830529657198 -0.012308300412204931 0.021318157721650442 0.20306192810529144 -0.050235930315159522 0.21583781943174582 -0.050203539206887415 0.052999657834422426 0.072256024108516309
leaf_weight=22.450838391581783 15.728330732672474 32.558065686462214 6.4381812909850842 1.0919128005625678 136.05533287566504 17.079898654017597 0.7219681130663983 0.3081626666826196 0.90222317911684402 4.3193032056733527 0.3649856254342011 0.4850320074474439 2.52328282626695 0.9453064589179121 2.3627244033850721 0.34643883263924991 18.814554506883724 16.647383645293303 2.6763836292957413 2.1145452784257941 0.93051094273687329 0.68445286413771178 1.1425431195239082 0.53143344103591494 0.51012717169942334 1.0028317440883268 3.4951193063752717 2.8321501184836961 1.9807214051834305 2.1282954487833194 1.3718752436980128 19.835751611244632 4.4480236928211463 0.9850057920848484 7.656734718097141 0.85597064433386716 4.7904973990516755 1.832738590397639 106.64694676463841 0.087302013387670629 0.092013167013647035 0.081655982212397116 0.78270673952647485 0.08834866300457811 0.6229052998824044 0.13813180942088366 0.12171697101439349 9.7653623006190156 2.7303978030977305 55.89488639702904 1804.4423397151986 0.56543294913717435 3.1873855515441374 20.73343567940174 6.0100320919882506 0.65834825203637592 0.75069268315564741 4.0814014524803488 1.1159276212565599 0.69210565497633059 3.8587220810004501 2.0193176514294455
leaf_count=52413 6175 20304 251 493 121862 13050 235 231 253 3210 298 146 324 411 120 340 13188 5764 818 428 435 232 76 164 228 134 355 393 305 1334 108 10040 1546 380 1061 76 206 242 345286 198 218 215 1823 228 896 447 271 25166 5987 27590 104118 161 496 8492 934 242 67 2595 311 575 470 1586
internal_value=-0.00100613 0.00153172 0.001857 -0.00604744 -0.00305865 0.00907106 -0.012521 0.00864945 0.0154774 0.0233261 0.127488 0.416805 0.0896482 0.246154 0.0243221 0.25272 -0.0160532 0.0161598 0.00746158 0.0430275 0.0591883 0.0924305 0.0791072 0.166974 0.333534 0.0772428 0.0190863 0.0179899 0.0878914 0.0274866 0.0210281 -0.0264522 0.0480194 0.134374 0.0264048 0.119243 0.0515736 0.0187675 -0.0402999 -0.020322 0.00846875 0.159082 0.00780486 -0.00215849 0.0712817 0.289784 0.912062 -0.0297381 0.00282725 0.0126537 0.00358946 0.0170412 0.0519209 0.00461779 0.0265265 0.151028 -0.00111903 0.0341017 0.0210903 0.113999 -6.57482e-05 -0.0227326
internal_weight=2367.12 2223.51 2207.78 396.9 364.342 159.667 204.675 66.6004 142.587 114.168 7.34913 0.850018 6.49911 1.84753 46.0427 0.654601 28.4192 106.819 80.6945 26.1242 21.8049 12.0677 11.3832 2.9749 1.04156 1.93334 64.0471 9.73719 5.47584 4.65158 45.3881 20.5577 8.40831 2.12755 9.60462 1.94788 6.90504 6.28076 143.608 36.9614 14.5105 0.956376 0.864363 13.5542 3.70045 0.882754 0.259849 9.85371 2.8177 58.5713 1810.88 44.0162 11.5601 32.4561 9.19742 1.22378 31.2323 10.4988 9.74816 1.80803 7.94012 138.075
internal_count=786001 352853 346678 242309 222005 73140 148865 25417 60090 45272 2766 444 2322 664 15142 571 14818 42506 34832 7674 4464 3437 3205 961 392 569 29068 1027 660 1658 14571 10275 2244 456 1630 569 634 1788 433148 87862 35449 2256 2038 33193 7799 1614 718 25394 6185 28408 104369 14463 1550 12913 1430 403 12510 4018 3951 886 3065 123448
is_linear=0
shrinkage=0.05


Tree=57
num_leaves=63
num_cat=0
split_feature=3 17 52 47 47 16 25 50 47 45 48 38 11 30 2 8 22 44 38 54 43 48 2 6 50 16 17 47 44 49 50 49 48 48 47 52 11 52 50 50 27 38 37 27 2 52 12 52 17 17 52 51 6 54 46 29 35 12 38 29 51 37
split_gain=91.7163 14.1851 14.9925 8.87585 9.6494 10.1244 31.9742 8.91534 13.2677 18.6855 15.2184 10.1362 10.7524 11.6925 14.4561 70.7542 11.456 35.7535 13.8952 8.18991 7.3157 13.0581 11.434 14.0086 13.2383 15.5258 15.5187 15.1397 12.2346 11.9392 11.4913 10.768 10.4211 19.7685 10.3063 10.2959 10.2806 10.3312 10.2393 9.76123 9.00971 10.8224 8.88372 8.31599 7.03286 9.16749 10.0015 15.8279 14.0973 9.4453 10.8183 41.3863 17.2943 7.64944 13.0559 9.3269 18.6582 7.9858 8.29262 7.5927 6.99243 6.98928
threshold=282.34765625000006 -11.373033523559569 95.494766235351577 3.1664252281188969 -3.1758836507797237 -44.534931182861321 9.1000795364379901 100.84975051879884 1.9669194221496584 1.4105300903320315 -0.060937255620956414 -14.941169738769529 286.81324768066412 7.2971954345703134 284.78034973144537 290.38374328613287 -48.776727676391594 -7.33632469177246 -36.529418945312493 0.37940952181816107 11.167251586914064 -0.51098686456680287 250.81072998046878 274.02400207519537 63.895137786865241 -8.7254409790039045 -7.4937171936035147 -2.4360113143920894 -3.9637279510498042 255.95982360839847 30.637153625488285 255.59030914306643 0.95832794904708873 0.97297734022140514 -0.77952885627746571 21.918452262878422 269.41944885253912 15.344823837280275 189.46730041503909 32.565227508544929 25.143560409545902 -0.35294342041015619 231.20188903808597 13.116483688354494 258.85743713378912 7.4927635192871103 -21.363506317138668 7.6947641372680673 -17.056587219238278 -11.750988006591795 12.202367782592775 19.222051620483402 255.55839538574222 -0.6035533845424651 1.0904650688171389 5.1821250915527353 5.1550817489624032 -30.293251037597653 -13.176475524902342 -2.1520075798034664 10.704014778137209 264.89834594726568
decision_type=2 2 2 2 2 2 2 2 2 2 2 2 2 2 2 2 2 2 2 2 2 2 2 2 2 2 2 2 2 2 2 2 2 2 2 2 2 2 2 2 2 2 2 2 2 2 2 2 2 2 2 2 2 2 2 2 2 2 2 2 2 2
left_child=1 3 20 4 5 6 -1 11 61 10 -10 12 19 -14 16 -16 -15 -18 -19 -6 22 42 31 24 25 26 29 -28 -29 -24 -30 -3 -33 -34 -31 38 37 -36 -35 -39 41 -23 -22 -26 45 -13 47 -47 -48 50 51 52 -50 54 -46 56 -56 -55 -59 -60 -58 -9
right_child=-2 2 -4 -5 7 -7 -8 8 9 -11 -12 44 13 14 15 -17 17 18 -20 -21 21 40 23 -25 43 -27 27 28 30 34 -32 32 33 35 36 -37 -38 39 -40 -41 -42 -43 -44 -45 53 46 48 -49 49 -51 -52 -53 -54 57 55 -57 60 58 59 -61 -62 -63
leaf_value=-0.050032527607405286 -0.042773503754303097 0.011638708840832436 -0.048391613900945894 -0.04191618142733667 -0.011240047141819195 -0.033888967676267971 0.68608510984177884 -0.024568968545288637 0.28722153290474672 -0.050167193071845084 0.064793800423182515 -0.04594130029737447 -0.037000349331194775 -0.016799047839154032 1.2144548024363615 -0.050073305480550168 0.55909146796061282 0.30106739769647284 -0.020409975593237088 -0.038847916687426223 0.059355892953919909 -0.0098785603269583265 0.1501747438545421 -0.0023480289804917029 -0.029226686607662419 -0.016960923569548522 0.22808490290398092 0.014642833115499463 0.07294569896722683 -0.022409693070982378 0.23935683958840173 0.0022698457252604419 -0.053298075995051909 -0.039238528423779812 -0.01309135824342085 0.066507518799326912 0.17017837110607159 0.1673558176960678 0.062543417249585995 0.024919579638370264 0.040020618343166163 -0.048686248632019195 -0.0050988601091036985 0.089314099833332827 -0.025786507168072015 0.26634487512136101 0.22079227188358153 -0.026170984868389605 -0.01872530940651496 -0.055267348239274164 0.010015383137964708 0.413131145955005 0.27158788097797421 -0.017584873755072328 0.02050613532952212 0.016659819042073691 0.26972331543417039 0.12211166037000261 0.073799387920237963 -0.015859370332657777 0.12854893220704564 0.018194599675488306
leaf_weight=0.5344135474297208 123.99946630431805 323.13303833617829 14.037606141529976 18.280763020418817 81.097643133165548 36.14881576737389 0.20376506698084995 12.680995310744036 1.4131202556891369 1.4718678745266514 1.6871296346653242 11.839872455166185 3.4089310913113859 2.677054510160815 0.15812020827434015 0.36824004902155139 0.40964208450168405 0.4252778278314514 1.6034690137312277 40.168351629225072 10.884575061383659 77.788637293444481 2.3364751550252576 32.540092887065839 8.7174886249122192 6.269341278588402 2.4523684976156801 3.4033561736578122 2.5121432956657355 6.139934208244088 1.7671307384734971 1305.9539537670789 23.680029667681083 9.0124915305641498 4.923470219015142 6.4573592764209016 1.7296393332071591 2.2068365620216355 3.404379178013186 2.6438470391440205 6.9476167756365603 23.359998907311819 10.505923244054427 1.7819382473244321 3.9580849407357155 0.47277667722664674 0.91544482531026261 21.173109518364072 3.1284196020569701 3.4309105915017435 11.390494350984225 0.86221695569111023 0.61360996757866804 16.298990137787769 2.7370970876072516 3.5142159700044431 1.6465135229518639 2.264559185539837 3.6877953399671233 6.5646487499470849 1.8770259767188688 38.758966470399173
leaf_count=1028 412553 8000 3923 21695 75606 27397 319 5478 160 1341 822 4720 4263 1770 169 494 169 223 730 63590 113 6666 99 4817 760 251 139 210 280 868 183 85242 5115 572 850 303 117 204 133 288 399 215 310 380 860 195 382 9027 1243 737 4001 231 81 4815 273 949 130 384 94 688 279 17703
internal_value=-0.000918706 0.00140607 0.00308918 -0.00803183 -0.00609363 -0.0301457 0.153164 -0.00295534 0.0149075 0.0965318 0.166178 -0.00736896 -0.0164612 0.0361103 0.0802858 0.329795 0.0546123 0.133013 0.04698 -0.0203849 0.00347347 -0.0079947 0.00432151 0.0228574 0.0403513 0.0546238 0.0695262 0.119922 0.0853952 0.0439629 0.141665 0.00344082 0.00147642 -0.0228732 0.0298978 0.0152985 0.057816 0.0379322 -0.0113326 0.0897215 -0.0150579 -0.0188411 0.027699 -0.00910822 0.00492535 -0.00708337 0.00387414 -0.019782 0.0290477 0.0200117 0.0361592 0.100837 0.0288796 0.0201171 0.0508268 0.0818494 0.118442 0.00548165 0.0355177 0.0163908 0.194518 0.00765251
internal_weight=2356.46 2232.46 1894.59 337.872 319.592 36.887 0.738179 282.705 56.0121 4.57212 3.10025 226.693 130.317 9.05073 5.6418 0.52636 5.11544 2.43839 2.02875 121.266 1880.55 129.487 1751.07 79.4241 46.884 36.3845 30.1152 10.135 7.68263 19.9802 4.27927 1671.64 1348.51 42.5543 17.6437 18.8742 11.5038 9.77415 12.4169 4.85068 108.096 101.149 21.3905 10.4994 96.3758 53.8269 41.987 21.6459 20.3411 19.4257 15.9947 4.60425 3.74203 42.5489 13.7329 9.77485 6.26064 28.816 12.517 10.2524 3.52354 51.44
internal_count=785036 372483 120437 252046 230351 28744 1347 201607 25504 2323 982 176103 147014 7818 3555 663 2892 1122 953 139196 116514 7703 108811 9446 4629 3489 3238 812 673 2426 463 99365 91365 6123 2327 1008 1459 1342 705 492 7280 6881 423 1140 29089 20617 15897 9222 6675 6293 5556 1555 1324 8472 2491 1631 682 5981 1166 782 409 23181
is_linear=0
shrinkage=0.05


Tree=58
num_leaves=63
num_cat=0
split_feature=17 38 43 29 38 40 36 41 19 53 0 48 44 13 25 23 1 41 14 2 52 5 40 41 36 13 17 2 53 51 49 29 23 1 43 38 53 47 49 36 50 47 3 27 43 3 40 31 12 10 47 30 40 30 27 53 41 53 54 55 49 5
split_gain=90.9588 11.9461 9.12922 10.751 10.6819 11.8929 10.9363 11.7523 11.2296 10.6129 10.6629 14.4024 12.9656 10.106 20.814 13.3739 12.1433 10.0152 10.855 11.8451 10.0071 13.7032 9.47739 13.7517 10.5369 11.4668 22.4963 14.0335 9.73824 14.3751 9.21758 13.2154 19.1885 22.0617 11.4784 9.55523 9.20357 13.6969 10.1087 13.5177 11.1184 10.9745 19.0804 9.13396 10.1063 12.8075 18.6224 23.3818 10.7729 9.07653 8.84238 10.0692 8.83342 8.60095 11.1822 8.47986 8.34829 8.06459 11.406 9.0725 7.98231 15.0438
threshold=-37.732353210449212 -17.529411315917965 12.870986938476564 5.0169582366943368 0.64705657958984386 -1.6078414916992185 243.82353210449222 0.20721228420734408 -8.9068512916564924 101.63888931274415 267.37843322753912 0.086114823818206801 0.70805358886718761 -39.215557098388665 5.9325485229492196 -45.664100646972649 284.31881713867193 1.4771171212196352 -4.7342185974121085 240.09906005859378 17.470466613769535 226.45742797851565 -0.45098876953124994 8.6124472618103045 239.70588684082034 -5.9673194885253897 -2.8064270019531246 222.76695251464847 391.44444274902349 31.572175979614261 269.27120971679693 -0.2056622505187988 -18.475384712219235 247.85386657714847 1.9735183715820315 -4.7058792114257804 396.91667175292974 0.36737355589866644 279.88751220703131 256.17646789550787 31.769190788269047 1.1138217449188235 244.19974517822268 6.7096576690673837 3.0680999755859379 214.27725219726565 1.2156753540039065 3.8949201107025151 -5.262676239013671 252.918815612793 0.91485166549682628 5.4279432296752939 6.1568679809570321 1.9501428604125979 2.0822591781616215 -24.833333015441891 15.799563884735109 67.500000000000014 -0.91597560048103321 0.78656607866287243 259.93206787109381 237.1656188964844
decision_type=2 2 2 2 2 2 2 2 2 2 2 2 2 2 2 2 2 2 2 2 2 2 2 2 2 2 2 2 2 2 2 2 2 2 2 2 2 2 2 2 2 2 2 2 2 2 2 2 2 2 2 2 2 2 2 2 2 2 2 2 2 2
left_child=-1 -2 3 4 5 30 9 -8 13 17 11 22 20 14 15 16 -9 -7 19 -19 -13 -22 49 24 25 26 60 28 29 -27 50 35 33 -33 -35 -32 38 -38 39 41 -40 -15 -43 44 45 -20 47 -47 -48 -11 -3 -52 -25 -21 57 -5 -45 58 -55 -60 61 -24
right_child=1 2 -4 55 -6 6 7 8 -10 10 -12 12 -14 36 -16 -17 -18 18 43 53 21 -23 23 52 -26 27 -28 -29 -30 -31 31 32 -34 34 -36 -37 37 -39 40 -41 -42 42 -44 56 -46 46 48 -49 -50 -51 51 -53 -54 54 -56 -57 -58 -59 59 -61 -62 -63
leaf_value=-0.041739658390718616 -0.011397576128479116 -0.045693360574791966 -0.011206067764663857 -0.046984937315243169 0.039834495614051342 0.058618212058590316 0.21134551369333662 0.36899884422144386 0.23443069475883119 -0.026453830374793055 -0.025049766760791639 0.029951039528319595 -0.010580485712747709 -0.043743683605875862 0.33866120457161486 -0.050574486332505775 0.029442879488615736 -0.029851975515232162 -0.015807046661675893 -0.042788185334388773 0.15789174089023328 0.040244302309854832 0.079195615924899862 -0.020744240479432723 -0.052194280858383429 -0.00030268159185595445 0.10382153330457233 -0.01445594394497479 0.055634249411758374 0.051727676224041931 -0.01919990379362814 0.24525116343404463 -0.027011447843590681 -0.019122330832199587 0.12441127775786615 0.024577232711985239 0.016179539313689994 0.1565954346371593 0.10663245691629777 0.23521796391132865 -0.012535306307694852 0.2022234642869333 -0.050354932072248094 0.090578791398187322 -0.024507151511929219 -0.012978151746914281 0.04453784015173548 0.084656752843461469 -0.020742952937117618 0.024387901512262004 0.050756497414134974 -0.032817128461815642 0.043472449608916108 0.15816011468082325 -0.0062180388892940424 0.0003964373148593282 0.0080266240629658543 -0.028051502234926608 -0.022597205407805285 0.072968769902095665 0.014468077529665339 -0.033900815572212938
leaf_weight=131.88750731557957 178.84509931123466 25.012588923564181 121.66701913025463 9.5183293357840721 25.021573804318905 7.0558719186810768 0.92720425716834043 0.47044233410269998 0.6667385584441935 26.522361358278431 16.566296344593866 6.9427364343428115 5.7573169635725199 13.76095106784488 0.76668712586979371 1.563138342666206 0.59799667983315885 54.432182053977158 28.44280246575363 8.8027387642068771 5.8229834694648144 4.3050337675958872 13.904207865009086 32.409183697134722 4.5896554534556335 43.22168806893751 11.727971965447066 30.0583927531261 20.183080473681912 19.159881185973063 45.437853346491465 1.9308913127752019 4.9774390540551376 2.926693394605536 2.657766040036222 17.176933801732957 4.7553472800645968 2.7359038440627046 4.2166738711530334 0.5152944743167599 3.6530179465771653 1.3406159879523323 1.6906647432479074 6.1269961886573565 24.555865053553134 8.923637055326255 8.8756730381865037 19.602128909900784 21.946488503715958 13.121472700207958 6.3297060938202767 8.3698022642638517 6.415190738043747 2.4768551099405167 32.207628323114477 1194.3845508030499 6.1231286026304588 3.1122641247929996 3.8358586760587059 7.0440834884066135 37.384745601273607 3.7289267648593514
leaf_count=429863 174378 1145 15110 1481 184 213 45 158 21 733 2782 331 238 5671 258 619 265 4477 500 569 127 331 666 2475 1418 620 261 864 312 295 3839 71 215 413 317 279 928 346 578 67 797 242 781 215 430 224 360 392 655 514 360 301 521 115 7471 113626 171 332 700 551 3287 361
internal_value=-0.00139384 0.000995201 0.00207718 0.00291595 0.00773584 0.00658497 0.00948154 0.0355408 0.0311032 0.00768206 0.0139477 0.0162125 0.0543051 0.0273445 0.109406 0.0426149 0.178952 -8.22416e-05 -0.00183348 -0.013136 0.0761886 0.107884 0.0128989 0.0169072 0.0226141 0.0245282 0.04095 0.0147959 0.0254453 0.0156779 -0.00812363 0.00217762 0.0491321 0.0995621 0.0491884 -0.00719065 0.0188082 0.0674613 0.0043319 -0.0170318 0.0513162 -0.0247724 0.0613505 0.00831837 0.00384807 0.0117793 0.0250002 0.0541139 -0.00194443 -0.00962603 -0.0276064 0.00317023 -0.0101333 0.00269371 0.0109187 2.18294e-05 0.0493157 0.0444321 0.0613214 0.0392758 0.0275478 0.0552788
internal_weight=2359.19 2227.3 2048.46 1926.79 722.887 697.866 583.046 37.6607 36.7335 545.385 301.821 285.255 22.8281 36.0667 3.39826 2.63158 1.06844 243.564 236.508 111.912 17.0708 10.128 262.427 222.783 183.959 179.369 66.7459 112.623 82.5646 62.3816 114.82 75.1076 12.4928 7.51535 5.58446 62.6148 32.6685 7.49125 25.1772 17.3075 7.86969 16.7922 3.03128 124.597 112.347 87.7907 59.3479 28.5258 30.8222 39.6438 39.7121 14.6995 38.8244 57.4794 48.6767 1203.9 12.2501 16.4691 13.3568 10.8799 55.0179 17.6331
internal_count=785869 356006 181628 166518 51411 51227 44287 10776 10731 33511 16136 13354 1027 10710 1300 1042 423 17375 17162 14215 789 458 12327 11080 8084 6666 4575 2091 1227 915 6940 5134 1016 801 730 4118 9410 1274 8136 6761 1375 6694 1023 2947 2561 2131 1631 616 1015 1247 1806 661 2996 9738 9169 115107 386 1698 1366 1251 4314 1027
is_linear=0
shrinkage=0.05


Tree=59
num_leaves=63
num_cat=0
split_feature=1 39 49 48 33 36 24 43 53 46 49 51 45 53 53 53 13 2 49 10 12 10 37 48 0 43 42 24 50 28 13 2 14 5 53 29 49 35 33 47 21 49 51 43 42 53 42 21 12 47 21 44 36 42 43 11 39 36 52 52 47 23
split_gain=87.6452 11.2223 10.9308 10.3213 16.4693 22.6688 13.1212 10.1162 10.0867 16.6656 17.5069 16.8285 23.0087 14.0829 9.74606 13.2328 12.6966 8.99724 18.1313 11.059 9.64305 9.26262 8.73158 15.9056 8.10629 7.99461 16.935 14.8815 19.1147 13.6751 14.1635 16.8631 12.0538 10.8608 20.1591 13.5356 20.1177 13.1917 15.3704 22.6971 50.0261 18.0151 20.2223 19.0978 17.7966 18.0978 15.3757 12.3988 12.1431 12.0585 19.5546 11.7332 11.4641 11.3323 10.1521 9.91992 16.3265 10.1742 9.72797 9.19907 12.522 13.7808
threshold=284.31881713867193 -30.774875640869137 265.99908447265631 0.6227284073829652 7.0393199920654306 266.76470947265631 24.555786132812504 2.5110626220703129 15.916666507720949 1.3839855194091799 288.19223022460943 2.7229400873184209 0.38357734680175787 10.500000000000002 16.083333015441898 18.433333396911625 -39.629301071166985 282.29653930664068 271.22605895996099 289.18223571777349 -48.778070449829094 283.08111572265631 283.05374145507818 0.26878702640533453 223.43399047851565 12.870986938476564 9.6923141479492205 34.739433288574226 51.427640914916999 0.1853904724121094 -29.840755462646481 271.84974670410162 -2.5146064758300777 218.3474044799805 212.86110687255862 0.41527032852172857 283.52928161621099 22.650845527648929 21.117035865783695 -0.92635098099708546 -6.9329886436462393 274.13537597656256 49.253993988037116 3.7531433105468754 6.4928665161132821 283.53332519531256 2.4330596923828129 -5.1174039840698233 -40.802845001220696 -7.5709824562072745 -6.3219864368438712 -1.2250518798828123 210.88235473632815 6.1290054321289071 3.4640502929687504 247.73960876464847 -6.2992000579833975 216.76470184326175 23.859390258789066 21.355613708496097 3.0238757133483891 -15.753283977508543
decision_type=2 2 2 2 2 2 2 2 2 2 2 2 2 2 2 2 2 2 2 2 2 2 2 2 2 2 2 2 2 2 2 2 2 2 2 2 2 2 2 2 2 2 2 2 2 2 2 2 2 2 2 2 2 2 2 2 2 2 2 2 2 2
left_child=1 2 -1 4 5 7 14 8 9 -4 11 -11 13 -13 -5 16 -16 20 -19 21 -17 -20 23 -10 -8 26 29 28 55 30 31 -3 -32 47 35 36 -35 38 41 -40 46 42 43 44 54 -46 -41 52 -37 50 -50 -45 -31 -49 -36 -27 57 -57 59 60 -54 -62
right_child=-2 25 3 6 -6 -7 24 -9 22 10 -12 12 -14 -15 15 17 -18 18 19 -21 -22 -23 -24 -25 -26 27 -28 -29 -30 33 32 -33 -34 34 37 48 -38 -39 39 40 -42 -43 -44 51 45 -47 -48 53 49 -51 -52 -53 58 -55 -56 56 -58 -59 -60 -61 61 -63
leaf_value=-0.034744538529203804 -0.041102644318692504 0.0087794115960550239 0.004348158277230757 -0.024680574073968772 -0.028982054135323593 -0.033998276782354286 0.16980113946539771 -0.016355145201899988 0.01942459568233593 0.36929933537909676 0.34429594073574554 0.082264145542970554 -0.030867139177656225 0.52375307611487387 -0.050628148047531012 -0.050270190204477296 0.26034568217789883 0.68447022574624616 0.45901999646724828 0.25155120081536614 0.024590354499602188 -0.050095994667560977 -0.043176298113148617 0.23663435708965228 -0.047065355696825087 -0.021396309183171938 0.018059926149195934 0.1193610655944865 -0.042626247506566128 -0.010692420073244996 -0.018254717258025514 0.30582589415427769 -0.088243139207591512 0.016654892019064303 0.033986154093973694 0.17361682739210832 0.20683074444498228 -0.021365274167483891 -0.01574735079802448 -0.022681128241661186 0.4924235856399124 -0.022590472844477814 -0.023452655048280507 -0.027736340584280369 0.21516666245817195 0.055452712643736635 0.21367841524730521 0.0043135940426938819 -0.017549600257753133 -0.014477317063906738 0.10920531988026452 0.071588803322328198 0.017649088732351163 -0.019978240314766103 0.16321230091425243 0.062794650451894793 0.086978677759194739 -0.0065499749357748813 -0.0054759967644292364 0.076461494825629361 -0.00069980775939988997 0.09320317572201732
leaf_weight=34.121674493420869 132.57414030298241 1.5223691290011623 4.2100582683342491 11.317134998796972 77.403240310348338 33.571517677570228 0.4478314567822953 20.058265398605727 48.963047493918566 0.47579897049581665 0.87230502651073027 0.37718013202538747 2.2236077954585198 0.34663385228486732 0.46537673188140605 4.6855032295570629 1.1137828088249069 0.13613656329107371 0.097616098442813271 0.64604859400424164 52.527688177418902 1.0536002997832836 5.5084458781930143 0.85757613787427445 11.397506312176118 30.915456137270667 169.43775233704946 2.1720496827037996 36.736332289001439 29.436641101259738 50.817380293621682 0.69630845682695497 6.999286991544067 13.708699169277677 54.422364605998155 0.87715966062387352 1.5476052446756501 26.21403126482619 2.8309261976392008 1.7717582841287374 0.91946498566539858 27.200341141811805 18.90740263951011 15.973426196491348 2.9870656990678972 4.3664955205167644 1.1249370392179114 820.0847060555825 7.2630057386122644 330.90437731042039 5.2363710866775346 3.6533093461184754 88.611150124575943 50.99622266413644 1.5634971023537207 6.1701528294943264 6.7464776183478525 37.059674744639779 23.820109517779201 9.6063407839974371 5.7266034395433989 12.296980097540652
leaf_count=28722 422739 386 1240 6555 44694 52387 12 11087 12468 205 139 300 813 113 392 4135 303 288 64 99 20332 2267 1854 137 6360 968 20010 116 4237 701 7449 321 77 1712 6942 146 339 7883 607 492 158 4602 3151 1941 208 578 255 15929 1546 73439 134 256 3006 599 113 102 158 7219 1239 314 155 543
internal_value=-0.00160852 0.000745539 -0.00803265 -0.00476292 -0.0110755 0.000724026 0.00990084 0.0146189 0.0243516 0.0750439 0.144333 0.0933784 0.0488368 0.293693 0.0179192 0.0258583 0.168702 0.0220445 0.128128 0.0859867 0.0184596 -0.00692608 0.0165588 0.0231635 -0.0388664 0.0021825 0.00301872 -0.0103225 -0.0127172 0.00144756 -0.0219701 0.102004 -0.0267275 0.00234759 -0.00354188 -0.0101395 0.0359464 0.0111066 0.0173784 0.0915252 0.171103 0.0135599 0.0232121 0.0338467 0.0472003 0.12033 0.0691095 0.00529901 -0.0121817 -0.0126563 0.0355519 -0.00924802 0.0176719 0.00289146 0.037595 0.000865795 0.0146372 0.00334752 0.0236332 0.0295982 0.0253765 0.0633675
internal_weight=2356.78 2224.2 312.878 278.756 194.868 117.464 83.8882 83.8929 63.8347 8.50558 4.29553 3.42322 2.94742 0.723814 72.0429 60.7258 1.57916 59.1466 1.9334 1.79726 57.2132 1.15122 55.3291 49.8206 11.8453 1911.32 1791.52 119.8 117.628 1622.09 60.0353 2.21868 57.8167 1562.05 521.472 359.537 15.2563 161.935 135.721 6.64709 3.81616 129.074 101.874 82.9662 63.3394 7.35356 2.8967 1040.58 344.281 343.404 12.4994 19.6267 169.498 871.081 55.9859 80.8918 49.9763 43.2298 140.061 116.241 106.635 18.0236
internal_count=785736 362997 194966 166244 125437 80743 40807 28356 17269 2810 1570 1431 1226 413 34435 27880 695 27185 2718 2430 24467 2331 14459 12605 6372 168031 155231 12800 12684 135221 8233 707 7526 126988 104502 77316 2051 27186 19303 1512 905 17791 13189 10038 7841 786 747 22486 75265 75119 1680 2197 5958 16528 7055 8447 7479 7321 5257 4018 3704 698
is_linear=0
shrinkage=0.05


Tree=60
num_leaves=63
num_cat=0
split_feature=36 18 27 40 52 49 5 26 32 50 4 11 29 33 14 3 5 49 27 46 41 48 54 52 36 5 14 32 22 32 46 36 17 43 46 54 51 48 51 17 45 33 31 0 26 35 53 50 24 48 34 26 0 18 34 45 39 31 42 52 46 35
split_gain=78.5458 13.4456 9.13985 8.03898 8.64062 24.6863 7.64317 14.6203 12.4324 23.514 13.1699 8.77178 9.15697 30.6412 14.7944 16.4427 10.7148 9.00154 13.0357 10.768 8.81112 10.7677 17.9319 15.8116 11.4221 11.9485 23.9462 11.3851 10.8846 25.7491 10.2974 18.8648 10.1925 11.5637 16.0211 10.1028 12.8745 17.5679 11.8117 14.8121 17.5131 9.62015 17.0976 15.3585 9.9955 12.659 12.2241 15.0678 17.0553 8.74064 13.9171 17.8917 25.4795 29.708 13.3872 12.4465 10.6335 11.37 40.0954 9.61584 12.0898 10.3897
threshold=277.35295104980474 -50.797880172729485 -2.5067682266235347 7.0784301757812509 5.8971209526062021 292.94497680664068 226.45742797851565 19.332517623901371 38.475431442260749 109.77769470214845 242.55974578857425 284.76037597656256 4.6416101455688485 9.7499818801879901 -42.368526458740227 282.34765625000006 253.7664489746094 247.43756103515628 1.9532737731933596 2.3853025436401372 3.4945498704910283 0.1227008104324341 0.12940952181816109 7.5966653823852548 230.88235473632815 238.83087158203128 -11.563179016113279 25.366559028625492 -49.347116470336907 13.45307493209839 -0.49673366546630854 219.11765289306643 -14.337648391723631 13.865692138671877 2.3478345870971684 0.12940952181816109 5.581451654434205 -0.15365490317344663 17.622829437255863 -4.5209541320800772 1.0719127655029299 8.6622915267944354 7.7709307670593271 268.48345947265631 10.761128425598146 12.320700168609621 320.00000000000006 20.849369049072269 13.215580940246584 -0.49895256757736201 2.7597278356552128 2.7115030288696294 264.48999023437506 -18.170272827148434 3.3099508285522465 -2.2645647525787349 -41.872186660766594 0.21208784729242328 2.6427536010742192 11.109360218048097 0.35001039505004888 0.8736633062362672
decision_type=2 2 2 2 2 2 2 2 2 2 2 2 2 2 2 2 2 2 2 2 2 2 2 2 2 2 2 2 2 2 2 2 2 2 2 2 2 2 2 2 2 2 2 2 2 2 2 2 2 2 2 2 2 2 2 2 2 2 2 2 2 2
left_child=1 -1 -3 -2 5 -5 -4 11 -9 10 -10 17 16 14 15 -14 -13 18 -8 -20 49 24 23 -23 25 35 32 28 29 -24 31 -25 33 34 -27 36 37 -22 -37 40 -40 42 -32 -44 -43 -46 47 48 -47 50 56 52 53 54 -52 -53 57 58 -19 60 -58 -61
right_child=3 2 6 4 -6 -7 7 8 9 -11 -12 12 13 -15 -16 -17 -18 20 19 -21 21 22 27 30 -26 26 -28 -29 -30 -31 41 -33 -34 -35 -36 38 -38 -39 39 -41 -42 44 43 -45 45 46 -48 -49 -50 -51 51 55 -54 -55 -56 -57 59 -59 -60 61 -62 -63
leaf_value=-0.036001951060951908 -0.046572810664117135 -0.043977871587342565 0.0032838808142968503 0.044605380430627874 -0.023416935516771629 0.78084690166508874 0.085282372696445188 -0.031819444660899331 0.18163117705305409 0.41045007442443099 -0.050133463433482128 0.090639485815951104 0.64686175675432134 0.014996808592309502 0.14469100477407879 0.13186554864502639 -0.011328768945707057 0.57411696389598832 -0.017760147553893858 0.050113456757312116 -0.038715721693857619 -0.024985948911602468 -0.05004397683488148 0.23979023667435473 -0.026565618034011258 0.23330678105142605 0.18350265055781301 0.28094284709285278 -0.028923077314872359 0.90848570171750309 0.036283632064135367 -0.028529359895564255 -0.025556349877883675 -0.05247029140421744 -0.050293714546919666 -0.018310339033203175 -0.037781606396901812 0.17751168283326479 0.03611094396572203 -0.055494050480252834 0.18602123661118652 -0.013868943907080537 0.33726247357602912 0.072532482613076724 0.18809260973337918 0.3018604428058862 0.061799354022692779 -0.005444928154770377 0.046331512534208412 -0.002407623219119687 0.43839846121444542 0.11054554373508779 -0.026568762441421291 0.066268821848229603 0.19713940352139805 -0.052075599300879905 0.12003863751444332 0.019528471374850864 0.0023173096143587714 0.020377119758778411 0.011897394835566901 -0.041381048421010619
leaf_weight=24.678772006533109 101.12967899189971 11.183531196293186 1534.3592368369573 2.1351242848613761 11.181951428894534 0.12026944920944505 6.7661807834520031 58.046276520355605 0.85959025850752357 0.4332585111260413 2.1363031226792373 3.0666770219977542 0.35695339419180561 8.116103693173498 1.9498470388061822 0.27393370537902229 16.111011130909901 0.47924929074360922 15.94875349494396 9.2225641742697899 2.0655528069473807 25.25653116335161 0.21336545792291772 0.68367646588012831 112.29533444883418 1.5787608140381051 2.440787613624706 0.30201894283527408 48.179851910943398 0.1043186264578253 7.1150735944393073 15.655573825584723 6.9119180883280924 1.1116150798334272 0.72744716057786707 14.28769072686555 32.469896741502453 1.7229203087044869 7.2536036182427761 2.7117396170506245 2.6636587007087655 16.865825666376622 1.0246596023789609 1.177444570319494 1.2345255315885868 0.69765415615984139 17.295305768551771 31.756600377673749 10.204056382819543 120.59894109232118 1.1190902503440159 1.735143753379816 2.0324826370633673 2.5329768495867011 1.1826330720796248 3.6553151552507188 3.1762268402380895 1.9910028000595046 0.85093740612501279 11.69476536367438 13.873072422080439 16.304577266419074
leaf_count=41084 370979 5337 55231 3518 32767 231 99 36047 351 218 1762 378 154 4752 238 418 16775 352 615 274 269 10561 443 62 76161 372 66 201 40056 163 1311 5697 644 384 230 1906 3869 163 1158 196 325 5933 93 348 388 205 4324 11697 4065 31645 219 196 1219 269 181 976 264 1508 416 2468 2006 2007
internal_value=-0.00136423 0.000700399 0.00110913 -0.0417449 -0.00541007 0.0838656 0.00133782 -0.00311538 -0.0263543 0.066156 0.0163651 -0.000769704 0.0256509 0.062716 0.212787 0.423248 0.00497683 -0.00213252 0.0236699 0.00710818 -0.00363839 -0.00810281 0.000722288 0.0104908 -0.0164368 -0.00146015 0.0426506 -0.0250938 -0.0269996 0.264711 0.0191304 -0.0173022 0.00936901 0.0799991 0.143851 -0.0103769 -0.0276045 0.0596201 0.0128297 0.0480597 0.0763751 0.0259437 0.0739648 0.195714 0.0202114 0.0296053 0.0263419 0.011966 0.0626841 0.00537801 0.020865 0.0684526 0.121973 0.184419 0.314439 0.00027079 0.00880563 0.0951461 0.208329 0.00244022 0.0320437 -0.0155859
internal_weight=2355.31 2240.74 2216.06 114.567 13.4373 2.25539 2204.88 670.521 61.4754 3.42915 2.99589 609.046 29.8745 10.6968 2.58073 0.630887 19.1777 579.171 31.9375 25.1713 547.234 366.007 177.766 128.967 188.241 75.9456 12.7705 48.7996 48.4975 0.317684 103.71 16.3393 10.3297 3.41782 2.30621 63.1751 36.2584 3.78847 26.9167 12.629 9.91726 87.3711 9.31718 2.2021 78.054 61.1881 59.9536 42.6583 10.9017 181.226 60.6275 12.2576 6.86718 4.8347 2.30172 5.39046 48.3698 3.32119 1.33019 45.0486 17.0493 27.9993
internal_count=786244 378749 337665 407495 36516 3749 332328 277097 38378 2331 2113 238719 22715 5562 810 572 17153 216004 988 889 215016 171290 85547 44684 85743 9582 1696 40863 40662 606 34123 5759 1630 986 602 7886 4301 432 3585 1679 1483 28364 1752 441 26612 20679 20291 15967 4270 43726 12081 3060 1888 669 400 1172 9021 2276 768 6745 2270 4475
is_linear=0
shrinkage=0.05


Tree=61
num_leaves=63
num_cat=0
split_feature=38 12 51 54 52 50 41 39 53 52 49 6 43 32 5 53 50 48 48 40 23 49 54 50 53 43 35 52 35 5 48 35 54 28 50 41 52 41 51 48 39 52 52 22 50 50 53 52 48 16 49 43 41 43 40 40 28 52 38 20 5 48
split_gain=72.4283 10.655 11.4734 10.4743 13.419 36.8939 11.232 13.2741 11.5434 10.8139 10.7439 10.5211 19.1583 25.6984 10.5583 9.0165 8.92089 7.93209 22.2329 12.892 10.3754 10.0686 7.87046 16.3971 13.1844 13.4948 13.1003 11.5401 12.7322 16.8088 11.7012 24.8972 18.6432 21.0272 25.9117 17.7849 26.7579 17.4244 15.5456 14.3422 19.816 12.9108 20.4947 12.5098 14.433 14.973 10.9773 10.8806 10.8621 11.9512 27.9951 16.849 10.7724 17.7436 16.2749 10.5212 18.7656 19.8704 19.5367 13.7038 17.8781 13.4102
threshold=-38.352928161621087 -32.722665786743157 5.6344866752624521 -1.0000000180025095e-35 5.1606376171112069 5.750455617904664 3.236747264862061 -43.561368942260735 212.86110687255862 7.981929063796998 291.00012207031256 285.16673278808599 -0.53422546386718739 0.52325221896171581 225.14548492431643 1089.1666564941409 7.8377997875213632 0.97297734022140514 0.95489680767059337 24.705894470214847 -1.2585433125495908 255.59030914306643 0.91597560048103344 16.58189678192139 97.583335876464858 -5.9515838623046866 7.8498969078063974 6.6668713092803964 24.909311294555668 218.3474044799805 -0.038633346557617181 10.418565750122072 -1.0000000180025095e-35 6.5152702331542978 66.017299652099624 7.2805666923522958 11.93369770050049 11.48729181289673 29.188154220581058 -0.66743496060371388 -2.0842412710189815 12.910952091217043 10.197713851928713 -1.103085935115814 109.77769470214845 103.6449432373047 759.08334350585949 35.329317092895515 0.12764942646026614 -1.9631080627441404 255.95982360839847 -6.9086914062499991 13.750423908233644 -4.6733932495117179 0.64706420898437511 1.8235168457031252 2.9089794158935551 35.329317092895515 -0.94116973876953114 -1.0157171487808225 220.15905761718753 -0.071447014808654771
decision_type=2 2 2 2 2 2 2 2 2 2 2 2 2 2 2 2 2 2 2 2 2 2 2 2 2 2 2 2 2 2 2 2 2 2 2 2 2 2 2 2 2 2 2 2 2 2 2 2 2 2 2 2 2 2 2 2 2 2 2 2 2 2
left_child=15 2 -2 9 5 -5 7 8 11 -4 -7 12 14 -14 -6 -1 -13 18 22 -19 -21 -20 27 26 -25 -26 -24 -3 30 47 31 32 46 43 37 36 -32 38 41 40 -33 42 -35 44 45 -34 55 48 -30 50 -50 -52 53 -37 -54 56 58 59 -29 60 -58 -57
right_child=1 17 3 4 6 10 -8 -9 -10 -11 -12 16 13 -15 -16 -17 -18 19 21 20 -22 -23 23 24 25 -27 -28 28 29 -31 35 39 33 34 -36 52 -38 -39 -40 -41 -42 -43 -44 -45 -46 -47 -48 -49 49 -51 51 -53 54 -55 -56 61 57 -59 -60 -61 -62 -63
leaf_value=-0.043754669202569381 -0.039001208817525841 -0.0052075954065439779 -0.031583620619035885 0.56578124129754503 0.12465105756437581 0.0070151468389252156 -0.036741542183542114 -0.019578963378923613 -0.051056467598866298 0.0097819980763372769 0.24632497551337923 0.42427425154733056 0.7513667731607826 0.17413734784955903 -0.050668185671913279 0.052996090510838118 -0.050120577549161216 -0.034101272496494354 0.016068442803992486 0.066960574437352469 0.009883691157204581 -0.052590229252509314 -0.0321106206170092 -0.031810496863260186 -0.045600570949615754 0.0041725676080806703 0.023495145478495672 0.008126732542966978 0.042078211682507159 -0.028016439642096037 0.2395858628410335 0.1388337316443769 0.012830477974176314 0.020079186543518368 -0.016844638647410672 -0.04825466471525288 0.029271557248654781 0.23843552125640244 0.16151699987159548 -0.035322740015739013 -0.025505905795442069 -0.021192199688331928 0.25540331578741154 0.052647966373652537 -0.031958258024842312 0.11270057241075976 -0.051260968251882838 -0.034676767264589202 0.13125005320867186 -4.3904125455834352e-05 0.12353184318688995 -0.039569008572871753 0.080195748745153672 0.021795856766333842 0.01640004377895778 -0.017248387040691298 0.048438168523423225 0.097620635083309162 -0.03626154096810659 -0.029716345357354308 -0.0050115074853709918 0.022470834861374207
leaf_weight=103.22350568730326 27.883999446843518 305.60248055230477 18.327466724760598 0.32433725954615411 2.702932645217516 7.552599046728572 56.28897933367989 23.229541472450364 2.0739286444149911 114.54748194660351 0.50005995188257646 0.10541556688258413 0.24915198926464455 0.85279552827705629 1.2586665140406692 2.4655907694104817 1.653784680413082 7.6281853726250111 6.6771529403631567 15.837625502026642 16.011559899896383 26.658862988289911 12.836016792396547 66.862886765302392 16.070024699351052 89.252416966628516 60.589124698803062 101.47996406981838 17.86968751414679 52.953014238242758 2.2182588190480592 2.978312116523739 181.8307117021759 2.5539475213445275 6.3342397301166775 16.542006684670923 4.7525119661004283 2.0805152500979593 4.0676717340829773 51.501584960555192 4.7754509213846168 4.0607951830024831 1.450824495841516 19.516714293509722 18.036006134730997 3.8320826487615696 9.7910202231141721 19.072340097394772 5.8531008816789827 317.34778244292829 1.9817157812649373 7.8788878821069366 10.458584888896437 19.932463857490802 226.59186197171221 101.80172821664019 40.851108256727457 8.9540045539033581 32.801221641246229 12.191679890267549 25.355223746912088 26.857055520697031
leaf_count=393011 24712 28285 11764 262 50 4965 60034 22868 2415 67649 157 241 292 561 1165 4234 3154 1209 358 346 93 8700 1952 7092 2347 7885 3972 7932 267 18918 241 404 17075 392 604 2934 683 145 304 11091 101 470 201 165 2715 257 697 1035 196 5966 162 789 103 3891 36348 6948 690 485 327 182 1751 1699
internal_value=-0.00104622 0.000855474 -0.00871415 -0.00503698 -0.0175477 0.0429347 -0.0232782 0.000311141 0.0522449 0.00407643 0.021876 0.0836457 0.120243 0.30465 0.0689492 -0.0414976 -0.0216937 0.00209364 0.00164468 0.0242827 0.0382663 -0.038838 0.00234838 -0.00600933 -0.0144457 -0.00342178 0.0137743 0.00357598 0.00554025 -0.00166841 0.00877145 0.00515015 0.00818513 0.018863 0.0672639 0.0173323 0.0961984 0.104746 0.0818221 -0.0257781 0.0376189 0.04163 0.105331 0.0144075 0.0107436 0.0148918 0.000956595 0.00210238 0.00410125 0.00206368 0.0446276 -0.00679013 0.0153224 -0.00997366 0.0192147 0.00241613 0.00901835 0.0270571 -0.00271611 0.0189978 0.0279684 -0.00895714
internal_weight=2353.82 2248.13 257.551 229.667 96.7922 8.377 88.4152 32.1262 8.89668 132.875 8.05266 6.82275 5.06355 1.10195 3.9616 105.689 1.7592 1990.58 1951.1 39.4774 31.8492 33.336 1917.77 245.61 172.185 105.322 73.4251 1672.16 1366.55 422.957 943.598 663.102 603.847 243.764 20.548 280.496 6.97077 14.2138 12.1332 59.2553 7.75376 8.06557 4.00477 223.216 203.699 185.663 360.083 370.004 350.931 333.061 15.7137 9.8606 273.525 36.4745 237.05 350.292 221.633 87.352 134.281 78.398 66.2063 128.659
internal_count=785941 388696 200289 175577 96164 5384 90780 30746 7878 79413 5122 5463 2068 853 1215 397245 3395 188407 186759 1648 439 9058 177701 23248 17324 10232 5924 154453 126168 27333 98835 54635 43039 22328 2116 44200 924 1512 1367 11596 505 1063 593 20212 20047 17332 20711 8415 7380 7113 1147 951 43276 6825 36451 20014 11367 3108 8259 2623 2441 8647
is_linear=0
shrinkage=0.05


Tree=62
num_leaves=63
num_cat=0
split_feature=3 52 42 45 3 22 42 12 23 45 47 53 53 14 5 40 53 49 39 49 38 26 16 42 53 54 29 28 52 29 45 49 16 41 11 48 17 40 47 54 52 40 40 26 34 49 22 5 41 54 39 5 41 25 37 48 35 54 53 49 5 52
split_gain=77.719 10.0073 15.6904 11.0104 14.0946 9.54832 9.70099 8.21775 15.7696 9.14179 11.9635 48.3016 9.74393 8.79186 8.62745 7.82389 7.53041 11.5308 11.874 10.6861 10.1937 10.0156 14.6413 13.2876 12.5492 13.5187 11.8356 22.3861 18.1844 15.8462 14.8487 13.3835 11.8441 16.9362 11.3069 17.255 18.387 26.7889 12.149 13.0295 11.3622 10.4683 14.6131 11.8328 12.8591 10.3632 10.2377 9.83367 9.4663 9.38876 14.8826 9.35199 9.16829 9.1585 8.94254 10.437 12.09 8.67213 11.312 15.898 26.3885 12.3062
threshold=281.53987121582037 1.6373844742774966 5.8932647705078134 -3.2957801818847652 246.13887023925784 -12.747725009918211 -0.013351440429687498 -48.964616775512688 -47.980554580688469 1.3454093933105471 0.70068573951721203 67.500000000000014 34.333333969116218 -38.90928649902343 258.15319824218756 -0.88235473632812489 15.083333492279055 255.95982360839847 1.0000000180025095e-35 269.73658752441412 -1.7647018432617185 20.424045562744144 -4.0739517211914054 26.524032592773441 15.666666507720949 -0.7865660786628722 16.001280784606937 16.898071289062504 34.799779891967781 16.689404487609867 1.4731273651123049 247.43756103515628 1.1284790039062502 11.48729181289673 234.69886016845706 0.51866769790649425 -2.4757156372070308 15.862731933593752 -5.5953731536865225 0.37940952181816107 37.524606704711921 10.980384826660158 19.96079254150391 18.307020187377933 20.718413352966312 268.84934997558599 -10.346901416778563 213.5385665893555 36.865652084350593 0.12940952181816109 -2.0842412710189815 249.96333312988284 39.171630859375007 17.4825553894043 223.4894714355469 0.76453781127929699 30.215231895446781 0.91597560048103344 254.45833587646487 259.51712036132818 214.94265747070315 39.807723999023445
decision_type=2 2 2 2 2 2 2 2 2 2 2 2 2 2 2 2 2 2 2 2 2 2 2 2 2 2 2 2 2 2 2 2 2 2 2 2 2 2 2 2 2 2 2 2 2 2 2 2 2 2 2 2 2 2 2 2 2 2 2 2 2 2
left_child=1 2 5 -4 -5 -1 -7 -3 9 10 12 -12 -9 -10 -14 -6 17 20 19 -19 -15 24 23 -23 25 -18 32 29 41 31 -30 -28 57 -34 38 -36 37 -37 39 48 47 43 -43 -29 -45 -33 -38 -40 -24 52 -51 -27 54 -47 -49 56 -56 -26 59 60 -59 -60
right_child=-2 7 3 4 15 6 -8 8 13 -11 11 -13 14 16 -16 -17 21 18 -20 -21 -22 22 34 -25 26 51 27 28 30 -31 -32 45 33 -35 35 36 46 -39 40 -41 -42 42 -44 44 -46 53 -48 49 -50 50 -52 -53 -54 -55 55 -57 -58 58 61 -61 -62 -63
leaf_value=-0.037849381774222909 -0.043031982395680637 -0.026975567906971434 -0.0061694338434704942 0.13197147963514091 0.092597801259595922 0.059607319362482515 -0.0040804469963167268 -0.05100572575050303 -0.025855876186491239 -0.028596714458592742 1.171414646489753 -0.05008393138857601 0.19172769603457043 -0.019278805100330056 0.063164703708557562 -0.055868992660235178 0.19805429999081012 -0.028367870748270269 0.015958818868748604 -0.0059092135249826303 0.020808194486248793 -0.032077657632412722 -0.035770591268724949 0.13243273869839442 0.0056731742692966618 -0.052296706007011251 0.24438563006672967 -0.061068886659579241 0.027495395568757294 0.29279979333385636 0.23885118561192265 -0.029633318515854358 -0.038051296803883583 0.023668153654704677 -0.053421372612516164 0.0060281440465137746 -0.0065790589779111744 0.26903380328321375 0.00079348624853270054 0.069037133392339065 -0.049113529162830863 -0.039661465691009833 0.055413485072385832 0.16493430662571001 0.030389523827158822 0.21208139024901063 0.081572806588250363 -0.050708536289052454 0.021127123443229024 -0.021140768308342849 0.051702849189139505 0.10973816809262563 0.0094181508433220113 0.032225969633920187 -0.0086133412254633755 -0.048704692462275156 0.097395611881871597 0.075458546324625064 0.023708514791279396 -0.034600456645772965 -0.027596267857093529 -0.052887758719689641
leaf_weight=9.6184259353758481 106.85868945394759 27.644955123148975 3.8830269891768685 7.2659770028549229 1.6112603421788656 9.7940533118089679 15.350785295129755 1.3465554706635847 32.000884184919414 2.2666571245936202 0.1227982665877797 0.23737441099365242 1.7549909241497514 21.708498559368309 5.0886556913901586 1.975130675709807 1.687265647400636 97.045242769207107 33.373061755672097 116.60694621456787 58.850834971060976 53.49240284608095 9.6770578481955436 1.2562611933099095 1009.2317650860932 1.8365429921832395 1.0327392993494857 2.2018782600644036 1.8072711669956327 1.0144898834987541 1.5383457125863058 2.3812331213266589 37.827729353681207 15.740014981478451 4.5069559424882781 1.7477832285221713 8.1852792112622428 2.1706453303922899 301.60056733852252 10.860873240511863 14.379455466405487 17.095392185263339 5.292855651699937 2.4813094789569714 6.2467411798425019 1.2648833318380641 5.5113464564783436 34.969309577601962 29.888694798573852 17.68423090828583 11.618897596374152 1.7286654760537201 15.521185321733354 1.6071494971693026 15.771864136564551 12.972503389231859 3.2424882716732091 10.221568285953255 36.121182376868092 54.86911207693629 15.834977107617304 6.1343633073556694
leaf_count=3052 425468 30401 1013 262 130 406 517 1132 45944 1824 205 380 129 2051 2751 730 195 22751 269 22665 654 30008 365 149 139430 417 10 348 499 227 306 847 592 203 267 322 585 331 4382 243 1365 5000 535 233 553 195 208 1529 483 2365 357 351 338 302 1209 2427 249 85 5905 16867 1477 1375
internal_value=-0.00137389 0.000615357 0.0228472 0.0660855 0.0919387 0.00451936 0.0207263 0.000112481 0.000459064 0.0606786 0.0843449 0.366377 0.0719423 0.000156067 0.0961335 0.0108328 0.000549112 -0.00642082 -0.0117779 -0.0161104 0.0100059 0.00182448 -0.00375443 -0.0283028 0.00433147 0.0814522 0.00400212 0.0294769 0.0135561 0.109433 0.124679 0.0798397 0.00305777 -0.019916 -0.00106811 0.0338789 0.0562154 0.151722 -0.00268484 0.0205271 -0.00542118 0.00239778 -0.0171846 0.0425092 0.0686394 0.0474917 0.0288921 -0.00390134 0.00721099 -0.0165687 0.00774224 0.0262693 -0.025206 0.111437 -0.0332323 -0.0141266 0.0094642 0.00414453 -0.00837978 -0.0193286 0.0128305 0.0125888
internal_weight=2344.66 2237.8 49.4987 14.7354 10.8524 34.7633 25.1448 2188.3 2160.66 10.817 8.55037 0.360173 8.1902 2149.84 6.84365 3.58639 2117.84 327.585 247.025 213.652 80.5593 1790.26 555.058 54.7487 1235.2 5.25247 1229.95 43.9643 36.6638 7.3005 3.34562 6.28601 1185.98 53.5677 500.309 22.122 17.6151 3.91843 478.187 50.4266 427.761 33.3182 22.3882 10.9299 8.72805 5.25327 13.6966 413.381 39.5658 111.78 29.3031 3.56521 82.4774 2.87203 66.9562 31.9869 19.0144 1132.41 123.181 80.9257 26.0565 42.2555
internal_count=785868 360400 6110 2135 1122 3975 923 354290 323889 6421 4597 585 4012 317468 2880 860 271524 48390 45685 45416 2705 223134 47182 30157 175952 963 174989 9055 7474 1581 805 1354 165934 795 17025 1713 1446 653 15312 1091 14221 6669 5535 1134 786 1344 793 12856 848 8474 2722 768 5752 497 5414 3885 1458 165139 25709 18429 1562 7280
is_linear=0
shrinkage=0.05


Tree=63
num_leaves=63
num_cat=0
split_feature=36 40 38 23 13 45 48 12 11 46 46 16 46 31 17 40 55 48 42 38 40 41 16 41 53 8 48 27 17 39 41 11 10 1 52 14 52 5 51 4 53 36 42 44 51 42 14 8 45 40 41 27 37 0 39 20 5 45 17 28 2 16
split_gain=69.629 14.4033 11.0544 39.7458 119.489 16.0917 10.1297 9.22441 8.48838 13.1185 10.5672 14.5434 63.6093 10.0829 9.32846 12.7475 9.415 11.8835 16.6455 14.1838 11.9258 9.46584 9.00044 12.6153 8.9396 8.89296 8.80786 15.1822 36.2688 52.0043 11.0777 9.20533 19.3472 9.84106 8.43993 11.6979 16.5268 11.1468 11.4976 12.2274 8.06097 7.952 7.89724 11.874 19.683 8.49041 7.8855 15.1632 10.8343 15.972 10.2939 7.64129 7.58648 9.89201 12.9839 7.63535 7.462 7.27867 13.171 8.31109 8.44496 10.8176
threshold=276.76470947265631 7.0784301757812509 -43.411750793457024 -51.606904983520501 -49.054683685302727 0.10239124298095705 -0.72268652915954579 -49.149663925170891 286.07095336914068 0.78136157989501964 1.3129453659057619 -40.818233489990227 1.1347923278808596 11.259598731994631 -9.5348014831542951 0.92156982421875011 1.0000000180025095e-35 -0.49895256757736201 -1.8693847656249998 -15.529411315917967 -1.2941207885742185 0.40087740123271948 -14.559633255004881 4.0532579421997079 90.055557250976577 283.86979675292974 -0.54191944003105152 0.76121950149536144 -20.292682647705075 -34.053016662597649 1.178895175457001 279.91465759277349 280.46302795410162 266.73313903808599 49.095659255981452 -15.007152557373045 77.385223388671889 261.94412231445318 86.403953552246108 269.09500122070318 1324.3750000000002 259.11766052246099 2.1036148071289067 0.21576118469238284 11.306252956390383 2.1492156982421879 -21.129835128784176 271.07505798339849 -1.6172049045562742 -1.4901885986328123 5.4630844593048105 -2.5067682266235347 286.32171630859381 284.15930175781256 -45.497461318969719 -43.094369888305657 238.83087158203128 0.092967987060546889 -25.085117340087887 8.3174104690551776 280.96084594726568 -37.931055068969719
decision_type=2 2 2 2 2 2 2 2 2 2 2 2 2 2 2 2 2 2 2 2 2 2 2 2 2 2 2 2 2 2 2 2 2 2 2 2 2 2 2 2 2 2 2 2 2 2 2 2 2 2 2 2 2 2 2 2 2 2 2 2 2 2
left_child=6 -2 -3 4 5 -4 -1 -8 14 56 11 12 -11 41 15 16 46 18 19 20 21 -18 23 25 52 26 30 -28 29 -29 31 33 -33 -20 42 37 -37 -36 39 -39 -19 -13 -17 45 -45 -44 47 50 49 -49 -9 -16 53 -12 -55 -56 -10 58 -5 -59 61 -61
right_child=1 2 3 57 -6 -7 7 8 9 10 24 13 -14 -15 51 34 17 40 22 -21 -22 -23 -24 -25 -26 -27 27 28 -30 -31 -32 32 -34 -35 35 36 -38 38 -40 -41 -42 -43 43 44 -46 -47 -48 48 -50 -51 -52 -53 -54 54 55 -57 -58 59 -60 60 -62 -63
leaf_value=-0.039771319767800663 -0.047345311030564136 -0.050014303911905422 -0.050013443345769265 -0.050091703098537776 2.7432305883116999 0.95164891176243449 -0.02522691945059773 0.10502277726704828 0.21282998953865695 0.054253545461583834 0.030932972282189809 0.19823423983657082 1.2200593138452414 -0.051594274703000147 -0.064184310045836676 -0.037777217988730738 0.014658570348957282 -0.01032340291382737 0.093546516280694714 0.38603141536362801 -0.050119782816025832 0.23488993453906892 -0.030741006354409118 -0.045043363611915688 -0.02855288670436551 -0.061208928320586969 0.045124431325827094 0.059504122827567278 0.065540632541998031 0.81356739158367297 -0.040036524748727292 0.40501344200313083 0.038672815106270797 -0.025549798107655078 -0.043843260830247234 0.29706678500675088 0.026465010404439555 0.28248320716419278 0.0094417291291239089 0.033063738841224467 0.071393902226382339 0.032412499651302676 0.23006737722608001 0.41357369360956009 -0.050126119234087191 -0.014157002979881173 -0.010058174034729597 0.40281581172829245 -0.017339802905787981 0.040181930164380472 0.35799870935874317 0.0031809472678404668 -0.013729425978964408 0.4873865819309276 -0.050271435400649857 0.25783268205232623 -0.029017174858692065 0.33622796786854686 0.62495823976631037 0.28473718168016099 -0.050133760292179502 0.047294450398513821
leaf_weight=14.973890386303536 92.382484439192922 5.2118970825395072 0.20380459810257889 3.2811640591680762 0.053700268515966765 0.049916305462829769 31.837978025883785 0.89836939211818367 0.33453216546331788 0.45561426944914263 1.1008365848974797 1.921443471743258 0.15743731272232253 0.93537017522612576 4.2193439776310688 39.231765898526646 0.75862183675053652 97.363142892136239 3.2601176299504022 0.45802734501194109 1.0429919243324546 1.3672918216907417 8.7545125985052419 5.1584527574304948 3.4060548422130523 1.9924373938993074 8.1396946741442679 0.45360069995513219 2.2229134719818839 0.46104339128942229 4.7619112031825361 0.54531914749531996 1.0628272967878727 3.706684273929568 7.5416712880542098 0.84628048376180176 1.693078883225098 0.88784906174987366 7.6280879799887771 1.1003714419057358 3.1143928461824535 1.1591517435590502 0.35683153464924444 0.43007997874519688 0.48912901335279457 131.97002407252148 3.1117999664274958 0.4378547545929905 2.8539371680817567 0.99059896824473959 0.72798052112921141 1812.1998118025367 1.2602161764225455 0.36461659842461835 0.34515641260077268 0.48173062087153018 6.8443556388810975 0.2585252698190742 0.073885489982785102 0.59273093304364044 1.5553629451751474 2.515081180841662
leaf_count=6944 376567 21801 808 9111 167 164 50453 237 15 541 172 168 254 205 169 43137 227 43268 397 86 898 315 779 3023 1846 916 1559 510 254 166 2535 202 539 1465 5646 212 535 326 2162 623 261 746 313 257 390 87889 273 141 1765 529 212 102207 742 213 491 153 4838 349 32 462 3824 597
internal_value=-0.000670656 -0.0402288 0.00742516 0.0422997 0.600551 0.147051 0.0012147 0.00149205 0.00188208 0.0353643 0.0682685 0.126811 0.353643 0.0921838 0.00159149 -0.00593524 0.00480089 0.00170976 0.0233324 0.125953 0.0883614 0.156301 0.0141468 0.026518 0.029325 0.0403922 0.0486165 0.0811431 0.174586 0.439604 0.021113 0.0550711 0.162898 0.0301814 -0.0145188 0.0164878 0.116647 0.00166428 0.037354 0.144443 -0.0077905 0.13584 -0.0180598 -0.0122544 0.16683 -0.0134984 0.0543602 0.0882858 0.0389251 0.151338 0.218259 0.00302447 0.084816 0.138991 0.238827 0.129225 -0.0177472 0.0215647 -0.0352256 0.0602778 0.0449792 0.0925802
internal_weight=2334 106.179 13.7961 8.58417 0.307421 0.253721 2227.82 2212.84 2181.01 18.7665 11.5876 4.62902 0.613052 4.01597 2162.24 345.82 153.645 144.624 44.1464 3.62693 3.16891 2.12591 40.5195 31.765 6.95861 26.6065 24.6141 11.2773 3.13756 0.914644 13.3369 8.57495 1.60815 6.9668 192.175 19.6973 2.53936 17.158 9.61631 1.98822 100.478 3.0806 172.478 133.246 0.919209 132.327 9.02054 5.90874 4.28239 1.42845 1.62635 1816.42 3.55256 2.29234 1.1915 0.826887 7.17889 8.27675 3.35505 4.9217 4.66318 3.10781
internal_count=786086 413882 37315 15514 1139 972 372204 365260 314807 10384 5531 1914 795 1119 304423 202047 60557 57400 13871 1526 1440 542 12345 11566 3617 8543 7627 2489 930 676 5138 2603 741 1862 141490 9504 747 8757 3111 949 43529 914 131986 88849 647 88202 3157 2884 2435 670 449 102376 1771 1029 857 644 4853 14375 9143 5232 4883 1059
is_linear=0
shrinkage=0.05


Tree=64
num_leaves=63
num_cat=0
split_feature=3 53 51 49 41 50 53 50 3 42 48 29 49 41 41 38 37 38 54 48 33 23 49 19 16 3 16 48 49 36 48 48 23 42 49 55 45 55 31 29 42 31 47 50 39 12 45 43 38 35 13 48 47 47 50 29 40 47 29 50 48 0
split_gain=66.8771 11.033 15.1309 18.0608 15.2646 26.7548 19.685 21.5207 18.8799 15.0699 14.3577 20.659 13.0295 11.671 9.89166 9.84484 9.76057 9.57647 20.7179 8.46003 8.30221 17.9006 8.99297 7.68601 10.2207 8.49523 10.2446 7.67699 18.2268 14.8106 14.6195 17.4821 17.9405 14.411 11.7576 11.706 15.9802 11.653 18.192 28.0655 14.351 25.632 25.8735 13.6523 10.7093 10.9965 32.6979 10.3568 9.41391 16.421 14.9398 14.2727 11.8282 13.4608 11.7188 9.37538 14.7316 19.0001 15.4378 12.9456 12.6143 11.5799
threshold=280.86952209472662 471.94444274902349 38.786708831787116 285.78244018554693 11.621637821197512 106.65961074829103 605.97219848632824 65.26410293579103 246.13887023925784 2.7601776123046879 0.68585610389709484 6.611107826232911 247.43756103515628 18.387557029724125 39.171630859375007 -17.529411315917965 270.99128723144537 -3.0000076293945308 0.91597560048103344 -0.2346743047237396 0.16393220424652102 -38.719173431396477 274.68690490722662 -42.444210052490227 -0.51515579223632801 218.95622253417972 -3.0398559570312496 0.8994269371032716 257.70365905761724 216.76470184326175 0.61183178424835216 0.66015982627868663 -15.170947074890135 -20.191040039062496 256.32855224609381 -0.6035533845424651 0.0094432830810546892 -0.7865660786628722 42.145467758178718 14.415184974670412 11.337997436523439 18.845360755920414 -3.4302330017089839 49.398607254028327 -15.000725746154783 -12.33201217651367 -4.7765202522277823 0.48165893554687506 0.64705657958984386 7.8498969078063974 1.0000000180025095e-35 -0.20123150944709775 1.8975038528442385 0.3830485343933106 9.2810921669006365 14.415184974670412 24.705894470214847 0.43102037906646734 22.913736343383793 13.224340438842775 0.72963708639144909 218.03604888916018
decision_type=2 2 2 2 2 2 2 2 2 2 2 2 2 2 2 2 2 2 2 2 2 2 2 2 2 2 2 2 2 2 2 2 2 2 2 2 2 2 2 2 2 2 2 2 2 2 2 2 2 2 2 2 2 2 2 2 2 2 2 2 2 2
left_child=1 15 3 4 6 17 7 9 19 -3 12 13 -4 -12 23 16 -1 18 -6 -9 21 -8 -22 -7 25 -25 -27 30 29 34 35 32 -32 -33 -29 36 -17 40 39 43 55 -42 -43 44 -39 46 -46 -38 50 -50 -37 -51 53 -52 -53 -35 57 59 -59 -57 -58 -60
right_child=-2 2 10 -5 5 14 20 8 -10 -11 11 -13 -14 -15 -16 27 -18 -19 -20 -21 22 -23 -24 24 -26 26 -28 28 -30 -31 31 33 -34 37 -36 48 47 38 -40 -41 41 42 -44 -45 45 -47 -48 -49 49 51 52 54 -54 -55 -56 56 60 58 61 -61 -62 -63
leaf_value=-0.036715233701722999 -0.040033297643070051 0.11212308087358658 0.049726728348094634 -0.051233493712388646 -0.012530899509964749 0.10670556194295984 0.29934426509208045 0.059753387099866634 -0.040366082145153054 0.36396514899016175 0.058412548195942215 0.0071524732476121212 -0.027565028275592304 0.25093592806118797 0.086896164868925707 -0.06006647197508444 -0.0058008690088440012 -0.057758261708341668 0.29852746613908149 0.14118683210842337 0.030241191137930543 -0.0072569060286568317 -0.029889084190691861 -0.039274821107108088 0.049385270765504211 -0.0077816957958280813 0.072527273894600272 0.0017985597093997574 -0.032864899743205549 -0.050648553207893812 0.0034469506134948945 0.12624202561911554 0.065298089930228384 -0.018422008282184481 0.051117288696014285 8.6391776416055871e-05 -0.025756820088773332 0.017629073614160991 0.042309967232174249 -0.028777344105958464 -0.036072575580524416 0.35742386233788237 0.088587245626827293 -0.021851462580782244 -0.0094289590129679919 0.052878526872344761 0.3590147096162315 0.066292988716466203 0.044335866496404523 -0.026454541128586091 -0.027898413794409545 0.038842038817113511 -0.04448604011047369 0.026990232671979704 0.0020679685043872484 0.017886928512502013 0.07417218211502169 -0.022040153160356134 0.13261374259211398 0.10313949326498395 -0.0073952717660910857 0.010088258404335651
leaf_weight=32.978397118276916 104.45089917597943 1.3292553086939762 6.1057756356894961 8.3167312884761468 8.9189704459859058 2.4959058585809535 0.84297551651252423 8.2071068049408478 3.4089075597876208 1.0739169610315 1.6929913201020128 14.771384073072111 50.967219080106588 1.4713038376648908 6.606207253818865 18.722498392162382 113.08647431374993 15.350835865072439 0.56948574914713468 5.2166236192861133 38.416825047199382 1.0937176450679533 7.4188959622115354 9.7271953918971104 15.201606211718174 12.021733166708144 5.9298289077123654 69.227268454153091 55.566391676751664 11.266609659185631 20.323011400178075 2.4847015942214048 27.709303971787449 21.309222312644124 14.640360811725257 1100.7249985217932 7.2849349714233522 18.773433522350388 18.000505984062329 80.653409317630576 3.2654323007154726 1.0983011214993892 4.8347664198663551 12.627892346557926 1.2068621481303119 8.1923154533142242 1.2018188602523876 5.2636572157498449 30.601043527014554 30.312763902824372 27.686615931335837 30.132700262591243 34.264876882312819 18.723626246443018 77.084552311338484 6.6167129492969279 5.2610589193063779 14.550065511255527 3.5031247006263575 13.617070106440222 47.84910934290383 4.2898176197195426
leaf_count=37258 434876 238 108 2222 3091 505 257 316 1712 223 332 2972 9911 124 125 862 118003 579 165 222 2898 354 1437 237 157 2824 247 1225 19055 3173 2027 56 1143 3812 208 101712 579 3424 281 11407 995 239 855 2120 296 419 138 60 220 343 345 210 348 170 793 705 53 2047 62 2251 2178 709
internal_value=-0.000933191 0.000904736 0.0113457 0.0204064 0.0245489 0.00933608 0.0419897 0.0846975 0.0647146 0.224665 -0.00703313 0.0319891 -0.0192962 0.14793 0.0297332 -0.00028413 -0.0127807 -0.0333501 0.00613845 0.0913994 0.0247932 0.126196 0.0205086 0.021411 0.0164464 -0.00164419 0.0187463 0.000703125 -0.0101123 0.00317706 0.00166292 0.0113397 0.0391282 0.00638397 0.0104079 -0.000561212 -0.0308044 0.00526795 -0.00462888 -0.0115175 0.0162989 0.0764326 0.138353 0.0216252 0.0403156 0.0804914 0.174407 0.0128546 0.000139578 0.0112093 -0.00143582 0.00383853 -0.0222047 -0.00575428 0.0124031 0.0115711 0.0182505 0.0401619 0.00837638 0.0752608 0.000684747 0.0651666
internal_weight=2326.54 2222.09 227.155 152.147 143.83 76.8218 67.0082 19.2358 16.8326 2.40317 75.0087 17.9357 57.073 3.1643 51.9825 1994.94 146.065 24.8393 9.48846 13.4237 47.7724 1.93669 45.8357 45.3763 42.8804 27.6788 17.9516 1848.87 150.701 95.1342 1698.17 317.368 48.0323 269.336 83.8676 1380.8 31.2711 266.851 140.656 122.656 126.195 9.1985 5.93307 42.0023 29.3744 10.601 2.40868 12.5486 1349.53 168.131 1181.4 137.53 80.6751 46.4102 107.217 116.996 95.687 42.5768 22.343 20.2338 53.1102 7.79294
internal_count=785913 351037 31256 17809 15587 7930 7657 2711 2250 461 13447 3428 10019 456 4095 319781 155261 3835 3256 538 4946 611 4335 3970 3465 3308 3071 164520 23661 4606 140859 35217 3170 32047 1433 105642 1501 31991 18085 17804 13906 2089 1094 6397 4277 853 434 639 104141 1566 102575 1346 863 515 1003 11817 8005 5774 2818 2956 2231 771
is_linear=0
shrinkage=0.05


Tree=65
num_leaves=63
num_cat=0
split_feature=36 53 36 14 48 53 48 41 49 33 0 11 8 5 53 19 20 5 52 3 53 43 48 41 47 37 49 53 14 48 14 53 46 48 36 49 41 15 54 32 46 0 27 44 45 41 29 28 49 40 28 52 0 1 39 11 29 48 48 53 18 18
split_gain=60.9473 10.8374 10.5143 8.41716 7.55413 8.62849 7.67946 14.426 14.8116 28.2907 18.2413 14.7203 27.6501 15.4206 14.5956 14.4752 32.6692 22.8852 30.7118 12.3396 10.8323 10.4872 16.684 12.8475 10.1258 22.6972 15.3877 15.394 13.6256 15.9533 13.0487 11.7752 10.2735 9.51187 14.9714 12.7242 8.84445 8.42924 8.09215 7.69914 7.54523 7.77333 7.53042 7.39498 9.98873 8.10318 8.42607 7.09768 6.88575 18.0429 15.9001 33.3089 12.8904 12.5243 10.0817 11.262 11.7036 13.9466 27.9248 12.5344 18.7993 52.3908
threshold=277.35295104980474 1324.3750000000002 193.82353210449222 -49.687627792358391 -0.72268652915954579 1089.1666564941409 -0.51488128304481495 7.2805666923522958 273.45858764648443 0.84603282809257518 278.77998352050787 279.91465759277349 280.45959472656256 258.15319824218756 37.250000000000007 -29.041707992553707 -31.603507995605465 276.54838562011724 14.587127685546877 245.49784088134768 -24.833333015441891 -2.9801788330078121 -0.66743496060371388 18.125390052795414 0.57448661327362072 233.5039978027344 271.22605895996099 333.62500000000006 -14.005401611328123 -0.5229169726371764 -17.340881347656246 111.95833206176759 0.66075611114501964 -0.48176059126853937 203.82353210449222 271.86802673339849 12.778017520904543 -3.0172538757324214 -0.91597560048103321 3.4955968856811528 -0.56430721282958973 227.83283996582034 -2.6178026199340816 -0.50239562988281239 1.1735620498657229 3.4945498704910283 0.93152523040771495 -2.7726707458496089 288.06623840332037 0.27452087402343756 0.78170347213745128 7.6947641372680673 268.48345947265631 257.27481079101568 -30.774875640869137 283.02940368652349 2.9862976074218754 0.47256284952163702 0.45948058366775518 35.250000000000007 -46.154415130615227 -49.441432952880852
decision_type=2 2 2 2 2 2 2 2 2 2 2 2 2 2 2 2 2 2 2 2 2 2 2 2 2 2 2 2 2 2 2 2 2 2 2 2 2 2 2 2 2 2 2 2 2 2 2 2 2 2 2 2 2 2 2 2 2 2 2 2 2 2
left_child=2 -2 -1 -4 5 -5 7 8 10 11 24 19 -13 -14 15 16 17 -11 -19 -10 38 22 23 -9 26 -26 43 31 29 30 32 -28 -27 34 -22 -36 39 -24 -8 -23 41 -41 -35 45 -45 46 -6 -44 54 50 -50 -52 -51 -54 55 -49 -57 58 59 60 61 -58
right_child=1 -3 3 4 6 -7 20 21 9 14 -12 12 13 -15 -16 -17 -18 18 -20 -21 33 36 37 -25 25 28 27 -29 -30 -31 -32 -33 -34 42 35 -37 -38 -39 -40 40 -42 -43 47 44 -46 -47 -48 48 49 52 51 -53 53 -55 -56 56 57 -59 -60 -61 -62 -63
leaf_value=0.047534450484472121 -0.042239197293575108 0.09131417826317062 -0.050031544841052024 -0.043289200997246258 0.077164394598888464 0.11838767004238732 0.039572887384778405 0.019391651987065273 0.16260295994793666 -0.016242083315991737 -0.046848874577032955 0.35522277186073631 0.26847914843760889 -0.022707434478451301 -0.053840296741868826 -0.03334349113647754 0.43349922571002253 -0.05005132056014925 0.95362217048996767 -0.0025404394968418886 0.045667214817280366 -0.11508943024772487 -0.05077202352274382 0.19594996576646453 0.21131213327325116 0.14262032941598127 0.033163896321340057 -0.025814380689536898 0.019084068373661167 0.27139794658658206 0.1890376876050458 0.095783046581269668 -0.03399519686581217 -0.051869791864093434 -0.04512250581335784 -0.0036427763859081482 -0.061234255579501587 0.017900686229599786 -0.055618779469537007 0.16190794534260966 -0.013353328123942019 0.008452130967811047 0.11001019042116862 0.098238843732861292 -0.022411209575740287 -0.06262668837009952 -0.044865528766616619 -0.014480553955374184 0.028438207267158646 -0.03462960338392098 0.31926662287700225 0.038552051007775562 0.23322721524889856 0.018938606068539698 0.0021193248900090314 -0.017242277440462566 -0.050091699825516693 0.023129931012669303 0.58567514615076421 0.02040201087097818 0.035221501304245569 0.98281999087026151
leaf_weight=12.018329024314879 93.1565698976774 1.5441762066766376 8.1650464830017864 14.505067280173531 2.8446536042320076 0.87501998388324942 2.6632771992299267 2.0407447526522473 1.3534975836519132 2.6010011948528708 6.6636859621503381 1.0951118128723458 0.61100559422629919 1.777042040514061 20.35957320225134 4.539092195976993 0.61291949346195895 0.15560863427526772 0.14939204498659819 6.8856077659584116 8.7760713994503003 1.6203293500439055 6.1526102618372596 2.0810337347211316 2.4628372834995416 1.193877703015463 16.214874686906118 5.9534263532550531 12.439855254604478 1.2155722228344537 1.6459364076727072 13.980374874430707 2.6532300882972777 6.6567116229271042 35.298145526627195 38.822732269225526 11.604627630673347 16.324668745859523 13.805240870846317 1.3076924318447738 22.78106971939269 2.2368227739498252 1.503143518406431 3.2808414740720773 3.5956395745160989 7.5646442245924845 2.813895006547682 174.31389594895882 7.27602895858581 14.298420105391413 1.7376519040408309 2.6967772300558863 0.70181905000936495 23.979102000404964 1639.7950207999384 12.497008745340283 0.2495974163612118 12.946637009023105 0.31405062985140819 2.0940857761161169 0.56618484648061318 0.24158657727821264
leaf_count=51 405084 2081 24699 6674 261 71 542 411 24 1584 1805 322 70 1543 6215 595 92 338 174 1791 49 204 2139 31 63 31 1134 321 548 252 204 631 1172 3159 7178 7249 1964 381 3584 14 3280 605 376 129 425 1327 232 107846 2265 1339 177 788 44 8699 144087 15223 412 10481 103 1920 207 216
internal_value=-0.00077622 -0.0400615 0.000893886 0.000640888 0.00082832 -0.0340909 0.00107332 0.0106575 0.0206721 -0.00433723 0.032549 0.0610197 0.147194 0.0517955 -0.031297 0.0256615 0.101773 0.0318064 0.441557 0.0245889 0.000159494 -0.00821563 0.0160605 0.108534 0.0393443 0.0684342 0.0281676 0.0476683 0.0500575 0.107492 0.0712206 0.0621565 0.0208141 0.000494579 -0.0160848 -0.0233964 -0.0245421 -0.000896803 -0.0402244 -0.00930562 -0.00279467 0.0650672 0.00121723 -0.0069039 0.0351522 -0.0287744 0.0164811 0.00140369 0.00131748 0.0194975 0.0739218 0.148551 0.00314693 0.0250321 0.000817466 -0.00968716 0.0192157 0.0469765 0.136064 0.0912591 0.231589 0.457941
internal_weight=2322.31 94.7007 2227.61 2215.59 2207.43 15.3801 2192.05 190.813 124.663 40.1399 84.5233 11.7223 3.48316 2.38805 28.4176 8.05801 3.51892 2.906 0.305001 8.23911 2001.23 66.1496 26.5991 4.12178 77.8597 21.6113 56.2483 36.1487 19.1485 6.70862 5.49304 30.1952 3.84711 1984.76 82.8969 74.1209 39.5505 22.4773 16.4685 27.9459 26.3256 3.54452 1901.87 20.0997 6.87648 13.2232 5.65855 1895.21 1893.71 50.6898 11.7105 4.43443 38.9793 24.6809 1843.02 203.223 28.9092 16.4121 3.46551 3.15145 1.05737 0.491184
internal_count=784916 407165 377751 377700 353001 6745 346256 30312 21283 12748 8535 3750 1935 1613 8998 2783 2188 2096 512 1815 315944 9029 2962 442 6730 2270 4460 2086 2207 1659 1407 1765 1203 311818 14476 14427 6067 2520 4126 4103 3899 619 297342 2374 554 1820 493 294183 293807 13312 3230 965 10082 8743 280495 136408 28562 13339 2858 2755 835 628
is_linear=0
shrinkage=0.05


Tree=66
num_leaves=63
num_cat=0
split_feature=36 14 22 2 11 36 51 46 15 53 39 49 51 5 54 1 44 44 36 36 36 40 25 30 53 29 54 47 43 39 53 47 15 30 42 47 51 47 28 40 40 49 40 39 5 49 41 48 39 44 48 5 3 48 47 26 14 51 49 5 22 4
split_gain=60.94 9.69498 15.9458 35.1228 44.33 36.5194 25.9991 10.5317 23.8043 8.24692 10.7894 13.3353 9.43948 9.96022 11.2369 9.42993 11.0649 20.186 7.94591 16.8283 12.8732 7.34877 12.2287 10.3319 10.226 16.7336 8.33289 10.5068 7.20433 11.2437 14.3297 11.1463 10.7346 11.8144 14.762 15.6842 10.1005 9.14428 28.6952 9.21211 12.3354 10.3147 15.2652 10.3575 10.0008 8.6485 13.1729 10.8863 10.8094 12.0393 9.68784 9.58599 30.4016 9.19357 11.6822 8.47827 8.44195 9.50554 12.1071 10.0296 8.30298 8.6207
threshold=280.29412841796881 -49.687627792358391 -51.69800949096679 282.29653930664068 284.91830444335943 279.11766052246099 50.562639236450202 1.8858947753906252 -48.132015228271477 13.111111164093019 -5.6702983379364005 274.91055297851568 6.2884626388549814 205.86235046386722 0.78656607866287243 218.40579986572268 -0.85496139526367176 -0.25662422180175776 197.35294342041018 199.11765289306643 201.47058868408206 2.0588226318359379 0.84033203125000011 1.3097333908081057 10.916666507720949 0.722486972808838 -1.0000000180025095e-35 2.5512099266052251 3.7531433105468754 -1.2745085358619688 27.750000000000004 4.8208818435668954 -0.98665618896484364 34.739433288574226 3.8173065185546879 -5.2547500133514395 6.872349977493287 -10.195446014404295 14.113243103027346 36.490203857421882 30.470588684082035 257.70365905761724 15.549011230468752 -2.0842412710189815 211.81697845458987 256.32855224609381 6.7867329120635995 0.91809886693954479 -20.599854469299313 1.9606170654296877 -0.3497984111309051 234.2858810424805 241.03601074218753 -0.22978341579437253 0.16343873739242556 4.5414171218872079 -2.5146064758300777 21.627277374267582 255.32789611816409 214.94265747070315 -5.3106060028076163 219.06040191650393
decision_type=2 2 2 2 2 2 2 2 2 2 2 2 2 2 2 2 2 2 2 2 2 2 2 2 2 2 2 2 2 2 2 2 2 2 2 2 2 2 2 2 2 2 2 2 2 2 2 2 2 2 2 2 2 2 2 2 2 2 2 2 2 2
left_child=1 -1 3 -3 -5 6 7 -6 -9 10 11 -4 15 -14 -15 -12 -17 -18 -11 -20 -21 22 -13 -24 26 -26 -25 -28 29 31 -31 37 33 -30 -35 -36 -32 38 -22 40 41 45 43 -43 -42 46 50 48 51 -50 -39 -47 -53 -52 -55 -38 60 58 59 -58 61 -48
right_child=-2 2 9 4 5 -7 -8 8 -10 18 12 21 13 14 -16 16 17 -19 19 20 28 -23 23 24 25 -27 27 -29 32 30 36 -33 -34 34 35 -37 55 39 -40 -41 44 42 -44 -45 -46 47 56 -49 49 -51 53 52 -54 54 -56 -57 57 -59 -60 -61 -62 -63
leaf_value=-0.050027636707595705 -0.045605486622345634 -0.050122658573270688 -0.027351434233095301 1.1656782827107111 -0.012364553769154688 0.92587431361524664 0.62816603715469121 0.93435920029124075 -0.050046177042346013 0.022938906597861519 -0.022162227177116984 -0.03063936197166919 0.052017003720031263 0.01604024862442861 -0.034540607778600213 -0.011244221702511714 0.15057777456633267 -0.014669197228756162 -0.027833615837799721 0.038482892258764001 -0.034364088120122718 -0.013645401592407623 0.2382394003353141 -0.028498758665461338 0.23054622745991976 -0.051360057425483434 0.075138063778644348 -0.055121113875494357 -0.0026636072522548812 -0.034518044605710736 0.053691472669212849 -0.015487480936109025 -0.024299048284065566 0.1926676460524816 0.10979606129463926 -0.039458439446080636 0.051946898628592954 -0.016756420374461945 0.20399493658439344 0.058344298207217676 0.007822719096745161 0.0037674704810535253 -0.0225550829126814 -0.025412688645345089 -0.042419646709328324 -0.032191054498671476 0.070356567313746093 -0.054577205472193614 0.044515421756090121 0.14931477392519088 0.082182795331400799 0.67102044149172124 0.0028904796973779332 -0.036191628152976676 0.062526023871079556 0.010353756295227138 0.084112302688517493 -0.0074131152810367031 -0.0012163484590640631 0.019512307253706694 -0.039912048593104578 -0.0069556908650901354
leaf_weight=9.6524179554398852 75.811865325216786 1.9619034774514141 102.81416216785146 0.12334432420902919 1.2522360105213008 0.15369111501786381 0.22097010127617966 0.1015537162165856 0.15536009031347919 41.281102731823921 52.763443568372168 7.5782910459238364 13.986937960842623 53.413315107463859 13.82169853110099 11.832854994514493 3.6419110199203715 3.7520859654759979 50.074358306825161 23.288917860947549 2.9063837914727619 30.480990615236806 0.66641698661260562 5.2280194268969415 1.5487294986960471 0.79745837095833838 7.90507261132006 1.9250658188248051 400.34774372786342 13.295312965405172 19.018825616221875 91.910562107485021 58.527389976312406 1.6122808639192934 3.1062073361827052 4.0617488361313017 13.68086340324953 6.5314533596392748 2.2325913725071587 7.2909747146768487 15.491789589752441 712.1133937958657 66.080151635746006 31.766898307017982 27.462371095694834 6.8962800797307846 3.9379416378214946 3.2132135944557367 25.938549399725165 3.0642012584139584 12.36203477205709 0.20788912882562705 0.9406525356171187 5.1605522888712549 7.1481058592180489 117.30093574209604 12.040160095319154 33.097001302870922 19.411376015515998 11.993639446794985 18.635162616497837 42.732679938941146
leaf_count=33355 370256 2560 35665 108 2132 292 321 157 340 198 679 3879 150 1795 438 488 172 225 259 353 161 10905 126 1874 268 467 3287 543 70210 230 257 13595 641 216 238 635 226 395 283 316 252 190979 18667 547 1851 344 139 574 1873 154 179 82 958 222 243 1794 107 707 390 311 717 6034
internal_value=-0.00151641 -2.55201e-05 0.000190689 0.10032 0.247372 0.187245 0.12163 0.0474632 0.339073 1.23391e-05 -0.00752394 -0.0166505 0.00194407 0.0136282 0.00564219 -0.0112384 0.0187394 0.0667231 0.00124005 0.000762288 0.00154699 0.0029505 0.0226728 0.0450303 0.0376322 0.134728 0.0225039 0.049629 0.0010695 0.00294171 0.0152325 0.00122713 -0.00427049 -0.00140532 0.0559681 0.0252204 0.0196421 0.00265136 0.0691893 0.00233284 0.00194982 0.00305169 0.000475505 0.00252135 -0.0242993 0.0128337 0.00797757 0.0337064 0.0413634 0.0555877 0.0373909 -0.00991715 0.123824 0.0517262 0.0211375 0.0146981 0.00150755 0.0127745 0.0281536 0.0518748 -0.0116979 -0.00043229
internal_weight=2317.75 2241.94 2232.29 3.96906 2.00716 1.88381 1.73012 1.50915 0.256914 2228.32 312.156 158.944 153.212 81.222 67.235 71.9903 19.2269 7.394 1916.16 1874.88 1824.81 56.13 25.6491 18.0708 17.4043 2.34619 15.0582 9.83014 1801.52 1333.86 163.296 1170.57 467.655 409.128 8.78024 7.16796 150.001 1078.66 5.13898 1073.52 1066.23 1023.27 809.96 743.88 42.9542 213.311 173.05 40.2608 37.0476 29.0028 31.2021 8.04482 1.14854 24.6707 12.3087 130.982 141.848 76.5422 43.4452 24.0338 65.3058 46.6706
internal_count=785819 415563 382208 5910 3350 3242 2950 2629 497 376298 60961 57014 3947 2383 2233 1564 885 397 315337 315139 314880 21349 10444 6565 6439 735 5704 3830 314527 242587 2507 240080 71940 71299 1089 873 2277 226485 444 226041 225725 223622 210193 191526 2103 13429 9444 3985 3411 2027 1039 1384 1040 644 465 2020 8405 1515 808 418 6890 6173
is_linear=0
shrinkage=0.05


Tree=67
num_leaves=63
num_cat=0
split_feature=2 27 52 29 51 54 40 48 41 36 36 49 38 40 49 42 7 48 12 17 41 42 29 24 40 41 45 36 5 54 13 5 24 55 49 48 38 26 48 44 46 43 2 52 48 52 49 10 51 17 42 41 37 51 49 16 36 5 2 48 29 43
split_gain=57.9343 8.91092 8.67814 9.09738 9.8775 9.90963 9.69628 8.56497 8.63073 13.8616 8.43995 13.7874 18.1883 12.2582 11.6313 14.3347 11.1794 10.4387 11.1356 11.9688 13.4856 10.3072 15.4265 17.5586 15.0227 11.1692 10.4509 8.88646 14.4074 17.1955 15.282 10.2345 18.6824 16.5096 23.4109 9.89049 12.8447 9.921 16.491 13.0399 9.57721 11.3592 14.798 13.3773 14.0055 25.3471 24.0608 27.6541 65.8132 19.7067 19.2323 14.4792 13.5608 11.3214 19.7778 11.1822 14.319 13.1964 13.5189 11.9668 13.5573 11.1767
threshold=286.24263000488287 -2.6178026199340816 1.6373844742774966 8.3222141265869158 4.4333763122558603 0.12940952181816109 3.2745056152343754 -0.72268652915954579 1.8842880725860598 276.17646789550787 212.64705657958987 256.60597229003912 -0.35294342041015619 16.19608306884766 256.94619750976568 2.5860137939453129 229.33124542236331 0.88486921787261974 -5.262676239013671 -1.8849182128906248 6.9840204715728769 -3.5868148803710933 5.1821250915527353 13.38137722015381 1.9411621093750002 7.7702677249908456 0.31316947937011724 215.58823394775393 231.42743682861331 0.37940952181816107 -12.786073684692381 230.8393478393555 12.129281044006349 0.78656607866287243 269.27120971679693 -0.46758335828781122 -1.2941207885742185 6.4652318954467782 0.7071593999862672 0.63569831848144542 -0.63931655883789051 -3.1379623413085933 236.33694458007815 9.1258697509765643 0.13631474971771243 10.197713851928713 272.17034912109381 273.25506591796881 13.124438285827638 -8.1291046142578107 6.7428894042968759 18.908981323242191 244.07044982910159 6.166459560394288 267.31149291992193 -29.127658843994137 236.17646789550784 246.68986511230472 265.70204162597662 -0.55829647183418263 0.97279691696167003 -1.8719024658203123
decision_type=2 2 2 2 2 2 2 2 2 2 2 2 2 2 2 2 2 2 2 2 2 2 2 2 2 2 2 2 2 2 2 2 2 2 2 2 2 2 2 2 2 2 2 2 2 2 2 2 2 2 2 2 2 2 2 2 2 2 2 2 2 2
left_child=1 -1 3 4 -3 -6 -7 -4 9 -9 11 12 -10 27 15 -13 -15 18 19 -16 -21 -20 24 -24 26 -26 -23 35 31 30 40 -29 33 34 -33 36 -12 -37 39 -39 -30 -42 -43 61 55 46 47 52 -49 51 -51 53 -46 54 -47 -45 -57 58 59 -58 -61 -44
right_child=-2 2 7 -5 5 6 -8 8 10 -11 13 14 -14 16 17 -17 -18 -19 21 20 -22 22 23 -25 25 -27 -28 28 29 -31 -32 32 -34 -35 -36 37 -38 38 -40 -41 41 42 43 44 45 49 -48 48 -50 50 -52 -53 -54 -55 -56 56 57 -59 -60 60 -62 -63
leaf_value=-0.043724607783601599 -0.046464613260564294 -0.041266237415759743 -0.039419974914614062 0.040811685935034515 -0.0097132590430454961 0.034778407281983108 0.17451735101423843 0.016570309525126236 0.052680558268284855 -0.044973124260826947 -0.018537110464144534 -0.043334826410458473 0.0084104146272640044 -0.0065350528802639741 0.025036491311279819 0.011569852614953885 -0.029981378479777349 -0.027267421656354592 -0.02885946979200664 -0.082730360293103392 -0.013231110555617272 -0.0056303044972097205 -0.02035484808442109 0.0089082098757958424 0.073030197292713525 0.023059404151213925 0.036502912566040428 0.0049366835500151479 -0.024598569071695265 -0.023649730940176354 -0.026222965674744081 0.061974243087501539 -0.028231432547347297 0.012447398275589973 0.2991967930569121 -0.026984633367304285 0.069087162432965019 0.027114632238873705 -0.055927794315712369 -0.028361523642947153 -0.013721785758581156 0.25196933494576962 0.072545172352535645 -0.045200486901611311 0.2880357232738634 0.49860985990282558 0.010582360594466857 0.10082066341876304 1.1891184829244077 0.22847500722360059 0.045550577369218852 -0.016270450216834889 0.01134090596201647 0.032519798102027396 0.031250788388178859 -0.012316668701890375 0.23162617228299204 0.0056277713140568085 0.20636027667544041 0.10506266303434553 -0.013368420003096852 -0.019137457477690759
leaf_weight=11.798496786141184 70.345804470780422 9.5847406449756836 14.143693024248931 26.163651625276543 9.5495620944420825 4.9214724781049872 1.6601543762662911 122.65312380509567 27.984676461201161 9.8868264767224883 8.5143733675358835 32.516177815035917 135.73191274236888 164.22798392380355 10.648543007904662 18.739208431565203 73.635718617530074 29.008062875363976 19.919368392787874 10.444415398873391 21.042294691549614 43.700744199799374 68.044771271874197 207.82928079529665 20.697101755067706 24.324362554121763 22.191613268107176 525.39047927365755 25.269288760333438 107.59239872383478 47.90065571089508 2.3823768797446956 4.4673727698391303 3.0184326385497116 1.8458307102555407 86.727096366463229 8.219981891801579 36.616918309824541 11.178712163935414 14.903971027582882 48.016697972663678 0.64916821726364915 3.6297488087730008 9.8878740204672777 0.98853360104840227 0.36103120731421867 1.6271623072825603 0.32607484112668306 0.2420296045311261 2.2961719826562392 3.8397458668332547 18.915123704311554 0.80213384141097777 40.099773108959198 0.60689966367499437 27.903678364877123 0.8853391899028783 13.869957811693892 1.7281347871175956 4.3754100434598531 5.3973285940010101 39.483113228998263
leaf_count=13071 354538 2284 9958 2486 1080 902 282 26577 242 34207 279 373 1242 11311 366 256 31408 731 361 99 563 505 1344 3089 211 254 215 39281 13751 98172 8752 304 1574 280 222 1021 164 909 185 226 32534 131 2348 15585 66 80 1132 276 194 345 369 12468 400 20590 427 3716 255 6939 379 298 2520 21606
internal_value=-0.00178219 -0.000385826 -0.000157472 0.0200539 -0.00106536 0.022821 0.0700263 -0.000636849 -0.000384438 0.0119795 -0.00118747 0.00329752 0.0159777 -0.0034929 -0.000625994 -0.0232614 -0.0137934 0.00180194 0.00368065 -0.0207874 -0.0362846 0.00621556 0.0080219 0.00169043 0.0237701 0.0460318 0.00855957 -0.00128551 0.000591666 -0.00650769 -0.000341375 0.00596728 0.0521908 0.101769 0.165534 -0.0119479 0.0245043 -0.0160302 -0.000877929 0.0110665 0.00459391 0.00785894 0.0136833 0.0128107 0.0205972 0.036039 0.158489 0.26052 0.564468 0.0286572 0.114004 0.0199267 0.16409 0.0365985 0.205572 0.00369513 0.0126219 0.0391253 0.0766356 0.0556016 0.0396551 -0.0114185
internal_weight=2321.35 2251.01 2239.21 51.8796 25.7159 16.1312 6.58163 2187.33 2173.19 132.54 2040.65 692.823 163.717 1347.82 529.106 51.2554 237.864 477.851 448.842 42.1353 31.4867 406.707 386.788 275.874 110.914 45.0215 65.8924 1109.96 943.798 406.693 299.101 537.104 11.714 7.24664 4.22821 166.161 16.7344 149.427 62.6996 51.5209 251.2 225.931 177.914 177.265 134.152 70.1047 3.98593 2.35877 0.568104 66.1187 6.13592 59.9828 1.79067 41.0677 0.967931 64.0477 54.1598 26.2562 12.3862 10.6581 9.77274 43.1129
internal_count=785733 431195 418124 7034 4548 2264 1184 411090 401132 60784 340348 9851 1484 330497 8367 629 42719 7738 7007 1028 662 5979 5618 4433 1185 465 720 287778 284994 243333 145161 41661 2380 806 526 2784 443 2341 1320 1135 136409 122658 90124 89993 66039 36347 2068 936 470 34279 714 33565 466 21097 507 29692 14107 10391 3452 3073 2818 23954
is_linear=0
shrinkage=0.05


Tree=68
num_leaves=63
num_cat=0
split_feature=36 13 21 14 8 1 11 52 47 17 48 24 53 53 45 43 48 52 47 5 45 45 50 44 43 29 5 53 19 40 43 43 26 52 52 40 36 4 53 20 51 44 29 25 50 53 9 11 53 29 48 35 53 52 51 46 51 45 28 34 17 25
split_gain=54.2132 10.5642 12.4096 37.9537 37.2161 12.0892 11.2847 8.37737 9.56516 10.5224 8.13723 8.1053 9.05793 7.88484 8.93873 11.7531 9.58994 7.36482 7.16725 12.333 11.9443 10.7941 13.9984 7.97193 7.8842 7.85844 11.2435 8.68141 10.2042 7.43714 10.4284 7.38789 7.19265 7.36442 17.9835 10.283 8.87949 12.6808 8.57485 16.2761 12.9101 16.2087 17.9273 9.26956 8.00361 9.89291 8.3686 23.1319 17.5381 7.82885 10.1099 9.08571 8.5642 7.73666 7.50397 12.4364 9.70065 13.8049 9.14988 13.8606 12.3027 11.7234
threshold=280.29412841796881 -49.834360122680657 -51.498399734497063 -48.179166793823235 288.80838012695318 274.61524963378912 293.36714172363287 1.6373844742774966 -1.0602941513061521 -2.4757156372070308 -0.72268652915954579 1.227165222167969 -4.0833332538604727 77.458332061767592 2.1630644798278813 -1.7713623046874998 0.49165558815002447 2.2261739969253544 3.507806777954102 225.84973907470706 0.13232994079589847 9.6741275787353533 222.99001312255862 -0.40054702758789057 -4.6733932495117179 13.353486061096193 217.3274841308594 30.125000000000004 -13.700413703918455 2.0588226318359379 2.2233505249023442 11.167251586914064 -2.5346570014953609 8.7000589370727557 8.858396530151369 1.0000000000000002 216.17646789550784 233.73582458496097 680.33334350585949 -4.314380168914794 23.82463359832764 -0.89191055297851551 5.5258207321167001 -0.21407508850097653 89.133468627929702 193.77777862548831 288.45669555664068 288.31858825683599 65.666667938232436 31.354249954223636 0.32099205255508428 37.578380584716804 62.541666030883796 12.273254394531252 8.4556412696838397 9.5745534896850604 8.2931423187255877 4.6640853881835946 2.80186939239502 4.9220275878906259 -3.6867256164550777 3.908528327941895
decision_type=2 2 2 2 2 2 2 2 2 2 2 2 2 2 2 2 2 2 2 2 2 2 2 2 2 2 2 2 2 2 2 2 2 2 2 2 2 2 2 2 2 2 2 2 2 2 2 2 2 2 2 2 2 2 2 2 2 2 2 2 2 2
left_child=1 5 3 4 -3 -1 -5 8 9 11 -9 -4 -13 -10 15 -15 -17 -12 31 20 29 22 23 24 -22 27 -27 -23 -29 -20 -31 32 -19 44 35 -35 -37 -38 49 40 41 43 -43 -40 45 46 54 48 -48 -36 -51 -52 -53 -54 55 56 58 -58 59 60 -34 -61
right_child=-2 2 7 6 -6 -7 -8 10 13 -11 17 12 -14 14 -16 16 -18 18 19 -21 21 25 -24 -25 -26 26 -28 28 -30 30 -32 -33 33 34 38 36 37 -39 39 -41 -42 42 -44 -45 -46 -47 47 -49 -50 50 51 52 53 -55 -56 -57 57 -59 -60 61 -62 -63
leaf_value=0.57097527471776688 -0.044576496743873623 0.1533445140830775 0.1407245359721985 -0.05018434865316386 1.1140925548461067 -0.043692670992464211 0.30272672930077571 -0.038772280130969797 -0.026562463364858437 0.078571790705288719 -0.051349023352727036 0.15024259129891318 -0.034233169246834359 0.11673048704397393 -0.032111750578942888 0.040904759272658041 -0.076858826994423896 -0.053885405941220793 0.064026181616030339 -0.038601173731350615 0.075493064210797683 0.034077607916002166 0.0506043255157742 -0.026373414413433854 -0.021396993567752272 0.058064013036931865 -0.050406110056841959 0.031686207240385615 -0.039997052410055751 0.027587678040544739 -0.034211895092407352 -0.0093222437396478144 0.019670259512326777 -0.014363228395425543 0.0060787002427385717 0.055682272039532049 0.24472514729787975 0.010809818301147025 0.17781674052360541 -0.054847644198933634 -0.013170243345597278 0.0049608724435090583 0.21751359462266029 -0.025608667776853507 0.014035039071426121 -0.034934224908702759 0.098583848400008556 -0.050142644900812716 0.6282798261893574 0.045890027308302363 -0.043300587158311338 -0.025056989773023314 -0.033667577801688435 0.01122029368621031 -0.014871901126973154 0.050833682539771267 0.015187305725844617 0.15876861048499119 -0.0089529882631196479 0.21518517440942675 -0.048478240540646395 0.049803193603070138
leaf_weight=0.080403401807415231 69.733865205940674 0.24398617830593128 0.95233339810511353 1.2778541339212086 0.17175484439940192 15.710495672930845 0.27531960124906607 13.523165722552219 13.0026679293951 11.482971397228537 6.9242687545338404 0.74417477568204127 6.2870030981139271 4.0115762245695814 5.2589994076697613 8.1410206210130109 2.1948328621801929 5.6936109780945108 7.8905868201982221 28.73688859003596 3.9703019345761277 10.609173858945722 6.9745528220082624 100.62294239539187 4.4561636373982747 13.181658562854865 2.9178507571341461 6.8847070408519349 17.800998993217949 24.108937979093753 9.5226164539926668 150.39708399727533 28.466582776920404 2.2433053547574655 1112.710271892036 3.3423566517885774 1.9827529495814817 0.81859431364864566 0.63184238456597075 17.759756058338098 31.042713396658655 1.70309045613976 2.3759989188692998 4.925165358450613 58.551896053832024 27.101239971176255 0.33455001353286096 0.89221820644161198 0.29323937647859566 8.6272565731778723 17.697656491742237 35.509750104945851 11.24788302235538 65.489362278487533 111.03921958366118 11.822060169972245 7.4535026827070379 2.1590079799061641 177.60608081794635 1.2937821484083531 8.6304085183655825 6.2385545220167842
leaf_count=33 370031 338 95 1455 193 44721 70 7966 2311 205 1329 276 1581 163 635 721 241 5852 166 22747 205 403 192 3731 227 378 1030 422 507 572 337 20662 8611 350 206605 56 162 612 168 537 8513 298 346 1485 6184 4757 325 1773 132 77 927 744 236 1323 18705 962 1295 212 29293 312 213 1073
internal_value=-0.00115994 0.00018923 0.000478028 0.125949 0.550258 -0.0405629 0.0123736 0.000367062 0.0201854 0.0479202 -0.000107618 0.00383282 -0.0147084 0.00362871 0.023651 0.0440906 0.0158975 0.000134375 0.000299892 -0.00788967 -0.00366573 -0.00961929 -0.0180691 -0.0224613 0.0242547 0.0094563 0.0384051 -0.00374847 -0.020005 0.0203392 0.0100894 0.00131575 0.00222188 0.00240338 0.00427606 0.0772584 0.110713 0.176372 0.0038087 -0.014912 0.00252333 0.0530802 0.128769 -0.00247881 -0.00318268 -0.00581261 -0.00359709 0.113473 0.346004 0.00468301 -0.00652412 -0.010004 -0.00475422 0.00464078 -0.00409876 0.000810505 -0.00174021 0.0474362 -0.00386727 0.0163718 0.00381589 0.0782098
internal_weight=2313.77 2244.04 2228.25 1.96891 0.415741 15.7909 1.55317 2226.28 52.0756 19.4665 2174.21 7.98351 7.03118 32.6091 19.6064 14.3474 10.3359 2160.68 2153.76 237.677 208.94 167.418 116.024 109.049 8.42647 51.3944 16.0995 35.2949 24.6857 41.5221 33.6316 1916.08 1765.68 1759.99 1318.11 8.38701 6.1437 2.80135 1309.72 58.4386 40.6788 9.6361 4.07909 5.55701 441.882 383.33 356.229 1.52001 0.627789 1251.28 138.572 129.945 112.247 76.7372 354.709 243.67 231.848 9.61251 222.235 44.6293 37.097 7.53234
internal_count=786081 416050 371296 2056 531 44754 1525 369240 6228 2157 363012 1952 1857 4071 1760 1125 962 355046 353717 30917 8170 7095 4355 4163 432 2740 1408 1332 929 1075 909 322800 302138 296286 222439 1180 830 774 221259 11347 10810 2297 644 1653 73847 67663 62906 2230 457 209912 3307 3230 2303 1559 60676 41971 41009 1507 39502 10209 8824 1385
is_linear=0
shrinkage=0.05


Tree=69
num_leaves=63
num_cat=0
split_feature=38 19 54 49 36 29 46 2 5 47 16 44 16 50 55 49 53 11 37 2 10 38 13 51 11 4 45 51 36 45 6 38 48 51 40 48 48 5 52 52 50 40 53 48 36 24 42 46 36 31 48 43 25 34 36 3 42 49 48 48 42 42
split_gain=57.0511 6.35681 9.95708 7.83017 7.58524 8.42906 10.7409 7.66153 7.1359 6.98032 14.8089 18.1153 6.86952 48.8825 14.3746 6.1394 5.91344 8.28375 10.7645 10.2635 17.805 8.52045 6.77459 5.78919 15.1621 11.7323 12.5359 10.2633 9.88118 7.33019 8.05203 6.35469 7.80826 11.8245 7.10747 6.07203 14.3058 13.8585 11.6823 11.5144 10.4982 12.8246 22.3574 15.8241 11.8193 8.67491 8.09206 8.68256 13.2369 7.86524 7.75838 14 16.4843 12.2096 12.9859 11.4821 10.8536 11.118 10.8426 19.5304 10.82 9.85837
threshold=-36.764709472656243 -32.754924774169915 -1.0000000180025095e-35 267.04945373535162 229.70588684082034 11.094322204589846 1.6342229843139651 286.24263000488287 214.94265747070315 -3.5644457340240474 -44.534931182861321 -16.738119125366207 -29.127658843994137 4.1289961338043222 0.98296290636062633 247.43756103515628 545.16665649414074 274.78462219238287 278.74002075195318 276.51573181152349 279.58125305175787 -10.705879211425779 -36.707479476928704 62.911327362060554 267.44580078125006 225.92765808105472 -1.9752941131591795 95.808483123779311 229.11765289306643 -1.1074428558349607 267.93907165527349 -19.88234710693359 -0.56490284204483021 40.069252014160163 -1.2941207885742185 -0.5924580693244933 -0.51488128304481495 205.86235046386722 13.015434265136721 38.972373962402351 92.951648712158217 1.1568603515625002 193.77777862548831 -0.55223670601844776 225.58824157714847 24.555786132812504 0.050567626953125007 1.1818566322326662 216.76470184326175 0.70867750048637401 -0.07752364873886107 4.2317657470703134 6.8598308563232431 24.646006584167484 195.00000000000003 222.41785430908206 0.98872375488281261 265.70214843750006 -0.25243204832077021 -0.2346743047237396 22.131034851074222 8.2235107421875018
decision_type=2 2 2 2 2 2 2 2 2 2 2 2 2 2 2 2 2 2 2 2 2 2 2 2 2 2 2 2 2 2 2 2 2 2 2 2 2 2 2 2 2 2 2 2 2 2 2 2 2 2 2 2 2 2 2 2 2 2 2 2 2 2
left_child=-1 2 3 15 5 -5 -7 9 -4 10 11 -6 13 -3 -15 -2 -10 -18 19 20 22 -20 -19 31 25 26 -25 -28 -26 30 -30 32 33 34 -14 39 37 -37 40 45 41 -39 43 -43 -45 -33 -40 48 -48 -50 51 52 -38 -52 -55 61 -54 -58 -59 -60 -53 -56
right_child=1 12 8 4 7 6 -8 -9 16 -11 -12 -13 23 14 -16 -17 17 18 21 -21 -22 -23 -24 24 28 -27 27 -29 29 -31 -32 35 -34 -35 -36 36 50 38 46 -41 -42 42 -44 44 -46 -47 47 -49 49 -51 53 60 56 54 55 -57 57 58 59 -61 -62 -63
leaf_value=-0.040370483110977601 0.041358249767382137 0.74308475061811874 0.042842024296004665 -0.028909741651410616 -0.05005926943660155 0.19264152310200519 -0.01780851180704059 -0.050097776793805039 -0.027879304154748583 0.018683934068831343 -0.044231467111126577 0.52819104979089671 0.10095290619952631 -0.014583923391671678 0.40690747031086244 -0.05014194339555416 -0.037678495163951227 -0.050161532973037687 -0.037048585007878207 -0.050281223560733335 0.4167453368861882 0.21324852596618712 0.15043351201442162 0.048800083211841858 0.17652852875181849 -0.045419668528217598 -0.0044067756995295046 -0.06404682765072886 0.17250734226376804 -0.0030116888231022693 0.024336029482988686 -0.021043414220863518 -0.034461250490160161 0.28628248557741937 -0.050908333631962767 0.099961932002513132 0.0077127573214984431 0.019368713348748002 0.037008168734349964 0.098084655973133344 -0.048013885136059732 0.15320059850362508 0.22764383843921171 0.059722323246077513 -0.051969329569714555 0.064056626137880907 0.075062393795904347 -0.042475630572860607 0.049180050865207686 -0.043295671952739784 0.010472759036218953 -0.019794944365411588 -0.02831534866229217 0.086964457094520567 0.00047634500877965835 -0.020932737670877638 0.02318629436455602 -0.041425708871310939 0.13631911088722543 -0.015282720222013393 0.028829208672017988 0.044793194149352802
leaf_weight=88.24034140718868 2.1938223368488243 0.25213261757744421 4.3502506488002828 22.781758340803211 0.28450009856896941 1.0200044824741774 1.4948191209405193 4.8384527227753997 77.518000876982114 87.297527938659186 8.3588809856446442 0.25851185669307497 1.3024402263399686 2.6794611530931438 0.21880108857294533 11.153992014937101 5.393534962058764 0.5982886270212483 3.4692365813534711 0.76394177094334725 0.52942015399457876 0.37695358332712192 1.4196317785535941 9.0044624519650807 1.2138118345173996 26.878492571500828 38.624322320567444 8.8701533380080928 1.5038149614701972 7.3326985613384741 2.3492509448551573 59.016944199596765 21.420376849739114 0.44489110787981179 1.886421798873928 5.3788860803470007 324.24604150420055 24.914918720955029 10.258632363576906 2.2633435190655282 3.511240529594942 3.1364132324233642 2.1230515418574205 7.9010868886252883 3.3826547050266527 3.1547237769700578 5.3740259257610949 14.583717703178989 3.1017175301676607 8.8879359161946905 470.45738281111699 139.35524237385835 62.825013335241238 4.243013694882392 539.80587472830666 63.565998481528368 29.836458464851603 20.395013970293803 2.7168418272340196 9.7428333919960988 12.464231734164057 12.847626222297547
leaf_count=421241 70 147 105 2175 576 190 270 12779 89415 43383 7785 277 426 3276 206 12684 2075 507 3421 588 119 34 309 385 36 10633 1632 1305 167 1610 342 5408 20629 193 1036 66 15871 966 707 137 391 309 145 306 982 79 51 1308 67 624 58356 8772 5644 19 14332 23935 2021 3348 278 1248 412 193
internal_value=-0.000946759 0.000629072 -0.00716107 0.00131693 0.00516488 -0.0193204 0.0675494 0.0112952 -0.0197033 0.014383 -0.0277945 0.225229 0.00155317 0.0753273 0.0172361 -0.0351031 -0.0227242 0.00911519 0.0443767 0.110462 0.158668 -0.0125177 0.0909595 0.00143521 -0.010555 -0.0182268 -0.00529028 -0.0155453 0.041032 0.0263287 0.0821659 0.00204784 -0.0229646 0.0448063 0.011117 0.00238667 0.00293098 0.0220721 0.0172661 -0.0126924 0.0349985 0.0420291 0.0761568 0.0538536 0.0262393 -0.0167253 -0.00162722 -0.0140334 0.0098551 -0.0193722 0.00188425 -0.00267444 0.00175715 0.00439811 -0.000207908 -0.000808138 -0.013628 0.00109074 -0.018975 0.0177742 -0.0158029 0.00150659
internal_weight=2295.81 2207.57 234.102 139.682 126.334 25.2966 2.51482 101.038 94.4193 96.1994 8.90189 0.543012 1973.47 3.15039 2.89826 13.3478 90.069 12.551 7.15747 3.31128 2.54734 3.84619 2.01792 1970.32 95.777 83.3774 56.4989 47.4945 12.3996 11.1858 3.85307 1874.54 25.0541 3.63375 3.18886 1849.49 1785.06 92.5543 87.1754 64.435 44.9694 41.4581 16.5432 14.4202 11.2837 62.1717 42.206 31.9474 17.3637 11.9897 1692.5 601.582 449.762 1090.92 620.463 616.219 125.516 62.6911 32.8547 12.4597 151.819 552.654
internal_count=786001 364760 176762 80189 67435 2635 460 64800 96573 52021 8638 853 187998 3629 3482 12754 96468 7053 4978 1523 935 3455 816 184369 16110 13955 3322 2937 2155 2119 509 168259 22284 1655 1462 145975 140351 5922 5856 5624 3099 2708 1742 1597 1288 5487 2757 2050 742 691 134429 37594 28410 96835 38479 38460 12539 6895 4874 1526 9184 14525
is_linear=0
shrinkage=0.05


Tree=70
num_leaves=63
num_cat=0
split_feature=16 5 48 54 50 48 36 40 47 41 47 38 53 45 46 46 23 5 25 50 52 43 20 53 48 48 4 47 5 47 0 36 23 50 48 43 29 47 24 39 50 45 5 35 36 39 34 41 48 40 40 52 45 55 35 27 36 54 40 29 0 27
split_gain=50.8625 8.24272 8.21577 6.93443 14.7662 9.9416 8.6414 8.94595 8.4341 15.977 13.0614 8.52086 8.78986 12.4756 9.86526 12.271 17.2982 16.2382 11.0388 8.49051 7.98522 10.9622 7.93485 22.6516 9.59229 21.8983 12.2481 10.0729 11.4791 7.90375 10.5152 7.78024 9.69274 8.02129 8.00677 21.093 18.5508 10.3871 11.0994 17.3278 10.3669 7.6647 12.7112 7.47372 16.3289 9.01091 7.32996 14.151 6.4962 15.6239 10.8262 14.2025 9.17081 7.58308 24.7899 15.5201 15.7262 11.3726 22.5652 21.7878 16.0899 21.3422
threshold=-38.938354492187493 238.26190948486331 -0.72268652915954579 0.91597560048103344 13.224340438842775 0.31611293554306036 196.17646789550784 -4.5294189453124991 3.923662662506104 36.865652084350593 7.3394865989685067 0.64705657958984386 254.45833587646487 -0.11771965026855467 1.2786288261413576 1.0235643386840823 -25.53857326507568 243.27687072753909 12.701008796691896 16.404320716857914 39.807723999023445 -3.4867095947265621 -42.237125396728509 -1.6249999999999998 0.22238975763320926 0.26878702640533453 207.11548614501956 0.44793140888214117 217.3274841308594 -0.92635098099708546 250.60169982910159 199.11765289306643 1.0000000180025095e-35 33.492425918579109 -0.66743496060371388 -5.1458587646484366 12.387498855590822 2.8915948867797856 0.11173629760742189 -30.774875640869137 60.130428314208991 -3.2957801818847652 219.31372833251956 6.2356228828430185 211.47058868408206 -3.5671762228012081 22.455315589904789 9.8378095626831072 0.95832794904708873 24.705894470214847 30.470588684082035 25.382464408874515 0.79480934143066417 0.60355338454246532 9.8315100669860858 8.1301012039184588 220.88235473632815 -1.0000000180025095e-35 1.8823699951171877 5.5258207321167001 215.29643249511722 2.9108867645263676
decision_type=2 2 2 2 2 2 2 2 2 2 2 2 2 2 2 2 2 2 2 2 2 2 2 2 2 2 2 2 2 2 2 2 2 2 2 2 2 2 2 2 2 2 2 2 2 2 2 2 2 2 2 2 2 2 2 2 2 2 2 2 2 2
left_child=1 -1 -2 31 6 8 -5 -8 9 11 19 12 13 -6 15 18 17 -17 -15 -10 21 -14 23 -9 41 -26 -27 28 -28 30 -23 -4 34 -34 35 36 40 38 39 -37 -33 42 -24 44 -16 -46 47 -12 53 -50 51 52 -51 -36 55 57 -57 58 60 -59 -55 -62
right_child=2 -3 3 4 5 -7 7 22 10 -11 46 -13 20 14 43 16 -18 -19 -20 -21 -22 29 24 -25 25 26 27 -29 -30 -31 -32 32 33 -35 48 37 -38 -39 -40 -41 -42 -43 -44 -45 45 -47 -48 -49 49 50 -52 -53 -54 54 -56 56 -58 59 -60 -61 61 -63
leaf_value=0.18807099491309434 -0.038196514229888387 -0.036975481048122066 -0.013336932974255037 0.049259559792691955 -0.050861973516523995 -0.06418636033358055 0.1337973754393838 0.55545833334027617 0.035856031179235824 0.093572032708521102 -0.0055818155261919827 0.023846801608704352 -0.037856634091762903 -0.033328646107719927 0.16963489916443786 0.65908316766525443 0.045717169404881283 0.12430118178190713 0.10507994680864732 -0.051806959421724585 -0.050816843665323436 0.16651057723194851 0.26547066292319677 0.010034363072156671 0.20226533599734148 0.14283707898184056 0.1346878961555639 -0.062405770701422197 -0.055772245697466152 0.018480320310697847 0.001951495350403596 -0.0052184693263100075 0.0095914025272472517 0.054077385198644357 0.0054448548404009405 -0.022390000571820827 0.27565545619627851 0.20955211228390047 -0.035114553562594637 0.24591719751023422 0.18980783633347989 -0.021182237427532665 0.0072767251027359191 -0.035319162137617509 -0.04483458116631462 0.059629240498152596 -0.035407909518047377 0.099497555667545479 -0.04539199683463746 -0.042364141859915397 -0.028708665702486431 0.094646244335639451 0.026821230773749247 -0.040931196210370877 -0.035673755185037632 0.15765554072758026 -0.024627546413213904 0.0049417436375467395 -0.027100730851821683 0.064633837196796592 -0.0076208068459705861 0.023033836736443904
leaf_weight=0.40863467668532294 13.071855370217234 94.746976693728357 73.654445547610521 14.320528298616408 25.118096833321033 8.9330535740591568 1.3130328363477008 0.24750623291765805 3.0101170116249696 4.1442009233869603 12.549362299323553 19.89882166357711 7.7927780071622683 4.325843675338545 1.486025153659283 0.28108194810920384 1.0371113929431883 0.2867621757904999 2.1598225503694266 33.524351701838896 5.3454457279149201 2.2259182449779504 0.61886725435032675 0.82442580610221827 1.7310862208832976 1.4397500436753015 1.8303058519959452 4.6975963016157039 1.3933722360816316 24.379728261206765 1.7215803257131481 2.0567247518338294 26.249367156066 16.503990630153567 1105.4843855399522 1.5149742389039604 1.4634423746028913 0.57485929920221757 8.6961916956352052 0.99827118372195123 1.0190018646535461 32.401652170112371 2.0748766728502233 21.526468398180441 6.0246451301791231 3.1403433834202579 8.6345326721493603 4.3024817038385654 23.856270424905233 6.8952493383258178 15.447726117097771 5.6004757186747147 15.686605089576913 19.689454915933311 48.769271080294857 3.134594705537892 1.9006979450350625 219.13913526534452 87.259783124056412 16.433288706757594 126.23278748938174 103.19560626056045
leaf_count=177 6070 446155 357 62 9411 3356 102 221 289 42 826 226 929 2346 13 35 149 512 148 4051 1441 141 16 997 193 14 40 958 464 4457 580 426 306 211 180146 1092 50 48 3554 214 164 5182 813 4003 2835 24 239 176 11858 723 928 281 452 337 15515 70 798 36060 9361 1753 17873 5427
internal_value=-0.000216332 -0.036009 0.0013253 0.00156053 -0.00602823 -0.0126197 0.0151264 0.00506299 -0.0102319 -0.0030355 -0.0254198 -0.00619416 -0.0117886 -0.0232088 -0.00595947 0.0433953 0.167179 0.389017 0.0127635 -0.0445843 0.00621956 0.0146604 0.0014863 0.135971 -0.00163486 0.0388961 0.00868507 -0.0156981 0.0523652 0.0291078 0.0947432 0.00260071 0.00323258 0.0267642 0.00267829 0.0375386 0.129118 0.00226334 -0.00836716 0.0841827 0.0593946 -0.0144449 0.0665948 -0.0183691 0.0158882 -0.00904051 0.00205237 0.0212462 0.00236193 -0.0128571 0.00493245 0.0233723 0.00569584 0.0029552 -0.00144314 0.00145018 0.0888482 0.000680749 -0.0052195 0.0091058 0.00244496 0.00616748
internal_weight=2304.43 95.1556 2209.27 2196.2 264.742 201.849 62.893 48.5725 192.916 130.895 62.0208 126.75 106.852 65.3862 40.2681 8.09062 1.60496 0.567844 6.48567 36.5345 41.4655 36.12 47.2594 1.07193 46.1875 11.0921 9.36102 7.92127 3.22368 28.3272 3.9475 1931.46 1857.8 42.7534 1815.05 16.3235 4.53917 11.7843 11.2094 2.51325 3.07573 35.0954 2.69374 32.1775 10.651 9.16499 25.4864 16.8518 1798.73 67.4863 43.6301 28.1823 22.5819 1731.24 625.755 576.985 5.03529 571.95 336.378 235.572 249.118 229.428
internal_count=785697 446332 339365 333295 45291 36229 9062 9000 32873 27292 5581 27250 27024 19476 10065 3190 696 547 2494 4340 7548 6107 8898 1218 7680 1669 1476 1462 504 5178 721 288004 287647 517 287130 5548 640 4908 4860 1306 590 6011 829 6875 2872 2859 1241 1002 281582 14242 2384 1456 1175 267340 87194 71679 868 70811 32998 37813 23637 23300
is_linear=0
shrinkage=0.05


Tree=71
num_leaves=63
num_cat=0
split_feature=1 10 29 38 53 44 54 38 36 23 51 29 47 43 45 35 45 48 36 48 48 14 33 24 49 27 52 51 25 51 48 49 38 36 46 47 39 20 47 49 36 17 49 38 36 31 49 51 50 53 50 51 48 48 48 23 8 49 35 21 38 52
split_gain=44.2512 9.41152 17.049 10.3013 12.4355 7.90825 6.94732 13.8772 11.0699 13.1975 9.04268 8.6572 12.3195 11.2523 10.3135 11.0276 8.50305 8.17186 21.9216 16.1718 16.2142 15.6444 24.8476 13.3375 12.333 12.2416 15.7462 24.0753 13.9515 14.8266 11.695 13.7379 11.6182 16.1837 9.34037 8.7195 8.29241 13.5604 11.7474 8.7828 13.5628 8.85359 8.1862 14.0877 10.4385 8.07061 8.28157 10.6712 8.61365 8.04219 16.2936 15.0625 16.1934 10.4487 12.4167 9.52744 19.5744 20.3919 8.00331 7.98443 7.93933 7.59949
threshold=288.95602416992193 291.61836242675787 6.611107826232911 -38.352928161621087 1324.3750000000002 -12.955692291259764 0.91597560048103344 0.64705657958984386 199.11765289306643 1.0000000180025095e-35 14.791633129119875 20.288356781005863 6.3749313354492196 1.340171813964844 0.38357734680175787 33.683485031127937 0.10239124298095705 0.8994269371032716 215.00000000000003 0.8446832299232484 0.81332153081893932 -43.139286041259759 13.726376056671144 42.279247283935554 257.70365905761724 30.496309280395511 8.7000589370727557 14.791633129119875 29.548875808715824 13.604187011718752 0.70040506124496471 254.46063232421878 -0.35294342041015619 211.47058868408206 5.1165428161621103 0.77526974678039562 -25.100947380065914 -1.7070164084434507 -0.49461191892623896 273.60411071777349 227.94117736816409 0.44061279296875006 272.01187133789068 -2.1764755249023433 211.47058868408206 19.417458534240726 288.57763671875006 49.253993988037116 36.706110000610359 278.20832824707037 18.953469276428226 19.238735198974613 -0.15365490317344663 -0.07752364873886107 0.04865998029708863 -45.350187301635735 281.00186157226568 279.70571899414068 21.542327880859379 -27.911563873291012 -36.117637634277337 6.6668713092803964
decision_type=2 2 2 2 2 2 2 2 2 2 2 2 2 2 2 2 2 2 2 2 2 2 2 2 2 2 2 2 2 2 2 2 2 2 2 2 2 2 2 2 2 2 2 2 2 2 2 2 2 2 2 2 2 2 2 2 2 2 2 2 2 2
left_child=1 3 5 4 -1 -3 8 11 -5 17 -11 12 49 -14 15 -13 -9 19 24 20 30 22 -21 -22 32 26 -23 28 29 35 61 -32 34 -34 -19 59 39 38 42 40 -33 60 44 -44 -38 -29 47 48 -47 55 -51 52 -52 -54 -55 56 57 -8 -57 -28 -41 -10
right_child=-2 2 -4 6 -6 -7 7 16 9 10 -12 14 13 -15 -16 -17 -18 18 -20 21 23 25 -24 -25 -26 -27 27 45 -30 -31 31 36 33 -35 -36 -37 37 -39 -40 41 -42 -43 43 -45 -46 46 -48 -49 -50 50 51 -53 53 54 -56 58 -58 -59 -60 -61 -62 -63
leaf_value=-0.035304545004982889 -0.047092279178523107 0.20750246000236539 0.64807088858312401 -0.017674025307880148 0.12649673286266108 -0.05031677365984321 0.060527841393124032 0.025254237592061926 -0.0064364261399321044 0.010905146117212654 0.057856384524561301 -0.042021553929994654 0.0043984266382533447 0.085995979731798136 -0.057313833839482888 0.09804465615338441 -0.0086397615053607543 0.065722500401597841 -0.02997129899964714 0.59971616681419782 -0.034250207030316199 -0.029505846138658871 0.069768628001718638 0.02449810919637678 -0.030064471867601219 -0.023154066159500261 0.22323266963331545 -0.014427562681170842 0.29278534682186719 0.28053696577972115 0.10415707561314602 0.16266559748497739 0.017869540725078761 -0.04177088690021586 0.010364577593549654 -0.025809111978135471 0.071284179519691529 0.038245454789718497 -0.044106349228844516 0.11375893087370198 0.037826049911819891 0.1507060423436325 0.0036965262590541305 0.12300915764119752 -0.028730532772954939 0.083778941962312795 -0.050903557365042588 0.12515857356039414 -0.010078252090233376 0.19337598552357602 0.20427917598765541 -0.025509875877573276 -0.065301079901896528 0.10508456728909028 -0.0076773471198896054 -0.030695328656730476 -0.01984433342657476 0.60411091477279177 0.022543050490377407 0.034667954586146063 0.0038352240164992789 0.0031526764425747231
leaf_weight=29.600476687774066 51.093509876547614 0.56071739281469479 0.1432130643952404 73.851050723344088 1.2371452687075351 0.63344552161288348 0.39718901336891521 43.299130260013044 250.01034971475019 25.925306636840105 16.966574865393341 3.2565535774920162 19.315440194506667 5.4079351630934971 20.88578245381359 2.471935615350958 32.313537137117237 15.648646600311624 72.278791929536965 0.30735122623445821 51.207463186423411 6.5186624367634058 0.78898098126228433 11.907542695291339 19.470468802785035 9.5242814421362691 1.0902107662113849 6.4565266345598529 1.2614203086704945 0.97381607496936329 4.4817732018418601 2.9497550545493132 38.492130931932479 16.145777493249625 14.851452559698371 1.6282471628510391 3.1270868014544311 20.482441526604816 16.744772812118754 1.7662070752121497 8.2901083819451724 1.1968013327568758 7.8182080861588474 3.6193960756063444 15.742533491982611 4.6171555859473319 1.7588750349968894 4.7852236241596975 5.1949093831208302 1.0896580381086085 1.3433224800101005 25.394744798191823 2.7098774115729602 4.6304967082396598 5.163759528499213 86.803233412269037 1.6055208254110764 0.30502792252809741 7.6841849088377776 1.1573457988561162 23.477928222331691 1190.4625219493901
leaf_count=124556 295805 198 260 355 662 1581 387 389 40689 296 218 318 1998 223 904 131 328 353 38049 152 15267 1721 535 215 737 480 408 1112 102 143 127 235 395 331 165 384 83 431 2838 1093 4446 15 1040 79 2882 626 489 549 927 283 295 6544 306 508 1153 30455 3180 191 668 246 7747 188306
internal_value=-0.00108015 -3.49391e-05 0.132565 -0.000113829 -0.0288134 0.0707419 0.000285361 -0.0073262 0.00131458 0.00206084 0.0294775 -0.0145862 -0.0102407 0.0222469 -0.0410129 0.0184193 0.0107694 0.00142043 -0.0087957 0.00250948 0.00167541 0.0317214 0.218337 -0.0231665 0.00583548 0.0271715 0.0406953 0.0565169 0.144654 0.106124 0.00268684 0.0184243 0.0140456 0.000245494 0.038767 0.0623019 0.0147724 0.00428743 -0.010495 0.0335645 0.0705886 0.0178258 0.00807529 0.0414527 -0.012156 0.0329068 0.0515918 0.0639418 0.0340871 -0.016098 0.00266047 -0.00263523 0.0393144 0.0215922 0.0456339 -0.0239142 0.0764607 0.296649 -0.0263657 0.126134 0.011526 0.00148838
internal_weight=2300.32 2249.23 1.33738 2247.89 30.8376 1.19416 2217.06 264.077 1952.98 1879.13 42.8919 188.465 161.85 24.7234 26.6143 5.72849 75.6127 1836.24 176.887 1659.35 1613.28 46.063 1.09633 63.115 104.608 44.9667 35.4424 28.9237 6.11104 4.84962 1550.17 109.697 85.138 54.6379 30.5001 3.8758 105.215 67.5344 47.052 37.6808 11.2399 26.4409 30.3072 11.4376 18.8696 22.8127 16.3562 14.5973 9.81206 137.127 40.3319 39.2422 13.8475 12.5041 9.79426 96.7952 2.30774 0.702217 94.4874 2.24756 25.2441 1440.47
internal_count=785589 489784 2039 487745 125218 1779 362527 48261 314266 313911 514 47544 46191 2221 1353 449 717 313397 40030 273367 265493 7874 687 15482 1981 7187 6707 4986 1283 1181 250011 21016 1244 726 518 1038 20889 7353 6922 13536 4681 8855 4084 1119 2965 3703 2591 2102 1553 43970 9089 8806 2262 1967 1661 34881 3758 578 31123 654 8840 228995
is_linear=0
shrinkage=0.05


Tree=72
num_leaves=63
num_cat=0
split_feature=17 40 28 34 13 45 50 52 42 29 47 43 45 2 50 54 38 50 46 46 52 19 28 50 53 25 40 2 40 53 17 52 23 31 7 52 21 42 22 46 35 31 53 53 42 28 28 50 17 17 45 12 12 20 2 50 50 53 53 42 42 17
split_gain=46.3086 10.0947 9.36465 12.869 7.65261 8.18984 15.0371 7.38205 12.1279 12.3782 8.57802 10.8785 12.2364 7.80629 7.02592 6.73367 17.7888 10.1726 11.2162 9.71723 9.18116 10.4942 10.4829 9.75012 9.13336 13.0521 8.39844 7.98811 12.6175 7.98491 8.41265 8.70002 17.3548 10.3756 7.9514 7.72814 9.8305 8.30064 9.30528 11.2906 15.4973 7.64619 7.60554 9.10915 8.33817 10.1281 14.231 26.1713 14.0477 16.846 9.91647 9.6814 12.6827 17.8001 9.39022 8.28932 7.89175 10.6375 7.61739 8.35934 7.54612 7.02002
threshold=-34.913860321044915 8.1764678955078143 8.3174104690551776 12.247000217437746 -39.629301071166985 0.092967987060546889 41.083293914794929 1.6373844742774966 5.8932647705078134 8.3222141265869158 -2.4360113143920894 -1.0245819091796873 2.1630644798278813 246.20001220703128 14.287586688995363 0.91597560048103344 0.64705657958984386 9.2810921669006365 8.0962839126586932 -5.9803237915039054 6.6668713092803964 -9.5116462707519513 1.2669048309326174 222.99001312255862 262.91667175292974 19.584112167358402 -1.6078414916992185 284.78034973144537 5.8627319335937509 705.41665649414074 -3.9566383361816402 18.143910408020023 -12.098024368286131 -0.23926734924316403 246.93305969238284 25.382464408874515 -1.7820734977722166 -0.50550079345703114 -26.144196510314938 4.990553855895997 7.3780336380004892 0.49368715286254888 471.94444274902349 344.16667175292974 -6.3549804687499991 22.072401046752933 23.298627853393558 33.10725402832032 1.1571083068847658 -2.2101402282714839 16.108370780944828 -43.444982528686516 -46.258813858032219 -45.06077575683593 255.3325119018555 138.34800720214847 16.58189678192139 177.12500000000003 20.000000000000004 -7.5941467285156241 -4.5641250610351554 -31.878841400146481
decision_type=2 2 2 2 2 2 2 2 2 2 2 2 2 2 2 2 2 2 2 2 2 2 2 2 2 2 2 2 2 2 2 2 2 2 2 2 2 2 2 2 2 2 2 2 2 2 2 2 2 2 2 2 2 2 2 2 2 2 2 2 2 2
left_child=1 -1 3 -3 -4 -6 14 8 9 -2 -11 12 -12 -10 -7 20 19 -18 -19 -17 21 22 26 -23 -21 35 -9 -24 -29 42 31 32 33 -31 -28 37 -37 -26 -39 40 -40 -36 43 44 45 48 47 -47 49 51 56 52 55 -54 -55 -22 -51 -58 -48 -60 -45 -44
right_child=7 2 4 -5 5 6 -8 15 13 10 11 -13 -14 -15 -16 16 17 18 -20 24 29 23 27 -25 25 -27 34 28 -30 30 -32 -33 -34 -35 41 36 -38 38 39 -41 -42 -43 61 60 -46 46 58 -49 -50 50 -52 -53 53 54 -56 -57 57 -59 59 -61 -62 -63
leaf_value=-0.040137361461255079 -0.032655558457470368 -0.050046135502656755 -0.02570716619850355 0.41357255043385255 -0.0032750288003164474 0.14712490220980476 -0.050350119202796195 -0.024609171760749157 0.085147067745139901 0.078539422792630972 0.08496357258558436 -0.050776734139046688 -0.023381786104313542 0.016236809900857695 0.42666227600950801 0.10717419099689861 0.043346875855295869 0.028392976524337761 -0.019279618376487728 -0.024791723958723873 -0.032686342609047257 -0.0026277804703246492 -0.029197533785002384 0.042059245296880286 -0.011369199352432142 -0.057730139233558547 0.12214314941112421 -0.050041965175498797 0.3399718340034088 0.19021863464737632 -0.033468173876282113 -0.011939234872005997 0.24818061578635542 -0.0056842667418659058 0.071985965043839736 -0.038473595201489574 0.090222650531694995 -0.02322368656579769 0.043638026786337832 0.0078059143928687893 0.1704494792887625 -0.0026390675779009872 0.10747417318602244 -0.047869314867172802 0.0024768699480776767 0.42042163598370891 0.12283997767637263 0.0086376553766316644 -0.025827214593009924 0.11713986068260343 -0.017064347765888138 -0.015790559136863985 0.39659376020427684 0.19002301437502592 -0.050235483326257192 0.23008933960749853 0.020732678225654097 0.094299849979187417 -0.024217351662469227 0.10018444863745771 -0.0064918172436875783 0.015374235254359339
leaf_weight=88.993329032571637 14.756500536372185 0.27970466623082657 10.178498620123717 0.32198638473346364 2.1625745842757165 0.48540659417631082 0.57572088559390977 14.492567807421436 9.1567064914852399 5.8344975511427064 5.8841989062202629 5.3053229506622275 4.6776431513135321 7.4563724712061221 0.41865377410431392 1.5822701369761478 20.293518885038793 21.791122312191874 28.441544036380947 123.26435720728477 2.8655885752814361 174.81247790687485 85.823266677049105 13.122677519102579 11.151084892902867 8.3116384018503577 1.9114846939919541 0.45948266462073561 0.37794943928020075 0.78169221605639894 31.01884959905874 19.536477857429418 0.98219056357629853 4.9931845232931664 4.505836445605385 11.488246164430164 1.7039064439013589 4.3560852185473733 6.3654655750724611 6.6085476651205672 3.8764029703161214 14.410301842057377 2.1215602351294356 12.185492151591459 1222.8982770569273 0.73771957235294283 2.1009257009718549 0.80899393878644332 18.542569968733005 5.1770650525577429 4.6952466515358529 24.894381682242969 0.55190662885434028 0.80069908796576672 0.82644966233056039 0.3352239819796522 13.153122050804088 7.8440830458421251 4.493845279706874 1.9304968727228704 115.08815792237874 83.508194777197787
leaf_count=433338 1956 795 30750 240 844 142 362 3115 383 260 251 416 715 1493 272 101 139 224 330 30535 3734 6984 31063 258 1209 619 66 1213 345 127 1311 6322 125 1573 382 2889 31 2638 370 407 258 2651 1250 2248 167995 162 333 226 428 232 234 11573 278 102 764 108 646 264 914 285 15635 10815
internal_value=-0.00115141 -0.0338486 0.0049558 0.198053 -0.00345068 0.0587447 0.149381 0.000389033 0.0188101 0.0026754 0.0266994 0.0076374 0.0369794 0.0542184 0.276574 -6.73714e-05 -0.00779295 0.0134706 0.00140094 -0.0161845 0.000949899 -0.00691999 -0.0183404 0.000492516 -0.0172865 -0.000110385 0.00461922 -0.027698 0.125979 0.00249077 -0.0158312 0.00497536 0.05388 0.0208333 0.0249573 0.0104037 -0.0218511 0.023554 0.0419177 0.0587578 0.0916344 0.0151367 0.00317909 0.00231818 0.00355649 0.0182656 0.065508 0.205042 0.0122944 0.0238553 0.0498458 -0.00264626 0.0581767 0.15122 0.0679927 -0.00516561 0.0618484 0.0482157 0.0401928 0.013165 -0.0104534 0.0176561
internal_weight=2298.51 103.416 14.4225 0.601691 13.8209 3.64236 1.47978 2195.09 53.0712 36.4582 21.7017 15.8672 10.5618 16.6131 0.90406 2142.02 249.234 70.5262 50.2327 178.708 1892.79 309.916 121.981 187.935 177.126 53.8614 35.3202 86.6607 0.837432 1582.87 57.3124 26.2935 6.75707 5.77488 20.8276 45.5497 13.1922 32.3576 21.2065 16.8504 10.2419 18.9161 1525.56 1439.93 1312.66 89.7583 10.072 1.54671 79.6863 61.1438 30.8695 30.2742 5.37987 2.17906 1.62715 3.20081 26.1743 20.9972 8.52527 6.42434 127.274 85.6298
internal_count=785728 466743 33405 1035 32370 1620 776 318985 5474 3598 1642 1382 966 1876 414 313511 39750 693 554 39057 273761 46077 38835 7242 38956 8421 6214 32621 1558 227684 9458 8147 1825 1700 3099 7802 2920 4882 3673 1035 628 3033 218226 206161 188278 20283 1920 388 18363 17935 1376 16559 4986 1144 866 3842 1142 910 1532 1199 17883 12065
is_linear=0
shrinkage=0.05


Tree=73
num_leaves=63
num_cat=0
split_feature=1 49 48 48 52 51 48 52 39 34 48 48 40 48 36 39 17 48 28 28 29 51 39 11 40 34 46 40 40 48 52 7 47 43 49 52 48 11 46 46 43 53 52 39 23 44 17 36 48 25 48 40 29 39 48 47 48 0 38 35 49 36
split_gain=41.6027 7.54283 10.8791 9.0494 14.2987 8.94191 9.63651 13.9364 8.61924 8.03148 7.98509 19.7662 11.8979 7.55299 28.0742 19.7616 15.5415 13.9453 7.32501 9.74123 7.56777 10.9653 9.60505 10.7624 13.3681 12.8819 10.3648 8.37679 24.3289 12.0368 21.1566 11.0098 10.4017 8.58224 8.18432 12.6961 7.83819 6.84239 7.50665 15.7479 12.6942 7.19815 7.47892 10.5943 6.92665 6.63018 6.45335 6.16001 6.68262 17.061 14.7149 14.0639 12.342 10.4574 9.20597 11.13 10.7384 9.0038 21.61 9.85602 16.8685 8.98705
threshold=284.31881713867193 255.59030914306643 -0.4372642040252685 -0.41664040088653559 18.727226257324222 62.911327362060554 0.92611247301101696 4.4918646812438974 -2.0842412710189815 2.9715993404388432 0.95832794904708873 0.97297734022140514 24.705894470214847 0.93061417341232311 212.05882263183597 -34.37908744812011 -3.6867256164550777 0.91809886693954479 1.6328744888305666 1.954312324523926 3.3183870315551762 15.013928413391115 -15.608569145202635 221.62098693847659 36.490203857421882 6.3607709407806405 1.0000000180025095e-35 4.1568679809570321 5.6078262329101571 0.34924721717834478 8.858396530151369 228.10018157958987 -3.7114353179931636 2.9523162841796879 247.43756103515628 17.21309852600098 0.53731119632720958 285.37142944335943 2.0359659194946294 0.88618612289428722 1.2389221191406252 192.08332824707034 13.236656188964846 -43.912851333618157 -48.527109146118157 -3.9637279510498042 -40.397537231445305 193.82353210449222 0.61183178424835216 10.216177940368654 0.66015982627868663 36.490203857421882 9.5947351455688494 -26.106031417846676 0.51091146469116222 0.1092437505722046 0.04865998029708863 263.30375671386724 -4.0588226318359366 12.320700168609621 259.93206787109381 203.82353210449222
decision_type=2 2 2 2 2 2 2 2 2 2 2 2 2 2 2 2 2 2 2 2 2 2 2 2 2 2 2 2 2 2 2 2 2 2 2 2 2 2 2 2 2 2 2 2 2 2 2 2 2 2 2 2 2 2 2 2 2 2 2 2 2 2
left_child=1 2 -1 4 -4 6 9 -8 -9 -5 13 -12 -13 17 -15 16 -16 37 -11 -20 21 -21 -22 24 -24 -25 34 -28 -29 32 -31 -32 -30 -33 35 -27 -36 46 39 44 -41 42 -42 -44 -39 -2 -3 -48 49 52 51 -50 61 -51 56 -56 -55 59 -59 60 -58 -49
right_child=45 10 3 5 -6 -7 7 8 -10 18 11 12 -14 14 15 -17 -18 -19 19 20 22 -23 23 25 -26 26 27 28 29 30 31 33 -34 -35 36 -37 -38 38 -40 40 41 -43 43 -45 -46 -47 47 48 50 53 -52 -53 -54 54 55 -57 57 58 -60 -61 -62 -63
leaf_value=-0.043301303137699365 -0.017020116486891008 -0.050029817343464726 -0.0059934407443995542 -0.049052623052947802 0.10412938727135457 -0.039188852954396787 0.083946380907544776 -0.030223936170844484 0.031228255651356507 0.054808277610235691 -0.050476307565044613 -0.032398996413072173 0.048888953536965804 0.094084110840527133 0.033723558865268198 -0.046192868917858343 0.27805441101151518 -0.04716805435200043 -0.054219327403070505 -0.0094389873158347657 -0.037055448294632906 0.058036657585757469 -0.018104408813894492 -0.038661491528220585 0.029583435560431859 -0.0024318522672581804 0.0003674376881382304 0.12931034548422249 0.043734033448298688 0.0025802592291134848 0.13869096660119273 -0.0012517267053828596 -0.021995770872298554 0.10556430078439988 -0.037536894477550035 0.056751739970947512 0.02897895205268158 0.038579976789699502 -0.039114063062462914 0.042009328052437026 0.1446900977709237 0.056314139011633041 0.50709440631234903 0.16425059231072903 -0.051103631833430675 -0.046392185559068488 0.034438712719931867 0.023915009740535915 0.023004715730762997 -0.032397000532037451 0.00045186188021485978 0.14605762702968778 0.16527561883596575 -0.021936274056085742 -0.050852161120297695 0.00047509357043778577 0.18678006569307087 -0.050318555726786889 0.22578418621514734 -0.0031081730222333498 -0.0031321551510325538 -0.00031056738072512903
leaf_weight=10.72434732300462 29.7105053440755 6.7633751561952513 5.7095993550028634 6.7775044188892926 6.0936269948433619 10.459013427112948 9.5019897392630792 7.9403577657649285 20.278164919465784 7.4913449814339392 26.1072919646831 7.4473090784740661 11.380330383341059 9.6073938109911996 5.0597870521451114 12.701716362265868 0.74691730318591254 16.476590946331271 6.8419597275351398 9.7681157452316274 13.767266110808121 15.69556231475144 69.427532745525241 10.798839008435605 18.641776854172349 28.188335368875414 17.672368255676702 6.6988267345586783 9.8236335441470164 11.941597404191272 6.8187037629540992 3.8460206910967827 15.54091005923692 3.6795642471406609 17.261455508531075 13.354780064430086 5.9576288950629523 4.6276238720020082 3.3908565401216029 4.4234031097730613 1.2280227460287285 0.90003506619541429 0.44719423084461596 0.45417915860889468 4.026056361137309 54.377923043110059 12.111793473362921 40.120744548272341 52.436520810049842 50.689997378460248 323.79601164445921 2.4295771635952397 1.1420407997793507 77.689094383560587 25.863642399519449 17.852002970175818 1.8658952272380691 1.4167423776234502 1.4180025327950705 262.9064740514732 3.1317647504620254 835.90771043737186
leaf_count=638 93264 22012 310 291 116 856 122 679 141 154 12693 1838 297 68 2470 3440 46 6040 83 246 3305 335 1002 224 138 420 262 119 179 393 281 232 782 161 712 178 289 2450 2573 2842 436 425 224 168 3075 329968 51 408 5775 30293 65099 67 177 10566 3353 1586 178 932 117 18781 808 150981
internal_value=-0.00149933 -0.000178462 0.00632436 0.00780279 0.0508594 0.00634315 0.00775328 0.0315722 0.0139363 0.00475834 -0.00149821 -0.0223148 0.0167353 -0.000973187 0.0247367 -0.0112603 0.0651519 -0.00138542 0.00600215 0.00472251 0.00616856 0.0321523 0.0035577 0.0058908 -0.00801024 0.0139673 0.0180042 0.030526 0.0396602 0.028033 0.0517434 0.0926717 0.00346124 0.050975 0.00330535 0.0165938 -0.02047 -0.000951149 0.0285022 0.0427372 0.0960119 0.174863 0.224971 0.334344 -0.00314461 -0.0360143 -0.0012855 -0.0010928 -0.00134614 -0.00302583 0.00450918 0.0284537 0.00101307 -0.0110261 -0.00826364 -0.0298918 -0.00555005 -0.000847983 0.0877942 -0.00178592 0.0677723 0.000798926
internal_weight=2281.36 2197.27 370.701 359.976 11.8032 348.173 337.714 37.7205 28.2185 299.994 1826.57 44.9349 18.8276 1781.63 28.1158 18.5084 5.8067 1753.52 293.216 285.725 278.883 25.4637 253.419 239.652 88.0693 151.583 140.784 76.0216 58.3493 51.6504 26.2859 14.3443 25.3645 7.52558 64.7622 41.5431 23.2191 1737.04 19.4974 16.1065 7.45283 3.02943 2.1294 0.901373 8.65368 84.0884 1717.54 1710.78 1698.67 1320 378.662 54.8661 877.17 442.834 392.144 43.7156 348.428 270.739 2.83474 267.904 4.99766 876.028
internal_count=786149 362917 12648 12010 426 11584 10728 942 820 9786 350269 14828 2135 335441 6024 5956 2516 329417 9495 9341 9258 581 8677 5372 1140 4232 4008 2409 2147 2028 1067 674 961 393 1599 598 1001 323377 12193 9620 4095 1253 828 392 5525 423232 311184 289172 289121 218180 70941 5842 151566 66614 36321 4939 31382 20816 1049 19767 986 151389
is_linear=0
shrinkage=0.05


Tree=74
num_leaves=63
num_cat=0
split_feature=1 5 54 10 10 10 42 47 44 29 35 45 43 47 12 48 44 51 48 24 27 42 41 10 40 21 47 45 27 28 24 33 3 51 50 3 26 43 41 5 23 50 45 34 40 41 43 54 37 48 52 53 8 40 28 51 43 44 54 52 47 17
split_gain=40.2635 10.3226 15.8324 15.0368 10.2765 18.1735 8.79575 11.4752 8.81269 8.58896 8.81909 11.4352 8.30725 8.7808 12.558 61.993 9.73467 12.5104 8.89179 11.8635 14.223 13.9822 10.4893 10.1382 8.46 11.0443 20.757 10.8832 10.6108 8.04039 17.1009 9.84402 13.0322 13.8582 19.2111 17.2823 11.3797 8.88825 13.4271 15.3203 28.4171 8.56653 14.5436 14.0879 8.03731 7.82003 7.69159 7.5387 13.8719 31.7369 7.48869 7.52432 8.35967 7.48102 10.9288 15.7194 7.45707 16.0935 12.6697 9.09853 7.43647 7.38205
threshold=288.95602416992193 231.42743682861331 -0.37940952181816096 246.35124206542972 290.66888427734381 290.80763244628912 10.808547973632814 -1.2116584777832029 -2.7499656677246089 21.483678817749027 0.059718310832977302 -12.899168968200682 15.145767211914064 0.17361402511596682 -53.147569656372063 -0.25980782508850092 -5.4998550415039054 4.4333763122558603 0.13631474971771243 8.647529602050783 6.4172830581665048 7.5998916625976571 21.935365676879886 282.87278747558599 2.1372528076171879 -42.17737960815429 -0.15026307106018064 -8.487184524536131 3.8885860443115239 9.7353229522705096 10.598522186279299 9.0945940017700213 281.95355224609381 28.317849159240726 41.738830566406257 282.16415405273443 7.5658493041992196 -0.66427612304687489 20.6625509262085 237.715934753418 -32.718540191650384 10.102014541625978 -2.939740657806396 14.977876186370851 1.7450942993164065 3.0491439104080205 -4.0399703979492179 -0.6035533845424651 255.6318054199219 0.88486921787261974 11.230120658874513 30.722222328186039 244.85565948486331 -1.3529357910156248 15.689243316650392 14.791633129119875 -2.3036041259765621 -3.6350917816162105 -0.91597560048103321 35.553066253662116 -6.9151558876037589 -6.2305984497070304
decision_type=2 2 2 2 2 2 2 2 2 2 2 2 2 2 2 2 2 2 2 2 2 2 2 2 2 2 2 2 2 2 2 2 2 2 2 2 2 2 2 2 2 2 2 2 2 2 2 2 2 2 2 2 2 2 2 2 2 2 2 2 2 2
left_child=1 -1 3 45 6 -6 61 9 50 10 11 -8 13 18 15 -15 17 -16 19 20 23 -22 29 24 25 26 28 -27 -5 31 -31 36 -33 -34 -35 -36 -20 38 -32 -40 -41 42 43 -39 56 -3 -12 -24 49 -49 51 -9 -53 -54 -55 -56 57 -29 -59 -58 -26 -4
right_child=-2 2 4 12 5 -7 7 8 -10 -11 46 -13 -14 14 16 -17 -18 -19 22 -21 21 -23 47 -25 60 27 -28 44 -30 30 37 32 33 34 35 -37 -38 41 39 40 -42 -43 -44 -45 -46 -47 -48 48 -50 -51 -52 52 53 54 55 -57 59 58 -60 -61 -62 -63
leaf_value=0.0019031360733613141 -0.047803768785842748 0.047555464188223553 -0.023212941770692136 -0.0018884888552277417 0.6596277166635206 0.061020953842019013 0.16405965356885155 -0.015729775718513334 0.1067690974692732 0.20955543964952819 0.16057336961593627 -0.007337238150413438 -0.032144947035535248 1.2636088990823815 0.13645212863046616 -0.050046402419060235 -0.031200779949472259 0.0012728179905957813 0.040532057921766132 -0.045654763797443904 0.25581197762749003 -0.050206693766972614 -0.044475104191288542 -0.044428058364216379 0.15780134786543967 0.10440846154722574 0.33885103561762037 0.18921754334287524 0.34002146408465411 0.24119780141519614 0.057389480400494491 -0.01207670400984893 -0.0043431726133461241 0.57402987200117794 0.5358860878030528 -0.050486310986007567 0.30199684035692081 0.062547754724154345 0.085735095140460613 0.089660584051452552 0.74045766204110741 0.0073323509338106803 -0.050240321362064772 0.36205817229751952 0.084189608170340838 -0.036612456472443829 -0.043528655088107576 0.51809627240864808 -0.0097427098757178528 -0.05008596333369475 -0.0067827897628014115 0.18763484794921403 0.085927151927120568 -0.0074840839767116767 0.013747087165256031 0.38298914532760509 -0.013192244476729786 0.085809641112836191 -0.051743607091984847 0.040789439507602589 -0.044688376862240288 0.012542185440894646
leaf_weight=1666.8614726195228 45.09609405232186 3.0401087069767518 185.3782339599129 2.011857153076563 0.14079067806596768 1.2752717844996366 1.2052607707009881 6.4974216859991456 2.3031522830860913 0.38506497342314006 0.46957405976718192 5.0529811750748186 12.723241760642848 0.11418468556075823 1.9430128478561552 0.42069739491853297 28.049202160487766 14.367661102587588 19.301341229103858 10.778082132412235 1.1219945696793718 0.5593550000921822 8.2355548066989268 8.559006993644287 0.48003287994651955 3.2040634630830018 0.75837272513308462 1.6426935367635449 0.25576391161303025 1.1665651658986487 9.6381438546231966 22.702349690371197 1.0732299938244971 0.3194216447736834 0.16948253149166703 0.48597503566998057 0.42531298853282251 0.85735827618918869 0.9846752083976742 0.35727828361268621 0.31617861415725201 14.074401087389559 0.92086220216879411 0.72428232387755997 3.4263423007214433 29.914772311487468 27.167215543697242 0.43960217712446947 3.6921945780923124 0.55739447302767076 36.965663839335321 1.0048954089870701 5.4033906069817048 8.5349474070972011 0.77051609446061664 0.46051200793590397 38.428162954267471 3.2333744095813013 3.4711755850730612 9.7955637155100685 8.1787195585638965 15.654848757840226
leaf_count=80272 295750 171 230148 1576 313 2026 78 3316 134 334 57 1026 4516 377 550 1193 20171 4918 10519 7559 367 377 5580 22903 167 209 377 265 158 52 2945 8422 2639 306 36 1311 372 152 68 307 161 7613 874 277 516 7816 19317 165 3094 467 13367 38 798 3071 345 171 6268 260 1257 1184 4499 2253
internal_value=-0.00102753 -8.51655e-05 -0.00588343 0.00282181 -0.0138381 0.120537 -0.0144783 -0.00204622 0.0107992 -0.0252566 -0.0279242 0.0256717 0.00717109 0.0093724 -0.0104358 0.230388 -0.0133396 0.0173761 0.0142493 0.00376696 0.0100244 0.154005 0.0258792 0.00712328 0.0130153 0.0190919 0.112406 0.0146241 0.0366754 0.0331821 0.053646 0.019821 -0.00117917 0.119615 0.256079 0.101133 0.0461693 0.0457964 0.0799998 0.211426 0.395201 0.0224887 0.10773 0.199703 0.00982934 -0.0288479 -0.0400608 -0.0156607 0.0349456 0.200441 0.00709296 0.0297171 0.0479737 0.0387218 0.0126037 0.151876 0.00532556 0.0489587 0.0145936 -0.00222708 -0.0334625 -0.0204286
internal_weight=2283.55 2238.45 571.589 272.919 298.67 1.41606 297.254 96.2206 61.9405 34.2801 33.895 6.25824 239.964 227.241 44.8948 0.534882 44.3599 16.3107 182.346 95.9046 85.1265 1.68135 86.4416 83.4451 74.8861 66.2274 3.02599 63.2014 2.26762 73.5169 29.0397 44.4771 24.7505 2.04811 0.974879 0.655458 19.7267 27.8732 11.2963 1.65813 0.673457 16.5769 2.5025 1.58164 59.9973 32.9549 27.6368 12.9247 4.68919 0.996997 59.6373 22.6717 16.1743 15.1694 9.76598 1.23103 56.571 8.34724 6.70455 48.2237 8.65875 201.033
internal_count=785828 490078 409806 133014 276792 2339 274453 42052 21240 20812 20478 1104 125027 120511 27209 1570 25639 5468 93302 47942 40383 744 45360 39639 16736 12070 2111 9959 1734 36054 12449 23605 12714 4292 1653 1347 10891 12397 3481 536 468 8916 1303 429 9750 7987 19374 9306 3726 632 21106 7739 4423 4385 3587 516 9234 1782 1517 7452 4666 232401
is_linear=0
shrinkage=0.05


Tree=75
num_leaves=63
num_cat=0
split_feature=2 45 17 43 42 2 47 45 52 38 28 40 40 43 24 22 38 4 5 9 48 29 37 49 52 42 45 46 54 48 48 39 47 49 42 27 16 23 39 0 49 3 24 26 2 22 52 38 50 50 37 17 40 53 35 25 39 45 53 16 0 39
split_gain=35.7368 8.10268 7.09899 9.54715 16.7693 13.9354 77.7624 12.3996 8.5388 7.27323 16.3862 23.958 35.2386 17.6336 7.74475 7.21524 8.61986 6.97894 43.3681 13.9829 8.28376 6.66992 8.10925 6.36974 6.20556 7.82307 7.66241 11.9499 6.81615 6.73023 13.7629 23.0557 10.0913 5.95453 5.94897 15.119 5.77471 19.2451 14.0905 5.38626 5.90959 7.97128 6.87238 9.99876 6.14273 5.43027 5.34046 5.17765 5.17126 52.6545 30.7225 16.1989 5.56359 8.91353 7.55016 6.81948 5.12066 5.11648 7.31146 7.48188 5.10135 14.177
threshold=288.20547485351568 19.037565231323246 -15.929212570190428 5.6625976562500009 2.3881530761718754 288.12568664550787 0.41475501656532293 -7.1058940887451163 95.494766235351577 -14.588233947753904 4.4172582626342782 3.1372451782226567 3.6666641235351567 4.4059448242187509 6.1388683319091806 -20.547482490539547 -15.529411315917967 286.79130554199224 284.06141662597662 292.62483215332037 -0.49895256757736201 -2.5696969032287593 266.56137084960943 285.39907836914068 1.6373844742774966 7.9050292968750009 -1.7895412445068357 0.89738988876342785 1.0000000180025095e-35 -0.57820284366607655 -0.55223670601844776 -19.56281757354736 -2.4360113143920894 262.42489624023443 -0.0043487548828124991 18.167856216430668 -22.282056808471676 -36.368099212646477 -38.37908744812011 285.76831054687506 280.31988525390631 259.38410949707037 4.4468364715576181 0.27556800842285162 262.90287780761724 -30.990193367004391 179.38448333740237 -7.8235244750976554 4.1289961338043222 3.8790374994277959 277.07698059082037 -16.67778396606445 6.0392303466796884 579.00000000000011 17.317808151245121 7.775719642639161 -17.941901206970211 0.25066375732421881 6.2916667461395273 1.1284790039062502 251.3571472167969 -23.175021171569821
decision_type=2 2 2 2 2 2 2 2 2 2 2 2 2 2 2 2 2 2 2 2 2 2 2 2 2 2 2 2 2 2 2 2 2 2 2 2 2 2 2 2 2 2 2 2 2 2 2 2 2 2 2 2 2 2 2 2 2 2 2 2 2 2
left_child=1 2 3 4 48 7 -7 -6 9 10 11 13 -13 14 15 16 39 33 20 -20 -19 22 -5 -10 25 26 -11 -28 -27 32 31 -31 -26 47 35 -29 37 -12 -39 40 42 -42 43 44 -4 -44 56 -9 49 51 -51 -1 -50 55 -55 -54 60 -34 -59 -60 61 -35
right_child=-2 -3 8 21 5 6 -8 17 23 24 36 12 -14 -15 -16 -17 -18 18 19 -21 -22 -23 -24 -25 29 28 27 34 -30 30 -32 -33 57 46 -36 -37 -38 38 -40 -41 41 -43 45 -45 -46 -47 -48 -49 52 50 -52 -53 53 54 -56 -57 -58 58 59 -61 -62 -63
leaf_value=-0.050063890088774654 -0.047544657113791362 -0.030095864689256048 0.090159822460775557 0.17263223214194534 0.36442601493336757 -0.050127593418484044 2.3477357132312182 -0.050131570485960147 -0.048907684956077502 -0.050477568262290065 -0.0097112509964002117 0.54053089363981 0.018257145311684049 0.21639741380544583 -0.05074764946158164 -0.050549776991669362 0.16665768226041963 1.275158884870093 -0.050039100943823869 0.70228395183485837 0.55141746758349319 -0.03840539340464047 -0.050650185614306058 0.036564595124774828 0.043629025289467188 0.026376056805018901 0.075984661891816685 -0.035492342804785068 0.11479198378449565 -0.044424812286620596 0.00076326804230791368 0.14243651382271241 -0.037378060748388085 -0.020001873709689966 -0.021932675801591119 0.085880266799325367 -0.023078786202429018 0.63054513759186193 0.10900528850082425 -0.050248785722975566 0.033249322780487943 0.19527894290965936 0.13943267182753491 -0.051917557919623325 -0.012697221306945457 0.013153928569426907 0.13495692468765261 0.2165232235228059 -0.036375150259123634 1.3830412916954602 0.2735081157517037 0.38767599702639055 0.34241999994791594 0.094888429595532633 -0.050536724194971017 -0.0248348897038362 0.17640974701394008 0.064258286131165701 -0.029824838062466653 0.042767382308019006 0.0037027480958185519 0.24468327035974766
leaf_weight=2.9981915341195426 40.551058065422694 22.412278483010596 3.7296295870328517 0.84671303367940598 0.24051140958908845 0.17865219828672607 0.041703978131408803 6.3483623734500725 13.52637285803212 4.7348028242122373 2.2567156773875472 0.59136639305506722 0.7116094401862938 1.2820680377772067 2.8868838097841936 2.1514687923481715 1.3743535043904547 0.075392228391137905 0.88573697027459275 0.066392563720000908 0.083132605708668761 30.892102638128563 0.78239221136027481 2.5985262010071883 6.4138625612249589 5.6490414867294003 6.8482139618136015 4.8226168502587843 3.5494368916843086 2.6712798334192485 1800.3581681940414 4.3208633100730358 28.504328739945777 1.318097696406767 12.828464691527186 5.4828486948390491 18.0993413234537 0.22029822098556906 0.31423534842906775 1.6190228004998051 1.6421658000908785 1.4115182603127321 2.2013562463398562 3.9554529820743483 2.3764602372830268 1.3881980142323289 0.80346857888798595 0.18741712754126538 46.422611930014682 0.10465387839940365 0.1544905577757163 0.22737316385609929 0.12733245092386525 3.3599705518427063 1.2153560359001856 17.309503656651941 0.43743143792380479 3.1768721231492263 19.36204042041209 4.3463093615137032 122.59079996508081 0.82101784687256341
leaf_count=7330 295937 2999 217 157 150 843 179 8335 4896 344 1104 222 325 282 1305 839 273 72 4856 137 322 34368 631 398 373 297 319 299 213 263 121031 352 1957 755 604 239 13443 162 302 920 255 275 294 874 305 264 174 83 118121 107 355 133 218 773 1274 26589 182 214 1545 53 125782 309
internal_value=-0.00102588 -0.000183121 0.000119422 -0.00802907 -0.00405443 0.00639374 0.403685 0.00573973 0.00110231 0.00140023 0.0205803 0.0460694 0.255295 0.0355916 0.0262206 0.0363901 0.0458858 0.00509409 0.129908 0.00242084 0.895619 -0.0332055 0.0653989 -0.0351338 0.000916863 0.0194953 0.00863261 0.0179673 0.0604933 0.000480366 0.00103518 0.071048 -0.0157444 0.00404791 0.000792774 0.0290819 -0.0127553 0.0541857 0.323948 0.0368274 0.0452668 0.108145 0.0312013 0.0100115 0.0501284 0.0905966 0.0064622 -0.0424851 -0.0235328 0.0358828 0.721586 -0.0192072 -0.0265582 -0.00585477 0.0562588 -0.022153 0.00563737 -0.0226195 -0.0069722 -0.0165169 0.00503847 0.0815874
internal_weight=2278.89 2238.34 2215.93 238.519 205.998 134.078 0.220356 133.858 1977.41 1961.28 48.2121 27.3216 1.30298 26.0186 24.7365 21.8496 19.6982 133.617 1.11065 0.95213 0.158525 32.5212 1.62911 16.1249 1913.07 43.9154 34.7169 29.9821 9.19848 1869.15 1807.35 6.99214 61.8034 132.507 23.1339 10.3055 20.8906 2.79125 0.534534 18.3238 16.7048 3.05368 13.6511 10.0615 6.10609 3.58955 125.971 6.53578 71.9195 3.48471 0.259144 3.22556 68.4348 22.0122 4.57533 17.4368 125.167 55.3896 26.8852 23.7083 124.73 2.13912
internal_count=786229 490292 487293 332235 297079 142179 1022 141157 155058 149764 21661 6650 547 6103 5821 4516 3677 141007 5387 4993 394 35156 788 5294 128103 2315 1805 1461 510 125788 121646 615 4142 135620 1142 538 15011 1568 464 3404 2484 530 1954 1396 522 558 127202 8418 154900 7925 462 7463 146975 28854 2047 26807 127028 3769 1812 1598 126846 1064
is_linear=0
shrinkage=0.05


Tree=76
num_leaves=63
num_cat=0
split_feature=2 13 23 45 39 44 39 40 19 46 9 1 20 38 53 50 1 36 36 17 46 45 53 43 42 45 45 35 46 35 46 29 20 17 43 45 43 17 11 16 23 8 40 1 29 0 46 17 5 39 40 55 46 28 5 42 42 17 48 53 23 32
split_gain=40.1711 8.27523 8.90533 7.79512 9.1823 13.5107 9.25126 7.83659 7.50042 7.76077 8.55569 9.66712 7.31787 13.1779 9.13549 8.3259 7.29451 7.03123 8.77261 8.46957 15.9643 8.96986 7.99808 7.96273 7.08751 8.56105 8.44155 12.0726 13.7135 13.4967 16.1604 10.5436 8.91501 9.88722 7.7407 8.92897 8.78233 12.2567 33.7381 11.0633 10.4831 8.82766 9.79656 14.9293 16.8794 11.6656 11.3736 13.1396 50.241 11.4635 11.2843 10.4838 15.2903 12.3751 9.42393 11.3384 15.1691 9.00453 12.8154 8.10236 7.69079 10.9144
threshold=286.24263000488287 -45.880636215209954 -46.085361480712884 -3.0551071166992183 -45.702253341674798 -17.522029876708981 -44.958600997924798 7.7058715820312509 -32.754924774169915 0.43838119506835943 271.96820068359381 254.06256103515628 -31.999920845031735 -3.4705886840820308 -12.249999999999998 4.1289961338043222 275.03833007812506 193.82353210449222 199.11765289306643 0.44061279296875006 5.2415313720703134 4.2182292938232431 35.250000000000007 -3.4867095947265621 9.6923141479492205 7.5596590042114267 -4.9962959289550772 7.9522657394409189 0.42792034149169927 8.7543649673461932 3.5488939285278325 3.1530771255493169 -16.905575752258297 -11.004549026489256 0.24961090087890628 0.19294929504394534 0.054183959960937507 -10.632461547851561 252.05545806884768 -9.524864196777342 -33.05591964721679 259.79756164550787 2.1372528076171879 245.6593933105469 8.4606561660766619 256.25030517578131 1.0364074707031252 -7.4937171936035147 231.42743682861331 -17.941901206970211 10.470588684082033 -0.7865660786628722 0.80393314361572277 31.029472351074222 214.94265747070315 -5.8234329223632804 -7.5941467285156241 -0.37291717529296869 0.80511206388473522 545.16665649414074 -5.7618849277496329 34.458843231201179
decision_type=2 2 2 2 2 2 2 2 2 2 2 2 2 2 2 2 2 2 2 2 2 2 2 2 2 2 2 2 2 2 2 2 2 2 2 2 2 2 2 2 2 2 2 2 2 2 2 2 2 2 2 2 2 2 2 2 2 2 2 2 2 2
left_child=1 -1 3 -3 16 -6 7 -7 9 -4 -11 -12 13 14 -10 -16 -5 -14 -19 24 21 23 -23 -21 34 26 -26 28 32 30 -29 -30 33 -28 36 -36 39 38 -38 -20 -41 42 -42 46 -45 50 47 48 -44 -49 -46 53 -53 57 55 56 -48 58 -51 -60 61 -56
right_child=-2 2 8 4 5 6 -8 -9 12 10 11 -13 17 -15 15 -17 -18 18 19 20 -22 22 -24 -25 25 -27 27 29 31 -31 -32 -33 -34 -35 35 -37 37 -39 -40 40 41 -43 43 44 45 -47 54 49 -50 51 -52 52 -54 -55 60 -57 -58 -59 59 -61 -62 -63
leaf_value=-0.026301161710411022 -0.04506534111630979 -0.050386243683453458 -0.027394115393467033 -0.039825908059435602 0.40847273183692556 0.093887543976861568 -0.0043707205041259526 0.30029596970221717 0.22167600754188521 -0.021706544452944714 0.29217848240427852 0.0032161928709739489 0.037363963721961532 0.17876571979538866 0.15693298617830548 0.00071008878501862649 0.039449720116804844 -0.013750663783336581 -0.016443545063652264 0.04673781336501151 -0.004743021033564822 0.0359972723611892 -0.014932613598082047 0.017696888118961945 -0.0031778912214566199 -0.049725541562933337 0.04092579516307604 0.16926433615927233 0.0038001273506329358 0.024959339580165229 0.021734088324169645 -0.04560502626530348 0.07049343816808297 -0.066770054625768516 -0.0045347373624864424 -0.033031825278302916 0.54678083578656422 0.019232519089778632 0.057567959741945299 0.071293873385071968 0.013471284330323198 -0.04328061231559166 0.51872046983405773 -0.051722818808364539 -0.051146354774978413 0.23538313027532226 0.0055791692515980203 -0.034054943025786065 0.00066499732674809252 0.17756410694535948 0.17487566217115627 0.00080598785372361359 0.069587979155407972 -0.034607501619952047 -0.0091881241375246867 -0.0015123345645733724 0.11689699130661675 0.15437212897390395 -0.040178933056103115 0.099270610332904463 -0.029529864419848152 0.10102922298175288
leaf_weight=29.116634826197696 50.161701572484162 2.6684152263187597 44.764210261848348 3.7445899439917509 0.32591538708948053 2.4837417576927696 2.0954849922272798 0.56432636505633116 0.54151175777951621 46.319756166747538 0.29022060707211395 107.28142214883701 13.101817503571509 1.4607253782451142 0.91922333987895299 11.814812851778695 12.891521199191628 100.81019513681531 81.089101444682456 28.870989295362961 134.5580506172264 10.105854116496628 32.497803438571282 129.37754147360101 83.034192254301161 6.2769437709357581 6.2571072138962336 3.7849752021138547 46.405854722281219 53.176353587594349 3.6426569452451076 14.074244633928172 10.924548197654074 3.2319645166862774 543.38088999743923 28.952434928592993 0.41876236323151106 16.780497087631375 2.2246453653206117 5.6027775005786671 171.15047780665918 10.312116664252242 0.61463851080043186 1.690704854147042 1.1089021258521832 1.7091063106199724 8.1591172313201223 12.904701361636397 1.9616226300422566 1.5063153984956432 1.1000100778765043 64.393102904141415 9.2392334465403092 2.6896167751983731 111.44619497217354 131.97712786804186 4.8972106688888735 3.245172463473863 2.935398026718758 1.6145792541792614 56.541754483885597 2.2923501655459395
leaf_count=69106 354983 3122 34530 2204 113 1205 1826 235 179 28753 17 92361 55 30 318 5932 9272 515 49028 398 2118 223 713 1652 8690 458 546 288 1978 8164 140 647 161 106 53909 3551 198 1015 1314 278 5999 598 185 290 276 213 548 1362 648 122 326 3990 426 249 20134 3283 262 64 861 60 5170 733
internal_value=-0.000815778 0.000179862 0.000530297 0.0303387 0.0400832 0.0962847 0.0765033 0.132102 0.000190841 -0.00907039 -0.00374035 0.00399579 0.00112153 0.0362245 0.0205405 0.0119872 0.0216057 0.000857889 0.000612479 0.00139594 0.00858424 0.0175126 -0.00285173 0.0229951 -0.000197873 0.00786781 0.00947787 0.0169046 0.00426337 0.0337779 0.0969126 -0.00769688 0.0396984 0.00424474 -0.00165007 -0.00597631 0.00183926 0.0349966 0.135068 0.000906108 0.00321589 0.00258385 0.00338118 -0.000710795 0.0803205 0.1373 -0.0018022 0.0127906 0.124261 0.00987597 0.0614097 0.016497 0.00943661 0.059852 -0.00648136 0.00288483 0.0473326 0.0871659 0.0511545 0.00930534 -0.0144589 -0.00696674
internal_weight=2279.51 2229.35 2200.24 24.774 22.1056 5.46947 5.14355 3.04807 2175.46 198.656 153.891 107.572 1976.81 14.7363 13.2755 12.734 16.6361 1962.07 1948.97 1848.16 335.41 200.852 42.6037 158.249 1512.75 230.809 224.532 141.498 80.8937 60.604 7.42763 60.4801 20.4136 9.48907 1281.94 572.333 709.605 19.4239 2.64341 690.181 609.092 603.489 593.177 422.027 5.60872 3.91802 416.418 101.104 2.57626 98.5281 2.20891 85.6234 73.6323 11.9911 315.314 145.033 13.0563 9.30147 6.05629 4.54998 170.28 113.739
internal_count=786130 431147 362041 17977 14855 3379 3266 1440 344064 155661 121131 92378 188403 6459 6429 6250 11476 181944 181889 181374 5104 2986 936 2050 176270 21178 20720 12030 3438 8592 428 2625 813 652 155092 57460 97632 2527 1512 95105 46077 45799 45201 39202 1105 815 38097 7967 833 7134 602 5772 4416 1356 30130 4093 810 1107 1043 921 26037 20867
is_linear=0
shrinkage=0.05


Tree=77
num_leaves=63
num_cat=0
split_feature=4 17 24 41 50 50 37 39 27 14 37 52 49 52 42 1 10 49 52 32 10 50 52 40 51 13 0 25 49 42 50 15 17 3 47 50 17 3 5 41 51 17 41 35 2 24 42 39 5 43 42 50 28 28 18 52 2 43 43 3 44 44
split_gain=36.7618 6.93441 11.9559 12.6195 10.7465 9.98155 7.99551 10.8482 10.7914 10.3439 9.0292 8.38396 8.3396 8.90083 8.55934 11.0837 13.1941 8.63679 9.67308 8.29662 7.33652 7.16837 9.16069 10.332 12.33 10.0452 17.6525 12.7318 9.41302 12.1742 8.18032 7.90969 9.78465 9.6746 10.4435 7.96314 7.76239 7.1845 9.14994 7.67513 7.18297 6.92425 6.87116 6.78129 13.262 9.4208 8.72146 8.11951 9.40095 8.73181 16.9036 13.587 12.8455 17.1141 12.589 10.3304 9.99467 10.4524 8.39232 7.88205 7.72878 7.61605
threshold=282.32136535644537 -0.70683670043945301 24.555786132812504 39.171630859375007 174.94255065917972 5.0689060688018808 221.60130310058597 -19.02614593505859 16.068514823913578 -1.6081161499023435 248.77632141113284 60.031352996826179 289.42092895507818 33.815084457397468 8.2235107421875018 287.80267333984381 289.18223571777349 289.49255371093756 30.842178344726566 22.655402183532718 222.77373504638675 16.58189678192139 21.918452262878422 -0.45098876953124994 40.902709960937507 0.66212463378906261 215.29643249511722 6.2053642272949228 255.95982360839847 1.0501861572265627 18.557684898376468 0.66324234008789074 0.44061279296875006 214.27725219726565 -0.60680723190307606 37.94715881347657 1.1571083068847658 216.11360168457034 214.94265747070315 11.48729181289673 9.3400387763977069 -0.37291717529296869 14.460176944732668 1.2976101040840151 249.54091644287112 1.0657939910888674 14.365997314453127 -10.694987297058104 232.0131759643555 2.5110626220703129 5.0714035034179696 54.288368225097663 8.7102832794189471 15.131120681762697 -14.121276855468748 39.519203186035163 241.53553771972659 0.98684692382812511 -1.2767486572265623 229.78395080566409 -2.9765281677246089 -6.2618751525878897
decision_type=2 2 2 2 2 2 2 2 2 2 2 2 2 2 2 2 2 2 2 2 2 2 2 2 2 2 2 2 2 2 2 2 2 2 2 2 2 2 2 2 2 2 2 2 2 2 2 2 2 2 2 2 2 2 2 2 2 2 2 2 2 2
left_child=1 2 6 -4 21 -5 8 10 -1 11 -8 43 -12 14 15 17 -17 -14 19 -19 -7 37 23 -23 30 26 27 -24 -28 36 -25 32 -32 34 -34 -36 41 -3 -39 -40 -33 -30 -31 45 46 -9 47 49 -49 50 56 52 58 54 -54 -51 57 60 -52 -53 -45 -48
right_child=-2 4 3 5 -6 20 7 9 -10 -11 12 -13 13 -15 -16 16 -18 18 -20 -21 -22 22 25 24 -26 -27 28 -29 29 42 31 40 33 -35 35 -37 -38 38 39 -41 -42 -43 -44 44 -46 -47 61 48 -50 55 51 59 53 -55 -56 -57 -58 -59 -60 -61 -62 -63
leaf_value=-0.023004779202423487 -0.041969770043769748 0.0047480772343158565 -0.0196739144914247 0.1314697480786983 0.030176650131276031 -0.020240556936403736 -0.041724823015836555 0.010411086181331844 0.029983870099903082 0.041575803841004878 -0.0052362910183574038 -0.038128907124736766 0.16176987418978728 -0.051225751509767138 -0.0061928212711803579 0.28484910283602438 -0.050116061540190694 0.0085677469896246888 0.19993683940897022 0.20038055190684317 0.036365869842861123 -0.029554958041283143 0.028392059698882911 -0.037335239951924858 -0.042065139043378892 0.039146829772926599 0.041451774925461135 -0.026218228429716686 -0.0078917781419448278 0.0087168287548159955 -0.0012161311257865022 0.014237855410164061 0.05418548721605633 -0.017813012072502129 -0.014465022884654871 0.031520522378464637 -0.023767217074770801 0.050398785655337619 -0.028876161859284863 0.026592056391114772 -0.019796170527310364 0.052404559578169446 -0.03891816914096452 0.11207695784020065 -0.030004765103402581 0.072299240788558899 0.0095027754288778618 0.00063652699103546051 -0.035732970772663283 -0.0081086808649248054 0.094582742484350169 0.07134697235363234 0.3012735349485261 0.012395516000213609 0.10777289640751547 0.13118387975386847 -0.040158244756709753 0.082043968419435842 0.012817264042224287 -0.035954274971181095 0.0080398919788441381 0.059214800195163335
leaf_weight=71.291900831391104 54.730229436674563 215.54436739708763 160.69138361942896 1.8168806702306053 34.777397830912378 10.811082611151507 16.103604757779976 21.91765645128908 11.105077821179291 18.923965529771522 473.00118893744366 11.577655180648433 1.3742369928804752 3.4993399183585998 8.4489815050765156 1.0242924974081677 0.41232407432835305 11.098399851653079 0.78211331243801474 0.59391798588330935 12.164607352577148 40.073012464679778 13.23223464458715 14.558090121485291 18.96043685998302 22.693699209718034 28.978044211631641 55.179307700367644 6.1181136829545748 14.663471825071612 166.70713621145114 20.150688952766359 24.443220247514546 13.660565623780711 16.080072230892256 22.709666144568473 5.9885839127236968 21.488434911356308 9.7179412234108913 17.407900003483519 67.216303495690227 21.470724633196369 15.650182568409944 1.8277512197382737 27.904864825773984 8.5470350871328247 17.879466274927839 227.81378825294087 19.270938226720318 53.142547173774801 6.2145740002160892 2.5857648269738993 1.8176931729540262 1.5784402759745715 1.5636141583090606 1.365268908557481 9.0603945388575067 5.4549432418425559 6.3395172687596695 5.0617586270091124 76.590161774598528 13.538484822958706
leaf_count=1352 394162 2935 40590 294 623 354 3804 859 271 354 261850 3435 156 1723 2090 245 809 4310 155 168 2646 582 175 283 350 189 362 962 364 183 3533 234 336 325 231 302 166 479 199 453 668 725 405 344 5944 125 1073 14048 4456 8377 184 84 257 451 281 267 2824 776 506 693 9886 314
internal_value=-0.00148919 -0.000487456 -0.00277946 -0.0145512 0.00293245 0.0186515 -0.000861976 0.000308183 -0.0158632 0.00526305 -0.00487352 0.00394422 -0.0036872 0.0232179 0.0341937 0.0565175 0.188711 0.0428042 0.0296984 0.018311 0.00973003 0.00182129 -0.00125007 -0.00545672 -0.00280727 0.00800033 0.00361773 -0.0156554 0.0178152 0.00709476 -0.000653024 0.000960497 0.00558954 0.0203444 0.0285878 0.0124575 0.0278327 0.00866414 0.026027 0.00672035 -0.0119464 0.0390332 -0.0158759 0.00490032 0.00344556 0.0277741 0.00551476 0.00361258 -0.00220005 0.0119335 0.0195738 0.0559288 0.080208 0.148335 0.211793 -0.00461979 0.00973087 0.0151202 0.0532931 0.000326201 0.0104648 0.0309245
internal_weight=2266.4 2211.67 1324.2 185.484 887.47 24.7926 1138.71 1056.31 82.397 539.976 516.338 521.052 500.235 27.2336 23.7343 15.2853 1.43662 13.8487 12.4744 11.6923 22.9757 852.692 588.534 404.559 364.486 183.974 161.281 68.4115 92.8691 63.8911 345.526 330.968 243.601 76.8935 63.233 38.7897 33.5774 264.159 48.6143 27.1258 87.367 27.5888 30.3137 509.475 479.01 30.4647 451.105 419.687 247.085 172.602 118.095 25.1614 17.5138 4.95975 3.38131 54.5078 92.9333 83.8729 12.5541 7.64752 78.4179 31.418
internal_count=785581 391419 376355 43884 15064 3294 332471 330848 1623 55538 275310 55184 271506 9656 7933 5843 1054 4789 4633 4478 3000 14441 10375 6844 6262 3531 3342 1137 2205 1843 5912 5629 4727 1194 869 533 1255 4066 1131 652 902 1089 588 51749 50765 984 44821 43434 18504 24930 16286 2456 1679 989 538 8644 13830 11006 690 777 10230 1387
is_linear=0
shrinkage=0.05


Tree=78
num_leaves=63
num_cat=0
split_feature=2 27 29 53 53 38 24 2 29 5 54 52 54 23 44 50 44 50 44 16 53 50 50 34 45 15 41 5 47 43 38 52 45 54 43 39 31 11 14 53 14 8 45 20 39 27 34 15 2 15 41 4 44 4 45 47 53 54 43 13 27 29
split_gain=33.2683 7.57558 6.40338 6.07534 5.65183 9.56197 8.5117 9.36329 6.92437 6.78826 6.6158 13.1643 13.2855 10.3558 8.45944 7.37325 9.25933 7.19574 6.39812 13.4298 8.00532 6.02941 6.2323 12.115 8.29526 7.11851 10.0806 8.00429 6.89563 11.8168 7.9406 7.70221 12.878 8.06662 7.32633 13.2636 29.1977 94.5828 10.5494 24.5072 13.6075 12.2886 7.41199 7.18939 12.2159 8.87456 12.4398 8.47038 8.31503 11.8624 7.7848 7.63234 7.17601 7.11356 22.5407 6.61302 10.2239 10.5073 9.36326 7.89165 7.0183 11.0509
threshold=288.20547485351568 -2.5067682266235347 -3.5426573753356929 1324.3750000000002 15.083333492279055 -3.0000076293945308 3.8089876174926762 238.5893478393555 1.7416391372680666 209.49958801269534 -0.7865660786628722 25.382464408874515 0.60355338454246532 -4.3606848716735831 -0.75073242187499989 7.069371461868287 -0.1598091125488281 40.111507415771491 -1.8664588928222654 -1.599800109863281 4.7500000000000009 298.22067260742193 222.99001312255862 32.688869476318366 1.0287246704101565 -42.521261215209954 15.605420589447023 209.49958801269534 3.507806777954102 0.50271606445312511 -0.52941131591796864 2.4826214313507085 2.1630644798278813 0.91597560048103344 0.23736572265625003 -50.594768524169915 0.33910773694515234 288.79214477539068 -48.585308074951165 812.47619628906261 -47.099637985229485 290.17045593261724 0.18229484558105472 -48.462865829467766 -44.849676132202141 10.160089492797853 14.212150096893312 -38.745563507080071 284.64483642578131 -38.326051712036126 0.9034126102924348 279.19839477539068 -11.478590011596678 286.47836303710943 -0.46066093444824213 1.4939691424369814 391.44444274902349 -0.91597560048103321 7.7245178222656259 0.66212463378906261 4.3604040145874032 2.6812801361083989
decision_type=2 2 2 2 2 2 2 2 2 2 2 2 2 2 2 2 2 2 2 2 2 2 2 2 2 2 2 2 2 2 2 2 2 2 2 2 2 2 2 2 2 2 2 2 2 2 2 2 2 2 2 2 2 2 2 2 2 2 2 2 2 2
left_child=1 3 -3 -1 5 9 -7 8 -8 -4 18 14 13 -13 -12 16 -16 -17 -10 -20 -21 22 28 24 25 26 -24 -27 34 31 -31 32 -30 -33 -6 36 37 -36 39 -38 41 -40 43 -37 45 50 -47 -46 55 -50 51 -45 -48 -52 -55 -49 57 -57 -58 60 61 -59
right_child=-2 2 4 -5 21 6 7 -9 10 -11 11 12 -14 -15 15 17 -18 -19 19 20 -22 -23 23 -25 -26 27 -28 -29 29 30 -32 33 -34 -35 35 42 38 -39 40 -41 -42 -43 -44 44 47 46 52 48 49 -51 53 -53 -54 54 -56 56 58 59 -60 -61 -62 -63
leaf_value=-0.043231298807005367 -0.048597970580395743 0.084430420976593937 0.048569803948051243 0.27297212867714971 0.0056725395863097185 -0.048771883060997459 0.050491996722681912 0.057179672088070399 0.060519737969122495 -0.018344073965758458 -0.041457457490081256 -0.0079805042085295749 -0.023963479891620103 0.072568778682743806 0.026453327738112188 -0.034546746384402471 -0.013839263730364133 0.015346243405449454 -0.04265587539208042 0.049012531118918415 -0.0018404476846943991 -0.031804037270794214 -0.050045514075118286 0.061895296688549664 -0.025552909091745332 0.10446934147068487 0.23928936893372363 0.0079239466222395735 0.11860798968290376 -0.014652842665909188 0.039369120497343549 -0.008257732523140578 -0.037509177433515159 -0.033987986482494965 -0.050012382910468195 -0.041046255330236196 -0.050027352873691512 3.2977431175470855 0.14379131892438501 1.2067894460052886 0.0079309589114127423 0.53189962139709779 -0.019931352241046793 0.22569849805879 -0.050327570614928423 0.3911281743619146 0.18092276912045496 -0.0012125160391750797 0.48581890009823053 0.064006666069416338 -0.021002768432843606 -0.050028389155215819 -0.050333319054724317 -0.050019289569855713 1.5016327766999176 0.12388012024232636 0.029183741585942825 -0.015460862091480036 0.13703612996241518 0.048299855690700028 -0.023817264055027928 0.091592636769782604
leaf_weight=11.955970745315422 35.44194969090313 2.2669839805457732 3.9088962604291728 0.15386165310337752 782.98715003624238 8.3148861565859971 6.767753039719536 7.6305542155751018 6.7130635909270486 124.85837926105887 21.903834866243415 5.6909379935241331 9.4720479907700774 13.352562850224787 26.118646365124729 31.901672847452573 31.399592713743917 9.3431309563457017 9.9576250603422505 15.795209490344861 15.173367796349337 13.541954346757846 0.47141298232599982 12.285871894593582 14.32821351795428 2.3272054642438951 0.8329687623117934 27.700251840171404 2.8127447183505856 10.446019555442037 19.500787163386121 100.40125407902815 2.490614168898901 43.727520272834226 0.071839598487712819 10.649459229971397 1.5494757422202385 0.029870721155020874 0.50449704110360472 0.039783123036613799 0.74701665090833513 0.3423652120764018 50.867472112469841 0.82501332991523557 8.3541765076006396 0.44737175096815907 0.83634654043999024 712.73969878151547 0.18553330717259076 1.6399253123672668 3.2481936565454821 0.36071420510415919 0.56011936210416013 0.08552846922975732 0.032223796959442441 1.8431886935140926 5.9184990749636182 6.2163399819837633 3.049106452439446 7.4619325790554276 23.112505608733045 3.9376387566153426
leaf_count=19000 295794 428 107 36 184012 132 91 344 316 75119 1336 375 348 323 429 761 649 284 580 261 203 2976 1826 299 2166 17 160 3791 75 2896 240 16953 348 6103 470 24636 7685 182 343 163 466 190 7400 144 20797 269 132 86791 202 2004 4779 1861 1166 508 191 108 758 836 128 42 4239 218
internal_value=-0.000533882 0.00022586 0.000440026 -0.0392138 0.000354559 -0.00549562 0.000849156 0.00280254 0.000764476 -0.0163128 -0.000945414 -0.00612563 0.0244281 0.0484975 -0.013346 -0.00711136 0.00445733 -0.0232446 0.0152765 0.00785527 0.0240966 0.00143869 0.00167994 0.017821 0.00596184 0.0203737 0.134722 0.0154065 0.00116263 -0.00814164 0.0205252 -0.0138866 0.0452908 -0.0160641 0.0021874 -0.00103946 0.0992367 0.933171 0.0725902 -0.0185661 0.163482 0.300694 -0.00143049 -0.000241496 0.000315008 0.0691342 0.161674 -0.000253304 0.000292743 0.106878 0.0316472 0.141819 0.0881665 -0.00716316 0.374602 3.81669e-05 0.017334 0.00711312 0.065855 0.00182876 -0.00859507 0.0260537
internal_weight=2277.63 2242.19 2230.08 12.1098 2227.81 348.302 219.535 211.22 203.589 128.767 196.822 149.182 28.5155 19.0435 120.667 98.763 57.5182 41.2448 47.6393 40.9262 30.9686 1879.51 1865.97 57.9459 45.6601 31.3318 1.30438 30.0275 1808.02 179.379 29.9468 149.432 5.30336 144.129 1628.64 845.656 3.28485 0.10171 3.18314 1.58926 1.59388 0.846862 842.371 791.504 780.854 6.39551 1.84384 774.459 766.104 1.82546 4.55167 1.18573 1.39647 3.36595 0.117752 764.279 51.5392 42.5716 8.96761 40.7284 33.2665 10.154
internal_count=785486 489692 470656 19036 470228 81658 6432 6300 5956 75226 5865 4505 1046 698 3459 2123 1078 1045 1360 1044 464 388570 385594 8259 7960 5794 1986 3808 377335 26615 3136 23479 423 23056 350720 166708 9499 652 8847 7848 999 533 157209 149809 125173 9050 1567 116123 95326 2206 7483 2005 1298 5478 699 93120 6329 5443 886 5335 5293 1054
is_linear=0
shrinkage=0.05


Tree=79
num_leaves=63
num_cat=0
split_feature=36 48 14 52 22 5 36 50 51 36 48 40 48 40 41 44 44 29 13 40 28 35 29 47 47 46 26 48 4 26 40 50 17 51 52 36 38 47 46 46 52 42 42 38 36 50 12 45 55 51 42 52 51 52 50 35 25 36 47 52 50 52
split_gain=30.4256 7.45887 6.09317 14.1416 10.5543 21.0908 23.7427 13.0576 6.3729 5.4942 4.97159 16.7671 13.9695 15.3473 12.3665 11.0646 15.6203 11.7102 10.2353 9.30477 9.76863 10.9587 13.7245 10.6457 17.969 19.0764 20.1226 8.88004 8.39057 8.97294 8.25307 8.12032 8.26151 8.08759 12.7418 7.26735 7.13828 7.80654 9.51042 10.5798 16.2177 8.45072 11.5613 6.88945 6.78524 6.49294 6.18757 6.27706 7.22872 6.1869 6.16232 6.05971 12.4592 18.2067 14.6864 13.6826 10.6174 11.7698 8.62571 8.11999 14.2857 10.8439
threshold=282.64704895019537 -0.69827961921691883 -49.687627792358391 0.70361298322677623 -51.69800949096679 285.21386718750006 279.70588684082037 138.34800720214847 2.0536420345306401 193.82353210449222 0.8994269371032716 24.705894470214847 0.8446832299232484 27.176460266113285 36.865652084350593 0.34592819213867193 -0.66674423217773426 15.019815444946291 0.66212463378906261 13.333320617675783 14.353228569030763 20.277136802673343 12.858610153198244 -0.42434561252593989 1.3562800884246828 4.990553855895997 16.553675651550297 0.91453474760055553 220.16079711914065 30.379011154174808 27.176460266113285 69.304626464843764 0.44061279296875006 80.382499694824233 70.743980407714858 223.23529815673831 -4.9411697387695304 1.043286204338074 8.0962839126586932 3.9145183563232426 18.305440902709964 9.6923141479492205 12.207496643066408 1.0000000180025095e-35 213.82353210449222 45.574508666992195 -49.149663925170891 19.037565231323246 0.91597560048103344 42.205757141113288 0.15803527832031253 10.639651775360109 11.393252849578859 8.7000589370727557 66.017299652099624 17.317808151245121 16.232443809509281 207.35294342041018 -10.195446014404295 14.536789417266847 54.288368225097663 23.392936706542972
decision_type=2 2 2 2 2 2 2 2 2 2 2 2 2 2 2 2 2 2 2 2 2 2 2 2 2 2 2 2 2 2 2 2 2 2 2 2 2 2 2 2 2 2 2 2 2 2 2 2 2 2 2 2 2 2 2 2 2 2 2 2 2 2
left_child=1 -1 3 -3 5 7 -7 8 -4 -6 12 19 46 14 15 16 36 -18 -17 20 33 23 35 -22 25 -25 -27 -13 29 -29 -31 32 43 -12 -35 -23 37 41 39 -39 -41 -14 45 44 -32 -43 -11 51 -49 -44 -19 52 -48 54 58 -55 -57 -58 -54 -53 61 -61
right_child=-2 2 4 -5 9 6 -8 -9 -10 10 11 27 13 -15 -16 18 17 50 -20 -21 21 22 -24 24 -26 26 -28 28 -30 30 31 -33 -34 34 -36 -37 -38 38 -40 40 -42 42 49 -45 -46 -47 47 48 -50 -51 -52 59 53 55 -56 56 57 -59 -60 60 -62 -63
leaf_value=-0.034187789645650529 -0.044928136161235782 0.66335186968927229 0.33487277412924832 -0.050038071113260113 0.033510074552022068 -0.050223584734400174 0.57814134535571593 0.19593144407488516 -0.022396262200833864 -0.030161320536672056 -0.039792272913218782 -0.033657840066683868 -0.011092196453830656 -0.024128798268999618 0.15784964630436685 -0.015842427727363571 0.041896102269286327 0.11078763856524501 0.094612856396857403 -0.041630130975949114 -0.050213036713653514 0.22281347858156875 -0.02965530177199012 0.09375759464569805 -0.051071223952609691 0.16323622784475483 0.63798399992384669 0.053915582773099151 -0.051588095683239854 0.043685342382573766 0.042323030790925503 -0.034227884422189256 0.044811175037093282 0.24281429641459329 -0.050675776135647416 0.030833945553603859 -0.03460907950255377 0.015920253608210349 -0.050557226292842518 0.37570283054032788 0.03447505537204195 0.3080629559953274 -0.028020621046926455 -0.029953740461606867 -0.020527478108156461 0.091781829095087877 -0.00085435801508361778 -0.044007597224655068 0.029765967355079553 0.08724203926049498 0.25597077342794555 -0.0085603112594587732 0.092019795343862787 0.014558526882729034 0.024116853117113327 0.15292506176709994 0.089586012285310282 0.027665037498473745 -0.012798567631528117 0.011452096840640174 -0.0067292574684317463 -0.0037020404344640851
leaf_weight=16.175346286087006 38.961675956517865 0.070084827508252512 0.12939401687617591 7.8956703746225685 12.076293051242827 0.24205363255168766 0.39671479142270982 0.97748365619190725 3.531577831497998 17.18074388003879 17.355906330296424 12.941794990620108 6.0190861012233636 11.961042012495453 2.1193329351954153 13.309069357615952 2.0809706349973593 1.2440004410891563 2.489666649606078 42.465332906947879 0.9635273652820614 0.88398096291348238 8.6320735674962616 1.281681846725405 0.87374464208551206 0.45771177791175421 0.43564099563809577 12.312433623475952 5.0932703505968666 12.972898157895541 10.670551420422276 13.598643284873104 12.274033966474233 0.67258248072903259 0.8215246836116421 1.1144036141922695 3.1317011442151879 0.73342142297769886 0.61720414945011715 0.93029787782870677 0.55651295374264009 0.68968143450911135 2.1292294191225665 13.857747495872898 7.1863046721555284 0.69841984556842363 453.99965119749686 15.429133008845385 4.2310214480385175 2.5687827530346112 1.7719887691782785 329.36569507662352 2.0075200505962121 61.796528582228348 46.624434610559547 2.4521427681174819 10.785256494535131 26.604927777167177 87.968273796672293 331.25938785177277 380.0980520800731 183.40987700043479
leaf_count=14007 329273 186 157 42255 50 378 285 371 5353 28000 11411 1004 3039 476 151 1481 322 245 14 17525 807 17 5034 475 728 115 282 335 2349 263 223 300 76 84 760 595 745 384 189 334 238 198 554 185 428 198 73529 2135 240 220 217 48999 82 11175 5739 216 104 2939 13651 48901 75235 30843
internal_value=-0.00112548 -0.000358323 -0.000110546 -0.0437615 4.74708e-05 0.0706729 0.34003 0.0335793 -0.00976888 -0.000122311 -0.000308353 -0.00834454 0.000400092 0.0257162 0.0402259 0.0338291 0.0558284 0.133135 0.00156383 -0.0260886 -0.00638354 0.0242541 -0.00231998 0.0946612 0.140447 0.217383 0.394746 0.00501226 0.0107015 0.0145298 0.00765713 -0.000459076 0.00998021 -0.030183 0.0814408 0.115756 0.034028 0.0484131 0.123059 0.171323 0.247981 0.0309162 0.0724619 -0.0034999 0.0170295 0.199242 -0.000287508 -2.24016e-05 -0.0281309 0.0350028 0.196087 0.000265965 0.00400485 0.0132648 0.00134186 0.0292889 0.0521362 0.0455262 -0.0104599 -0.00184835 0.000622336 0.0060517
internal_weight=2263.59 2224.62 2208.45 7.96576 2200.48 5.27722 0.638768 4.63846 3.66097 2195.21 2183.13 176.866 2006.26 53.0504 41.0894 38.97 23.1713 5.09696 15.7987 75.9581 33.4928 14.6428 10.6305 4.01231 3.04878 2.17503 0.893353 100.908 87.9659 82.8726 70.5602 57.5873 43.9886 18.85 1.49411 1.99838 18.0743 14.9426 2.83744 2.22023 1.48681 12.1052 6.08611 31.7146 17.8569 1.3881 1953.21 1936.03 19.6602 4.69801 3.01599 1916.37 692.239 238.239 136.6 101.639 39.8423 37.3902 89.9758 1224.13 894.767 514.669
internal_count=786104 456831 442824 42441 400383 6544 663 5881 5510 393839 393789 42996 350793 9005 8529 8378 6883 784 1495 37833 20308 8053 5646 2407 1600 872 397 5163 4159 1810 1475 1212 912 12255 844 612 6099 5354 1145 956 572 4209 1170 836 651 396 341788 313788 2375 774 462 311413 107435 33906 19472 14434 3259 3043 13733 203978 154979 79744
is_linear=0
shrinkage=0.05


Tree=80
num_leaves=63
num_cat=0
split_feature=2 17 11 15 20 0 49 15 49 29 47 39 48 27 41 41 29 53 46 11 52 49 1 16 13 40 40 29 11 49 52 49 20 33 11 39 52 46 31 17 48 28 49 51 47 48 51 53 55 26 16 53 29 11 47 36 48 2 17 44 49 47
split_gain=35.4314 7.51435 8.6153 9.03228 11.9665 8.7696 7.9947 14.1872 12.8768 13.6612 11.6843 12.6856 11.5758 15.8595 11.1727 10.4415 12.9771 22.0428 11.8586 11.0427 12.5851 17.916 15.3123 19.672 18.6827 18.2819 9.33999 9.5215 12.0199 15.4088 14.4023 12.8748 11.6035 11.098 12.0494 18.0976 16.0224 15.4245 11.9481 9.23773 13.5515 12.3606 10.2632 14.1935 10.2994 10.2939 9.52481 14.9142 9.11785 8.93565 8.8749 11.2228 8.85515 8.58286 9.4339 8.47685 8.14759 11.4828 8.28585 8.51308 8.14457 11.3572
threshold=287.64189147949224 -18.643671035766598 283.02940368652349 -20.431056976318356 -46.451946258544915 285.01528930664068 270.38075256347662 1.0000000180025095e-35 258.98173522949224 -2.2310204505920406 -4.4585323333740225 -27.450980186462399 0.89009976387023937 38.09822082519532 5.2234389781951913 5.8963928222656259 0.54795837402343761 49.520833969116218 3.625726699829102 265.93986511230474 21.918452262878422 274.91055297851568 251.36536407470706 -9.9392242431640607 -13.830253601074217 0.21569824218750003 28.66666412353516 0.58120298385620128 253.43865966796878 265.41934204101568 9.0593070983886737 269.10101318359381 -17.432997703552243 18.973720550537113 256.04776000976568 -23.175021171569821 21.587633132934574 1.1818566322326662 4.4658300876617441 -0.70683670043945301 -0.39245748519897455 23.298627853393558 276.94873046875006 42.687715530395515 -3.4302330017089839 -0.36931872367858881 50.562639236450202 605.97219848632824 0.78656607866287243 5.155938148498536 -19.606882095336911 74.166667938232436 -0.46271467208862299 265.93986511230474 -3.4302330017089839 238.529411315918 0.87896132469177257 238.5893478393555 -5.3756484985351554 -10.036277770996092 278.97543334960943 -0.9768693447113036
decision_type=2 2 2 2 2 2 2 2 2 2 2 2 2 2 2 2 2 2 2 2 2 2 2 2 2 2 2 2 2 2 2 2 2 2 2 2 2 2 2 2 2 2 2 2 2 2 2 2 2 2 2 2 2 2 2 2 2 2 2 2 2 2
left_child=1 -1 5 4 -4 6 8 10 -3 55 -8 14 13 26 52 18 17 -17 19 20 21 22 23 24 25 -13 27 -11 56 32 -31 33 -30 34 35 -32 38 -37 -36 40 -18 42 45 44 -44 -42 -45 -48 -25 -20 51 -40 -12 54 -52 -10 58 -58 59 -29 61 -54
right_child=-2 2 3 -5 -6 -7 7 -9 9 12 11 15 -14 -15 -16 16 39 -19 49 -21 -22 -23 -24 48 -26 -27 -28 28 29 30 31 -33 -34 -35 36 37 -38 -39 50 -41 41 -43 43 46 -46 -47 47 -49 -50 -51 53 -53 60 -55 -56 -57 57 -59 -60 -61 -62 -63
leaf_value=-0.0093935542549449715 -0.050017084343266884 0.0032941711280576737 0.016709067266178251 -0.014423451713436425 0.13930557086953727 -0.046085319696047136 -0.018575135020733515 -0.024031964331384815 0.13889899947039075 -0.028510818328586658 0.00040585164447354033 0.073412768759381714 -0.034753878171859647 0.032882445134437742 -0.014715671806749915 0.16655405647711852 -0.020577600739977022 0.025635172359991677 0.10489582877225297 0.035867714013047391 -0.033665439950330021 -0.032058724722625415 -0.027564293991246904 -0.010852763271919983 0.042392910765139319 0.31394726515880927 -0.042877840967482754 0.078429163707136859 -0.038980119047386297 -0.032021273663530407 -0.0032777663354613472 -0.030160227487110794 0.26988590454202854 -0.033450815868515088 -0.037628847580247607 0.10358827103586772 -0.018420065250619087 0.38816347842090787 0.27718015157043946 0.035490630330420402 0.14605357689733753 -0.028367356063647001 0.055942239551396468 0.11250916728593939 -0.017974079728197929 0.03123550966174168 -0.021542477139362588 0.12508609571415941 0.037277600658323494 0.00066338432332198858 0.20518300646047416 0.052810330146884576 0.13823203692927424 0.020080885715649012 0.080343781785270435 0.0088095710677908983 -0.051401115879886106 0.18903974222830394 -0.0047644043824399407 -0.030626870416385812 0.080304045861251755 -0.01526948406664678
leaf_weight=191.20829443609546 35.864739694334276 759.51272950560087 4.2397774699056754 4.4803494591615145 3.7517852729797596 9.9583000096608867 39.131750827218639 37.390237131388858 2.5852907348889849 43.072847608447773 34.372899010166293 1.5333602895843799 35.40621210768586 25.973776601342252 83.64530797326006 4.0226938503910779 26.662093798804563 8.9472959538688865 4.9042043821536918 18.651501795742661 29.719146919815103 24.732501489052083 14.170104848162735 16.902082814485766 5.0556679132860136 1.6294039509375577 17.642306356341578 1.8599266166565858 11.86359488495509 7.0767175270302678 1.0465267478139142 4.7423761193640521 0.31207876547705282 2.9488983021583399 1.9489998945500762 0.8929532450856702 5.4400684708380131 1.0201694435672832 1.3481555940816261 56.518364123301581 2.0024908290943122 13.001950060046509 5.4230995212565167 4.3124321589712045 35.976756216143258 77.564803950255737 5.9619127561454643 2.4455986303219106 23.550514127709903 3.5406659786240198 1.8806040658964844 0.9501103646471164 1.4498196083877699 4.3467816456104638 7.7485153050510984 2.4286014483659528 0.83008558442816083 1.2358542880392631 410.60376279224874 47.246835645724794 8.2108380239515082 7.135727968328867
leaf_count=292741 314371 35316 1445 227 415 3375 4463 455 65 3342 1872 146 14537 424 16787 286 4110 494 267 759 2215 2542 837 353 124 244 775 418 7424 2914 420 1705 111 1383 169 178 1421 220 239 987 376 2306 393 249 4097 8997 812 157 340 356 149 383 91 375 817 395 325 245 20625 21647 769 1429
internal_value=-0.000717718 8.08247e-05 0.000976334 0.0424045 0.0742642 0.000719338 0.000952323 0.00578972 -0.00111299 -0.00632318 0.00777669 0.00975199 -0.00696982 -0.0053358 -0.00345757 0.0143509 0.020682 0.0693417 0.00370311 0.000131739 -0.00555088 0.00399013 0.018178 0.0314954 0.102019 0.197332 -0.00705902 -0.00592738 -0.00403983 0.0183804 0.032925 0.0463191 -0.0310635 0.0585839 0.0687782 0.163892 0.056882 0.255338 0.0793616 0.0179364 0.0122132 0.0181732 0.0226996 0.00590164 -0.00829154 0.0341252 0.0520965 0.0211092 0.0171676 0.0611945 0.0933724 0.184425 0.0149458 0.0783993 0.104725 0.075887 -0.0066406 0.0924317 -0.00708583 -0.0264964 0.0447011 0.0106519
internal_weight=2250.03 2214.17 2022.96 12.4719 7.99156 2010.49 2000.53 598.565 1401.96 642.452 561.175 522.043 637.438 602.032 134.815 387.229 242.839 12.97 144.389 135.944 117.293 87.5736 62.8411 48.671 8.21843 3.16276 576.058 558.416 515.343 53.5666 41.3909 34.3142 12.1757 29.5718 26.6229 2.95965 23.6632 1.91312 18.2232 229.87 173.351 146.689 133.687 54.1198 41.3999 79.5673 12.7199 8.40751 40.4526 8.44487 16.2742 2.29827 51.1693 13.9759 9.62912 5.01389 461.776 2.06594 459.711 49.1068 16.7964 8.58555
internal_count=785909 471538 178797 2087 1860 176710 173335 57313 116022 80706 56858 52395 80246 65709 20948 31447 23264 780 8183 7560 6801 4586 2044 1207 514 390 65285 64510 61168 17908 10373 7459 7535 5754 4371 818 3553 398 2132 22484 21497 17387 15081 5708 4490 9373 1218 969 693 623 1963 622 4161 1341 966 460 43260 570 42690 22065 2289 1520
is_linear=0
shrinkage=0.05


Tree=81
num_leaves=63
num_cat=0
split_feature=36 45 27 49 53 13 36 2 39 53 5 49 13 46 49 48 48 12 39 54 35 48 42 50 51 13 39 40 5 49 46 29 29 29 4 50 39 42 31 29 53 40 53 51 40 41 41 39 49 51 48 51 46 50 51 53 42 46 29 39 45 31
split_gain=29.8399 6.24954 6.18939 5.66468 9.52904 7.39261 10.0549 8.55731 10.2833 15.5781 10.3357 7.23921 9.64891 7.83378 9.42455 16.112 18.557 11.2189 8.88102 10.5964 16.8573 16.0271 16.705 15.939 24.157 22.6652 12.0037 14.1807 11.059 13.1047 12.0483 13.4141 10.3909 10.198 9.92276 9.10385 8.94911 9.01096 8.90752 8.63725 7.82304 12.6958 12.4628 11.8946 8.91548 8.70629 16.4737 8.63402 8.66288 9.00764 15.4611 8.05254 11.6973 7.71846 12.9115 8.4527 7.63915 7.29221 7.19744 7.15312 7.09642 32.1816
threshold=283.23529052734381 19.037565231323246 -2.3887829780578609 254.46063232421878 605.97219848632824 1.0000000180025095e-35 210.29412078857425 212.75080871582034 -2.7966600656509395 30.125000000000004 213.5385665893555 269.27120971679693 0.66212463378906261 -2.8071050643920894 274.13537597656256 0.8732551932334901 0.8529149889945985 -38.893638610839837 -1.2745085358619688 0.60355338454246532 5.0763573646545419 0.26878702640533453 -8.2926330566406232 20.849369049072269 6.166459560394288 -14.869987487792967 -33.33624076843261 1.1568603515625002 205.86235046386722 271.58435058593756 2.9623703956604008 15.019815444946291 -2.4841780662536617 2.3509883880615239 229.73731994628909 3.8790374994277959 -38.155412673950188 0.30552673339843756 22.363412857055668 2.9361600875854497 16.083333015441898 -1.1372604370117185 17.888889312744144 5.6344866752624521 0.68627929687500011 1.0215427875518801 0.86904004216194164 1.0000000180025095e-35 256.94619750976568 26.269105911254886 0.91263091564178478 68.914424896240249 12.248271942138674 14.697643756866457 18.100569725036625 75.375000000000014 12.207496643066408 12.248271942138674 0.057122707366943366 -9.4981851577758771 -1.6712522506713865 27.165372848510746
decision_type=2 2 2 2 2 2 2 2 2 2 2 2 2 2 2 2 2 2 2 2 2 2 2 2 2 2 2 2 2 2 2 2 2 2 2 2 2 2 2 2 2 2 2 2 2 2 2 2 2 2 2 2 2 2 2 2 2 2 2 2 2 2
left_child=1 2 -1 4 5 6 -4 -8 10 -10 -9 40 13 -13 15 16 17 -15 19 20 26 22 39 24 -21 -26 36 53 -23 35 -31 38 -25 -29 -27 -30 -19 -38 -32 -22 45 -42 43 -43 -45 46 -5 48 49 -47 -51 -44 -53 -28 55 -55 -33 -50 -57 -56 61 -37
right_child=-2 -3 3 11 -6 -7 7 8 9 -11 -12 12 -14 14 -16 -17 -18 18 -20 23 21 28 -24 32 25 34 27 33 29 30 31 56 -34 -35 -36 60 37 -39 -40 -41 41 42 51 44 -46 47 -48 -49 57 50 -52 52 -54 54 59 58 -58 -59 -60 -61 -62 -63
leaf_value=-0.033384600873759197 -0.047083871543607068 -0.026401340974717094 0.031087722419742288 0.0071515466410614643 0.042969938949954982 -0.02868872754903444 0.041501304866666477 0.061866961948712822 0.026395296027913753 -0.027046752381566432 0.0050123248433823105 -0.023276016615699162 -0.052568819044460702 -0.030742522102734399 -0.00024892664816407125 -0.041623254204423997 0.1256300115815899 -0.022738712743567698 0.050042949340686163 -0.0012543700739948102 0.15207600539161298 0.068610225678869541 -0.023763843369112678 0.11696280115791412 0.0086721525342037097 0.11370840729942398 -0.023219953821826018 0.082984464131333813 0.11579479580502704 -0.0088590444419391796 0.053950937490723251 -0.014796150916111091 0.0062759316610706594 0.0088522983175950056 0.22640943581638806 -0.036579112743329492 0.23964521005764441 0.082069156571652147 0.16021440005425644 0.002690498593298076 -0.02474132706805662 0.11602618755934804 9.3979961529075669e-05 0.13433012100150002 0.0020370043792960228 -0.015965067648921156 0.34947062790993122 0.0060686060917048354 -0.034124106191309921 -0.057823551229530756 0.074240436086049647 -0.04743540736778127 0.16399702075769201 0.0029536766574981667 0.0059223955700773061 0.033190723069800962 0.13081344768091804 0.032417257918871463 0.093779715974167954 -0.052523631928572317 -0.04040739317966064 0.31310594108535722
leaf_weight=13.435880160854138 33.898546781012556 21.888863723026589 36.646486181300133 1.3717123324313423 17.342792918032501 15.580698232166467 13.554151880554853 8.4854871248826367 17.859658848959953 57.660667193122208 137.92800346882723 26.471907897357596 7.742486333474516 15.024451390381726 475.39267648729583 14.221649259430704 3.5990066962549454 1.422921763063641 15.777258600108324 7.6660220820340355 2.0754884465131904 8.4477173378691059 77.832675744284643 2.246647207721252 3.6089772319392077 4.8277047610026749 15.600503046589436 12.511679049232045 1.1738013542781143 10.516572195469054 4.071334400228805 5.5369268869690131 37.710938118718332 7.3729868646478272 3.2800004471791908 3.3683008292573531 1.187832442432408 3.840939494635677 3.8247666479437612 1.812696633627638 54.076561069930904 4.2145258093514739 769.58646341556596 1.4511642267025298 10.40416145884228 32.81250142409408 0.47252213811589161 39.217995942570269 76.404481981247955 3.1011366628590604 7.7665623395951116 13.860403711369141 0.68656154835480343 10.2825610433938 29.310796681820644 11.649364910903389 1.0757569974812211 4.3518466418026938 8.4619016025972069 6.3734520706348148 18.381547079945449 0.81767158507136617
leaf_count=14549 317205 3000 232 966 326 118 88 96 188 649 4770 4842 71 25259 211622 8579 221 466 145 1381 158 83 9556 89 1743 200 671 359 197 1014 468 1102 7366 237 290 1051 204 676 164 516 8091 384 112308 179 2063 2804 89 303 25735 724 216 5564 102 473 1459 280 94 623 279 89 2748 72
internal_value=-0.000525849 0.000183578 0.000447749 0.000655375 0.00697634 0.00480673 0.00672447 0.00293307 0.000577598 -0.0144083 0.00830737 -0.000367955 0.00299798 0.00350013 0.00435381 0.010519 0.0126956 0.0114898 0.01346 0.0115756 0.00701674 -0.00450174 -0.0187112 0.0305476 0.067754 0.112905 0.0218325 0.0176315 0.015794 0.00664479 0.0318903 0.0614271 0.0124994 0.0554972 0.159302 -0.0199661 0.0879654 0.11929 0.105424 0.0824315 -0.00322144 -0.0012939 0.000290638 0.0438787 0.0182305 -0.0131711 0.0948591 -0.0143885 -0.0208358 -0.00289787 0.0365555 -0.000602645 -0.0374566 0.00841307 0.0158814 0.0398297 0.00889174 -0.0305383 0.0586838 -0.00451647 -0.0270274 0.031727
internal_weight=2258.58 2224.68 2202.79 2189.36 305.058 287.715 272.134 235.488 221.934 75.5203 146.413 1884.3 864.52 856.777 830.306 354.913 340.691 337.092 322.068 306.29 246.95 138.935 81.7209 59.3403 19.3827 11.7167 108.015 101.563 57.2144 48.7667 25.0254 14.5088 39.9576 19.8847 8.10771 23.7413 6.45169 5.02877 7.8961 3.88819 1019.78 854.28 800.203 16.0699 11.8553 165.499 1.84423 163.655 124.437 43.6802 10.8677 784.133 14.547 81.6786 66.0781 30.3938 6.61268 80.7563 20.1113 35.6842 22.5675 4.18597
internal_count=785596 468391 465391 450842 6467 6141 6023 5791 5703 837 4866 444375 284224 284153 279311 67689 59110 58889 33630 33485 22416 17223 10230 11069 3614 2233 5193 3847 6993 6910 2842 1828 7455 596 490 4068 1346 880 632 674 160151 128691 120600 2626 2242 31460 1055 30405 30102 3744 940 117974 5666 3251 2580 1032 1196 26358 559 1548 3871 1123
is_linear=0
shrinkage=0.05


Tree=82
num_leaves=63
num_cat=0
split_feature=38 53 14 5 2 10 2 28 28 39 47 1 46 28 9 2 47 12 43 7 0 26 24 46 28 39 47 41 40 52 7 53 26 3 43 43 41 36 0 50 36 28 5 36 40 5 37 47 47 4 46 50 5 36 53 55 35 46 5 52 5 19
split_gain=29.4154 6.49625 5.75129 15.3881 5.17195 6.195 10.6132 10.7735 14.7296 11.3738 8.76214 8.07037 6.98337 6.9585 6.49866 12.2275 14.3092 9.99323 6.29486 5.46924 5.03441 4.4162 6.87731 10.6363 15.6501 9.57227 8.74118 9.07936 8.16938 8.08887 10.3551 13.8139 7.71491 9.48322 11.4869 8.37379 4.95579 12.2138 10.9483 8.50951 8.40288 6.88979 6.83307 13.4475 17.9694 7.04444 12.5966 6.95853 10.0068 8.86349 14.0871 24.209 13.2855 14.0239 8.57723 7.09852 12.71 12.6665 10.057 9.24493 7.58429 6.96209
threshold=-40.352943420410149 1324.3750000000002 -51.872240066528313 281.38145446777349 286.24263000488287 288.08894348144537 283.39620971679693 4.8492641448974618 8.3174104690551776 -46.588232040405266 -1.1804609298706052 284.48437500000006 2.599540233612061 5.5843400955200204 285.69386291503912 283.39620971679693 -0.28943181037902826 -44.450422286987298 -4.6733932495117179 284.48193359375006 285.16673278808599 -2.5346570014953609 1.0000000180025095e-35 1.0097780227661135 -1.2034254074096677 -45.497461318969719 -0.2369679659605026 1.3033128976821902 -3.0392150878906246 19.168756484985355 265.69421386718756 150.216667175293 -0.71130704879760731 272.94087219238287 -1.0245819091796873 16.884597778320316 1.977247476577759 265.00000000000006 277.00236511230474 103.6449432373047 233.82353210449222 0.032141685485839851 278.89863586425787 268.52941894531256 7.7058715820312509 225.14548492431643 285.21786499023443 -3.8804817199707027 -1.8239588737487791 245.5952072143555 0.90857553482055675 20.642064094543461 235.474235534668 236.17646789550784 434.66667175292974 1.0000000180025095e-35 7.2864270210266122 2.5534620285034184 252.68643951416018 101.87464904785158 258.15319824218756 -16.640673637390133
decision_type=2 2 2 2 2 2 2 2 2 2 2 2 2 2 2 2 2 2 2 2 2 2 2 2 2 2 2 2 2 2 2 2 2 2 2 2 2 2 2 2 2 2 2 2 2 2 2 2 2 2 2 2 2 2 2 2 2 2 2 2 2 2
left_child=1 -1 3 -3 5 11 -7 12 9 10 -9 14 18 -12 20 19 -17 -18 -8 -16 21 -2 23 24 28 -25 27 -26 29 -23 -31 -32 33 -24 -35 -36 37 38 39 -34 41 -38 45 44 -44 46 -42 -47 49 50 61 52 -52 -54 -53 56 57 58 -51 -57 -58 -49
right_child=4 2 -4 -5 -6 6 7 8 -10 -11 13 -13 -14 -15 15 16 17 -19 -20 -21 -22 22 32 25 26 -27 -28 -29 -30 30 31 -33 36 34 35 -37 40 -39 -40 -41 42 -43 43 -45 -46 47 -48 48 -50 55 51 54 53 -55 -56 59 60 -59 -60 -61 -62 -63
leaf_value=-0.045209813299502903 -0.043534218230059679 1.2130546628373664 0.044656285332985497 -0.050010076902703031 -0.035547601278196207 -0.007818708596759651 0.35567605513854123 0.36766633592525888 -0.050187754332809302 -0.050099866076329352 0.30057418158708837 -0.039194685766933288 0.41577473012877342 -0.05051362376977872 0.11647328864655669 -0.050104038766931237 0.67471995934492557 0.18493460948050489 -0.013911721860487862 0.0091676025249110473 -0.03197279497789797 0.014653895289688716 -0.045550950382569899 0.17447433124455847 0.21192528483935488 -0.02186205295824133 0.017541573496011022 0.080439812043441583 0.0021601773807457627 0.35498235574678283 0.34467200763675404 -0.0082610212317047235 0.020109349670836874 0.43626922361286086 -0.050277379561471283 0.25120125618847605 -0.021061562241764746 -0.050486827715534213 0.085025242222881103 -0.028241890248754384 0.006246049258261885 0.0013903903090716264 -0.050050746459513296 0.017163972438863476 0.49489802898202762 -0.044054830742305963 0.14637795001008277 0.048251431627458784 -0.015019655280068933 0.1618937636312352 0.43766399592493627 -0.0066727662556854694 0.32984752457459998 0.011720178623900826 0.16825368013547079 -0.042401877766974794 -0.043509465824638036 0.25238927141003592 -0.02689224670555871 0.20550674946695963 0.026170577535603912 -0.050502097081688506
leaf_weight=41.115384110802552 5.7602096592236185 0.039572958514327183 0.8429499875055616 0.061730457258818205 10.196825168335634 6.1123970597982389 0.12083308422006744 1.0635062756919067 0.61514989902207151 0.30381041028886113 0.28053264833579317 13.086246269514957 0.10682969700428646 0.28401483166089747 1.4039110274752564 0.25210171562503092 0.20602788482938195 0.2105981866843657 2.4758120490296278 7.7022523575069499 12.238561893587756 2.203332159726421 15.157775965868497 0.64667990856105717 2.1360773964479449 15.513890973714295 2.4402721927399389 3.4070312119147275 19.723366626312782 0.4844687221047933 0.37970156238588959 1.0275217872185747 58.939618492615409 0.20556682742608234 0.85440508421015582 0.31533751595998183 34.874722673004726 7.1097477510047602 5.6477345969324224 10.761176778702064 22.172489925054837 1689.5364966072084 0.25810396466113061 3.4729716630099574 0.36547582175990101 15.889589832164345 1.728725985623895 3.5104799786349759 182.44805596875085 1.1335666844097501 0.6133062346489172 3.1923406356363557 0.64286202547373228 0.75126027906662785 0.8978675111720803 11.227307017295967 7.0559483741817521 0.96818409167462949 1.8679259387863565 0.38909563003107983 8.7452615507645515 3.6304825441620761
leaf_count=354448 6221 36 1299 453 52561 2661 2 381 1134 591 94 27793 133 299 285 468 140 254 4733 4449 9073 1134 1496 272 306 5917 1145 279 5794 40 368 658 5736 276 1033 14 983 11339 878 776 2906 93420 562 4650 125 15291 116 1637 135914 46 181 1276 121 342 231 10374 5061 51 752 219 4973 1228
internal_value=-0.000810834 -0.0422319 0.0874342 0.443391 -2.06497e-05 0.000144424 0.0369674 0.0891055 0.162895 0.230745 0.283154 -4.72297e-05 0.0195865 0.123948 0.000188839 0.0408655 0.247226 0.427141 0.00328679 0.0257111 4.78823e-06 0.000186978 0.000304534 0.0190248 0.0358097 -0.0140055 0.0963947 0.131109 0.015503 0.0797674 0.155608 0.0869685 -0.000124173 -0.0341444 0.091571 0.0309948 0.000146523 0.0121585 0.0180696 0.0126444 -0.000349871 0.000936319 -0.00853525 0.0555504 0.26934 -0.00951901 0.0163815 -0.0120669 -0.00982857 0.0113946 0.0457057 0.101521 0.243731 0.158416 0.0317264 -0.00307721 0.0151491 0.0951322 0.0444061 -0.0340981 -0.00494468 -0.0019551
internal_weight=2246.81 42.0596 0.944253 0.101303 2204.75 2194.55 11.3629 5.25049 2.54701 1.93186 1.62805 2183.19 2.70347 0.564547 2170.1 9.77489 0.668728 0.416626 2.59665 9.10616 2160.32 2148.09 2142.33 47.9623 31.8018 16.1606 7.98338 5.54311 23.8184 4.09502 1.89169 1.40722 2094.36 16.5331 1.37531 1.16974 2077.83 82.4583 75.3485 69.7008 1995.37 1724.41 270.961 4.09655 0.62358 266.865 23.9012 242.964 227.074 44.6259 13.2386 6.09764 2.00743 1.39412 4.09021 31.3873 19.7709 3.96968 3.00149 11.6164 15.8012 7.14096
internal_count=785428 356236 1788 489 429192 376631 10028 7367 2499 1365 774 366603 4868 393 338810 5596 862 394 4735 4734 333214 324141 317920 15913 9724 6189 1730 585 7994 2200 1066 1026 302007 2819 1323 1047 299188 18729 7390 6512 280459 94403 186056 5337 687 180719 3022 177697 162406 26492 5016 2151 644 463 1507 21476 10883 849 798 10593 10034 2865
is_linear=0
shrinkage=0.05


Tree=83
num_leaves=63
num_cat=0
split_feature=38 12 17 54 36 53 15 15 45 53 48 48 5 21 53 48 44 15 41 48 54 25 41 48 47 9 17 36 39 38 1 29 49 42 53 36 54 2 17 51 1 8 1 34 48 39 38 41 38 22 40 29 51 47 48 48 31 43 36 48 48 40
split_gain=29.6838 5.16387 7.65248 20.3244 24.0914 11.9693 7.03852 7.98296 5.94483 5.77494 8.65258 5.7094 4.99643 6.95612 4.77541 4.66935 7.5303 10.2511 5.08231 18.1466 12.4966 13.2461 10.9345 10.488 13.3584 14.5883 15.9262 11.8911 9.28045 17.1896 24.3348 14.9862 9.44048 10.7253 22.4222 9.04839 14.1437 14.0277 14.0989 14.4256 11.552 19.457 11.2307 10.6848 13.3378 11.3619 14.7809 11.822 11.0004 10.1981 9.68368 20.4847 18.2764 9.49586 9.35134 11.1971 13.3263 9.03572 8.93053 8.86719 21.8585 15.4674
threshold=-39.705886840820305 -51.468587875366204 -44.046266555786126 -0.91597560048103321 276.17646789550787 -19.041666984558102 -44.913539886474602 -44.695135116577141 -4.022106170654296 -24.833333015441891 -0.47515141963958735 -0.49895256757736201 280.56463623046881 -51.498399734497063 1089.1666564941409 -0.72268652915954579 -5.029470443725585 -19.077157974243161 8.3977231979370135 -0.071447014808654771 -0.37940952181816096 26.311475753784183 13.568869590759279 -0.056081563234329217 -3.8804817199707027 258.04177856445318 -10.251132965087889 223.82353210449222 -20.072621345520016 -7.5882339477539054 235.58066558837893 8.9260959625244158 276.75975036621099 10.345108032226564 192.08332824707034 220.88235473632815 0.12940952181816109 246.20001220703128 -7.4937171936035147 14.791633129119875 261.45242309570318 264.55513000488287 218.40579986572268 24.646006584167484 -0.038633346557617181 -27.450980186462399 -3.0000076293945308 10.309851169586183 -3.4705886840820308 -21.081736564636227 17.254905700683597 16.001280784606937 26.269105911254886 -3.4302330017089839 0.34327137470245367 0.35908776521682745 15.364188194274904 7.7245178222656259 206.76470184326175 -0.22493761777877805 -0.2346743047237396 4.9607849121093759
decision_type=2 2 2 2 2 2 2 2 2 2 2 2 2 2 2 2 2 2 2 2 2 2 2 2 2 2 2 2 2 2 2 2 2 2 2 2 2 2 2 2 2 2 2 2 2 2 2 2 2 2 2 2 2 2 2 2 2 2 2 2 2 2
left_child=14 -2 3 4 8 -5 -7 -8 -3 10 11 -4 15 -14 -1 16 17 -11 59 20 58 22 28 24 -21 27 -27 -26 -22 30 -30 -32 33 57 -35 43 37 -37 53 -40 41 49 -38 44 -25 48 -47 -48 -46 -41 -49 -52 -53 -39 -55 56 -56 -31 -20 60 61 -17
right_child=1 2 9 5 -6 6 7 -9 -10 12 -12 -13 13 -15 -16 18 -18 -19 19 23 21 -23 -24 35 25 26 -28 -29 29 32 31 -33 -34 34 -36 36 42 38 39 40 -42 -43 -44 -45 45 46 47 50 -50 -51 51 52 -54 54 55 -57 -58 -59 -60 -61 -62 -63
leaf_value=-0.045273781469148983 -0.031290431899288276 0.41853335521806995 0.0028167428984391396 0.66439931708527045 0.88375397733609307 -0.050064801465721731 0.37694339734508886 -0.050301164100470488 -0.050081075133165981 -0.051478564497562697 -0.044474034629313763 0.15176387164695604 0.16028707355404415 -0.044866109574854207 0.029561090895469568 0.0048349896062452619 -0.05300523477951459 0.15069077793690716 0.0073666204351920455 0.00080215161776842905 -0.034095615820715408 0.15304435824139054 -0.032693983950613362 -0.039126798917945842 0.086452930350393753 0.086979964370407475 0.40305225274058742 -0.033812602034079917 0.28540340612540688 -0.002886595351018803 -0.05030808515272555 0.26575464259048859 0.060187031840414129 -0.029763461052382048 0.19933467441733016 -0.0095692003044214428 0.05517194580039754 -0.026735985087848142 -0.0068674239665028726 -0.0050348969959839261 0.038429135277219389 0.27141093179665521 -0.028302910160179735 0.00021642170920366162 0.023901980147089177 0.073098318544516233 -0.024339617064039649 0.030019355600675493 -0.050577970887051252 0.15837360597272013 -0.052862999677339151 0.0016511194000317728 0.11226850960804458 -0.028749465222968364 0.015186127261356359 0.017747906841142438 0.32472166755287613 -0.073258433387361474 -0.04329976003796307 -0.0044914885307975744 0.058811916190280367 0.14319500803837917
leaf_weight=41.696241195721086 13.06166455218772 0.10648107604356483 2.0997221879370049 0.069918215260259653 0.16011936856375542 1.5851377991275519 0.23268099308188539 0.206243229295067 0.18571821017394574 1.3135777144489114 14.512300816939385 0.92760731041198852 0.43269262326066282 9.1675841048418061 2.2466443271550807 546.17121875429439 8.8837768117955402 1.1996581573039282 10.567371921613811 14.427757838362597 16.602778667933308 1.2827753506135184 34.391197808014113 11.146955621428786 6.7230982200708223 1.0298830122919751 0.65014124830486153 2.9603126223373692 1.3119615826872171 63.47333942935802 1.8099655631231146 0.47307460888987396 6.4079158605600233 2.3733237747219382 1.9418562318605834 171.53128702496178 4.2451184500241643 18.410813474023598 6.3589188336918623 1.9833271288662215 6.0088248023530468 1.8426621058024464 79.277542803618417 581.84532118900097 8.7960871946997958 12.889565798104739 15.300440834602339 96.826414607698098 11.360535600688307 1.841134004935155 12.139024001837244 14.736786724650303 5.001346156874205 11.156217287782054 0.7382150882622216 61.02814957555529 0.65734825882827863 4.9146583178080609 49.142210615900694 226.37997066137905 19.807602083274105 2.0274261071317587
leaf_count=366914 28675 117 734 112 351 5545 196 427 396 1440 4107 139 70 43866 4006 73587 4772 81 120 905 11112 13 6535 184 123 571 42 861 177 2506 803 140 216 303 146 36181 146 13948 1005 341 683 103 56173 15972 218 377 240 2324 267 153 466 589 265 7084 370 30176 123 341 11132 44230 2013 473
internal_value=-0.000756698 5.45407e-05 0.000241398 0.0868705 0.390811 0.0212167 -0.00100112 0.176188 0.120688 0.000140607 -0.0284344 0.0484558 0.000371467 -0.0356197 -0.0414477 0.00053133 -0.0313881 0.0450242 0.000700533 -0.0011604 -0.0152866 -0.00686153 -0.00839574 0.00120865 0.0327371 0.0732838 0.209295 0.0496866 1.88763e-05 0.00686717 0.113798 0.0151841 0.00200797 -0.00311982 0.073332 0.000492291 -0.00599104 -0.000630891 0.013304 0.0537273 0.0867282 0.137939 -0.0240602 0.00356606 0.0139221 0.017262 0.0218019 0.0172105 -0.0180759 0.0736316 0.02215 -0.00175296 0.0296799 0.00537903 0.0134147 0.0209502 0.160986 -0.00794382 -0.0343328 0.00387619 0.00721114 0.00534669
internal_weight=2248.08 2204.14 2191.08 2.5463 0.452319 2.09398 2.02406 0.438924 0.292199 2188.53 17.5396 3.02733 2170.99 9.60028 43.9429 2161.39 11.397 2.51324 2149.99 1355.61 194.692 134.983 133.7 1160.91 25.7912 11.3634 1.68002 9.68341 99.3089 82.7061 3.595 2.28304 79.1111 72.7032 4.31518 1135.12 365.08 281.557 110.026 18.0349 11.6759 5.66712 83.5227 770.042 188.197 177.05 156.894 144.004 20.1566 3.82446 128.704 31.8772 19.7381 91.9907 73.5799 62.4237 1.39556 68.388 59.7096 794.386 568.006 548.199
internal_count=785685 414765 386090 7144 864 6280 6168 623 513 378946 4980 873 373966 43936 370920 330030 6293 1521 323737 203434 33544 22292 22279 169890 2502 1597 613 984 15744 4632 1120 943 3512 3296 449 167388 146486 90167 53986 2285 1280 597 56319 20902 4930 4746 4261 3884 485 494 3644 1320 854 51701 37753 30669 493 2847 11252 120303 76073 74060
is_linear=0
shrinkage=0.05


Tree=84
num_leaves=63
num_cat=0
split_feature=38 48 49 49 16 45 49 36 0 43 5 34 33 39 35 47 0 36 51 50 11 39 51 37 4 22 49 44 29 5 44 46 28 29 36 22 49 49 50 23 26 29 44 45 47 50 16 21 13 50 43 47 46 48 53 45 47 50 13 44 22 47
split_gain=27.9917 5.21125 4.89324 6.63022 17.8024 50.2481 8.49928 12.3321 6.60604 6.06328 5.95796 14.4977 10.6673 9.21571 8.70219 8.15637 7.56357 6.85145 8.24536 12.5399 11.993 11.8372 8.7991 13.6513 9.15679 7.96052 15.2962 12.208 10.5158 10.1742 8.20402 7.85551 6.98094 8.80921 9.24609 15.9472 11.4824 16.6787 13.4869 10.0014 8.94228 11.2308 11.8336 9.81502 12.2555 8.59388 7.95003 7.14076 9.70012 9.55028 9.49691 8.50808 7.01319 13.7543 6.70094 6.44748 6.83834 7.84276 6.38953 10.393 7.93179 6.32261
threshold=-41.294120788574212 -0.72268652915954579 291.06811523437506 289.42092895507818 -45.844444274902337 -0.40313529968261713 289.49255371093756 244.41175842285159 226.5091247558594 -0.12328338623046874 218.3474044799805 26.154821395874027 34.247840881347663 -2.0842412710189815 2.7648675441741948 4.1753752231597909 265.10362243652349 215.58823394775393 22.941861152648929 27.806752204895023 223.49978637695315 -26.570807456970211 31.095352172851566 221.60130310058597 213.36898040771487 -11.554383277893065 276.47534179687506 -1.9952945709228513 3.5391874313354497 216.1795349121094 -1.6920089721679685 2.3080806732177739 1.8723430633544924 5.1821250915527353 212.64705657958987 -3.9944534301757808 259.93206787109381 272.63078308105474 43.324432373046882 -2.0248390436172481 12.130685806274416 17.05646896362305 0.88202476501464855 2.5002574920654301 -0.82595366239547718 222.99001312255862 1.0000000180025095e-35 1.0000000180025095e-35 1.0000000180025095e-35 9.2810921669006365 0.84713745117187511 -1.0602941513061521 0.44727087020874029 0.91453474760055553 357.91667175292974 0.52656745910644542 -0.40792030096054072 8.5983757972717303 1.0000000180025095e-35 0.026344299316406253 -4.6827046871185294 6.3749313354492196
decision_type=2 2 2 2 2 2 2 2 2 2 2 2 2 2 2 2 2 2 2 2 2 2 2 2 2 2 2 2 2 2 2 2 2 2 2 2 2 2 2 2 2 2 2 2 2 2 2 2 2 2 2 2 2 2 2 2 2 2 2 2 2 2
left_child=-1 -2 3 10 5 9 7 -6 -8 -5 14 15 -13 16 -3 -12 -14 25 20 31 -19 -22 -21 -24 -25 26 28 29 -16 -27 -29 -20 -32 34 36 -36 -34 38 46 -37 43 42 58 55 -45 47 -38 48 52 -49 -51 -52 53 -43 61 56 -35 -58 59 60 -42 -54
right_child=1 2 -4 4 6 -7 8 -9 -10 -11 11 12 13 -15 17 -17 -18 18 19 22 21 -23 23 24 -26 27 -28 30 -30 -31 32 -33 33 40 35 39 37 -39 -40 -41 41 45 -44 44 -46 -47 -48 49 -50 50 51 -53 54 -55 -56 -57 57 -59 -60 -61 -62 -63
leaf_value=-0.045470962007105618 -0.033016391569590818 -0.046315472734664909 -0.033817102818080431 0.42679614494766149 0.19513440316492828 1.7673605208176504 0.22159346236903815 -0.013924769631366513 0.0060332897409841706 -0.050032142599330365 -0.0010432108897036965 -0.036829983526540939 -0.00057580957023478652 0.21754063981858773 -0.072388584884958113 -0.028491725778733393 0.23711798648516991 -0.0044820880979815018 -0.012383123197018715 -0.036680417371486439 -0.0015119379262472769 0.037780843357511418 0.065888150796737363 0.027682650972295608 -0.025771512763432564 0.078738279378064421 0.028623101504560738 -0.037154077892541292 -0.016847062618332822 0.0091343521738697555 -0.030463396680978229 0.067852808187099461 0.055767124054305721 0.0069240776234984064 0.039076608149291224 -0.043840218295123884 -0.042684887787430174 0.048524265757066115 0.028682316404145747 0.008502684230978377 -0.014713191205325833 -0.023238371833912627 -0.016144173833764579 -0.022953558344364834 0.069808739877107673 0.030842348592894114 0.00074730229075397041 0.035051763756501562 -0.025367821789136491 0.01695017128554754 0.0066859999969960393 -0.032647391062126906 0.0098223457435027035 0.024346854829928374 -0.032014334435481087 -0.048371980397740308 0.0079705176323306114 -0.041610764357263054 0.0034473939948876037 0.069196068411602016 0.040783729872075181 -0.033141726052058083
leaf_weight=35.309721813580836 12.327548685352665 9.2578737294534204 10.910922407798351 0.10349375182704534 1.5758062539389386 0.055021266256519819 0.36153003014624374 1.2770992915757231 21.03746279481129 0.18736909822473535 942.87235665022308 49.26247135779704 8.9278795414429588 0.55807744921184976 12.10110662691295 27.864284673582006 0.34771588645526286 42.859626368503086 4.5691854119068003 22.591847073403187 26.190990397881251 71.476181554200593 6.9690473941154769 11.325495832483282 27.38050577690592 9.1579869649140164 13.201769030652938 14.115181300963739 28.814278833684511 12.303743795724586 16.940703545231372 9.1782109119230864 18.861001622164622 23.760731951217167 14.625974952825343 22.301939652068537 17.225884748622775 24.686197364702821 27.037286448292434 15.447192400693895 10.28724627767224 73.815113644348457 18.548086203401908 7.1397360756527632 7.102893043367656 19.858634600415826 27.130805190186948 24.720851943828166 57.922807654598728 46.877611450385302 26.563809703569859 28.497241769917309 131.50778485025512 19.119009936694056 11.923714251490308 17.701748136430979 11.255017921328543 27.374612422543578 17.234078229404986 17.635231106774881 17.208167877630331 9.159400277072562
leaf_count=336397 10446 153 10155 7 51 163 9 1172 12154 1055 347597 21332 5328 47 112 14991 317 2065 224 1103 1104 3082 263 354 1923 237 125 297 768 234 149 366 199 414 195 324 270 239 330 293 297 1623 214 227 170 234 276 168 531 412 190 226 2847 367 378 397 140 596 107 242 267 160
internal_value=-0.00130442 -0.000598327 -0.000416369 -0.00024961 0.0255628 0.381743 0.0204829 0.101549 0.00967512 0.119631 -0.00054345 -0.00329484 -0.0273389 0.0202075 0.00196192 -0.0018311 0.00833466 0.00236037 0.0102152 -0.00238289 0.0175677 0.0272439 -0.0111565 0.00146821 -0.0101307 0.000416318 -0.0181743 0.00160687 -0.033274 0.0388352 0.000636739 0.041185 0.00129572 0.00197458 0.0121646 -0.00524764 0.0200988 0.013097 0.000847158 -0.0224212 -0.000752418 0.00176826 0.0189181 -0.0149378 0.0233076 -0.00131561 -0.0161196 -0.00280038 -0.00696266 0.00717149 0.000410331 -0.0136713 -0.00262062 -0.0134488 0.0039742 -0.0217389 -0.0141825 -0.0271649 0.029346 0.0392359 0.0200199 0.00702478
internal_weight=2243.94 2208.63 2196.31 2185.39 24.5978 0.345884 24.2519 2.85291 21.399 0.290863 2160.8 1029.83 59.0961 9.83367 1130.96 970.737 9.2756 1121.71 222.541 82.0143 140.527 97.6672 68.2669 45.675 38.706 899.165 54.1172 845.047 40.9154 21.4617 823.586 13.7474 809.471 792.53 167.316 52.3751 114.941 96.0802 71.394 37.7491 625.214 530.879 80.9128 94.3347 14.2426 449.966 44.3567 430.107 303.448 126.66 101.939 55.0611 245.525 92.9341 152.591 80.0921 62.3904 38.6296 62.3647 45.1306 27.4954 140.667
internal_count=786113 449716 439270 429115 14611 1225 13386 1223 12163 1062 414504 389612 27024 5692 24892 362588 5645 24739 10484 4233 6251 4186 3643 2540 2277 14255 1005 13250 880 471 12779 590 12482 12333 2126 812 1314 1115 876 617 10207 8263 1127 1944 397 7136 546 6902 5906 996 828 416 5375 1990 3385 1547 1150 736 913 806 564 3007
is_linear=0
shrinkage=0.05


Tree=85
num_leaves=63
num_cat=0
split_feature=36 44 48 52 19 19 0 51 52 28 51 27 44 42 40 36 35 38 46 5 4 23 36 13 48 53 39 47 43 49 35 27 48 42 42 54 40 36 35 48 54 41 42 44 3 52 49 17 5 52 46 25 15 48 28 36 48 51 41 51 51 38
split_gain=23.7743 5.4755 4.73331 6.15424 4.65704 4.79921 10.3697 7.57934 9.17832 9.16166 3.83112 3.576 14.4095 4.51402 4.46502 11.7138 10.47 9.76416 20.7174 16.3322 14.6763 12.7257 10.9034 10.3566 8.52933 14.4205 11.7959 11.2577 9.79592 9.76661 9.70033 19.9352 16.5953 13.2406 32.2752 11.1716 14.3019 14.4979 13.716 20.0432 12.2915 12.1804 15.0519 13.514 8.76174 8.7224 8.53998 9.15576 9.914 22.7357 9.12055 8.4474 20.1837 8.17072 13.7993 7.39398 7.27233 10.6597 8.28384 6.98891 11.9821 15.655
threshold=285.00000000000006 -22.628883361816403 -0.72268652915954579 0.70361298322677623 -54.821193695068352 -53.815469741821282 285.31065368652349 50.025959014892585 0.70361298322677623 5.1644945144653329 2.0536420345306401 -2.3887829780578609 11.704051971435549 36.454452514648445 1.2156753540039065 266.76470947265631 -1.8744184374809263 -1.2941207885742185 2.1316232681274419 216.1795349121094 215.16939544677737 -5.0849182605743399 214.41176605224612 -2.9187774658203121 -0.071447014808654771 159.41666412353518 -23.175021171569821 2.6617431640625004 -2.0842819213867183 276.13734436035162 10.058041572570803 7.6701583862304696 -0.22493761777877805 2.1036148071289067 0.70817565917968761 0.12940952181816109 2.9215698242187504 203.23529815673831 5.9736292362213144 -0.2346743047237396 0.37940952181816107 8.5059318542480487 0.73348236083984386 0.080665588378906264 214.27725219726565 6.6951441764831552 274.91055297851568 -2.2101402282714839 241.65325927734378 29.604763031005863 2.8155307769775395 4.6908025741577157 -1.3968391418457029 -0.48176059126853937 4.2772884368896493 194.41176605224612 -0.47858285903930659 7.8945353031158456 4.6758625507354745 6.3059055805206308 4.4333763122558603 -2.4117660522460933
decision_type=2 2 2 2 2 2 2 2 2 2 2 2 2 2 2 2 2 2 2 2 2 2 2 2 2 2 2 2 2 2 2 2 2 2 2 2 2 2 2 2 2 2 2 2 2 2 2 2 2 2 2 2 2 2 2 2 2 2 2 2 2 2
left_child=1 -1 3 -3 -4 6 -6 8 -8 -9 -10 12 13 -7 15 17 -17 21 -19 20 56 22 -13 -24 25 30 -27 28 29 -28 31 32 35 34 44 38 40 -38 39 51 45 42 -39 53 -33 -37 47 48 -30 -50 -49 -16 -53 -44 -55 -26 -20 -58 -59 60 -42 -62
right_child=-2 2 4 -5 5 11 7 9 10 -11 -12 14 -14 -15 24 16 -18 18 19 -21 -22 -23 23 -25 55 26 27 -29 46 -31 -32 33 -34 -35 -36 36 37 41 -40 -41 59 -43 43 -45 -46 -47 -48 50 49 -51 -52 52 -54 54 -56 -57 57 58 -60 -61 61 -63
leaf_value=-0.041778269318282359 -0.050006384111882907 0.14353773869577188 -0.050086346813846494 -0.037124748885082041 0.38937365479420327 -0.041818021873601563 0.47571693119608227 -0.050164038679009697 0.16972005592719167 0.34951924507852411 -0.050086367452929263 0.05003969125481416 0.23320444049448696 0.19782542096697536 -0.01983226051450708 0.51859529473623922 -0.027973121358842518 -0.041832900199981177 0.034191308339644143 -0.024071027816125169 0.043321243854067409 0.054075987858732549 0.0083508004860834689 -0.04077118127267957 0.053315977573801021 -0.037574802111308724 -0.020548393169176143 0.082536096002403359 -0.002103554325025187 0.056567960335563251 -0.034542165708366303 0.14069977313481105 -0.043522642909966047 0.0022668160199534565 0.39436425855294788 0.12990096800537063 0.1744798921660132 -0.0084196230305421584 -0.035612300592400739 0.13421462892421157 -0.029482291827469944 -0.0067250325949057546 -0.004110566625787411 0.27151300782464444 -0.021919802927127172 0.0027656179037386214 -0.023714729127698671 0.055302963098642605 0.018426712329124677 0.37123811221111547 0.0049239406984674591 0.0054901249559365988 0.22915324327882791 0.2606033544099795 0.064905249295549527 0.0009269940389059942 0.02730059444589486 0.015418726307090789 -0.023217068049729474 -0.041763191222539742 0.23370531078198553 -0.022106187528752399
leaf_weight=7.8068435499808393 24.003860218952468 0.49021092279872291 4.5681026543752514 12.276289396417267 0.22557809102727278 11.606667555126473 0.09478351072175506 0.23452286173414894 0.22130961543734917 0.36892235710547538 1.9014683845525722 15.196112580131738 0.51191335523617532 0.19988853247196026 23.838813855421908 0.087877492529517265 29.814425456308527 29.436506520723924 16.135712400311604 41.315763967810199 29.077369660022669 16.077689764555544 329.9895725657334 11.090773270116186 6.7738804668188086 15.135169856723222 40.92366287636105 5.0016386557254 37.250962724036071 4.5635820360039352 50.637430005517672 1.5926375559065475 36.292588333039021 4.1602486983465496 0.89562399784335855 2.3231706990700358 1.8152903784066463 4.5998176294597233 45.695237470121356 2.8086102583838501 4.7972176190014606 12.488668170335584 2.0363884253019959 1.0609964043251237 1.7258917804138034 3.2176027137247729 12.036948575201675 26.617321501253173 1.9977312677365255 0.59192797611467529 13.560863684164358 6.4111316810231074 1.197001646272837 1.2181294840556773 3.4577651664949371 1173.6652512278015 22.858031749259681 19.428159643895924 48.526697196182795 19.024875343224267 1.2122439075974401 1.1804656181484459
leaf_count=9487 280584 55 24292 12560 214 16258 34 863 283 176 8431 171 63 27 3449 171 82236 233 180 449 321 364 53028 256 29 11435 1966 334 3193 213 12933 31 5459 1314 198 378 15 822 7044 182 683 1969 676 51 684 1166 1064 426 690 191 262 1291 22 342 477 230937 251 250 640 3800 411 19
internal_value=-0.000512757 2.20704e-05 0.000169494 -0.0301876 0.000345593 0.000450492 0.0631619 0.0370768 -0.00567598 0.194186 -0.0271705 0.000363377 -0.0265004 -0.0377608 0.000515117 0.00414965 -0.0263669 0.0057253 -0.00298683 0.00346114 0.0118236 0.0105634 0.00859979 0.00675352 -0.000893169 -0.00728989 0.00439426 0.00885048 0.00617096 -0.0128116 -0.0151737 -0.0098158 -0.0134287 0.0655432 0.12801 -0.00553623 0.0110814 0.03807 -0.0176814 0.00623764 -0.011591 0.02811 0.0632704 0.105693 0.056125 0.0560717 0.0155507 0.0214573 0.00447278 0.0990701 0.0382991 -0.00519233 0.0406795 0.0794819 0.115887 0.00122763 0.00325997 -0.00223594 -0.0121712 -0.0258923 0.016103 0.107498
internal_weight=2245.35 2221.35 2213.54 12.7665 2200.77 2196.21 3.04658 2.82101 2.21756 0.603445 2.12278 2193.16 12.3185 11.8066 2180.84 609.035 29.9023 579.132 206.778 177.342 136.026 372.354 356.276 341.08 1571.81 391.368 157.68 142.545 137.543 45.4872 233.688 183.05 174.676 8.3744 4.21415 138.383 58.4326 26.6771 79.9508 34.2556 31.7556 24.8618 12.3731 7.77328 3.31853 5.54077 92.0558 80.0188 39.8406 2.58966 40.1782 31.4469 7.60813 6.71228 4.67589 1180.44 106.949 90.8129 67.9549 26.2148 7.18993 2.39271
internal_count=786033 505449 495962 12615 483347 459055 10001 9787 8748 1039 8714 449054 16348 16285 432706 138550 82407 56143 2324 2091 1642 53819 53455 53284 294156 63190 19774 8339 8005 2179 43416 30483 28256 2227 913 22797 10809 4352 11988 4944 6457 4337 2368 1546 715 1544 5826 4762 4074 881 688 4762 1313 1495 819 230966 1321 1141 890 4913 1113 430
is_linear=0
shrinkage=0.05


Tree=86
num_leaves=63
num_cat=0
split_feature=2 48 48 41 42 49 33 53 0 29 48 29 27 33 49 15 49 29 37 19 21 43 42 30 15 40 19 50 12 12 47 54 12 17 5 49 53 53 10 27 7 34 40 53 39 50 16 23 48 48 11 40 27 33 47 50 49 47 11 5 44 50
split_gain=21.7244 6.42286 5.70883 12.5347 14.948 12.6001 16.2411 16.6604 11.4273 11.0481 13.0134 10.5702 14.1946 9.9799 14.6876 36.3283 33.1966 9.0136 13.1437 8.27243 16.5847 7.98837 17.294 14.2462 10.5168 8.17758 14.9297 12.6097 10.5 14.5969 10.1748 9.91167 17.4078 9.44556 8.5994 8.08522 13.3074 8.20843 9.18527 14.4972 8.03312 8.17602 8.02354 7.9396 7.92647 7.92288 7.84829 7.78069 7.38009 11.6489 7.32471 7.12915 7.5631 8.07617 9.2719 17.8352 8.38168 7.00087 6.95783 7.43582 6.98744 11.3686
threshold=288.20547485351568 -0.72268652915954579 -0.51488128304481495 7.2805666923522958 -0.92143249511718739 273.45858764648443 0.84603282809257518 18.433333396911625 279.09751892089849 12.163876533508303 -0.51876229047775257 1.1582479476928713 0.58436918258667003 -1.0000000180025095e-35 282.57420349121099 -35.545833587646477 280.56040954589849 -0.73326015472412098 245.6899108886719 -29.041707992553707 -32.452798843383782 4.2317657470703134 4.5380172729492196 42.279247283935554 -0.98665618896484364 13.333320617675783 -16.051403045654293 38.954080581665046 -14.121276855468748 -9.9638519287109357 1.1138217449188235 0.78656607866287243 -3.4589500427246089 -3.1217651367187496 236.061637878418 255.95982360839847 23.166666984558109 525.10415649414074 254.26220703125003 3.0714864730834965 230.51001739501956 8.3643908500671404 -3.5686187744140621 -24.833333015441891 -18.479304313659664 18.953469276428226 -9.1337013244628888 -15.753283977508543 0.48329061269760137 0.6928243637084962 265.93986511230474 -2.4902038574218746 6.3255643844604501 5.1746230125427255 0.51882392168045055 42.999288558959968 271.22605895996099 -10.195446014404295 259.80537414550787 225.14548492431643 -1.7782135009765623 21.337301254272464
decision_type=2 2 2 2 2 2 2 2 2 2 2 2 2 2 2 2 2 2 2 2 2 2 2 2 2 2 2 2 2 2 2 2 2 2 2 2 2 2 2 2 2 2 2 2 2 2 2 2 2 2 2 2 2 2 2 2 2 2 2 2 2 2
left_child=1 -1 3 5 9 8 13 11 51 10 45 12 -8 -7 15 16 -15 18 -4 20 43 22 -19 24 25 26 33 28 34 30 -30 57 -33 58 -28 36 47 38 48 -40 -31 -42 -37 -14 -20 -5 -16 -23 -38 -50 -46 -3 53 54 56 -56 -53 -27 59 -24 -60 -62
right_child=-2 2 17 4 -6 6 7 -9 -10 -11 -12 -13 19 14 46 -17 -18 21 44 -21 -22 35 23 -25 -26 31 27 -29 29 40 -32 32 -34 -35 -36 42 37 -39 39 -41 41 -43 -44 -45 50 -47 -48 -49 49 -51 -52 52 -54 -55 55 -57 -58 -59 60 -61 61 -63
leaf_value=-0.036119002753930735 -0.046052194088744641 0.076031229016470747 -0.057334975026194883 0.053726883024760655 -0.02558958761772779 -0.0090532929462569921 -0.027485259595354167 -0.048302105627579174 -0.036537857274236252 0.13961390062606402 0.12777389871628708 -0.055981080586402623 0.28766675565602806 -0.05016357159096594 -0.025158339699208904 0.076648202032517432 0.71988911567494318 -0.00024700364346511575 -0.013208874762299681 0.072612602765978501 0.43711518972548086 0.073971312440215098 0.069224765433811591 0.077599787541198839 -0.012781918354680703 0.11104345208219185 0.18536996587061519 0.016469848555080272 -0.027829730194429709 0.044786158528072523 0.079975623456558592 -0.050830823439794774 0.21642321705952436 -0.045356401916406781 0.062098303435245056 -0.076585559848640641 -0.021996309119987387 0.0363015174453424 0.102112041766779 -0.05158676713293299 0.058894453853906403 0.15534991541453666 -0.0095900416209250446 -0.050401911632726983 0.0007346850416890629 -0.026138570609207074 0.16214887101121922 0.017912136723819447 0.059735051106905128 -0.021117717399843541 0.074047361975677947 -0.0048344306769375458 0.10626625151761467 -0.010079264385315395 0.029148336559373007 0.16651012720202873 0.039377656185333496 -0.018582344318089215 0.013962813354215863 -0.016865264637135662 -0.054460897968351643 0.091018438426287374
leaf_weight=11.852555610683337 25.249751738541818 8.7820996740192623 15.021148898173122 4.4280094842833977 43.507547041757789 6.3059115163487158 1.7396053535194393 21.357386702897202 6.2765310000759191 1.9716555213672098 2.2101870953483749 1.8881724413586196 0.28716293248726243 0.20252879409963487 3.336848211758479 3.5276468915399128 0.45299870581220603 1205.1419552944935 81.223230866962695 1.47396672287141 0.60805660422192909 8.2711199240875413 2.7535480812657651 8.3149418008688354 39.509487977949902 1.0763568769034453 2.5884450296289279 43.906791510031326 8.7343002738780324 14.417832205712331 2.9205574776860876 1.1569854307454082 1.2871698923408974 7.7212519663735284 3.1200910385232419 4.5499163906642925 64.995873786625452 10.924419069830035 4.2693196508116662 2.3947779748414177 4.5556845446117205 4.2433671581675299 251.43309108140966 0.43943548795505194 9.7426259089843352 10.39567425084533 0.67185076908208419 24.595459707314149 7.890531258366539 10.231361473328432 5.2391259587602681 16.639640224544564 2.9894831400015383 13.269738433038581 7.0028965448291256 3.5666889026033459 30.131974696138059 32.275049575247976 91.97309136257536 28.15050284640165 1.6814319745317314 6.6701163360412465
leaf_count=13019 296070 339 488 490 7139 8817 721 11301 2891 218 144 1259 56 758 3896 193 297 216442 53596 109 29 440 162 210 305 130 215 2384 884 272 249 388 33 329 328 55 1356 276 127 637 138 387 66728 754 489 1116 12 477 244 406 104 1848 265 1885 645 340 1584 9775 62973 7731 443 904
internal_value=6.44409e-05 0.000589363 0.000786553 0.00899039 -0.00942987 0.0177838 -0.00467247 -0.0270508 0.0284958 0.027563 0.0145932 0.0434657 0.0847505 0.0382292 0.0746261 0.140166 0.481977 -1.90231e-06 -0.0138367 0.154267 0.244445 0.000807241 0.002452 0.0130451 0.0112483 0.0149108 0.0184652 0.0350402 0.0551328 0.0448423 -0.000815095 -0.00727634 0.0899137 0.00838701 0.117994 -0.00557747 0.00439442 -0.00462144 -0.00960084 0.0468796 0.0677623 0.10541 -0.0107808 0.0832081 -0.00704502 -0.00228182 0.00623401 0.0320198 -0.0141292 0.0140867 0.0263722 0.0334506 0.0283698 0.0250718 0.0332064 0.0755008 0.0236486 -0.0143989 0.0115492 -0.00919465 0.0179391 0.0617288
internal_weight=2243.55 2218.3 2206.44 193.464 62.5131 130.951 42.2916 27.7938 88.6591 19.0055 17.0339 6.4364 4.54823 14.4978 8.19187 4.18317 0.655527 2012.98 111.226 2.80862 1.33466 1901.75 1512.2 307.057 298.742 259.233 223.437 84.4871 40.5803 34.8717 11.6549 35.7956 2.44416 138.95 5.70854 389.556 133.573 100.706 89.7819 6.6641 23.2169 8.79905 255.983 0.726598 96.205 14.8237 4.0087 32.8666 83.1178 18.1219 14.9818 82.3825 73.6004 70.6109 57.3412 10.5696 46.7716 33.3514 131.229 30.9041 100.325 8.35155
internal_count=786300 490230 477211 47106 9107 37999 28202 14229 9797 1968 1750 2928 1669 13973 5156 1248 1055 430105 54677 948 839 375428 304682 88240 88030 87725 77399 4857 2473 1930 1133 10326 421 72542 543 70746 3963 3046 2770 764 797 525 66783 810 54189 1606 3908 917 2006 650 593 6906 6567 6302 4417 985 3432 9905 72213 7893 64320 1347
is_linear=0
shrinkage=0.05


Tree=87
num_leaves=63
num_cat=0
split_feature=36 36 38 44 48 44 24 54 41 29 53 50 46 23 48 36 36 50 45 1 50 53 40 17 46 29 54 45 54 10 28 46 8 47 17 53 24 55 41 37 40 54 48 48 36 17 36 48 46 48 48 48 12 48 5 17 15 48 46 4 11 40
split_gain=23.8075 8.0799 6.17542 13.4314 10.5809 10.3295 9.84353 7.66558 10.8407 11.3258 8.14089 11.8222 9.94729 8.5435 8.39577 28.1309 7.20355 6.82505 8.00289 6.57391 7.13736 11.4108 19.4405 7.62821 6.46798 6.46465 6.07882 5.82848 9.89371 7.5612 11.6148 12.6241 8.97919 11.9196 16.7297 10.0507 9.20386 7.07638 13.3222 13.0467 12.1626 50.9427 10.7978 12.0909 14.5208 9.90171 9.81902 9.47236 10.5842 11.4257 17.0012 15.9354 12.4047 10.3162 9.48589 21.0008 71.6973 9.37199 9.24134 15.51 10.5355 9.42178
threshold=281.47059631347662 199.11765289306643 0.64705657958984386 -0.75073242187499989 -0.4372642040252685 -0.59937286376953114 30.147041320800785 0.91597560048103344 36.865652084350593 25.891773223876957 267.77082824707037 18.953469276428226 -5.9803237915039054 -2.0248390436172481 -0.16959729790687558 216.76470184326175 212.64705657958987 36.706110000610359 0.10239124298095705 220.06324005126956 4.1289961338043222 -1.6249999999999998 1.3137207031250002 -0.70683670043945301 1.9445066452026369 14.142182350158693 0.78656607866287243 8.0021529197692889 -1.0000000180025095e-35 241.50628662109378 2.1745872497558598 2.3080806732177739 229.70471191406253 3.507806777954102 -2.2101402282714839 479.34524536132818 27.241577148437504 0.60355338454246532 8.3977231979370135 221.60130310058597 4.9607849121093759 0.37940952181816107 -0.32840815186500544 -0.4372642040252685 213.23529815673831 -29.824495315551754 207.94117736816409 -0.3497984111309051 0.72637939453125011 0.8994269371032716 0.8446832299232484 0.92611247301101696 -45.618408203124993 0.78795313835144054 286.32243347167974 -44.833559036254876 -45.137376785278313 -0.3452687263488769 2.425108909606934 217.90249633789065 223.49978637695315 2.4902038574218754
decision_type=2 2 2 2 2 2 2 2 2 2 2 2 2 2 2 2 2 2 2 2 2 2 2 2 2 2 2 2 2 2 2 2 2 2 2 2 2 2 2 2 2 2 2 2 2 2 2 2 2 2 2 2 2 2 2 2 2 2 2 2 2 2
left_child=1 26 7 6 -5 -6 -4 27 9 10 12 -12 -9 19 15 -13 -16 18 -7 -14 21 22 -21 -22 -19 -23 -1 37 -29 32 31 -31 36 34 35 -34 -30 47 39 42 45 -42 43 -39 -45 -41 -47 -3 54 50 52 -51 -50 57 -49 -56 -57 -54 60 -60 -48 -62
right_child=-2 2 3 4 5 17 -8 8 -10 -11 11 14 13 -15 16 -17 -18 24 -20 20 23 25 -24 -25 -26 -27 -28 28 29 30 -32 -33 33 -35 -36 -37 -38 38 -40 40 41 -43 -44 44 -46 46 58 48 49 51 -52 -53 53 -55 55 56 -58 -59 59 -61 61 -63
leaf_value=-0.025099046483848003 -0.043591353137569268 -0.03492721020323962 0.0097225682356131063 0.057100231630275528 0.053074199679053163 0.012194222039735038 -0.038442049574080213 0.12078309009059224 0.072571371803987636 -0.055151075827735624 0.13384647177542683 0.27111629695240341 -0.05549056263166359 0.0069210202216979369 -0.034740124605097782 -0.050786046321451964 0.00976244652759585 0.044476601359398342 -0.033050303416781369 0.27637212212307627 -0.031482339909686727 -0.041041961185417516 -0.050829515802766526 0.01490482278771273 0.0015486837991668754 0.15570320732149023 -0.0022610801098728334 -0.017750031643785771 -0.012312619877069601 -0.011702644396679208 -0.044050456464213052 0.091280885712322735 -0.024257110301741769 -0.019809385648055337 0.14385269398846443 0.1607766917857332 0.040687746784711765 -0.026159310410897453 -0.021622785265338736 -0.031840467574771811 -0.051650506072543505 0.43655780789154008 -0.0501796114090617 0.045055974623737553 -0.025076840580667351 -0.058231156798698759 -0.036927700800987305 -0.0022709650117990836 -0.033255287704292175 -0.037775823203797847 0.047434877308251487 0.0056735472202695796 0.12710850859530207 -0.0069336417435738335 0.017408377039946379 1.7437778522883474 -0.050091148329189622 0.013560058819042736 0.060584186604705825 0.0098863327841400145 0.0074807727298244683 -0.022762459607914589
leaf_weight=55.027634393423796 32.092188998489291 15.195387001920606 22.17346429079771 16.243094553705305 13.713333426974712 21.434947513975203 20.337912212940864 1.3172323804901669 3.8911926799919447 13.888969870575236 1.8012969762785349 1.1948860769625747 14.881802994757889 27.155853715026751 12.091691125417126 1.5710618267112293 36.668961819777905 16.654407645808533 17.965047749690711 1.063493837995338 52.241756640556552 3.1996677131901374 0.7920516974700148 10.673454212315852 18.545729069039226 0.48017708098632272 61.927411869168282 105.02978577234899 25.900105496169999 10.364804511104014 15.812476121849611 4.1742813948949324 3.6905679941992249 4.1175496893993104 5.1227818791521722 0.91606504982337345 11.980203578306826 39.201271860743873 80.043486685171956 18.837265846559603 1.5433806244691362 0.81728392252989568 19.185164463240653 17.733279336942363 12.642212233506141 5.9865869884379199 16.656057143351063 369.03171764496801 16.350744345130806 28.94024506178539 31.540598421190225 77.921263395721326 1.8254526480450284 68.308107322140131 0.72413860100641614 0.083596801930980291 0.16692023658106236 403.29184985101165 18.599277669331059 79.86438324466144 230.13104152751475 28.997211269452237
leaf_count=242 351153 6135 175 221 172 343 248 80 54 616 333 36 560 499 162 1319 9974 191 233 358 38297 2016 373 292 299 119 348 15466 675 786 7847 322 971 686 154 68 447 652 23927 51620 397 194 215 279 232 46 389 71207 28020 13894 7331 18418 86 15256 3943 192 467 64602 309 9647 27391 5180
internal_value=-0.000834322 -0.000215577 0.000496541 0.0103771 0.0200121 0.0131906 -0.0133199 -0.000247261 -0.00999207 -0.0117866 -0.00813937 0.00793533 -0.0158065 -0.0174349 0.00353365 0.0882754 -0.00127332 0.00585904 -0.00843573 -0.0253719 -0.0188238 0.0356081 0.136704 -0.0236128 0.0218594 -0.015369 -0.0130064 0.000759363 -0.00758609 0.00541989 -0.0143917 0.0178647 0.0170446 0.0515 0.0816786 0.0125383 0.00444952 0.0017454 -0.00271022 0.000377996 0.00421369 0.117372 -0.0169692 -0.00781173 0.0158669 0.00354431 0.00529732 0.00425262 0.00484906 0.00880051 0.0118535 -0.00609342 0.00956216 0.011041 -0.00185953 0.15392 0.548518 0.0140717 0.00631354 0.0194629 0.0016188 0.00409647
internal_weight=2249.76 2217.66 2100.71 147.068 104.557 88.3135 42.5114 1953.64 182.914 179.022 165.133 53.3279 111.805 110.488 51.5266 2.76595 48.7607 74.6001 39.4 83.3324 68.4506 5.53539 1.85555 62.9152 35.2001 3.67984 116.955 1770.73 187.109 82.0788 30.3516 14.5391 51.7273 13.847 9.72941 4.60663 37.8803 1583.62 570.238 490.194 401.432 2.36066 88.7619 69.5768 30.3755 399.072 380.235 1013.38 998.185 628.178 521.317 106.862 489.776 473.425 370.006 0.974656 0.250517 405.117 374.248 98.4637 275.784 259.128
internal_count=786164 435011 434421 1882 1459 1238 423 432539 55088 55034 54418 11824 42594 42514 11491 1355 10136 1066 576 42015 41455 2866 731 38589 490 2135 590 377451 27422 11956 8955 1108 3001 1879 1193 1039 1122 350029 120478 96551 95173 591 1378 1163 511 94582 42962 229551 223416 147607 115295 32312 107964 79944 75809 4602 659 64688 42916 9956 32960 32571
is_linear=0
shrinkage=0.05


Tree=88
num_leaves=63
num_cat=0
split_feature=36 27 53 49 55 41 43 45 43 48 48 53 49 53 48 16 55 53 43 47 23 40 40 53 31 40 49 49 14 19 25 17 27 23 40 50 41 49 49 50 43 45 27 50 48 53 24 55 48 49 53 53 24 5 47 45 50 40 35 23 47 51
split_gain=22.0291 7.89224 5.42057 8.95117 9.82537 8.99092 7.88237 8.42216 7.0802 6.37065 6.12904 6.12688 9.39595 7.24874 9.72739 7.26282 7.45269 10.3245 7.67995 8.43079 7.30068 6.81789 6.91888 6.47467 7.83906 7.82406 9.14163 21.0342 6.95037 7.11507 6.30297 10.2134 9.84079 13.7102 19.7634 45.4478 9.89279 9.02966 8.26414 7.50328 7.40387 6.75879 7.31406 8.68151 6.74806 9.45251 9.65902 9.08282 12.8008 11.5387 9.25129 11.7649 6.67927 6.21503 6.20029 6.05285 6.26008 7.83501 7.78249 7.1461 10.2177 5.89612
threshold=284.41175842285162 -2.6178026199340816 1089.1666564941409 278.19204711914068 -0.6035533845424651 32.560398101806648 -1.9758911132812498 -2.939740657806396 3.7531433105468754 -0.31937581300735468 -0.72268652915954579 719.16668701171886 267.78880310058599 525.10415649414074 -0.66743496060371388 1.0000000180025095e-35 -0.91597560048103321 547.66665649414074 7.3646163940429696 0.073668956756591811 -18.475384712219235 0.17646789550781253 0.27452087402343756 605.97219848632824 3.6286973953247075 20.549034118652347 260.66418457031256 257.70365905761724 -37.263027191162102 -41.81773376464843 0.16200160980224612 -15.929212570190428 -0.75206470489501942 -47.980554580688469 -2.3529586791992183 31.999527931213382 0.40087740123271948 271.42791748046881 265.41934204101568 129.50785064697268 7.0377502441406259 -1.3907718658447263 0.034728527069091804 116.87361907958986 -0.50708106160163868 35.250000000000007 -0.42258262634277338 0.78656607866287243 -0.38575345277786249 264.55642700195318 19.250000000000004 10.500000000000002 0.34212017059326177 209.49958801269534 0.17361402511596682 -2.939740657806396 138.34800720214847 -2.3529586791992183 0.91133442521095287 -40.173328399658196 2.5512099266052251 77.397277832031264
decision_type=2 2 2 2 2 2 2 2 2 2 2 2 2 2 2 2 2 2 2 2 2 2 2 2 2 2 2 2 2 2 2 2 2 2 2 2 2 2 2 2 2 2 2 2 2 2 2 2 2 2 2 2 2 2 2 2 2 2 2 2 2 2
left_child=1 -1 10 4 -4 6 -6 -8 9 -9 -3 13 -13 30 -15 16 17 -16 23 20 -20 -14 -23 24 -18 26 27 -26 29 -28 32 38 44 34 35 -34 -36 -35 -32 -33 41 52 43 -43 45 -12 54 48 49 -46 51 -51 -39 -30 -47 -40 -57 -58 -59 60 -60 -41
right_child=-2 2 3 -5 5 -7 7 8 -10 -11 11 12 21 14 15 -17 18 -19 19 -21 -22 22 -24 -25 25 -27 28 -29 53 -31 31 39 33 37 36 -37 -38 40 55 61 -42 42 -44 -45 47 46 -48 -49 -50 50 -52 -53 -54 -55 -56 56 57 58 59 -61 -62 -63
leaf_value=-0.048840533975528858 -0.05000802733417227 -0.038659089380940981 0.049163824224569157 -0.033646613360390744 -0.031731786167278758 -0.063656529291920297 -0.040193282619730576 -0.033178573906176907 0.092483735759658056 0.040369295267052727 -0.027971186430643377 -0.0391489330629885 -0.036386704654147374 0.1372284909283395 0.15449810790659807 -0.02970313717540702 -0.055807884177359768 0.026273799860543418 -0.039395857539711976 0.1193492740875834 0.0609806285917385 0.18611693885266653 0.013986057730107068 -0.013152132318784227 0.0012340252586102796 -0.041794886366961992 0.04810763081730083 0.21882086206791854 0.11077023782344914 0.25305170668884697 -0.047011859919978152 0.00078968872829084092 2.0041763034993525 -0.032874673223690198 0.44855233167715164 -0.050483029998280152 0.036122095829422628 0.064547380199117696 -0.031213750977276196 -0.0096176893249339465 -0.042415826620459229 0.008361755590165677 0.2155710363089591 0.1414309573350627 0.24882474383876874 0.091942349566252246 0.0014698226345461333 -0.045773929827831343 -0.013278009232898009 0.043874491251508718 0.011388127029244702 0.44687102429093017 0.18658111558560547 -0.0015527524463659925 -0.020495122359472307 -0.0077959679098564289 0.29197173431171358 0.27775194798752734 0.044089655038866644 -0.031450065472723637 0.38823614034375542 -0.049991512770527186
leaf_weight=8.3023170370506687 22.4068597678488 10.435665585813693 20.306128393080144 8.5520390891761036 7.1942154917414838 4.1263505690731099 3.9163065091852323 3.7675274857247159 4.8861151967794276 13.474942290180488 6.6596940595190999 25.160553313042328 7.6725955504080074 1.5948691659941676 2.2594967927725511 9.0182718809228373 2.816770737408663 5.1436988544010092 2.9523477130933315 3.1549372109875549 4.687919987132771 0.60284411135217197 18.472529835191381 26.160909028134483 2.2733262383553727 3.0181494443386319 1.3446548815263666 2.1718287312760367 1.3902200434822507 0.61819379750523396 16.357344637086499 1693.4514581334442 0.048672470620658714 4.0446576178728746 0.19860578754014824 0.060203688590263482 0.54271550550038228 2.9052113404395703 25.712850536998303 70.688724000443472 1.9020169715222426 7.998714772540545 0.55467707425850754 1.4474961542291565 0.81489733699709077 8.3111397177199269 8.0972737740303238 12.377059967926469 17.220507169629858 0.45790072701493034 3.6810658617323497 0.29959330995188793 1.8260211869346674 10.78913518055924 1.4382989909354371 100.64351275833906 0.28942882484989141 0.29964489648409554 4.1638164856994964 3.8429486504901442 0.2274599496013251 10.369378073111873
leaf_count=13223 293687 11390 1133 2409 744 96 736 438 144 695 1828 3513 3147 239 362 166 1720 1715 992 137 136 81 6349 6667 192 223 928 240 17 121 30104 134694 215 1161 365 203 1390 418 44334 5076 187 3939 274 424 60 2025 2063 5505 12583 306 2069 176 326 1895 667 172705 226 220 4406 2076 217 2562
internal_value=-0.000679263 -0.000182095 2.95954e-07 0.0140898 0.0211685 0.00595457 0.0145962 0.0273931 0.0393545 0.0242989 -0.000433952 -0.000247394 -0.0172155 0.000174779 0.0149925 0.0124867 0.0180184 0.0654086 0.0123024 0.0505874 0.0221932 0.00341622 0.019426 0.00413179 0.0226462 0.0328744 0.044999 0.107543 0.0253401 0.112654 -0.000411413 -0.000985636 0.0132618 0.0422201 0.239001 0.868041 0.146615 0.0341296 -0.0134451 7.83633e-05 0.0504219 0.0624079 0.0391142 0.0287527 0.00275864 0.022863 0.0418323 -0.0113783 0.00756443 0.0758847 0.0441337 0.203262 0.111646 0.0112684 0.0753549 -0.00938342 -0.00425566 0.0361271 0.0274501 0.0183415 0.0619158 -0.0147825
internal_weight=2245.6 2223.2 2214.9 66.2236 57.6716 37.3655 33.2391 26.0449 22.1286 17.2425 2148.67 2138.24 51.9085 2086.33 79.3947 77.7999 68.7816 7.4032 61.3784 10.7952 7.64027 26.748 19.0754 50.5832 24.4223 21.6055 18.5874 4.44515 14.1422 1.96285 2006.93 1926.05 80.8864 21.529 0.850197 0.108876 0.741321 20.6788 151.537 1774.51 16.6341 14.7321 10.0009 9.44621 59.3574 24.5064 17.8467 34.851 22.474 5.25346 4.43856 0.757494 4.73123 12.1794 9.74944 135.18 109.467 8.8233 8.53387 8.23423 4.39128 81.0581
internal_count=786339 492652 479429 6395 3986 2853 2757 2013 1277 1133 473034 461644 13090 448554 15750 15511 15345 2077 13268 1265 1128 9577 6430 12003 5336 3616 3393 432 2961 1049 432804 396620 36184 8902 2173 418 1755 6729 254288 142332 5568 5381 4637 4363 27282 6583 4755 20699 15194 2611 2551 482 744 1912 2692 224184 179850 7145 6919 6699 4623 7638
is_linear=0
shrinkage=0.05


Tree=89
num_leaves=63
num_cat=0
split_feature=38 44 26 21 23 30 38 35 39 30 19 30 23 38 28 21 48 19 49 50 51 27 53 46 28 40 42 53 23 42 41 44 50 50 52 45 43 26 38 48 26 28 25 50 48 50 50 50 45 23 4 53 48 6 22 31 6 27 53 54 48 6
split_gain=19.4305 6.83775 5.38046 10.2038 10.824 10.012 8.28984 11.0516 10.995 10.8141 24.9396 12.5052 7.74447 7.96202 18.7303 27.9302 17.0872 10.4181 9.53738 11.4539 12.1479 12.3579 10.9908 13.8315 11.2557 11.0749 12.3876 12.2232 14.3805 10.4627 16.4932 10.4473 41.7168 9.69039 8.43248 11.1747 11.5516 9.18882 11.0926 10.0701 9.6937 9.31483 9.17245 7.82184 10.887 8.46524 9.74919 9.34947 11.0985 9.3393 8.11679 7.93045 7.29366 17.1719 10.7027 16.8953 16.9076 15.8009 21.0058 10.9767 9.4005 11.4899
threshold=-41.294120788574212 -22.628883361816403 4.7608728408813485 -51.879547119140618 -48.42809867858886 11.975367546081545 -27.64705657958984 16.158043861389164 -43.912851333618157 0.57564783096313488 -40.950628280639641 0.53796625137329113 1.0000000180025095e-35 -0.94116973876953114 3.12291431427002 -1.7820734977722166 -0.21138069033622739 -1.6548686623573301 272.85017395019537 8.2121324539184588 55.01201248168946 -1.6830654144287107 37.972221374511726 2.6409511566162114 1.2669048309326174 -1.6862716674804685 3.9683380126953129 24.500000000000004 -23.632796287536618 -8.2926330566406232 4.2803208827972421 -17.522029876708981 13.844410419464113 4.491297960281373 16.755406379699711 -5.7686328887939444 10.504272460937502 3.3093757629394536 -1.2941207885742185 -0.57820284366607655 3.4846515655517583 -2.1700916290283199 1.2660474777221682 123.18079376220705 -0.51876229047775257 31.769190788269047 73.106101989746108 26.555311203002933 1.123018264770508 -9.6628408432006818 251.63771057128909 496.50000000000006 -0.071447014808654771 250.60169982910159 -10.346901416778563 13.871372222900392 234.54750061035159 10.160089492797853 123.83333206176759 0.12940952181816109 -0.056081563234329217 263.30375671386724
decision_type=2 2 2 2 2 2 2 2 2 2 2 2 2 2 2 2 2 2 2 2 2 2 2 2 2 2 2 2 2 2 2 2 2 2 2 2 2 2 2 2 2 2 2 2 2 2 2 2 2 2 2 2 2 2 2 2 2 2 2 2 2 2
left_child=-1 -2 6 4 5 -4 7 8 9 10 11 -3 13 18 15 -15 17 -16 19 -8 29 -22 23 25 -25 -20 -27 -28 -29 30 -21 32 -31 -26 43 36 -36 39 40 -37 -39 -41 -38 44 -33 47 50 -46 -49 -48 -47 -52 53 54 55 56 -5 59 -59 -58 61 -54
right_child=1 2 3 52 -6 -7 12 -9 -10 -11 -12 -13 -14 14 16 -17 -18 -19 22 20 21 -23 -24 24 33 26 27 28 -30 31 -32 34 -34 -35 35 37 42 38 -40 41 -42 -43 -44 -45 45 46 49 48 -50 -51 51 -53 60 -55 -56 -57 57 58 -60 -61 -62 -63
leaf_value=-0.040151326769564316 -0.04798699007517563 0.0152638392513609 -0.050079385367084311 0.072823205935797844 0.26801617323625282 0.10804165763002301 -0.016662053977955362 0.56875918430488903 -0.043149686149409207 -0.0090677256702766437 0.46929698722292373 0.41114063202547624 0.059905944444988271 -0.044310896495967228 0.019599151054594404 0.025088948302427905 0.063101541897341129 -0.035211142256229254 -0.035349959423750951 0.017373027157136612 0.14737901131931472 -0.036390479273537814 -0.0076018077664254226 0.16195301518260022 0.17872468932103044 -0.011800871566478029 0.023325581436052532 0.066245457327516022 0.24575620620035876 0.45024247779116389 0.15317112477575101 0.034448092968075827 -0.0044152354708883014 -0.051004828825583326 0.13036143866952696 0.12566912757030391 0.088045778650417961 0.12520378534242513 0.11074205957479591 0.11471313919597959 0.017622887918088435 -0.0037671104099455998 0.0014500180599421953 0.052267793909647767 0.0025356874124889705 -0.04318331625666607 -0.0076952053658593533 0.014323380265815245 0.12717586457562827 0.083671836656720983 0.0021806122774755033 0.1939150408170984 0.02008239684229654 -0.039445610050642566 -0.0083549283747946877 -0.03511386352109748 -0.017936115179695272 -0.05015856345542144 0.23327693349545622 0.032310346591149806 0.00027588261588407011 0.13704976678105357
leaf_weight=29.523507894547947 7.1928127626160849 2.9477887456814651 1.6949494708605923 13.984466241672633 0.61561665061162685 2.4455389267241117 26.793498424216523 0.080247567500918104 21.14821987634059 14.725609633103884 0.38294024614879418 0.2139650780300143 6.6495435922406605 47.285049117635936 22.977392165455964 20.908015091437846 14.422825631801969 13.923154717311265 9.8784917231678246 5.4954596259631199 0.97562926450336895 14.678565499081738 134.15952090819337 2.9373802768968735 0.63898982738464871 13.236273644826726 12.628265859100795 4.6262972295589861 1.4702114894753311 0.69259474024875034 3.7696825696039014 26.687212259450462 1.8579807604037339 1.629983591934433 4.8947747748316059 1.6902274627354916 5.4718778830283537 2.3245541993092109 4.9401192138902834 1.7310189732379502 21.104067795735318 39.823457853555738 6.9318029337955522 9.8905987828184134 43.652809378923848 27.192841711163055 9.8226531009859155 5.622890629922038 3.5566925169550814 3.9103011172264805 5.0545374501452889 0.60372494113107666 25.435106167016787 36.879574197395414 258.09530842173262 14.732583598466588 25.997120053740218 1.0520099146815476 1.7264582385250831 18.678733454085886 1158.4349585856835 2.2884483578964128
leaf_count=336590 9620 8377 5726 822 225 2803 3800 6 64105 38937 155 238 47 299 350 335 132 232 2298 526 91 3510 24576 283 110 2006 3507 838 94 99 299 1934 887 582 502 255 108 279 66 347 2068 4317 407 642 5210 1709 1074 690 294 103 1946 154 1857 30306 7205 4470 3646 611 319 3250 199472 747
internal_value=0.000141497 0.000683377 0.000843368 -0.000726265 0.0723982 0.0433133 0.00475983 -0.0174119 -0.0186052 0.00980549 0.0882099 0.042054 0.00625292 0.00563768 -0.00586106 -0.0230329 0.016955 -0.00108163 0.00862284 0.0144209 0.0177208 -0.0249373 -0.000309751 0.0204848 0.0973395 0.0109213 0.0252228 0.0513943 0.109536 0.0205417 0.0726248 0.0184202 0.119045 0.0136918 0.017279 0.0292527 0.0653189 0.0205408 0.0426539 0.00603451 0.0282969 0.00116838 0.0396517 0.00945076 0.00609252 -0.00151921 -0.0170571 0.0121811 0.0580489 0.0183205 -0.0318462 0.0226383 -0.000949592 -0.00706682 -0.00349448 0.0129744 0.0245057 0.0102668 0.12596 0.00307166 0.000964476 0.0297375
internal_weight=2224.82 2195.29 2188.1 1562.06 4.75611 4.14049 626.04 39.4988 39.4185 18.2703 3.54469 3.16175 586.541 579.891 119.516 68.1931 51.3234 36.9005 460.375 279.17 252.376 15.6542 181.205 47.0459 5.20635 41.8395 31.961 18.7248 6.09651 236.722 9.26514 227.457 2.55058 2.26897 224.906 88.9119 17.2985 71.6134 28.3687 43.2447 23.4286 41.5545 12.4037 135.994 126.104 99.4165 46.5841 52.8324 9.17958 13.733 32.8511 5.65826 1557.3 371.146 334.267 76.1714 61.4388 47.4543 2.77847 44.6759 1186.16 27.7236
internal_count=786493 449903 440283 261459 8754 8529 178824 111818 111812 47707 8770 8615 67006 66959 1348 634 714 582 65611 31317 27517 3601 34294 9718 975 8743 6445 4439 932 23916 825 23091 986 692 22105 8349 1017 7332 2413 4919 2347 4664 515 13756 13114 11180 4986 6194 984 1177 3809 2100 252705 50629 20323 13118 8648 7826 930 6896 202076 2604
is_linear=0
shrinkage=0.05


Tree=90
num_leaves=63
num_cat=0
split_feature=1 8 8 29 27 29 38 40 40 17 50 24 35 46 49 23 28 38 22 46 16 37 21 51 38 8 5 29 48 45 41 23 24 26 44 24 26 23 11 52 52 29 49 23 48 44 25 49 3 38 45 24 43 37 6 15 35 37 37 4 14 44
split_gain=20.807 8.33869 16.2324 9.78715 6.92204 6.00538 8.19095 4.5686 10.7787 9.71118 8.42749 10.3415 12.907 12.4967 10.2344 7.23843 7.06783 16.6839 25.4193 9.88729 10.6479 7.13413 10.9404 16.2768 8.67447 7.79975 11.6506 7.903 11.6367 13.0313 7.49908 7.47498 11.2284 8.39835 8.14516 7.83556 7.32263 7.51661 7.14437 6.9969 6.92001 8.94656 6.88268 14.2109 8.18373 6.97254 8.74548 7.58982 6.85071 6.74879 6.62948 6.57076 7.1293 6.44243 6.35276 9.46898 20.8575 16.325 21.6927 7.18051 7.92648 7.91197
threshold=288.95602416992193 290.72045898437506 290.86024475097662 4.1528625488281259 -2.6178026199340816 -3.5426573753356929 -4.5294113159179679 2.1764755249023442 2.9215698242187504 -31.878841400146481 189.46730041503909 13.38137722015381 14.504459857940676 1.2291126251220705 261.63801574707037 -1.2585433125495908 2.8565769195556645 -1.7647018432617185 -1.8654260039329527 0.14347076416015628 -4.7691650390624991 257.46188354492193 -46.284315109252923 9.8461871147155779 -1.2941207885742185 215.54869079589847 223.57719421386722 2.9361600875854497 -0.37975081801414484 -4.5722961425781241 4.5955033302307138 -13.941028118133543 5.694481849670411 6.0943078994750985 -0.6498126983642577 5.0079526901245126 3.9121685028076176 -2.7883545160293575 234.69886016845706 179.38448333740237 0.70361298322677623 1.3070888519287112 280.31988525390631 -35.143756866455071 -0.45456704497337336 -1.5607776641845701 2.0120525360107426 272.01187133789068 256.00424194335943 -0.17647552490234372 -7.1058940887451163 7.903879165649415 7.0377502441406259 225.10893249511722 286.93846130371099 -29.047782897949215 -1.1785276532173155 276.01307678222662 279.05592346191412 263.89553833007818 -25.364761352539059 -16.061258316040036
decision_type=2 2 2 2 2 2 2 2 2 2 2 2 2 2 2 2 2 2 2 2 2 2 2 2 2 2 2 2 2 2 2 2 2 2 2 2 2 2 2 2 2 2 2 2 2 2 2 2 2 2 2 2 2 2 2 2 2 2 2 2 2 2
left_child=1 4 3 -3 -1 6 -6 9 -9 39 -10 -12 13 -13 15 49 17 19 -19 20 42 25 23 -23 50 -18 31 28 38 -30 -31 -27 35 34 -34 36 37 -33 -28 40 41 -7 45 -44 -45 46 -11 -48 -15 53 -24 -29 -53 -14 55 56 57 -21 -59 60 61 -57
right_child=-2 2 -4 -5 5 7 -8 8 10 16 11 12 14 48 -16 -17 21 18 -20 54 -22 22 24 -25 -26 26 27 51 29 30 -32 32 33 -35 -36 -37 -38 -39 -40 -41 -42 -43 43 44 -46 -47 47 -49 -50 -51 -52 52 -54 -55 -56 59 -58 58 -60 -61 -62 -63
leaf_value=-0.043716591125705445 -0.046055297429974197 0.092414219880434773 0.016423116991007666 0.46039444132172253 -0.053187213336311025 -0.050121740077952871 0.17577050925056498 -0.017187904426126176 -0.0012155228886144914 0.0031535572644030133 -0.029012054239072056 -0.002229545214526838 0.063269959275026766 0.24344039920296945 -0.0073316054651555041 0.080326915800336574 -0.00014360300501345031 -0.033519976110433537 0.027716872237345969 -0.050249834258661211 0.089452875941495869 0.36237508604006663 0.084479862082345702 -0.050118897005355489 -0.14913192552949778 0.052679609125624971 0.063381376570066039 -0.033898455160475738 0.1795605815052248 0.087008698209674745 -0.036630108507684361 0.062502017353467762 0.011495288691900873 0.024608848319892861 -0.035881152713976579 0.060297683368644231 -0.012139772078009073 0.012005990498534335 -0.046765496627570423 0.17279279562451028 -0.032077295877277562 0.38571958285997199 -0.050882589610641918 0.15504814317600338 0.037197313667737708 -0.056711037798112998 0.10330811023197213 -0.050594886129468511 0.093858220358332786 -0.020297012899951616 -0.013766094905525734 0.042194621845353941 -0.062470023887915338 -0.012561871681789287 -0.052171618935502963 0.15425170870362762 0.023653588896488661 0.67381871062039955 0.10390972570330791 -0.037586328171784797 -0.0012243181964133431 0.022049851073535135
leaf_weight=8.9962760131238593 24.622202876889787 0.33733578048850121 2.1673097010861966 0.38914008996653138 0.6072085711712133 0.24290142589598573 1.0951736310962576 101.90294922445901 1255.9525937905055 24.52241253550892 10.146616597063256 1.7596215868470597 10.090725551650396 1.457854643231258 21.730863564735046 7.5318634435534468 82.240456074359827 69.981824764981866 22.361343521159142 0.29191126636578957 5.8807785445824257 0.48227090459840738 1.7983235274878087 0.47440281218587188 1.1413500159978855 20.682016973849386 2.0146423301193863 21.319576853187758 2.0239695186028257 2.6071995057864097 2.3157268118520733 13.959405713947488 20.119755331426859 34.105835084803402 16.522403673268855 21.498730930034071 10.875343051739035 15.611571592511611 5.4674551234056707 0.43735494893189653 27.114375618475606 0.22851408126734896 2.1542561796377413 3.104885150300106 2.8028680415300169 3.7445834240061258 4.2526934229681492 0.98700494838703878 1.6116445018124066 6.2473573351744571 38.006480626405391 6.8036930233356525 2.1383516132773366 3.8769258797110533 5.349159095567301 1.1863781770225639 21.894912443094654 0.34490465073031373 0.32365561932965647 12.069279913237549 213.1463030785817 24.577517509984318
leaf_count=17972 295672 414 3165 212 550 458 18 22600 238329 2089 2349 298 186 134 3317 77 1023 500 338 200 160 381 467 709 8 424 39 2329 190 312 335 232 297 656 335 318 185 309 862 180 117091 110 1069 262 317 1072 623 427 266 59 16104 1077 262 954 4123 99 15002 195 322 4472 17762 6141
internal_value=-0.000346492 0.000163891 0.0849844 0.289524 5.24344e-05 0.000231969 0.0941055 0.000159047 -0.00151981 0.00326335 -0.00031062 0.0173225 0.0259796 0.104003 0.0183643 0.0384889 0.00435574 7.39729e-05 -0.0186912 0.0053791 0.0264803 0.00992344 -0.00931928 0.157824 -0.0132245 0.0128 0.0181745 -0.00429068 0.0261592 0.072759 0.0288494 0.0247204 0.0203625 0.00675277 -0.00986734 0.0359064 0.0229415 0.0358434 -0.0171072 -0.0256294 -0.0287753 0.161148 0.0175715 0.0590488 0.0991351 0.00759173 0.0156821 0.0743173 0.164902 0.0229006 -0.00932748 -0.0188094 0.0171657 0.0422217 0.00179279 0.00284694 0.0336577 0.261711 0.397921 4.11693e-05 0.00194204 0.0281375
internal_weight=2229.73 2205.11 2.89379 0.726476 2202.22 2193.22 1.70238 2191.52 1422.31 769.209 1320.41 64.4535 54.3069 4.82912 49.4777 27.7469 741.186 418.977 92.3432 326.634 47.4495 322.209 41.9028 0.956674 40.9462 280.306 198.066 44.6906 14.429 6.9469 4.92293 153.375 132.693 70.748 36.6422 61.9451 40.4463 29.571 7.4821 28.0231 27.5858 0.471416 41.5687 8.06201 5.90775 33.5067 29.7621 5.2397 3.0695 20.215 39.8048 30.2616 8.94204 13.9677 279.184 273.835 22.8554 0.960472 0.66856 250.979 238.91 25.7639
internal_count=786438 490766 3791 626 486975 469003 568 468435 268569 199866 245969 7640 5291 698 4593 1276 82027 55173 838 54335 6019 26854 17669 1090 16579 9185 8162 5406 1738 837 647 2756 2332 1288 632 1044 726 541 901 117839 117659 568 5859 1648 579 4211 3139 1050 400 1199 16571 3668 1339 1140 48316 44193 15719 717 517 28474 24002 6240
is_linear=0
shrinkage=0.05


end of trees

feature_importances:
Column_49=384
Column_48=347
Column_52=249
Column_53=239
Column_36=216
Column_40=200
Column_17=197
Column_47=193
Column_50=190
Column_38=188
Column_54=182
Column_29=166
Column_41=166
Column_51=156
Column_5=146
Column_42=139
Column_43=138
Column_46=135
Column_45=116
Column_39=113
Column_44=110
Column_28=107
Column_23=101
Column_11=91
Column_35=83
Column_37=80
Column_55=78
Column_3=69
Column_27=60
Column_2=59
Column_12=59
Column_26=53
Column_24=52
Column_13=51
Column_15=51
Column_16=51
Column_4=49
Column_34=48
Column_0=43
Column_14=43
Column_25=42
Column_31=41
Column_10=37
Column_19=35
Column_21=35
Column_1=33
Column_22=33
Column_33=30
Column_20=28
Column_8=25
Column_32=24
Column_18=18
Column_9=17
Column_7=16
Column_30=16
Column_6=14

parameters:
[boosting: gbdt]
[objective: binary]
[metric: auc]
[tree_learner: serial]
[device_type: cpu]
[data_sample_strategy: bagging]
[data: ]
[valid: ]
[num_iterations: 600]
[learning_rate: 0.05]
[num_leaves: 63]
[num_threads: 8]
[seed: 0]
[deterministic: 0]
[force_col_wise: 0]
[force_row_wise: 0]
[histogram_pool_size: -1]
[max_depth: -1]
[min_data_in_leaf: 193]
[min_sum_hessian_in_leaf: 0.001]
[bagging_fraction: 0.8]
[pos_bagging_fraction: 1]
[neg_bagging_fraction: 1]
[bagging_freq: 1]
[bagging_seed: 3]
[bagging_by_query: 0]
[feature_fraction: 0.8]
[feature_fraction_bynode: 1]
[feature_fraction_seed: 2]
[extra_trees: 0]
[extra_seed: 6]
[early_stopping_round: 0]
[early_stopping_min_delta: 0]
[first_metric_only: 0]
[max_delta_step: 0]
[lambda_l1: 0]
[lambda_l2: 0]
[linear_lambda: 0]
[min_gain_to_split: 0]
[drop_rate: 0.1]
[max_drop: 50]
[skip_drop: 0.5]
[xgboost_dart_mode: 0]
[uniform_drop: 0]
[drop_seed: 4]
[top_rate: 0.2]
[other_rate: 0.1]
[min_data_per_group: 100]
[max_cat_threshold: 32]
[cat_l2: 10]
[cat_smooth: 10]
[max_cat_to_onehot: 4]
[top_k: 20]
[monotone_constraints: ]
[monotone_constraints_method: basic]
[monotone_penalty: 0]
[feature_contri: ]
[forcedsplits_filename: ]
[refit_decay_rate: 0.9]
[cegb_tradeoff: 1]
[cegb_penalty_split: 0]
[cegb_penalty_feature_lazy: ]
[cegb_penalty_feature_coupled: ]
[path_smooth: 0]
[interaction_constraints: ]
[verbosity: -1]
[saved_feature_importance_type: 0]
[use_quantized_grad: 0]
[num_grad_quant_bins: 4]
[quant_train_renew_leaf: 0]
[stochastic_rounding: 1]
[linear_tree: 0]
[max_bin: 255]
[max_bin_by_feature: ]
[min_data_in_bin: 3]
[bin_construct_sample_cnt: 200000]
[data_random_seed: 1]
[is_enable_sparse: 1]
[enable_bundle: 1]
[use_missing: 1]
[zero_as_missing: 0]
[feature_pre_filter: 1]
[pre_partition: 0]
[two_round: 0]
[header: 0]
[label_column: ]
[weight_column: ]
[group_column: ]
[ignore_column: ]
[categorical_feature: ]
[forcedbins_filename: ]
[precise_float_parser: 0]
[parser_config_file: ]
[objective_seed: 5]
[num_class: 1]
[is_unbalance: 0]
[scale_pos_weight: 1]
[sigmoid: 1]
[boost_from_average: 1]
[reg_sqrt: 0]
[alpha: 0.9]
[fair_c: 1]
[poisson_max_delta_step: 0.7]
[tweedie_variance_power: 1.5]
[lambdarank_truncation_level: 30]
[lambdarank_norm: 1]
[label_gain: ]
[lambdarank_position_bias_regularization: 0]
[eval_at: ]
[multi_error_top_k: 1]
[auc_mu_weights: ]
[num_machines: 1]
[local_listen_port: 12400]
[time_out: 120]
[machine_list_filename: ]
[machines: ]
[gpu_platform_id: -1]
[gpu_device_id: -1]
[gpu_device_id_list: ]
[gpu_use_dp: 0]
[num_gpu: 1]

end of parameters

pandas_categorical:null
