tree
version=v4
num_class=1
num_tree_per_iteration=1
label_index=0
max_feature_idx=55
objective=binary sigmoid:1
feature_names=Column_0 Column_1 Column_2 Column_3 Column_4 Column_5 Column_6 Column_7 Column_8 Column_9 Column_10 Column_11 Column_12 Column_13 Column_14 Column_15 Column_16 Column_17 Column_18 Column_19 Column_20 Column_21 Column_22 Column_23 Column_24 Column_25 Column_26 Column_27 Column_28 Column_29 Column_30 Column_31 Column_32 Column_33 Column_34 Column_35 Column_36 Column_37 Column_38 Column_39 Column_40 Column_41 Column_42 Column_43 Column_44 Column_45 Column_46 Column_47 Column_48 Column_49 Column_50 Column_51 Column_52 Column_53 Column_54 Column_55
feature_infos=[195.52227783203125:330] [194.51481628417969:330] [193.48074340820312:330] [193.11184692382812:330] [193.11184692382812:330] [192.31964111328125:328.38580322265625] [195.52227783203125:330] [195.42433166503906:330] [195.68138122558594:330] [196.00559997558594:330] [196.04458618164062:330] [196.23330688476562:329.92807006835938] [-75:4.7171401977539062] [-75:5] [-75:5] [-75:5] [-75:5] [-75:5] [-75:4.7171401977539062] [-75:3.0964829921722412] [-75:2.7252662181854248] [-75:2.6095457077026367] [-75:2.5636227130889893] [-75:2.4144623279571533] [-14.911173820495605:62.550895690917969] [-14.911173820495605:62.196540832519531] [-14.911173820495605:61.760047912597656] [-14.911173820495605:61.108871459960938] [-14.911173820495605:60.061286926269531] [-14.919011116027832:58.2747802734375] [-14.911173820495605:62.550895690917969] [-14.671197891235352:62.529895782470703] [-14.614534378051758:62.308040618896484] [-14.541216850280762:62.018058776855469] [-14.498400688171387:61.718723297119141] [-14.406678199768066:61.028884887695312] [190.58824157714844:330] [194.58242797851562:330] [-94.823532104492188:3.76470947265625] [-95.233116149902344:2.5722575187683105] [-42.823516845703125:57.333343505859375] [-41.017185211181641:60.569839477539062] [-69.0322265625:63.926193237304688] [-56.771621704101562:48.421066284179688] [-44.439620971679688:45.197311401367188] [-38.199161529541016:36.012775421142578] [-25.987638473510742:32.738227844238281] [-26.406431198120117:27.358383178710938] [-0.85395175218582153:0.98167717456817627] [245.6268310546875:298.25537109375] [0.37751886248588562:496.42047119140625] [0.43655484914779663:190.3641357421875] [0.28787475824356079:183.41900634765625] [-52.666667938232422:1447.8333740234375] [-1:1] [-1:1]
tree_sizes=6709 6828 6877 6877 6892 6885 6875 6916 6897 6923 6916 6931 6966 6929 6962 6982 6943 6939 6964 6954 6942 6947 6957 6948 6977 6969 7005 6982 6986 7002 6966 6987 6983 6995 6987 6984 6975 7004 7007 7014 6964 6997 6991 7002 7017 7033 6995 6960 7026 6998 6982 6994 7000 6980 6964 7023 6997 6982 6990 7010 7023 6992 6977 6968 7000 6987 6965 7021 7024 7022 7011 6972 7017 6985 7016 7030 7028 6999 7014 7013 7002 6969 7039 7002 6986 7016 6988 7012 7030 6965 7043 6960 7018 7022 6967 6984 6975 6991 7006 6961 7011 6997 7008 7009 7016 6937 6973 7030 6999 7011 7003 6984 6951 6962 6956 6972 7041 6971 6980 6996 7035 7026

Tree=0
num_leaves=63
num_cat=0
split_feature=38 38 23 35 35 0 5 38 28 38 35 24 5 36 38 5 5 23 54 5 14 36 5 27 54 36 35 29 36 35 5 38 23 29 36 28 36 28 23 11 42 35 45 11 42 35 54 28 24 45 14 54 54 23 54 23 44 24 5 55 36 15
split_gain=95560.7 25059.2 9724.28 9191.08 6449.7 4433.89 2712.82 2568.94 2287.33 2121.89 1865.89 1497.53 2432.45 1149.3 1108.51 1093.8 953.981 945.824 886.882 863.827 810.556 797.688 788.414 787.555 661.363 652.158 840.717 623.63 600.709 596.214 594.252 582.664 575.603 825.115 560.288 712.743 558.223 513.733 511.186 484.925 469.72 469.353 402.873 391.443 366.251 362.264 361.019 357.3 350.577 334.031 356.851 387.55 361.771 330.745 323.689 319.25 311.977 346.612 308.053 307.959 423.843 306.344
threshold=-1.9411773681640623 -9.764701843261717 -1.2585433125495908 4.8366730213165292 7.4763243198394784 284.53353881835943 221.87969207763675 -0.70587921142578114 19.113986968994144 -4.0588226318359366 1.7261854410171511 4.0797300338745126 258.71716308593756 199.70588684082034 -5.3529434204101554 211.81697845458987 234.89245605468753 -8.3960647583007795 -0.91597560048103321 209.49958801269534 -34.99012374877929 209.11765289306643 227.79909515380862 15.507133483886721 0.78656607866287243 209.70588684082034 4.9928681850433358 5.1821250915527353 223.23529815673831 1.4625608921051028 225.14548492431643 -25.764701843261715 -2.7883545160293575 17.05646896362305 226.17646789550784 1.226524353027344 215.00000000000003 23.298627853393558 -2.7883545160293575 265.39250183105474 3.8173065185546879 7.9522657394409189 1.3454093933105471 225.28047943115237 5.7833557128906259 25.378603935241703 0.60355338454246532 5.67215919494629 14.433798789978029 2.6175160408020024 1.0000000180025095e-35 0.91597560048103344 -0.6035533845424651 -15.170947074890135 -0.6035533845424651 -7.0733015537261954 -3.5763740539550777 0.90740060806274425 230.21923828125003 0.12940952181816107 218.529411315918 -0.56794357299804676
decision_type=2 2 2 2 2 2 2 2 2 2 2 2 2 2 2 2 2 2 2 2 2 2 2 2 2 2 2 2 2 2 2 2 2 2 2 2 2 2 2 2 2 2 2 2 2 2 2 2 2 2 2 2 2 2 2 2 2 2 2 2 2 2
left_child=1 5 4 9 25 11 8 19 17 10 20 12 16 -4 45 -13 -1 41 -9 -6 -3 44 54 28 43 -2 38 -15 -16 39 48 -14 33 -21 -11 -36 46 -23 -27 -18 49 -5 -34 47 61 58 -35 -19 53 50 52 -52 -29 -17 -12 -25 57 -33 -8 60 -43 -20
right_child=2 3 13 6 7 -7 14 18 -10 34 22 15 31 27 23 30 29 24 21 32 -22 37 -24 55 -26 26 -28 40 -30 -31 -32 56 42 36 35 -37 -38 -39 -40 -41 -42 59 -44 -45 -46 -47 -48 -49 -50 -51 51 -53 -54 -55 -56 -57 -58 -59 -60 -61 -62 -63
leaf_value=-2.8387805917645075 -2.1263910683098124 -3.0837462561727391 -2.0252828799604456 -2.782484105258364 -2.6549218379377235 -3.2573277887499925 -3.1174974427427262 -2.4377385795175366 -3.1400668525121116 -2.4899552261403248 -2.9805056267964205 -2.6683009147103407 -3.220566226935198 -2.1858797674454298 -2.9695495995964651 -3.0615535208549676 -3.0919200460896037 -2.7870075038520263 -2.840210608885827 -2.8683673575344852 -2.5883733438894829 -2.6398237979284027 -3.0122341753539184 -3.1721805077653915 -3.0087102409311228 -2.1238921887314719 -2.5884179481606555 -2.2705660725920529 -3.0948233454242771 -3.1378765763214664 -3.2293042115642101 -3.0508137253735215 -2.7171745609196787 -2.8047427980799062 -2.442067059845157 -3.0240572121045561 -3.093998573278697 -2.8718041380969956 -2.5081791370530966 -2.9016756690382692 -2.1199296530346716 -2.7633061418271487 -2.9834884949941713 -2.7958855195903687 -2.3350851003310229 -3.2372593392820419 -3.1888060469197272 -2.3728300815218821 -3.1744838990502751 -2.7955358147438565 -2.2776911295039262 -2.5423858716104912 -2.6276202091757592 -2.6898555243996145 -2.6087662702677044 -3.0821178867464667 -3.2116455183241217 -3.1702375084142704 -3.178009106776293 -3.0854323741006442 -3.0105823219161696 -2.5329351955191011
leaf_weight=35.963604837656021 15.594177201390265 9.8489540219306928 23.055506005883217 24.846224918961525 28.688809253275394 16600.412003964186 266.44405160844326 28.65150260925293 228.65242121368647 41.932667881250381 8.54322148114443 8.767061345279215 1536.809893861413 26.823477052152157 128.81984180957079 28.017289660871029 85.245681591331959 8.4313015490770358 13.057325407862661 114.86715694516897 51.110102310776711 32.979073315858841 206.86534110456705 400.00183720886707 24.137398682534695 20.966333940625191 60.548683248460293 8.7297547012567502 372.1337741240859 376.75979798287153 5904.895615875721 107.77889458090067 42.902640625834465 31.859873995184898 8.54322148114443 13.691538356244562 126.32029666006565 86.364880912005901 14.736124388873575 55.176526509225368 9.8116473779082281 22.383986413478851 21.227480448782444 38.127390190958977 12.684258967638014 202.72430361807346 7.5732487365603438 13.616925068199633 70.73339706659317 7.8343952447175971 37.306644022464752 21.973613329231739 37.866243682801723 7.6105553805828086 18.616015367209911 130.4986407905817 139.6014619320631 139.26570213586092 998.54963390529156 82.671523153781891 76.739766754209995 21.414013668894768
leaf_count=964 418 264 618 666 769 444972 7142 768 6129 1124 229 235 41194 719 3453 751 2285 226 350 3079 1370 884 5545 10722 647 562 1623 234 9975 10099 158280 2889 1150 854 229 367 3386 2315 395 1479 263 600 569 1022 340 5434 203 365 1896 210 1000 589 1015 204 499 3498 3742 3733 26766 2216 2057 574
internal_value=-3.20946 -3.22508 -2.68825 -3.09723 -2.77343 -3.24229 -3.12568 -2.84171 -3.02173 -2.85812 -2.9148 -3.21292 -3.18019 -2.354 -3.14729 -3.22638 -3.08779 -2.92873 -2.69469 -2.91854 -2.66841 -2.73891 -2.97898 -3.10757 -2.7876 -2.42635 -2.47495 -2.40441 -3.06261 -3.1051 -3.22719 -3.20676 -2.94047 -2.97136 -2.59754 -2.80044 -3.04273 -2.8077 -2.28251 -3.01717 -2.45186 -2.98632 -2.80533 -2.69891 -2.5648 -3.17521 -2.8785 -2.53121 -3.11006 -2.4805 -2.45719 -2.37581 -2.56073 -2.98215 -2.7257 -3.15003 -3.1519 -3.11814 -3.16526 -3.01417 -2.95474 -2.64933
internal_weight=29328.8 28475 853.837 3377.93 680.436 25097 3018.78 568.591 519.607 359.151 294.984 8496.63 2476.6 173.401 2499.17 6020.02 553.146 290.955 195.151 373.44 60.9591 166.5 234.025 1031.45 84.313 111.845 96.2511 150.346 500.954 517.182 6011.26 1923.46 344.751 280.621 64.1674 22.2348 165.753 119.344 35.7025 140.422 123.522 206.642 64.1301 60.1756 47.1556 1467.72 39.4331 22.0482 106.361 113.711 105.876 59.2803 46.596 35.6278 27.1592 530.5 386.646 247.045 1264.99 181.795 99.1238 34.4713
internal_count=786155 763268 22887 90545 18239 672723 80918 15241 13928 9627 7907 227751 66385 4648 66990 161366 14827 7799 5231 10010 1634 4463 6273 27648 2260 2998 2580 4030 13428 13863 161131 51558 9241 7522 1720 596 4443 3199 957 3764 3311 5539 1719 1613 1264 39342 1057 591 2851 3048 2838 1589 1249 955 728 14220 10364 6622 33908 4873 2657 924
is_linear=0
shrinkage=1


Tree=1
num_leaves=63
num_cat=0
split_feature=17 49 39 36 35 49 34 38 17 40 1 39 40 49 35 38 23 54 23 49 54 49 17 5 51 11 40 47 25 35 5 24 49 49 11 35 49 5 23 49 53 34 54 54 37 47 28 23 5 54 35 39 49 49 54 36 49 40 49 53 52 23
split_gain=59446.2 11806.9 7983.47 7424.86 3757.29 3331.6 2539.64 3733.01 1126.83 1332.68 1072.83 1055.19 1017.17 991.738 886.305 872.084 828.705 782.258 740.359 709.859 676.781 651.152 646.567 642.364 641.778 538.592 432.887 414.437 413.349 411.518 469.275 408.919 521.374 1556.25 991.6 404.15 443.01 415.28 374.041 579.494 373.534 363.191 362.572 351.683 348.51 341.765 333.413 332.551 313.152 300.937 461.485 326.806 295.802 446.269 448.636 467.273 296.426 268.83 266.94 262.041 249.24 247.946
threshold=-5.6594009399414054 254.46063232421878 -38.37908744812011 215.00000000000003 5.7194383144378671 247.43756103515628 5.4797689914703378 -12.588233947753904 0.44061279296875006 3.3333206176757817 284.48437500000006 -18.479304313659664 1.5293960571289065 270.15548706054693 2.221874594688416 -8.3529434204101545 -16.888421058654782 0.37940952181816107 -4.3606848716735831 259.72676086425787 0.91597560048103344 259.72676086425787 -0.37291717529296869 265.66770935058599 25.753327369689945 252.05545806884768 14.352943420410158 -1.3542060852050779 16.479324340820316 2.9292522668838505 225.84973907470706 0.11173629760742189 276.94873046875006 276.13734436035162 280.72871398925787 24.909311294555668 259.93206787109381 229.60315704345706 -5.7618849277496329 255.32789611816409 60.166666030883796 3.2521486282348637 -1.0000000180025095e-35 0.78656607866287243 268.13000488281256 -0.47601652145385737 6.315718650817872 -40.365167617797844 220.15905761718753 -0.6035533845424651 15.479693412780763 -15.000725746154783 258.98173522949224 270.65731811523443 0.60355338454246532 226.17646789550784 286.52598571777349 12.823524475097658 259.51712036132818 137.81944274902347 73.961242675781264 -9.0357642173767072
decision_type=2 2 2 2 2 2 2 2 2 2 2 2 2 2 2 2 2 2 2 2 2 2 2 2 2 2 2 2 2 2 2 2 2 2 2 2 2 2 2 2 2 2 2 2 2 2 2 2 2 2 2 2 2 2 2 2 2 2 2 2 2 2
left_child=2 11 10 8 19 12 7 23 9 -3 31 -2 -4 22 25 -8 -15 48 28 -5 24 40 35 41 -13 -9 52 -27 43 -21 -31 32 33 -1 47 36 37 49 -37 -40 -16 44 -24 -19 -7 -46 -44 -35 -18 -6 -51 -52 -17 -54 56 -56 -55 -33 -48 -38 -59 -32
right_child=1 3 5 4 13 6 15 14 -10 -11 -12 20 -14 16 21 26 17 18 -20 29 -22 -23 42 -25 -26 27 -28 -29 -30 30 61 57 -34 34 -36 38 59 -39 39 -41 -42 -43 46 -45 45 -47 58 -49 -50 50 51 -53 53 54 55 -57 -58 60 -60 -61 -62 -63
leaf_value=0.017213378577719155 0.069923547123869126 0.38589604548279655 0.95371229233951083 0.47793396718121617 0.11153543526967868 0.05370279870238559 -0.01569366307138207 0.069839987815404347 0.37256308725517406 0.20830009484421319 -0.049005867923250145 0.63900178667812568 0.34445179141342347 0.087484449282015181 0.12672297976163513 0.13877626764385861 0.23822754160238882 0.19591201530011632 0.69828503843420631 0.36343872947953776 0.24079202556733501 0.10569853062180834 0.095663962249648724 -0.006702429970781818 0.46102330954668735 0.19151668631209751 -0.011416354470512631 0.36995258391916302 0.13351448597461057 0.27876798229914579 0.19053575138148304 -0.030441835297547022 -0.015724768388294497 0.4485578498206233 0.10866809062755629 -0.006701588859899122 0.027020796956899171 0.0086977345613360232 0.4298678249630945 0.060759933760768797 0.39935727256429265 0.013348068404667969 0.53095810778435026 0.46925257701531864 0.04448628188858636 0.19783653902698586 0.32890898112643652 0.87426074573954959 0.10522523395196222 0.069375536498345811 0.059591326553739124 0.34445773678120445 0.013538585601362091 0.034875598003326035 0.45239997858699382 0.13608069409829379 0.2241764100420206 0.013406168497903418 0.096827427546646638 0.10495088338118733 0.26858769660664289 0.0078597948669651471
leaf_weight=163.15987940877676 11.874479640275238 141.68385193496943 9.140559043735264 40.515205409377813 119.22630898654461 317.2821695767343 3415.0932612232864 28.148512180894613 308.90670997649431 415.14717901498079 14644.204213242978 142.52815753221512 27.343925401568413 248.51111313328147 20.378601051867008 89.291068956255913 70.250584408640862 18.912741169333458 11.981992587447165 65.315974835306406 16.183805819600821 317.58448740839958 57.209573563188314 807.85872988775373 78.574978344142437 49.467413820326328 379.73978890106082 95.103276401758194 30.939895525574684 129.58192205056548 52.009879782795906 3903.8805060908198 407.95566407963634 10.587017592042686 17.425850111991167 303.45207334309816 287.73710822686553 51.736853428184986 11.300158418714998 180.28494288772345 32.760144520550966 293.55123106390238 10.271228130906819 31.147174838930368 55.851318024098873 103.9639705941081 25.928464636206627 8.09561689943075 119.60532955825329 31.98424593731761 12.068876817822455 60.731769911944866 489.30580788478255 193.05448497086763 14.462883479893206 60.568913176655769 23.161038644611835 230.95118567720056 23.729075837880373 172.56061108782887 9.9824236407875997 28.895043767988682
leaf_count=4354 299 1979 199 657 2762 7906 92877 604 4003 7267 410220 2540 651 5889 479 2251 1428 418 245 1068 351 7505 1171 21824 1333 970 9845 1740 739 2089 1128 106438 11041 281 470 7640 6741 1293 262 4212 766 7759 189 708 1401 2560 521 207 2825 707 294 1430 12347 4904 341 1546 588 6317 499 4048 273 619
internal_value=-0.000734449 0.198904 -0.0259434 0.171968 0.123077 0.0205748 0.0180131 0.0633626 0.295976 0.253489 -0.0423073 0.529889 0.497092 0.0962465 0.176389 -0.00261631 0.1541 0.212631 0.331451 0.282507 0.552907 0.132804 0.0734458 0.0244504 0.575752 0.269938 0.0331239 0.308898 0.277186 0.253799 0.219777 -0.0216644 0.0166557 0.0829471 0.379972 0.062765 0.0862594 0.136377 0.0278324 0.0825308 0.294803 0.0571074 0.185697 0.365984 0.084032 0.144245 0.271645 0.633025 0.154439 0.165865 0.227682 0.297233 0.0525684 0.0427067 0.0917101 0.197053 0.0551535 -0.0272784 0.218008 0.0562359 0.0239789 0.125293
internal_weight=29530.1 3310.79 26219.4 3061.63 2195.89 6823.11 6786.63 2121.95 865.738 556.831 19396.2 249.161 36.4845 1879.57 543.442 4664.68 531.349 282.838 92.9818 316.318 237.287 370.723 1348.22 1578.51 221.103 172.719 1249.58 144.571 80.9998 275.803 210.487 4752.04 607.224 199.268 36.1085 1231.08 736.046 275.748 495.037 191.585 53.1387 770.649 117.138 50.0599 477.097 159.815 59.9288 18.6826 189.856 224.011 104.785 72.8006 869.844 780.553 291.247 75.0318 216.216 4144.81 49.6575 460.298 240.934 80.9049
internal_count=786018 67354 718664 62831 49582 179063 178213 53514 13249 9246 539601 4523 850 44021 12064 124699 12252 6363 2110 5561 4224 8750 31769 41450 3873 3314 31822 2710 1865 4904 3836 129381 16353 5312 958 29389 17275 6486 12114 4474 1245 19626 2380 1126 11867 3961 1209 488 4253 5193 2431 1724 21977 19726 7379 1887 5492 113028 1020 10789 6590 1747
is_linear=0
shrinkage=0.05


Tree=2
num_leaves=63
num_cat=0
split_feature=17 15 36 41 33 38 38 41 17 35 42 1 48 12 36 41 36 28 36 17 17 35 48 24 1 22 28 37 53 41 27 42 29 48 48 42 43 36 36 37 5 29 38 17 36 41 41 54 5 23 36 41 5 53 54 36 37 22 22 48 42 54
split_gain=45774.3 6837.72 5726.28 2634.51 2188.1 3034.56 875.116 843.133 687.278 727.766 569.584 564.001 552.137 547.173 490.691 475.666 473.989 432.03 454.202 418.829 404.355 383.596 309.518 300.042 294.062 292.504 285.093 289.772 271.979 276.177 295.559 262.217 247.945 297.703 229.101 228.045 227.138 225.785 213.166 212.247 211.66 332.139 253.318 227.038 221.267 205.595 198.73 194.048 193.431 191.609 190.505 208.902 185.633 180.589 178.003 176.965 174.139 166.552 163.813 344.407 230.841 161.275
threshold=-6.5656929016113272 -37.143804550170891 216.76470184326175 7.6736869812011728 5.679528236389161 -17.17647552490234 -8.3529434204101545 2.6163258552551274 -1.8849182128906248 25.378603935241703 6.2544097900390634 285.08775329589849 0.91066169738769542 -46.967054367065423 240.29412078857425 9.7201657295227069 226.17646789550784 2.3177595138549809 224.41176605224612 -0.70683670043945301 -17.056587219238278 9.1821322441101092 -0.25980782508850092 -0.070574760437011705 281.68241882324224 -21.081736564636227 -2.3627362251281734 281.30355834960943 1089.1666564941409 -0.14935698360204694 -2.0647134780883785 0.42663574218750006 22.1867790222168 -0.065915763378143297 -0.48176059126853937 2.4330596923828129 0.32131958007812506 275.58824157714849 229.11765289306643 223.4894714355469 266.67596435546881 16.001280784606937 -29.88234710693359 -13.95042037963867 273.82353210449224 6.5088360309600839 8.0791559219360369 -1.0000000180025095e-35 276.20941162109381 -9.0357642173767072 258.52941894531256 1.8368432521820071 226.45742797851565 201.75000000000003 -0.91597560048103321 228.529411315918 271.44154357910162 -3.9944534301757808 -33.276494979858391 -0.18589657545089719 0.49463653564453131 -0.91597560048103321
decision_type=2 2 2 2 2 2 2 2 2 2 2 2 2 2 2 2 2 2 2 2 2 2 2 2 2 2 2 2 2 2 2 2 2 2 2 2 2 2 2 2 2 2 2 2 2 2 2 2 2 2 2 2 2 2 2 2 2 2 2 2 2 2
left_child=1 11 19 13 5 20 40 10 9 16 25 23 32 -4 46 38 49 47 -19 21 28 -2 24 26 -12 36 -1 31 29 30 -3 48 33 34 -10 -21 -7 58 -8 -34 43 -42 44 -6 -43 56 55 -15 -28 -5 51 -31 -18 -20 -35 -9 -45 -56 59 -32 -61 -23
right_child=2 4 3 8 6 7 15 14 12 -11 22 -13 -14 17 -16 -17 52 18 53 35 -22 61 -24 -25 -26 -27 27 -29 -30 50 37 -33 39 54 -36 -37 -38 -39 -40 -41 41 42 -44 45 -46 -47 -48 -49 -50 -51 -52 -53 -54 -55 57 -57 -58 -59 -60 60 -62 -63
leaf_value=-0.026843353481055189 0.26033599688535242 -0.0065204848851000505 -0.011114816581531217 0.098032635789580103 -0.028580275497929488 0.30555999131362577 0.20694086199082001 0.23637369840625638 0.25212319832880431 0.0091046397579800098 0.30157107905454827 -0.049300956768778298 0.0311108640793222 0.2057660849920446 0.036339031671645337 0.020452052269179302 0.095568428840660941 0.23724159817687102 0.099290262708007906 0.23072762464081961 0.099463285818156943 0.22716620950814792 0.13141655730373916 -0.033159591606460974 0.054894095106036579 0.060130237761176 0.09328016300983509 0.0063350590754756748 0.17235092117237319 0.10363321912163648 0.093685428801719373 0.060745021863646435 0.18631653701144729 0.14640743479806459 0.032573648112504815 0.28281676071351608 0.098128768865435034 0.0080329554283401199 0.075710798847906643 0.039023555853089337 -0.0029586303922798751 0.36568656226420593 0.037894096736848459 0.12177432739085428 0.08229136690643063 -0.0084126316663030408 0.029579987938852661 0.30228317211873307 0.35988815568739407 0.15892035158470139 -0.025063605506883371 -0.00048833018538655488 0.042542627814407069 0.19971996930461069 0.20973168829865588 0.12460603621088434 -0.020847981677781041 0.32488410429137554 0.047721624634955641 0.49573650563786975 0.1759876067051801 0.14991028915720536
leaf_weight=298.24420726299286 151.78829539567232 250.25757217407227 30.07389835268259 360.43742344528437 2825.0609444975853 27.335556451231241 46.590586472302675 41.308968424797058 16.033151749521494 414.61438827589154 125.98907846584916 13540.102061647922 102.54047551006079 86.551740724593401 289.98835526779294 918.44434494152665 241.56902959570289 169.34669864922762 155.75366105511785 648.60729313641787 114.22837750986218 86.482570715248585 48.637680869549513 2851.0479634664953 13.362929377704857 100.56365403532982 11.989361554384233 174.02747916802764 23.164563126862049 61.539550602436066 63.079889871180058 64.653073593974113 39.695482801645994 67.848928488790989 45.897617798298597 310.80744878575206 25.515813678503036 88.307569194585085 92.151110302656889 63.714382730424404 436.10239218920469 14.604772713035347 42.851660639047623 58.404070369899273 13.035028647631405 1035.473543047905 46.875328753143549 130.73969200626016 15.728253319859503 201.41364211961627 872.2553583085537 221.78466902300715 521.07679319009185 62.813629563897848 105.58541529998183 248.23989792540669 33.781805586069822 44.692654334008694 63.01495398208499 10.297725286334755 12.492100868374107 308.61990282684565
leaf_count=8146 1677 6626 666 7556 78494 561 1004 689 287 10158 2051 396764 2180 1245 7084 22799 5287 2261 3001 7363 2720 1172 867 80036 255 2147 280 4763 606 1447 1625 1678 607 1261 807 3253 550 2423 2213 1339 12281 398 1186 1589 359 28459 1052 1776 290 3797 23681 5732 12326 1162 2048 5117 945 702 1549 229 324 5070
internal_value=-0.000666693 -0.0265446 0.148795 0.107245 0.0107455 0.0471952 -0.00741319 0.118457 0.0816049 0.066915 0.181671 -0.0447208 0.13417 0.19705 0.0840038 0.0334874 0.0850117 0.207394 0.175776 0.227696 0.0084582 0.192776 0.240013 -0.0265647 0.277916 0.110181 0.00673477 0.0443269 0.00221921 -0.000179425 0.0313834 0.115904 0.161729 0.18616 0.0894125 0.247602 0.205415 0.0713751 0.119779 0.0955643 -0.0171096 0.0133184 0.114018 -0.0210094 0.232036 -0.00204248 0.125089 0.263838 0.244566 0.11986 -0.0134933 0.0221274 0.0593386 0.128153 0.213628 0.140552 0.0695099 0.243978 0.108945 0.153874 0.320468 0.166821
internal_weight=29587.2 25220.5 4366.7 2860.4 8264.74 2748.24 5516.5 967.817 2225.12 1739.11 341.405 16955.8 486.008 635.279 626.413 1057.19 1324.5 605.205 387.914 1506.31 1780.42 546.891 187.99 3415.69 139.352 153.415 564.642 266.398 1666.19 1643.03 487.45 92.3707 383.468 280.058 61.9308 959.415 52.8514 237.192 138.742 103.41 4459.31 506.594 70.4915 3952.72 27.6398 1127.66 336.424 217.291 27.7176 561.851 1155.58 283.324 762.646 218.567 218.127 289.549 92.1859 150.278 148.885 85.8697 22.7898 395.102
internal_count=786020 709019 77001 58466 217062 67335 149727 20373 48355 39124 6431 491957 9231 10111 13942 26016 28966 9445 6424 18535 46962 7919 3173 95193 2306 3258 15157 7011 44242 43636 12776 2248 7051 5105 1094 10616 1111 6150 3217 1946 123711 14224 1943 109487 757 30993 6858 3021 570 11353 30860 7179 17613 4163 4011 5806 2534 2750 3727 2178 553 6242
is_linear=0
shrinkage=0.05


Tree=3
num_leaves=63
num_cat=0
split_feature=38 36 0 49 49 35 17 31 5 17 34 49 49 54 17 35 49 49 55 37 53 29 17 33 55 49 49 54 29 49 49 39 51 55 55 22 29 54 31 38 17 55 2 35 36 17 49 53 54 49 49 29 38 53 5 17 52 22 55 54 26 5
split_gain=37782.2 5578.59 4475.78 2406.58 2168.71 2313.22 1158.73 1104.13 1477.07 784.863 657.841 513.619 472.155 517.318 461.513 443.824 382.979 433.228 610.052 440.27 371.031 363.744 350.785 459.491 350.615 338.087 407.42 458.263 366.547 325.85 314.824 308.809 308.156 307.012 297.938 265.975 275.444 284.252 446.073 262.071 251.983 246.546 242.315 240.807 228.922 227.723 227.517 222.436 222.177 223.103 220.618 219.013 216.617 209.915 207.014 206.039 204.553 204.912 221.926 202.032 210.788 201.877
threshold=-8.9411697387695295 220.88235473632815 284.53353881835943 254.46063232421878 247.43756103515628 5.4733462333679208 -0.37291717529296869 4.1064589023590097 263.53910827636724 -4.2366523742675772 21.390079498291019 259.72676086425787 270.26141357421881 0.78656607866287243 -15.162521362304686 2.8723957538604741 259.93206787109381 259.51712036132818 -0.7865660786628722 233.5039978027344 32.083333969116218 16.347610473632816 -13.95042037963867 7.8185009956359872 0.91597560048103344 270.15548706054693 257.70365905761724 1.0000000180025095e-35 28.935934066772464 275.32183837890631 286.69125366210943 -17.941901206970211 30.686654090881351 0.60355338454246532 -0.12940952181816107 -41.977895736694329 8.4606561660766619 0.12940952181816109 22.363412857055668 -25.058830261230465 -3.1217651367187496 1.0000000180025095e-35 284.92707824707037 10.924011230468752 214.41176605224612 -35.432252883911126 267.04945373535162 1089.1666564941409 -1.0000000180025095e-35 259.72676086425787 270.49778747558599 15.350136756896974 -6.7058792114257804 1089.1666564941409 225.84973907470706 1.1571083068847658 13.71247720718384 -21.081736564636227 -0.37940952181816096 -1.0000000180025095e-35 5.3130826950073251 225.14548492431643
decision_type=2 2 2 2 2 2 2 2 2 2 2 2 2 2 2 2 2 2 2 2 2 2 2 2 2 2 2 2 2 2 2 2 2 2 2 2 2 2 2 2 2 2 2 2 2 2 2 2 2 2 2 2 2 2 2 2 2 2 2 2 2 2
left_child=2 3 7 -2 32 11 10 8 14 22 20 33 16 40 24 -13 17 21 19 -19 -5 56 30 -24 -1 26 27 -12 -29 61 -9 -16 -3 -6 50 -32 -37 38 45 -10 -14 -22 47 59 -28 -38 53 -4 49 -8 -27 -21 -35 -18 -17 -11 -7 -58 -59 60 -43 -15
right_child=1 4 42 6 5 12 48 9 39 55 25 15 13 29 31 54 46 18 -20 51 41 -23 23 -25 -26 34 44 28 -30 -31 35 -33 -34 52 -36 36 37 -39 -40 -41 -42 43 -44 -45 -46 -47 -48 -49 -50 -51 -52 -53 -54 -55 -56 -57 57 58 -60 -61 -62 -63
leaf_value=0.027064918632671443 0.29310947423254391 0.30327298580856288 -0.032587134352953413 0.087708290020586777 0.067538451725908097 0.041071263738068221 0.080913990784765966 -0.02704339509799485 -0.011514925823310176 0.08389755700020593 0.047975813170540879 0.17849067815065869 0.039350618337953169 0.37796358637418226 0.15106568484800931 0.15827925429057699 -0.016910547797837263 0.40723509494230115 -0.021523842509322034 0.30585769251296291 0.26939240551856475 0.0053959702067475435 0.075366470888652587 -0.0063360886490463099 0.10654251085718634 0.36560441471945393 0.090068650910034909 0.27055208113683288 0.080519183897481583 0.079739364943116869 -0.030120989104143993 0.04314838246377288 0.10659803969946283 0.17285830070482133 0.0067527165938318385 -0.0045885604255634935 0.49186089897402829 0.010472116328980379 0.064587931706246854 0.046148757046085731 0.11548470946766597 0.19088309256605251 -0.049464974699368086 0.10147315742356289 -0.00027971381546167731 0.20842723574402738 0.031681915745969853 0.12017654977084197 0.20278153010891509 0.17784813383328346 0.16469713278378781 0.069489394764340337 0.35973181005604976 0.23161559655499261 0.069706759669869472 0.30598805305986781 0.0032679478377613024 0.31173831964255916 0.12299355737885241 0.23446520477497215 0.070661685225167345 0.18397154598551113
leaf_weight=501.28880836442113 321.11206775531173 108.25074902921915 1981.3023156970739 166.02114154398441 17.598197430372238 156.82191590219736 81.885395981371403 4194.0968779474497 1474.4027471058071 133.97629547119141 115.63389611616731 242.56458676233888 582.91628772392869 17.347730044275522 237.50191631168127 86.890344742685556 584.31319792196155 24.007631368935108 35.187348760664463 14.212268427014349 59.997841376811266 363.67591481655836 205.23665735125542 1065.3927910961211 191.88178807497025 17.328367441892624 102.796351198107 61.6563989110291 43.123183790594339 71.942874014377594 179.14935491234064 91.956063345074654 24.406984392553568 22.68496035784483 23.964198891073465 127.84248760342598 10.57062731310725 56.844010997563601 51.822743743658066 227.43391808122396 133.5875650011003 105.02770484238863 12573.116325195879 120.21770510450006 220.50177151709795 21.501887392252684 534.68393397331238 24.119003549218178 697.37828469648957 215.78339707106352 64.623059272766113 31.567985471338034 49.010781452059746 8.6218478679656965 273.98835211992264 11.325929597020147 27.805324137210846 18.775254439562559 91.338193882256746 122.01645323261619 55.848206833004951 59.096472203731537
leaf_count=11393 2900 1261 58762 2224 249 3379 991 119118 40200 2672 1981 2868 13434 252 4239 996 13601 460 750 278 941 8372 5057 29010 4231 206 1317 1020 682 1418 5110 1767 319 341 401 3606 279 1567 1338 5504 2407 1045 385385 1853 4500 584 12534 696 6351 2072 961 727 546 191 4957 126 629 363 1920 1261 782 1181
internal_value=-0.000827043 0.109153 -0.0299039 0.164978 0.0687033 0.0610721 0.146883 -0.00170612 0.0247297 -0.0135956 0.115397 0.142749 0.0405413 0.0711431 0.0722228 0.126188 0.0265449 0.0538924 0.148225 0.233813 0.151839 0.0388525 -0.016417 0.0068608 0.0490657 0.0801053 0.0641851 0.116604 0.192342 0.156116 -0.0227889 0.120945 0.267088 0.254671 0.161831 0.0170649 0.0485388 0.0967978 0.155289 -0.00380874 0.0535453 0.174829 -0.0468905 0.160755 0.0284476 0.301843 0.00803082 -0.0307499 0.187346 0.151183 0.207178 0.142869 0.300604 -0.0132967 0.0910327 0.101209 0.0801339 0.12455 0.155176 0.185947 0.149148 0.227995
internal_weight=29537 6176.21 23360.8 2594.92 3581.3 3448.64 2273.8 8782.22 2724.47 6057.76 1278.76 692.737 2755.9 864.891 1022.63 603.443 1891.01 763.392 104.975 69.7879 629.129 658.417 5912.46 1270.63 693.171 649.627 543.712 220.413 104.78 148.387 4641.83 329.458 132.658 89.2939 105.916 447.731 268.582 140.739 83.8953 1701.84 716.504 463.108 14578.5 403.11 323.298 32.0725 1127.62 2005.42 995.047 297.669 81.9514 45.7803 71.6957 592.935 360.879 145.302 294.741 137.919 110.113 282.892 160.876 76.4442
internal_count=785565 104921 680644 31488 73433 71853 28588 235801 67334 168467 19174 9957 61896 18692 21630 8821 43204 16878 2215 1465 8106 14663 165669 34067 15624 11068 9500 3683 1702 2851 131602 6006 1580 1136 1568 12484 7374 3768 2201 45704 15841 5882 444843 4941 5817 863 26326 59458 9414 3063 1167 1005 887 13792 5953 2798 6291 2912 2283 3088 1827 1433
is_linear=0
shrinkage=0.05


Tree=4
num_leaves=63
num_cat=0
split_feature=17 17 1 49 41 40 38 49 54 44 41 38 37 38 41 34 41 41 49 42 16 29 49 49 55 49 49 52 40 5 49 49 54 49 55 49 36 41 41 40 49 49 15 49 53 42 40 49 49 47 23 49 55 5 40 5 42 49 36 36 49 54
split_gain=32509.1 4645.39 3660.14 2470.78 2152.92 1057.74 928.083 908.273 658.214 655.722 736.779 604.793 500.987 447.6 565.774 369.202 337.322 306.691 300.025 292.072 289.637 288.084 298.518 284.656 272.052 303.696 262.734 248.836 367.415 545.661 245.181 241.613 260.724 226.912 225.985 218.831 320.305 233.539 214.402 642.985 474.998 210.414 195.397 199.636 190.131 182.389 181.896 206.996 337.839 299.142 181.622 177.742 173.474 161.373 159.105 175.067 155.866 155.816 153.51 230.967 151.982 231.52
threshold=-11.750988006591795 -1.8849182128906248 284.48437500000006 247.43756103515628 7.0796411037445077 -0.52941894531249989 -27.64705657958984 255.32789611816409 -1.0000000180025095e-35 -4.5290927886962882 1.5168278217315676 -6.7058792114257804 279.35729980468756 -13.882347106933592 6.7867329120635995 6.1792631149292001 26.331639289855961 8.2887921333313006 290.50280761718756 7.4490127563476571 1.0000000180025095e-35 28.935934066772464 258.11538696289068 265.70214843750006 -0.6035533845424651 282.48001098632818 268.43287658691412 68.036495208740249 9.9608001708984393 267.14198303222662 254.46063232421878 269.73658752441412 0.37940952181816107 260.66418457031256 -0.37940952181816096 267.04945373535162 224.41176605224612 14.460176944732668 -0.14935698360204694 -2.1372680664062496 276.94873046875006 275.76867675781256 -33.00672531127929 265.70214843750006 859.75000000000011 -0.59521484374999989 14.352943420410158 286.81991577148443 287.14447021484381 -1.6821478605270384 -15.753283977508543 259.51712036132818 0.12940952181816107 217.3274841308594 0.82352447509765636 225.84973907470706 3.8901214599609379 285.57859802246099 278.52941894531256 267.94117736816412 274.91055297851568 0.91597560048103344
decision_type=2 2 2 2 2 2 2 2 2 2 2 2 2 2 2 2 2 2 2 2 2 2 2 2 2 2 2 2 2 2 2 2 2 2 2 2 2 2 2 2 2 2 2 2 2 2 2 2 2 2 2 2 2 2 2 2 2 2 2 2 2 2
left_child=2 3 5 -2 12 6 38 -3 15 10 42 -6 19 18 -15 53 24 -10 27 54 21 22 45 56 25 33 -24 44 -29 -30 -18 -26 -33 51 -28 -35 -37 -38 39 -1 -41 50 -8 -44 46 -19 -7 -48 49 -49 -34 -13 -25 -9 -5 -56 -17 -16 59 -20 61 -21
right_child=1 7 -4 4 11 13 9 8 17 -11 -12 16 -14 14 57 23 30 20 58 60 -22 -23 26 52 31 -27 34 28 29 -31 -32 32 41 35 -36 36 37 -39 -40 40 -42 -43 43 -45 -46 -47 47 48 -50 -51 -52 -53 -54 -55 55 -57 -58 -59 -60 -61 -62 -63
leaf_value=-0.0036608789252906755 0.22293410200748018 0.21657044144708346 -0.048128469665266488 0.13353485525481676 0.0078824699131398619 -0.032559073445379387 0.092053142553358225 0.18408856021267095 0.19583328194822391 0.017131982279445488 0.040228810089118501 0.086123593920618802 0.0088843628152967206 0.07916109593195908 -0.010715837131155592 0.019213768295899651 0.16112087219165203 0.11874263679010991 -0.040310259382140862 0.22281251424936643 0.16876319489964231 0.055111592486087518 0.078296007755261507 0.13450766923051424 0.029260755352991687 0.21144117385296526 0.25476417232622206 -0.011023145400537469 -0.0012693013422274461 0.2864861693643263 0.011433392819419628 0.049688528712267192 0.084942634742366241 -0.015940355545277153 0.11556699708027365 0.23943739439900602 0.24673264119496008 0.039801636425594471 -0.026252132851963435 0.28014006266059432 0.03887589120096975 0.060590459036179725 0.052408149168421014 0.20873459980465442 0.047698610433650826 0.26093286884584932 -0.015308597843979086 0.024947715643241646 0.0045128445685371906 0.36971999000629285 0.24010783856635048 0.19834235482359897 0.069055780882878004 0.093729550308116208 0.14604311533672928 0.067923308495163523 0.11100261194246959 0.075860119194097381 -0.0096879564855504984 0.21137157111943977 0.11439003529171887 0.051814149778174903
leaf_weight=648.68182848766446 223.11681573092937 361.94463706016541 13053.966408990324 355.19048664718866 1387.8237184770405 4251.7562681250274 77.715658593922853 148.42892035469413 321.85613170266151 529.20137586817145 282.1531918682158 88.442316770553589 102.57319363206625 234.42147494480014 1043.6645085923374 207.92772801592946 28.72689751163125 34.317600883543491 12.992135241627691 143.87118514068425 476.19554710760713 145.14154255762696 201.15960387513041 231.57153209671378 639.6633057706058 49.281355820596218 48.717904798686504 230.15759436413646 38.525567188858986 28.783156502991915 573.33010432869196 269.7259837500751 29.229298744350672 79.603189148008823 72.624022483825684 27.826055906713009 14.874680537730454 163.57108449563384 656.89893208444118 36.203300014138222 46.737629540264606 57.763700485229492 23.642575457692146 149.95783030614257 81.298160187900066 65.785468563437462 347.32226629555225 10.949235633015634 56.505777772516012 14.789768680930136 53.155240312218666 58.708480179309845 179.86553706973791 74.068993128836155 95.162951368838549 291.08539301529527 59.480527244508266 54.694269053637981 30.721851237118244 30.550971046090126 77.074832983314991 22.952369138598442
leaf_count=17528 2092 2828 417653 5303 35077 123067 1753 1121 2706 12237 6396 1786 2259 4773 28021 3375 324 497 378 1726 3551 1747 2790 2818 12814 913 585 6671 1104 718 12200 5105 489 1875 841 501 339 3655 18743 637 1242 974 445 2376 2288 736 9990 243 1484 308 777 978 2031 673 1102 5288 772 1431 849 812 921 330
internal_value=-0.000639024 0.0895309 -0.0312609 0.0604329 0.0525675 -0.00657152 0.021398 0.143019 0.131276 0.0565663 0.0956852 0.0335755 0.114047 -0.0171726 0.00864541 0.0981124 0.0502855 0.153162 -0.0238745 0.124995 0.140006 0.115886 0.136759 0.0797921 0.0627483 0.0938315 0.113347 -0.0253387 0.0190274 0.121783 0.0185757 0.0484643 0.0784339 0.0804467 0.171454 0.0544789 0.0816547 0.0570508 -0.00551722 0.0130999 0.144186 0.133756 0.157946 0.187445 -0.0281098 0.212187 -0.0294263 0.00158117 0.0729072 0.223056 0.185057 0.130895 0.105894 0.154008 0.109381 0.0871703 0.0396307 -0.00640467 0.0758939 0.136276 0.172458 0.199286
internal_weight=29434.1 7461.84 21972.3 4832.75 4609.64 8918.33 2451.19 2629.09 2267.14 1062.67 533.469 3521.73 1087.91 6467.13 1332.78 901.343 2133.9 1365.8 5134.35 985.337 1043.94 567.746 422.605 678.845 1531.84 482.307 322.502 5060.09 297.466 67.3087 602.057 1049.54 409.874 433.026 121.342 285.875 206.272 178.446 1388.52 731.623 82.9409 140.148 251.316 173.6 4762.62 100.103 4681.32 429.567 82.2448 25.739 82.3845 147.151 411.437 222.498 741.439 386.248 267.408 1098.36 74.265 43.5431 243.898 166.824
internal_count=785046 123899 661147 96828 94736 243494 61357 27071 24243 23207 10970 77807 16929 182137 34225 10790 42730 13453 147912 14670 10747 7196 5449 8996 30206 10047 4216 145873 8493 1822 12524 20159 7345 9134 1426 6370 4495 3994 38150 19407 1879 2240 4574 2821 137380 1233 135092 12025 2035 551 1266 2764 4849 1794 11693 6390 4147 29452 2039 1190 2977 2056
is_linear=0
shrinkage=0.05


Tree=5
num_leaves=63
num_cat=0
split_feature=17 38 1 41 49 49 40 38 39 40 17 44 41 39 49 42 49 49 49 49 54 52 49 49 40 48 48 53 50 43 5 12 49 48 48 49 40 41 42 34 3 11 17 41 49 49 48 48 48 41 40 49 40 52 54 28 51 48 23 1 49 33
split_gain=28280.1 4066.94 3031.12 1823.55 1231.06 1015.12 960.014 727.886 694.839 557.821 491.191 478.39 497.104 447.974 323.535 318.739 294.685 467.665 429.834 366.108 348.598 336.631 267.855 323.846 535.216 274.331 373.64 258.784 250.048 243.985 240.713 231.052 233.236 219.058 210.98 208.416 199.14 190.456 200.364 186.67 186.668 198.537 184.376 180.036 179.465 245.111 251.733 171.382 173.531 171.179 586.227 308.013 169.258 189.375 157.895 157.608 156.913 156.077 155.331 153.2 150.59 278.19
threshold=-13.214450836181639 -2.8235244750976558 284.48437500000006 7.2805666923522958 247.43756103515628 255.59030914306643 -0.52941894531249989 -27.64705657958984 -1.2745085358619688 3.8627319335937504 -5.6594009399414054 -4.5290927886962882 2.7746309041976933 -44.849676132202141 267.04945373535162 6.8806152343750009 259.72676086425787 263.06666564941412 274.50689697265631 270.65731811523443 0.78656607866287243 24.303702354431156 269.73658752441412 259.31796264648443 27.176460266113285 0.32932555675506597 0.90872198343276989 17.208333015441898 126.96470260620119 -3.6650924682617183 211.81697845458987 -38.651575088500969 286.69125366210943 -0.47515141963958735 -0.53677642345428456 286.41694641113287 14.901954650878908 4.5955033302307138 8.0741729736328143 3.3742258548736577 237.70942687988284 254.06922912597659 -7.171337127685546 29.746066093444828 259.93206787109381 259.51712036132818 0.95832794904708873 0.11192005872726442 0.15471708774566653 -0.42216905951499933 -2.4902038574218746 277.57534790039068 15.215675354003908 73.961242675781264 -1.0000000180025095e-35 19.514997482299808 17.828623771667484 -0.19414439797401425 -34.108169555664055 262.00515747070318 274.68690490722662 11.146463871002199
decision_type=2 2 2 2 2 2 2 2 2 2 2 2 2 2 2 2 2 2 2 2 2 2 2 2 2 2 2 2 2 2 2 2 2 2 2 2 2 2 2 2 2 2 2 2 2 2 2 2 2 2 2 2 2 2 2 2 2 2 2 2 2 2
left_child=2 3 6 13 -5 -3 7 49 9 -7 15 12 33 -2 44 -6 20 21 19 42 27 -18 23 24 28 -24 43 -15 -11 -8 -25 52 37 -9 -20 -17 47 38 -33 59 -36 -42 -19 -27 45 55 -47 60 -49 50 -1 -52 -31 -54 -29 -12 -41 -58 -37 -21 61 -16
right_child=1 5 -4 4 10 8 29 11 -10 22 14 -13 -14 16 36 35 17 18 34 39 -22 -23 25 30 -26 26 -28 54 -30 31 -32 32 -34 -35 40 58 -38 -39 -40 56 41 -43 -44 -45 -46 46 -48 48 -50 -51 51 -53 53 -55 -56 -57 57 -59 -60 -61 -62 -63
leaf_value=-0.0090239007289377969 -0.0059403786818158022 0.18271307393091907 -0.047847451749510807 0.1770695770041596 -0.0032509503421945581 0.13016371605250662 -0.038902661735764357 0.17034736931609615 0.15147277732477094 0.11900580474697738 0.058395058099128941 0.013260022728963115 0.011729311261240457 0.057770787639116972 0.14415426801999195 0.032946952812074451 0.0003287149600428296 0.055796736956837949 0.0056917624205063792 0.27718936779322084 0.041310822184223217 0.13189006813796578 0.06649203320552069 0.083376949312320328 0.025033264480525327 0.24675293595498818 0.008299885773358457 0.15328602225649463 0.27269858241988837 -0.027986328934168775 0.012743940361253035 0.0058980216327642627 0.05005237528195864 0.087937382025258276 0.147304073379013 0.065042304321668284 0.010752135940898098 -0.014028690285936597 0.10185487249016495 0.20747246214386839 -0.013038032829140548 0.095240691422182736 0.14560868164339155 0.13298185561446832 -0.0073761820385091926 0.054227708145463217 0.21846902254773243 0.22255280940947775 0.091009496603510445 -0.023067925648014249 0.21205332473259189 0.043504134484672469 0.011698055725684206 0.23687844433712979 0.25436799570545421 -0.0026173554455209101 0.035815140843352813 0.22140356044404197 0.29326917113558326 0.13680127946933918 -0.0072099953414308656 0.0078820603052499362
leaf_weight=542.81909799575806 99.313110245391726 538.12981990352273 12483.313318852335 138.55799178779125 1478.7779568769038 670.45821606367826 1296.9463457465172 117.60654971003532 674.10861796140671 256.10296954214573 192.41138051450253 487.57749475166202 174.90451119467616 32.938963267952204 75.079863455146551 586.98125660791993 190.81711111217737 112.92273424938321 88.491167571395636 75.820560228079557 53.871954888105392 65.248572167009115 163.0709514953196 178.45274560526013 181.22761742398143 73.66092386841774 34.046165842562914 66.743269547820091 29.51386720687151 2359.8255704455078 372.20503417775035 218.30769157037139 193.03249358385801 256.53146819025278 105.72328598052263 16.557295981794599 122.32840482518077 1674.8540191352367 72.457172188907862 54.862394224852324 57.848561774939299 157.85603907890618 115.68921465054154 65.864491406828165 289.79070300608873 67.998374793678522 35.515089731663465 26.783352922648191 392.2503059618175 717.98282847926021 48.336343064904213 61.710710912942886 141.13493397086859 9.9983361884951574 91.729410827159882 235.27738236635923 39.990651275962591 15.806252438575028 13.561730388551949 26.130013205111027 84.779543783515692 74.726075209677219
leaf_count=14796 2330 3942 417865 1216 37831 5368 38562 1836 4487 3481 3491 11275 4105 412 1164 13511 3063 1957 1332 813 852 1002 1943 1596 2420 771 484 717 359 70226 6224 5470 4937 4561 1201 359 2417 47463 1406 908 991 2173 1491 708 6161 1146 495 454 6911 20722 762 1611 3841 184 1010 5035 649 269 242 305 1401 1266
internal_value=-0.000881798 0.0758744 -0.0322359 0.048835 0.0307525 0.120008 -0.0089636 0.017688 0.107505 0.092865 0.0252626 0.049304 0.0813128 0.0965554 0.0461534 0.009345 0.104082 0.0930966 0.11092 0.145169 0.153668 0.0338521 0.0743978 0.0616068 0.0922424 0.113059 0.156808 0.18529 0.134887 -0.0197174 0.0356341 -0.0143888 -0.00239343 0.113842 0.0740566 0.0395291 0.0693028 -0.00754384 0.02981 0.192397 0.0928779 0.0662021 0.101246 0.193046 0.0242741 0.0415405 0.110578 0.0802609 0.0994173 -0.00621963 0.0123091 0.117537 -0.0247011 0.026595 0.211796 0.0248313 0.147428 0.088389 0.167806 0.241208 0.0460421 0.0761791
internal_weight=29377.4 8520.02 20857.3 5283.18 3831.38 3236.84 8374.03 2407.47 2698.71 2024.6 3692.82 1036.62 549.043 1451.8 1596.94 2095.88 1352.49 1107.21 851.141 441.222 245.284 256.066 1354.14 1017.5 466.844 336.643 173.572 191.412 285.617 5966.56 550.658 4669.61 2158.65 374.138 409.919 617.1 775.948 1965.62 290.765 212.61 321.428 215.705 228.612 139.525 820.993 531.202 103.513 653.619 419.034 1370.85 652.866 110.047 2510.96 151.133 158.473 427.689 110.659 55.7969 30.119 101.951 234.585 149.806
internal_count=785980 136358 649622 104575 83100 31783 231757 59668 27841 23354 81884 21777 10502 21475 29941 51943 19145 16154 12089 6392 2991 4065 17986 14080 6260 3906 1963 2139 3840 172089 7820 133527 59276 6397 5697 14112 13613 54339 6876 2944 4365 3164 3448 1479 16328 10167 1641 11196 7365 37891 17169 2373 74251 4025 1727 8526 1826 918 601 1118 3831 2430
is_linear=0
shrinkage=0.05


Tree=6
num_leaves=63
num_cat=0
split_feature=38 36 1 41 49 40 49 11 38 40 17 41 49 41 49 17 41 53 29 11 3 55 41 53 55 48 49 48 29 39 49 48 23 53 36 39 38 51 40 49 48 41 17 36 49 38 14 36 37 48 41 53 29 29 53 49 48 3 39 53 36 36
split_gain=24563 3438.69 2891.62 1805.94 1071.84 794.876 765.135 519.75 493.038 582.056 483.81 260.315 242.267 407.508 234.982 228.982 267.51 229.312 240.847 242.062 294.335 221.995 216.771 203.854 202.559 424.642 201.028 200.16 246.252 198.372 189.027 179.636 178.578 177.872 169.332 164.902 348.609 155.099 154.16 232.248 222.769 378.136 150.731 148.971 151.66 147.388 145.467 145.252 149.852 144.788 174.534 142.332 142.298 139.82 211.085 139.788 130.221 128.193 127.211 126.734 126.661 168.086
threshold=-12.588233947753904 220.88235473632815 284.48437500000006 6.6899056434631357 247.43756103515628 -0.52941894531249989 254.46063232421878 278.43545532226568 -0.70587921142578114 15.862731933593752 -6.5656929016113272 25.773903846740726 259.72676086425787 2.1704207658767705 290.50280761718756 -14.7785587310791 6.3272812366485605 805.25000000000011 16.001280784606937 264.82698059082037 252.99003601074222 0.60355338454246532 1.139674246311188 28.708333015441898 0.98296290636062633 -0.49895256757736201 286.99784851074224 0.59851765632629406 15.019815444946291 -6.2992000579833975 268.64752197265631 0.04865998029708863 -16.888421058654782 1089.1666564941409 226.76470184326175 -31.137981414794918 -25.41176605224609 36.701768875122077 15.215675354003908 256.94619750976568 0.1445879936218262 18.62987041473389 -11.750988006591795 225.58824157714847 271.22605895996099 -27.294120788574215 -13.515743255615233 256.17646789550787 258.64198303222662 0.50687783956527721 7.6736869812011728 956.33334350585949 7.5255737304687509 1.6641530990600588 81.666667938232436 282.48001098632818 0.90649205446243297 259.90470886230474 -29.580248832702633 233.16666412353518 278.52941894531256 267.94117736816412
decision_type=2 2 2 2 2 2 2 2 2 2 2 2 2 2 2 2 2 2 2 2 2 2 2 2 2 2 2 2 2 2 2 2 2 2 2 2 2 2 2 2 2 2 2 2 2 2 2 2 2 2 2 2 2 2 2 2 2 2 2 2 2 2
left_child=2 6 5 12 37 7 -2 22 9 23 26 27 21 -14 15 17 -17 18 -7 -20 -21 -3 24 -8 35 -26 38 30 -29 -13 -12 34 -32 45 -15 36 -1 -5 39 40 -6 46 51 44 -41 -9 -42 48 -37 50 -25 -24 -28 -23 -55 -11 -51 -18 -33 -52 61 -16
right_child=1 3 -4 4 10 14 8 33 -10 55 11 29 13 31 60 16 57 -19 19 20 -22 53 42 49 25 -27 52 28 -30 -31 32 58 -34 -35 -36 47 -38 -39 -40 43 41 -43 -44 -45 -46 -47 -48 -49 -50 56 59 -53 -54 54 -56 -57 -58 -59 -60 -61 -62 -63
leaf_value=0.044734986577547292 0.1637704448811183 0.048280622634460896 -0.047640678911395014 0.16895192601690387 -0.012206284564932899 -0.030625620282715284 0.059027666340208777 -0.017993298917111478 0.11809667082265951 0.032077616407182437 0.012440916350890181 -0.014764035251611822 0.12784898630054575 0.10237786823510622 -0.037249703020777326 0.061251964728822932 -0.015368021522401177 0.041396941421067715 -0.039369607694513281 0.31280100508370501 0.023648294957757981 0.22454046205459074 0.00039847648844419295 0.13517468959442577 0.052331801212780964 0.4124786315852646 0.032020508933427526 0.11105531266206065 0.044775163159324116 0.06548193085371122 0.025115540409913623 0.061935941178434595 0.09017413895996744 0.14200615149863113 0.045656318137433288 -0.0092095965837974605 0.15682524602860895 0.035708944854865587 -0.025683589423752529 0.022365375576462662 0.3881804346980014 0.034299049721466607 0.086720670514733075 -0.00044940945472295049 0.1498781186227007 0.027206059571021068 0.13716977777178338 -0.013820386473800567 0.1212441305748818 0.18554054374106854 0.060698791652710929 0.17150479257692419 0.17706106148376299 0.060484747857982302 0.17970079308742351 0.15482776345481791 0.046903635538652004 0.072538780077288256 0.21698822639533921 0.1229237760352717 -0.015942670113885921 0.16708477926529453
leaf_weight=297.13642971776426 496.93437474966049 60.050979170948267 11920.585340524092 145.04565529897809 35.884955707937479 4124.6918942518532 224.93145889416337 1017.6100466996431 1410.4261585958302 549.22175504267216 464.7788213789463 317.84249950200319 334.26998600363731 164.7660073004663 13.719775626435874 160.73452073708177 682.71023367159069 127.4124748352915 189.50237748026848 9.0514880307018739 317.91420809552073 56.508383620530367 456.33895126916468 256.75000648573041 24.76493052393198 12.225051712244747 44.869687736034393 239.47260738536716 337.8353219255805 101.643669269979 204.60092518106103 22.997160708531737 217.7161517739296 19.554138213396072 653.2364894580096 37.61347595974803 90.489881321787834 25.712020199745893 411.13679210469127 81.268061548471451 15.434668872505428 32.304404035210609 64.067053306847811 1427.4084850754589 32.702110286802053 219.2122475579381 9.2197031341493112 142.37932709977031 53.077640034258366 103.20796461775899 245.22831282392144 12.486346922814844 27.138845905661583 61.29303327947855 94.186840936541557 24.216029793024063 20.263541359454393 44.154847305268049 31.14158508181572 122.80721170082688 30.490720564499497 37.774675279855728
leaf_count=6736 2902 851 417526 1089 811 125401 2547 29081 9864 8292 8823 6986 3154 1636 409 3137 18353 3528 5740 273 8598 484 11012 1860 558 209 1001 4108 6393 1844 3499 455 3327 490 10170 712 1435 242 10851 1744 368 771 1012 36157 603 4913 199 3013 843 1157 2896 275 523 654 785 238 321 1213 497 1387 844 827
internal_value=-0.00107426 0.0670616 -0.0319282 0.0430369 0.0262098 -0.00904497 0.106364 0.0148156 0.0967171 0.0772203 0.0209744 0.0394067 0.0905211 0.0809099 -0.01922 -0.0204381 0.00288006 -0.0247785 -0.0265952 0.00559339 0.031653 0.133144 0.0384876 0.100766 0.057692 0.171359 0.00457456 0.0493543 0.0722688 0.00467998 0.0344419 0.0629193 0.0586551 -0.00761671 0.0570814 0.0509181 0.070902 0.148889 0.00168384 0.00856892 0.0853702 0.146845 0.0147858 0.00394285 0.0589533 -0.00998224 0.294313 0.0176823 0.0671394 0.113312 0.103535 0.0049556 0.0866839 0.157184 0.132704 0.0372613 0.162788 -0.010028 0.151125 0.0814622 0.0648216 0.112644
internal_weight=29210.2 9104.45 20105.7 5650.47 4172.02 8185.11 3453.99 2446.96 2957.05 1546.63 4001.26 1883.89 1478.45 1206.41 5738.16 5656.17 887.6 4768.57 4641.16 516.468 326.966 272.039 1190.58 973.188 657.687 36.99 2117.37 1464.4 577.308 419.486 887.096 872.141 422.317 1256.38 818.002 620.697 387.626 170.758 2045.36 1634.22 92.8437 56.9588 532.892 1541.38 113.97 1236.82 24.6544 233.07 90.6911 748.257 624.786 468.825 72.0085 211.988 155.48 573.438 123.472 726.865 54.1387 368.036 81.9852 51.4945
internal_count=785627 139489 646138 108025 89339 228612 31464 60289 28562 18698 88008 34980 18686 15912 168323 166243 22703 143540 140012 14611 8871 2774 25805 10168 13506 767 53028 26150 10501 8830 15649 12758 6826 34484 11806 12739 8171 1331 51504 40653 2149 1338 12299 38504 2347 33994 567 4568 1555 7621 6143 11287 1524 1923 1439 8530 1478 19566 952 4283 2080 1236
is_linear=0
shrinkage=0.05


Tree=7
num_leaves=63
num_cat=0
split_feature=17 7 38 41 40 49 38 15 49 49 49 44 41 34 43 54 48 48 49 29 38 13 49 41 40 49 54 29 49 29 49 55 34 31 49 49 40 48 38 52 29 49 49 49 39 29 38 49 29 52 31 38 4 48 37 42 49 54 49 39 49 38
split_gain=21438.9 2923.79 2553.12 1070.49 817.351 691.642 601.703 577.312 486.08 472.836 365.809 323.968 295.236 291.485 243.241 239.368 235.854 233.194 222.228 215.122 206.302 205.357 210.378 200.539 431.288 225.884 199.85 224.956 267.243 200.513 197.213 186.608 217.4 178.582 176.901 167.187 162.985 161.225 159.695 157.538 205.048 224.166 478.047 155.2 214.37 148.786 144.448 139.392 138.55 159.586 323.992 144.794 215.025 137.345 120.547 135.489 136.141 253.387 138.034 119.326 191.974 119.086
threshold=-13.214450836181639 285.43557739257818 -3.6470565795898433 7.7702677249908456 -0.35292053222656244 255.59030914306643 -27.64705657958984 -0.98665618896484364 270.15548706054693 247.43756103515628 276.94873046875006 -4.5290927886962882 2.5136741399765019 24.646006584167484 -4.2396392822265616 -1.0000000180025095e-35 0.1227008104324341 0.90649205446243297 282.31869506835943 1.7416391372680666 -7.8235244750976554 -38.532485961914055 286.69125366210943 -0.14935698360204694 -2.5686340332031246 276.94873046875006 0.78656607866287243 17.05646896362305 260.66418457031256 28.935934066772464 259.51712036132818 -0.6035533845424651 6.1792631149292001 6.6106767654418954 255.95982360839847 275.56561279296881 14.901954650878908 -0.46314680576324457 -35.647056579589837 88.222122192382827 6.0852251052856454 275.10462951660162 282.01361083984381 278.50158691406256 -41.872186660766594 8.6086158752441424 -18.176483154296871 274.68690490722662 7.2895059585571298 45.53399848937989 19.726813316345218 -30.235282897949215 277.67614746093756 -0.49165731668472284 248.77632141113284 -9.1454620361328107 271.22605895996099 0.60355338454246532 274.13537597656256 -6.2992000579833975 258.98173522949224 -1.5294113159179685
decision_type=2 2 2 2 2 2 2 2 2 2 2 2 2 2 2 2 2 2 2 2 2 2 2 2 2 2 2 2 2 2 2 2 2 2 2 2 2 2 2 2 2 2 2 2 2 2 2 2 2 2 2 2 2 2 2 2 2 2 2 2 2 2
left_child=1 4 3 10 6 -4 23 8 15 -5 19 12 37 16 -6 -7 54 31 20 -2 -18 39 33 24 -1 35 27 30 29 59 -17 -10 47 46 -9 -26 -22 -8 -3 -16 -41 -42 -43 -12 -45 -20 -23 -33 -24 51 -51 52 -50 -21 55 -11 -57 -58 -59 -29 61 -61
right_child=2 38 5 9 14 7 11 34 17 13 43 -13 -14 -15 21 26 18 -19 45 53 36 22 48 -25 25 -27 -28 28 -30 -31 -32 32 -34 -35 -36 -37 -38 -39 -40 40 41 42 -44 44 -46 -47 -48 -49 49 50 -52 -53 -54 -55 -56 56 57 58 -60 60 -62 -63
leaf_value=-0.0098578630773245284 0.10653588459381309 -0.048927233194739142 0.13254750491087994 0.11842673325841922 -0.040119969286196426 0.029098353177774192 0.13344986494352354 0.0074366408462827344 0.17308682803810482 0.143937209055473 -0.036596451638605462 0.013646340504098416 0.019262250851989512 -0.012088770062905903 -0.028819870006979172 0.19192271048696341 0.0057842767448750268 -0.027892932057453537 0.046589511115241511 0.10892204672442048 0.057747258344543799 -0.011438852030514226 -0.0016035209704849528 -0.026674007529276351 0.051163675681217186 0.029693796494902582 0.030522934405329195 0.028652525148896758 -0.029241978367987975 0.014161262093717184 0.092349086641926537 0.17639937926781402 0.072531261061179839 -0.017104277624069717 0.10759697765803994 0.20048753797520069 0.0094815510451896345 0.068202101610051788 -0.030746225097412955 -0.037276134510967701 -0.033964346237543713 0.43894349831921409 -0.0065294280444134576 -0.021746949543650657 0.070229582856517897 0.13364169743667284 0.038831276972559864 0.093429683555674201 0.19824852825194753 0.40464395773769335 0.011292119263774391 0.0023732964962369031 -0.012528166626545512 0.052206297195466135 -0.015675246901547878 -0.002116742220020782 -0.0048693035807428099 0.18055807898511778 0.0072137617001724538 0.036248458546163188 0.26532488313094937 0.14865321350918839
leaf_weight=581.41111310198903 553.39312676340342 10314.305859996006 738.23194343596697 118.19105457514524 1052.4997080005705 789.16252211853862 147.70199774764478 45.526832558214664 87.585038367658854 21.419433709233999 75.775429675355554 527.68305262736976 214.40093553252518 694.95804902538657 1799.6281814146787 68.937108006328344 580.14937631972134 34.699990406632423 110.53674733638763 134.93687088787556 626.98177825659513 269.30501582100987 113.99360906146467 646.72306367382407 30.769392281770706 103.23042865470052 245.90897492691875 32.448072358965874 70.761040486395359 74.17629461362958 178.44125695899129 105.59567840024829 380.51154884323478 1667.5530310720205 1390.695233926177 47.966640792787075 242.58099465444684 263.71684688329697 1367.9930783864111 38.01839910261333 13.748851366341112 12.200995892286302 11.892471995204685 89.540158566087484 216.59037958644331 88.289480354636908 304.44437296129763 97.236675851047039 30.368551645427942 10.054486833512785 10.921081498265265 67.66277577355504 20.114123849198222 510.90875319391489 420.95950419642031 324.25717923045158 71.768937915563583 43.585476916283369 15.592978458851574 37.809324637055397 23.404375031590462 62.535108026117086
leaf_count=16234 6211 378432 4833 873 33161 11191 1902 431 821 322 1297 11888 4811 16830 56161 497 14907 583 2087 1865 12077 7705 3113 19481 652 2652 2889 518 1360 979 1828 669 4229 49711 9179 564 4999 4046 47313 1179 379 275 279 1984 2597 1521 6554 700 544 212 237 1674 514 7730 9719 6752 1446 674 279 644 314 606
internal_value=-0.00116956 -0.0308593 0.0609254 0.0361619 -0.00754301 0.0883338 0.0157207 0.0795724 0.0639821 0.0201942 0.0700867 0.0425033 0.0668351 0.016612 -0.0185416 0.0486024 0.0244458 0.0984975 0.0356748 0.0836585 0.0288763 -0.0133445 -0.00394591 -0.00618812 0.0111672 0.0783457 0.0679773 0.0847688 0.0557469 0.0818519 0.120097 0.105034 0.0948168 -0.00882561 0.104422 0.142133 0.0442826 0.0916265 -0.0467982 -0.0258446 0.0447366 0.127131 0.219059 0.0274694 0.0433274 0.0852453 0.0152356 0.136624 0.0392634 0.072749 0.199842 0.0501848 0.114267 0.0640559 0.00382223 0.0210426 0.0152599 0.0582885 0.134883 0.113998 0.136376 0.1063
internal_weight=29072.4 19668.3 9404.08 4940.42 7986.01 4463.67 2563.6 3725.44 2289.21 3359.27 1581.14 1153.5 625.82 3241.08 5422.41 1583.58 2546.12 705.629 1648.54 1199.24 1449.71 4369.91 2494.42 1410.1 763.378 181.966 794.422 548.513 301.134 230.373 247.378 670.929 583.344 2241.3 1436.22 78.736 869.563 411.419 11682.3 1875.49 75.8607 37.8423 24.0935 381.906 306.131 198.826 573.749 202.832 253.115 139.121 20.9756 118.145 50.4827 645.846 897.584 476.624 455.205 130.947 59.1785 156.197 123.749 100.344
internal_count=786114 649673 136441 94170 223928 42271 62230 37438 27828 72486 21684 22647 10759 71613 161698 20826 54783 7002 35591 15806 31983 128537 70264 39583 20102 3868 9635 6746 4421 3061 2325 6419 5598 63970 9610 1216 17076 5948 425745 58273 2112 933 554 5878 4581 3608 14259 1369 6294 3181 449 2732 1058 9595 19192 9473 9151 2399 953 2082 1564 1250
is_linear=0
shrinkage=0.05


Tree=8
num_leaves=63
num_cat=0
split_feature=17 1 36 41 49 31 5 17 49 49 42 53 41 53 49 15 41 55 49 49 42 41 49 34 27 49 12 49 19 41 53 54 23 44 43 49 29 29 49 49 48 48 41 48 41 5 49 13 54 49 49 36 11 23 46 21 11 11 49 53 29 49
split_gain=19078.4 2675.73 2396.79 1236.91 1014.83 587.992 745.899 434.739 386.969 306.653 270.573 249.139 224.279 222.757 262.273 219.272 233.883 213.731 224.447 203.763 201.459 193.425 186.01 185.984 304.095 187.219 174.695 173.992 173.706 171.886 169.076 168.868 168.637 157.454 154.465 152.638 150.494 144.286 144.261 262.178 148.58 143.162 136.824 181.148 134.256 136.507 126.527 126.523 125.752 123.666 160.655 137.93 132.25 262.851 121.87 121.258 121.114 116.908 116.159 115.68 113.541 151.213
threshold=-14.7785587310791 285.08775329589849 217.94117736816409 6.8871958255767831 247.43756103515628 2.5679141283035283 272.73497009277349 -5.6594009399414054 254.46063232421878 276.94873046875006 5.2663574218750009 1089.1666564941409 26.331639289855961 165.66666412353518 270.83627319335943 1.0000000180025095e-35 10.185907840728762 0.37940952181816107 259.72676086425787 290.50280761718756 7.0202407836914071 1.3459258079528811 280.31988525390631 -0.3270608633756637 -1.963290214538574 276.94873046875006 -38.893638610839837 276.13734436035162 -45.467800140380852 2.5136741399765019 1089.1666564941409 0.91597560048103344 -2.0248390436172481 -5.8112545013427725 -4.6733932495117179 288.57763671875006 16.001280784606937 1.7014417648315432 267.04945373535162 259.93206787109381 0.95832794904708873 -0.016086071729660031 21.935365676879886 0.11192005872726442 0.20721228420734408 255.50248718261722 274.50689697265631 -35.164815902709954 -1.0000000180025095e-35 256.60597229003912 272.01187133789068 225.00000762939456 246.17847442626956 -19.552419662475582 4.8778467178344735 -3.7955713272094722 235.68387603759768 270.84846496582037 286.69125366210943 212.86110687255862 31.354249954223636 258.98173522949224
decision_type=2 2 2 2 2 2 2 2 2 2 2 2 2 2 2 2 2 2 2 2 2 2 2 2 2 2 2 2 2 2 2 2 2 2 2 2 2 2 2 2 2 2 2 2 2 2 2 2 2 2 2 2 2 2 2 2 2 2 2 2 2 2
left_child=1 5 8 9 -5 6 20 10 -2 13 -6 19 32 14 17 16 -10 -4 37 26 41 -22 -11 24 -8 27 36 -26 -24 33 -25 -30 38 -28 -31 -27 -7 -19 39 40 -9 44 43 -12 45 -1 -16 -37 -15 52 51 -51 -45 -54 -52 -40 -42 -20 -36 -41 61 -18
right_child=2 -3 3 4 7 11 23 12 15 22 42 -13 -14 48 46 -17 60 18 57 -21 21 -23 28 30 25 35 29 -29 31 34 -32 -33 -34 -35 58 47 -38 -39 55 59 56 -43 -44 49 -46 -47 -48 -49 -50 50 54 -53 53 -55 -56 -57 -58 -59 -60 -61 -62 -63
leaf_value=0.1289273347268336 0.13455596737815917 -0.047767908565824538 -0.0084796828639726995 0.1202400787124792 -0.0081368024604704017 -0.03326948667140351 -0.018345992763877696 0.041358266034398301 0.10050621292797257 -0.011763822712728401 0.010774415598124445 0.0682468446129747 0.0095550453713567334 0.076471433544164205 0.12368030383826195 0.10575122683321972 0.094887636971781805 0.1687110400101238 0.031378084411850894 0.052892056319970307 0.1046486411822653 0.036906314046573928 -0.024089822025725113 -0.035227827130334288 0.04503757572246158 -0.010270523030521936 0.15916719680761071 0.19390886481103586 0.055885140307098846 -0.037943687603249024 0.12686486193179922 0.16633809802034039 0.22151609316719029 0.017845020909697442 -0.012219955346635896 0.056380051349946315 0.01237562948938071 0.076838745997465985 0.052634192684876957 -0.025225510773398047 0.20040579706285941 0.15115563586558489 -0.0018789280591586751 0.021609188218160439 -3.6082435704809747e-05 0.031540473422643517 0.056851587543674989 0.28950206435101633 0.12356180212422559 0.15934656482555656 0.070934796702179309 0.013390994365640891 0.056978501322661745 0.38976983194525205 0.191542555887561 0.13633621939350427 0.037812883834417624 0.15411994051037792 0.028881441089196647 0.048717901652745407 0.027509613629769655 0.05472784097505088
leaf_weight=41.468072609975934 436.63989858329296 10563.36290666461 130.61067483015358 265.15151692554355 1495.9564926866442 2537.9546837806702 443.99233578890562 436.74231511726975 574.11702028661966 148.09141178056598 347.63689817301929 81.357613189145923 617.59123814851046 232.41740172728896 230.62206044793129 785.49183920025826 357.57417154684663 61.10210233181715 333.14811796322465 94.457934100180864 194.42131954804063 230.06563483923674 54.07925090380013 707.48221865668893 41.433267574757338 103.96792119368911 24.12839506007731 37.291598562151194 199.34398409537971 561.3354668635875 16.462056702002883 41.8732676692307 13.377754643559454 107.61732597835362 1717.6753289084882 22.117530120536689 194.41314364410937 142.18049859441817 870.68839394673705 236.68582538515329 28.241503935307264 21.57457853294909 329.54005611501634 13.385045461356638 370.49313346855342 272.02943327464163 102.2198518384248 7.8988359533250323 363.50709052570164 17.607910629361868 102.35987387783825 200.53510914929211 12.253518385812638 11.503824092447759 26.333792669698596 45.531758598983288 19.267109993845224 20.599414426833391 191.01868959702551 68.115000057965517 201.04733428359032 680.41370187699795
leaf_count=667 2138 404931 1887 1680 39099 82357 12595 7001 3542 2259 7323 2102 10890 2409 2458 4277 3420 467 4245 2389 2430 4507 1331 22133 993 2755 387 408 2280 18216 416 434 121 2722 50375 580 5336 1330 12844 4616 323 505 7878 257 8856 6011 1229 192 3981 301 2098 4685 239 194 513 371 251 268 4686 1271 1765 6780
internal_value=-0.00102744 -0.0312359 0.0537237 0.0380479 0.024969 -0.00946299 0.0105922 0.0198066 0.0910028 0.0708025 0.00556151 -0.0186015 0.0353984 0.0809066 0.0667225 0.0836847 0.0741251 0.0490872 0.0625853 -0.019903 0.0407157 0.0679333 0.0339671 -0.0140637 0.00520428 0.0543613 -0.0211921 0.115557 0.0569012 -0.0119193 -0.0315419 0.0750588 0.0446851 0.0437273 -0.0148873 0.0184045 -0.0300218 0.104453 0.0432979 0.027627 0.0504929 0.0243408 0.0248726 0.0369222 0.0203408 0.0444224 0.103156 0.117726 0.105196 0.0605953 0.0513096 0.0251721 0.147305 0.218123 0.095614 0.0567938 0.134466 0.0385256 -0.0081066 -0.0087011 0.0619011 0.0685624
internal_weight=28837.6 18584 10253.6 7218.3 5158.5 8020.66 2510.7 4893.35 3035.28 2059.8 2557.11 5509.96 2336.24 1616.41 1020.48 2598.64 1813.15 687.641 557.03 5428.6 1130.05 424.487 443.388 1380.65 656.701 212.709 5334.14 78.7249 295.297 2601.78 723.944 241.217 1718.65 131.746 2470.03 133.984 2732.37 203.283 1705.27 789.052 484.251 705.565 1061.16 731.616 683.991 313.498 332.842 30.0164 595.924 383.979 346.837 218.143 37.1424 23.7573 128.694 916.22 47.5086 353.748 1908.69 304.801 1239.04 1037.99
internal_count=785004 636549 148455 126533 101955 231618 63048 100275 21922 24578 62587 168570 37688 18274 11884 19784 15507 8197 6310 166468 22976 6937 6304 40072 17523 4928 164079 1401 4045 76386 22549 2714 26798 3109 73277 3527 87693 1797 26677 13462 7575 16039 23488 15610 15534 6678 3687 772 6390 8287 7597 4986 690 433 2611 13215 574 4513 55061 5887 11965 10200
is_linear=0
shrinkage=0.05


Tree=9
num_leaves=63
num_cat=0
split_feature=17 1 36 40 49 40 37 17 49 49 49 49 41 43 14 42 41 36 40 49 30 45 40 29 48 23 4 45 37 48 29 49 55 52 49 49 36 36 43 47 49 48 23 41 51 29 49 41 49 48 48 52 48 46 51 50 54 36 17 41 49 48
split_gain=17137.8 2735.52 1921.02 1017.75 735.036 674.542 461.392 326.317 309.153 256.75 273.214 340.057 232.837 217.732 235.298 213.05 225.904 197.765 264.017 188.782 163.336 161.492 178.469 152.879 151.532 150.175 147.563 157.595 143.553 138.861 179.913 196.754 137.991 191.859 159.972 481.52 133.768 131.414 127.536 194.89 125.823 166.157 146.038 123.866 167.439 165.951 122.09 226.848 172.745 126.246 112.989 112.738 112.147 111.796 111.646 110.681 148.33 107.147 106.899 103.736 169.479 216.515
threshold=-13.95042037963867 284.93038940429693 217.35294342041018 2.1764755249023442 247.43756103515628 -0.52941894531249989 279.35729980468756 -7.171337127685546 255.59030914306643 274.91055297851568 270.83627319335943 259.72676086425787 28.908982276916507 -3.8460693359374996 -37.508335113525384 5.7833557128906259 2.4129730463027959 209.11765289306643 28.66666412353516 286.69125366210943 5.8698511123657235 6.7337503433227548 15.549011230468752 7.1702222824096689 -0.53158730268478382 -25.071209907531735 213.36898040771487 12.60835647583008 263.25708007812506 0.53181481361389171 14.415184974670412 282.48001098632818 -0.6035533845424651 49.095659255981452 281.83038330078131 276.58561706542974 223.82353210449222 251.47058868408206 -0.35939025878906244 -0.12432658672332762 260.24180603027349 0.95832794904708873 -5.0849182605743399 23.847252845764164 62.911327362060554 16.001280784606937 258.98173522949224 7.6736869812011728 266.37236022949224 0.11192005872726442 -0.40797063708305353 19.516024589538578 -0.21550649404525754 3.8410034179687504 49.140419006347663 104.96093368530275 -1.0000000180025095e-35 282.05882263183599 -9.5348014831542951 0.11619454994797708 275.76867675781256 -0.50708106160163868
decision_type=2 2 2 2 2 2 2 2 2 2 2 2 2 2 2 2 2 2 2 2 2 2 2 2 2 2 2 2 2 2 2 2 2 2 2 2 2 2 2 2 2 2 2 2 2 2 2 2 2 2 2 2 2 2 2 2 2 2 2 2 2 2
left_child=1 5 8 9 54 6 15 21 -2 10 11 28 26 -7 32 38 50 -10 46 20 37 22 -6 -21 -13 -12 -9 29 -4 -28 -31 40 33 -15 35 -35 -26 -16 39 -1 41 -32 -42 44 45 -25 55 -48 -49 -50 -17 -27 -38 -44 -5 56 -19 -3 -11 60 -41 -62
right_child=2 57 3 4 7 13 -8 12 17 58 25 24 -14 14 19 16 -18 18 -20 23 -22 -23 -24 43 36 51 27 -29 -30 30 31 -33 -34 34 -36 -37 52 -39 -40 59 42 -43 53 -45 -46 -47 47 48 49 -51 -52 -53 -54 -55 -56 -57 -58 -59 -60 -61 61 -63
leaf_value=-0.02480115189249912 0.12064406153824077 -0.037274221471565137 0.11199022922193032 0.10886646455664728 0.018028084826510082 -0.038833553955191322 -0.010040421408774328 0.11291273875817848 0.095666707522654298 0.0083955930837664363 0.061447694655396137 0.11372957529826007 -0.0018193660678425573 -0.017416542565645957 0.039839372961650521 0.10582790916743055 0.012619233915859136 0.039582564878214453 0.023720025118974856 -0.0046550292842789673 -0.01626298300201099 -0.030915993867559256 -0.02508809344941685 0.031467338816656275 0.086999709979697665 0.15837313192200475 0.026786533304676709 -0.011528800562436575 -0.011867959044154443 0.080821433519513097 0.035245190810499233 0.1441588629139334 -0.036597760727890824 0.0043155465460153978 -0.018726823367913009 0.37020370457813762 0.042289057217961945 -0.008998237352330931 -0.0031682424033739132 0.013785495472543803 -0.0059310371493854729 0.12713517035303182 0.18187313640146938 0.0011702061132360085 0.24007763651702696 0.18555424046430508 0.09798377398641267 0.014950505573588095 0.04267744124280623 0.096414061154482714 0.050725903187451377 0.094356620874552682 -0.0073475285118945665 0.029564530180942541 0.012797803358147586 0.17819189306948305 0.12001606880782928 -0.050030028266078455 0.053223916141773325 0.026834568997973485 -0.021841995350899177 0.16504679332698724
leaf_weight=96.989996204152703 477.4935088455677 2063.9090396761894 340.24467350170016 283.24681395664811 1254.7320816349238 1057.6488467659801 1212.8766078241169 60.563074637204409 899.91373356431723 189.86334386840463 100.6784069146961 68.918417524546385 488.11779191717505 609.64637275785208 271.59790146350861 188.27145702391863 199.14118261449039 88.581605076789856 295.63638570532203 138.25113967433572 1695.5269373841584 289.20410435833037 296.77373992651701 69.594068180769682 104.06379897519946 169.9680036585778 1362.0831281933933 177.36285848915577 25.12107758037746 341.06487726047635 272.33708044886589 40.086400955915451 1253.2190681006759 24.698871256783605 28.329958299174905 14.139903845265506 320.3310876544565 279.49202154576778 424.76033884100616 51.547766365110874 280.31179112754762 60.041129522025585 19.017417322844267 49.099149540066719 17.177648492157459 23.332149853929877 395.17469136416912 228.68253426626325 226.8412461951375 210.93227044120431 183.91406029649079 115.515430200845 176.49305869266391 32.875914752483368 33.857529696077108 43.297607995569706 162.40932394564152 8135.7863686587662 443.93726127594709 143.0603508669883 19.528379991650581 75.08033125475049
leaf_count=2207 2317 81326 2704 1663 28730 35649 34929 610 4737 3268 1276 786 8701 19766 5626 2296 4458 868 2681 3820 52205 7998 7969 1667 816 1533 21277 3318 370 5231 4598 460 42223 679 794 255 4254 7999 9799 1007 5672 774 178 1065 286 384 2181 2290 2035 1730 2804 1135 2714 511 226 336 1199 327463 5017 3435 464 1058
internal_value=-0.00113489 -0.0302057 0.0502126 0.0363984 0.0248009 -0.00856461 0.0124664 0.020096 0.083719 0.0662603 0.0780617 0.0646726 0.0299105 -0.0184311 -0.0136081 0.0322147 0.0556014 0.0768087 0.0665332 -0.00362089 -0.00857688 0.00338668 0.00978077 0.0338109 0.043507 0.113953 0.0357643 0.033957 0.103474 0.0373075 0.0510113 0.036583 -0.0267727 -0.00858023 0.0716212 0.137523 0.0354529 0.0150708 0.0157387 0.0365331 0.0300942 0.0518443 0.00833274 0.0672145 0.0966659 0.0701559 0.0758679 0.0679685 0.050171 0.0685693 0.0785995 0.13247 0.024656 0.0853813 0.0986091 0.104365 0.0916289 -0.0474489 0.039795 0.0571018 0.0867279 0.126471
internal_weight=28702.4 18326.6 10375.8 7346.81 5291.68 8126.92 2595.17 4974.57 3028.96 2055.13 1421.33 1035.17 3133.86 5531.75 4474.11 1382.29 571.327 2551.47 1651.56 2544.07 2246.62 1840.71 1551.51 297.454 669.806 386.162 2645.74 2585.18 365.366 2407.82 1045.73 704.67 1930.03 676.815 67.1687 38.8388 600.888 551.09 810.967 386.207 664.583 332.378 332.205 159.203 110.104 92.9262 1355.92 1061.63 666.456 437.774 372.186 285.483 496.824 51.8933 317.104 294.289 250.991 10199.7 633.801 289.217 146.156 94.6087
internal_count=785827 643664 142163 121789 97916 234875 62457 96027 20374 23873 15588 11644 51330 172418 136769 27528 9558 18057 13320 73052 65830 44697 36699 7222 8570 3944 42629 42019 3074 38701 17424 12193 63717 21494 1728 934 7784 13625 17970 8171 11733 5372 6361 3402 2337 2051 10639 8236 6055 3765 5100 2668 6968 689 1889 2403 2067 408789 8285 5964 2529 1522
is_linear=0
shrinkage=0.05


Tree=10
num_leaves=63
num_cat=0
split_feature=38 2 17 41 41 49 38 41 27 17 5 49 49 54 49 54 49 49 5 41 49 53 34 48 49 53 53 55 19 25 49 28 49 53 17 47 48 49 54 3 34 38 37 49 49 37 10 41 51 49 30 28 38 28 49 44 49 23 49 49 19 16
split_gain=15585.8 2612.03 1526.98 905.027 495.092 474.416 356.853 413.112 354.989 327.969 232.103 224.286 362.812 283.122 223.648 247.149 216.922 282.267 207.779 180.535 194.487 176.297 162.03 177.036 149.684 148.477 140.647 139.385 138.968 134.727 134.661 162.819 178.322 141.09 134.907 134.442 141.295 133.739 161.811 151.337 131.579 126.06 147.408 135.112 158.737 134.782 125.712 125.591 123.606 120.08 115.574 115.398 123.369 120.232 112.924 108.532 108.46 107.957 106.531 258.845 102.151 101.059
threshold=-12.588233947753904 284.64483642578131 -1.8849182128906248 9.3735165596008319 0.11619454994797708 247.43756103515628 -33.529396057128899 2.9944320917129521 -2.7429928779602046 -6.5656929016113272 272.73497009277349 280.76860046386724 285.83421325683599 -1.0000000180025095e-35 255.32789611816409 -1.0000000180025095e-35 276.94873046875006 276.13734436035162 263.05389404296881 4.518761634826661 274.13537597656256 177.12500000000003 25.120333671569828 0.11192005872726442 271.22605895996099 58.000000000000007 1193.0000000000002 1.0000000180025095e-35 -37.014760971069329 5.6689434051513681 286.69125366210943 7.0387277603149423 287.14447021484381 956.33334350585949 -8.1291046142578107 -2.9631891250610347 -0.39245748519897455 256.94619750976568 -0.91597560048103321 238.42217254638675 -1.0060908794403074 -4.5294113159179679 255.6318054199219 276.47534179687506 271.42791748046881 274.81845092773443 278.00193786621099 13.08351516723633 80.382499694824233 267.04945373535162 16.447739601135257 3.7586898803710942 -1.117652893066406 26.710615158081058 280.76860046386724 -3.5763740539550777 254.46063232421878 -21.068886756896969 273.35858154296881 270.83627319335943 -35.031709671020501 -12.891023635864256
decision_type=2 2 2 2 2 2 2 2 2 2 2 2 2 2 2 2 2 2 2 2 2 2 2 2 2 2 2 2 2 2 2 2 2 2 2 2 2 2 2 2 2 2 2 2 2 2 2 2 2 2 2 2 2 2 2 2 2 2 2 2 2 2
left_child=1 4 3 19 8 -5 47 18 -1 24 11 -10 13 -13 -4 29 17 -12 58 41 21 27 23 -11 37 -15 -20 -21 -27 -16 33 -32 46 34 -9 -26 -37 38 39 -7 -19 42 43 44 -2 -44 -33 -6 -49 -31 -25 -17 53 -53 -50 60 -29 -41 59 -8 -18 -59
right_child=2 -3 14 5 6 9 7 30 10 22 16 12 -14 25 15 51 55 40 26 20 -22 -23 -24 50 35 28 -28 56 -30 49 31 32 -34 -35 -36 36 -38 -39 -40 57 -42 -43 45 -45 -46 -47 -48 48 54 -51 -52 52 -54 -55 -56 -57 -58 61 -60 -61 -62 -63
leaf_value=-0.028640325041991755 0.038458212303790901 -0.047992967328481351 0.10205516143985752 0.096314769184222659 -0.038973594302725845 -0.003093563085839043 0.032569271580869377 -0.021155256731132079 0.035452589783443469 0.0083660344776582234 0.011416068892567126 0.037591933356906804 -0.00073544986306987642 0.10725336359068734 0.076852765439567872 0.11565524831499785 0.023488268052856802 0.23228487412285592 -0.0084781945584287977 0.16832380480861733 0.015064335641798949 0.086875158934384022 0.0070177061331393072 0.074116122079552649 -0.012179321650826426 0.16483912334264622 0.19171649085058562 0.082207465570275265 0.34434063783050872 0.017690354461956603 -0.020686606673235772 0.021764689269055965 0.023394911061019506 0.04919756764091724 0.015673280202855123 -0.040521020223862919 0.048238099815844107 -0.015667989461033999 -0.010403627386845936 0.021319041477453851 0.086080714848484285 0.10292932237391737 0.10091871748175796 -0.014394125449582146 0.11156797001025127 0.027758817589902784 0.22535377523382963 -0.017216684047333831 0.15910633312082184 0.05506310337253284 0.037895704524133961 0.06537756985790219 0.082623905665217642 0.0015071844928067923 -0.01399673253757888 -0.019916464987440458 0.026910024176894962 0.29369434635075087 0.014831362457781589 0.13233301044993714 0.19576690979907121 0.11589762344542001
leaf_weight=310.68259984441102 303.41247308254242 9315.4974654037505 555.00695743411779 190.44896049052477 1624.6499984636903 28.257630400359631 217.09806010127068 3570.9853848982602 291.43232195451856 403.29199308902025 123.5439781229943 27.925681497901678 46.711759326979518 18.11800011061132 341.86227426305413 191.4144614636898 53.619040075689554 24.156045470386744 390.62097656354308 20.888021109625697 390.80350693874061 324.29413810744882 624.78389712050557 290.45785490050912 207.91227302700281 17.359148709103465 8.9749202467501146 108.28967859968543 28.460509616881609 361.07514227181673 194.28449812158942 12.025747748091815 188.512974973768 78.324709257110953 267.27000454813242 51.227570364251733 359.44906607456505 1115.222446102649 97.714471573010087 12.808361513540147 42.400987941771746 253.84725650399923 306.84314748831093 81.126973673701286 98.298472426831722 79.204250855371356 20.521649554371834 433.44200056046247 19.880503688007593 531.0346471555531 911.01512239128351 358.62399915605783 1290.7237621173263 92.734695985913277 17.908152416348457 339.19748295098543 489.54752199351788 14.063926132395858 189.16501956991851 92.815056100487709 10.249127894639967 18.512515090405945
leaf_count=8640 3267 391513 2791 1094 56927 623 3882 113249 5182 6036 3438 528 951 268 1952 1053 1516 296 10277 367 6272 3962 11516 4273 5013 322 166 596 357 4297 6020 257 4829 1981 5475 1307 8345 28618 2448 280 537 1609 2567 1044 935 992 365 13950 345 4264 14012 3425 7396 1183 433 9883 7274 210 3599 1462 210 301
internal_value=-0.0013409 -0.0296158 0.0470459 0.0329222 -0.00984836 0.0191566 -0.0149493 -0.0079642 0.0181697 0.0156027 0.0323834 0.060353 0.11272 0.170412 0.072777 0.0676469 0.0121073 0.0561353 0.0228867 0.0571586 0.0447227 0.0570137 0.02862 0.0370304 0.000368962 0.228422 -0.00398182 0.0413623 0.276335 0.050164 -0.0143643 0.0127064 0.0420546 -0.0172351 -0.0185908 0.0205809 0.0371663 -0.00934896 0.0317764 0.0877442 0.139144 0.0719326 0.0628768 0.0444619 0.0563481 0.0859087 0.150131 -0.0323818 -0.00965552 0.0399367 0.046652 0.0788046 0.0747556 0.052255 0.0770723 -0.00865803 0.0369264 0.144302 0.0443995 0.0624472 0.0511344 0.192656
internal_weight=28480 17975.8 10504.2 6781.72 8660.34 4325.17 7326.48 5230.6 1333.86 4134.72 1023.17 430.007 138.575 91.8633 3722.48 3167.47 593.167 190.101 898.674 2456.56 1333.82 943.019 2229.55 1604.76 1905.17 63.9377 399.596 618.725 45.8197 1233.97 4331.92 415.345 221.06 3916.58 3838.26 618.589 410.677 1286.58 171.357 73.6424 66.557 1122.73 868.885 482.838 401.711 386.047 32.5474 2095.88 471.231 892.11 1201.47 1933.5 1742.08 451.359 37.7887 403.066 597.837 45.3848 499.078 309.913 63.8682 32.5764
internal_count=786180 646858 139322 112961 255345 84076 223217 151562 32128 82982 23488 7608 2426 1475 26361 23570 15880 4271 19386 28885 18471 12199 35837 24321 47145 947 10443 8237 679 10513 132176 11471 5451 120705 118724 14665 9652 32480 3862 1414 833 10414 8805 5246 4202 3559 622 71655 14728 8561 18285 13057 12004 4608 778 11609 7870 791 8943 5344 1726 511
is_linear=0
shrinkage=0.05


Tree=11
num_leaves=63
num_cat=0
split_feature=17 1 36 35 40 49 49 38 39 17 40 49 42 53 29 49 49 49 53 29 41 36 49 41 23 39 49 53 49 40 55 40 49 49 5 49 49 51 42 41 53 41 36 36 53 42 51 51 41 37 53 36 24 36 49 15 49 42 10 49 49 4
split_gain=13984.8 2391.15 1650.81 789.118 524.355 451.965 366.49 356.828 312.546 270.268 260.509 197.642 188.673 185.062 186.387 244.378 281.448 562.968 170.16 164.557 158.915 189.054 153.319 155.38 152.903 152.616 150.042 221.608 187.23 178.289 149.447 147.908 147.561 362.226 143.386 135.7 136.933 129.002 126.021 124.498 123.874 122.117 118.148 115.438 183.593 114.083 102.625 102.445 101.513 101.271 99.7632 97.6773 97.212 94.0711 90.9625 99.4626 91.6897 89.487 89.3605 88.3469 87.3829 86.7912
threshold=-15.521656036376951 284.93038940429693 221.47058868408206 5.2325968742370614 -0.52941894531249989 247.43756103515628 254.46063232421878 -31.176460266113278 -1.2745085358619688 -6.5656929016113272 2.0588226318359379 290.50280761718756 5.1726989746093759 734.65478515625011 14.724085807800295 266.53407287597662 267.78880310058599 267.56375122070318 1089.1666564941409 22.913736343383793 1.7879408597946169 255.00000000000003 259.72676086425787 2.7746309041976933 -36.368099212646477 -35.649965286254876 267.04945373535162 1089.1666564941409 258.72836303710943 28.66666412353516 0.12940952181816107 8.980384826660158 276.94873046875006 276.13734436035162 211.81697845458987 263.06666564941412 275.10462951660162 65.581962585449233 -4.5641250610351554 6.6042132377624521 182.25000000000003 23.847252845764164 256.17646789550787 282.64704895019537 1089.1666564941409 10.808547973632814 35.823423385620124 30.910787582397464 28.167270660400394 282.02978515625006 16.708333015441898 217.94117736816409 14.433798789978029 225.58824157714847 270.94653320312506 -28.277160644531246 273.35858154296881 3.0006256103515629 277.30360412597662 276.94873046875006 287.70042419433599 278.89826965332037
decision_type=2 2 2 2 2 2 2 2 2 2 2 2 2 2 2 2 2 2 2 2 2 2 2 2 2 2 2 2 2 2 2 2 2 2 2 2 2 2 2 2 2 2 2 2 2 2 2 2 2 2 2 2 2 2 2 2 2 2 2 2 2 2
left_child=1 4 6 22 7 47 -2 32 10 12 -8 13 52 14 25 -16 17 24 20 34 21 54 50 35 42 -6 27 28 29 -12 48 -30 33 -1 -11 -24 58 -18 -23 45 -36 53 -17 44 -3 -27 -33 -5 -28 -35 -4 -50 -7 -14 55 -9 -56 -40 -37 -46 -54 -13
right_child=2 43 3 5 11 9 8 18 -10 19 26 61 41 -15 15 16 37 -19 -20 -21 -22 38 23 -25 -26 39 30 -29 31 -31 -32 46 -34 49 40 36 -38 -39 57 -41 -42 -43 -44 -45 59 -47 -48 -49 51 -51 -52 -53 60 -55 56 -57 -58 -59 -60 -61 -62 -63
leaf_value=-0.013188110579343413 0.099809508873561867 -0.038269891362000201 0.019244028095162957 0.096567046798873624 -0.033239181317523743 0.0048673172479071491 0.081001117018757868 0.12795360527806332 0.084777857171370929 0.098910759677223639 0.064534336190076716 0.095553386549276476 0.073627231632339196 0.025775061788406991 -0.04455300146700341 0.33621330854110959 -0.0023146195773296407 0.51206868102889602 0.14735154169088541 -0.017531943158344245 -9.5390157980487165e-05 0.13895493861606242 0.0091320657195393812 0.034176987612340753 -0.015998940555820584 -0.0025765387624789781 0.10098165531683517 0.16866903390878352 0.040019813426873947 0.0084908298015785501 0.039104878436321294 -0.021965779217950884 -0.025029181609434389 0.12682030384694273 0.01904871588211322 0.10893212708017355 0.050098318909187312 0.081781661756214458 -0.00036070200007467894 -0.022005689488061343 0.044949196890678861 -0.01580604695554914 0.075036603404293634 -0.049970055690221851 0.24323979588861688 0.06423362044728663 0.038991568678581577 0.010914630336333664 0.070693911817462651 0.019947246783968444 0.10161762853078693 -0.012174747745274094 -0.023044038229406344 0.020755675728115638 0.16765042388444032 -0.0040590448986358536 0.075991400926284841 0.036968154337009722 0.011725685508149963 0.037829586450168567 0.09356961108181136 -0.00041673228688153308
leaf_weight=342.57655978761613 653.0606024377048 2054.2017756234854 43.260919326916337 208.93124535679817 2608.7020747680217 670.56032740324736 589.79829282313585 19.105217583477497 916.13843729346991 71.614615723490715 495.9006586894393 52.820654453709722 94.52862224727869 211.75538433901966 197.3028960172087 6.8295150212943545 372.75577973388135 8.1574240550398809 28.534422032535076 204.69816305115819 455.42034210823476 22.448450479656458 85.861045874655247 775.49533225037158 26.651628157123927 301.47408389486372 248.20471237972379 29.597074795514345 267.54976673796773 198.80111723765731 470.1519839912653 304.70495543628931 719.85268107242882 71.258314777165651 1503.1601850911975 264.55184382200241 256.17757208459079 51.958160413429141 318.85662749223411 989.18114357255399 666.26008604839444 211.91958101093769 11.831641620025037 7236.4246257655323 7.2990774922072914 81.081054151058197 89.276204321533442 41.913245733827353 186.59975440055132 32.17455467954278 244.46776046231389 43.93098234012723 812.4518620017916 764.80147669650614 34.876040514558554 56.356196016073227 125.33928563259542 323.37540254369378 25.962892156094313 18.50782666914165 16.388576053082943 42.524356549605727
leaf_count=10000 3028 87588 394 1135 92480 16517 3346 204 4503 644 4749 1120 1628 5944 6453 206 10794 243 449 4346 10450 356 954 9504 873 8134 2028 277 2110 2161 4037 4113 22382 749 23883 2088 2596 1101 7475 31025 10028 5530 366 319747 297 1610 1187 294 1371 759 1777 636 22883 16569 348 797 1142 6126 285 755 352 1153
internal_value=-0.00105439 -0.0300613 0.0415561 0.0263088 -0.00907443 0.0167581 0.0651817 0.00935274 0.0592937 0.0134829 0.0513105 -0.018543 0.00216263 -0.0199394 -0.0220185 0.00226613 0.0215841 0.129694 0.0265168 0.0253813 0.0239737 0.0361483 0.0559741 0.0491779 0.0608566 -0.0261397 0.04381 0.0333215 0.0303678 0.0484965 0.0591282 0.0113301 -0.0110274 0.0115712 0.029301 0.0675687 0.0767464 0.00797345 0.0225054 -0.0126382 0.0270031 0.0181883 0.170621 -0.0469861 -0.0366049 0.0115836 -0.00815283 0.0822555 0.0787925 0.0935756 0.0892325 0.0549021 -0.00928696 0.0265717 0.0746256 0.0293637 0.0959439 0.018435 0.100245 0.0959266 -0.0207382 0.0527502
internal_weight=28286.4 16829.6 11456.7 6963.01 7513.2 5267.23 4493.71 2550.17 3840.65 5016.38 2924.52 4963.03 2570.65 4867.68 4655.93 675.487 478.184 53.4702 1384.31 2445.73 1355.78 900.357 1695.78 1408.05 45.3128 3980.44 2334.72 1385.83 1356.23 694.702 948.887 661.531 1165.86 446.009 2241.03 632.553 546.692 424.714 664.68 1371.74 2169.42 1071.25 18.6612 9316.43 2080.01 382.555 393.981 250.844 478.735 103.433 287.729 230.531 1499.4 859.33 235.677 75.4614 160.215 642.232 290.515 25.8069 828.84 95.345
internal_count=786079 631126 154953 121407 222739 103809 33546 61237 30518 102380 26015 161502 63479 159229 153285 20036 13583 1688 27347 38901 26898 16448 17598 15427 1445 133249 22669 14597 14320 6910 8072 7410 33890 11508 34555 5923 4969 11895 13957 40769 33911 23727 572 408387 88640 9744 5300 1429 4035 1508 2171 2007 39752 18197 2491 1001 1490 13601 2373 1052 23235 2273
is_linear=0
shrinkage=0.05


Tree=12
num_leaves=63
num_cat=0
split_feature=17 1 36 41 40 44 39 40 39 40 17 39 53 29 11 39 4 41 53 48 39 39 54 7 41 27 17 52 44 17 11 52 34 41 48 48 48 53 40 36 36 53 35 53 48 48 5 34 55 33 53 54 53 55 40 33 48 36 36 29 23 52
split_gain=12711.2 2402.67 1356.18 697.75 497.602 359.764 271.191 403.572 228.416 247.891 219.002 203.235 181.519 185.359 203.736 179.285 162.876 156.893 139.419 131.086 131.085 128.233 136.071 126.057 129.665 166.205 124.489 122.122 120.178 112.252 117.502 131.276 117.187 110.416 105.924 130.397 133.825 101.654 101.071 100.409 100.225 130.421 99.2189 96.5881 96.0986 92.9344 92.0561 104.427 124.888 92.5658 91.6128 104.467 91.0296 88.0959 92.2366 97.5596 85.965 85.1901 81.7118 119.232 81.0125 137.501
threshold=-15.162521362304686 285.22959899902349 221.47058868408206 6.3272812366485605 -0.52941894531249989 -4.6073951721191397 -20.599854469299313 13.843116760253908 -2.0842412710189815 15.862731933593752 -30.528387069702145 -48.074802398681634 805.25000000000011 14.415184974670412 264.82698059082037 -6.9694988727569571 248.09886169433597 3.236747264862061 30.722222328186039 0.93061417341232311 -5.6702983379364005 -35.649965286254876 -0.37940952181816096 279.68161010742193 -0.42216905951499933 -1.963290214538574 -9.9152107238769513 43.120061874389656 3.1649208068847661 -3.6867256164550777 254.06922912597659 42.129280090332038 3.0255566835403447 4.6758625507354745 -0.57137185335159291 -0.45456704497337336 -0.47515141963958735 14.083333492279055 1.372550964355469 231.47058868408206 282.64704895019537 1089.1666564941409 21.542327880859379 32.083333969116218 -0.47515141963958735 0.1445879936218262 205.86235046386722 23.668120384216312 -0.12940952181816107 11.545408725738527 427.52499389648443 -0.37940952181816096 812.47619628906261 -0.6035533845424651 7.1764602661132821 16.738004684448246 0.97297734022140514 237.35294342041018 228.529411315918 13.62691116333008 -41.563224792480462 68.036495208740249
decision_type=2 2 2 2 2 2 2 2 2 2 2 2 2 2 2 2 2 2 2 2 2 2 2 2 2 2 2 2 2 2 2 2 2 2 2 2 2 2 2 2 2 2 2 2 2 2 2 2 2 2 2 2 2 2 2 2 2 2 2 2 2 2
left_child=1 4 8 11 5 10 26 28 9 18 -1 -4 13 21 -15 -9 -16 44 38 -17 -11 22 53 24 25 -7 -5 42 39 30 34 32 -32 -23 -13 36 57 -27 -2 43 41 -3 -22 45 -12 -8 -28 48 58 -50 -37 -52 -25 54 -6 -56 -44 -36 59 -48 61 -18
right_child=2 40 3 6 12 23 7 15 -10 20 17 29 -14 14 16 19 60 -19 -20 -21 27 33 -24 52 -26 37 46 -29 -30 -31 31 -33 -34 -35 35 50 -38 -39 -40 -41 -42 -43 56 -45 -46 -47 47 -49 49 -51 51 -53 -54 -55 55 -57 -58 -59 -60 -61 -62 -63
leaf_value=0.0054570721699275645 0.08452692411685446 -0.038468972982842797 -0.041514600264720029 -0.014802329675637044 -0.025186954559724986 -0.008590653532553635 -0.0020736411373247286 -0.010519011159246914 0.075393760000167009 0.005475363243559051 0.10112527509209107 -0.020041815683149417 0.033745400484394929 -0.033483106139734591 0.20638987695125044 0.018848916308868778 -0.024658259279722542 0.0024125460956441937 0.07081814258666265 0.10422904385117103 0.12655360457113837 0.019740256190757595 -0.038661100574743035 -0.021671806443158435 -0.0084494673172991076 -0.022529119464640483 0.16028191447340337 -0.025656649906180513 0.085918061099661325 0.077017405141370301 0.086878193117993496 -0.0010437107073609112 0.043063122910979593 -0.01791019257502138 0.079352566320086929 0.017911955478706977 0.15145393804891882 0.071661562373867171 0.026699540257106864 0.020542654533899616 -0.049844410102420279 0.071882834425070638 0.040982115321812632 0.05563416524385844 0.051160953555001311 0.052238788540260345 0.050078222092259074 -0.019396841163242473 0.019072190849722656 -0.026426466909330478 0.0044877183101606991 0.12422650579732736 0.068536356322311184 -0.023357282850327264 0.085239203346731532 -0.0034303225542658684 0.11578499173273421 0.018528094998984463 0.024762830628689111 0.18580816514828488 0.03192615641588302 0.11930435156185143
leaf_weight=389.09557250328362 95.947118695825338 1886.361535705626 59.349351555109024 799.07823906652629 91.182100746780634 161.98857655189931 174.34522899612784 852.48979809693992 1594.5230503715575 300.21602786332369 148.71255664341152 80.345014872029424 164.30950285308063 256.85030427016318 11.589988462626932 254.44590413942933 162.35506986454129 112.85562567412853 1443.4577924385667 54.602796643972397 39.101617608219385 232.29335409775376 1735.8213830180466 810.63995671644807 496.71510158479214 33.626127699390054 10.238679580390452 58.998608779162169 126.96824705600739 375.25410924851894 379.85845472477376 74.118183452636003 255.08685288019478 1204.2194795291871 135.95006211102009 476.45815863832831 41.014800846576691 193.36806110665202 355.64182560145855 676.77293456532061 6856.1254943981767 27.160450646653771 730.89935883507133 708.0465838573873 272.72134784795344 143.66372890025377 84.598694030195475 241.62136820703745 265.12605348229408 193.28322633355856 30.102171935141087 46.132106240838766 28.965304208919406 738.37495158798993 62.245944229885936 61.840939259156585 40.538594882935286 99.845537170767784 302.0789134670049 20.006585653871298 319.61025486886501 18.473407367244363
leaf_count=9994 546 83658 1523 22011 3293 4019 2369 18334 8135 4015 1437 1060 4224 8702 290 3840 5102 2526 10102 672 319 5421 63444 25649 12084 652 84 561 1689 2550 3144 796 3701 37448 1075 5619 343 3175 3067 14078 317836 1017 6557 9621 3497 2027 1083 5614 4628 3828 331 521 780 27195 1992 2001 355 1165 6211 320 8506 230
internal_value=-0.000879245 -0.0291208 0.0391674 0.0251924 -0.00875527 0.00880245 0.0149521 0.0243591 0.0600456 0.0520604 0.0339911 0.0496641 -0.0179475 -0.0196827 0.00285663 0.0013085 0.0210858 0.054771 0.0632325 0.0339339 0.0339611 -0.0238829 -0.030325 -0.00467856 0.00848023 0.0300988 0.000265744 0.043796 0.0389915 0.0523777 0.0466663 0.0619252 0.0692757 -0.0118219 0.0347748 0.0400843 0.0680964 0.0577085 0.0389859 0.0354925 -0.0470205 -0.0369026 0.0488514 0.0453532 0.068792 0.0224625 0.0110456 0.00966493 0.0177819 -0.000111817 0.0260547 0.076946 -0.0185597 -0.0151517 0.0129933 0.0410491 0.044913 0.053597 0.0379515 0.0760376 0.0167942 -0.00995106
internal_weight=28097.7 16477.5 11620.2 6960.88 7707.85 2648.69 4907.37 2991.34 4659.32 3064.8 923.385 2053.51 5059.17 4894.86 768.879 1161.54 512.029 534.29 1895.05 309.049 1169.75 4125.98 2689.47 1725.3 885.698 388.983 1916.03 869.538 1829.8 1994.17 1618.91 709.063 634.945 1436.51 909.848 829.503 276.81 226.994 451.589 1702.83 8769.65 1913.52 810.54 1026.06 421.434 318.009 1116.95 1106.71 865.093 458.409 552.692 76.2343 839.605 953.644 215.269 124.087 771.438 235.796 406.684 104.605 500.439 180.828
internal_count=786066 634172 151894 118237 231661 63813 96409 52630 33657 25522 17454 21828 167848 163624 22830 22846 14128 7460 13715 4512 11807 140794 97925 46359 19930 7846 43779 7792 29784 20305 17755 7641 6845 42869 10114 9054 2583 3827 3613 28095 402511 84675 7231 14017 4934 4396 21768 21684 16070 8456 6471 852 26429 34481 7286 3993 6912 2240 7614 1403 13838 5332
is_linear=0
shrinkage=0.05


Tree=13
num_leaves=63
num_cat=0
split_feature=38 1 36 41 41 49 41 36 24 17 38 40 49 49 41 49 36 35 41 36 49 36 40 55 52 4 49 39 49 29 14 49 17 21 36 51 52 50 49 49 40 55 38 50 11 41 49 51 52 52 36 55 40 37 36 42 49 40 41 55 49 55
split_gain=11401.8 2194.84 1292.27 743.702 415.509 365.997 307.816 351.063 287.585 276.087 248.516 205.187 197.357 164.122 163.526 185.142 161.284 206.272 149.157 235.838 209.912 204.554 152.523 140.715 140.164 267.199 141.136 135.695 129.872 127.159 126.723 119.369 109.304 107.777 107.564 105.894 104.615 142.821 155.226 312.847 163.653 136.512 103.122 102.596 101.03 107.184 100.521 136.128 152.249 110.222 98.7212 95.7823 94.1196 113.503 91.57 90.2407 90.1428 95.182 89.5261 88.9106 83.5196 82.7529
threshold=-15.294105529785154 285.08775329589849 225.58824157714847 7.2805666923522958 0.16170756518840793 254.46063232421878 8.1805844306945819 209.11765289306643 -1.8530168533325193 -12.496236801147459 -36.352928161621087 14.901954650878908 258.38572692871099 267.04945373535162 2.1704207658767705 259.72676086425787 275.58824157714849 -0.53562742471694935 3.4945498704910283 267.94117736816412 286.69125366210943 259.70588684082037 10.156875610351564 -0.12940952181816107 44.719711303710945 282.32136535644537 276.94873046875006 -20.072621345520016 290.50280761718756 0.97279691696167003 -15.461837768554686 265.70214843750006 -16.313554763793942 -5.1174039840698233 246.76470184326175 18.726717948913578 43.120061874389656 62.202312469482429 267.04945373535162 259.93206787109381 25.823532104492191 -0.12940952181816107 -3.6470565795898433 94.038017272949233 281.97647094726568 25.773903846740726 261.63801574707037 49.140419006347663 5.1606376171112069 34.52357482910157 282.64704895019537 -0.98296290636062611 -1.1764755249023435 255.6318054199219 222.05882263183597 -4.9271392822265616 259.31796264648443 19.470581054687504 8.7145981788635272 0.78656607866287243 276.27717590332037 0.12940952181816107
decision_type=2 2 2 2 2 2 2 2 2 2 2 2 2 2 2 2 2 2 2 2 2 2 2 2 2 2 2 2 2 2 2 2 2 2 2 2 2 2 2 2 2 2 2 2 2 2 2 2 2 2 2 2 2 2 2 2 2 2 2 2 2 2
left_child=1 4 5 14 8 -2 -7 33 -1 -5 43 12 27 58 52 29 31 24 21 -20 -21 -12 28 34 26 -26 -18 -11 -22 -16 -29 -10 -23 -8 -15 -31 37 38 39 40 42 54 -9 -6 45 -24 47 48 -39 -49 -3 -44 53 -4 -40 -32 57 61 -14 -57 -54 -53
right_child=2 50 3 9 10 6 7 36 16 11 18 -13 13 23 15 -17 17 -19 19 20 22 32 44 -25 25 -27 -28 30 -30 35 55 -33 -34 -35 -36 -37 -38 46 41 -41 -42 -43 51 -45 -46 -47 -48 49 -50 -51 -52 56 60 -55 -56 59 -58 -59 -60 -61 -62 -63
leaf_value=-0.025100344804188601 0.081682180154511633 -0.036637759031585553 0.0061977743618422815 -0.01561328492815903 -0.040506577813001161 0.068366345320631849 0.004474410356375985 -0.0042275241998762179 -0.010112908396544103 -0.0062134408864414348 0.033273075488026674 -0.010157469867124055 0.049049286131005981 0.036332825073536593 0.12661556185088152 0.024878760143867258 0.078888590781079487 -0.024436653960184379 -0.019797623890216019 -0.012390550839214481 -0.0098468171657964711 -0.017962768318017172 0.16287335128032313 0.0054586369926263615 0.0075202995420526183 0.32130455878301029 -0.008635313545169894 0.18683938916726961 0.10797264573838494 0.019689789551081971 0.12150261751432552 0.05661532823459417 0.06526003277550986 0.072912204695471661 0.18837467913089645 0.084871627262825711 -0.00028452190125649536 0.18237108188675852 0.082797683244014264 -0.018751734492356543 0.004903480279120266 0.026054715046858593 0.13812541211366941 -0.002329067528017403 0.026986052524855843 0.015488675475568493 0.037409654981065597 0.15963724673263538 0.04237084329539717 0.029693486693484195 -0.04967530183175925 0.095368104015866775 0.11410832027616818 0.065703404641615643 0.031554671312244389 0.035545426042383581 0.0055915747260894162 0.032871036504559401 -0.016733214452197019 0.14634296183991988 0.027785268589544283 0.0034638096406567121
leaf_weight=323.76546730659902 850.85984401032329 1863.6760352309793 104.3917738571763 1098.6956889443099 1082.417646471411 1217.5441095493734 61.988063238561153 76.913559133186936 78.013530997559428 68.749650675803423 436.42250987328589 671.74542988464236 58.450753413140774 721.93398841284215 70.699585357680917 1266.7189040649682 78.161975637078285 243.49891293048859 2998.2361490037292 293.38337730057538 108.30832428485155 544.23644692078233 54.969151813536882 557.45403504557908 15.131683740764858 12.298563376069067 112.14705159701407 22.224317938089371 29.831924105063081 131.12858004681766 50.991007789969444 475.64413913153112 42.537683138623834 799.46484333276749 11.823214041069148 118.72774243354797 232.60059845261276 21.281720090657473 266.42612361162901 414.96730721183121 316.36711937747896 463.56634125486016 34.679502312093973 210.14126214012504 36.04756117425859 15.905057992786167 442.13641395606101 65.715306412428617 221.91867063380778 21.710666377097368 6572.7471487820148 192.5263619273901 132.0051488801837 344.90587843954563 129.58487547561526 176.99657502025366 85.444647535681725 158.38207034766674 449.2349622733891 20.169776502996683 35.571010649204254 28.063876084983349
leaf_count=9259 4029 85377 1016 33184 40349 6808 392 1451 1428 1315 7511 14767 1049 12860 482 17569 1294 7177 98460 10248 3424 15842 817 10766 433 296 3329 299 608 1284 471 8577 524 3686 279 1015 2654 181 2108 6015 3401 4922 313 7001 746 274 4955 615 2492 254 319291 1743 985 2512 1858 2432 1130 1754 9664 148 334 269
internal_value=-0.00120728 -0.0294953 0.0349843 0.0187351 -0.00919941 0.0512614 0.0463323 0.0396815 0.0159308 0.00563808 -0.0149476 0.0139479 0.0215216 0.0149257 0.0419592 0.033469 0.0290203 0.00718228 -0.00946195 -0.014326 0.0161418 0.00735063 0.0503002 0.0243957 0.0425419 0.148208 0.0273117 0.0565087 0.0155968 0.0674147 0.072457 0.0472129 -0.0119296 0.0679876 0.0387827 0.0506632 0.0319949 0.0345489 0.0279676 0.0171163 0.0337955 0.0444713 0.0496641 -0.0342998 0.0951363 0.129798 0.053004 0.0738578 0.0546218 0.127368 -0.0467952 0.0579691 0.0638051 0.0518776 0.0660297 0.0622132 0.0519835 0.0624433 -0.00915956 0.0468798 0.0957847 0.0836759
internal_weight=27842.3 15627.5 12214.8 6112.62 7191.1 6102.14 5251.28 4033.74 1338.66 3908.47 5852.44 2809.77 2138.03 1798.9 2204.15 1587.27 1014.9 461.238 4559.88 3536.68 538.445 1023.2 245.062 1291.21 217.739 27.4302 190.309 339.131 138.14 320.556 270.382 553.658 586.774 861.453 733.757 249.856 3172.29 2939.68 2166.92 1307.34 892.377 859.577 576.01 1292.56 106.922 70.8742 772.763 330.626 243.2 87.426 8436.42 499.096 616.874 449.298 396.011 248.157 464.417 378.972 507.686 197.166 167.576 220.59
internal_count=785726 622265 163461 112431 217597 51030 47001 40193 31793 87234 185804 54050 39283 34618 25197 20350 22534 12529 138454 114577 16117 23877 5869 23905 5352 729 4623 4665 4032 2781 3350 10005 16366 4078 13139 2299 36115 33461 24964 16076 10061 8888 6660 47350 1837 1091 8497 3542 2673 869 404668 5209 4847 3528 3966 3051 4896 3766 10713 2580 1319 2012
is_linear=0
shrinkage=0.05


Tree=14
num_leaves=63
num_cat=0
split_feature=15 17 3 32 38 42 49 15 29 53 35 24 28 5 4 53 40 36 49 49 17 41 22 48 54 41 36 29 53 54 49 42 49 29 48 48 49 49 28 55 48 35 49 49 49 40 49 49 19 48 48 49 49 35 38 27 48 44 41 10 49 35
split_gain=10446.7 2288.99 818.531 652.055 549.105 402.656 377.555 280.557 257.801 231.284 211.618 194.137 224.215 180.27 174.338 156.462 155.41 153.843 134.932 126.715 114.659 111.308 110.833 109.445 115.604 120.219 103.778 136.441 102.983 102.31 106.329 99.2306 104.156 98.7207 98.4814 99.1378 97.3527 134.95 96.5028 99.8496 93.2878 169.82 128.53 109.747 95.8313 95.5075 93.3002 93.0454 92.7556 95.2089 104.825 92.2412 91.6433 90.697 87.4146 87.1098 123.257 85.9415 85.2725 83.2511 143.706 97.766
threshold=-34.971122741699212 -4.2366523742675772 284.16279602050787 5.851090908050538 -9.764701843261717 7.5998916625976571 255.32789611816409 -0.98665618896484364 17.05646896362305 812.47619628906261 25.378603935241703 -0.32435798645019526 -2.5656070709228511 248.88563537597659 266.09213256835943 111.95833206176759 11.588226318359377 226.17646789550784 276.94873046875006 276.13734436035162 -12.131832122802733 0.16170756518840793 -5.3106060028076163 0.52739697694778453 -1.0000000180025095e-35 13.399178028106691 202.64705657958987 3.3729181289672856 1089.1666564941409 -0.98296290636062611 273.35858154296881 -0.50550079345703114 289.42092895507818 19.733339309692386 0.086114823818206801 -0.56490284204483021 280.56040954589849 285.57859802246099 27.916221618652347 -0.6035533845424651 0.12764942646026614 12.472651004791262 270.94653320312506 254.46063232421878 259.93206787109381 11.784301757812502 267.04945373535162 254.46063232421878 -37.014760971069329 0.062224745750427253 -0.39966389536857599 263.06666564941412 275.56561279296881 -1.0316952466964719 -36.352928161621087 3.9534759521484379 0.33827388286590582 -4.3761272430419913 9.1554088592529315 254.26220703125003 276.13734436035162 3.1561818122863774
decision_type=2 2 2 2 2 2 2 2 2 2 2 2 2 2 2 2 2 2 2 2 2 2 2 2 2 2 2 2 2 2 2 2 2 2 2 2 2 2 2 2 2 2 2 2 2 2 2 2 2 2 2 2 2 2 2 2 2 2 2 2 2 2
left_child=2 3 9 5 14 13 -3 8 15 11 17 12 -1 59 20 55 54 -6 19 -14 -5 31 -10 24 -17 -26 -9 -28 48 -23 34 36 57 -16 35 -31 -15 -38 39 -24 43 -42 44 -19 -43 52 -46 -12 -7 50 -50 -25 -44 -21 -13 -8 -57 -33 -45 60 -2 -61
right_child=1 6 -4 4 10 28 7 26 22 -11 47 16 18 21 33 23 -18 40 -20 53 -22 29 38 51 25 -27 27 -29 -30 30 -32 32 -34 -35 -36 -37 37 -39 -40 -41 41 42 45 58 46 -47 -48 -49 49 -51 -52 -53 -54 -55 -56 56 -58 -59 -60 61 -62 -63
leaf_value=-0.03149167717345968 0.029809614461119356 0.077543803520795818 -0.04751666677976895 -0.024361005428266386 0.039679904422663996 0.024286058815053004 0.05386582764540182 0.085171686142758038 -0.0013821648811154061 0.050593162880098436 0.13517931801169586 -0.039562143609596707 0.02299820362548274 0.022761669458200264 0.0078836176520448286 0.033995062245333774 0.0072999650938677611 0.08726597991025288 -0.00060256834664883891 0.18606505750271746 -0.0019801994801988509 0.12156658626671087 0.064976626202236695 0.14428859962511106 0.081962592328752137 0.016767400618817024 0.089345571927773718 0.047465334699994789 0.15152139934066516 0.068493398038509318 -0.028425263892058281 0.051201750087080389 0.14332333288809534 0.087732950715636832 0.14825075998545373 -0.0073978328788736614 0.18883062486205365 -0.0091610076756614752 0.0063340858886606795 0.010381274723682783 0.074208191567217002 0.027450193955701765 0.12871185311446656 0.014542913600290024 -0.037654135556217855 0.0045544145252354763 0.007421805455347286 -0.026657069356130866 0.072469244407571173 0.16575250808369715 0.036192032413925102 0.068659420172323946 0.044901283611512119 0.07103137584224388 -0.022198866502552428 0.011119149448765185 0.049297156904351408 -0.0050990774147592144 -0.023851652990604492 0.073170643373071234 -0.030440812813995605 0.023041665998600719
leaf_weight=258.68565399572253 601.50427715852857 918.48472173139453 7458.7453887928277 2150.0786112807691 746.51141389086843 283.26190449483693 334.91598032787442 302.40295267105103 536.07696232572198 114.52897223085165 9.1368468292057496 1312.4321876522154 100.04454947821796 52.442566175013781 373.64245595224202 496.14337043091655 309.16714445501566 32.019532389938831 184.32549710012972 25.172277171164751 779.81709996238351 14.707272706553338 240.94466910883784 58.871081784367561 357.74432823807001 88.129356935620308 225.80386319756508 1401.7591272518039 25.023165188729763 50.314014878123999 426.47024034149945 84.554881475865841 14.285363622009752 43.181973529979587 12.176286797970532 297.34523365646601 27.302985437214375 12.567946299910544 262.19566852971911 128.36585174500942 132.99026984535158 272.9946615640074 44.104243062436581 248.91197767294943 183.96524546481669 97.226167792454362 305.32733257301152 317.70041407831013 408.80847015976906 19.815194606781006 388.23972091451287 127.92173018306494 125.22887911088765 53.665422216057777 1619.1410403586924 618.5515700224787 321.18702637031674 341.69545904733241 345.12620319798589 198.42744085565209 118.45868077501655 190.77716330252588
leaf_count=8078 6561 4758 376064 73417 9893 5011 2241 1263 8466 3004 67 53478 2423 890 11520 4348 8983 173 5284 243 19893 467 2534 550 2369 875 1060 8101 277 1033 11928 1131 369 898 302 7088 389 291 2872 1514 2457 4602 784 4053 4485 1994 6147 8107 3975 286 4236 1323 2027 478 58689 6041 3519 8273 7619 1819 1696 3226
internal_value=-0.00116225 0.0246718 -0.0377487 0.00943969 -0.000350188 0.0264722 0.0478685 0.0429137 0.0346126 -0.0194298 0.0157324 -0.021506 0.0040826 0.0150736 -0.0140998 0.0439762 -0.0264164 0.0206155 0.0294195 0.0603551 -0.0184042 0.00268816 0.0153378 0.0575325 0.0505997 0.0690764 0.0582734 0.0532757 0.0512221 -0.00909224 -0.0115361 0.0203972 0.01052 0.0161558 0.00848057 0.00358531 0.0675328 0.126421 0.0295312 0.0460002 0.0126554 0.0210393 0.0141666 -0.00290342 0.00371616 0.0440521 -0.00952594 -0.0221329 0.0489408 0.0574902 0.0547987 0.0924953 0.0667305 0.107761 -0.0299722 0.0319709 0.0241678 0.00606927 -0.00776368 0.029968 0.0198963 0.0485988
internal_weight=27631.5 16195.6 11435.9 9776.14 6207.96 3568.18 6419.5 5501.01 3571.05 3977.16 2861.24 3862.63 621.893 2443.03 3346.72 2403.46 3240.74 2534.41 363.208 178.882 2929.9 1333.86 1167.58 1128.81 942.017 445.874 1929.97 1627.56 1125.15 801.013 786.306 532.849 440.536 416.824 359.836 347.659 92.3135 39.8709 631.506 369.311 1787.89 1161.84 1028.85 626.058 762.287 266.559 489.293 326.837 1100.13 816.863 797.048 186.793 169.333 78.8377 2931.57 1274.65 939.739 426.25 594.038 1109.17 719.963 389.205
internal_count=785942 269218 516724 217384 158136 59248 51834 47076 36652 140660 52408 137656 16506 45463 105728 21266 121150 44234 8428 3144 93310 32161 15386 9465 7592 3244 10424 9161 13785 20818 20351 11343 9773 12418 8423 8121 1570 680 6920 4048 34341 22496 20039 11845 15234 4805 10632 8174 13508 8497 8211 1873 2811 721 112167 11801 9560 9404 11672 13302 8257 5045
is_linear=0
shrinkage=0.05


Tree=15
num_leaves=63
num_cat=0
split_feature=15 17 2 32 38 42 49 54 33 24 40 40 5 40 4 53 5 45 17 36 53 36 53 34 49 49 51 49 32 36 52 23 49 38 40 54 48 36 49 49 54 49 31 3 4 49 49 49 22 55 48 49 34 36 54 23 29 48 49 49 48 48
split_gain=9704.54 1939.33 844.634 591.999 509.587 326.569 323.447 308.281 185.354 172.951 173.303 164.969 160.204 156.591 137.859 133.419 145.267 126.627 120.329 119.39 115.697 114.426 110.163 109.338 109.121 134.987 157.512 145.943 131.861 106.011 104.973 105.793 113.734 87.9716 86.8517 113.495 102.669 98.8999 86.7652 104.405 86.7208 85.1412 83.2519 94.2601 91.7727 82.6108 109.171 136.724 113.972 101.779 188.874 139.762 117.405 82.1894 79.4788 79.2279 78.1974 77.4162 109.415 105.657 86.9793 85.5135
threshold=-34.971122741699212 -4.2366523742675772 284.92707824707037 6.7718956470489511 -8.9411697387695295 7.4490127563476571 254.46063232421878 -1.0000000180025095e-35 24.256022453308109 -0.070574760437011705 -2.7254943847656246 11.588226318359377 251.08115386962893 15.862731933593752 265.57122802734381 137.81944274902347 209.49958801269534 -10.584798812866209 -13.95042037963867 226.17646789550784 1089.1666564941409 212.05882263183597 547.66665649414074 9.6521248817443865 255.59030914306643 268.43287658691412 31.572175979614261 260.24180603027349 13.627505779266359 215.00000000000003 49.095659255981452 -42.176364898681634 286.81991577148443 -36.352928161621087 2.1372528076171879 -0.91597560048103321 -0.25980782508850092 226.17646789550784 274.91055297851568 282.01361083984381 0.78656607866287243 286.52598571777349 15.178080081939699 252.99003601074222 235.7333679199219 265.70214843750006 285.67515563964849 284.34808349609381 -32.179424285888665 0.98296290636062633 -0.50290912389755238 273.45858764648443 1.5114154219627383 278.52941894531256 -0.91597560048103321 -9.0357642173767072 19.733339309692386 -0.20686483383178708 270.94653320312506 258.98173522949224 -0.15365490317344663 0.87896132469177257
decision_type=2 2 2 2 2 2 2 2 2 2 2 2 2 2 2 2 2 2 2 2 2 2 2 2 2 2 2 2 2 2 2 2 2 2 2 2 2 2 2 2 2 2 2 2 2 2 2 2 2 2 2 2 2 2 2 2 2 2 2 2 2 2
left_child=2 3 9 5 14 12 -3 13 17 10 41 20 38 29 18 16 40 -6 -5 -19 33 -15 45 -17 -18 27 55 -26 -29 -8 31 -13 -33 -11 35 -7 -37 -38 -2 -40 -9 -1 44 -44 -20 -14 47 49 -49 51 -51 52 -47 -34 -24 -27 -16 59 60 -21 -59 -62
right_child=1 6 -4 4 8 34 7 15 -10 11 -12 30 22 21 56 23 24 19 42 57 -22 -23 54 -25 25 26 -28 28 -30 -31 -32 32 53 -35 -36 36 37 -39 39 -41 -42 -43 43 -45 -46 46 -48 48 -50 50 -52 -53 -54 -55 -56 -57 -58 58 -60 -61 61 -63
leaf_value=0.0019609702706972292 0.03325725101503163 0.073661650847089741 -0.047177188446366841 -0.025713675131355515 -0.014650040151952957 0.12113802946137076 0.056019305080341399 0.080994568465059591 -0.014453811565801267 -0.038846929164519609 0.03622539427139998 -0.023390024979245149 -0.0339903721457872 0.044210965892821447 0.005389216545059106 0.085041913045247414 0.12227809090435326 0.044705964036754448 0.04983574051775938 0.084689930181133688 0.046009340909119345 -4.2519356324565927e-06 0.18670110794205697 0.053346059760125381 0.036428679742013199 0.044800370683093088 -0.0062818696288853481 0.031671541629893316 -0.031316622390268743 0.028439531306919133 0.087456728228161709 -0.018086906317030783 0.12175784381195912 -0.020569190482226794 0.014376111525271074 0.056024909118433976 0.1024958350543813 0.011132213587085132 -0.016678829339444638 0.03995458900646167 0.042928383349919705 -0.04215496599888343 -0.022168393041740952 0.053116801119091041 -0.0011439179621208937 0.064924046323782222 -0.020379220978579055 0.039796536500982131 0.1782788572865007 -0.016994160371310785 0.17081314819038818 -0.025739919836231667 -0.0029443091797580197 -0.011306408183431311 0.03531908243110804 0.09384323453662935 0.072820545239320314 0.15023187241482627 0.047963898059519811 -0.020226070001439181 0.002062145617016258 0.043587719191854404
leaf_weight=293.90621263347566 1037.7315566260368 829.10028497502208 7262.8382428213954 1749.5104879811406 210.15818833373487 53.357237424701452 480.97092926502228 311.49477991089225 412.52046768181026 1192.3813791964203 263.7062775567174 180.73321967571974 182.70461159013212 188.17794495075941 373.13974665105343 398.50750077143312 33.281113736331463 600.06213724799454 112.8800469301641 27.113433312624693 52.770421002060175 657.92360543087125 9.4068300984799844 857.68451551347971 494.74903681874275 162.83227011933923 86.293611213564873 139.19554004073143 206.13183081150055 1264.3539551589638 38.866130011156201 47.545825457200408 43.024151530116796 1469.8139078933746 202.2759714666754 771.8285654541105 33.376152329146862 263.21764235198498 218.51419311203063 129.67305911146104 287.90650223195553 174.18472419120371 600.10761431977153 44.671522233635187 405.07191811129451 110.33933333307505 340.43119205161929 52.711233478039503 20.689381079748273 28.253877183422446 25.441826954483986 266.47488294169307 150.82536246627569 15.890831647440789 110.76359683834016 166.61318353563547 48.593125469982624 11.377243746072052 319.84280288219452 208.76945426128805 581.01045483723283 157.60874277353287
leaf_count=8071 12816 3920 382849 62555 3911 725 2506 1487 9547 50027 5807 6191 4261 1137 11374 2108 247 7397 2360 270 1233 8425 234 6747 4338 1436 773 1055 2799 12522 524 1522 622 53770 3595 8509 219 3750 3437 1775 1315 5950 17030 1211 10221 1864 10070 1411 353 743 349 6574 4100 420 2526 1127 956 172 5224 4257 10985 2817
internal_value=-0.000940386 0.023411 -0.0372074 0.00940352 -0.000721305 0.0242129 0.0444704 0.0402511 0.0162062 -0.0180152 0.00380769 -0.0232667 0.0141885 0.0274822 -0.013559 0.0507735 0.0423738 0.0221836 -0.0174281 0.0262454 -0.0273025 0.00982947 0.00156607 0.0634011 0.0329178 0.0305496 0.053852 0.0190176 -0.00592717 0.0360399 0.0103375 -9.90679e-05 0.0394408 -0.0287557 0.0445331 0.0499709 0.0464168 0.0214135 0.0260106 0.00441278 0.0627105 -0.0144553 -0.00496118 -0.0169525 0.00996635 -0.00308651 0.00258719 0.0145286 0.0788305 0.00640973 0.0719917 -0.000264276 0.0257294 0.0858671 0.0471691 0.0696032 0.0131588 0.0177616 0.0234784 -0.00816656 0.0130363 0.010923
internal_weight=27471.3 16435.7 11035.7 9870.45 5862.44 4008.02 6565.22 5736.12 2528.46 3772.82 731.797 3041.03 2683.96 2591.43 3333.97 3144.69 1888.5 2115.94 2912.24 1905.78 2714.97 846.102 1298.04 1256.19 1289.1 1255.82 415.739 840.076 345.327 1745.32 326.06 287.194 106.461 2662.2 1324.06 1121.78 1068.42 296.594 1385.92 348.187 599.401 468.091 1162.73 644.779 517.952 1177.87 995.167 654.736 73.4006 581.335 53.6957 527.64 261.165 58.915 120.17 329.445 421.733 1305.72 1069.84 235.883 749.996 738.619
internal_count=786526 269540 516986 217598 150287 67311 51942 48022 44580 134137 19828 114309 50513 24590 105707 23432 14577 35033 93377 31122 105030 9562 32485 8855 11775 11528 3336 8192 3854 15028 9279 8755 2564 103797 16798 13203 12478 3969 18028 5212 2802 14021 30822 18241 12581 29725 25464 15394 1764 13630 1092 12538 5964 1042 2760 2563 12330 23725 19198 4527 13974 13802
is_linear=0
shrinkage=0.05


Tree=16
num_leaves=63
num_cat=0
split_feature=16 38 36 41 17 36 36 40 24 40 39 26 4 41 50 52 40 37 37 40 41 39 44 36 36 52 47 55 16 47 51 36 28 40 54 41 41 15 41 36 41 52 45 52 4 54 36 55 52 36 24 40 54 23 23 40 54 55 44 37 36 21
split_gain=9023.12 1776.43 657.037 518.299 408.94 321.681 308.835 236.09 204.854 200.933 171.349 161.441 135.968 131.499 121.676 112.786 111.172 108 109.548 104.996 97.86 107.921 95.0988 91.4338 87.4453 84.9955 84.6736 92.2613 84.8004 81.1479 91.2517 80.1519 84.2368 78.2936 77.4033 86.6799 75.481 74.7798 73.6107 76.172 71.01 70.1167 68.8065 79.9059 239.547 85.508 83.0487 68.7258 68.0072 67.7095 65.6988 65.5931 73.9139 64.7814 64.7333 63.415 61.6325 101.471 65.3183 60.8533 59.9603 59.6454
threshold=-34.880901336669915 -4.5294113159179679 280.88236999511724 4.8298299312591562 -12.496236801147459 257.94117736816412 215.00000000000003 2.1372528076171879 0.11173629760742189 15.215675354003908 -25.100947380065914 10.605336189270021 266.09213256835943 0.16170756518840793 94.038017272949233 57.570123672485359 -3.2941131591796871 255.6318054199219 281.55047607421881 -1.1764755249023435 26.331639289855961 -5.6702983379364005 2.8845443725585942 250.29411315917972 242.05882263183597 0.70361298322677623 2.6617431640625004 -0.12940952181816107 -0.87877655029296864 -2.6776723861694331 71.68945693969728 201.47058868408206 5.0018596649169931 -1.8235321044921873 0.78656607866287243 8.5059318542480487 9.1554088592529315 -29.40157318115234 23.447105407714847 228.529411315918 -0.52142748236656178 45.53399848937989 1.5416965484619143 37.740104675292976 282.32136535644537 -0.37940952181816096 276.17646789550787 0.91597560048103344 57.570123672485359 228.529411315918 19.744445800781254 25.823532104492191 -0.37940952181816096 -31.601368904113766 -29.653016090393063 11.980407714843752 1.0000000180025095e-35 0.60355338454246532 0.17662620544433597 258.07916259765631 230.29412078857425 -27.451961517333981
decision_type=2 2 2 2 2 2 2 2 2 2 2 2 2 2 2 2 2 2 2 2 2 2 2 2 2 2 2 2 2 2 2 2 2 2 2 2 2 2 2 2 2 2 2 2 2 2 2 2 2 2 2 2 2 2 2 2 2 2 2 2 2 2
left_child=2 3 8 5 12 17 31 48 16 10 26 25 24 42 -13 20 -1 19 23 -2 49 -22 59 33 36 -10 27 38 -28 -14 -31 -3 -33 -19 41 -36 60 -35 39 -6 -18 56 43 46 45 -45 -7 -44 -8 61 -37 52 -23 -32 -11 -24 57 -34 -58 -12 -5 -9
right_child=1 6 -4 4 9 13 7 15 11 54 22 14 29 -15 -16 -17 40 18 -20 -21 21 51 55 -25 -26 -27 28 -29 -30 30 53 32 34 37 35 50 -38 -39 -40 -41 -42 -43 47 44 -46 -47 -48 -49 -50 -51 -52 -53 -54 -55 -56 -57 58 -59 -60 -61 -62 -63
leaf_value=-0.022981186396474739 -0.015416619215137385 0.081240105778055169 -0.047895134322639372 0.10305002217344542 0.088162714801754138 0.016936872268411143 0.058942010374352288 0.0013330325842965006 0.08944847906652377 0.075337845614417587 0.020299976582177172 -0.01434151997165807 -0.030517054184714416 -0.0094056611623784345 0.043435735666152046 -0.013694673701650818 0.043784375519682346 0.042610789337899163 -0.01935974404984582 0.031213527110414991 -0.0029700604999253863 0.021774241026392166 0.065057489165599544 0.032921528862499029 -0.023725180773404853 -0.03350030798664904 -0.029018592253464728 -0.0055810436741527657 0.093330242891127235 0.0095980386312722391 0.048445782413051329 0.069920357538994185 0.053374761490353397 0.14063147856867009 0.065993857884965465 -0.013540577229800239 -0.012384218567728443 0.068929826239268771 -0.024502299782166968 0.025546271696799273 0.00064890921214125858 0.0042592817126111916 0.030939043035068697 0.11047365596057704 0.25536814303056132 -0.01462470587004276 -0.036433205326212373 0.10587674160437376 0.010394318383243057 -0.00045516377568388227 0.031346915755938197 0.012105961074149225 0.068727199414867726 0.1768477583728473 -0.018066571104142833 0.0020716867785814603 0.058655938781904407 0.0060157369333942376 0.099435755236603598 0.096869921914473051 0.013045485976700362 0.039615338020534525
leaf_weight=220.32034585997462 149.34583012759686 239.05908970534801 6528.1929272767156 20.601186631247401 61.386688593775034 263.52777881547809 814.23961267061532 108.4479307141155 14.141838433220981 19.179308569058776 1628.345060352236 547.11519012786448 108.02114362083375 719.48035370744765 109.332978092134 173.32270151004195 185.67444398440421 304.35788324661553 60.717584924772382 629.80311561003327 447.83348507806659 175.0849653929472 219.67219971679151 482.84866707585752 1796.1507923472673 2338.3734914716333 265.99666772037745 448.57961642555892 14.958906393498181 445.26929521374404 44.862036565318704 477.7528118416667 717.94636350870132 40.85827748477459 129.96678930521011 111.88235195726156 714.21459835395217 330.55316562764347 54.793188968673348 232.6060469802469 196.25585364736617 72.324241526424885 116.95725424215198 18.856273466721177 12.819291669875382 49.566441338509321 100.7623211145401 41.434818966314197 79.149153970181942 127.73308121040463 300.34815935790539 300.79889906570315 160.79708550870419 12.576920535415409 564.89636204950511 48.848224479705095 507.58702374994755 134.25385403260589 121.74585101753473 26.368417207151651 181.80773997679353 1646.6076254658401
leaf_count=7033 1651 974 354757 317 718 4838 4692 1349 451 481 27046 20976 3504 20592 3347 1993 3829 2221 1142 6418 6967 1833 2929 7720 64238 103331 6070 8275 131 13870 1181 2098 4095 528 581 602 22072 3504 1266 4807 6266 433 1920 351 334 1148 3298 593 515 1895 1611 2717 1562 239 13438 820 2941 785 617 434 3854 16199
internal_value=-0.00106607 0.0211166 -0.0384286 0.00792455 0.00012119 0.0241546 0.0408291 0.0319618 -0.0213155 0.0118324 0.0170537 -0.0266433 -0.0125137 0.00503432 -0.00471858 0.0255104 0.00530306 0.0368161 0.0461075 0.0222755 0.0278004 0.0158364 0.025999 0.0495383 -0.0173123 -0.0327612 0.0010993 0.00941617 -0.0225044 0.00880063 0.0172491 0.053546 0.0509737 0.0614113 0.0466552 0.0303894 -0.00474597 0.0768176 0.0287044 0.0386208 0.0216191 0.0523309 0.0222373 0.0121744 0.0570132 0.0198505 0.00217476 0.0505425 0.054641 0.0346918 0.0191641 0.0290647 0.0442521 0.0765609 -0.0149994 0.0535993 0.0546776 0.0459139 0.0665449 0.0215201 0.0222062 0.0372498
internal_weight=27217.3 17077.9 10139.4 10231 6909.13 3321.89 6846.88 4034.01 3611.21 3585.63 3001.56 3008.96 3323.5 1323.4 656.448 3140.63 602.251 1998.48 1219.34 779.149 2967.3 1084.51 1923.23 1158.62 2712.77 2352.52 1078.32 797.366 280.956 610.729 502.708 2812.87 2573.81 675.769 2096.05 542.197 916.624 371.411 348.786 293.993 381.93 1553.86 603.924 445.532 81.242 68.4227 364.29 158.392 893.389 1882.79 412.231 636.681 335.882 57.439 584.076 268.52 1481.53 852.2 629.333 1654.71 202.409 1755.06
internal_count=786397 286407 499990 231948 175690 56258 54459 39722 145233 66415 52496 128105 109275 33074 24323 34515 17128 23184 15115 8069 32522 13079 31229 13973 90481 103782 21267 15066 6201 18794 15290 14737 13763 6253 11665 2794 26243 4032 6791 5525 10095 8871 12482 9969 1833 1499 8136 2513 5207 19443 2213 6112 3395 1420 13919 3749 8438 4880 3558 27480 4171 17548
is_linear=0
shrinkage=0.05


Tree=17
num_leaves=63
num_cat=0
split_feature=16 17 36 33 38 53 36 35 38 29 40 35 28 41 41 53 5 17 12 29 5 36 54 29 45 42 55 53 36 38 45 51 53 36 40 11 11 21 54 44 52 40 45 29 36 36 36 47 55 54 52 15 5 26 50 33 37 29 14 50 37 35
split_gain=8193.84 1546.59 665.268 433.414 407.252 258.121 230.781 223.881 220.291 230.44 164.156 163.233 142.021 141.398 119.333 139.567 112.837 134.793 102.405 110.353 102.737 96.7769 96.1027 95.2182 91.5265 189.844 96.5658 89.9274 88.1768 89.7643 87.7762 83.7571 80.2245 75.0539 74.694 85.17 82.1913 71.3788 71.231 70.8117 107.792 96.712 69.9612 76.5319 96.4464 69.3833 68.7111 67.8116 66.0946 65.1114 62.8388 79.097 85.066 85.6575 62.2848 60.4449 63.2613 60.2098 59.2375 60.2979 59.2137 76.9605
threshold=-35.170196533203118 -4.2366523742675772 280.88236999511724 5.7705662250518808 -9.176475524902342 1089.1666564941409 258.52941894531256 -0.23971917480230329 -0.94116973876953114 20.288356781005863 12.156867980957033 25.378603935241703 -2.5656070709228511 0.16170756518840793 3.1113551855087285 956.33334350585949 263.53910827636724 -13.95042037963867 -47.168415069580071 1.7817754745483401 229.01564025878909 243.23529815673831 -0.91597560048103321 14.724085807800295 -9.0837030410766584 8.7295074462890643 -0.6035533845424651 90.055557250976577 278.52941894531256 -40.647064208984368 1.123018264770508 6.872349977493287 258.45832824707037 199.11765289306643 -1.8235321044921873 262.60983276367193 257.33569335937506 -5.1174039840698233 0.78656607866287243 -1.9634666442871092 37.740104675292976 -2.6666717529296871 -0.48469734191894526 14.415184974670412 228.529411315918 257.35295104980474 235.58823394775393 -0.89959621429443348 0.98296290636062633 -0.91597560048103321 45.53399848937989 -39.662990570068352 275.86897277832037 17.690683364868168 80.144050598144545 16.064103126525882 245.6899108886719 3.7707633972167973 -48.585308074951165 222.99001312255862 260.43936157226568 16.836189270019535
decision_type=2 2 2 2 2 2 2 2 2 2 2 2 2 2 2 2 2 2 2 2 2 2 2 2 2 2 2 2 2 2 2 2 2 2 2 2 2 2 2 2 2 2 2 2 2 2 2 2 2 2 2 2 2 2 2 2 2 2 2 2 2 2
left_child=2 3 5 6 16 7 14 12 9 18 58 24 -1 30 15 34 17 -5 -3 -20 27 49 54 -18 47 -26 31 -21 -7 -30 39 -27 55 -10 36 46 -2 -11 -34 40 -8 -42 43 44 -33 -25 -36 -6 -38 -16 51 -12 -53 -54 -15 56 -19 -35 -9 -60 61 -40
right_child=1 8 -4 4 11 28 13 10 33 37 50 -13 -14 22 21 -17 23 32 19 20 -22 -23 -24 45 25 26 -28 -29 29 -31 -32 42 38 57 35 -37 48 -39 60 -41 41 -43 -44 -45 -46 -47 -48 -49 -50 -51 -52 52 53 -55 -56 -57 -58 -59 59 -61 -62 -63
leaf_value=-0.025021965474467674 -0.022789409555757392 -0.030811325311905464 -0.047772715987779019 -0.023166645484035145 -0.018462595269613927 0.046517486459585172 0.011160194951650241 -0.042044696609158293 0.084979237363403404 -0.0086341472458952434 -0.022728346346039797 -0.021533687519087515 0.033871037790348911 0.013865879797009595 0.07673132900348234 0.15751699187656637 -0.0028561265488491281 0.060559565178300551 0.063372044805680608 0.027588979722417618 -0.012465364292957604 -0.00010979872509919852 -0.018444137763247246 0.1665847940870836 0.012225937173829082 0.0042576910471811306 0.033196366527012897 0.045818477084124509 0.056592461556653706 0.30753155913616304 0.049288882448066063 0.18578916787791952 0.0095536503891306256 0.066732794475750132 0.069337756971467671 0.073667193959354643 0.025779448056861706 0.01965381575671751 0.16574820944551086 -0.012003726893850855 0.043970725303573564 0.20537255355677111 0.15431969207699908 0.018715688263551817 0.052078660586497932 0.03446213461069416 0.025331285414207694 0.036763038816935364 0.089880916671129199 0.024303444682715687 0.084859927714638878 -0.0013069025347678756 0.19091660098167876 0.026366562113597794 0.12466053168947754 -0.022258804587473213 -0.002311593963877531 0.044324023155028591 -0.027222509375036313 0.03107054750338897 0.00068341815159846488 0.0080557113743203838
leaf_weight=166.30700456909835 80.845243830233812 53.947521151974797 6225.4729869756848 1952.4831178858876 261.21482467651367 54.445357361808419 166.11858893372118 796.95689729973674 142.61036570370197 338.78329949080944 109.29639109037817 294.27330366894603 266.26358725875616 41.012509373947978 63.373241446912289 24.682028014212847 415.4813086129725 43.854391155764461 395.89582839608192 1297.5702048763633 108.76964411884546 460.50601390562952 621.86324367672205 10.735769852995871 1593.3754977732897 31.049927787855268 473.6294403616339 1413.4778655618429 6.9027059432119131 7.3674185536801797 184.73037010803819 24.009438674896955 206.79844818077981 351.73759096860886 118.21625821664929 225.2517699804157 433.92095868848264 652.50566495209932 23.048519315198064 216.46036756597459 25.626396579667926 14.551255235448478 36.539612550288439 38.534212648868561 30.770518923178315 133.49576057679951 355.28677917271852 70.611559849232435 44.320722065865993 903.73888575658202 27.980115467682481 43.801259750500321 15.373775206506254 16.287712067365646 18.36493375711143 436.63810712844133 456.48772892728448 2028.4239551797509 1903.2230912502855 45.420458804816008 17.822277536615729 11.647093383595346
leaf_count=5664 993 727 354250 72812 5131 1384 3417 41498 573 5530 3994 7591 6104 1345 814 213 13938 903 2335 11745 1445 10401 18890 285 25406 582 7453 11423 211 208 3061 318 5422 1475 698 2464 3936 6276 465 5470 501 206 577 705 592 2826 3920 1082 290 9876 313 1173 207 366 532 12814 11108 10447 79523 1817 429 321
internal_value=-0.00116334 0.0194075 -0.0380038 0.00744169 -0.000465014 -0.0204251 0.0204173 -0.0223693 0.0380368 0.0311038 -0.027282 0.0137333 0.0112289 0.00299854 0.0287003 0.0397697 -0.0113919 -0.015069 0.0375062 0.0386524 0.0351818 0.0187558 -0.0126412 0.00929458 0.0177877 0.0214365 0.0445653 0.0370934 0.0755145 0.186148 0.020537 0.0780303 -0.00185282 0.0497466 0.0374592 0.048358 0.0238378 0.00998611 0.0227596 0.00797344 0.0289349 0.102426 0.0956704 0.0727047 0.110682 0.0442966 0.0363181 -0.00671076 0.03172 0.027739 0.0150305 0.00445547 0.0438271 0.106267 0.0481337 -0.00866449 0.00319899 0.0476356 -0.0305606 -0.0258638 0.0747604 0.112812
internal_weight=27030.2 17345.1 9685.1 10561.4 6562.5 3459.63 3998.87 3390.91 6783.72 4260.95 2958.34 2854.01 432.571 1288.73 2710.14 1282.52 3708.49 3148.78 3269.66 3215.71 2819.82 1427.62 681.241 559.713 2559.74 2227.91 634.533 2711.05 68.7155 14.2701 607.487 160.904 1196.3 2522.77 1257.84 698.755 559.087 991.289 259.316 422.757 206.296 40.1777 129.854 93.3142 54.78 144.232 473.503 331.826 478.242 967.112 212.739 184.759 75.4627 31.6615 59.3774 936.98 500.342 2380.16 2745.6 1948.64 52.5179 34.6956
internal_count=786475 289763 496712 237787 170760 142462 67027 140659 51976 39481 128891 49437 11768 33422 33605 12514 121323 104274 27675 26948 24613 21091 20767 17049 41846 35633 10227 23168 1803 419 12655 2774 31462 12495 12301 7082 5219 11806 6637 9594 4124 707 2192 1615 910 3111 4618 6213 4226 10690 6053 5740 1746 573 1877 24825 12011 11922 122838 81340 1215 786
is_linear=0
shrinkage=0.05


Tree=18
num_leaves=63
num_cat=0
split_feature=15 36 36 40 38 38 38 33 53 24 40 53 39 5 24 50 4 40 17 36 10 29 23 52 51 54 55 55 23 40 31 14 37 28 35 54 2 37 38 36 0 52 50 54 17 11 29 55 53 16 5 29 53 47 53 38 47 36 41 55 39 5
split_gain=7616.45 1489.35 588.622 409.402 355.365 288.171 210.652 226.781 210.186 188.072 165.412 127.143 121.491 125.508 115.966 138.53 105.141 136.146 103.781 102.392 101.516 95.2734 114.609 94.5003 87.6191 87.6671 85.5989 83.2006 94.235 108.593 82.9272 79.5859 81.9025 78.4208 80.6042 80.4034 74.8664 74.3647 142.259 72.6601 72.3232 72.2785 74.1957 90.123 84.0755 66.1967 65.6562 78.899 64.7887 63.0717 61.8687 61.3585 60.2299 57.6916 56.8818 56.173 63.5972 56.0835 77.8199 79.9625 57.0431 109.879
threshold=-37.143804550170891 225.58824157714847 280.88236999511724 0.78430938720703136 -13.176475524902342 -17.17647552490234 -1.117652893066406 10.488137722015383 1089.1666564941409 -0.070574760437011705 14.901954650878908 552.16665649414074 -21.148875236511227 225.84973907470706 11.552154541015627 174.94255065917972 267.60572814941412 9.9608001708984393 -17.056587219238278 277.35295104980474 286.00605773925787 20.288356781005863 -8.3960647583007795 88.222122192382827 71.68945693969728 -1.0000000180025095e-35 0.98296290636062633 -0.37940952181816096 -7.0733015537261954 16.19608306884766 14.786019325256349 -5.6241073608398429 264.89834594726568 -2.5656070709228511 -0.8988763391971587 -1.0000000180025095e-35 281.20669555664068 253.67828369140628 -6.7058792114257804 199.11765289306643 271.63761901855474 42.129280090332038 106.65961074829103 0.60355338454246532 -6.8762435913085929 259.80537414550787 25.891773223876957 -0.91597560048103321 416.45239257812506 -24.41190147399902 230.8393478393555 0.51493787765502941 212.86110687255862 0.53673219680786144 239.70833587646487 -33.176475524902337 -2.8623459339141841 275.58824157714849 0.79496634006500255 1.0000000180025095e-35 -31.137981414794918 263.53910827636724
decision_type=2 2 2 2 2 2 2 2 2 2 2 2 2 2 2 2 2 2 2 2 2 2 2 2 2 2 2 2 2 2 2 2 2 2 2 2 2 2 2 2 2 2 2 2 2 2 2 2 2 2 2 2 2 2 2 2 2 2 2 2 2 2
left_child=2 6 8 5 16 11 7 24 9 33 12 18 -6 -14 55 23 50 -18 26 53 -21 27 -23 -16 25 -2 57 28 29 -9 -19 32 -12 -1 35 -35 -37 51 -39 -8 49 42 43 -7 45 48 47 -24 -45 -28 -5 -15 -27 -10 -29 -11 -57 58 60 -60 61 -3
right_child=1 3 -4 4 10 41 39 21 19 14 31 -13 13 37 15 -17 17 30 -20 20 -22 22 46 -25 -26 52 40 54 -30 -31 -32 -33 -34 34 -36 36 -38 38 -40 -41 -42 -43 -44 44 -46 -47 -48 -49 -50 -51 -52 -53 -54 -55 -56 56 -58 -59 59 -61 -62 -63
leaf_value=-0.024269860593439045 0.039244109514509143 0.079929774387885788 -0.047437500028714406 0.0073657540962272132 0.0004996743046184499 0.044326098381025067 0.081717237566912057 0.046140797917126969 0.00054809891589864209 -0.040294832271882908 -0.023147493356404893 0.045685015109322109 0.047340140319416385 0.061213806188542524 -0.019249975181454534 0.092576734028176219 -0.012018421632350035 0.17763235563395993 0.030048267122006863 0.0162973571972168 0.24446857618145237 -0.02850702981056762 0.073563756987624393 0.072027228116149297 -0.0046139289454164871 0.055863159039309954 0.13529291529473708 0.011530289171625102 0.075992688635979383 -0.0020487590082303264 0.0305958217870714 0.017593348301840544 0.14015320309562182 -0.028792401123579503 0.0016893463306809501 0.10274978171454002 -0.00020369875481578327 0.02455970149145828 0.21646340421178611 0.045036379910619005 0.010869581804408382 0.007264270240249753 0.071412913530790559 -0.023785534037292201 0.052946217217113449 0.026300364107903002 0.001161178656696255 0.017337815414270531 0.076338086363728547 -0.0095096310499336676 -0.021222616113152903 0.01199229232136194 0.09655262557063958 0.13971207050017054 0.038835134349574404 -0.044875561988039728 -0.01338617084252538 -0.025955858658271935 0.065514001973388483 -0.017952989610619152 -0.01239034049258126 0.010230941599375116
leaf_weight=147.14988156035542 686.42569036781788 71.620013719424605 5904.3562122024596 208.19819264300168 1198.887339219451 906.99041809141636 141.89577926695347 371.53391053527594 41.429250299930573 1292.2650834191591 580.39927298016846 189.86681396514177 357.3904368840158 65.511860037222505 637.62429112568498 31.214913623407483 410.08902313932776 10.082137091085313 287.77213757671416 7.8689707033336189 12.811252888292072 181.85345700569451 86.524484716355801 29.675965398550034 77.407672956585884 307.34180337190628 27.311909725889564 780.01337080076337 148.00271698832512 170.57890458777547 196.16808461025357 172.98522823490202 7.7811723668128243 23.420118534937501 215.69212644174695 65.981909696012735 24.110637221485376 36.173139117658138 13.174438953399656 2780.9569440707564 76.876186786219478 213.48676299862564 152.47563761845231 172.19327355921268 132.55842314660549 210.85373743437231 337.84846398606896 223.71692354977131 17.830259861424565 10.377385187894104 2079.25764641352 1887.8182419128716 129.17048005759716 9.0794216860085708 252.47388350963593 231.90746138989925 519.59473870322108 286.64602817036211 30.299251740798354 541.73895138502121 146.79021428525448 268.67366420663893
leaf_count=5124 4383 974 352190 4408 26527 8784 573 3644 1054 64064 15073 4001 3305 632 26992 1033 14637 183 3930 152 372 3703 1125 617 518 1985 519 7850 1235 2539 4007 2622 197 615 6021 920 757 832 158 14211 2118 2294 1652 2384 944 2557 3479 2594 195 257 74829 30358 725 202 2353 10232 22172 10401 1044 15066 2658 5370
internal_value=-0.00109527 0.0181324 -0.037994 0.00679928 -0.000155418 0.0202168 0.0367528 0.0289145 -0.0210455 -0.0229251 0.00893651 0.00682506 0.0134612 0.0200454 -0.0279625 -0.0103749 -0.0136819 0.00464714 0.00260437 0.0639342 0.157648 0.0204859 0.00656916 -0.0151907 0.046838 0.0503848 -0.0028037 0.0271909 0.0406316 0.0309777 0.0377834 -0.0122192 -0.0209872 0.00607418 0.0196375 0.053742 0.0751973 0.0151745 0.0757927 0.0468171 0.0386856 0.0345841 0.0382456 0.0347347 0.0184266 0.00701199 0.0164115 0.0330189 -0.0143907 0.0954229 -0.0186206 0.0136431 0.0679038 0.0255642 0.0182071 -0.0339735 -0.0231035 -0.0063357 -0.0010256 -0.013532 0.0136621 0.0249001
internal_weight=26838.2 17644 9194.18 10968.3 7223.92 3744.36 6675.74 3752.89 3289.83 3218.64 4320.12 1937.97 3558.96 2360.07 2742.28 698.515 2903.8 616.339 1748.11 71.1889 20.6802 2552.55 829.943 667.3 1200.35 1122.94 1460.33 1722.6 690.116 542.113 206.25 761.166 588.18 476.355 329.205 113.513 90.0925 2002.68 49.3476 2922.85 114.565 1806.39 1592.9 1440.43 533.436 400.877 648.09 310.241 190.024 37.6893 2287.46 1953.33 436.512 50.5087 1032.49 2043.77 751.502 1345.77 1059.12 572.038 487.084 340.294
internal_count=786350 293833 492517 242916 177768 65148 50917 36133 140327 138547 79704 46338 61812 35285 125110 28642 98064 18827 42337 1780 524 28522 10901 27609 7611 7093 38407 17621 7418 6183 4190 17892 15270 13437 8313 2292 1677 31980 990 14784 2894 18810 16516 14864 6080 5136 7198 3719 2579 776 79237 30990 2710 1256 10203 96468 32404 35513 25112 16110 9002 6344
is_linear=0
shrinkage=0.05


Tree=19
num_leaves=63
num_cat=0
split_feature=37 17 2 41 38 49 54 41 49 38 49 49 40 5 54 14 41 23 35 48 49 49 54 48 49 29 52 23 29 49 49 48 52 28 48 35 48 35 48 51 49 49 29 48 55 48 52 39 17 11 29 39 49 38 38 48 54 38 43 51 17 39
split_gain=6992.57 1449.69 508.754 488.503 519.836 327.618 214.324 212.95 209.282 171.009 160.189 156.306 134.629 133.671 126.891 118.556 114.129 126.597 111.522 124.715 142.262 133.695 121.459 110.427 117.844 131.433 103.002 99.5828 98.4646 102.165 104.844 97.7498 94.8129 94.297 92.4435 92.0066 89.5431 164.306 95.5567 87.031 86.3927 198.014 85.2036 81.7768 81.4508 121.657 80.4385 195.288 99.1992 92.6098 80.1362 85.1155 77.2785 82.3611 77.0223 76.6817 91.9808 81.5138 75.9089 75.6378 117.436 150.044
threshold=282.24038696289068 -4.2366523742675772 284.92707824707037 2.9387589693069462 -13.176475524902342 254.46063232421878 -1.0000000180025095e-35 11.766399860382082 286.04714965820318 -32.941169738769524 286.81991577148443 284.34808349609381 15.862731933593752 263.05389404296881 0.12940952181816109 -1.6081161499023435 24.75865459442139 -42.873016357421868 25.378603935241703 0.73976010084152233 256.94619750976568 270.65731811523443 0.78656607866287243 0.11755901575088502 259.72676086425787 1.0121507644653323 95.494766235351577 -42.029689788818352 3.7105216979980473 268.43287658691412 259.93206787109381 0.90649205446243297 10.089985847473146 16.300477981567386 0.1445879936218262 15.479693412780763 0.31050783395767217 6.2356228828430185 -0.12414410710334776 62.29881668090821 276.94873046875006 276.13734436035162 4.7926559448242196 0.9702095389366151 0.98296290636062633 -0.50290912389755238 38.534135818481452 -35.968046188354485 -31.545301437377926 288.01518249511724 8.4606561660766619 -29.165580749511715 275.89672851562506 -0.70587921142578114 -7.1176528930664054 0.11192005872726442 0.60355338454246532 -4.9411697387695304 19.185226440429691 56.739677429199226 -44.046266555786126 -48.442987442016594
decision_type=2 2 2 2 2 2 2 2 2 2 2 2 2 2 2 2 2 2 2 2 2 2 2 2 2 2 2 2 2 2 2 2 2 2 2 2 2 2 2 2 2 2 2 2 2 2 2 2 2 2 2 2 2 2 2 2 2 2 2 2 2 2
left_child=1 3 9 8 10 -3 12 23 11 59 -5 13 36 -1 16 28 17 -12 19 20 33 -22 55 24 25 -6 40 -28 -8 30 -30 39 -27 34 -9 -36 37 -7 -39 -31 41 -15 -17 58 -42 -46 49 -48 -49 -11 51 -19 53 -14 -25 56 -23 -57 -21 -2 61 -61
right_child=2 5 -4 4 7 6 15 18 -10 46 14 -13 52 26 -16 42 -18 50 -20 43 21 22 -24 54 -26 32 27 -29 29 31 -32 -33 -34 -35 35 -37 -38 38 -40 -41 44 -43 -44 -45 45 -47 47 48 -50 -51 -52 -53 -54 -55 -56 57 -58 -59 -60 60 -62 -63
leaf_value=0.036167880073017064 -0.031656913490429955 0.063904548151348384 -0.046196877576721321 -0.01731364003964166 0.1018456394226496 0.03958761255587831 0.051222603693747815 0.0034381397119103881 -0.011909083287544957 -0.01170563694063982 -0.027246496504785184 0.071308101194812318 -0.012582574262030678 0.0012672289551382146 -0.017262038628997528 0.078468684033224115 -0.01268055476288845 0.0044293714318244248 -0.022254297839869826 0.029328714087475484 -0.021409581669703689 -0.044846129124657186 0.052646654239261639 0.036553544709219524 0.012563703156208314 -0.0047138005936733932 0.24244677276703333 0.033278503126368361 0.028700573182649528 0.059706509377764061 -0.0055714245317380531 -0.032201929845690397 0.049329774756285021 -0.010626388424322813 0.13573072605198844 0.045168420559065801 0.044619356838110039 -0.014898499562886037 0.022893245394177364 -0.008473261512258308 -0.031844531427367637 0.079351176147209879 0.044403377975353375 -0.048602430003333058 -0.029972737616793005 0.18591658583753412 -0.011392225910916511 0.24062064022462426 0.071437426086006103 0.051677765031645978 0.12750240480374092 0.18617952214745195 0.045795103822490142 0.021021024155092331 0.10641588877144635 -0.00027464727055981998 0.06860386079448938 0.069742357226261029 -0.03535734463336114 -0.028622382134990104 -0.022789560118473069 0.14075026590344264
leaf_weight=1237.2501364108175 1437.6301196683198 835.79333505406976 6083.7921808101237 3442.6409281902015 76.402162874117494 599.8640923500061 422.52463170513511 71.651612263172865 335.60334587283432 557.03869180008769 26.806464141234756 211.87850063107908 522.15156003460288 394.08538089133799 141.83703313209116 212.26015425473452 59.918805560097098 33.564594730734825 413.96208460815251 730.83626086823642 833.96452819369733 137.61859751865268 129.93876883760095 113.09908562526107 1470.2828979752958 128.41185190528631 8.9954942166805285 15.486619787290691 520.15663613006473 349.77041712403297 390.82257304154336 39.111643120646477 220.52939893864095 99.443023828789592 41.358357269316912 87.12815678678453 557.76829794794321 342.55501270666718 326.87548086419702 54.037380807101727 191.16742533817887 102.26014257967472 1357.4581690132618 39.305699111893773 15.430531438440086 11.307427443563936 61.267511049285531 13.724013531580566 23.501156425103545 64.279873117804527 67.808459857478738 7.9715753477066746 99.855517197400331 280.19087496399879 60.586270347237587 199.86409489996731 20.531491860747337 52.484351443126798 48.354252399876714 23.599637784063816 133.53760572336614 29.32296833768487
leaf_count=13249 62218 3875 381549 123530 419 3202 2434 858 8046 17290 1044 3075 7167 8541 4417 918 1197 966 11778 13866 18522 3139 2195 2446 21649 1302 255 355 4968 2594 4644 491 2022 1579 439 1042 5528 2714 2915 444 5143 1028 6729 795 400 107 2002 233 496 2442 924 215 770 1693 784 4455 322 627 1179 962 5328 789
internal_value=-0.000921336 0.0165217 -0.0385717 0.00547313 -0.000112754 0.0345541 0.0305163 0.0105064 0.0248559 -0.0187798 -0.0140891 0.0304954 0.0201179 0.0261191 0.0187625 0.0389977 0.0448226 0.0701292 0.00177849 0.00576996 -0.00205077 -0.00885594 0.0105159 0.0227652 0.019269 0.0424471 0.00928924 0.110133 0.0301507 0.0235746 0.0139974 0.0432725 0.0294415 0.0291696 0.0489431 0.0743194 0.0279214 0.0205838 0.00355479 0.0505827 0.00583264 0.0173546 0.0490098 0.0217649 -0.020412 0.0613264 0.00150667 0.0434872 0.133811 -0.00514817 0.0940015 0.0393107 0.00431478 -0.000847658 0.0609235 -0.00282006 -0.0301177 0.0142877 0.0253145 -0.0277709 0.00219068 0.0652224
internal_weight=26618.7 18191 8427.69 11279.8 8756.3 6911.2 6075.4 4975.75 2523.47 2343.9 3780.55 2187.86 2729.26 1975.98 337.907 3346.14 196.07 136.151 2906.44 2492.48 1673.98 1374.4 540.437 2069.31 1895.63 425.343 738.733 24.4821 1776.42 1353.9 910.979 442.919 348.941 299.581 200.138 128.487 1827.06 1269.29 669.43 403.808 714.251 496.346 1569.72 818.496 217.905 26.738 719.811 98.4927 37.2252 621.319 109.345 41.5362 902.198 802.342 173.685 410.499 158.15 252.348 779.191 1624.09 186.46 52.9226
internal_count=786305 312996 473309 261910 221711 51086 47211 89418 40199 91760 132293 32153 23989 29078 8763 23222 4346 3149 60796 49018 33178 29260 10738 28622 25392 3743 15829 610 15575 13141 9612 3529 3324 3918 2339 1481 14359 8831 5629 3038 15219 9569 7647 15840 5650 507 22463 2731 729 19732 2105 1181 9630 8860 3230 8543 3461 5082 15045 69297 7079 1751
is_linear=0
shrinkage=0.05


Tree=20
num_leaves=63
num_cat=0
split_feature=16 17 36 41 38 49 42 39 13 40 53 35 49 49 49 49 49 53 41 40 49 48 48 49 48 49 40 53 51 37 49 51 23 42 14 49 5 49 53 36 40 48 40 14 40 39 55 38 38 48 53 49 49 49 49 53 17 51 47 5 55 41
split_gain=6540.71 1149.46 668.465 347.357 364.455 284.943 253.195 213.138 181.952 164.597 154.955 130.84 114.116 112.094 169.661 111.721 108.558 105.581 103.932 146.124 123.283 101.001 144.127 96.7763 110.59 138.767 113.317 98.7796 94.8979 91.8509 90.8208 88.1787 86.9569 86.1328 107.963 84.9246 76.8713 76.3158 76.0072 75.8587 123.145 75.1314 110.597 76.2727 109.903 74.2628 74.4701 74.7204 80.9734 71.9169 71.6348 71.1609 71.1251 70.0256 68.5136 66.6465 78.9014 64.2377 63.7019 62.6496 62.1285 91.4732
threshold=-34.880901336669915 -4.2366523742675772 280.88236999511724 4.5955033302307138 -9.764701843261717 254.46063232421878 6.6161193847656259 -1.2745085358619688 -47.793565750122063 2.0588226318359379 1089.1666564941409 25.378603935241703 286.69125366210943 259.93206787109381 267.04945373535162 286.04714965820318 284.34808349609381 525.10415649414074 -0.42216905951499933 9.1176452636718768 283.36277770996099 -0.6077212095260619 -0.48176059126853937 269.73658752441412 -0.58530998229980458 259.93206787109381 27.176460266113285 137.81944274902347 43.73332595825196 280.22875976562506 289.42092895507818 50.025959014892585 -6.4108130931854239 12.207496643066408 -16.864946365356442 290.95030212402349 281.77020263671881 281.06625366210943 420.58332824707037 215.58823394775393 13.078430175781252 0.95832794904708873 16.50980377197266 -9.1786155700683576 14.901954650878908 -19.56281757354736 -0.91597560048103321 -7.3529434204101554 -0.70587921142578114 0.53731119632720958 1089.1666564941409 267.04945373535162 256.32855224609381 254.46063232421878 276.13734436035162 496.50000000000006 -7.4937171936035147 19.238735198974613 -4.0538423061370841 217.3274841308594 0.37940952181816107 11.766399860382082
decision_type=2 2 2 2 2 2 2 2 2 2 2 2 2 2 2 2 2 2 2 2 2 2 2 2 2 2 2 2 2 2 2 2 2 2 2 2 2 2 2 2 2 2 2 2 2 2 2 2 2 2 2 2 2 2 2 2 2 2 2 2 2 2
left_child=2 3 8 6 12 39 15 9 -1 -7 18 13 38 41 17 16 29 28 20 -20 54 -18 -23 24 -11 26 45 51 -15 55 -17 35 -25 60 58 -21 -12 -33 -5 -3 -41 43 -43 44 -6 -26 -47 -48 -49 -36 -8 -27 -9 -13 -10 56 -2 -42 -35 -59 61 -16
right_child=1 5 -4 4 11 7 50 52 10 23 36 53 -14 14 33 30 21 -19 19 31 -22 22 -24 32 25 27 -28 -29 -30 -31 -32 37 -34 34 49 -37 -38 -39 -40 40 57 42 -44 -45 -46 46 47 48 -50 -51 -52 -53 -54 -55 -56 -57 -58 59 -60 -61 -62 -63
leaf_value=-0.034948067847737421 0.0067353539572230173 0.077054467159433176 -0.047125714238374757 -0.016775567155199188 0.050635137180366142 0.040116382112089448 0.037113996283248046 -0.011364276168524354 0.0018803068509979607 0.068872372969075543 0.044775684693023871 0.11253793816435287 0.014762817687762306 -0.030817341897808315 0.054638698158998203 -0.026667242953062661 -0.038652253804948265 0.058304395988964579 -0.02428298720221489 -0.0048841302146399538 -0.02060619701709164 0.19207862673859155 0.048940210780805612 0.020330131805251714 -0.01717943335014099 -0.025086542295245196 -0.0030337869295935559 0.015812761639262481 0.028869882116939791 -0.019850123803006724 0.041406008593496801 0.12987536807262032 0.047399383522305973 -0.0083391390742269585 0.054131345795325261 0.11619568360689198 0.19827529977074917 0.00084810428276011797 0.0065815876948296329 0.071626608135551079 0.04989841863770228 0.031174683002285021 0.17001753983442588 0.0081585136762198727 -0.013981559239838813 0.059068805270993952 0.11757257233223206 0.015652625007960819 0.055546541044105682 0.14902618401778753 0.12309193585198347 0.0097341729440380068 0.0518395888355224 -0.02461265077246708 0.059149105957068251 0.047600836430231032 0.041206284934712151 0.037597760255010597 0.036889451853921368 -0.029686687542429837 -0.0049267785316754638 0.010562731815527974
leaf_weight=1137.4805429223925 1127.6786505505443 348.45640836656094 5452.2670528562739 2941.5929277036339 373.26262060925364 1235.3213455490768 1072.7498108185828 46.602560847997665 87.611497307196259 88.308744534850121 44.867040297016501 9.6161769181489927 384.29417032375932 436.40112902410328 140.7227884773165 304.22725310921669 25.068084744736552 44.816477805376053 1446.9089170005172 245.63045377284288 172.62004504539073 20.699467424303293 116.92841179296374 778.19842160865664 76.943616297096014 442.14139260724187 335.14815118908882 506.15884719789028 78.585837861523032 212.40434406511486 58.40348482504487 27.696784464642406 479.48025312274694 114.42778149805963 67.592757247388363 15.389378396794198 9.9683535043150169 19.549056138843298 395.08103790506721 251.81525532901287 116.45970999076962 38.303145103156567 22.92856584303081 349.56801111809909 79.889741603285074 226.20052862539887 21.921866197139025 610.83118869364262 160.6464513912797 28.335646502673626 24.786225963383913 219.60048861429095 992.19601356238127 289.30270159430802 129.3026660438627 144.25651024095714 194.65965056419373 61.407862242311239 243.55445910990238 79.237272758036852 464.1376616358757 719.96398681402206
leaf_count=61638 18405 1441 354708 100596 4271 6942 11036 260 2478 522 880 70 10476 8677 1880 9034 615 720 62417 8526 5572 299 2356 7012 1076 5399 3098 4884 1387 6295 1450 498 2806 2184 769 311 255 371 12131 1142 623 419 212 4085 1579 2006 255 6469 837 332 206 2215 4245 8119 1929 1979 1447 281 4196 464 6976 11753
internal_value=-0.00111294 0.0164769 -0.0363381 0.00599898 -0.000142907 0.0320585 0.0194335 0.0283336 -0.0187126 0.024189 -0.0103166 0.0114357 -0.0110384 0.0143887 0.00870289 0.00966365 0.0146585 -0.0153035 -0.0124386 -0.0176239 0.0109254 0.0536552 0.0704685 0.0192023 0.0138459 0.0119766 0.0224103 -0.000813768 -0.0217092 0.0108797 -0.0157037 0.0136317 0.0306501 0.0162582 0.0350554 0.00225457 0.0726799 0.0764874 -0.0140099 0.0590808 0.0467742 0.0297789 0.0831652 0.0257066 0.0392434 0.0301871 0.0337615 0.0265464 0.0239598 0.0821617 0.0390557 -0.0135312 0.0490041 -0.0202005 0.0360183 0.0153302 0.0118098 0.0224331 0.0224323 -0.000309247 0.0098179 0.0177692
internal_weight=26390.6 17601.3 8789.29 10524.2 7222.38 7077.08 3301.86 6219.7 3337.02 5180.9 2199.54 3501.41 3720.97 3202.49 2338.54 2204.33 1841.7 559.803 2144.71 1755.17 389.534 162.696 137.628 3945.58 2687.9 2599.59 1431.69 1167.9 514.987 1679 362.631 308.266 1257.68 1778.74 453.911 261.02 54.8354 47.2458 3336.67 857.377 508.92 863.952 61.2317 802.72 453.152 1096.54 1019.6 793.4 771.478 95.9284 1097.54 661.742 1038.8 298.919 216.914 1466.59 1322.34 257.105 357.982 140.645 1324.82 860.687
internal_count=785514 285931 499583 233954 180832 51977 53122 48026 144875 43521 83237 57629 123203 49440 38874 41880 31396 10784 82102 72123 9979 3270 2655 36579 26761 26239 13741 12498 10064 28126 10484 9706 9818 28090 7481 8837 1135 869 112727 3951 2510 10566 631 9935 5850 10643 9567 7561 7306 1101 11242 7614 4505 8189 4407 21831 19852 1368 6380 745 20609 13633
is_linear=0
shrinkage=0.05


Tree=21
num_leaves=63
num_cat=0
split_feature=16 38 1 41 38 49 54 49 28 41 52 49 49 49 53 53 55 53 34 49 55 48 49 49 49 48 49 54 35 39 49 53 53 49 38 49 53 49 49 29 11 4 54 54 54 39 53 54 53 51 49 49 49 11 41 16 39 49 18 38 49 49
split_gain=6020.51 1022.74 673.393 316.326 301.372 287.599 271.797 164.725 154.374 154.291 149.662 143.563 140.625 139.557 133.244 118.459 116.275 111.174 117.65 151.95 105.164 161.234 159.945 140.967 159.664 104.546 142.345 97.728 97.1283 150.433 110.445 93.6114 92.7025 153.833 91.665 111.674 89.1598 89.3679 88.2525 86.684 250.993 244.965 85.8478 115.546 85.1805 105.865 103.854 84.851 83.1558 86.9643 82.1031 81.2958 150.336 170.689 81.291 80.7172 91.4374 80.4183 78.3283 78.2984 77.5997 98.341
threshold=-34.880901336669915 -4.5294113159179679 285.22959899902349 3.1113551855087285 -12.588233947753904 254.46063232421878 -1.0000000180025095e-35 286.04714965820318 4.1457281112670907 24.292182922363285 92.846775054931655 260.24180603027349 284.34808349609381 267.04945373535162 17.208333015441898 956.33334350585949 0.37940952181816107 1089.1666564941409 -0.3270608633756637 276.94873046875006 0.98296290636062633 -0.50290912389755238 276.94873046875006 270.83627319335943 273.35858154296881 0.062224745750427253 275.89672851562506 -0.37940952181816096 9.9480543136596697 -5.6702983379364005 255.59030914306643 111.95833206176759 1089.1666564941409 276.94873046875006 -37.411766052246087 285.57859802246099 545.16665649414074 290.50280761718756 276.13734436035162 18.772079467773441 264.82698059082037 251.035514831543 0.12940952181816109 0.60355338454246532 0.78656607866287243 -22.190997123718258 416.45239257812506 0.12940952181816109 1089.1666564941409 35.823423385620124 288.57763671875006 286.19183349609381 279.88751220703131 281.48335266113287 24.75865459442139 -44.075569152832024 -47.435729980468743 282.94137573242193 -47.942720413208001 -26.999999999999996 268.43287658691412 261.63801574707037
decision_type=2 2 2 2 2 2 2 2 2 2 2 2 2 2 2 2 2 2 2 2 2 2 2 2 2 2 2 2 2 2 2 2 2 2 2 2 2 2 2 2 2 2 2 2 2 2 2 2 2 2 2 2 2 2 2 2 2 2 2 2 2 2
left_child=2 3 10 7 36 -3 8 12 -7 11 17 14 15 48 -6 20 58 18 19 38 22 -22 23 -2 59 -10 -27 34 31 54 -31 -8 -4 -34 -20 -36 37 39 -1 -5 -41 -42 -14 -44 45 -16 -46 -26 49 -13 -9 52 55 -54 -30 56 -12 -28 -15 -25 61 -32
right_child=1 5 32 4 9 6 28 50 25 -11 51 13 42 16 44 -17 -18 -19 27 -21 21 -23 -24 24 47 26 57 -29 29 30 60 -33 33 -35 35 -37 -38 -39 -40 40 41 -43 43 -45 46 -47 -48 -49 -50 -51 -52 -53 53 -55 -56 -57 -58 -59 -60 -61 -62 -63
leaf_value=0.006379048472339454 0.0074105479091809137 0.05635062828715133 -0.046037929724240131 -0.016836031880398193 -0.0074656835866580302 0.036151989265352381 0.034373329809108358 -0.024300761492483693 -0.010780731632585219 -0.015202283845114914 -0.024261949194290096 -0.026826947148617428 0.011283706551641542 -0.027694389452516704 -0.0088725696152925932 0.10441490766229329 -0.00053454920441504343 0.050381062897058029 -0.034391723563121306 -0.021959006746341408 0.013930837954904976 0.11143844150559575 -0.017835375658735476 -0.0015899740750892483 -0.023689041231499536 0.0084901871348912871 0.071689510889162519 -0.032122507514183656 0.023435853232090631 0.10897361750194381 0.039231464459989568 0.065686113891792214 0.17462531152269445 -0.021304996948898564 -0.010799865809957768 0.04758361169582484 0.015856527400953387 0.051302293721273144 0.070602586051813174 -0.025770322086318811 0.32550679076069011 0.04813900178402692 0.1336357182405489 0.050625020201023198 -0.021021530240649178 0.054074231535437792 0.09120948505918515 0.031063914630934827 0.12307738390064459 0.017281415227183222 0.027730064325329502 -0.031720977580211668 0.25461340801083338 0.034482004462835281 -0.010937312075347136 -0.037769464408306183 0.1463463947053657 0.019499699292416635 0.025140846144973434 0.071497895825259519 0.06756173748897612 0.0040423882785520816
leaf_weight=126.66636692546308 718.76932377461344 902.94626701623201 5708.582678434439 2796.3139461856335 193.62078735046089 679.87509279884398 496.97264091484249 270.2038835445419 516.28586905449629 567.5140091907233 13.933699436485769 464.66697157546878 64.397702606394887 74.192190263420343 75.908438997343183 42.149122321978211 949.93722247891128 58.416339602321386 217.04356570541859 282.81389016564935 96.201049235649407 75.800607161596417 291.44068619795144 41.602888786233962 101.563222351484 1495.4490905888379 152.70521148666739 1395.302356957458 582.2123297303915 55.343646489083767 1108.7685108818114 459.25566952303052 11.936718839220701 62.327683144249022 285.26703664381057 114.89343687612563 292.33933203946799 53.102964103221893 92.592025808990002 177.90855886973441 8.589883264154194 108.61660732887685 62.679412724450231 126.57519533857703 101.70220260508358 556.35483004711568 25.852563129737973 233.29701699689031 10.904948616400359 147.13148369640112 105.39182533044368 33.403844479471445 17.174568930640817 18.072563172318041 244.1308455336839 35.355992118827999 17.99747696518898 142.86779023334384 1286.6822378374636 307.42201027460396 183.76279724389315 241.85311288759112
leaf_count=3518 9737 4068 390110 96049 2633 3860 2749 7260 4151 14979 425 9650 1059 1415 1401 406 15393 1187 10336 9587 1218 630 5495 973 1332 16847 1107 60451 5292 306 6591 2256 494 3763 12227 3426 8188 1199 792 6601 190 2548 462 1971 1544 6118 293 3005 147 2693 2470 1056 325 566 3355 1302 357 1122 21820 2684 1028 1590
internal_value=-0.00107264 0.0155384 -0.0356791 0.00550616 0.00056821 0.0299446 0.0261954 0.0208627 0.0152126 0.00915103 -0.0151071 0.0127067 0.0261726 0.00722852 0.0295619 0.0215233 0.0128898 -0.0178084 -0.0193925 0.0022605 0.0196511 0.0569021 0.015869 0.022872 0.0391222 0.00904255 0.0147569 -0.0247944 0.035924 0.0305857 0.0395807 0.0494122 -0.0453159 0.0101874 -0.00822792 0.00596311 -0.0105558 -0.0130113 0.0335004 -0.0141161 0.0116565 0.0684669 0.0611496 0.0781174 0.0389975 0.0465169 0.00172524 0.0144573 -0.0137799 -0.0162193 -0.00970096 0.0360229 0.0580926 0.141744 0.0132808 0.0142736 0.0718986 0.0464631 0.0222604 0.062786 0.0370778 0.0329302
internal_weight=26183 17691.3 8491.78 10428.8 7891.34 7262.43 6359.48 2537.49 2987.18 4454.47 2708.93 3886.95 2161.9 2933.52 953.439 1908.25 2310.81 2573 2514.58 502.072 1866.1 172.002 1694.1 1402.65 683.885 2307.31 1791.02 2012.51 3372.3 2416.07 1589.73 956.228 5782.85 74.2644 617.204 400.16 3436.87 3144.53 219.258 3091.43 295.115 117.206 253.652 189.255 759.818 632.263 127.555 334.86 622.703 611.798 375.596 135.938 102.534 35.2471 826.343 67.2872 31.9312 295.573 1360.87 349.025 1534.38 1350.62
internal_count=785807 285885 499922 231563 192861 54322 50254 38702 27087 78086 105555 63107 28972 51118 11989 25480 38628 101524 100337 13897 25074 1848 23226 17731 7994 23227 19076 86440 23167 18162 9515 5005 394367 4257 25989 15653 114775 106587 4310 105388 9339 2738 3492 2433 9356 7519 1837 4337 12490 12343 9730 4031 2975 891 8647 2084 782 2229 23235 3657 9209 8181
is_linear=0
shrinkage=0.05


Tree=22
num_leaves=63
num_cat=0
split_feature=0 17 2 39 39 41 40 49 43 53 49 48 42 52 49 49 49 17 53 53 40 52 23 28 49 48 49 40 39 17 41 43 49 46 48 48 49 49 53 52 44 49 49 49 17 49 23 49 41 49 5 49 49 48 5 17 52 49 55 5 48 49
split_gain=5578.15 1160.29 340.815 274.557 237.275 284.883 231.283 209.004 195.913 181.451 174.709 156.754 159.163 155.015 141.276 136.878 125.82 119.96 116.864 115.511 109.465 102.331 99.1824 159.806 122.387 115.807 115.555 257.711 110.015 94.9027 94.8653 117.766 107.486 93.7983 92.5115 105.412 85.6851 93.6509 85.4591 84.3455 83.0405 81.8565 105.047 126.574 110.32 80.4417 78.7802 78.4243 87.9614 78.3434 88.9256 78.3275 157.2 98.1521 76.3937 76.1922 75.3579 75.2573 90.3107 72.489 69.7159 144.893
threshold=284.53353881835943 -7.4937171936035147 287.22605895996099 -2.7966600656509395 -39.844596862792962 8.9259219169616717 1.6078262329101565 247.43756103515628 -3.6650924682617183 1089.1666564941409 286.69125366210943 0.20595771074295047 7.9050292968750009 95.494766235351577 255.59030914306643 255.95982360839847 260.66418457031256 -34.631246566772454 201.75000000000003 150.216667175293 19.470581054687504 41.616329193115241 -20.552845954895016 15.689243316650392 267.04945373535162 0.28312796354293829 267.93310546875006 16.50980377197266 -34.053016662597649 -17.469760894775387 2.7746309041976933 -2.4231719970703121 280.31988525390631 5.3820858001708993 0.52739697694778453 -0.48803782463073725 276.27717590332037 265.70214843750006 1193.0000000000002 39.807723999023445 -4.3761272430419913 272.63078308105474 282.94137573242193 280.31988525390631 -44.046266555786126 271.58435058593756 -1.2585433125495908 288.27157592773443 25.773903846740726 288.40032958984381 241.09019470214847 267.56375122070318 260.66418457031256 0.81332153081893932 211.81697845458987 -11.373033523559569 49.095659255981452 270.26141357421881 0.37940952181816107 229.60315704345706 0.33345443010330206 276.75975036621099
decision_type=2 2 2 2 2 2 2 2 2 2 2 2 2 2 2 2 2 2 2 2 2 2 2 2 2 2 2 2 2 2 2 2 2 2 2 2 2 2 2 2 2 2 2 2 2 2 2 2 2 2 2 2 2 2 2 2 2 2 2 2 2 2
left_child=1 4 9 6 8 11 39 -8 -1 17 22 12 16 29 -5 -16 18 -2 -6 34 56 33 24 40 -7 -26 27 -27 -29 38 31 32 -18 -13 35 54 37 -33 -10 -3 -24 -15 43 44 -43 59 -17 48 -12 50 55 52 -36 -53 -9 -32 -21 -37 -59 -28 61 -47
right_child=2 3 -4 14 5 10 7 19 13 -11 47 21 -14 41 15 46 30 -19 -20 20 -22 -23 23 -25 25 26 45 28 -30 -31 49 36 -34 -35 51 57 -38 -39 -40 -41 -42 42 -44 -45 -46 60 -48 -49 -50 -51 -52 53 -54 -55 -56 -57 -58 58 -60 -61 -62 -63
leaf_value=-0.033997759112113314 -0.034782830899577205 0.042667452835959303 -0.047697208825728372 0.069374294545734502 0.015810416387918049 -0.032221175587272048 0.048817591536199238 0.076438803663250357 -0.01116551503657197 0.061926678149343765 0.080106130204472603 0.034622318745798374 0.027462335900474227 -0.037358386509863867 -0.030832369150354113 0.027574685593782705 0.020962420085664971 -0.010664048054639101 0.080165608157560936 0.031168329879554098 -0.0012113972375277996 0.24212037763938335 0.05008957460080108 -0.02292739995638533 -0.024438388346346485 -0.0043143403493896412 0.10390960963470508 0.33137466791292125 0.091189923591982136 0.052306551497414366 0.0574176673261289 -0.020997410676927623 0.09477220047508178 0.19226582066845718 0.018447221371951351 -0.013335198595076906 -0.011086997936081019 0.029278286479014898 0.070925829990951192 0.0045300687470076198 0.0077796407429460909 0.16099006140688515 0.007607641379769413 0.2687277718453554 -0.02355562576069356 -0.028537190282578753 0.048254683533546644 0.0029092478638289947 -0.018462484140584819 0.078366641661827219 -0.023602548037696531 0.050348908020697282 -0.02877223758691232 0.0080118074186123836 0.013313529678502009 -0.0043506844555996826 -0.010745417219382233 0.025389656897320617 -0.017565765730825272 -0.02830496686120651 0.0063152271589384801 0.17105633919640684
leaf_weight=757.25770355202258 1491.7232281407341 1279.2586606442928 4530.236068341881 353.27501253038645 258.16388206742704 700.08392252400517 447.91820516064763 65.318688780069351 1533.2698410265148 59.601901710964739 108.70680193789303 49.809669449925423 1253.3943528458476 17.37235683389008 75.908621270209551 942.64933218434453 183.22420031763613 787.81637074705213 97.065962500870228 1541.1246715039015 389.35440334305167 9.3398917578160745 178.22556921280921 310.67077343724668 551.91935769841075 35.762090561911464 10.819969214498995 10.529141776263716 8.7127171307802183 64.74337781406939 65.896664982661605 121.32323546521366 67.494502879679203 11.6411837041378 813.4812240973115 991.4131458606571 544.91123296506703 391.60494060814381 32.372592022642493 163.50760022550821 331.9987963065505 18.406961822882291 28.143929580226541 12.139686238020657 14.459630638360979 17.054439147934318 900.43041652441025 109.90597306750715 28.585382970049977 23.942576853558421 628.86728841997683 307.40191849321127 225.01249329186976 246.81423287093639 180.01816137880087 205.98416480980814 115.2602500077337 341.0474509280175 190.82543220184743 247.63459843024611 497.50028363615274 19.477238500490785
leaf_count=29456 91071 7843 326482 1512 3386 24308 1986 352 57039 1738 1754 1412 16537 622 539 5087 2381 28164 1094 16241 4890 263 2779 9177 17989 1192 242 214 254 1460 1250 2120 719 345 9573 12179 12774 5876 590 1088 7543 247 796 239 406 572 3759 2148 559 540 17448 3177 4332 3496 1901 2893 1248 3419 1800 8491 16026 644
internal_value=-0.00104641 0.0128328 -0.0396945 0.0251397 0.000510958 0.00517158 0.0204141 0.0159955 -0.0128047 -0.0241955 -0.00597524 0.0141958 0.0128373 -0.00347902 0.0403171 0.0349678 0.00575549 -0.0264473 0.0333954 0.0132765 0.0226442 0.0879226 -0.00939162 0.00534441 -0.0151534 -0.00661482 0.00499259 0.075073 0.222619 -0.00701502 0.00135898 0.0100218 0.0408323 0.0644861 0.00757529 -0.000296303 0.00271933 0.0173865 -0.00946812 0.0383454 0.0225588 0.0602072 0.0833779 0.13076 0.0797993 0.000128528 0.0376778 0.0343856 0.0595833 -0.0109 -0.0132728 0.0163163 0.00821609 0.0314945 0.0301201 0.0106203 0.0282517 -0.00519509 0.0099781 -0.0227699 0.0112107 0.0778781
internal_weight=25997.8 19128.4 6869.38 9570.02 9558.42 7080.25 7297.76 5854.99 2478.17 2339.14 3167.59 3912.66 3841.87 1720.91 2272.26 1918.99 2588.48 2279.54 355.23 5407.07 2045.74 70.7907 2920.39 820.895 2099.49 1399.41 847.49 55.0039 19.2419 1630.39 2233.25 1308.56 250.719 61.4509 3361.33 1768.62 1057.84 512.928 1565.64 1442.77 510.224 90.5226 73.1502 45.0063 32.8666 792.487 1843.08 247.198 137.292 924.691 900.748 1592.71 1038.49 554.216 245.337 271.881 1656.38 1523.29 531.873 258.455 534.032 36.5317
internal_count=785662 338207 447455 84422 253785 162930 73525 64594 90855 120973 93892 69038 67018 61399 10897 9385 50481 119235 4480 62608 22379 2020 89431 19499 69932 45624 27635 1660 468 59089 46001 23870 3100 1757 40229 19651 20770 7996 57629 8931 10322 2310 1688 892 653 25975 8846 4461 2313 22131 21591 20578 13905 6673 2253 4143 17489 17398 5219 8733 17242 1216
is_linear=0
shrinkage=0.05


Tree=23
num_leaves=63
num_cat=0
split_feature=6 38 2 53 49 39 40 40 37 53 53 5 51 49 52 49 49 38 33 52 55 22 54 40 45 49 49 22 49 55 51 21 54 40 38 51 5 14 49 49 41 55 55 51 49 11 49 11 5 49 40 5 19 40 49 55 16 54 51 49 2 41
split_gain=5211.39 1012.14 320.851 306.157 298.395 228.26 215.611 208.109 164.064 158.926 128.096 121.936 130.39 134.853 121.485 121.132 217.644 120.097 113.863 106.12 95.7639 95.5744 108.782 107.519 93.199 91.861 118.435 95.8132 94.5264 112.697 120.543 122.416 94.0981 93.6479 91.8078 101.659 89.2904 85.5025 79.2582 79.7288 99.5997 82.0682 77.3395 76.8033 75.9909 75.8923 73.5852 71.4163 70.9834 69.8603 68.8996 70.3951 68.1007 69.3195 67.6158 67.2006 75.5505 65.6318 65.3966 64.0465 72.1153 63.5639
threshold=284.69299316406256 -8.647056579589842 287.34085083007818 545.16665649414074 254.46063232421878 -1.2745085358619688 2.1372528076171879 0.78430938720703136 281.03123474121099 1089.1666564941409 233.16666412353518 233.07508087158206 92.47949600219728 290.50280761718756 10.980319499969484 267.78880310058599 259.93206787109381 -32.941169738769524 15.428057670593263 38.534135818481452 -0.12940952181816107 -6.5605096817016593 0.37940952181816107 9.9608001708984393 4.9188890457153329 286.04714965820318 284.34808349609381 -43.754367828369134 276.94873046875006 0.98296290636062633 100.114559173584 -33.97131156921386 0.12940952181816109 -4.1764678955078116 -1.117652893066406 62.528821945190437 280.98770141601568 -37.508335113525384 247.43756103515628 270.65731811523443 2.4633277654647832 0.78656607866287243 0.78656607866287243 41.671886444091804 273.35858154296881 275.57345581054693 275.32183837890631 279.05435180664068 209.49958801269534 258.11538696289068 25.823532104492191 209.49958801269534 -44.410415649414055 -1.9804077148437498 247.43756103515628 0.37940952181816107 -12.891023635864256 -0.37940952181816096 11.306252956390383 270.38075256347662 257.08599853515631 -0.14935698360204694
decision_type=2 2 2 2 2 2 2 2 2 2 2 2 2 2 2 2 2 2 2 2 2 2 2 2 2 2 2 2 2 2 2 2 2 2 2 2 2 2 2 2 2 2 2 2 2 2 2 2 2 2 2 2 2 2 2 2 2 2 2 2 2 2
left_child=1 3 9 7 34 6 -6 8 25 17 15 18 13 24 46 16 50 -2 49 -12 21 23 -23 -17 37 26 28 -28 33 30 -30 -32 -29 -1 35 54 -14 -13 -35 41 -41 -40 43 -18 55 -31 59 -34 -44 -9 57 -52 -43 -54 -3 -42 -57 -8 -56 -5 -61 -10
right_child=2 4 -4 14 5 -7 10 11 61 -11 19 12 36 -15 -16 20 42 -19 -20 -21 -22 22 -24 -25 -26 -27 27 32 29 45 31 -33 47 38 -36 -37 -38 -39 39 40 44 52 48 -45 -46 -47 -48 -49 -50 -51 51 -53 53 -55 58 56 -58 -59 -60 60 -62 -63
leaf_value=-0.045667339491058369 -0.0355757839740201 0.051404827490365991 -0.047754575252735992 0.065648902445307106 0.030540037321461107 0.041497005149936358 0.0072956144834095196 0.10725465365833171 0.0014929977147219685 0.053782968063984526 0.030306894462862707 -0.027601586048376439 0.015763035842448623 0.055340764597586634 0.01853174959574377 0.040502016163362249 -0.027625000673511049 -0.011244832812195377 -0.0079144415485978056 -0.0026738363929815069 0.0060809845598418216 0.031820394153195368 0.099621384731557752 0.0032878717406708276 -0.035563862721082216 -0.016445216834661127 0.18114545806676557 -0.0039155138014116886 -0.031145778711927433 0.090811046886534852 0.19973788997497074 -0.015769381543691393 0.089849277800265415 0.14017157409126452 0.067871332106701529 -0.036819191292784541 0.1438188120496664 -0.0087231242147133084 -0.0065020593250720848 0.041271404309305482 0.086545942927141697 0.11806013021906203 0.064224943337583149 0.015400017756354471 -0.025739459343801563 -0.0227548953351129 0.023410104214112271 -0.016835156347330103 -0.0048154098442014749 0.026573447850143435 0.060860124093928228 -0.014888478851412187 -0.020894749842172176 0.031565001830975513 0.058901245024913174 -0.010771757693201033 0.090060842077774608 0.030308352145269796 -0.0048679909704898343 0.05300929955524554 0.20661493800385991 -0.027710677371582389
leaf_weight=58.920510524883866 1389.1521458011121 489.3782007843256 4279.9793141214177 73.195239450782537 2129.6060813944787 1046.1902234181762 640.54960091225803 30.863705994561315 330.88905229978263 63.11843800637871 1333.7407440077513 833.16936878301203 184.0305391792208 64.425603546202183 637.31502939015627 331.22558374516666 796.13153737783432 798.80818084254861 346.06736487336457 298.48882767558098 1019.5805432759225 191.48219967260957 85.609269093722105 468.80552966706455 603.36987593024969 264.47936792485416 13.448705738410352 67.092968789860606 307.85207129456103 41.058036282658577 11.818747054785492 14.893198752775787 90.280713226646185 13.270004857331513 358.80954149365425 43.913197748363018 14.700139090418814 2141.0256980285048 491.3005253020674 537.46364072524011 36.613156851381063 18.49460381269455 49.553613074123859 119.2615208234638 119.36903828196228 22.924902066588402 62.959357541054487 18.985721478238702 149.69973690621555 205.30578565597534 34.162212446331978 300.15574631467462 81.423522435128689 277.87164975143969 59.501308754086494 94.756952907890081 23.107100244611502 600.07434878125787 123.96789386123419 12.132410265505312 20.640598425641656 426.48413949459791
leaf_count=1073 88809 2143 323307 1314 13757 4489 8587 369 9434 1766 14554 37361 5235 1159 15706 3734 12766 30202 8450 3614 10920 1301 528 7557 23751 6823 318 1273 7406 352 221 249 888 68 1525 258 239 69477 8997 6073 690 467 233 1754 2775 474 1266 391 1903 3363 174 3366 1336 4615 371 2198 190 6063 761 218 363 16787
internal_value=-0.00112034 0.0119666 -0.0397174 -0.000805837 0.0222517 0.0194521 0.0167541 -0.00384307 0.00553194 -0.0244363 0.01218 -0.0109709 -0.0142033 -0.0163554 0.0285242 0.00805513 0.0010321 -0.0266927 0.0103515 0.0242756 0.0170641 0.0274604 0.052768 0.0186951 -0.0176465 0.0114864 0.0146421 0.052503 0.0113014 -0.0106779 -0.0223051 0.0795822 0.0426931 0.0162996 0.0472249 0.0368893 0.0252353 -0.0140116 0.0184553 0.0174941 0.0287664 0.00697132 -0.0158748 -0.0220195 0.00422343 0.0501207 0.0662228 0.0713122 0.0123547 0.0371172 0.0129978 -0.00714812 0.0244929 0.0196766 0.0416998 0.0273766 0.00899635 0.0184266 0.0158132 0.0916593 0.149751 -0.0149519
internal_weight=25792.9 19261.9 6531.06 8592 10669.9 9594.32 8548.13 7785.76 3362.8 2251.08 6418.52 4422.96 3840.72 3641.99 806.243 4786.29 2689.59 2187.96 582.237 1632.23 2096.7 1077.12 277.091 800.031 3577.56 2605.43 2340.95 189.808 2151.14 398.547 334.564 26.7119 176.359 1752.59 1075.57 716.761 198.731 2974.2 1693.67 1680.4 811.31 869.09 1114.65 915.393 273.846 63.9829 168.928 109.266 199.253 236.169 1574.94 334.318 377.79 359.295 672.847 154.477 117.864 1240.62 183.469 105.968 32.773 757.373
internal_count=785811 341727 444084 241369 100358 95300 90811 222502 73098 120777 77054 149404 137222 131748 18867 58886 34846 119011 12182 18168 24040 13120 1829 11291 130589 46877 40054 2870 37184 8702 7876 470 2552 28482 5058 3533 5474 106838 27409 27341 11926 15415 16656 14520 5853 826 3161 1279 2136 3732 18190 3540 6418 5951 3275 3078 2388 14650 1132 1895 581 26221
is_linear=0
shrinkage=0.05


Tree=24
num_leaves=63
num_cat=0
split_feature=0 17 36 36 39 41 49 24 49 43 53 52 36 42 49 54 55 33 53 49 41 55 55 5 39 36 41 52 13 41 24 49 54 49 55 49 40 33 49 41 53 52 54 49 38 49 52 17 38 49 55 49 39 40 55 49 4 47 49 49 46 2
split_gain=4944.65 991.795 339.876 240.177 221.04 243.924 177.68 169.315 162.14 158.97 154.459 153.579 146.939 133.215 109.346 163.314 105.168 172.64 101.617 108.709 92.5298 92.0207 91.6037 93.095 98.5639 89.4392 93.4188 89.4263 86.6648 84.3916 108.271 77.9016 160.325 100.236 115.828 111.062 237.784 120.019 77.2666 75.8254 75.0528 73.7925 72.0353 73.425 72.0218 70.1042 69.4132 69.3423 69.0515 69.0487 98.7877 95.4969 111.932 127.883 81.464 77.1042 75.8913 68.7707 86.9083 68.3997 66.887 69.0909
threshold=284.69299316406256 -7.171337127685546 282.64704895019537 215.00000000000003 -40.758169174194329 7.2805666923522958 286.69125366210943 17.36617469787598 254.46063232421878 -3.6650924682617183 1089.1666564941409 100.17806625366212 230.88235473632815 8.386817932128908 258.72836303710943 -1.0000000180025095e-35 0.37940952181816107 5.8571696281433114 100.16666793823244 264.55642700195318 4.518761634826661 1.0000000180025095e-35 -0.37940952181816096 252.14149475097659 -22.689908027648922 203.23529815673831 7.7702677249908456 41.616329193115241 -48.760465621948235 -0.42216905951499933 -1.6863145828247068 255.95982360839847 -0.91597560048103321 266.77218627929693 0.12940952181816107 267.93310546875006 16.862739562988285 26.853348731994632 260.24180603027349 24.292182922363285 13.111111164093019 24.303702354431156 -0.91597560048103321 273.35858154296881 -26.999999999999996 270.15548706054693 18.573148727416996 -28.458469390869137 -0.52941131591796864 282.48001098632818 -0.6035533845424651 259.93206787109381 -17.941901206970211 24.705894470214847 -0.91597560048103321 258.38572692871099 219.06040191650393 -2.4360113143920894 287.14447021484381 255.32789611816409 4.3465795516967782 257.71887207031256
decision_type=2 2 2 2 2 2 2 2 2 2 2 2 2 2 2 2 2 2 2 2 2 2 2 2 2 2 2 2 2 2 2 2 2 2 2 2 2 2 2 2 2 2 2 2 2 2 2 2 2 2 2 2 2 2 2 2 2 2 2 2 2 2
left_child=1 4 10 8 9 13 12 14 -3 -1 28 47 39 22 40 16 -16 -18 19 -17 -21 -15 44 24 -24 -10 -27 48 -2 30 -25 32 41 -33 35 36 -35 -38 46 -7 -5 -14 -31 -44 -6 -32 -26 -11 49 51 -51 52 -9 54 -54 -56 -53 -8 -59 -55 -37 -62
right_child=2 3 -4 7 5 6 57 27 25 11 -12 -13 31 21 15 18 17 -19 -20 20 -22 -23 23 29 38 26 -28 -29 -30 42 45 33 -34 34 -36 60 37 -39 -40 -41 -42 -43 43 -45 -46 -47 -48 -49 -50 50 -52 56 53 59 55 -57 -58 58 -60 -61 61 -63
leaf_value=-0.033721975568781919 -0.036703657956949319 0.069815276765400641 -0.047833384990850089 0.00088488992261754522 0.0372556539389245 0.022122174354540999 -0.013211690588337209 -0.023315873870912246 0.054455494693573851 -0.012942055864654099 0.05421325268807501 0.06194236028577961 0.11658757367671502 0.13098142809896834 0.030117418856776684 -0.011346315687216044 0.01739728068690656 -0.025099384715642666 0.046817732341369926 0.06559809956454507 0.019118779913838393 0.025929932985804229 0.034736187298538855 -0.018693858754584011 0.0096960976725055988 0.046987964424293004 0.022356620483487882 -0.020233051047366883 -0.016417758086312354 0.056839626146168998 -0.02526823978528165 -0.0290420988399143 -0.026227877241436128 0.0050063274397332824 -0.025455079970133805 -0.013867013239692767 0.26417663784203427 0.050955143717682561 -0.0053536644472251295 -0.015309901138300625 0.051524449291034495 -0.027172487458248424 0.0014610326724189241 -0.027597277269258876 0.24112350111750047 0.036665203676354195 0.065059487287517856 0.017889005378304498 0.076278896361105505 0.0655620369120406 -0.0023989794215506172 0.02501244024336241 0.060944921149568038 0.020306233845833636 0.034102490316209023 -0.0053556285077250611 -0.0078756087744587793 0.11786594240699928 0.031993611266131337 -0.022556991144011645 -0.0068276683018984319 0.033322500209874817
leaf_weight=672.02717179618776 970.09960259031504 299.48533260822296 4102.8378129219636 84.904959430918097 10.675886750221254 529.23465034738183 66.74283535964787 150.77222066558897 353.8968440592289 1215.7425762377679 62.25015090033412 82.251780552789569 45.134570082649589 21.249267585575581 422.99704530835152 199.22180326096714 595.92002857476473 398.99720686860383 698.74148853495717 147.68760174512863 389.42399119772017 1098.2088825833052 473.85587009228766 179.98257378302515 167.90824306942523 486.10581205785275 1849.7587169408798 236.96632941626012 1151.36820567213 37.31543530523777 52.901496015489101 837.63604312762618 67.255750004202127 75.295813675969839 626.85208091884851 638.88107714243233 16.178689794614915 11.146981021389363 516.0296583455056 181.75261162035167 529.34777341410518 11.127001192420719 406.00112676527351 467.95843140222132 7.2906651347875586 335.23903551883996 85.416642975062132 214.55947509221733 40.846199113875628 130.08722687885165 90.790453758090734 214.07717666961253 198.49910045787692 177.38984500430524 508.05687591992319 163.69812480919063 971.16036013141274 34.285647287964821 209.52158507145941 195.81254564039409 233.27122308500111 198.17704989388585
leaf_count=27742 62797 1295 324858 553 370 8957 1371 2591 1463 47402 1491 1955 772 337 4957 1872 3656 4565 5215 823 3874 12704 7345 4839 1510 2032 9851 3073 55223 881 950 29788 1999 2191 21348 20666 287 341 6415 4820 3197 254 9655 13621 156 5625 732 6786 225 1033 742 2009 1918 896 5164 2059 15531 431 3871 2918 7475 6890
internal_value=-0.000823918 0.0116857 -0.0393517 0.0231743 0.000538914 0.00454812 -0.0044756 0.0178115 0.0349171 -0.0134869 -0.0234162 -0.00449642 -0.0077166 0.0133906 0.0253886 0.0212685 0.00923355 0.000354606 0.0331595 0.0201986 0.031899 0.027924 0.00745402 0.00671144 0.0167972 0.0310314 0.0274825 0.00927661 -0.025694 -0.00176416 0.0133603 -0.0129364 0.0258733 -0.0147539 -0.00810417 0.00116856 0.0508566 0.177197 0.00574841 0.0125533 0.0445248 0.0881558 -0.0111933 -0.0140981 0.119983 0.028224 0.0283636 -0.00831709 0.0117378 0.0107964 0.0376271 0.00849893 0.0173692 0.0223023 0.0328028 0.0244871 -0.00193538 0.0317587 0.0440695 -0.00218333 -0.00359545 0.0116145
internal_weight=25648.3 19361.8 6286.56 9534.65 9827.11 7642.53 3782.49 6545.4 2989.25 2184.58 2183.72 1512.55 3471.94 3860.03 3467.24 2852.99 1417.91 994.917 1435.07 736.333 537.112 1119.46 2740.58 2722.61 1243.21 2689.76 2335.86 3078.16 2121.47 1479.4 568.123 2760.96 123.517 2637.44 1799.8 1172.95 102.621 27.3257 769.355 710.987 614.253 56.2616 911.275 873.96 17.9666 388.141 253.325 1430.3 2841.19 2800.34 220.878 2579.47 1394.23 1243.46 870.254 671.755 1185.24 310.55 243.807 373.202 1070.33 431.448
internal_count=786367 341998 444369 81512 260486 176601 111461 66871 14641 83885 119511 56143 105788 65140 28712 24962 13178 8221 11784 6569 4697 13041 52099 51573 16002 13346 11883 38159 118020 35571 11414 92011 3025 88986 59198 37850 2819 628 8657 13777 3750 1026 24157 23276 526 6575 2242 54188 35086 34861 1775 33086 15546 12955 9141 7223 17540 5673 4302 3814 35031 14365
is_linear=0
shrinkage=0.05


Tree=25
num_leaves=63
num_cat=0
split_feature=0 17 36 36 34 40 42 49 43 48 47 48 49 49 48 23 49 36 28 41 27 17 48 49 49 49 55 40 36 13 4 48 31 48 48 38 24 48 35 48 49 52 29 23 48 52 49 37 48 5 49 49 49 5 42 49 23 48 4 49 23 13
split_gain=4618.48 973.745 289.301 278.608 240.172 231.878 209.373 165.955 164.753 127.26 125.992 149.472 130.821 133.233 151.169 147.405 142.727 126.842 124.53 103.88 170.27 104.081 102.14 118.194 208.222 139.515 121.86 107.811 98.5274 95.3624 95.0147 138.454 102.27 94.3647 92.6395 92.1295 89.8289 87.4577 111.015 97.3473 138.108 82.8389 82.2523 80.9394 80.7368 93.7457 89.5908 79.7305 104.546 76.983 76.2606 190.664 98.8752 75.2547 105.319 77.2925 75.0876 74.4685 74.526 72.9022 72.7514 68.6076
threshold=285.45860290527349 -12.131832122802733 216.76470184326175 280.88236999511724 12.398332595825197 0.37255859375000006 4.1132049560546884 254.46063232421878 -3.8460693359374996 -0.047472476959228509 -4.0538423061370841 0.55724394321441661 265.41934204101568 267.93310546875006 0.89009976387023937 -36.368099212646477 267.56375122070318 225.58824157714847 23.298627853393558 -0.52142748236656178 -2.2763547897338863 -30.172519683837887 0.11192005872726442 274.91055297851568 271.22605895996099 259.72676086425787 0.37940952181816107 1.4313659667968752 201.47058868408206 -48.760465621948235 274.89315795898443 0.94361287355422985 15.991592407226564 0.9702095389366151 0.13631474971771243 -18.823524475097653 0.9456472396850587 -0.47515141963958735 1.2226300239562991 -0.48480302095413202 267.40522766113287 9.6946706771850604 4.1528625488281259 -5.7618849277496329 0.8446832299232484 45.53399848937989 288.83427429199224 252.96659851074222 -0.53158730268478382 279.66053771972662 273.45858764648443 270.49778747558599 280.13768005371099 226.45742797851565 8.7295074462890643 272.01187133789068 -19.552419662475582 0.75721126794815075 243.77259826660159 260.24180603027349 -19.018526077270504 -34.469360351562493
decision_type=2 2 2 2 2 2 2 2 2 2 2 2 2 2 2 2 2 2 2 2 2 2 2 2 2 2 2 2 2 2 2 2 2 2 2 2 2 2 2 2 2 2 2 2 2 2 2 2 2 2 2 2 2 2 2 2 2 2 2 2 2 2
left_child=1 5 7 29 22 6 19 -3 -7 -6 -10 17 -13 15 44 16 30 -12 33 20 -1 -21 23 24 25 26 -4 -25 -9 -2 31 -14 -32 53 37 36 -19 38 -8 -40 -41 -28 -30 -20 45 -15 49 -27 -49 -47 51 -39 -52 -11 57 -56 -57 -55 59 60 -59 -36
right_child=3 2 4 -5 9 8 34 28 10 18 11 12 13 14 -16 -17 -18 35 43 21 -22 -23 -24 27 -26 47 41 -29 42 -31 32 -33 -34 -35 61 -37 -38 50 39 40 -42 -43 -44 -45 -46 46 -48 48 -50 -51 52 -53 -54 54 55 56 -58 58 -60 -61 -62 -63
leaf_value=-0.018667053465627827 -0.034854131089559044 0.061503164180281289 -0.016362399685785897 -0.047203732756445176 -0.024096382964410249 -0.031559664414313029 0.060456342203159902 0.05869103725603049 -0.032247370679999179 0.022951294390346325 0.095955415311932815 -0.029064229103593239 -0.033704969178889335 0.0068537882835080889 -0.025351674417618288 -0.0060552605491717877 0.23412261817471763 0.1955591220214189 -0.024238639602673723 -0.033084227171987758 0.029424177364788681 -0.0018641211709210445 0.051569734744483224 0.017644151577002536 0.05210072147051284 0.00089294198695067393 0.016882659290235108 -0.020273053246193887 0.042863464199425515 -0.010097986668583671 0.30803828086166807 0.14814686951562003 0.06135858059182342 -0.045865080877974841 0.033089024675653216 -0.0013590642132831512 -0.024881073761813359 0.0031600903096343151 0.0014734955784269218 0.17926431835402823 -0.012595354245438138 0.052523020564111879 0.021187166957807774 0.0064994396554248386 0.069095470805071155 0.050571120207131316 -0.050920497971034873 0.086123525276505825 0.016115403525869296 0.15539759202580888 -0.027416580945734632 0.074437331233983314 0.018550594513298706 -0.0074030740293093882 0.019199450704712344 0.048627987056128349 0.16234512942698634 -0.04388073542871488 0.088303290726335595 -0.00034526011440182759 0.051097056731365498 0.15285678424096344
leaf_weight=313.48214570060372 773.28992743883282 401.67599235475063 103.68933057039976 4156.3875530455261 315.64657839201391 801.87688621226698 231.16568307578564 233.96974548697472 415.14934087172151 1432.8699253425002 26.945755772292614 174.10383350215852 28.224301159381866 482.79722766205668 215.6489892154932 44.81749857403338 17.354919238947332 4.6435218648985019 410.20830017887056 446.8137440988794 445.79305572714657 663.19691882748157 297.88121184706688 542.11296719126403 601.09091149270535 944.28209501504898 236.80807463824749 286.56725170090795 531.30634477734566 782.77311863005161 7.6545686554163721 16.636081697419286 9.3144612172618491 66.42754028737545 25.721079154871404 856.81866421923041 970.51065657194704 327.77103207726032 235.84307977277786 19.738110611215234 17.873463504016399 523.37067421339452 2482.4618881903589 448.12234710529447 82.460807443596423 68.740587241947651 15.990163546055554 64.410367552191019 309.92960952594876 23.502459095790982 241.09228600934148 131.44865113217384 227.25804291013628 888.12397152557969 283.61660031788051 65.914648458361626 18.616135779768229 23.298427786678076 32.994932111352682 412.94908985123038 149.77981594204903 22.345168385654688
leaf_count=10190 50244 1738 972 343145 5515 35852 3027 982 14488 14768 335 6895 1117 15837 7481 1551 377 155 10167 18951 8176 14800 3936 4029 4800 9511 1563 3891 2336 35859 367 444 393 1132 817 23529 41713 5558 4504 232 377 3255 13761 4480 1684 1498 338 508 3621 330 4854 1750 4172 16611 4319 781 195 639 845 8062 1801 376
internal_value=-0.000858842 0.0106086 0.0194183 -0.0404474 0.0143418 -0.00340333 0.00644139 0.0311848 -0.0111382 0.00653022 -0.00640723 -0.00288558 0.0109735 0.0178538 0.0110825 0.0664063 0.107419 -0.011737 0.00881403 -0.00468278 0.00956874 -0.0144312 0.0234288 0.0211082 0.026043 0.0188663 0.0344848 0.00453194 0.0274351 -0.0224006 0.0718543 0.0337332 0.172633 0.0131392 0.0204891 -0.013321 -0.0238314 0.0181976 0.0349494 0.013387 0.0880903 0.0414205 0.0250085 -0.00819072 0.0227485 0.0162822 0.0583396 0.00863407 0.0281613 0.0772797 0.00908429 0.0235627 -0.00511189 0.014324 0.00773208 0.0317069 0.0736718 0.00187579 0.0151884 0.0110718 0.0383119 0.088767
internal_weight=25433.3 19720.9 12108.1 5712.45 8458.71 7612.73 3349.54 3649.41 4263.19 4548.57 3461.31 3046.16 1187.25 1013.14 889.14 124.002 79.1843 1858.92 4232.92 1869.29 759.275 1110.01 3910.14 3612.26 2783.58 2182.49 863.868 828.68 3247.74 1556.06 61.8294 44.8604 16.969 3374.59 1480.26 1831.97 975.154 1432.19 504.62 273.455 37.6116 760.179 3013.77 858.331 673.491 591.03 108.233 1318.62 374.34 92.243 927.57 459.22 468.35 3308.16 1875.29 368.147 84.5308 1507.15 619.022 586.027 173.078 48.0662
internal_count=785634 356386 124218 429248 105401 232168 77784 18817 154384 69315 118532 104044 38312 31417 27168 4249 2698 65732 63800 52117 18366 33751 36086 32150 24230 19430 5790 7920 17079 86103 2321 1561 760 49153 25667 65397 41868 24474 8140 5113 609 4818 16097 14647 19687 18003 2166 13640 4129 1828 16334 7308 9026 48021 33253 5295 976 27958 11347 10502 2440 1193
is_linear=0
shrinkage=0.05


Tree=26
num_leaves=63
num_cat=0
split_feature=1 17 36 53 49 41 31 36 36 49 53 49 38 53 25 52 47 54 49 49 54 48 48 36 54 48 33 42 44 47 51 14 52 41 5 54 43 51 49 49 48 51 49 48 23 54 15 49 49 38 42 48 23 48 34 49 48 48 54 48 54 47
split_gain=4217.9 959.475 292.582 203.99 183.273 167.829 167.086 169.882 163.399 148.756 140.443 123.217 113.49 112.688 111.193 104.12 97.7427 106.621 130.967 291.65 278.838 125.204 120.045 96.3714 83.3281 99.0308 85.0323 82.5184 76.9598 74.4313 74.0025 73.638 70.7626 69.5991 102.535 95.0744 77.0572 69.1143 68.5097 113.723 81.2728 72.0582 71.9038 87.2041 71.8416 70.5791 85.1696 69.9347 67.2785 72.0706 66.9494 64.217 68.4104 97.1517 74.6825 63.8222 70.3156 63.7397 92.5755 96.7381 106.037 63.732
threshold=285.22959899902349 -12.496236801147459 216.76470184326175 545.16665649414074 247.43756103515628 28.908982276916507 2.5679141283035283 278.52941894531256 282.64704895019537 254.46063232421878 174.00000000000003 290.50280761718756 -33.529396057128899 1089.1666564941409 2.6799545288085942 7.4927635192871103 -4.2558701038360587 1.0000000180025095e-35 267.04945373535162 267.78880310058599 -0.6035533845424651 0.91066169738769542 -0.065915763378143297 201.47058868408206 -1.0000000180025095e-35 0.70040506124496471 14.442126750946047 26.524032592773441 -10.036277770996092 -1.0899019241333006 55.01201248168946 -2.0623893737792964 70.743980407714858 -0.42216905951499933 265.66770935058599 -1.0000000180025095e-35 -0.87919616699218739 55.01201248168946 268.30914306640631 260.24180603027349 -0.29509925842285151 40.069252014160163 264.55642700195318 -0.52717256546020497 -32.718540191650384 0.91597560048103344 -2.6014213562011714 265.21868896484381 276.58561706542974 -38.117637634277337 2.8171539306640629 0.9032464623451234 -8.3960647583007795 0.12764942646026614 7.2629272937774667 274.91055297851568 -0.54677528142929066 0.79310560226440441 0.37940952181816107 0.81332153081893932 -0.37940952181816096 -0.66932511329650868
decision_type=2 2 2 2 2 2 2 2 2 2 2 2 2 2 2 2 2 2 2 2 2 2 2 2 2 2 2 2 2 2 2 2 2 2 2 2 2 2 2 2 2 2 2 2 2 2 2 2 2 2 2 2 2 2 2 2 2 2 2 2 2 2
left_child=1 3 9 6 30 10 7 28 13 -3 14 12 32 -2 -6 29 -14 18 -18 20 -20 -22 -21 -11 25 -12 -26 -24 -1 -5 -4 -28 -8 35 -35 -30 -37 -19 39 45 55 42 -41 -44 -45 -16 -47 -43 50 -50 -31 52 54 -54 -42 56 -40 -56 59 -59 -61 -23
right_child=8 2 4 15 5 -7 11 -9 -10 23 24 -13 16 -15 38 -17 17 37 19 22 21 61 27 -25 26 -27 31 -29 33 48 -32 -33 -34 34 -36 36 -38 -39 40 41 51 47 43 44 -46 46 -48 -49 49 -51 -52 -53 53 -55 57 -57 -58 58 -60 60 -62 -63
leaf_value=0.029268832115599438 -0.029763197374189178 0.058370451229037001 0.046789950357965425 0.00077346431949845468 0.027835754961006084 -0.011770764734339273 -0.034369627963384018 -0.024424774384675399 -0.0481103428107435 0.056922962900408686 0.0065277640373501093 0.040934253471924018 -0.035486897192805539 0.062491708738406961 0.01394143809124614 0.010440253849670679 -0.022190380529325412 -0.019222845916827467 -0.015512682109143975 -0.015107621932596111 0.22123711989850015 0.14378443952305403 0.015903635809593454 0.023580791340847732 0.041648748329668479 0.040556472992639342 0.0076306688193922591 0.12453624957615594 -0.012153411675220344 0.0283992177787908 -0.019663034964759872 0.073573640131539553 0.016613358716241443 0.0095278341390561197 -0.023426134722723178 0.059291012961048863 0.015218417834548942 0.010996361547387371 0.058794050764622185 -0.032636947248238964 0.046755869490441769 0.050594589296976848 0.073585194306673221 0.077638068108560387 -0.01651901724998206 -0.040413398499712663 0.041811834232026397 -0.026590715150607475 0.10579890805007613 -0.028978504066621814 0.13744677752270079 -0.014217249744222938 -0.007977521785498853 0.063980317109703436 0.0055362391349627936 -0.02620441464382349 -0.002248633875381286 0.13595662769434802 -0.041014635984467154 -0.020483356976795999 0.083575889575830509 -0.030652605618519648
leaf_weight=394.01634021755308 1240.1244324250147 397.41364650428295 486.93689884245396 43.706604894250631 627.26276065222919 747.91269180737436 817.27771681826562 453.53662051726133 3633.316230757162 233.43969562649727 1014.6609694696963 103.94346061069518 347.08402482885867 34.008525216951966 1061.4336045626551 645.22304829023778 399.77310041151941 1617.9542329749092 34.613688256591558 466.69861999247223 35.917653989046812 12.101185025647284 518.63087864033878 3025.9931006319821 797.73821210488677 270.88570315018296 405.38066180236638 18.090936276130378 187.98224067129195 19.435005942359567 45.838303823024035 47.272336136549711 74.242968445643783 588.2889145212248 394.22820684406906 150.89320559240878 289.37973093427718 214.26599712856114 58.055841660127044 452.19766596145928 166.53039547242224 77.951545435935259 33.768053291365504 21.614916449412704 322.86065048538148 130.56109954416752 41.504422720521688 47.066412115469575 16.912911588326097 23.985922794789076 51.037620522081852 146.91390983760357 63.89846308901906 176.39444553107023 891.96167087927461 216.26390160620213 251.74546040594578 30.501480186358094 28.783257598057389 46.748948210850358 51.396229982376099 9.2302115615457279
leaf_count=5502 85171 1743 2141 798 4203 13146 41681 19712 318411 990 11875 2257 13254 1027 13533 17587 14077 56758 1318 15500 518 273 18167 16049 6878 3914 6329 560 3811 377 228 295 2125 8758 13784 1732 5944 6653 524 8140 1717 1271 287 414 5848 1795 261 814 324 429 635 2555 413 1389 13050 2860 3343 397 639 758 763 286
internal_value=-0.00109994 0.00893513 0.0176105 -0.00465364 0.0126525 0.0108125 -0.00734096 0.00320976 -0.0427075 0.0294901 0.0130702 -0.0128951 -0.0141206 -0.0273008 0.00816453 0.0192818 -0.0102376 -0.00760378 0.00230471 0.0112453 0.0965179 0.164253 0.00343863 0.0259687 0.0226369 0.0136982 0.0318269 0.0195652 0.00946143 0.0560685 0.0410725 0.0145174 -0.0301239 0.00461627 -0.00369472 0.0176137 0.0303233 -0.0156889 0.00530706 -0.000904292 0.0116928 -0.0138534 -0.019181 -0.00309423 -0.0106109 0.00912596 -0.0205796 0.0215361 0.0777685 0.0267561 0.107374 0.0172887 0.0204672 0.0448454 0.0156496 -0.0053602 0.00919058 0.0107132 0.0400448 0.058181 0.0340099 0.0683046
internal_weight=25254.8 20347.3 12418.9 7928.45 8762.04 8229.27 7128.15 2458.33 4907.45 3656.85 7481.35 4669.82 4565.88 1274.13 4945.42 800.301 3674.36 3327.28 1495.06 1095.28 91.8627 57.2491 1003.42 3259.43 2535.94 1285.55 1250.39 536.722 2004.79 155.078 532.775 452.653 891.521 1610.77 982.517 628.255 440.273 1832.22 4318.15 2188.96 2129.19 955.459 830.441 378.244 344.476 1233.5 172.066 125.018 111.371 40.8988 70.4726 1603.13 1456.21 240.293 1215.92 526.065 309.801 1049.39 157.43 128.647 98.1452 21.3314
internal_count=785991 381382 128562 252820 109780 107411 232670 59243 404609 18782 94265 173427 171170 86198 64974 20150 127364 114110 50699 36622 2395 1077 34227 17039 29291 15789 13502 18727 39531 2563 2369 6624 43806 34029 22542 11487 7676 63411 60771 32363 28408 16774 14689 6549 6262 15589 2056 2085 1765 753 1012 21681 19126 1802 17324 6727 3867 15607 2557 1918 1521 559
is_linear=0
shrinkage=0.05


Tree=27
num_leaves=63
num_cat=0
split_feature=2 17 36 24 40 44 49 43 49 48 47 17 36 49 38 52 49 55 23 41 5 41 36 48 49 49 41 46 26 48 48 49 36 49 50 37 49 39 48 38 40 50 40 36 49 49 50 34 40 39 52 28 11 48 49 37 49 49 52 25 42 49
split_gain=4045.06 901.122 287.243 191.615 184.26 157.11 155.332 149.711 146.615 129.395 162.528 142.765 114.361 109.48 113.617 97.8779 96.8405 116.352 92.0523 90.6749 89.8011 89.71 88.0137 87.8403 131.608 177.568 104.006 88.7021 85.25 104.079 113.619 84.9002 79.2673 77.6925 76.0385 74.984 70.9537 104.692 70.7153 64.2831 64.0408 63.6042 65.2521 63.3748 62.8352 62.832 71.6178 62.4173 61.3433 60.688 76.9083 60.7236 62.3815 60.9155 113.504 60.1259 58.6268 73.9376 64.2198 58.4909 56.6359 61.1572
threshold=284.64483642578131 -13.95042037963867 216.76470184326175 16.447739601135257 -0.17647552490234372 -5.8112545013427725 255.59030914306643 -4.2396392822265616 259.72676086425787 -0.025937020778656002 -2.9631891250610347 -20.292682647705075 283.23529052734381 265.99908447265631 -36.352928161621087 9.6946706771850604 282.48001098632818 -0.6035533845424651 -8.3960647583007795 3.0491439104080205 209.49958801269534 0.32824707031250006 199.11765289306643 0.04865998029708863 274.91055297851568 271.22605895996099 11.621637821197512 0.68297958374023449 22.150045394897464 0.78265082836151134 0.81550949811935436 263.06666564941412 231.47058868408206 266.63755798339849 82.059875488281264 281.55047607421881 289.42092895507818 -34.053016662597649 0.16143232583999637 -8.647056579589842 -3.4901962280273433 222.99001312255862 5.1176452636718759 222.05882263183597 278.97543334960943 255.95982360839847 79.29007720947267 6.2730126380920419 -1.8235321044921873 -2.0842412710189815 43.120061874389656 24.796339035034183 235.68387603759768 0.95832794904708873 260.66418457031256 262.69790649414068 255.59030914306643 268.43287658691412 21.918452262878422 1.6256475448608401 24.786605834960941 290.50280761718756
decision_type=2 2 2 2 2 2 2 2 2 2 2 2 2 2 2 2 2 2 2 2 2 2 2 2 2 2 2 2 2 2 2 2 2 2 2 2 2 2 2 2 2 2 2 2 2 2 2 2 2 2 2 2 2 2 2 2 2 2 2 2 2 2
left_child=1 4 6 8 5 21 -3 39 15 11 -11 -9 41 -12 34 -4 18 -18 20 31 -5 40 -8 24 25 26 -21 -25 29 43 -31 -10 -27 -33 -15 38 -37 -38 -7 -6 -1 -2 -43 -22 -26 46 -24 -46 -23 50 51 52 53 56 -55 -17 -20 58 -58 -16 61 -61
right_child=12 2 3 16 7 35 22 9 19 10 13 -13 -14 14 59 55 17 -19 49 23 28 48 45 27 44 32 -28 -29 -30 30 -32 33 -34 -35 -36 36 37 -39 -40 -41 -42 42 -44 -45 47 -47 -48 -49 -50 -51 -52 -53 -54 54 -56 -57 57 -59 -60 60 -62 -63
leaf_value=0.0088447436730237049 -0.032013686837678183 0.055482148101770913 0.011939491140771495 0.091940399993714853 -0.035254232302347401 0.0024754278761797074 0.065061379863038102 -0.03176902394497725 -0.0078868672716516357 -0.026613112377388115 -0.024817234632712279 0.0023365260304562901 -0.048450814668520047 -0.026816065345376495 0.12788945993431364 0.044463311188000565 0.053450806828127695 -0.01041565684841092 0.049020341446151416 0.0079476232349993698 0.018521066575694297 -0.0080830630478009452 -0.030730001770832502 0.00027959389207360115 -0.03684863642201338 0.053544888220412527 -0.0294649404828249 0.031265639655338885 -0.021761337593873949 0.06669824590103117 0.0067601203009911058 0.09478847317238584 0.013832311342092091 0.030089718784473932 0.020847833411180006 -0.020748944133801801 0.014271116888009548 0.23661438434711066 0.13503005573177843 0.11006318160137729 0.057529261309302075 0.012729273474633318 0.23044395859513675 -0.016171295162015278 0.013945104632645255 0.024257490084724827 0.057660668161105814 -0.025800478250896011 0.022736575847963861 0.089791434068899292 -0.032821299631331749 -0.0026650711418268447 -0.037139960920267098 0.11160153066131787 -0.013720628871371902 -0.030511678084960654 -0.011037113314061269 0.040903810896483414 0.037796304785961181 0.011662608762215341 0.071464410732925351 0.06001149266250641
leaf_weight=97.548714492470026 1072.1124384980649 460.21645743399858 390.64492865093052 23.334620047360659 657.63122430630028 1313.9257048601285 128.01986734569073 902.75885490234941 141.12674418464303 492.83955264370888 257.83085898496211 464.83326100837439 3367.9865025458857 287.04287745337933 11.87768453452736 840.34971574135125 194.59932435676455 112.56296555697918 136.06735780462623 1082.3284123688936 158.74657080695033 270.925626443699 102.58770603686571 334.89642292819917 219.8161903899163 289.05303414352238 224.25492732226849 744.20830015838146 650.92903346940875 95.728472920134664 454.22522622905672 49.721025606617332 222.28338982537389 694.90566000901163 118.10222955327481 680.98476218245924 46.277886813506484 5.9782061129808417 10.139165963977574 7.6993985194712868 219.63971970882267 28.953223922289908 3.9058693358674637 770.94686396233737 223.9984073638916 2969.9207443483174 29.508126378059387 176.70234085433185 399.58078030962497 24.090118173509836 98.284487081691623 401.35634371452034 43.33510734140873 49.984447080641985 28.294858228415251 27.619306372478604 290.92813113704324 158.89656421542168 87.595485370606184 1157.4213538207114 45.070432047359645 69.32302147615701
leaf_count=1287 80654 2072 3394 163 32712 27622 565 39424 1146 19837 11072 11945 309597 15284 384 6175 1892 1139 926 12148 1516 4613 718 5213 3207 2148 4109 11071 16835 1620 8128 301 3059 4603 4117 28236 1846 74 298 206 2475 1732 227 15310 2096 15337 174 2676 8080 149 1095 4682 652 333 462 437 3696 1318 1009 40454 1335 1213
internal_value=-0.000763376 0.00857442 0.0164771 0.0118541 -0.00523066 0.00425634 0.0283056 -0.0116898 0.017674 -0.00786552 -0.000963774 -0.0201768 -0.0438715 0.00552989 0.0101629 0.0327234 0.00313644 0.0300462 0.000756286 0.0133723 -0.00561361 0.0206478 0.0244334 0.00977183 0.00451561 0.0113021 0.00152633 0.0216492 -0.00668204 -4.83325e-05 0.0171933 0.0276707 0.0362814 0.0344099 -0.0129218 -0.00361304 -0.0164404 0.0397077 0.00349048 -0.0335726 0.0425567 -0.0299136 0.0386084 -0.0102475 -0.0153666 0.0227567 -0.0109849 -0.00358203 0.0102836 0.0111596 0.00969653 0.0131892 0.0211922 0.0245547 0.0663026 0.0420776 0.0197024 0.0122795 0.0002636 0.0174486 0.0164172 0.0143948
internal_weight=25122.5 20649.5 13132.1 9441.81 7517.43 3045 3690.25 4472.43 5661.91 3807.1 2439.51 1367.59 4472.96 1946.67 1688.84 1258.61 3779.91 307.162 3472.74 4403.29 2153.91 987.695 3230.04 3517.54 2438.44 1817.92 1306.58 1079.1 2130.58 1479.65 549.954 885.753 511.336 744.627 405.145 2057.31 733.241 52.2561 1324.06 665.331 317.188 1104.97 32.8591 929.693 620.517 3102.02 132.096 400.701 670.506 1318.83 1294.74 1196.46 795.102 751.767 78.2793 867.969 673.488 537.42 378.524 1283.69 1271.81 1226.74
internal_count=786298 394088 141574 122708 252514 74531 18866 177983 61783 145065 93696 51369 392210 73859 62787 10006 60925 3031 57894 51777 43572 16455 16794 45727 29443 21464 16257 16284 43409 26574 9748 6050 5207 4904 19401 58076 30156 1920 27920 32918 3762 82613 1959 16826 7979 16229 892 4772 12693 14322 14173 13078 8396 7744 795 6612 6949 6023 4705 43386 43002 41667
is_linear=0
shrinkage=0.05


Tree=28
num_leaves=63
num_cat=0
split_feature=1 38 38 40 40 37 2 48 48 12 26 48 48 39 42 5 40 51 5 32 48 55 43 48 31 50 40 28 51 29 29 54 16 5 29 54 5 40 4 11 5 4 23 46 45 43 23 50 29 38 48 48 37 32 55 38 48 38 11 23 39 48
split_gain=3706.01 761.462 229.023 178.604 165.036 155.719 144.468 140.868 123.945 111.982 106.437 99.8727 131.735 99.6072 97.3687 118.242 93.9065 93.7638 89.2501 97.8749 86.1019 88.9546 81.1679 81.1462 108.496 79.6159 77.9369 75.8225 72.9511 76.5292 72.3826 66.7854 65.3818 63.0316 66.9047 62.3645 67.3936 62.328 62.0593 126.488 61.9835 59.0041 77.4683 57.6939 105.328 83.7444 57.6755 57.1802 56.0625 54.7869 54.4717 74.7101 53.8323 53.6103 53.0633 52.0584 51.2614 50.9699 50.9317 69.1811 50.8568 60.1728
threshold=285.22959899902349 -12.588233947753904 -1.117652893066406 0.64706420898437511 12.156867980957033 281.03123474121099 288.02078247070318 0.55724394321441661 0.16143232583999637 -42.011775970458977 -0.34729480743408198 0.90649205446243297 0.8446832299232484 -6.2992000579833975 7.0202407836914071 235.474235534668 -2.1372680664062496 63.55516433715821 241.09019470214847 14.329620361328127 -0.74852561950683583 0.78656607866287243 0.10383605957031251 0.04865998029708863 10.976867198944094 106.65961074829103 18.509819030761722 -2.5656070709228511 63.55516433715821 1.8186178207397463 3.8278121948242192 -0.6035533845424651 -33.637104034423821 267.61863708496099 4.9409637451171884 0.12940952181816109 247.76972961425784 14.627449035644533 266.64111328125006 279.35639953613287 224.38174438476565 262.86454772949224 -28.772323608398434 1.1818566322326662 -8.487184524536131 -0.97433471679687489 -26.987300872802731 295.44609069824224 14.142182350158693 0.64705657958984386 -0.47515141963958735 -0.48803782463073725 265.45751953125006 6.49713158607483 0.98296290636062633 -35.882347106933587 -0.49165731668472284 -3.2352981567382808 254.06922912597659 -17.974797248840328 -30.38344573974609 0.5229582190513612
decision_type=2 2 2 2 2 2 2 2 2 2 2 2 2 2 2 2 2 2 2 2 2 2 2 2 2 2 2 2 2 2 2 2 2 2 2 2 2 2 2 2 2 2 2 2 2 2 2 2 2 2 2 2 2 2 2 2 2 2 2 2 2 2
left_child=1 3 4 5 9 8 25 18 20 -3 16 12 17 26 15 28 32 40 19 -5 -1 -22 -18 24 54 55 52 -23 29 46 -27 -15 -7 -19 -35 36 37 -14 -10 -40 -9 -42 -43 44 -29 -45 -11 -32 -33 -4 51 -46 -6 -25 -16 -2 -56 -55 -17 -60 -31 -62
right_child=6 2 49 7 13 10 -8 11 38 14 -12 -13 35 31 23 58 22 33 -20 -21 21 27 -24 53 -26 30 -28 43 -30 60 47 48 -34 34 -36 -37 -38 -39 39 -41 41 42 -44 45 50 -47 -48 -49 -50 -51 -52 -53 -54 57 56 -57 -58 -59 59 -61 61 -63
leaf_value=-0.042646001248081621 -0.040140631831760233 -0.011304411974897158 0.024396470319552443 0.01865524542890391 0.00061370460039513863 -0.016832584010104033 -0.047543381590899374 0.084782345763385975 0.032798724948609179 0.0036636466993807335 -0.027625521941133865 -0.02093500031378337 0.032851753372358884 0.00013817136307500111 0.021596122067965778 -0.0095166097111147492 0.010316889726411258 -0.0069383455079923446 -0.025236666212254583 -0.032651719648498057 0.0025681188519127464 -0.01886283970849803 0.10616007069463451 0.09252746469892735 -0.017985121392403651 -0.014563417287386322 -0.01992633427128495 0.18270576617557482 -0.0058426844087534893 -0.0047561275212041473 0.042212698635143465 0.093977438731266003 0.023127370771941682 -0.040779193635004034 0.078791872878102479 -0.0011219973926731262 0.043416989657741628 0.19136349990743118 0.30588282457487476 0.049344302833352477 -0.025121619717687938 -0.0016404682097997192 0.12461648550693938 0.037119687726298332 0.037497439853329213 -0.0022505779175518241 0.048364023240520665 0.24911856167717122 0.022926800504827149 0.041462460680010672 0.0059060863210902634 0.11100301616932751 0.073802414421395915 0.030659309001610291 0.038507198733784276 -0.017493403508773615 0.11524449844670243 0.069773099587993478 0.0073921618580646891 0.088759637283122569 0.015583285320182544 0.036436923312770986
leaf_weight=76.711713127791882 783.66009536571801 352.64164402149618 2433.0392574593425 265.69773032423109 1378.1373636610806 359.27296334784478 3181.6999043226242 17.888294486328959 17.138489240780473 90.72757114470005 541.43818280193955 467.75334514025599 10.005000799894335 415.50155147910118 1164.3762880135328 676.99891036003828 53.780417777597904 54.317102154716849 1756.3997109765187 142.9680935498327 1296.5752996494994 100.02948847971857 37.488889050669968 47.354015873745084 166.59581973776221 139.93934846110642 573.60090749897063 12.935835955664514 300.30377227254212 248.01909938082099 38.57420699018985 29.345870226621628 143.1503257220611 13.749290936626492 78.448193987831473 61.988669571466744 130.88053059577942 16.313241170719266 8.6435873880982417 10.81915235519409 350.87812522985041 514.81923608481884 12.443014582619069 260.90919064730406 203.80936448927969 280.04822748992592 352.64807249605656 3.6556340213865033 514.94075766205788 582.95473547279835 98.229954782873392 41.629093348048627 25.590888526290655 494.38394386135042 94.822139054536819 375.25286531727761 28.245705377310514 100.16536981239915 272.13073229417205 28.897155534476042 2135.3707070928067 412.79073515720665
leaf_count=1868 68378 5880 12189 6008 23590 13863 301941 298 399 708 25087 19285 319 3794 10615 10143 1666 1881 79310 4877 25836 2299 1072 407 3102 10047 12842 214 2833 2867 2510 226 2922 509 1166 2414 2985 275 228 341 14179 19033 355 4277 3350 5204 2026 167 5085 2455 1650 552 490 8629 898 21732 187 756 4223 230 18856 4409
internal_value=-0.00080122 0.00829479 0.0156318 -0.00445082 0.0119581 0.00367334 -0.0417417 -0.0118408 0.0108715 0.0161491 -0.0115931 -0.00120124 0.00611454 0.00201758 0.0176129 0.0134807 0.00302828 -0.00129341 -0.0203399 0.000705961 0.00946188 0.0112042 0.0496845 0.0265199 0.0199831 -0.0279774 -0.00439751 0.0224287 0.0177325 0.0199179 0.00275026 0.0152338 -0.0054472 0.0357884 0.0609604 0.0413497 0.0580977 0.131105 0.10218 0.163275 -0.00735686 -0.00923379 0.00133911 0.0270304 0.0426436 0.0167381 0.039217 0.0601235 0.0267576 0.0276951 0.0373716 0.0499648 0.00194798 0.0413269 0.0248962 -0.0328075 0.0561194 0.0372489 -0.00190813 0.015203 0.0168577 0.0189615
internal_weight=24879.5 20356.7 12919.6 7437.16 9903.59 3542.61 4522.78 3894.55 2407.48 6966.47 1135.13 1729.48 1261.73 2937.12 6613.83 4517.89 593.693 1042.54 2165.07 408.666 2370.88 2294.17 91.2693 2095.94 1454.04 1341.08 1977.33 997.591 3539.86 3239.56 182.169 959.788 502.423 146.515 92.1975 219.187 157.199 26.3182 36.6012 19.4627 896.029 878.14 527.262 897.562 356.604 540.957 443.376 42.2298 544.287 3015.99 343.668 245.438 1403.73 641.903 1287.44 1158.91 123.068 594.549 978.027 301.028 2796.18 2548.16
internal_count=785937 381162 137440 243722 122796 90828 404775 152894 46218 76769 44610 62699 43414 46027 70889 46295 19523 37421 90195 10885 45250 43382 2738 24594 14802 102834 36922 17546 31699 28866 12724 9105 16785 3556 1675 5993 3579 594 968 569 33865 33567 19388 15247 5766 9481 2734 2677 5311 14644 5552 3902 24080 9792 11700 90110 1085 9385 14596 4453 26132 23265
is_linear=0
shrinkage=0.05


Tree=29
num_leaves=63
num_cat=0
split_feature=1 17 49 36 41 39 41 38 48 26 29 23 36 40 11 47 43 48 49 41 36 55 5 36 51 54 49 48 50 29 49 49 50 54 47 40 54 54 49 6 40 40 49 49 48 48 55 48 5 31 51 48 40 51 54 48 49 23 26 41 49 44
split_gain=3491.5 708.546 259.568 186.681 178.401 171.282 177.076 148.147 147.419 141.895 129.596 160.609 136.3 129.575 112.107 96.3288 103.518 97.4691 119.506 108.341 97.2454 95.9227 86.0163 85.2328 104.746 84.9032 79.7203 114.6 78.5601 77.845 77.2815 77.0248 76.5653 76.4147 123.48 121.272 75.4799 103.167 130.129 114.068 88.4307 74.8543 74.2216 95.7503 74.0879 84.6842 99.5052 73.2333 72.1296 72.1112 69.2945 69.0522 74.4482 86.6244 77.2647 71.5095 68.2523 73.2102 77.163 65.833 65.5313 63.4699
threshold=285.22959899902349 -15.521656036376951 254.46063232421878 282.64704895019537 0.11619454994797708 -1.2745085358619688 8.7145981788635272 -33.529396057128899 0.11192005872726442 -2.5346570014953609 17.05646896362305 -7.0733015537261954 220.29412078857425 6.9803848266601571 288.41929626464849 -3.0682443380355831 -4.9012603759765616 -0.025937020778656002 266.53407287597662 4.518761634826661 259.70588684082037 -0.7865660786628722 249.41485595703128 215.00000000000003 62.29881668090821 -1.0000000180025095e-35 276.94873046875006 -0.51876229047775257 195.26495361328128 2.3509883880615239 269.97990417480474 282.69186401367193 82.059875488281264 1.0000000180025095e-35 1.2290768623352053 0.92156982421875011 -1.0000000180025095e-35 0.91597560048103344 270.38075256347662 226.5091247558594 1.2156753540039065 30.470588684082035 273.15556335449224 261.09867858886724 -0.47515141963958735 -0.48480302095413202 0.98296290636062633 -0.37438794970512385 226.45742797851565 24.523643493652347 55.01201248168946 -0.74852561950683583 -2.5686340332031246 65.581962585449233 -0.37940952181816096 -0.37975081801414484 263.43424987792974 -20.552845954895016 12.130685806274416 23.447105407714847 258.98173522949224 -7.799633026123046
decision_type=2 2 2 2 2 2 2 2 2 2 2 2 2 2 2 2 2 2 2 2 2 2 2 2 2 2 2 2 2 2 2 2 2 2 2 2 2 2 2 2 2 2 2 2 2 2 2 2 2 2 2 2 2 2 2 2 2 2 2 2 2 2
left_child=1 4 23 -2 9 6 26 13 25 -1 12 31 -10 -6 15 -9 -17 19 -19 20 28 41 48 -3 29 -8 36 -28 44 -25 60 -12 -15 35 -35 -20 40 -38 39 -39 42 -13 43 -4 45 -18 -47 -45 -14 -33 -41 -11 55 61 -55 -53 -27 -58 -59 -50 -23 -54
right_child=3 2 5 -5 7 -7 8 14 10 51 11 21 22 32 -16 16 17 18 33 -21 -22 30 -24 24 -26 56 27 -29 -30 -31 -32 49 -34 34 -36 -37 37 38 -40 50 -42 -43 -44 47 -46 46 -48 -49 59 -51 -52 52 53 54 -56 -57 57 58 -60 -61 -62 -63
leaf_value=-0.022119279425789156 -0.024464678620848081 0.061676679144625927 0.0050661177053306031 -0.047795982226182608 -0.034505140242714387 0.031663750510784981 -0.019071540189895639 -0.024883110623238409 0.040474992233375251 -0.036037127103360905 -0.015373532932643819 0.032661308291401403 0.024972189329501307 -0.013022605976859581 0.077338447801053922 -0.025981932655224544 0.017349167525603712 -0.023934538362579444 0.14464777204387763 -0.023366176760542978 -0.01766342673009702 0.0067483447096473321 0.087866796707916611 0.094575215126798257 -0.038395791814003134 -0.025388222611578234 -0.028158090305029096 0.015934956205899325 0.094126381331922929 0.030118081721774027 0.032696692473270998 0.15520601050761496 0.039341930251491415 -0.011478100851359864 0.030925922908954559 0.027148937649188055 0.035357591513162374 0.045371620158439534 0.044282583150539991 -0.028064243131417893 -0.00068338712821901541 -0.0082072182403028771 -0.018248055210812766 0.023300249988853376 -0.0039849071942895829 0.033809638032023512 0.18334322772620004 0.06782354964847874 0.0099628355323810799 -0.0083058378914003094 0.041137832207312069 0.026708106764545176 0.099171273729990073 0.17362754161769001 0.039111297403363506 -0.0056247809124217001 -0.016392545937763785 0.033101505469836645 -0.0039869084191386404 -0.016070947651743356 -0.025879084189307462 0.023651715627955549
leaf_weight=267.19204060174525 1175.4846417205408 275.2465708553791 213.20838592760265 3167.9448419306427 906.22461811453104 1054.6068635582924 775.68308326974511 564.88331017456949 509.03921655938029 55.314731154590845 1040.3921150714159 599.64933138899505 676.91346189193428 256.62652227468789 41.032847418449819 418.01115767657757 228.34923652652651 211.340815205127 23.183597799390554 654.39407051727176 386.48015165701509 343.15047223120928 36.951846060343087 50.005911767482758 53.026622315868735 171.92880469746888 200.49638041481376 556.05486118793488 29.052175313234329 740.15853440947831 144.58259196579456 12.961238447576763 95.890705283731222 399.3907547807321 301.11791371926665 416.12683098949492 1458.2692724671215 87.295529242604971 195.8431548178196 279.11680382862687 629.32694816589355 137.78606462106109 84.945185087621212 172.71666741557419 387.00450533255935 29.100757166743279 18.01070636510849 198.50660135038197 1546.9055654099211 14.05445131100714 41.560753341764212 362.08483133651316 30.610157368704677 21.275895475409925 21.425021727569401 324.05284339748323 204.35994626395404 352.96253248117864 232.69538987800479 288.05236354283988 279.03427210636437 305.4519452303648
leaf_count=8838 86189 1279 1348 318733 50351 4521 11861 21527 3114 1512 23893 5186 6828 10914 1364 18342 3075 9118 554 25120 12001 3116 822 222 333 2310 2506 5404 340 3843 841 156 2307 13998 9162 12298 11352 411 1607 2996 5846 1114 721 1117 5897 388 186 1306 28473 272 407 7107 309 301 371 7374 4338 3112 2734 6351 2740 5829
internal_value=-0.000775061 0.0078872 0.0144381 -0.0414817 -0.00536041 0.0123795 0.0106086 -0.00949248 0.00596717 0.0106216 0.00989672 0.00162421 0.0168538 -0.0244997 -0.00489349 -0.00572326 -0.00263233 0.000532976 0.0105988 -0.00731772 0.00242443 0.0121502 0.0121362 0.0375182 0.029632 -0.00676356 0.0189135 0.0042497 0.0136513 0.0341973 -0.000232249 -0.0132092 0.00122144 0.0170018 0.00674953 0.0333497 0.0222145 0.0281611 0.0107809 -0.00530119 0.0127725 0.0250252 0.0254234 0.0317709 0.0101221 0.0299415 0.0909763 0.0471085 0.0110222 0.0701418 -0.0190955 0.018431 0.0212602 0.0390538 0.106135 0.0114378 0.0031612 0.00937431 0.0183654 0.00587604 -0.00788424 0.0305304
internal_weight=24754.5 20411.1 13657.5 4343.43 6753.63 12539.1 11484.4 5366.22 7367.1 1387.41 5629.47 2571.61 3057.86 1258.74 4107.48 4066.45 3501.56 3083.55 1351.16 1732.39 1078 1504.2 2548.82 1118.44 843.191 1737.63 4117.34 756.551 691.517 790.164 766.767 1067.41 352.517 1139.82 700.509 439.31 3360.79 2062.09 603.816 407.973 1298.7 737.435 669.377 584.432 662.465 275.461 47.1115 371.223 2511.87 27.0157 320.678 1120.22 1064.9 378.763 42.7009 686.138 961.947 790.018 585.658 1834.96 622.185 336.062
internal_count=785985 381063 152480 404922 228583 146803 142282 196942 107261 31641 82906 37318 45588 63572 133370 132006 110479 92137 45130 47007 21887 12997 42474 5677 4398 24355 35021 7910 9886 4065 6697 24321 13221 36012 23160 12852 27111 16773 5421 3814 10338 6300 4492 3771 9546 3649 574 2423 41652 428 3403 22803 21291 6810 672 14481 12494 10184 5846 34824 5856 6138
is_linear=0
shrinkage=0.05


Tree=30
num_leaves=63
num_cat=0
split_feature=1 36 12 36 40 49 54 35 53 5 45 35 49 49 55 40 39 47 54 41 49 49 55 49 49 36 55 34 49 49 49 49 49 55 7 53 40 32 29 28 53 36 49 49 37 23 49 11 40 37 27 40 36 29 15 35 31 39 49 54 49 49
split_gain=3246.71 646.675 248.091 192.862 177.611 154.406 154.022 112.041 104.461 93.178 104.926 90.1354 104.551 165.215 86.9961 154.692 84.4872 86.5502 128.966 125.09 116.823 148.51 86.1238 83.5531 82.0301 79.2983 77.8918 82.0101 71.4048 140.743 175.612 115.822 240.16 110.451 80.5631 75.3142 70.8284 110.214 115.827 69.1742 67.9577 66.2106 66.0157 82.575 68.2554 152.544 71.1848 85.0634 72.9589 65.555 78.752 64.7294 64.6626 62.053 145.658 87.9612 60.91 60.6862 69.2433 78.5907 154.439 179.306
threshold=285.22959899902349 225.58824157714847 -37.602127075195305 282.64704895019537 2.1372528076171879 254.46063232421878 -1.0000000180025095e-35 5.9736292362213144 1089.1666564941409 225.84973907470706 7.5596590042114267 9.9480543136596697 261.09867858886724 268.64752197265631 0.37940952181816107 16.19608306884766 -49.468404769897454 -3.5644457340240474 0.12940952181816109 -0.52142748236656178 265.70214843750006 268.95562744140631 0.37940952181816107 247.43756103515628 285.23387145996099 215.58823394775393 -0.6035533845424651 27.354716300964359 289.42092895507818 285.95608520507818 284.25558471679693 273.35858154296881 270.65731811523443 0.98296290636062633 263.93582153320318 122.58333206176759 11.196075439453127 19.635406494140629 13.884313583374025 23.298627853393558 1089.1666564941409 207.94117736816409 271.58435058593756 269.27120971679693 248.77632141113284 -28.326768875122067 273.86521911621099 264.82698059082037 12.156867980957033 251.66667175292972 14.98992443084717 -3.6862716674804683 212.05882263183597 28.935934066772464 0.66324234008789074 15.077417850494387 11.259598731994631 -10.12708806991577 256.94619750976568 0.78656607866287243 272.37759399414068 276.94873046875006
decision_type=2 2 2 2 2 2 2 2 2 2 2 2 2 2 2 2 2 2 2 2 2 2 2 2 2 2 2 2 2 2 2 2 2 2 2 2 2 2 2 2 2 2 2 2 2 2 2 2 2 2 2 2 2 2 2 2 2 2 2 2 2 2
left_child=1 5 8 40 23 25 7 -7 16 39 26 -8 53 41 15 -9 -3 -18 20 24 -19 36 -23 -4 51 -1 27 42 29 30 31 32 35 -33 -34 -25 -22 38 -38 -6 -2 -14 43 -11 -44 56 48 -48 -47 50 57 -20 -17 55 -55 -13 -46 58 -28 -60 -61 -62
right_child=3 2 4 -5 9 6 11 14 -10 10 -12 12 13 -15 -16 52 17 18 19 -21 21 22 -24 28 -26 -27 49 -29 -30 -31 -32 33 34 -35 -36 -37 37 -39 -40 -41 -42 -43 44 -45 45 46 47 -49 -50 -51 -52 -53 -54 54 -56 -57 -58 -59 59 60 61 -63
leaf_value=0.059941346759110718 -0.025595898126502994 -0.03350413771658288 0.076201850703192173 -0.047508756371818839 0.022061441328860096 0.030415305705063112 0.037536097993956984 0.024818567389344046 0.037700986839956742 0.0099223835208570605 -0.025064659439910514 -0.014390881579974285 0.020615513011993915 0.02781052987499881 -0.014089545180211594 0.019418043646801067 -0.031710529868761071 -0.043662632859469551 -0.011014080600297252 -0.021490131074492776 0.033710740890340686 0.016168496893203568 -0.010520715176327761 -0.0022666605446313142 -0.033000801625117683 0.028292976262000571 0.048734805274435883 -0.017172581618481047 0.064794791582392333 -0.018678700439597986 0.053832999004527295 -0.0077980198242720289 0.058006538555094939 0.048534868688187155 0.02222396253055894 0.01919273012986903 0.083413400184385422 0.051815521462052844 0.37617428142415488 -0.02376473322291325 0.045293815153670147 -0.021307894871918285 -0.014523126590038959 -0.04170187849920904 0.13020869427653814 0.18489311049031351 0.025277141655464432 0.15053452621712018 0.054954771080854219 -0.017159676988037661 -0.020895027991547389 0.041435540300221785 -0.011112209079987563 0.001258652788964624 0.053067809957410519 0.042448379261487396 0.012504005710879965 -0.014743363284650611 -0.0020585245014969064 0.0037519853462733791 0.16170824539522827 -0.018563603696271535
leaf_weight=305.81998816877604 1114.4931167326868 364.05409013386816 52.30674970895052 3022.148610861972 626.3700345735997 478.10892086103559 913.62225743196905 839.68217974156141 115.46031695045531 651.73242475930601 493.97229371313006 75.074937548488379 121.17626114189625 501.93098138272762 524.37900792434812 223.322036921978 354.52233300451189 114.00829886831343 85.99646248947829 1417.8859587023035 147.67182598263025 590.91986654978245 618.79330628551543 889.19257272407413 79.034756359644234 561.00477563217282 116.3091857265681 264.36713828332722 64.45764085650444 346.71901450585574 265.23807406239212 922.3147198939696 386.86147651355714 96.07703435793519 265.08917308505625 756.90601853374392 6.9964163918048126 28.842491663992405 6.5333782006055117 94.813916644081473 34.865049409680068 422.71930953115225 83.715475825592875 87.908871991559863 11.392483374103902 26.687995733693242 60.674841236323118 17.453154910355806 18.149811880663037 875.39013072103262 341.94325297512114 186.17172267846763 776.3539383392781 463.69954296387732 191.76694066822529 729.14535423368216 311.96346371714026 259.02951589040458 563.9972280152142 126.95831251703203 40.510838501155376 20.915159089490771
leaf_count=1440 85291 19875 243 318641 6862 2204 4512 7064 1890 14388 15836 380 521 3543 4216 1117 13428 4816 2529 56232 5135 19079 21970 12706 3114 2548 1229 9614 1009 8222 3302 14791 3438 1150 3630 9607 232 671 187 2100 1042 4529 1356 2173 266 483 1251 250 465 31517 7797 2945 9514 2888 835 5477 7239 3006 10365 2389 628 336
internal_value=-0.000688908 0.00753573 0.00100542 -0.0408787 0.00559623 0.0196808 0.0169426 0.00834062 -0.00918609 -0.000614946 -0.00336104 0.0240922 0.01919 0.00712338 0.00387561 0.00899726 -0.010539 -0.00824049 -0.00570591 -0.0148731 0.00500747 0.00897158 0.00251641 0.0134182 0.0118414 0.0394587 -0.000597263 0.00816281 0.0125958 0.0117393 0.0146839 0.0115528 0.0177731 -0.00248347 0.043457 0.00760076 0.0500615 0.107046 0.224784 0.0160367 -0.0234455 -0.0119676 0.013438 0.00378667 0.0269061 0.0346768 0.0820784 0.0532586 0.132296 -0.00632777 0.000124141 0.0248631 -0.00429192 0.0278354 0.0164162 0.0371424 0.016651 0.0064975 0.0128312 0.00728091 0.0352419 0.100327
internal_weight=24555.6 20384.1 13256.3 4171.51 9139.42 7127.81 6260.98 2841.85 4116.89 5094.26 4373.07 3419.14 2505.51 1045.83 2363.74 1839.36 4001.43 3637.38 3282.85 1769.09 1513.77 1399.76 1209.71 4045.16 351.203 866.825 3879.1 1534.05 3992.86 3928.4 3581.68 3316.44 2298.05 1018.39 651.951 1646.1 190.044 42.3723 13.5298 721.184 1149.36 543.896 1269.68 739.641 530.037 446.322 122.966 78.128 44.8378 2345.05 1469.66 272.168 999.676 1459.69 655.466 804.22 323.356 1127.72 868.691 752.382 188.384 61.426
internal_count=785513 380539 329751 404974 177648 50788 46800 24115 152103 119550 110588 22685 18173 8593 21911 17695 150213 130338 116910 64820 52090 47274 41049 58098 8588 3988 94752 37485 57855 56846 48624 45322 29381 15941 7068 22313 6225 1090 419 8962 86333 5050 27871 16561 11310 9954 2449 1501 948 57267 25750 5474 10631 9580 3723 5857 7505 17953 14947 13718 3353 964
is_linear=0
shrinkage=0.05


Tree=31
num_leaves=63
num_cat=0
split_feature=2 17 49 39 53 41 38 36 41 27 47 54 49 48 29 36 55 17 23 35 49 49 46 29 49 48 48 49 38 29 53 49 49 49 29 52 39 48 49 41 55 49 28 35 44 51 38 51 45 44 47 15 13 25 11 5 11 52 11 52 51 52
split_gain=3090.95 623.646 207.269 199.177 161.401 152.386 149.201 129.945 127.837 116.462 94.1177 126.255 166.659 92.4197 117.006 92.8771 92.4154 116.424 90.1099 91.5477 89.7011 108.531 94.2188 93.7772 89.6874 86.8972 110.597 91.0973 82.5264 87.5692 80.3198 78.3052 112.045 77.8157 75.6801 75.1549 73.8491 73.5986 92.4324 75.7907 70.1675 78.5933 130.332 69.7318 68.7498 67.6056 67.1534 63.6268 62.4807 61.9527 59.9575 59.4105 75.1917 57.6438 57.3485 55.6486 53.5566 72.0625 53.457 53.1916 58.4535 58.373
threshold=284.64483642578131 -13.95042037963867 247.43756103515628 -2.0842412710189815 545.16665649414074 0.20721228420734408 -36.352928161621087 282.64704895019537 7.7702677249908456 -2.8665156364440914 -3.0682443380355831 0.12940952181816109 265.70214843750006 0.11755901575088502 16.347610473632816 219.70588684082034 -0.7865660786628722 1.1571083068847658 -5.7618849277496329 24.909311294555668 269.97990417480474 285.39907836914068 5.2415313720703134 14.724085807800295 273.35858154296881 -0.47515141963958735 -0.48803782463073725 268.30914306640631 -3.2352981567382808 23.727355957031254 956.33334350585949 255.32789611816409 255.95982360839847 282.69186401367193 1.3837118148803713 4.2768795490264901 -47.893976211547844 -0.58530998229980458 275.56561279296881 13.920842647552492 0.91597560048103344 286.08425903320318 -0.26692008972167963 9.3985109329223651 -6.0279541015624991 62.29881668090821 -11.647056579589842 63.55516433715821 -10.584798812866209 -5.4037971496582022 -0.94998741149902333 -44.695135116577141 -47.983764648437493 21.366916656494144 288.41929626464849 237.1656188964844 281.26124572753912 12.273254394531252 236.70791625976565 41.616329193115241 50.025959014892585 13.236656188964846
decision_type=2 2 2 2 2 2 2 2 2 2 2 2 2 2 2 2 2 2 2 2 2 2 2 2 2 2 2 2 2 2 2 2 2 2 2 2 2 2 2 2 2 2 2 2 2 2 2 2 2 2 2 2 2 2 2 2 2 2 2 2 2 2
left_child=1 4 45 8 5 9 47 30 36 -1 -8 12 -12 37 15 -15 17 18 19 33 22 24 23 25 34 26 -14 -27 -18 -30 -2 -5 -33 -16 -22 -6 -4 38 -10 55 41 42 -23 -29 -11 -3 -13 -7 -17 50 -44 52 -49 58 -26 -39 57 -46 -50 60 61 -20
right_child=7 2 3 31 35 6 10 -9 13 44 11 46 20 14 16 48 28 -19 59 -21 21 40 -24 -25 54 27 -28 43 29 -31 -32 32 -34 -35 -36 -37 -38 39 -40 -41 -42 -43 49 -45 56 -47 -48 51 53 -51 -52 -53 -54 -55 -56 -57 -58 -59 -60 -61 -62 -63
leaf_value=-0.028565623147599736 -0.028707410513526543 0.043959188390559928 -0.04164687591237802 0.063719938067851631 0.067413626245384536 -0.035676073754001079 -0.026166032947221897 -0.047514887130372913 0.048473948878304744 0.037928514209222636 -0.028772067663114371 -0.017004725419638423 0.019744863481256217 0.037523209472671612 0.013256457105787951 -0.022634565970646846 -0.022998099728035036 0.10814251950508887 0.037875655944125175 -0.015860198875081159 0.042791313540089027 0.31183152492643884 -0.03084016952495628 0.1037242629109305 -0.021861584327350789 -0.017224902850605569 0.14651200574479048 0.10345990988861536 0.017537441379881061 -0.014823404692540036 0.050653344426536955 -0.042737451428633957 0.027166628878463956 0.12178777242134678 -0.0051943393031241569 0.012002481954484619 0.018225819554143798 0.0046792371966489603 -0.038586480157113509 -0.021690911882295039 -0.027060508415336654 0.025178619778546376 0.18715884046320491 0.0012599773372350461 -0.0046046110481809772 -0.01599007021329384 0.010852328606555346 -0.030441951412185454 0.038335999767512133 -0.013649732319124344 0.025154929039692731 -0.031830426998136326 0.1047171962674659 -0.0049970971959435156 0.085438373390589017 -0.02603087138427413 -0.0096199039153575285 0.031198878798441316 0.014142792967587412 -0.045788272443422873 0.085902183943849658 0.0021808576585438067
leaf_weight=187.16984264552593 873.52866773493588 654.85276285931468 52.301465488038957 138.57639609277248 67.053210804238915 726.8210141947493 591.22278378531337 2881.4408650072291 128.93012487515807 237.39888033736497 314.40123065747321 1743.8000288400799 37.286542572081089 429.85777832195163 269.74886461533606 121.7084340211004 530.84900474734604 30.106487784534693 274.39687838405371 474.45036351308227 138.15233646798879 6.0522059118375173 48.624383004382253 54.16571893915534 481.42290553636849 104.89202258549631 31.947675181552768 36.936884220689535 440.95331427082419 397.50131407566369 33.090153754688799 59.590443760156631 1506.5132779292762 17.592855084687471 202.7611130066216 700.19968988653272 3370.9352484419942 1052.4344896469265 39.92954446002841 570.55312477238476 53.756855112500489 304.205256966874 12.765666215680538 30.449709923006594 238.95034279301763 50.666433438658714 246.98141420446336 17.012458077631891 265.26489245891571 15.862929837778209 10.335140115581455 42.895321976393461 26.04136929102242 334.36449194699526 12.783333352766929 171.55994724668562 298.16967647150159 341.24335222132504 1639.7106478037313 25.717428989708424 40.043196011334658 196.59782636165619
leaf_count=6647 73027 2942 1282 662 1032 44936 24179 318064 1112 2505 11719 65014 1076 2466 4377 1987 11882 167 2191 10704 2145 120 2042 1068 17546 3559 390 1360 4061 3108 1101 375 6748 163 7531 18571 25485 12040 773 7961 1771 7455 472 1333 4060 262 4348 690 2678 642 344 1934 548 5780 553 4082 11107 5547 25901 245 287 1604
internal_value=-0.000802926 0.00681401 0.0132825 0.0118036 -0.00485965 -0.00738494 -0.0111565 -0.0423203 0.00931274 0.00793237 -0.00757991 -0.00475334 0.00447781 0.00563867 0.00896888 0.0161465 0.00154403 0.0109384 0.00868477 -0.00237121 0.0110841 0.00480636 0.0336586 0.0442654 -0.00547702 0.0309302 0.0782407 0.0119173 -0.00757148 0.00219555 -0.0258109 0.0276945 0.0245068 0.0199014 0.0142514 0.0168451 0.0173111 -0.0036712 0.0278871 -0.00664072 0.0261173 0.0343032 0.0959645 0.0572792 0.0140549 0.039654 -0.0135487 -0.0308653 0.0122546 0.062434 0.114679 0.00981639 0.0513099 0.0141508 -0.0190861 0.000374786 0.00760252 0.0164534 0.0175117 0.024376 0.027907 0.0229763
internal_weight=24435.5 20647.5 13285.7 12580.2 7361.76 6594.51 5291.58 3788.06 10875.5 1302.93 4478.81 3887.58 1896.8 7452.27 5488.86 2790.91 2697.96 1328.65 1298.55 761.792 1582.4 1238.1 344.303 295.679 835.12 241.513 69.2342 172.279 1369.3 838.455 906.619 1704.68 1566.1 287.342 340.913 767.253 3423.24 1963.41 168.86 1794.55 402.978 349.221 45.0159 67.3866 1115.76 705.519 1990.78 812.77 2361.05 38.9637 23.1008 85.9491 43.0538 2239.34 494.206 1223.99 878.363 580.194 1904.98 536.755 511.038 470.995
internal_count=785761 393569 141325 138121 252244 232641 202775 392192 130336 29866 154667 130488 61126 103569 77601 38812 38789 19738 19571 15244 49407 38579 10828 8786 27775 7718 1466 6252 19051 7169 74128 7785 7123 4540 9676 19603 26767 25968 1885 24083 10804 9033 1578 2693 23219 3204 69362 48108 36346 1458 816 3172 1238 34359 18099 16122 20714 9607 28579 4327 4082 3795
is_linear=0
shrinkage=0.05


Tree=32
num_leaves=63
num_cat=0
split_feature=2 17 38 40 24 43 17 35 40 2 53 48 47 17 54 48 53 53 48 28 11 42 5 42 50 40 54 24 40 24 43 42 11 27 48 48 37 37 38 48 18 21 18 44 35 26 44 11 18 40 42 53 40 37 10 3 35 52 52 7 21 42
split_gain=2873.61 552.818 181.476 147.59 139.283 137.009 121.654 109.377 117.584 101.524 99.1089 98.1435 137.585 122.489 121.889 121.855 87.0968 76.6659 73.8125 89.337 98.9552 73.0955 63.6117 87.9698 61.5281 61.1345 67.9114 75.6385 78.8053 70.7036 62.7306 78.7577 57.9047 57.0115 65.4032 63.8976 58.3507 55.6718 55.6703 55.5665 55.4267 52.5715 51.7897 50.0416 59.6853 53.8793 49.9137 61.1043 71.3773 49.5717 48.7578 48.1061 47.9372 52.2179 47.3599 76.4156 78.3997 46.8072 46.6788 58.9295 46.0288 54.8056
threshold=284.64483642578131 -13.214450836181639 -1.5294113159179685 0.058807373046875007 14.820827484130861 -4.9012603759765616 -34.913860321044915 -0.32882824540138239 -3.1176452636718746 288.02078247070318 1089.1666564941409 -0.025937020778656002 -3.0682443380355831 -20.705263137817379 0.12940952181816109 0.95832794904708873 956.33334350585949 19.250000000000004 0.12764942646026614 25.678310394287113 233.60381317138675 4.1132049560546884 225.14548492431643 6.6161193847656259 122.23205947875978 0.78430938720703136 -0.7865660786628722 27.88590240478516 7.4705810546875009 18.599882125854496 4.7841033935546884 13.211959838867189 281.26124572753912 17.212942123413089 0.7071593999862672 0.91633892059326183 244.89833068847659 279.65505981445318 0.64705657958984386 -0.62369728088378895 -31.120611190795895 -23.434196472167965 -25.108060836791989 -9.0962734222412092 10.794273853302004 4.3205614089965829 -7.4853839874267569 289.83538818359381 -52.867031097412102 1.372550964355469 0.18635559082031253 1193.0000000000002 7.4705810546875009 252.96659851074222 290.66888427734381 285.85066223144537 1.6811699867248537 45.53399848937989 22.58397197723389 289.12536621093756 -35.744510650634759 23.419822692871097
decision_type=2 2 2 2 2 2 2 2 2 2 2 2 2 2 2 2 2 2 2 2 2 2 2 2 2 2 2 2 2 2 2 2 2 2 2 2 2 2 2 2 2 2 2 2 2 2 2 2 2 2 2 2 2 2 2 2 2 2 2 2 2 2
left_child=1 3 4 6 17 -5 7 8 -1 10 46 13 -13 51 15 25 18 -3 -6 20 -20 -8 42 39 60 -14 43 28 -28 30 31 -30 -31 41 -35 36 -36 -33 49 -24 -25 -22 -19 44 45 -27 47 -2 -49 -4 -40 -7 -18 -54 55 -12 -57 -34 59 -50 -16 -62
right_child=9 2 38 5 16 11 21 -9 -10 -11 54 12 14 -15 24 -17 52 22 19 -21 33 -23 23 40 -26 26 27 -29 29 32 -32 37 57 34 35 -37 -38 -39 50 -41 -42 -43 -44 -45 -46 -47 -48 48 58 -51 -52 -53 53 -55 -56 56 -58 -59 -60 -61 61 -63
leaf_value=-0.018807999410392781 -0.020190189315099815 0.0026095691095546075 0.034078128923403388 -0.033679887129539031 -0.018084036474953793 -0.033094172191631535 0.0008952866335768955 -0.027185054352037483 0.032370065392012738 -0.046760811035096356 0.019226121634134334 -0.026045403466255848 0.10223626917342626 0.00013423048430550303 -0.022757910626278622 -0.03319925420220201 -0.025232216536220327 0.0085641949903583463 0.021536214974208788 -0.015690588481371826 -0.0087279826040041197 0.018692520720239417 -0.033380164448723458 0.0061322522722871671 0.023998567109546568 -0.0037581435762647809 -0.0049508374092671675 -0.022429841889726555 0.068845606008787211 0.047721372882544216 -0.035245242937957083 0.28341496828506207 -0.014868810972748225 -0.022403773608433611 -0.0056965624556804661 -0.016989810938409063 0.032400973780729307 0.10222148397052358 0.0035386613572464566 0.0090157710444538405 0.032498958217427897 0.014427161100088745 0.032756233317550808 -0.011090623544873061 5.5284395988258556e-06 0.12393562126112057 -0.036538681900370344 -0.017872267934991717 0.36942631887451405 0.016750835865926624 0.043003420526799035 0.065396938151591852 0.044104706270160103 0.14238676866423403 -0.051302045065744262 0.039970497478228312 0.32230508462392415 0.060291465267661062 -0.0120676664492919 0.11398595900111659 -0.002125729128911636 0.12614232166234321
leaf_weight=225.00821504928172 154.62011061329395 1065.4536349773407 492.7052149027586 548.33171925600618 440.97108716517687 725.7967204330489 1131.0922705261037 505.98202536907047 223.92714483290911 2664.7030951455235 14.62721384689212 454.693040182814 23.030164202675223 527.56230800785124 512.26571417786181 112.71855126600713 18.442703947424889 288.26925382949412 829.45278583094478 519.06467790156603 328.57241157256067 1177.5772065399215 80.748901395127177 272.10919394530356 126.63632098585367 12.387540818192063 98.361660518683493 62.612339552491903 110.22665195167065 195.12382415868342 11.999853569082914 7.7367125041782883 87.425198508426547 421.09106331132352 183.99382725358009 250.88926313817501 221.49948577582836 9.3776570037007314 93.544164791703224 1802.5578342573717 745.10047171264887 965.24585471488535 951.23918433859944 232.32918303832412 57.133048482239246 24.797110935673118 752.84953783545643 15.272594527341427 3.2134094443172199 2544.4000363610685 479.15092787146568 12.613292124122379 67.654348643496633 16.888567108660936 7.5256559196859589 4.3754365639761073 5.6132187703624368 27.146760890260339 3.88855599425733 7.5927487425506115 320.53390518762171 8.5498856455087644
leaf_count=8653 11755 11624 2128 29575 6650 35942 26692 24612 4316 302111 440 19593 692 13898 25339 4971 187 2301 8434 9051 5655 16579 1176 3145 4039 459 4080 1855 3106 4111 429 213 2871 8696 3186 5199 4797 317 387 21809 6280 12217 5763 10368 2183 1061 74626 1325 253 13718 2078 232 767 248 460 246 231 264 317 615 11269 153
internal_value=-0.00072067 0.00649425 0.012719 -0.0042564 0.00908261 -0.0103308 0.00376456 -0.0112455 0.00671941 -0.0417199 -0.0278658 -0.00692672 -0.00117345 -0.0182658 0.00436917 0.0159797 0.00238231 0.0145708 0.00125803 0.00355096 0.00667136 0.00997308 0.017649 0.0135975 -0.00849379 0.0217559 0.0197771 0.029629 0.0355836 0.0444627 0.0740413 0.0843398 0.0311544 0.0014718 -0.00702377 0.00284302 0.0151141 0.184132 0.0222581 0.007198 0.0254457 0.00854678 0.02713 0.00137865 0.0320937 0.0813962 -0.0308258 -0.00752547 0.0578198 0.0195618 0.0365572 -0.0314118 0.0478051 0.0637378 0.0584664 0.0920253 0.198631 0.00293972 0.136488 0.189946 -0.0133844 0.00120679
internal_weight=24286.3 20652 13079 7572.98 9469.24 4309.39 3263.59 954.917 448.935 3634.28 969.578 3761.06 2495.09 1265.97 2040.39 1072.41 4263.77 5205.48 4160.78 3719.81 3200.74 2308.67 4140.02 2900.52 967.986 959.688 936.658 610.011 547.398 449.037 139.341 127.341 309.696 2371.29 1077.47 656.383 405.493 17.1144 3609.8 1883.31 1017.21 1293.82 1239.51 326.647 94.3177 37.1847 937.437 184.587 29.9673 3037.11 572.695 738.41 102.986 84.5429 32.1415 24.6159 9.98866 114.572 14.6947 10.8062 841.35 329.084
internal_count=785747 393368 135496 257872 117185 177020 80852 37581 12969 392379 90268 147445 97373 50072 77780 36980 65087 52098 63885 57235 48184 43271 40474 32410 40800 32009 31317 17246 15391 11311 4065 3636 7246 39750 21878 13182 7983 530 18311 22985 9425 17872 8064 14071 3703 1520 88891 14265 2510 15846 2465 36174 1202 1015 1377 917 477 3135 1185 868 36761 11422
is_linear=0
shrinkage=0.05


Tree=33
num_leaves=63
num_cat=0
split_feature=38 36 36 40 49 54 31 17 48 49 50 49 49 49 49 40 48 49 49 29 49 50 35 48 40 55 23 49 54 48 33 53 48 35 36 49 48 54 40 39 5 37 5 49 17 29 49 49 53 5 49 35 36 48 36 35 21 15 52 40 40 16
split_gain=2688.99 442.834 295.737 150.228 129.964 142.066 128.379 117.816 128.981 104.775 119.606 104.511 161.431 124.087 125.948 102.687 98.2807 95.7298 93.3033 92.9968 94.1999 91.6565 90.9008 90.2956 119.517 87.4647 86.5459 168.256 81.6756 92.3248 79.7078 79.619 79.5793 78.6012 72.029 71.5288 70.7353 68.6371 68.5104 81.6618 66.8074 74.554 66.6623 66.4784 67.8808 75.3758 65.3809 66.2024 63.9325 63.8114 66.8157 61.4939 60.6662 60.5635 59.4069 59.0973 58.4432 57.4585 57.3222 55.5432 54.6344 53.9896
threshold=-36.352928161621087 226.17646789550784 284.41175842285162 0.78430938720703136 254.46063232421878 -1.0000000180025095e-35 -0.068438529968261705 -14.7785587310791 -0.025937020778656002 267.04945373535162 205.75521087646487 286.04714965820318 284.25558471679693 273.35858154296881 270.65731811523443 -2.0588378906249996 -0.4372642040252685 289.26409912109381 247.43756103515628 16.001280784606937 267.78880310058599 94.038017272949233 5.9736292362213144 0.074240803718566908 15.862731933593752 0.98296290636062633 -43.871583938598626 285.83421325683599 0.12940952181816109 -0.34004548192024225 2.8701241016387944 137.81944274902347 -0.56490284204483021 -0.42913483083248133 215.00000000000003 290.50280761718756 0.062224745750427253 0.37940952181816107 13.843116760253908 -25.100947380065914 261.94412231445318 268.13000488281256 225.14548492431643 255.59030914306643 0.44061279296875006 28.935934066772464 276.94873046875006 276.13734436035162 344.16667175292974 278.63395690917974 292.06185913085943 10.794273853302004 265.58824157714849 0.16143232583999637 209.11765289306643 0.79788178205490123 -45.866455078124993 -30.478549957275387 5.1606376171112069 3.3333206176757817 -2.1372680664062496 -27.630126953124996
decision_type=2 2 2 2 2 2 2 2 2 2 2 2 2 2 2 2 2 2 2 2 2 2 2 2 2 2 2 2 2 2 2 2 2 2 2 2 2 2 2 2 2 2 2 2 2 2 2 2 2 2 2 2 2 2 2 2 2 2 2 2 2 2
left_child=2 4 6 11 34 22 15 8 -5 10 -10 12 13 14 18 46 30 -13 -3 35 61 -8 -6 -24 -25 53 27 -14 -28 -30 57 43 -20 -27 -2 48 -19 -12 39 -9 -22 -42 -41 -7 45 -45 47 -1 -11 50 -37 -33 -18 -15 -26 -31 -17 -16 -23 -60 -34 -21
right_child=1 3 -4 7 5 31 21 38 9 19 37 17 26 25 16 56 52 36 32 20 40 58 23 24 54 33 28 -29 29 55 -32 51 60 -35 -36 49 -38 -39 -40 42 41 -43 -44 44 -46 -47 -48 -49 -50 -51 -52 -53 -54 -55 -56 -57 -58 -59 59 -61 -62 -63
leaf_value=-0.0099414860020549875 0.056706438970194041 0.10151804314533926 -0.047700858052703417 -0.026584378200582754 0.025719629231190946 0.075474135186840083 -0.034486307146499133 -0.0066979996030723798 -0.030579100520056097 -0.012588742799106137 0.03257526017768058 -0.021065879842762272 0.054557918369919613 -0.0098448365323289266 -0.021045939577934769 0.12453156424173609 0.061828223103669359 0.012002150468846971 0.060986475644201121 0.025986336291410318 -0.014297701342295424 0.051144271399653621 -0.014163145118572666 0.021680040512770664 0.034224290261595847 0.080418762928219367 -0.0045571063503381708 0.30556632473911866 0.081820691303900059 -0.010903221244118369 -0.020339961829084721 0.04565768866636423 -0.014539959883167922 0.0036860606117710155 0.025545738845928874 0.10754585245060418 0.1164949773539985 0.24780769161652105 -0.010225133276360704 0.030034820959768851 0.15290095264220735 0.024896065821918976 0.006785720551081756 0.012840914544170613 0.029606455120740838 -0.019633221135492897 -0.026402931622056754 0.056309199275764443 0.014249086437189019 -0.026140724912362346 0.0055516693438833415 0.023308769737354594 4.0960797192379655e-05 0.069079250922746138 -0.0072704441474062634 0.051195993339289918 0.027206307629165025 0.041700419859364714 -0.032210082356310815 0.014228771761553611 0.0087638813410036744 0.13931320596857852
leaf_weight=100.24696381855756 263.24787478148937 25.77971275895834 2392.9135358966887 876.86272972077131 508.57571026682854 44.525501288473606 1298.0459157591686 1027.5983163490891 434.82497192174196 1093.2864599777386 10.692932837642731 478.33080100547522 27.814799203537405 1164.1515237344429 44.214390073902905 20.794485381804407 281.18953411560506 120.41277825087309 61.857415829785168 17.745508436113596 122.21290586702526 40.801778053864837 612.06563596148044 862.40133045613766 94.907285049557686 54.614425541833043 99.438594292849302 8.7848840458318573 117.41581609006971 70.161432269029319 109.46122629754245 447.55994725227356 334.36232122499496 85.812732518650591 627.54484225250781 38.258953503333032 18.71275407075882 5.6672946345061055 884.26322158798575 356.00273974053562 12.139460231177507 180.67586555238813 2302.2007645554841 1357.8488167431206 507.92339420691133 205.76679700426757 235.09466525819153 60.444051221013069 278.41482952795923 27.318962689489126 27.670191772282124 985.61458171531558 46.263565977104008 24.825384978204966 946.2901041470468 84.398150328546762 59.735288996249437 208.71273014042526 152.01158619485795 111.70335931889713 1014.9671457055956 25.773681798018515
leaf_count=4598 1312 113 289170 39987 2365 246 101865 23354 21799 53147 421 15516 1100 24808 1110 930 2887 3832 687 243 4739 1061 5018 7248 411 564 1960 293 1122 1292 1881 2135 5129 1912 2856 695 455 187 20704 2876 318 3249 33544 10892 2235 1456 11951 769 10443 1538 633 6866 1345 736 10941 1329 954 1493 11228 5021 16200 329
internal_value=-0.000718525 0.00723881 -0.035716 0.00137107 0.0168319 0.0144032 -0.0219207 -0.00285535 -0.0102927 -0.00401246 -0.0255856 0.00865289 0.011705 0.0081937 0.015684 0.000870243 0.033245 -0.0104482 0.00725348 0.00132535 0.0241492 -0.0286946 0.00644019 0.00254259 0.007914 -0.00378939 0.0414487 0.114807 0.0342199 0.0483974 0.0153052 0.0211883 0.00553145 0.0335287 0.0347544 -0.00426081 0.0260567 0.107133 0.00227349 0.00527205 0.0146237 0.0329551 0.00989938 0.0150253 0.013726 0.00856742 -0.00960175 0.0149788 -0.00714146 0.0381141 0.0647393 0.030288 0.0530987 -0.00819693 -0.00348811 0.0230064 0.0523377 0.0307317 -0.00400676 -0.0125397 0.00298922 0.0931027
internal_weight=24139.4 19667.6 4471.79 12203.3 7464.27 6573.48 2078.88 7721.61 3151.54 2274.68 451.185 4481.68 3864.23 3456.21 2126.81 476.315 689.841 617.456 1436.97 1823.5 358.547 1602.56 3024.24 2515.66 1903.6 1329.4 408.014 36.5997 371.414 271.975 362.388 3549.24 1411.19 140.427 890.793 1464.95 139.126 16.3602 4570.07 3685.8 315.028 192.815 2658.2 2116.06 2071.54 1563.62 395.786 160.691 1371.7 93.2481 65.9291 1433.17 327.453 1188.98 1041.2 154.56 80.5298 252.927 304.517 263.715 1349.33 43.5192
internal_count=785498 357951 427547 303970 53981 49813 138377 218206 137728 97741 22407 85764 65961 58865 30845 19202 8716 19803 22129 75334 8878 119175 25983 23618 18600 28020 7096 1393 5703 3743 4484 23830 22016 2476 4168 66456 4287 608 80478 59774 8306 3567 36420 14829 14583 12348 17318 5367 63590 2866 1328 9001 4232 25544 11352 2621 1884 2603 17310 16249 21329 572
is_linear=0
shrinkage=0.05


Tree=34
num_leaves=63
num_cat=0
split_feature=2 38 49 53 53 39 2 40 22 40 49 49 49 49 18 49 49 48 37 48 49 49 49 23 48 51 40 41 54 49 11 51 54 47 51 38 51 54 50 47 5 29 51 48 47 49 48 49 49 48 53 48 48 55 43 48 49 44 23 49 49 48
split_gain=2541.32 441.949 189.181 152.341 120.686 112.986 104.71 104.326 111.258 84.2844 122.066 86.3762 91.9198 107.416 97.1735 129.744 84.9207 86.454 77.6582 96.5818 141.502 82.0752 127.981 121.394 98.5688 96.4384 77.5031 78.2719 74.8473 74.4952 125.941 87.0666 151.827 72.3527 79.3636 71.5013 71.2758 69.7963 67.2386 94.8753 66.6432 86.8979 85.3377 82.5281 79.5798 66.1939 77.0891 78.2183 96.2507 92.924 79.7777 72.7175 66.6774 75.4758 68.433 66.6556 102.696 65.9489 64.7065 63.2192 150.996 79.0645
threshold=284.64483642578131 -11.647056579589842 254.46063232421878 545.16665649414074 123.83333206176759 -49.468404769897454 287.44978332519537 1.6666641235351565 1.0000000180025095e-35 0.78430938720703136 290.50280761718756 286.04714965820318 284.34808349609381 276.94873046875006 -46.86555099487304 285.39907836914068 289.42092895507818 -0.25980782508850092 249.45896911621097 -0.016086071729660031 265.70214843750006 267.93310546875006 267.04945373535162 -47.52575492858886 0.95832794904708873 63.55516433715821 13.588233947753908 10.955697536468508 -1.0000000180025095e-35 280.13768005371099 272.65019226074224 95.808483123779311 0.78656607866287243 0.079948484897613539 5.581451654434205 -43.82353210449218 65.581962585449233 0.12940952181816109 205.75521087646487 0.46482554078102117 217.3274841308594 3.2615575790405278 22.941861152648929 -0.043153882026672356 -2.5949630737304683 276.13734436035162 -0.55829647183418263 273.45858764648443 272.51168823242193 -0.51876229047775257 123.83333206176759 -0.07752364873886107 -0.091793358325958238 0.78656607866287243 -1.7713623046874998 0.086114823818206801 275.76867675781256 -5.4998550415039054 -41.070903778076165 268.30914306640631 259.93206787109381 -0.48480302095413202
decision_type=2 2 2 2 2 2 2 2 2 2 2 2 2 2 2 2 2 2 2 2 2 2 2 2 2 2 2 2 2 2 2 2 2 2 2 2 2 2 2 2 2 2 2 2 2 2 2 2 2 2 2 2 2 2 2 2 2 2 2 2 2 2
left_child=1 3 40 5 7 -1 38 -4 59 11 18 12 13 45 15 -14 -13 -18 26 -20 -21 22 23 -22 33 58 27 -11 36 -15 -31 -32 -33 34 -24 -27 -6 -16 -2 -40 -3 -42 44 -44 -43 46 -7 48 57 50 -49 -47 53 -50 -55 -51 -57 -48 -23 60 -9 -62
right_child=6 2 4 -5 28 9 -8 8 -10 10 -12 16 14 29 37 -17 17 -19 19 20 21 25 24 -25 -26 35 -28 -29 -30 30 31 32 -34 -35 -36 -37 -38 -39 39 -41 41 42 43 -45 -46 51 47 49 52 55 -52 -53 -54 54 -56 56 -58 -59 -60 -61 61 -63
leaf_value=-0.031863122995895818 -0.027770529794241123 0.047750497554466129 0.016500394729761888 0.016646338586728999 0.011373002601673685 0.036053747392506517 -0.045850792471377022 0.0056069196698412035 0.044440883699233116 0.010649195044758199 0.043139447034414379 -0.026664417833526962 0.0022664381300752001 -0.041925720630693532 -0.014505908081911982 0.23801423106491956 -0.0082931578670720468 0.094849934513357367 -0.026639883085474565 -0.033925935245601245 0.15978169739519629 -0.024310958860676798 -0.023779317240253492 -0.027370103188530351 -0.048335557111175223 0.13962326982582954 -0.040837948697808053 0.11094055437531739 0.02131295203551593 0.065639294126678377 -0.025747257644501666 -0.018914765202942909 0.23097277164293228 -0.0003468299022506957 0.12635096494092621 0.019171556346518261 -0.024249017688530328 0.04096752047412968 0.0062552102249830424 0.23362060095629067 0.064172554481241387 0.056231691910725461 0.026386808114550943 -0.037479428027853964 0.0090961125612822342 0.044706163535636029 0.020971846461668317 -0.0081127581799748019 0.16954022506715613 -0.037589684967380514 0.14724436433625288 -0.051167903172222223 -0.035211595337192973 0.10798050919078384 -0.018769353752822973 -0.047684046118450937 0.11006490438179635 -0.0051441797103473101 -0.0017356013346630933 0.0068896015498719669 0.013626902147567328 -0.02332471830953773
leaf_weight=396.38999395817518 723.23361212015152 400.54381413012743 1564.1488352967426 836.06257961317897 2353.8989647533745 170.24180471058935 2600.2822718434036 1564.155700199306 147.86774589121342 43.280107122845948 104.75749671179801 429.10753923654556 10.835036560893061 202.08407963439822 83.784392201341689 12.650120971724389 60.127450691536069 30.684055684134364 929.75082362256944 408.99421637225896 9.4810853665694577 505.18862572871149 10.162051039747892 100.61713946983218 16.501572298817337 13.197724744677542 28.240721380338073 35.339684128761292 2642.3771306825802 55.0484563941136 260.07795397005975 17.243247505277399 9.3880076054483634 20.127739058807492 65.81626405660063 185.35672096349299 149.3339719325304 175.42302469164133 25.202194284647707 5.6094581205397835 103.69798861443996 154.75301000662148 86.205930143594742 122.40499701537192 212.51416779123247 181.48916427977383 351.28023246861994 19.224871094338596 18.198296556249261 273.99514321424067 14.49284521397203 22.196599386632442 14.4454587129876 22.48187501821667 20.232713211327791 20.797820401377976 20.473501564003527 775.13783467188478 853.93247848562896 2126.9323225310072 168.82443576864898 1015.6680703526363
leaf_count=25055 69816 1938 10640 20513 26047 2391 319568 17316 664 767 2148 16766 312 7002 2036 297 1818 840 41222 19418 468 26419 324 4802 704 197 1144 907 23654 706 9636 462 152 621 1495 5054 1846 2727 1719 400 478 703 383 742 1146 2109 7087 371 280 7571 187 660 468 258 373 614 378 16730 30379 26118 1492 16838
internal_value=-0.000728274 0.0058293 0.0115492 -0.00352584 0.00970589 -0.00593575 -0.0410936 0.00522416 0.00171308 -0.00437902 -0.00997773 0.00132172 0.00485373 0.00176095 0.0318606 0.12925 -0.0173684 0.0265576 -0.0117026 -0.0131385 -0.00740495 -0.00131248 0.0270793 -0.0112536 0.0645579 -0.00537173 0.0302096 0.0557303 0.0154436 -0.0178604 -0.00363044 -0.0169303 0.0691752 0.0839419 0.106271 0.0271779 0.00924792 0.0230367 -0.0246888 0.0476485 0.0315732 0.0220383 0.0144512 -0.0110875 0.0289573 0.00730518 0.0041152 0.000609 0.00666022 -0.0202292 0.0586642 0.0342583 0.0613674 0.084271 0.0479426 -0.0286669 0.0305706 0.00300026 -0.0101269 0.000417221 -0.00459117 -0.018058
internal_weight=24002 20647.7 12813.3 7834.34 11733.2 6998.28 3354.33 6587.6 5023.45 6601.89 3330.74 3271.14 2751.22 2468.53 282.693 23.4852 519.919 90.8115 3225.99 3119.13 2189.38 1780.38 222.706 110.098 112.608 1557.68 106.861 78.6198 5145.61 543.842 341.758 286.709 26.6313 96.1061 75.9783 198.554 2503.23 259.207 754.045 30.8117 1080.12 679.576 575.878 208.611 367.267 1924.69 1721 1550.76 1201.78 348.984 33.7177 203.686 75.3583 60.9129 42.7146 315.266 41.2713 1126.42 1359.12 4875.58 2748.65 1184.49
internal_count=785376 393873 130005 263868 124615 243355 391503 73068 62428 218300 136069 82231 62807 57435 5372 609 19424 2658 133921 131103 89881 70463 8414 5270 3144 62049 2818 1674 51547 17958 10956 10250 614 2440 1819 5251 27893 4763 71935 2119 5390 3452 2974 1125 1849 39477 36708 34317 25196 9121 558 2769 1379 911 631 8563 992 23817 56798 61764 35646 18330
is_linear=0
shrinkage=0.05


Tree=35
num_leaves=63
num_cat=0
split_feature=2 36 39 52 40 17 36 35 48 17 29 36 29 53 49 38 49 49 24 53 49 49 35 47 54 38 48 39 2 49 49 1 48 49 49 48 42 1 48 23 49 38 53 54 38 52 48 48 47 39 49 31 47 32 48 54 24 34 55 40 40 36
split_gain=2383.94 434.995 162.492 153.252 147.067 162.775 136.464 97.5124 97.221 135.431 91.1934 92.839 86.9002 84.1059 122.073 122.087 82.9958 77.3089 84.2676 76.5835 74.1822 168.075 146.247 91.7231 102.384 90.8596 91.8498 86.0952 78.7262 76.6298 69.3086 85.5198 90.3803 69.0067 97.478 110.39 68.9872 68.5113 84.3268 68.0733 70.8353 65.1246 64.9427 64.3887 64.3529 64.2863 63.314 111.647 62.2054 61.0449 60.0251 59.7641 78.7002 58.0342 58.0227 66.3329 86.1386 70.6167 73.5454 57.8825 57.4724 79.7178
threshold=284.64483642578131 229.70588684082034 -49.468404769897454 57.570123672485359 0.78430938720703136 -34.913860321044915 282.64704895019537 -0.23971917480230329 -0.038633346557617181 -20.292682647705075 3.2083749771118169 199.11765289306643 -2.6497731208801265 212.86110687255862 255.59030914306643 -2.8235244750976558 274.13537597656256 273.60411071777349 11.40896797180176 545.16665649414074 267.04945373535162 261.09867858886724 13.9502010345459 -2.5949630737304683 1.0000000180025095e-35 -6.9411697387695304 1.0000000180025095e-35 -35.968046188354485 244.84070587158206 290.50280761718756 267.78880310058599 274.17994689941412 0.89492958784103405 267.04945373535162 261.09867858886724 -0.48480302095413202 -20.191040039062496 269.34700012207037 0.1227008104324341 -47.52575492858886 265.41934204101568 -5.1176528930664054 1089.1666564941409 -0.37940952181816096 -44.764709472656243 21.587633132934574 0.90649205446243297 0.31611293554306036 -0.31770890951156611 -19.02614593505859 247.43756103515628 19.417458534240726 -0.87350952625274647 13.45307493209839 0.89492958784103405 -0.7865660786628722 25.537384033203129 9.7627468109130877 0.12940952181816107 8.2941284179687518 19.470581054687504 213.23529815673831
decision_type=2 2 2 2 2 2 2 2 2 2 2 2 2 2 2 2 2 2 2 2 2 2 2 2 2 2 2 2 2 2 2 2 2 2 2 2 2 2 2 2 2 2 2 2 2 2 2 2 2 2 2 2 2 2 2 2 2 2 2 2 2 2
left_child=1 3 -3 10 5 7 42 12 9 -6 49 -12 -4 14 15 -13 17 18 -11 50 21 22 25 -22 28 26 -10 29 -25 -26 31 32 -30 34 45 -36 -29 38 -28 40 -23 59 -2 60 -14 -16 47 -35 -42 -1 -7 52 -33 -31 55 57 -57 58 -32 -38 -15 -62
right_child=6 2 4 -5 8 19 -8 -9 20 16 11 13 44 43 33 -17 -18 -19 -20 -21 23 39 -24 24 27 -27 37 36 30 53 54 51 -34 46 35 -37 41 -39 -40 -41 48 -43 -44 -45 -46 -47 -48 -49 -50 -51 -52 -53 -54 -55 -56 56 -58 -59 -60 -61 61 -63
leaf_value=0.012863765089495539 -0.025729588791905362 -0.030609401176471668 -0.019843241294042486 -0.014012810119848366 -0.035082793618694937 0.093040752688465123 -0.046453197630139269 -0.026616474318414886 0.15370265697433871 0.0054284037473372225 0.058396567048015394 0.0015557395607474632 0.13514985097754795 0.020012883805768281 0.0031076130373119187 0.041604299338417257 -0.026290050793079545 0.11201387242853755 -0.03121918807422587 0.031953900381524396 -0.013471679006114521 -0.051098794792251948 -0.0061262780738575119 -0.0036961245480366233 -0.020576125266537362 -0.015147977441826955 -0.030200618824408693 0.14741265386363309 -0.036447183873645261 0.16640469962649129 0.070820473089541786 0.10888778688984441 0.079055439702633498 0.0056101433968896441 0.019891374951012494 -0.023558533602714565 0.020826994660717968 -0.042312221738392268 0.098803124418599009 -0.034898018272405316 0.004162978323429563 0.072385438643964239 0.045027188942291151 0.030058240274300416 0.019063539787659636 0.028378565273122949 -0.017402973492123389 0.031753105866378216 0.2020020715535826 0.036328111782362914 0.0087518067580805645 0.024987268841527376 0.32826858758135979 0.01623921069697273 -0.0093709463404026659 0.054641638542708752 -0.009198934113186303 -0.0091413219573165515 -0.011559593093988354 -0.0073910738649504652 0.032680663194868405 -0.027096467763303295
leaf_weight=424.56833907961845 781.52394181210548 435.11431710980833 191.14197669550776 462.1904912237078 532.29711138643324 21.253673546016216 2413.3906017574482 498.80254582222551 26.165421700105071 946.04303022380918 112.97144915163517 298.28330934792757 12.562553614377974 606.40072991140187 1450.6759963463992 525.65256474167109 372.59283489175141 15.434276237152515 188.0365076335147 417.59787706378847 605.99106691591442 11.054803466424348 577.48554456979036 284.23234568536282 530.29900079686195 41.222075307741761 16.5122797684744 8.9665967952460033 25.629490379244089 9.0986813325434941 74.098372801207006 9.9142012689262664 49.935886237770319 997.78796464018524 190.69281328096986 626.25560225825757 317.7657716833055 17.259539206512272 54.408767464570701 530.93819742556661 7.1995344804599926 37.312232542783022 33.832952882163227 1043.8108793180436 240.28603889700025 304.48151055537164 151.77624829113483 691.3655801191926 8.8663086518645251 798.50443691946566 3405.3677206570283 6.9345908761024466 6.9565929500386128 21.96965182852 126.77827346976846 279.59644065797329 65.149619710631669 181.49079067725688 42.707976310513914 424.51720219291747 81.6112623475492 176.16255654022098
leaf_count=3142 73290 26816 7848 4119 28384 93 318119 25814 475 14948 558 2156 254 5162 13155 2566 8861 368 5903 5333 20823 657 16583 5362 23463 497 354 89 852 216 2466 332 671 8147 1139 7902 7892 1035 983 21423 323 308 943 7564 4802 2634 2093 6114 342 4204 54259 161 218 485 4373 6420 1639 6606 1486 10419 422 1843
internal_value=-0.000528838 0.00572654 -0.000628909 0.0140248 0.000531479 0.00717227 -0.0404784 -0.0114455 -0.00439342 -0.0133742 0.0155527 0.0134244 0.00559844 0.0127133 0.00943889 0.0271058 -0.00578243 0.000864722 -0.000647965 0.0117383 -0.000200657 -0.0102752 0.0054651 0.00398264 0.00820784 0.0484936 0.0714365 -0.00113898 0.019147 -0.0161047 0.0266169 0.065915 0.0398804 0.00614039 0.000850807 -0.0134164 0.00951494 0.0470261 0.0687677 -0.0309512 0.0463152 0.0079289 -0.0227936 0.0217007 0.0248312 0.00749157 0.0135309 0.0163104 0.113345 0.0281829 0.00927461 0.148556 0.199348 0.0602167 0.0215442 0.0276392 0.0425771 0.0103753 0.0406998 0.00468887 0.0116059 -0.00817101
internal_weight=23848.9 20620.2 11677 8943.19 11241.9 4787.01 3228.75 942.793 6454.86 2054.4 8481 7257.93 443.991 7144.96 5236.97 823.936 1522.11 1149.51 1134.08 3844.22 4400.46 1291.11 733.054 3109.34 2503.35 155.568 114.346 1349.93 1153.42 561.367 869.192 99.3708 75.5654 4413.04 2572.11 816.948 788.562 88.1806 70.921 558.059 27.1206 779.595 815.357 1907.99 252.849 1755.16 1840.93 1689.15 16.0658 1223.07 3426.62 23.8054 16.8708 31.0683 769.821 643.043 344.746 298.297 116.806 742.283 864.175 257.774
internal_count=785908 393556 320636 72920 293820 98403 392352 38718 195417 58464 68801 61455 12904 60897 45906 4722 30080 21219 20851 59685 136953 42672 19927 94281 73458 3344 2847 42872 30586 24164 25224 2234 1523 41184 24830 9041 18708 2372 1337 22745 1322 18619 74233 14991 5056 15789 16354 14261 665 7346 54352 711 550 701 22990 18617 8059 10558 3952 18311 7427 2265
is_linear=0
shrinkage=0.05


Tree=36
num_leaves=63
num_cat=0
split_feature=2 17 49 53 36 36 35 53 30 38 26 47 54 49 54 47 4 49 54 53 51 54 42 36 29 49 49 55 51 40 37 5 49 49 51 55 55 32 22 40 55 40 32 5 47 49 49 51 45 29 35 34 49 28 55 35 17 28 49 51 4 1
split_gain=2229.3 409.39 159.169 138.624 133.417 127.334 107.691 97.574 95.2869 134.091 84.8323 80.2238 85.1661 92.6174 79.314 77.8086 100.738 72.5469 123.634 71.5068 63.3764 62.9901 73.5264 62.9658 73.9894 73.0579 59.2116 56.791 61.8574 56.7684 55.5348 54.1237 53.8629 168.254 118.862 92.3281 85.8395 86.6159 71.2992 53.4347 82.101 53.0703 99.8453 74.1482 73.758 52.2735 91.5501 81.3652 54.6829 51.7977 60.9834 51.7772 52.9713 66.8082 51.6963 69.7779 51.5442 58.7439 51.3474 49.5256 49.5043 48.0747
threshold=284.92707824707037 -13.95042037963867 247.43756103515628 545.16665649414074 283.23529052734381 215.00000000000003 3.7027579545974736 233.16666412353518 0.11173629760742189 -36.352928161621087 -2.6791095733642574 -4.4585323333740225 0.37940952181816107 265.70214843750006 -0.37940952181816096 1.2290768623352053 262.29345703125006 267.78880310058599 -0.6035533845424651 956.33334350585949 62.29881668090821 -0.37940952181816096 23.419822692871097 199.11765289306643 4.8646564483642587 254.46063232421878 290.03321838378912 0.98296290636062633 20.429447174072269 7.0784301757812509 268.13000488281256 250.52107238769534 267.04945373535162 260.24180603027349 46.128787994384773 0.60355338454246532 0.12940952181816107 23.059576988220218 -21.081736564636227 19.470581054687504 -0.6035533845424651 7.4705810546875009 18.777153015136722 260.28181457519537 -0.51225769519805897 275.76867675781256 275.89672851562506 65.581962585449233 -0.43725776672363276 16.001280784606937 2.5113265514373784 10.855023860931398 268.95562744140631 6.8286952972412118 -0.6035533845424651 28.49505710601807 0.44061279296875006 33.410676956176765 276.94873046875006 8.1547160148620623 239.52727508544925 273.76408386230474
decision_type=2 2 2 2 2 2 2 2 2 2 2 2 2 2 2 2 2 2 2 2 2 2 2 2 2 2 2 2 2 2 2 2 2 2 2 2 2 2 2 2 2 2 2 2 2 2 2 2 2 2 2 2 2 2 2 2 2 2 2 2 2 2
left_child=1 3 20 8 19 23 -7 32 10 29 -1 -11 13 -13 39 31 -17 18 -15 -2 -3 22 -19 -4 -25 -26 30 41 -29 -10 -18 -14 33 38 35 -35 37 -34 -8 40 -9 -20 43 -43 -44 -32 -47 -48 -49 50 61 52 53 -38 55 -27 57 -57 -21 -12 -40 -23
right_child=4 2 5 -5 -6 6 7 14 9 11 59 12 15 17 -16 16 26 21 27 58 -22 49 -24 24 25 54 -28 28 -30 -31 45 -33 36 34 -36 -37 51 -39 60 -41 -42 42 44 -45 -46 46 47 48 -50 -51 -52 -53 -54 -55 -56 56 -58 -59 -60 -61 -62 -63
leaf_value=-0.025777368080500726 -0.026440561612974273 0.038050348286989347 0.054992088523103479 0.015191056104925868 -0.047030489921183465 0.019729164602269197 -0.024596008269965025 0.037135643065444028 -0.036760038028750004 -0.032264458433952675 -0.010580281501125447 -0.020650104206441849 -0.0009511252825383852 -0.023718702708476869 0.021747339365218703 -0.018900625173455855 0.089544214213785847 0.0074042290341586924 -0.01680530349264513 0.13738438786534665 -0.020664451059373118 0.028037589287536718 0.065206846703331711 0.033802685720371685 0.047607768520835619 0.062329154160068748 0.12253223041288884 0.15218355499674707 0.030297198907355345 -0.0067316498090475504 -0.018813390412672975 -0.026689867476651537 0.01935048368971666 -0.038290953886004439 0.026243801259708988 -0.0048252413289750322 0.015975070915292842 -0.0047956733895949443 0.0055008104969838578 -0.026449939035876942 -0.00055463185967347974 0.067277404076804659 0.07340083762894678 0.2932077735503793 -0.025028679056111378 0.13263190559289578 -0.0041816049992200472 0.19797260345347512 0.035463820814291336 0.018672071467826665 -0.024058732229964054 -0.019160749070505394 -0.0023941015489283737 0.11134481387614473 0.0043487854281825606 0.019983124434619512 0.038535666021714904 -0.012872483007936572 0.0061465724480266222 0.016157351405382461 0.037574896672132846 -0.022109196924050285
leaf_weight=185.05833728332072 770.64121019560844 639.84754667431116 112.5108949393034 810.82098595891148 2217.1238599070348 1319.9785069301724 187.6293737180531 183.13306317292154 580.80093902628869 279.12339045200497 216.15449733007699 396.13057536445558 266.83669249806553 71.609311630018055 1244.9446261757985 279.87056419532746 24.733440145850182 909.79670528881252 33.070541862398386 10.792118536308406 49.515872396528721 125.10340670496225 58.556904596276581 523.94003783911467 142.83753955364227 88.081874195486307 14.373834679834543 26.257579528726637 17.246208164840937 215.89846832677722 91.26886516623199 870.73431549500674 1343.9333772398531 580.31733168102801 121.69709478132427 319.60463127121329 116.30705160647631 513.23338415846229 1704.8669678047299 134.68925209902227 684.69266586005688 7.4552990682423097 48.612225597724319 7.0805461220443249 31.278881915844977 18.7392482990399 103.61176258698106 8.8678871877491492 12.435713415965436 148.71732587739825 459.40681772027165 392.65316675230861 835.48537667281926 21.806065283715725 1290.635036226362 378.723493732512 183.19727911055088 212.31219436228275 24.089924179483205 871.33254010416567 129.43586868420243 77.340147850103676
leaf_count=6953 76945 2930 570 20341 307563 8341 3666 2401 42849 13189 4376 15653 7971 3121 14481 11149 612 31257 1084 303 261 1245 1687 2279 730 443 242 308 203 10042 3442 33823 17922 13225 1976 3915 1429 8274 19212 2016 8455 234 724 196 1110 312 3925 145 345 3484 18297 6577 9648 352 6222 2054 776 1141 869 17749 1922 2516
internal_value=-0.000584638 0.00526601 0.0104309 -0.00429578 -0.0406987 0.0091672 0.00644055 0.00438043 -0.0067426 -0.00975157 0.00551739 -0.00632549 -0.00456352 0.0014574 0.0133185 -0.0131694 0.00219888 0.00578949 0.031438 -0.0232711 0.033833 0.00229152 0.0108996 0.0183121 0.0168485 0.0129793 0.023748 0.0545357 0.103864 -0.0286226 0.0182796 -0.0206524 0.00117508 -0.00359531 -0.020134 -0.0264057 0.00567928 0.0126776 0.00476117 0.00285132 0.00739896 0.0377042 0.0567947 0.17733 0.0348638 0.0107767 0.0295763 0.0141164 0.10311 -0.0079922 -0.0139836 -0.00383367 0.00234775 0.0310326 0.0106818 0.0201606 0.0153632 0.00818071 0.0467501 0.0108428 0.00776409 0.00887985
internal_weight=23747 20724.3 13456 7268.32 3022.65 12766.6 9834.41 8514.43 6457.5 5184.96 1272.55 4388.26 4109.13 2417.66 2247.46 1691.47 553.901 2021.53 242.611 805.523 689.363 1778.92 968.354 2932.24 2819.73 2295.79 274.031 171.001 43.5038 796.699 259.657 1137.57 6266.97 3043.55 1021.62 899.922 3223.42 1857.17 2021.93 1002.51 867.826 127.497 94.427 14.5358 79.8911 234.923 143.655 124.915 21.3036 810.568 661.85 1366.25 973.598 138.113 2152.95 862.315 774.233 591.036 34.882 1087.49 1834.3 202.444
internal_count=785482 399802 141218 258584 385680 138027 123812 115471 238243 209165 29078 156274 143085 81119 27353 61966 20172 65466 6980 78117 3191 58486 32944 14215 13645 11366 9023 3859 511 52891 8781 41794 88118 43916 19116 17140 44202 26196 24800 12872 10856 3348 2264 430 1834 8169 4727 4415 490 25542 22058 18006 11429 1781 10636 4414 3971 3195 1172 22125 21134 3761
is_linear=0
shrinkage=0.05


Tree=37
num_leaves=63
num_cat=0
split_feature=3 39 49 16 49 48 49 49 34 48 49 49 50 48 35 48 46 51 39 44 6 50 51 49 49 48 29 48 49 49 23 52 17 48 49 4 49 48 49 23 52 29 38 2 11 49 35 48 48 49 25 48 48 15 35 39 11 29 39 46 26 15
split_gain=2082.56 380.433 185.632 141.056 116.02 178.55 129.226 142.464 131.748 123.975 123.663 136.221 130.409 115.793 106.662 106.514 113.673 97.99 95.1585 94.8029 81.5752 77.5366 76.4897 74.3983 259.389 80.226 74.2828 74.2027 72.7614 100.694 99.8962 69.7922 66.2567 65.9274 86.4129 161.748 157.077 103.978 99.3912 63.5241 88.1685 63.4156 73.4376 63.3306 84.8854 62.9149 105.36 69.0844 62.3588 76.2857 62.1254 61.2187 60.8013 60.7837 60.2769 60.0625 114.315 75.2146 59.6284 59.3946 81.4132 59.1803
threshold=284.16279602050787 -38.37908744812011 254.46063232421878 1.0000000180025095e-35 270.15548706054693 -0.46314680576324457 274.13537597656256 273.86521911621099 5.908161163330079 1.0000000180025095e-35 260.66418457031256 267.04945373535162 80.144050598144545 -0.39245748519897455 10.671887874603273 0.91066169738769542 3.6981229782104497 24.001129150390629 -49.468404769897454 -3.3457202911376949 264.48999023437506 92.951648712158217 25.753327369689945 275.10462951660162 275.32183837890631 0.13203227519989016 7.0505065917968759 -0.091793358325958238 272.51168823242193 272.37759399414068 -19.018526077270504 38.534135818481452 -1.8849182128906248 -0.53677642345428456 280.31988525390631 238.92312622070315 285.95608520507818 -0.37438794970512385 288.72994995117193 -28.772323608398434 9.9530663490295428 1.9835796356201174 -2.1764755249023433 288.20547485351568 289.75788879394537 261.33148193359381 6.6697025299072275 -0.47515141963958735 0.91066169738769542 261.33148193359381 -0.28494548797607416 -0.071447014808654771 -0.36422622203826899 -13.795028686523436 5.9736292362213144 -29.985479354858395 253.43865966796878 19.254547119140629 -16.246913909912106 1.6814026832580569 -0.22964239120483396 -8.0289611816406232
decision_type=2 2 2 2 2 2 2 2 2 2 2 2 2 2 2 2 2 2 2 2 2 2 2 2 2 2 2 2 2 2 2 2 2 2 2 2 2 2 2 2 2 2 2 2 2 2 2 2 2 2 2 2 2 2 2 2 2 2 2 2 2 2
left_child=1 18 41 4 5 45 7 8 20 14 22 12 27 32 33 16 28 39 -1 43 -6 -20 -7 -11 25 -25 50 -12 29 52 -31 58 -10 -8 35 -35 37 -36 -38 40 -13 -3 -43 44 -2 46 47 -4 49 -28 -23 -9 -15 -41 61 -18 -57 -58 -24 60 -26 -33
right_child=19 2 3 -5 6 10 9 51 13 23 11 17 -14 15 -16 -17 55 -19 21 -21 -22 26 31 24 59 -27 48 -29 -30 30 -32 54 -34 34 36 -37 38 -39 -40 53 -42 42 -44 -45 -46 -47 -48 -49 -50 -51 -52 -53 -54 -55 -56 56 57 -59 -60 -61 -62 -63
leaf_value=-0.029905276462823899 -0.02329614725348654 0.074903497372967823 0.037696817718556208 0.022516373056794003 0.045895643454285838 -0.00044074120778901573 -0.01776430708043308 0.17522249723109609 -0.035236308166229621 -0.040859242824416719 -0.011483967315915737 -0.001202672176806421 0.0067030283054793464 0.11076303195426994 -0.046980187887521591 -0.03490502125231984 0.0036493106499389805 -0.013950534198865015 -0.010005308414824301 -0.046628149596121285 0.015276918169395429 0.025816762987546756 -0.00064357666730418812 0.23807523414465936 0.11851560218278163 0.078753249771250727 0.19766909051176759 -0.035723473541835464 -0.030687454062684083 0.00056594518537653475 0.15535438545061753 0.07900088617353257 0.071253301355566109 0.020205607715876317 0.056692924845734322 -0.022831818032758064 -0.031938926507807101 0.012241696661257991 0.041333628473895802 -0.025900790843640459 0.057097131289673787 0.011619994797336747 0.038576554899498655 -0.0377260584701051 0.037904873043039328 0.012528009544649452 -0.030078164513681144 0.1002140937318734 -0.024041994832085717 0.040948757602744662 -0.012760655053231021 0.062808074719906862 0.0041610190018316973 0.010170782475057306 -0.015146375282609932 0.031617285397885594 0.11683308681456682 -0.027826247929068171 0.031025377023257406 0.020974639372070138 -0.0024027185447016652 -0.0058446360436384716
leaf_weight=487.50779371662065 238.70830211183056 67.62124228477478 192.05614318046719 1275.3968053087592 505.04028807207942 2339.702924316749 427.99582434911281 17.732825595885515 186.72481487039477 57.696661322377622 523.21871640812606 113.91307062655687 392.96635728515685 13.751172462478278 129.20363926142454 101.66372271347791 93.005595168098807 645.84269384387881 2820.8380133938044 2055.2425021980889 382.12036296632141 148.1298737116158 196.31688525620848 15.872301016002895 14.292877176776527 15.733898838981984 8.2057779822498542 796.15021681971848 113.60713373683393 18.587031491100788 23.732400609180331 38.579938247799873 15.84640848264098 355.01574222557247 235.07526009809226 566.9770825933665 204.19091382995248 298.74573143664747 59.845695116557181 142.38072927668691 150.57419216819108 513.24319262243807 497.62161573767662 476.01501647150144 74.289961647707969 868.7288235751912 46.257024293765426 57.39549582824111 35.686933191493154 144.50062198424712 353.20813115593046 38.201463458128273 490.10797880869359 649.72208217345178 264.01753583550453 239.71637806482613 74.121360888704658 10.225230898708103 611.99185467138886 1073.4901396203786 534.10435167513788 43.982540190219879
leaf_count=33361 21930 347 1203 5900 3596 29742 9215 230 3993 1498 8580 3006 6912 216 3554 1968 2673 10784 114459 291552 5142 3762 4500 234 150 169 301 22063 2329 441 165 325 85 2229 2489 10960 4216 3912 840 3382 3055 3007 2370 59305 6565 11226 808 311 1106 3537 13010 621 7151 8521 3481 2342 1455 277 5356 19466 9838 257
internal_value=-0.000850878 0.00465179 0.00796135 0.00657967 0.00516682 0.00119653 0.0102449 0.0196163 0.0176723 0.0047837 -0.00185593 -0.00862281 -0.0185804 0.00801435 -0.00285835 0.0140167 0.0186353 0.00139266 -0.00920547 -0.0409722 0.0327075 -0.00633092 0.00475638 0.0149528 0.0169003 0.158763 0.00869647 -0.0261109 0.00571945 0.0132922 0.0873701 0.0152853 -0.026906 -0.000204204 0.00416574 -0.00626014 0.0162137 0.0318164 -0.0153312 0.0107712 0.0319878 0.0280258 0.02489 -0.0262394 -0.00877012 0.0193088 0.0392292 0.0520812 0.0354639 0.0493702 -0.00136222 0.0984468 0.00707037 0.00368691 -0.00348584 0.0390676 0.0492326 0.0992962 0.0233338 0.0141358 0.000748776 0.0338021
internal_weight=23582.4 20738.2 16740.1 15661.6 14386.2 8073.8 6312.42 2324.18 2268.25 3988.24 6909.36 3414.77 1712.34 1381.09 2277.05 1178.52 1076.85 1702.43 3998.08 2844.26 887.161 3510.57 3494.59 1711.19 1653.49 31.6062 689.731 1319.37 659.786 546.179 42.3194 1154.89 202.571 2147.85 1719.85 921.993 797.858 533.821 264.037 1056.59 264.487 1078.49 1010.86 789.013 312.998 1164.44 295.709 249.452 188.393 152.706 501.338 55.9343 503.859 792.103 346.58 417.069 324.063 84.3466 808.309 1621.89 548.397 82.5625
internal_count=785478 406126 236590 230866 224966 123512 101454 32684 31833 68770 109964 66303 37555 23095 37415 19017 17049 28748 169536 379352 8738 136175 43661 31355 29857 403 21716 30643 10302 7973 606 13919 4078 33861 24646 13189 11457 6401 5056 17964 6061 5724 5377 87800 28495 13548 2322 1514 4944 3838 16772 851 7367 11903 4063 6747 4074 1732 9856 29454 9988 582
is_linear=0
shrinkage=0.05


Tree=38
num_leaves=63
num_cat=0
split_feature=2 38 49 36 36 41 55 50 38 41 55 49 29 36 51 43 29 49 29 24 38 49 52 39 42 17 49 49 23 20 42 49 49 52 51 49 51 49 52 29 55 49 49 49 49 40 22 40 49 55 49 40 49 5 39 41 40 27 23 35 49 42
split_gain=1951.17 350.081 144.586 138.991 116.069 129.185 108.846 103.317 111.929 90.6796 116.119 98.9379 88.8416 81.2907 81.0404 79.4744 71.8901 91.3376 71.5427 64.7846 61.6473 79.0016 78.6503 78.209 63.2371 59.5331 59.4052 71.7029 123.796 56.4275 55.1942 70.0634 76.0102 91.7112 73.4775 105.422 54.2285 66.3011 87.5225 59.7205 74.1743 109.596 107.101 64.4952 74.9061 84.2896 80.4224 63.8058 56.4362 53.7267 60.3695 54.3255 67.4263 52.2126 97.8997 62.7436 60.247 59.8519 53.9996 51.5215 69.6097 50.7905
threshold=284.92707824707037 -18.176483154296871 254.46063232421878 283.23529052734381 209.11765289306643 8.7145981788635272 0.37940952181816107 92.082485198974624 -37.647056579589837 2.5136741399765019 1.0000000180025095e-35 265.70214843750006 31.354249954223636 215.58823394775393 63.49690246582032 19.185226440429691 14.724085807800295 290.03321838378912 2.3509883880615239 25.033315658569339 -6.7058792114257804 271.58435058593756 57.570123672485359 -17.941901206970211 -25.998664855957028 -6.8762435913085929 273.45858764648443 272.37759399414068 -17.974797248840328 -7.3157584667205802 11.080017089843752 275.89672851562506 270.38075256347662 25.674154281616214 17.234898567199711 265.70214843750006 39.430601119995124 263.99104309082037 35.329317092895515 15.350136756896974 -0.91597560048103321 269.97990417480474 258.38572692871099 263.06666564941412 258.98173522949224 19.96079254150391 -2.5371886491775508 19.470581054687504 270.49778747558599 -0.37940952181816096 258.38572692871099 3.5882263183593754 267.93310546875006 263.05389404296881 -31.511981964111325 -0.42216905951499933 -2.7254943847656246 -0.68116712570190419 -45.455223083496087 -0.32882824540138239 276.94873046875006 4.4444503784179696
decision_type=2 2 2 2 2 2 2 2 2 2 2 2 2 2 2 2 2 2 2 2 2 2 2 2 2 2 2 2 2 2 2 2 2 2 2 2 2 2 2 2 2 2 2 2 2 2 2 2 2 2 2 2 2 2 2 2 2 2 2 2 2 2
left_child=1 7 13 -2 29 30 12 8 59 53 11 -11 15 -3 18 20 17 -13 -15 -18 21 23 36 24 -7 -12 27 -8 -29 -4 31 32 34 -34 -6 -36 39 38 -38 49 43 42 47 44 46 -46 -41 -42 -43 50 -22 52 -51 54 -10 56 -55 -58 -57 60 -1 -31
right_child=3 2 4 -5 5 6 26 -9 9 10 25 16 -14 14 -16 -17 19 -19 -20 -21 22 -23 -24 -25 -26 -27 -28 28 -30 61 -32 -33 33 -35 35 -37 37 -39 -40 40 41 48 -44 -45 45 -47 -48 -49 -50 51 -52 -53 -54 55 -56 58 57 -59 -60 -61 -62 -63
leaf_value=0.021373295191092424 -0.021932005938493156 0.049724716010957716 -0.023024540472370278 -0.046884255279654952 -0.0024356867632499132 0.12358913407018302 -0.0092109982003842142 0.0073748556927955653 0.036962167540771813 -0.039126916960182001 -0.027905592487010519 -0.010196399139682445 -0.020183754085995976 0.080370977377828293 -0.050534410459156555 -0.028849087278718755 0.039253311860313257 0.046765761702705341 0.017779730931692633 -0.0076577136219623367 0.059057920395994806 0.012953527864389788 -0.017581959295888003 0.009460275249204694 -0.018770545700527736 0.023967569479622933 -0.031139993321728055 -0.026137901867789682 0.10576427518608317 0.020809837191806888 0.022572451820943945 -0.0032090515248199784 0.033791050221108093 -0.0022880783077653764 0.024675686340873394 -0.010837157312822423 0.058318589912165 0.0098056800568923387 -0.0018345624077566393 -0.0033680227111316553 0.028201815509194331 0.063668961352699643 -0.025960073777399034 -0.0068123534874234551 0.02562279071945231 0.099609454884627913 0.064559121408817005 -0.0079786006105153351 0.010517450285899505 0.097625847658824469 0.020037592745530734 0.0016432111354175245 0.016530807227214974 -0.0015400056975796046 -0.0106411467289288 0.030849655484884733 0.023448466379583994 0.11149490563988962 -0.022362485586093533 -0.033105776895181065 -0.03361133339399891 0.051091076841018795
leaf_weight=117.78045420069247 769.98380503477529 272.14942881464958 62.845013275742531 2028.0440401635133 966.10741492267698 7.8773292303085318 957.02553704753518 1121.8878029179759 276.8626772146672 157.68059754837304 920.88166292291135 740.36100328341126 347.06593819800764 48.771408699452877 40.814674602821469 161.28493674192578 212.56364316213876 77.766784298233688 714.23920549638569 112.57484985329211 119.17681852728128 671.81142816320062 243.1458926834166 407.69353181309998 802.74100009538233 58.84567126724869 292.6387247974053 34.052905038930476 37.244304472580552 837.87397193163633 1008.9240370206535 853.72781430929899 707.4076187396422 234.53319319244474 880.91736489720643 273.97019951511174 221.77819354832172 339.97305436618626 83.139257593080401 195.29937776736915 198.06536222435534 74.399079533293843 538.06276934593916 184.02027781121433 95.102528745308518 64.673550138249993 56.088504426181316 316.71138130687177 151.92588991113007 33.61529559828341 589.08463048934937 657.70035737007856 107.92681715451181 304.50135051738471 177.08931980840862 54.37660298217088 113.83193583600223 23.242727866396308 386.96917817788199 634.41228351881728 112.58020104235038 165.89373375475407
leaf_count=2251 78235 1466 306 308132 8740 45 16932 34783 3540 8730 43354 33926 3569 225 262 3555 5046 1506 3663 2847 761 17445 2782 8895 26755 686 6609 872 282 3635 10640 9247 5742 1977 6856 2771 1984 3243 900 1939 2095 498 7533 2842 1230 710 287 3514 1281 230 5823 6632 823 7443 2541 2357 1901 252 12837 44048 5363 735
internal_value=-0.000833255 0.00447314 0.0084437 -0.0400177 0.0070845 0.0057753 0.00184881 -0.00619504 -0.00959147 -0.00572839 -0.0117892 -0.00199854 0.00444631 0.0261054 0.0181087 0.00579861 0.00312225 -0.00478189 0.0217805 0.023011 0.00670577 -0.000812176 0.0100337 -0.00840297 -0.0173871 -0.0247899 -0.0112637 -0.0056073 0.0427653 0.0229368 0.0121441 0.00945775 0.0129883 0.0248077 0.00773931 0.0162511 0.0117012 0.0249886 0.0419171 0.0091674 0.00320861 -0.00357614 -0.0103618 0.0177903 0.0288015 0.0555708 0.0117876 0.00594217 0.0279898 0.0165762 0.0266034 0.00769051 0.0357903 0.00461122 0.0183918 -0.00247405 0.0108514 0.0383778 -0.0158064 -0.0257516 -0.0054984 0.0258144
internal_weight=23459.7 20661.7 15057.5 2798.03 13981.5 12914.9 7989.32 5604.21 4482.32 3617.55 2280.67 1300.95 6668.36 1075.97 803.825 6321.3 1143.27 818.128 763.011 325.138 6160.01 1890.12 4269.89 1218.31 810.618 979.727 1320.96 1028.32 71.2972 1066.61 4925.59 3916.66 3062.94 941.941 2120.99 1154.89 4026.74 644.891 304.917 3381.85 1874.35 1279.16 1052.84 595.184 411.164 159.776 251.388 514.777 226.325 1507.5 708.261 799.242 141.542 1336.87 453.952 882.922 441.576 137.075 441.346 864.773 230.361 1003.77
internal_count=786109 399742 186331 386367 180715 176039 130066 213411 178628 126966 96095 52055 105371 5616 4150 101802 43325 35432 3888 7893 98247 53140 45107 35695 26800 44040 24695 18086 1154 4676 45973 35333 26086 7719 18367 9627 42325 6127 2884 36198 21929 14921 13142 7008 4166 1940 2226 5609 1779 14269 6584 7685 1053 30871 6081 24790 9596 2153 15194 51662 7614 4370
is_linear=0
shrinkage=0.05


Tree=39
num_leaves=63
num_cat=0
split_feature=2 36 12 36 53 51 49 49 54 26 53 49 48 47 49 38 55 49 54 40 54 40 29 49 49 49 43 49 49 49 49 17 49 55 48 49 49 55 48 48 42 17 37 48 54 38 36 29 49 48 12 41 53 36 49 49 48 36 23 12 28 22
split_gain=1848.23 333.247 132.117 128.223 109.333 92.2976 92.1804 117.993 124.981 117.553 92.9026 89.0637 86.9888 85.0167 83.8698 83.2455 81.7487 79.2328 78.2687 74.5133 73.6783 118.329 111.743 110.86 124.621 78.7009 90.2354 118.09 76.9058 69.6526 77.549 67.7217 95.5879 67.4717 65.4978 65.3497 70.1169 64.1969 78.7726 61.5093 60.8563 79.2594 81.9449 58.8559 58.0006 57.4437 56.8192 60.9158 76.7414 151.022 69.0404 58.0357 55.8585 55.5266 55.484 54.1058 53.7843 53.6805 53.0379 52.5886 50.8764 68.2592
threshold=284.92707824707037 225.58824157714847 -37.321014404296868 283.23529052734381 344.16667175292974 92.47949600219728 270.65731811523443 259.72676086425787 0.78656607866287243 16.021578788757328 17.208333015441898 273.35858154296881 -0.57820284366607655 -4.4585323333740225 279.94920349121099 -3.6470565795898433 0.91597560048103344 247.43756103515628 -1.0000000180025095e-35 2.7843093872070317 -0.37940952181816096 -0.88235473632812489 7.7820682525634775 267.04945373535162 275.32183837890631 285.39907836914068 8.929725646972658 286.04714965820318 266.37236022949224 270.15548706054693 286.31919860839849 -45.287057876586907 270.94653320312506 1.0000000180025095e-35 0.34327137470245367 270.15548706054693 275.76867675781256 0.98296290636062633 -0.49531143903732294 0.95832794904708873 2.3881530761718754 -0.70683670043945301 244.07044982910159 0.16143232583999637 0.12940952181816109 -2.8235244750976558 199.11765289306643 3.7105216979980473 261.63801574707037 -0.42335101962089533 -11.742036819458006 8.6124472618103045 812.47619628906261 278.52941894531256 273.35858154296881 288.23182678222662 0.97297734022140514 221.47058868408206 -25.53857326507568 -44.575483322143548 33.410676956176765 1.0000000180025095e-35
decision_type=2 2 2 2 2 2 2 2 2 2 2 2 2 2 2 2 2 2 2 2 2 2 2 2 2 2 2 2 2 2 2 2 2 2 2 2 2 2 2 2 2 2 2 2 2 2 2 2 2 2 2 2 2 2 2 2 2 2 2 2 2 2
left_child=1 5 13 52 6 17 7 8 9 10 -4 15 55 -3 -14 19 -16 45 40 33 23 28 -23 -15 31 34 53 -28 -22 -30 43 32 -25 -8 -26 46 -37 -9 -39 44 56 42 54 -31 -24 -1 -20 50 60 57 -48 -51 -2 -27 -42 -13 -19 -50 -35 -44 -49 -62
right_child=3 2 4 -5 -6 -7 11 37 -10 -11 -12 12 14 20 16 -17 -18 18 35 -21 21 22 39 24 25 26 27 -29 29 30 -32 -33 -34 58 -36 36 -38 38 -40 -41 41 -43 59 -45 -46 -47 47 48 49 51 -52 -53 -54 -55 -56 -57 -58 -59 -60 -61 61 -63
leaf_value=0.011368920391277902 -0.025468947062942029 -0.035836911985822471 -0.0069947235064207539 -0.046595673293059497 0.014569278814080093 -0.017567486866811977 0.086614364192251825 -0.012619113422003473 -0.027759288169325099 -0.0064735279977579082 0.035390123413408206 -0.036901636061323594 -0.005901360746649275 -0.043736170457340712 0.009547747606840502 0.098951156487617001 0.054904606825534802 -0.0020289136247463352 0.050189742230666225 -0.00065075245338117418 0.050074205402037233 -0.029756655592471305 0.028885726219873894 -0.042190322573610266 -0.032714616688473037 0.018016836977955315 0.24649987802524609 0.0066936878006787952 -0.047458807441319174 0.0070908457652394292 -0.026232383134770162 0.02726846399436797 0.20480906456085821 0.0045798593970082443 0.0098654645610115818 0.045538076735188567 0.012544303014553363 -0.0044865735042269655 0.074170599337065005 -0.042496086435487503 -0.0017375483774049408 0.041335486395846409 -0.016847110982159064 0.11681379606364439 -0.0078104515227698087 0.047351573204316114 0.0025129367051795626 0.023075116254746383 0.016079529310972295 0.01139936865834386 0.055193323884481386 -0.029580380858779284 0.035804515799378704 -0.025551427589969245 0.029340751720024091 0.018085411023607011 0.053190156646811475 0.081477555765012449 0.035898673255218554 0.041935163476277987 -0.010729077306593306 0.034087325957661514
leaf_weight=177.99702720344067 714.00867786351591 251.86020767875016 167.20501736365259 1933.0557650392875 1674.4999552359805 239.23253694735467 44.546197254210711 2538.6007868107408 217.86046120710671 458.09808291401714 570.06187349464744 214.57762967702001 1002.6609116056934 112.00734383054078 1022.2509466456249 31.449696458876133 110.03568259254098 1459.7163923475891 106.66201807558537 391.09507895354182 76.373712431173772 986.13721173722297 167.2149760350585 5.7376772393472519 268.24069870682433 296.47097081132233 9.3080181321129221 11.447422356344758 77.663770985323936 765.94397171959281 197.60526945767924 360.47896707896143 12.343791691586373 234.2642931137234 136.15589918894693 389.91201496683061 274.31423890218139 95.209977613762021 47.815586828626692 78.747228931635618 940.6108981706202 222.2608288154006 45.022594096139073 12.41997803840786 302.43038859125227 294.31505567580462 98.963419707491994 1067.4705505222082 351.63957935571671 112.66057872772217 167.38911101967096 370.60097140166909 39.239081640262157 97.076880447100848 169.49081109836698 56.520362564362586 45.471527140587568 34.452498665079474 319.61031792778522 245.63371460884809 290.73166795447469 120.04360869526863
leaf_count=762 76723 10994 2129 307626 28268 1871 674 58381 3381 10522 5925 5337 22292 5891 19135 216 966 10331 569 9114 1720 54368 4762 437 11837 8588 172 294 2394 19628 8762 13175 471 3334 5563 2298 1478 1711 707 3975 9234 1106 461 260 14365 1443 616 7492 1902 520 774 3928 1529 5351 1165 1289 337 381 2394 2155 1620 517
internal_value=-0.000763545 0.0043124 -0.000348034 -0.0397766 0.0030146 0.0129707 0.000442327 -0.00462134 0.00707024 0.0134181 0.0257776 0.00649278 0.00124209 -0.00766618 0.0046299 0.0188667 0.0139555 0.0140165 0.0125825 0.0163214 -0.00588071 -0.0106531 -0.019695 0.00383184 0.00828197 -0.00268729 0.0126286 0.114238 0.00162555 -0.0018863 0.00174018 0.0320048 0.12643 0.0274135 -0.0183784 0.0178518 0.0319122 -0.0107828 0.0218097 -0.00160185 0.00688096 0.0135969 0.00919561 0.00884164 0.00525505 0.033791 0.014419 0.0129594 0.0103884 -0.00139984 0.0356199 -0.020027 -0.022277 0.00726981 0.0030075 -0.0254376 -0.000360753 0.0219152 0.0226522 0.0328298 0.017321 0.00236792
internal_weight=23332.9 20646.6 13422 2686.3 9196.36 7224.59 7521.86 4094.85 1413.23 1195.36 737.267 3427.01 2406.05 4225.66 2134.95 1020.97 1132.29 6985.36 6513.05 989.516 3973.8 2664.54 1534.53 1309.27 1197.26 818.7 414.303 20.7554 1130.01 1053.63 975.969 378.56 18.0815 598.421 404.397 3384.84 664.226 2681.63 143.026 548.393 3128.21 1623.02 1400.76 778.364 469.645 472.312 2720.61 2613.95 2347.6 869.354 266.353 483.262 753.248 393.548 1110.1 271.098 1505.19 386.092 553.875 290.656 1478.25 410.775
internal_count=785620 399742 348782 385878 175775 50960 147507 82756 21957 18576 8054 64751 49019 173007 42393 15732 20101 49089 46884 15516 162013 110234 77470 51779 45888 31805 14405 466 32764 31044 28650 14083 908 6402 17400 22095 3776 60799 2418 23102 24789 14121 13015 19888 19127 2205 18319 17750 16360 6731 1390 4448 78252 13939 10399 6626 10668 2283 5728 2616 9629 2137
is_linear=0
shrinkage=0.05


Tree=40
num_leaves=63
num_cat=0
split_feature=2 36 36 53 52 38 41 32 52 50 29 49 41 49 36 22 49 53 49 49 19 40 36 5 40 49 51 51 49 49 49 29 40 52 36 39 35 38 55 36 36 41 55 49 49 34 52 49 40 37 11 5 52 20 41 5 49 35 49 49 23 17
split_gain=1719.46 287.977 139.424 127.232 120.028 111.709 121.46 82.3438 79.5689 78.3695 86.609 123.851 101.606 77.0254 75.5539 75.8461 74.9028 78.9622 74.495 80.1562 73.3666 83.5376 72.6827 71.3665 68.876 73.5524 68.3497 63.7527 86.1513 83.6537 126.11 66.3385 63.4618 60.9945 58.4901 55.3425 51.3668 49.0865 91.3102 58.1987 71.3036 48.9215 72.9267 89.8186 140.443 103.411 74.8988 70.6452 67.6289 52.5244 57.7099 128.466 72.2446 51.9485 47.4214 46.0252 45.7192 94.0728 59.6761 45.3468 49.0977 65.2924
threshold=284.92707824707037 230.88235473632815 285.58824157714849 545.16665649414074 57.570123672485359 -36.764709472656243 1.5613617300987246 -0.23043952882289884 14.536789417266847 129.50785064697268 3.7105216979980473 282.01361083984381 12.330671787261965 276.94873046875006 276.17646789550787 -44.123710632324212 254.46063232421878 212.86110687255862 247.43756103515628 284.25558471679693 1.0000000180025095e-35 3.1372451782226567 215.58823394775393 230.8393478393555 -1.8235321044921873 265.70214843750006 56.739677429199226 39.430601119995124 261.63801574707037 267.04945373535162 259.93206787109381 6.3849916458129892 -2.4313888549804683 34.799779891967781 279.70588684082037 -37.628906249999993 25.902493476867679 -17.529411315917965 1.0000000180025095e-35 267.94117736816412 276.76470947265631 7.0796411037445077 0.37940952181816107 255.95982360839847 267.04945373535162 17.902707099914554 49.095659255981452 273.35858154296881 7.9411621093750009 266.56137084960943 273.10688781738287 263.53910827636724 13.625877857208254 -13.352475166320799 12.330671787261965 205.86235046386722 286.04714965820318 11.191325664520265 285.83421325683599 286.99784851074224 -30.4776496887207 -9.9152107238769513
decision_type=2 2 2 2 2 2 2 2 2 2 2 2 2 2 2 2 2 2 2 2 2 2 2 2 2 2 2 2 2 2 2 2 2 2 2 2 2 2 2 2 2 2 2 2 2 2 2 2 2 2 2 2 2 2 2 2 2 2 2 2 2 2
left_child=1 4 9 5 16 7 14 13 -5 -2 -11 12 34 -3 15 32 22 20 -8 23 21 -18 -1 -20 25 -17 -9 29 33 30 -23 -31 -7 -29 -12 -25 -22 38 39 -21 -41 47 43 45 46 -43 -45 53 -48 -46 51 -51 -53 -37 -6 -32 57 58 -39 -58 -61 -62
right_child=2 3 -4 8 54 6 18 26 -10 10 11 -13 -14 -15 -16 24 17 -19 19 37 36 27 -24 35 -26 -27 -28 28 -30 31 55 -33 -34 -35 -36 41 -38 56 -40 40 -42 42 -44 44 49 -47 48 -49 -50 50 -52 52 -54 -55 -56 -57 59 -59 -60 60 61 -63
leaf_value=0.048533953926311914 -0.02905934868914218 0.026483863232612134 -0.048332789093921691 0.032825764775600473 0.0049123522821906554 0.020256291877766872 0.046877593344534695 -0.032872112509975515 0.0051629845905681974 -0.010890497818533788 0.21802843295340413 0.0015412826284693388 0.060351992982886737 -0.022226069232543489 -0.019110252868867927 -0.028967912878275038 0.016175220448667243 0.018537064047777434 0.006536928587112867 -0.01277300071174811 0.0088593099691344507 0.001751149058375371 0.01697210170139923 -0.018526653282351601 0.028982966075737904 0.0098564673226020257 0.011086060773164597 0.068332495463980278 0.0026934887631149627 -0.0094469944098493231 0.018610337553718586 0.0147540021511343 0.10820283918777547 0.0042728471158333687 0.52951431423254858 0.010292049219256987 0.049733062616849753 0.054695716061183869 -0.02875680101706209 0.03742112474839767 -0.011374571305124093 0.086868224032012997 -0.027193938425783094 -0.034345289957570115 -0.0041045726600515047 -0.040797653208096113 0.16257076303810902 -0.018174327957401794 -0.0057529487674203598 0.016781703532265019 -0.0057589022164548651 0.02196329065197191 0.18373909311622905 -0.019704423513033593 -0.026061932133461287 -0.029372600627780646 -0.028759531140059955 -0.02397695839430572 0.16426068545667633 0.0047680098214549806 0.1226260562078918 0.016073473116732444
leaf_weight=249.22846560925245 912.24891321454197 168.25714816898108 1574.2725873072632 390.79822485381737 213.52275681123137 44.678499715402722 70.925444170832634 665.9438606640324 776.39099614694715 70.038271724712104 3.3253469280898589 15.194417206570504 5.3428401085548103 156.78526681195945 193.37599937431514 139.36779383011162 1493.3858403842896 2189.8441401831806 842.41412224061787 173.98918547015637 141.40106756240129 1415.6877309894189 680.36238616891205 1206.6450958363712 409.6038618767634 978.41316444892436 101.96999402297661 116.95979795046151 271.09395901672542 373.46083995327353 54.757246948778629 1171.1545278690755 37.923213544301689 54.46147265471518 2.7563429488800466 1065.1960656819865 168.4186356253922 82.93604376912117 200.29226498212665 245.71311970520765 107.6740791099146 51.648257262073457 532.92595869023353 493.16822371724993 884.8810207862407 22.892555669881403 9.081619134172799 390.64021332841367 17.401580149307847 102.42526015639305 102.97310538869351 10.15037371683866 21.558225452899933 166.95849709957838 293.31912995129824 572.3541582589969 59.153403331525624 35.464406221173704 14.61843805387616 138.35253208130598 24.076586540788412 35.688282210379839
leaf_count=1388 112210 3197 264680 6776 1340 1154 369 48905 17840 6946 189 1264 340 7332 7485 2191 8950 17447 12161 6154 635 13873 3277 58998 5088 12743 4387 970 2787 3478 251 11621 1115 565 256 15736 804 1158 9015 5637 2901 693 19977 20107 24697 935 302 7243 652 3717 3740 312 518 1394 3339 9003 1567 820 264 2206 326 312
internal_value=-0.00057666 0.00423806 -0.0390336 -0.00119707 0.010658 -0.00301934 -0.00116937 -0.0181061 0.014425 -0.0245233 0.0182879 0.0950606 0.21944 0.00298847 0.01042 0.0139669 0.0119981 0.0104413 -0.00410893 -0.00462268 0.00740208 0.006074 0.025434 -0.00694115 0.0114431 0.00501574 -0.027035 0.00233076 0.0202367 0.00012202 -0.00651723 0.00890263 0.0606334 0.0479804 0.3592 -0.00917686 0.0310784 0.00765649 -1.65102e-05 0.0108988 0.0225535 -0.00626307 -0.0110371 -0.00601991 -0.00845733 0.0476602 -0.0299464 0.000353468 0.0519686 0.0014954 0.0223945 0.0440075 0.131952 0.00622749 -0.0130131 -0.0251829 0.0219623 0.0457616 0.0711139 0.00965711 0.0211275 0.0589987
internal_weight=23215.9 20632.8 2583.18 11173.4 9459.41 10006.2 8913.21 1092.96 1167.19 1008.91 96.6572 26.6189 11.4245 325.042 1803.36 1609.99 8952.57 8022.98 7109.84 7038.92 5833.14 5523.32 929.591 5920.96 1527.38 1117.78 767.914 4029.93 442.515 3587.41 2042.8 1544.62 82.6017 171.421 6.08169 5078.55 309.82 1117.96 727.669 527.376 353.387 3871.9 2249.11 1716.18 1641.64 74.5408 519.651 1622.79 26.4832 1121.99 237.107 134.134 31.7086 1232.15 506.842 627.111 390.29 133.019 97.5545 257.271 198.117 59.7649
internal_count=785737 399852 385885 320124 79728 295508 231687 63821 24616 121205 8995 2049 785 10529 29776 22291 75049 70384 201911 201542 52937 51498 4665 171182 20022 14934 53292 42548 4322 38226 23127 15099 2269 1535 445 159021 1439 30360 23707 14692 8538 100023 75650 55673 54045 1628 21061 24373 954 32984 8287 4547 830 17130 4679 9254 6653 2242 1422 4411 2844 638
is_linear=0
shrinkage=0.05


Tree=41
num_leaves=63
num_cat=0
split_feature=1 38 53 49 41 39 40 38 11 49 49 53 52 31 52 54 49 53 46 41 29 49 49 49 15 51 5 49 11 40 39 54 38 13 49 29 54 38 54 53 29 52 49 49 49 54 49 52 51 17 17 49 29 17 21 26 40 51 17 27 38 49
split_gain=1623.77 298.231 120.432 118.028 98.0366 108.934 103.687 95.5071 95.4804 86.5398 134.939 100.912 82.2106 74.7508 74.531 73.555 77.668 73.2467 68.0777 66.4928 79.7381 102.685 68.5545 63.0269 61.587 61.3476 61.2792 77.3998 65.3362 61.0819 63.5741 84.2902 111.148 60.7858 61.5617 85.0127 60.8173 60.7789 59.0807 65.464 63.6874 64.2074 63.0698 102.835 70.467 57.8658 59.7519 116.426 113.963 101.961 64.7034 63.9081 58.3366 56.7453 56.5515 55.8189 53.4516 63.9136 59.0071 52.6664 63.1095 66.1668
threshold=287.41619873046881 -15.294105529785154 545.16665649414074 247.43756103515628 9.3735165596008319 -4.3369648456573477 22.705879211425785 -36.764709472656243 289.21701049804693 258.38572692871099 267.04945373535162 1089.1666564941409 36.353063583374031 -0.068438529968261705 43.120061874389656 -0.6035533845424651 260.66418457031256 13.638888835906984 -0.72486877441406239 3.0491439104080205 15.350136756896974 266.53407287597662 290.50280761718756 276.94873046875006 -44.695135116577141 62.29881668090821 222.76506042480472 258.98173522949224 238.66795349121097 17.627441406250004 -20.599854469299313 0.91597560048103344 -10.705879211425779 0.66212463378906261 255.59030914306643 31.354249954223636 1.0000000180025095e-35 -40.235282897949212 -1.0000000180025095e-35 427.52499389648443 5.0169582366943368 39.807723999023445 268.11450195312506 274.31605529785162 284.85789489746099 0.60355338454246532 263.43424987792974 45.833921432495124 74.316799163818374 -0.99594497680664051 1.1571083068847658 275.89672851562506 -0.96035671234130848 -20.292682647705075 -44.176088333129876 33.545000076293952 1.0392150878906252 58.513553619384773 -3.6867256164550777 -1.4288229942321775 -10.058830261230467 285.95608520507818
decision_type=2 2 2 2 2 2 2 2 2 2 2 2 2 2 2 2 2 2 2 2 2 2 2 2 2 2 2 2 2 2 2 2 2 2 2 2 2 2 2 2 2 2 2 2 2 2 2 2 2 2 2 2 2 2 2 2 2 2 2 2 2 2
left_child=1 2 7 56 38 6 9 12 19 14 11 15 13 23 29 -11 26 -12 -19 54 22 -22 53 -1 -14 -18 -17 -28 -29 30 -6 32 -32 34 55 36 -36 -2 40 45 41 42 -5 -44 -45 -40 48 51 49 52 -51 -48 -47 -21 -9 -7 -3 58 -58 -46 61 -61
right_child=37 3 -4 4 5 33 -8 8 -10 10 17 -13 24 -15 -16 16 25 18 -20 20 21 -23 -24 -25 -26 -27 27 28 -30 -31 31 -33 -34 -35 35 -37 -38 -39 39 -41 -42 -43 43 44 59 46 47 -49 -50 50 -52 -53 -54 -55 -56 -57 57 -59 -60 60 -62 -63
leaf_value=0.017222581565447575 -0.045645331859928105 0.062677022034686752 0.013246213015288692 -0.00096760322807123175 -0.0058758986652419874 0.0097990958634498609 -0.024060740436766606 0.031484675592826188 0.072247679216761951 -0.03278718533046366 -0.011744379824938284 0.068923096248985946 0.043346917654885915 -0.033436147089394123 -0.038673559566947624 -0.023114248169955831 -0.024084805992533372 -0.013069398325892261 0.01055627035982078 -0.020643699539038187 -0.034927891708251599 0.020588715436668223 0.03102862069802307 -0.026484581770192694 -0.016087834405059436 0.030782045233907946 -0.044326671272680307 0.054273258675308925 0.0024503925857698281 -0.0030591908271071521 0.14930204549529286 -0.018378928798196428 0.035118618892676291 0.039841664098656859 -0.00039933336722653833 -0.012042837709545047 0.022088511268986394 -0.025364795384879808 0.02376518188993846 0.035645156259787057 -0.024426679112283214 -0.020085143567607246 0.034298998333547291 -0.010399488247123851 -0.050632737031122532 0.037141430481818768 0.032063621549164679 -0.046427571804986148 0.07570028959694336 0.036051333489737401 -0.023895904686306646 0.0038748437405115919 -0.029745148325298783 -0.0032637975473262179 -0.00010494640470262626 0.051948311571695806 0.010134370105989464 -0.034849932462305409 0.042636499057685941 0.1788516120635015 0.020345121020617404 0.042216687733538899
leaf_weight=162.6716294833459 1747.6425085151568 94.774219587445259 790.75783722801134 642.22729582991451 128.08100484870374 157.55627728998661 413.15635006595403 155.07019082270563 40.48345790989697 433.70820702798665 578.28458115831017 36.239360705018044 82.972884802613407 760.33833761606365 60.431626601144671 106.67207595892251 567.62269269116223 346.15988767985255 2558.987068685703 1530.943851865828 106.31230935640633 384.64483519969508 82.801256657578051 167.32331109419465 91.819269260857254 55.970476351678371 38.837321040220559 139.02917780168355 108.11907164938748 242.66420105379075 22.286065241321921 70.06706633605063 487.94316997006536 192.92186366021633 491.78806742094457 445.7700697556138 773.60483329929411 468.45860521961004 931.972077537328 400.44372251350433 160.86750501394272 179.39110501203686 534.17166898306459 338.03891434986144 18.792179936543107 35.78913689032197 528.28832468390465 68.47804192174226 42.62003355845809 155.13639336079359 63.41014140099287 324.61979458201677 365.7076502898708 677.4848803980276 1640.2030277554877 156.64342280477285 270.44021485373378 45.272222824394703 288.73163196444511 14.367082559503613 121.1139099355787 23.117520927451551
leaf_count=4933 296795 536 22651 4702 2537 767 8183 5982 2248 10417 9401 413 3731 67529 919 1174 13258 6329 37263 78177 5497 9336 1406 10805 5075 1044 837 1199 2178 3490 405 782 4822 963 3368 2351 4356 51478 7979 2936 1800 1582 3584 3116 105 203 4496 617 299 685 279 3285 3765 23702 34635 824 1205 229 1358 253 1152 431
internal_value=-0.00065897 0.00364948 -0.00507413 0.00773213 0.00669923 0.00347675 0.000164685 -0.00753661 -0.00420213 0.0018381 -0.000875226 -0.0134889 -0.0197081 -0.0248114 0.0151694 -0.0155487 -0.00819175 0.00450638 0.00774118 -0.00487826 -0.00971906 0.0085671 -0.0136374 -0.00493905 0.0121255 -0.0191602 0.0092277 0.0212912 0.0316025 0.0185907 0.0260072 0.0330443 0.040106 0.0130239 0.0104694 0.00673405 0.0133487 -0.0413583 0.0123077 0.016868 0.00576267 0.00835803 0.011374 0.0189255 0.00299297 0.0138795 0.00806328 0.0162987 -0.00338752 -0.0088238 0.018658 0.0213349 -0.0237829 -0.015312 0.00262367 0.0308125 0.0277648 0.0222908 0.026917 0.0285139 0.0378919 0.0945861
internal_weight=23150.2 20934.1 6673.83 14260.3 13561.1 8612.54 6394.26 5883.07 4617.94 5981.1 4969.63 1486.2 1265.13 1090.33 1011.47 1449.96 1016.25 3483.43 2905.15 4577.46 2782.19 490.957 2291.23 329.995 174.792 623.593 392.658 285.986 247.148 951.042 708.377 580.296 510.229 2218.28 2025.36 1711.16 1265.39 2216.1 4948.55 2916.47 2032.09 1871.22 1691.83 1049.6 515.43 2516.02 1584.05 921.386 662.663 620.043 218.547 852.908 401.497 2208.43 1795.27 314.2 699.218 604.444 559.172 177.391 158.599 37.4846
internal_count=785857 437584 275707 161877 158549 117280 104651 253056 160983 96468 83513 30520 92073 83267 12955 30107 19690 52993 43592 158735 118118 14833 103285 15738 8806 14302 5388 4214 3377 12036 8546 6009 5227 12629 11666 10075 7724 348273 41269 24544 16725 14925 13343 8641 5057 21608 13629 8398 5231 4932 964 7781 3968 101879 40617 1591 3328 2792 2563 1941 1836 684
is_linear=0
shrinkage=0.05


Tree=42
num_leaves=63
num_cat=0
split_feature=1 17 53 38 17 42 49 54 47 41 48 48 47 43 51 46 48 38 49 54 11 4 5 52 39 25 23 53 49 42 49 48 27 38 52 48 34 48 45 17 48 49 49 48 48 41 54 49 54 41 17 49 29 41 4 50 35 49 41 48 29 5
split_gain=1527.46 272.447 113.293 122.366 107.708 118.085 99.8545 108.244 102.818 85.5101 84.7993 84.2268 78.2564 72.6828 69.9545 66.8521 66.7474 64.3911 62.6524 95.4764 61.0507 60.1355 69.4224 71.29 66.8727 64.0835 70.1913 65.1413 59.797 60.4629 58.0829 57.9371 56.0805 56.0427 54.9377 52.5162 57.6832 65.5911 51.7084 51.0037 50.8579 68.408 133.427 64.3658 67.6261 63.2608 50.2926 78.8834 63.7976 82.7261 62.2967 49.5402 49.3514 49.0478 80.6407 47.7655 51.834 47.3317 46.5998 46.4867 45.3144 65.9345
threshold=287.41619873046881 -15.521656036376951 812.47619628906261 -36.764709472656243 -0.37291717529296869 7.5998916625976571 265.70214843750006 0.37940952181816107 -3.0682443380355831 -0.14935698360204694 -0.74852561950683583 0.91453474760055553 1.2290768623352053 -3.8460693359374996 36.701768875122077 5.2415313720703134 0.18936437368392947 -39.176475524902337 267.78880310058599 -0.6035533845424651 288.96626281738287 253.336784362793 231.42743682861331 57.570123672485359 -2.0842412710189815 21.366916656494144 -8.3960647583007795 167.91667175292972 254.46063232421878 2.8171539306640629 260.66418457031256 0.88486921787261974 -2.7429928779602046 -7.3529434204101554 36.567289352416999 0.12764942646026614 3.5642530918121342 -0.2346743047237396 -5.2286109924316397 -5.6594009399414054 0.88486921787261974 263.06666564941412 258.98173522949224 0.80511206388473522 0.70040506124496471 35.060516357421882 -0.37940952181816096 259.72676086425787 0.78656607866287243 7.9728844165802011 1.1571083068847658 268.11450195312506 3.4783353805541997 6.412973403930665 275.64259338378912 25.999461174011234 7.9522657394409189 259.93206787109381 9.3735165596008319 0.66979008913040172 7.9045171737670907 250.52107238769534
decision_type=2 2 2 2 2 2 2 2 2 2 2 2 2 2 2 2 2 2 2 2 2 2 2 2 2 2 2 2 2 2 2 2 2 2 2 2 2 2 2 2 2 2 2 2 2 2 2 2 2 2 2 2 2 2 2 2 2 2 2 2 2 2
left_child=1 2 3 14 5 21 60 8 58 32 -10 34 33 -14 -1 18 -15 -2 19 -12 31 22 23 25 -25 27 -27 35 -6 46 39 -20 -9 -11 -7 36 37 -3 -18 55 43 42 -42 44 45 -28 47 -30 50 -50 -48 -49 -22 54 -40 -24 -57 -58 -8 -54 61 -5
right_child=17 4 -4 6 28 11 7 9 10 12 15 -13 13 16 -16 -17 38 -19 20 -21 52 -23 30 24 -26 26 40 -29 29 -31 -32 -33 -34 -35 -36 -37 -38 -39 53 -41 41 -43 -44 -45 -46 -47 48 51 49 -51 -52 -53 59 -55 -56 56 57 -59 -60 -61 -62 -63
leaf_value=-0.02661055109138033 -0.045090001997978996 0.045697462993871521 0.023352527442764278 0.019205184493278186 0.048936631680563385 0.020422648813029076 0.020024458667647908 -0.029421422458060755 -0.037051670867168221 -0.024461319814660709 -0.021138417866827932 -0.016808621697272309 -0.032933848638546565 -0.012584250213876373 -0.00016979849909856096 -0.013167447894377897 0.16506400278760969 -0.022845239815311613 0.013121116694755672 0.059728038318970458 0.01618591634891928 0.032534953404330012 -0.0042141529661926195 -0.0229243356388633 0.051122342108264746 -0.013725588624319676 -0.0094030625238965375 0.019744073132312214 -0.032538529873833141 0.032106357026027127 -0.008521783716061479 -0.023126129103613991 0.019693858331921797 0.043194480631324306 -0.0049447664561002493 0.01631505996663711 -0.0028588004851976562 -0.025722056608721733 0.19805447156615924 -0.040010707244832466 0.0076310180055337616 -0.017940757807153252 0.067741353395354795 -0.024758443632534294 0.045858752025362028 0.026578916237145474 0.017219475702503269 0.03872525311400199 0.035724577198004585 -0.0061114528002189925 0.050066291164923886 -0.00045513863432082433 0.26415312470496305 0.01623041876054156 0.03267540063374038 0.040082988588319178 -0.0066863982041222144 0.078898049618480889 -0.028969150546278438 0.085743967459076087 -0.03860801593458129 -0.021500580406823656
leaf_weight=964.65363027015701 1728.0284649538808 128.68520196899772 345.24983840063214 131.28986801207066 139.63880401849747 2073.9487092122436 59.582782654091716 70.362405910156667 90.957873678766191 984.10375036718324 47.347563565708697 190.12621124833822 102.94586063362658 125.38075241539627 337.73630876280367 232.97145433723927 7.3053883709944776 400.76850629085675 1648.4043511906639 159.32573103625327 21.442961857188493 168.06893147574738 263.88485017046332 331.79763344675303 33.577071338891983 664.10670862533152 456.37601625546813 1283.4552696235478 147.90690593793988 430.40581883490086 2042.2579782223329 118.1431217067875 334.00850086472929 31.591589320451021 237.91523418948054 784.905307687819 1404.1437553586438 42.853298665955663 10.52386785391718 50.706055464223027 280.57537477836013 103.79750166274607 137.58833385817707 219.7688088323921 93.360548160970211 166.79803459905088 472.93115170300007 110.18163090199232 160.65601162612438 446.74636402726173 207.76599700376391 301.30706869252026 4.5917057907208827 141.91777150100097 24.604719282127917 209.45299763791263 147.77237528096884 18.137670264579356 261.72714537940919 17.825489236507565 218.57169842161238 410.60813186969608
leaf_count=77139 305512 632 7009 3850 805 22077 2182 2270 3290 39997 2139 3053 5426 3833 20128 8479 209 42951 45788 2919 1116 2712 4352 3580 173 12043 4245 9818 990 1998 39672 4996 6036 410 2657 8168 12218 238 274 601 2294 1271 1197 2218 654 959 2302 546 696 2151 975 1522 195 5077 978 1747 3925 441 13192 790 13072 13383
internal_value=-0.000557934 0.0035603 -0.00456419 -0.0060339 0.00758024 0.00556894 -0.0026339 0.000200876 0.0066385 -0.00915068 0.0102788 0.0151812 -0.0148971 0.00346343 -0.0197539 0.0121921 0.0155608 -0.0409022 0.0151211 0.041202 0.0121437 0.00290622 0.00234444 0.00529815 -0.0161196 0.00665523 -0.000251475 0.0106779 0.0171761 0.0152292 -0.00428446 0.010697 0.0111476 -0.022357 0.0178121 0.00574854 0.000484962 0.0278556 0.0347027 0.00825798 0.00588476 0.0183908 0.0274091 -0.00108699 0.00617329 0.000227832 0.0112974 -0.00122096 0.0167338 0.00495405 0.0272452 0.0100359 0.0704151 0.0293237 0.0822199 0.0120867 0.0235464 0.00266989 -0.0198839 0.122287 -0.01939 -0.0116385
internal_weight=22983.6 20854.8 6903.17 6557.92 13951.6 11534.1 5255.53 4495.06 2662.32 1832.74 2341.01 2501.99 1428.37 412.678 1302.39 2250.05 309.732 2128.8 2017.08 206.673 1810.41 9032.07 8864 6131.79 365.375 5766.41 2122.37 3644.04 2417.54 2277.9 2732.21 1766.55 404.371 1015.7 2311.86 2360.59 1575.68 171.539 184.352 689.954 1458.26 521.961 418.164 936.303 716.535 623.174 1847.5 559.396 1288.1 607.402 680.697 411.489 43.8602 177.046 35.1286 639.248 375.363 165.91 321.31 22.4172 760.47 541.898
internal_count=785570 437107 284177 277168 152930 140945 179901 149596 85086 64510 69712 27787 56204 15797 97267 66422 10371 348463 57943 5058 52885 113158 110446 59708 3753 55955 24881 31074 11985 11180 50738 50784 8306 40407 24734 21256 13088 870 6538 11066 12838 4762 3491 8076 5858 5204 9182 3058 6124 2847 3277 2068 2101 6329 1252 10465 6113 4366 15374 985 30305 17233
is_linear=0
shrinkage=0.05


Tree=43
num_leaves=63
num_cat=0
split_feature=2 36 36 19 53 36 51 41 52 49 38 40 49 40 40 49 54 49 49 48 48 49 48 53 49 55 41 36 48 35 36 37 41 54 48 52 54 37 21 35 49 19 41 52 38 46 37 54 53 42 38 54 37 15 23 48 48 37 49 54 35 40
split_gain=1418.21 229.907 128.38 118.231 95.4444 90.4953 112.481 97.1852 71.7236 70.0944 82.6853 85.2023 69.3589 69.3374 67.7623 69.1041 95.2587 76.0387 110.332 107.88 130.891 98.2112 66.1539 65.4979 65.1281 64.9615 63.329 71.8332 66.0002 94.752 67.5835 63.8129 63.6967 63.293 93.4435 62.153 60.0266 61.0934 59.0722 54.6693 54.0665 70.4589 53.6739 52.6194 52.4413 51.6857 51.1675 51.0802 49.7483 49.3635 49.1945 49.1119 47.7237 47.5704 46.3563 46.2127 57.9191 51.1285 45.0345 66.8029 44.3616 66.2625
threshold=284.92707824707037 225.58824157714847 283.23529052734381 -50.539520263671868 545.16665649414074 278.52941894531256 58.513553619384773 1.5168278217315676 57.570123672485359 289.42092895507818 -16.17647552490234 13.333320617675783 247.43756103515628 -1.9019622802734373 13.078430175781252 259.72676086425787 0.91597560048103344 270.65731811523443 274.13537597656256 -0.4372642040252685 -0.36422622203826899 282.31869506835943 0.04865998029708863 17.208333015441898 266.53407287597662 -0.6035533845424651 7.7702677249908456 199.70588684082034 0.11192005872726442 19.991437911987308 216.76470184326175 268.60566711425787 11.621637821197512 -0.7865660786628722 0.8732551932334901 14.846704959869387 -1.0000000180025095e-35 258.07916259765631 1.0000000180025095e-35 28.49505710601807 272.37759399414068 -30.342590332031246 28.908982276916507 16.188662528991703 -2.1764755249023433 0.15242528915405276 240.56282043457034 0.12940952181816109 1089.1666564941409 -14.282424926757811 -4.5294113159179679 -0.7865660786628722 257.46188354492193 -45.253351211547844 -19.018526077270504 0.8446832299232484 0.86031579971313488 238.6746520996094 258.38572692871099 -0.98296290636062611 5.0763573646545419 0.74509429931640636
decision_type=2 2 2 2 2 2 2 2 2 2 2 2 2 2 2 2 2 2 2 2 2 2 2 2 2 2 2 2 2 2 2 2 2 2 2 2 2 2 2 2 2 2 2 2 2 2 2 2 2 2 2 2 2 2 2 2 2 2 2 2 2 2
left_child=1 8 48 -3 5 7 -7 13 12 10 11 -9 44 36 15 16 23 49 19 60 -21 22 -20 -12 -13 -24 -14 -28 32 31 39 -30 38 50 40 -6 -5 -38 47 -31 -35 -42 -32 -11 -1 53 -43 51 -2 -17 -22 -29 -25 -8 -48 58 -57 -58 59 -16 61 -19
right_child=2 3 -4 4 35 6 45 9 -10 43 14 24 26 -15 55 17 -18 18 21 20 33 -23 25 52 -26 -27 27 28 29 30 42 -33 -34 34 -36 -37 37 -39 -40 -41 41 46 -44 -45 -46 -47 54 -49 -50 -51 -52 -53 -54 -55 -56 56 57 -59 -60 -61 -62 -63
leaf_value=0.014446197331759753 -0.022780617931465921 -0.028795277353569772 -0.045559993131048901 -0.011996599884869973 0.027096141473251092 -0.028678103543428438 0.20983386018499345 -0.013277062708742347 -0.011550429310740752 0.047480586402992186 -0.0075127356921175538 -0.033524740338655434 0.020521460293228405 0.025636135134341317 0.05962748921614517 0.046265128339764754 -0.024931680612054401 -0.0078401930385208415 -0.023846715867607626 0.17967633560914523 -0.0019112591198842629 0.014862408705542521 -0.023780946774101221 0.031781553875130208 0.021132517032933132 0.024812190362463772 0.046489950294891426 0.029024980053378141 0.037670896643158626 0.032725842540375305 0.0069300596618567765 -0.020183704237802757 -0.013274291005286735 0.035215944621053583 -0.039570908404047894 0.0048634298235808405 -0.037101700439489536 0.014276622289829767 -0.045891808463835643 0.0098196365882295931 -0.0021266038795946778 0.02775906918993026 -0.01316607664168197 -0.0016331712141543792 0.048601845618351097 0.013484439194373869 0.080598545394564569 0.024075301714747872 0.039570798396718392 -0.0086898876342489783 0.089676096636911701 -0.019721440042564674 -0.016734578581220176 0.021874116136885897 0.16052482104264962 0.12229352850783395 0.022552332357886146 -0.014347834302027782 -0.027850027689674751 -0.012372446473457309 -0.030238428921305308 0.069464629371276607
leaf_weight=235.77930357307196 647.62611611327156 357.95075879525393 1624.1732125547715 400.09445301350206 489.873380985111 542.92446532845497 6.8655787287279963 2485.7674827920273 346.59389245137572 122.4804227007553 162.05191678181291 65.572743119671941 1250.6369118131697 527.32442744355649 38.016965596936643 41.824625266715884 129.9467981364578 101.65095121972263 509.22856927197427 15.339323605410753 153.27804718352854 524.02369250357151 111.98601941112429 626.11614015232772 322.81955794710666 178.25433038175106 118.30368328094482 73.664121365174651 427.51843204442412 315.75136333331466 863.71747676376253 53.642415756359696 673.40840563550591 155.22853228263557 29.358153037726879 877.35168438404799 61.785195719450712 910.6263810088858 46.482775345444679 1488.1151804625988 20.953708149492741 19.611160300672054 539.98427115194499 98.307989611290395 214.72435913234949 102.30060902005062 37.99123887065798 378.31796051561832 33.653193009085953 1777.433809611015 16.212525069713593 173.06056016683578 55.152473336085677 6.6045040432363731 34.721267489716411 9.8788222698494774 151.79241323657334 246.02603731397539 453.1448114849627 211.12707971781492 101.10397466737777 38.113625699654222
leaf_count=1021 76924 23611 307408 7383 7671 32893 107 112786 2748 2301 2058 3694 5838 8321 511 391 1644 688 8794 192 2199 7150 2380 5389 7566 3436 665 523 3359 1794 9080 372 5601 1917 738 17884 655 14620 192 7951 473 145 7315 1918 1155 3157 550 2069 991 33946 136 1236 1306 305 251 235 2041 7501 12796 4245 2045 299
internal_value=-0.000734919 0.00344108 -0.0379184 -0.000447981 0.000334342 -0.00113799 -0.019137 -5.46981e-05 0.0106406 -0.00221413 -0.00291041 -0.00987419 0.0117629 0.0102257 0.000453708 0.00300921 0.0149175 1.15281e-05 0.00662183 0.0223211 0.0359593 -0.00196104 -0.0129882 0.0210579 0.0119047 0.00606307 0.0104286 0.00797858 0.00707346 0.0105306 0.00742685 0.031221 -0.00240828 0.0312422 0.0451222 0.0128294 0.00430494 0.0110121 0.00848819 0.0138292 0.0543825 0.0806471 -0.000800641 0.0256123 0.0307259 0.0256072 0.0994333 0.0125323 -0.0197006 -0.00742648 0.00684948 -0.00516731 0.0278539 0.117675 0.118764 -0.0106884 0.00270163 -0.000268132 -0.0184616 -0.00138595 -0.00500954 0.0132407
internal_weight=22833.4 20527.9 2305.45 13328.2 12970.3 11603 658.695 10944.3 7199.7 9044.52 8823.73 2874.16 6853.11 1899.83 5949.57 4839.58 973.267 3866.31 2047.06 723.563 482.694 1323.49 799.469 843.321 388.392 290.24 6402.6 5151.97 5033.66 3688.73 3207.57 481.161 1344.93 467.355 297.864 1367.23 1372.51 972.412 671.525 1803.87 268.506 113.277 1403.7 220.788 450.504 115.771 92.3237 625.043 681.279 1819.26 169.491 246.725 681.269 13.4701 72.7125 1109.99 407.697 397.818 702.289 249.144 240.869 139.765
internal_count=784570 399247 385323 348328 324717 299162 36462 262700 50919 231721 227502 124046 48171 30979 103456 76127 10397 65730 31393 9633 6601 21760 14610 8753 11260 5816 45995 40157 39492 29871 26140 3731 9621 6409 4074 25555 22658 15275 4020 9745 3336 1419 16395 4219 2176 3569 946 3828 77915 34337 2335 1759 6695 412 801 27329 9777 9542 17552 4756 3032 987
is_linear=0
shrinkage=0.05


Tree=44
num_leaves=63
num_cat=0
split_feature=36 36 12 36 50 49 54 49 41 49 49 49 55 36 54 50 26 52 49 54 46 47 47 37 49 45 22 23 41 55 3 47 36 41 49 40 49 54 49 49 52 35 44 37 52 36 49 37 35 55 54 41 16 38 52 5 45 37 49 29 46 36
split_gain=1335.1 223.972 151.867 130.419 154.033 74.7725 69.7626 77.4659 67.6919 85.936 82.0522 123.521 135.756 132.863 99.5554 107.159 74.093 87.3729 65.3592 64.9021 67.8606 61.9806 91.6681 72.4667 119.091 103.871 59.7884 59.0152 58.5089 57.1832 79.9255 66.081 56.1657 63.527 71.3491 62.5261 91.3408 69.1356 108.147 95.1232 54.2576 53.2778 53.5903 53.2312 52.907 52.4117 52.3256 119.444 52.7252 51.1082 51.0385 49.8896 49.085 67.8533 66.6744 47.0313 58.3984 47.0292 47.0001 52.0772 54.038 50.757
threshold=280.88236999511724 224.41176605224612 -50.895061492919915 285.58824157714849 82.059875488281264 254.46063232421878 -1.0000000180025095e-35 267.04945373535162 3.0491439104080205 286.41694641113287 260.66418457031256 267.04945373535162 1.0000000180025095e-35 246.17646789550784 -1.0000000180025095e-35 63.063163757324226 16.021578788757328 9.6946706771850604 256.32855224609381 1.0000000180025095e-35 2.469659805297852 -2.5949630737304683 0.48283958435058599 254.98547363281253 268.43287658691412 2.6175160408020024 -7.825920343399047 -15.170947074890135 14.460176944732668 0.78656607866287243 279.86947631835943 0.36737355589866644 273.82353210449224 -0.62865552306175221 278.19204711914068 -1.1764755249023435 282.01361083984381 -1.0000000180025095e-35 285.67515563964849 285.57859802246099 10.523283481597902 14.686331272125246 -6.6335525512695304 271.88453674316412 33.076459884643562 213.82353210449222 268.43287658691412 242.34204864501956 6.0562486648559579 0.91597560048103344 0.60355338454246532 1.7879408597946169 -34.593135833740227 -44.764709472656243 5.1606376171112069 219.31372833251956 5.1664371490478525 286.32171630859381 255.59030914306643 3.5391874313354497 -2.0145988464355464 199.11765289306643
decision_type=2 2 2 2 2 2 2 2 2 2 2 2 2 2 2 2 2 2 2 2 2 2 2 2 2 2 2 2 2 2 2 2 2 2 2 2 2 2 2 2 2 2 2 2 2 2 2 2 2 2 2 2 2 2 2 2 2 2 2 2 2 2
left_child=1 5 -3 4 -2 45 7 -7 9 32 16 14 19 28 -12 29 17 -10 -18 21 26 -13 23 -23 25 -25 -21 -20 -14 30 -16 -32 35 34 -34 36 -4 39 40 -38 -39 42 -26 -19 -41 -1 47 -9 -48 -17 -29 -37 53 54 -6 -22 -57 -56 -8 -60 -61 -62
right_child=3 2 8 -5 52 6 58 46 10 -11 11 12 13 -15 15 49 18 43 27 20 55 22 -24 24 41 -27 -28 50 -30 -31 31 -33 33 -35 -36 51 37 38 -40 44 -42 -43 -44 -45 -46 -47 48 -49 -50 -51 -52 -53 -54 -55 57 56 -58 -59 59 60 61 -63
leaf_value=0.052061356100196687 -0.035745087744996483 -0.024788230728564294 0.00060882228644115754 -0.047506521599455884 0.21077115761540607 -0.0064009082474715782 0.054182430445196439 0.0023489679535051364 -0.0039941300162439977 -0.013976619038918409 -0.037826296279938748 -0.0036933646350971352 0.0024039533298545537 -0.024582236410076896 -0.032928149527954434 0.0065862932099055999 -0.025389820240345723 0.026201823482067618 -0.017274720712450044 -0.020778007180684035 0.073732927130021483 -7.2686096344032377e-05 -0.0015329160431334391 0.055893174505362457 0.074568103428843555 0.1730833617167149 0.050847742138973286 0.023294245256398741 -0.024562620987164694 0.0027230382851951757 -0.018671685769602656 0.30387244640327249 0.034871754756861023 -0.022399296901564569 -0.017327007173941464 0.040323271491979305 -0.028810407586405479 0.015663537446234641 -0.043901681842228507 0.01102264338851076 0.063315256204741197 0.012009359708339322 0.026499955720541892 -0.036062984188621298 0.13417260100764811 0.019094257934286509 0.030651025791167959 0.080616101756499609 0.0026050059630239424 0.059967934509559319 -0.03533615789034799 0.014925423999466053 0.059345938234097173 -0.021323016089741378 0.076328506923254894 0.0094151029608353903 -0.018590345713452409 -0.011133970284443387 0.029912847716567065 0.03213606921594965 0.045937832201116552 0.0070233398490958544
leaf_weight=152.03145376592875 601.31293018395081 604.3048982587643 1339.2090590409935 1340.3716399152763 5.3298299461603156 1201.1729259071872 70.908709621056914 119.18944150395691 421.38019368099049 443.03689838433638 418.92921660514548 468.82726840907708 1507.6630152929574 932.76313602738082 418.69588766433299 229.15970451245084 256.0315417163074 847.08737835939974 194.48008426651359 490.36053359694779 24.485388193279505 206.81289206072688 439.60884649818763 92.07808201527223 84.253065299708396 23.794526751153171 30.97570045851171 330.49042527005076 232.11300764512271 190.26575711835176 3.1152281821705392 3.239007281139493 149.81410180451348 268.84651772212237 116.27317456156015 293.30659702792764 98.755230769515038 84.837246811017394 34.984559098258615 19.209178735502064 201.9074711734429 354.21752107096836 185.97692513884977 35.775493441149592 15.973798431456087 582.42050494253635 198.34407046809793 82.479831757023931 1080.3259497815743 55.745324891060591 41.815085163339972 567.40143858734518 44.427045261021703 122.09335994767025 27.010326765477657 912.21410199208185 233.87076931260526 35.66274097096175 399.36635763570666 263.93856013938785 86.774217396974564 2439.862485870719
leaf_count=965 75216 53545 18034 266764 337 11140 384 896 6351 16346 15770 13796 24011 44844 16415 6360 5394 9881 7494 17260 141 3420 10668 1788 3276 464 272 4495 6378 4581 245 180 2670 14687 3201 3214 1531 738 932 285 1740 8390 5863 2080 156 2776 909 546 7567 1040 808 7554 1193 11220 873 26877 6731 5403 2034 1704 508 15912
internal_value=-0.000597256 0.00334084 -0.000273665 -0.0378407 -0.0223403 0.0108678 0.00900763 0.00303347 0.000840209 0.00665827 -0.00134681 -0.00379371 -0.000846363 -0.00935678 -0.0176909 -0.00832069 0.00732597 0.0147381 -0.00442291 0.00556507 -0.00151748 0.0120229 0.0173363 0.0260944 0.0334043 0.0799583 -0.0165223 0.00504838 -0.0011938 -0.0200591 -0.0302571 0.145742 0.00952365 -0.0052574 0.0120623 0.0125011 0.0071882 0.026525 0.0390912 -0.00365987 0.0492169 0.0247657 0.0414868 0.0236787 0.0669353 0.0259184 0.0106887 0.0343591 0.00695543 0.0170311 0.0167092 0.0235803 0.0120292 0.000970907 0.0409977 0.0051652 0.00370029 0.0265599 0.0139204 0.0130254 0.0106086 0.00835981
internal_weight=22757.1 20580.9 13904.1 2176.21 835.836 6676.81 5942.36 2681.51 13299.8 3633.56 9666.23 7539.16 6220.01 2672.54 1319.15 900.221 2127.06 1304.24 822.817 3547.48 1691.91 1855.57 1386.74 947.133 740.32 115.873 521.336 566.786 1739.78 615.316 425.05 6.35424 3190.52 534.934 266.087 2655.58 1794.88 455.667 321.729 133.938 286.745 624.448 270.23 882.863 35.183 734.452 1480.34 201.669 1278.67 284.905 372.306 860.708 234.523 190.096 68.0029 1170.57 1146.08 62.6731 3260.85 3189.94 2790.58 2526.64
internal_count=786253 425247 379906 361006 94242 45341 41600 21058 326361 71088 255273 218770 174179 75233 44591 28821 36503 18312 18191 98946 51281 47665 33869 23201 19781 2252 17532 12797 30389 21421 16840 425 54742 20558 5871 34184 23416 5382 3410 1972 2478 17529 9139 11961 441 3741 9918 1442 8476 7400 5303 10768 19026 17833 6613 33749 33608 6276 20542 20158 18124 16420
is_linear=0
shrinkage=0.05


Tree=45
num_leaves=63
num_cat=0
split_feature=1 17 50 52 38 36 53 41 40 22 50 11 40 45 54 48 40 22 46 54 31 29 53 24 52 41 5 38 41 54 48 41 29 54 48 52 22 54 48 29 16 5 52 35 5 2 35 4 36 43 43 43 38 54 4 44 41 29 28 19 40 36
split_gain=1276.44 232.775 99.2831 96.9525 92.4219 90.0352 83.8191 79.5156 77.053 79.422 72.2048 71.8584 65.6432 60.5701 59.4764 75.952 67.4381 97.5732 63.0496 57.343 56.2928 55.092 64.4742 62.1452 51.9988 50.6197 51.7277 50.0657 53.0811 52.9221 57.8094 57.4648 51.4327 49.6424 61.5889 48.5869 47.4859 62.2505 44.4434 43.5951 42.5916 41.5915 41.3448 41.6597 41.078 52.7343 40.4973 40.4518 39.4083 38.705 43.5667 37.1617 44.6355 55.5287 36.538 36.3074 50.5415 35.89 35.4784 38.2533 35.4585 60.0914
threshold=287.41619873046881 -16.313554763793942 222.99001312255862 42.129280090332038 -37.411766052246087 285.58824157714849 212.86110687255862 0.16170756518840793 1.5293960571289065 1.0000000180025095e-35 82.059875488281264 288.41929626464849 -4.0196228027343741 3.8358793258666997 0.78656607866287243 -0.20123150944709775 12.372558593750002 -6.5605096817016593 1.7558927536010744 -0.37940952181816096 1.0000000180025095e-35 13.110123634338381 1324.3750000000002 28.595867156982425 7.6947641372680673 12.330671787261965 242.13864898681643 -32.941169738769524 13.920842647552492 0.37940952181816107 0.18936437368392947 7.4771251678466806 3.2615575790405278 -1.0000000180025095e-35 -0.62369728088378895 38.972373962402351 -20.547482490539547 -1.0000000180025095e-35 0.9657111167907716 -2.2310204505920406 -6.8463935852050772 249.96333312988284 21.355613708496097 10.539787292480471 246.68986511230472 247.61486816406253 -1.0316952466964719 281.54725646972662 230.88235473632815 -1.7713623046874998 5.9014739990234384 -0.83119201660156239 -44.235282897949212 -0.6035533845424651 280.46728515625006 -5.6024703979492179 -0.52142748236656178 24.770523071289066 27.916221618652347 -2.2766833305358882 19.470581054687504 213.23529815673831
decision_type=2 2 2 2 2 2 2 2 2 2 2 2 2 2 2 2 2 2 2 2 2 2 2 2 2 2 2 2 2 2 2 2 2 2 2 2 2 2 2 2 2 2 2 2 2 2 2 2 2 2 2 2 2 2 2 2 2 2 2 2 2 2
left_child=1 2 4 6 10 -2 8 12 -3 13 20 21 -6 14 15 33 18 -18 -17 60 39 22 27 44 -14 36 -27 -9 29 48 41 32 -32 -10 -35 47 -5 -38 -21 -1 -15 -31 43 -36 -23 -46 -41 -34 -29 -4 -51 -12 53 -53 -54 -26 -57 -42 59 -16 -8 -62
right_child=5 3 49 25 7 -7 19 11 9 -11 51 -13 24 40 58 16 17 -19 -20 38 -22 23 -24 -25 55 26 -28 28 -30 30 31 -33 35 34 42 -37 37 -39 -40 46 57 -43 -44 -45 45 -47 -48 -49 -50 50 -52 52 54 -55 -56 56 -58 -59 -60 -61 61 -63
leaf_value=-0.026347628336554033 -0.025243078001632037 0.01342439878864499 -0.018505425694940437 -0.0199121376023292 -0.0209946332180359 -0.047986690039556051 0.010392355396024067 -0.027149937701981985 -0.01504413803237944 0.035802626105147159 -0.028538249720525717 0.03697070835813384 -0.011647560504673506 -0.018481258248967923 -0.008446995367687473 0.0086665391285388749 -0.0055406503779443514 0.014743328526453782 0.031659138479342902 0.021443199654308645 -0.034770534320185759 -0.025720209705470204 0.041482218425875128 -0.031258360551606988 0.037409333518620427 -0.02338905653972315 0.043030891845966666 0.068910614598047704 -0.022463502590564951 0.008094444785572627 -0.01346080344535025 -0.0067739357395495111 0.08391702253685239 -0.027449270235921575 0.034419389918408032 0.19934530596737454 -0.011664882786163278 0.028859851299861402 -0.01356962507983302 0.069231805472594318 0.0016285304356845366 -0.023880629728310711 -0.017405782857096524 -0.0023008910228461649 0.13422518304217376 0.013992700251813761 -0.00042133892624330465 -0.045003879340363345 0.00067288456816607051 0.046125922636950992 -0.018331055172580723 0.13614637210416614 0.031506268721040238 0.021220860054249304 -0.016649879167498764 0.023532272574809956 -0.01057728616429361 -0.032860643734950734 -0.031675871073052364 0.020990605842651028 0.026540660742076824 -0.026340861783667235
leaf_weight=150.60679585998878 676.27885673521087 2257.3052519354969 39.030638271942735 165.79916895180941 152.17310830298811 1220.3953680088744 1215.8343859282322 410.98938984563574 566.38329779636115 178.54490272700787 72.37448296463117 94.176858171820641 155.51464826241136 508.99894637148827 625.61124901287258 605.17421633284539 1095.5642315875739 1292.123113239184 587.71230898052454 1941.4730463372543 587.3105223570019 66.029667027294636 59.981064710766077 98.838643424678594 215.62341929413378 477.95497349835932 31.228666394948959 21.531575059518218 549.54261216893792 118.29205363336951 22.29659460298717 169.19995643943548 28.667827842757106 108.71329903509468 231.92709914315492 7.123552647419273 162.08047582395375 228.16544460505247 95.072693492285907 25.674734250642359 1006.1002892460674 725.0679385913536 81.349117854610085 115.80908727552742 9.2795862248167378 529.9294922281988 111.46927829831839 7.7239593504928044 1220.1720720571466 166.54810265079141 31.112556465901434 14.52763976017013 60.897516969125718 38.01074382988736 111.52762813214213 348.76211766572669 157.71137345023453 81.544240579009056 128.35382209718227 133.99484988674521 77.369326956570148 175.75756450090557
leaf_count=10179 90790 17195 1280 1998 4004 258081 13120 25447 5700 901 4221 4583 3022 16022 8566 7965 19441 8970 7828 18448 59811 3240 758 4185 2423 6756 838 337 25860 3704 857 7751 800 1160 2264 170 1332 1633 1125 394 10022 25861 923 1649 60 15459 4516 341 39681 4547 742 592 2066 2495 7283 7126 4032 1202 1024 598 405 2255
internal_value=-0.000614107 0.00297414 -0.00479958 0.00658119 -0.00598639 -0.0398772 0.00775983 -0.00311145 0.00534465 0.00286252 -0.0186608 -0.0062049 0.00932151 0.00204218 0.00450215 0.00675101 0.0102864 0.00543625 0.0199946 0.0143775 -0.0258938 -0.00721021 -0.0098892 0.00550063 0.0145782 -0.0079254 -0.0193155 -0.0108284 -0.00849087 -0.00518126 -0.0132846 0.00864585 0.0482895 -0.00471342 0.0061664 0.0799295 0.00250475 0.0120288 0.0198087 -0.00777614 -0.00654377 -0.0193957 0.0146833 0.0221902 0.0115036 0.0160619 0.0126184 0.0565543 0.00185615 0.0269954 0.0359801 0.00262596 0.012652 0.0529995 0.000358022 0.0202263 0.0129109 -0.000957235 -0.00736252 -0.00325419 0.00684784 -0.0101774
internal_weight=22650.3 20753.7 6577.72 14175.9 6341.03 1896.67 13110.7 5168.63 9605.21 7347.9 1172.4 4138.84 1029.78 7169.36 5572.72 4684.76 3580.57 2387.69 1192.89 3505.51 875.061 4044.67 3340.59 704.077 877.612 1065.23 509.184 3280.61 2869.62 2320.08 1078.37 235.012 65.8119 1104.18 537.799 43.5153 556.045 390.246 2036.55 287.751 1596.64 843.36 429.085 347.736 605.239 539.209 137.144 36.3918 1241.7 236.691 197.661 297.338 224.964 52.5384 172.425 722.097 506.473 1087.64 887.96 759.606 1468.96 253.127
internal_count=786038 437167 277827 159340 271258 348871 146783 179701 111430 94235 91557 159094 20607 93334 66088 55900 44204 28411 15793 35353 74900 154511 131567 22944 16603 12557 7594 130809 105362 79502 39484 9919 2168 11696 5996 1311 4963 2965 19573 15089 27246 29565 4836 3913 18759 15519 4910 1141 40018 6569 5289 16657 12436 3087 9349 13581 11158 11224 10188 9164 15780 2660
is_linear=0
shrinkage=0.05


Tree=46
num_leaves=63
num_cat=0
split_feature=36 12 51 37 49 15 42 48 53 49 5 24 45 52 29 42 53 49 48 24 39 40 51 17 47 45 41 26 48 49 34 40 53 40 43 49 5 49 5 39 48 49 12 47 49 42 53 49 48 47 23 19 17 37 39 23 17 45 53 49 49 48
split_gain=1209.37 183.5 138.003 173.001 126.969 116.925 104.991 74.8898 66.2048 99.6669 65.8461 68.7909 67.0491 59.1509 58.1992 58.6523 56.825 56.4733 53.1423 57.8871 72.0236 52.8077 61.6232 66.2595 52.7895 55.9876 51.9912 60.5068 51.8176 81.1314 85.4491 71.9974 66.8031 68.0663 63.5915 50.218 49.9778 48.8872 47.9243 54.8404 49.9158 47.8891 47.2529 55.8303 47.166 46.7928 50.4482 46.1871 57.7903 45.0661 43.3639 43.0999 42.6663 41.0328 53.5597 40.6955 55.0355 57.0255 54.3562 40.5596 75.1261 40.429
threshold=280.88236999511724 -49.149663925170891 58.513553619384773 286.05300903320318 247.43756103515628 -0.98665618896484364 7.5998916625976571 0.95489680767059337 1193.0000000000002 278.19204711914068 232.56377410888675 25.033315658569339 4.9188890457153329 135.44622802734378 3.3729181289672856 2.2430114746093754 19.250000000000004 269.73658752441412 0.52739697694778453 14.433798789978029 -8.2694282531738263 1.0392150878906252 58.513553619384773 -3.6867256164550777 -0.82595366239547718 0.064447402954101576 -0.52142748236656178 -2.6791095733642574 0.1492651700973511 273.35858154296881 7.746356964111329 0.64706420898437511 1089.1666564941409 -1.0588302612304685 -5.6484756469726554 290.50280761718756 237.715934753418 269.73658752441412 266.14660644531256 -19.02614593505859 -0.55223670601844776 267.40522766113287 -18.170272827148434 -3.7114353179931636 272.51168823242193 21.188232421875004 1324.3750000000002 265.70214843750006 -0.46314680576324457 8.8935022354125994 -37.756456375122063 -6.4858345985412589 -8.4754066467285138 279.65505981445318 -36.547565460205071 -18.475384712219235 -7.798686981201171 2.8621921539306645 344.16667175292974 272.37759399414068 263.43424987792974 -0.74852561950683583
decision_type=2 2 2 2 2 2 2 2 2 2 2 2 2 2 2 2 2 2 2 2 2 2 2 2 2 2 2 2 2 2 2 2 2 2 2 2 2 2 2 2 2 2 2 2 2 2 2 2 2 2 2 2 2 2 2 2 2 2 2 2 2 2
left_child=1 -1 8 13 21 6 10 16 -2 -10 11 18 -13 24 -7 49 17 -8 19 20 55 -3 23 -23 -4 -26 27 -12 29 30 38 53 36 -34 -33 -36 -31 47 39 40 59 -29 43 -18 -42 46 -45 48 -22 -16 -37 -9 -5 54 -30 -6 57 -57 -58 60 -28 -43
right_child=2 4 3 52 5 14 7 51 9 -11 26 12 -14 -15 15 -17 42 -19 -20 -21 37 22 -24 -25 25 -27 28 41 31 32 -32 34 33 -35 35 50 -38 -39 -40 -41 44 61 -44 45 -46 -47 -48 -49 -50 -51 -52 -53 -54 -55 -56 56 58 -59 -60 -61 -62 -63
leaf_value=-0.019122863298902476 -0.043416061756158003 0.060994205107681457 0.190101584759512 -0.035281585034114979 0.0038500255059618262 0.03742505726058197 -0.016211159603111314 -0.034447289605722554 0.2277888188860879 -0.011307683768671827 -0.023629321172578415 -0.00042165042432769188 -0.025459428576559119 -0.022258833476327976 0.004276202679317399 0.025791848982916955 -0.0075309050678763617 0.00983139983519302 0.016455834969203536 -0.0073633666787913657 0.027343065939515899 0.0064863203508985961 -0.037852236694700996 0.041525631110944136 0.091099960579653139 -0.02323328544483988 -0.011040051346473498 -0.026394236515741649 0.16267467906791766 0.0045774655069318456 -0.023613397975395686 -0.020120784288077023 0.10396453095587158 -0.020457496700605208 0.00012439354013389024 0.052784395716275849 -0.025281300584724539 0.0098461585447682312 -0.025816683641972444 -0.0085982133417734693 0.0047088716066191914 -0.035144865198030478 0.023813328884599954 0.0081259979973100464 0.058512104265539461 0.028360496049562901 0.063891485991923361 -0.052104817142722741 -0.018954397110271855 0.044482359633126446 -0.020774576750219806 0.0480023147466834 0.25821688125088421 0.012884323690210354 0.039164904766735224 0.019599660731127008 0.012070980222629223 0.15722115348482024 0.042697486436411927 0.023828253783057193 0.14220884061324632 0.020637816680264418
leaf_weight=892.10938872024417 1760.434316069819 90.249056786298752 9.2262531574815494 152.51439206628129 625.51871365029365 237.22124836593866 381.34755369275808 141.61959864711389 5.3435143004171577 23.646187964361161 131.55003750370815 1384.1030717613176 331.41134911309928 18.398487824480981 1426.3238457068801 515.46580208837986 409.71952009852976 458.39762454293668 1035.1147519508377 896.81613660696894 87.078304685652256 262.87872361950576 42.808245356194675 277.18050534278154 40.493301163427532 14.556604526005684 12.388766485266386 68.498625730164349 13.829436013475059 160.20662906952202 407.10979667678475 385.20789724215865 21.768033590167761 22.204395044595003 1607.4256190354936 83.30072606028989 1119.077959918417 331.78315078094602 138.02052060607821 472.84887158684433 711.58220595121384 34.342750270850956 729.05617393366992 1897.7040555076674 43.206877467222512 386.97428963100538 41.441574854776263 72.062704712152481 298.31468594633043 73.276068769395351 26.380338549613953 17.847940880805254 1.2483986248262215 42.955945597495884 24.028668688610196 15.419344767928125 735.96720551140606 14.706534059718249 180.38387640565634 84.365660856477916 22.560135085135698 599.28560660220683
leaf_count=71588 328094 545 182 28143 5650 1063 8367 3986 261 2447 4762 15377 6240 347 7236 2430 11694 10990 11534 11090 480 1181 230 1359 822 482 196 1232 341 2533 15888 17848 233 381 53105 1646 43977 1753 6660 4119 13944 844 6378 46167 504 6184 440 542 1908 368 297 102 21 1819 412 204 6095 221 1203 1062 412 9916
internal_value=-0.000582728 0.00305545 -0.0374383 -0.00153721 0.00406335 0.00330562 0.00186375 0.00842764 -0.0421819 0.0327637 -0.000530035 0.00320469 -0.00525857 0.0567905 0.0139998 0.0112421 0.00967411 -0.00199512 0.00658654 0.00345097 0.00755835 0.0254035 0.0198927 0.0244699 0.0794177 0.0608673 -0.00413085 0.00749039 -0.0059255 -0.00996195 -0.00331988 1.9442e-05 -0.0194592 0.0411362 -0.00176082 0.00235797 -0.021542 -0.00476587 0.00224364 0.00511895 0.0125393 0.013321 0.0125022 0.00948803 0.00778876 0.0124857 0.00931776 -0.0153637 -0.00849363 0.00624083 0.0350921 -0.0252194 -0.0328987 0.0463315 0.0842826 0.0137459 0.0202859 0.0867823 0.0180998 0.0425913 0.0878848 0.0176144
internal_weight=22548.3 20522.4 2025.86 236.437 19630.3 18957.2 16704.9 4464.11 1789.42 28.9897 12240.8 6008.68 1715.51 82.6746 2252.29 2015.07 4304.64 839.745 4293.17 3258.05 2361.23 673.117 582.867 540.059 64.2762 55.0499 6232.15 833.677 5398.47 3215.34 1892.08 2183.13 1323.26 43.9724 2102.31 1717.11 1279.28 789.239 1484.97 1346.95 874.104 702.127 3464.9 2735.84 754.789 2326.12 1939.15 457.456 385.393 1499.6 109.681 159.468 153.763 80.8141 37.8581 1572 946.477 30.1259 916.351 119.315 34.9489 633.628
internal_count=785535 424736 360799 29997 353148 349833 338736 94308 330802 2708 244428 62297 21617 1833 11097 10034 90220 19357 40680 29146 18056 3315 2770 2540 1486 1304 182131 16754 165377 89909 42785 75468 47124 614 72896 55048 46510 4683 26897 20237 16118 11992 70863 64485 14448 52791 46607 2930 2388 7604 1943 4088 28164 2572 753 13373 7723 425 7298 1670 608 10760
is_linear=0
shrinkage=0.05


Tree=47
num_leaves=63
num_cat=0
split_feature=2 18 53 49 49 48 50 38 16 54 48 51 49 54 16 38 32 42 54 49 49 41 49 48 48 52 52 23 40 35 49 51 42 16 29 47 40 46 48 29 49 37 47 2 44 10 44 54 18 29 51 45 48 14 49 35 23 54 49 49 35 53
split_gain=1132.59 195.529 94.792 100.68 87.1519 113.28 83.378 104.938 75.731 86.2691 71.8646 72.1752 68.1257 89.5882 91.9248 66.0715 65.1217 62.1088 62.0061 111.837 117.721 92.6802 86.169 68.5105 165.449 60.4678 58.898 56.8763 53.7164 53.1242 63.6779 58.5802 52.9034 57.1874 53.1214 52.7696 79.0126 72.3247 61.9397 57.8378 52.364 51.5162 47.2812 47.0406 44.5776 44.4217 78.7905 55.0549 47.0414 44.0918 43.6929 44.5049 43.5656 48.9621 43.552 70.444 41.9415 48.3356 48.2005 60.1156 46.6076 41.2617
threshold=287.34085083007818 -37.321014404296868 123.83333206176759 257.70365905761724 269.73658752441412 -0.44147184491157526 106.65961074829103 -39.529411315917962 -50.961944580078118 -0.6035533845424651 0.73976010084152233 74.316799163818374 263.06666564941412 -0.37940952181816096 -7.9526863098144522 -2.8235244750976558 29.157271385192875 11.629913330078127 -0.37940952181816096 267.04945373535162 272.01187133789068 0.11619454994797708 285.39907836914068 -0.5924580693244933 -0.60007590055465687 6.5096926689147958 23.392936706542972 -5.7618849277496329 -3.6862716674804683 -0.8988763391971587 276.94873046875006 56.461574554443366 5.6750793457031259 -0.51515579223632801 23.727355957031254 -0.3460474014282226 5.2745056152343759 4.4415607452392587 0.69629311561584484 12.858610153198244 276.94873046875006 237.67610931396487 -4.0538423061370841 217.18473052978518 -6.0279541015624991 286.64884948730474 -13.372867584228514 0.12940952181816109 -49.936346054077141 17.840677261352543 23.477389335632328 -5.4948101043701163 0.96787995100021373 -10.125907897949217 261.33148193359381 6.3238711357116708 -9.0357642173767072 -0.37940952181816096 268.43287658691412 262.42489624023443 23.059261322021488 262.91667175292974
decision_type=2 2 2 2 2 2 2 2 2 2 2 2 2 2 2 2 2 2 2 2 2 2 2 2 2 2 2 2 2 2 2 2 2 2 2 2 2 2 2 2 2 2 2 2 2 2 2 2 2 2 2 2 2 2 2 2 2 2 2 2 2 2
left_child=1 6 3 15 5 43 7 29 9 -8 11 -7 13 -13 -15 41 -17 27 19 -9 25 28 -22 24 -24 -21 35 -6 -20 30 -1 -31 33 34 -4 -10 45 38 -38 -40 -30 -3 -27 -5 -2 -37 -47 -48 -49 -23 51 -44 53 -34 55 -45 60 -58 59 -59 -12 -25
right_child=44 2 32 4 17 10 8 18 26 -11 56 12 -14 14 -16 16 -18 -19 21 20 22 49 23 61 -26 42 -28 -29 40 31 -32 -33 52 -35 -36 36 37 -39 39 -41 -42 -43 50 54 -46 46 47 48 -50 -51 -52 -53 -54 -55 -56 -57 57 58 -60 -61 -62 -63
leaf_value=0.038417691398841547 -0.022318760765868764 -0.013486012574919829 0.006256677370479369 0.032328013926361164 -8.285804912325444e-05 -0.018038613209984008 0.34021957998783137 -0.044351834654707684 0.0011174762967500335 0.014453852966155209 0.0063924246030342266 -0.029228727069484678 -0.02128310978289473 0.16254218947963697 0.034351000217073484 0.038979079735319812 0.011494144197740103 0.023649781410615342 -0.021394604883184398 -0.015397830467370976 -0.016320865921562681 -0.01842171890247463 -0.038005088705806205 0.02103251258911995 0.30644514757719943 -0.0048959188520622879 -0.0067777538209158605 0.019823929108300789 0.041880604126729934 -0.037210053771973749 -0.033833448238821597 0.016773593733824303 0.012331865514392415 0.018617547806867408 -0.011865661323952411 0.0073284669138204018 0.2572473122531464 -0.0010853810421047291 0.015625828555143221 0.19715885720984561 -0.00029721817477257041 0.01371980436092895 0.13245418644769677 0.036164667439634306 -0.045637717341948429 0.29452489142280386 -0.031027722568059381 -0.033485129295053061 0.13255284372241577 0.019077347547097081 0.021807075461198207 0.05779586461857409 -0.043115003992143394 0.029925171759193011 -0.0053321679598517116 -0.046331759727210133 -0.018103814667661897 0.028332860167243398 0.091622028791459975 -0.030045396015884213 -0.024655137134834682 -0.02015839516486588
leaf_weight=63.49569378234446 243.48080147569999 318.22203652560711 3917.3794354088604 190.87462744861841 2763.8860523654148 1976.4656133865938 3.6678661815822124 111.83280016807839 168.76392886508256 4.5574959367513639 252.6936510624364 27.273472824133933 65.046597613021731 21.651626778766513 39.49397356249392 343.79922979325056 577.57268533855677 389.77326268330216 97.71389637561515 49.484550428111106 451.48528004297987 1485.4005762576126 7.375699607655406 276.65370424324647 6.6108829556032997 39.644500741735101 373.17372865788639 412.34510900452733 151.44430452818051 561.03193511487916 58.677355088293552 55.197753084357828 1458.62877184432 841.93955078721046 450.91774175595492 113.36501376377419 8.840782676823439 11.474133871030061 9.9898018869571406 7.8243637145496896 143.14033723250031 383.94736245740205 24.118416622281075 165.60954006016254 1294.9251725114882 3.5084459083154789 14.193555462639777 5.5785138672217718 18.128748358692977 82.756589704658836 67.999421636108309 115.81369308801368 30.494186320342124 542.56148658692837 413.03388634137809 30.669155110605061 93.683781519532204 231.74890578351915 23.563004795461893 54.462016984820366 231.72037466615438 77.92117596976459
leaf_count=2499 33965 3288 59213 877 47736 32733 130 6470 5097 364 5360 460 1120 316 253 2005 3401 5292 3688 1935 19449 72009 378 9703 113 1558 15167 2017 2426 62902 5355 3333 23042 4012 5686 3304 252 373 338 155 4288 6643 477 950 289834 91 945 426 941 2041 2349 3721 510 3822 6537 562 1316 1711 259 878 6910 2632
internal_value=-0.000541177 0.00250367 0.00509528 0.00167107 -0.00080764 -0.00605736 -0.00651229 -0.00941789 0.00884653 0.15972 -0.0104922 -0.0154739 0.017557 0.0461302 0.0797434 0.0129444 0.0217498 0.00481305 -0.00548553 0.00331981 0.00809219 -0.0110053 -0.00167687 0.0162619 0.124802 0.03506 0.00715775 0.00250148 0.0107303 -0.026403 0.00371686 -0.0323746 0.00935433 0.00668572 0.004386 0.0215366 0.0394005 0.103872 0.149053 0.095359 0.0213862 0.00139017 0.0451454 0.0106681 -0.0419471 0.0235177 0.0678387 0.0468546 0.0934827 -0.0164428 0.0546863 0.0706638 0.0161979 0.0171018 0.00388289 0.0232743 0.00145839 0.013366 0.0228834 0.0172243 -0.00845924 0.0119804
internal_weight=22458.7 20920.3 16249.5 9007.54 7383.99 3817.99 4670.86 3927.8 743.066 8.22536 3017.8 2129.93 153.466 88.4191 61.1456 1623.54 921.372 3566 3189.4 1228.94 1117.11 1960.46 820.047 368.561 13.9866 297.061 734.841 3176.23 392.299 738.403 122.173 616.23 7241.92 5210.24 4368.3 361.667 192.903 38.1291 26.6549 17.8142 294.585 702.169 247.576 800.187 1538.41 154.774 41.4093 37.9008 23.7073 1568.16 207.932 139.932 2031.68 2001.19 609.313 196.279 887.872 403.458 309.774 286.211 484.414 354.575
internal_count=785617 461818 226909 130624 115287 60242 234909 207326 27583 494 51316 34882 2149 1029 569 15337 5406 55045 133237 48785 42315 84452 32275 12826 491 10040 27089 49753 10402 74089 7854 66235 96285 68911 64899 11922 6825 1118 745 493 6714 9931 8105 8926 323799 5707 2403 2312 1367 74050 6547 4198 27374 26864 8049 1512 16434 4164 2848 2589 12270 12335
is_linear=0
shrinkage=0.05


Tree=48
num_leaves=63
num_cat=0
split_feature=2 12 49 53 42 17 36 50 24 48 40 48 54 49 17 49 54 35 52 49 37 46 36 49 48 54 40 49 51 41 33 36 49 40 51 17 49 49 35 48 36 52 54 35 36 35 55 54 40 17 51 51 51 49 49 14 41 40 1 17 48 3
split_gain=1081.33 197.303 94.6424 96.6389 79.5959 88.7533 75.6793 81.9362 76.2289 98.4952 90.5902 67.1408 71.8266 68.5247 66.3531 66.1369 80.1564 93.0794 80.1859 75.882 74.2148 62.0809 58.5296 57.7228 57.7199 76.707 56.2148 54.1429 67.5772 57.2677 54.1341 53.7214 53.4561 51.1037 55.4266 56.1191 50.8046 56.6685 51.6809 50.1838 50.1017 48.208 48.2111 74.5379 78.2495 58.4685 65.7456 55.6418 82.2067 47.5643 45.7549 43.5226 43.3947 47.4846 102.034 43.0773 41.4053 46.7908 44.1708 41.0753 41.0408 40.7376
threshold=287.22605895996099 -37.030818939208977 247.43756103515628 233.16666412353518 11.916526794433596 -1.8849182128906248 280.88236999511724 123.18079376220705 0.98424291610717785 -0.025937020778656002 -1.9019622802734373 0.95832794904708873 0.12940952181816109 266.53407287597662 -29.824495315551754 270.65731811523443 0.78656607866287243 0.2933505922555924 83.907512664794936 260.24180603027349 257.46188354492193 0.29701423645019537 285.58824157714849 274.13537597656256 -0.57820284366607655 -0.37940952181816096 25.823532104492191 267.04945373535162 23.477389335632328 10.185907840728762 6.2163374423980722 198.529411315918 282.01361083984381 1.3921508789062502 58.513553619384773 -3.6867256164550777 267.93310546875006 285.57859802246099 8.8607130050659197 -0.44147184491157526 276.17646789550787 37.740104675292976 0.60355338454246532 17.806648254394535 252.05882263183597 5.4733462333679208 0.37940952181816107 0.98296290636062633 5.5097961425781259 -8.8059463500976545 26.269105911254886 71.68945693969728 41.671886444091804 267.56375122070318 259.31796264648443 -20.639093399047848 8.1805844306945819 36.490203857421882 218.40579986572268 -28.1078987121582 0.94973194599151622 263.29241943359381
decision_type=2 2 2 2 2 2 2 2 2 2 2 2 2 2 2 2 2 2 2 2 2 2 2 2 2 2 2 2 2 2 2 2 2 2 2 2 2 2 2 2 2 2 2 2 2 2 2 2 2 2 2 2 2 2 2 2 2 2 2 2 2 2
left_child=1 6 33 4 5 15 8 51 10 14 -1 12 13 -11 -10 16 19 -18 -19 20 26 -15 -2 41 25 -12 -4 29 -29 -21 -16 -7 61 -3 35 -35 60 38 -38 -33 -34 42 45 44 47 55 -47 48 -44 -20 -31 -8 53 54 -41 -17 58 -58 -56 -9 -23 -25
right_child=22 2 3 -5 -6 31 7 59 9 11 24 -13 -14 21 30 23 17 18 49 27 -22 36 -24 32 -26 -27 -28 28 -30 50 -32 39 40 34 -36 -37 37 -39 -40 52 -42 -43 43 -45 -46 46 -48 -49 -50 -51 -52 -53 -54 -55 56 -57 57 -59 -60 -61 -62 -63
leaf_value=-0.00086135425737381881 -0.026248281184781581 0.055536648662430299 0.011912571634997378 0.010789534965092468 0.015369626413378558 0.050126631098570441 -0.036861884907698927 0.013015551681428941 -0.032820011649196054 -0.034460380431029065 0.22531026216938926 -0.04006344291788598 -0.011252195984027699 -0.0084099968639954129 0.00071490435720592742 0.0019925143841939921 0.054111002447383011 -0.029970538929579883 0.1161297878837865 -0.0073869113811464828 -0.033219916683738693 0.042584635479020166 -0.047878153150376107 -0.014445856609174097 0.021651537352187625 0.055021424443180492 -0.026226115752471593 0.0052432170337342789 -0.024376424308436818 -0.04475298074322695 -0.03162056887591274 0.021984370389827698 0.010725925998930587 0.0058744099343349902 -0.037134049373022622 0.038810222303567218 0.038427555804557978 0.031514917521092575 -0.0063790979157159304 0.0070293372287017035 -0.023123092268426522 -0.024293679481565755 0.10922083262328917 -0.032778647310807395 -0.0059386465200637131 0.011248376746137018 -0.032663642956643708 -0.011942782023981593 0.032524705264290805 -0.0082381395856921304 -0.005085667005987774 0.021080239285081646 0.020648323524921117 0.012099798086175815 0.017368768860164596 0.036918584905417905 -0.032109723415292314 0.037216441439205931 -0.023250144701289457 0.17547492652630298 0.15909656920111129 0.014371064088749389
leaf_weight=769.73062483686954 445.19494250556454 105.64697133004665 1168.5086783105507 4270.6510677207261 1006.4276608331129 71.857775881886482 422.27857624785975 82.207809302955866 522.8549430812709 85.32979095261544 7.8136429716832927 105.87616088474169 745.34294414380565 274.29977367259562 444.53939708927646 147.31413991935551 38.06439007865265 649.47638169303536 15.05968658719212 422.18526150286198 114.77101498842239 95.557168995030224 1051.3481471966952 848.70196307171136 204.14838416874409 43.039161771535873 105.32715147081763 735.28530260408297 260.89229401294142 274.85383933316916 182.60318281082436 446.34664368256927 831.98773603793234 261.86126446537673 42.691123740747571 255.55336554348469 80.007707582786679 282.19246719358489 328.95511648338288 1017.6032641362399 125.85723256086931 82.918542576953769 76.414603346958756 35.729738690890372 55.830753775313497 225.11098213400692 137.18505187239498 21.651948787271976 64.368771344423294 15.705218529328702 98.837833925150335 35.103142326697707 340.69317617453635 748.45351626724005 136.17303565144539 220.32793138176203 390.84718066453934 25.955488219857216 131.62271090969443 4.0840182462707153 8.2072972753085178 143.35829386021942
leaf_count=20234 72005 638 14680 55609 15209 445 54002 5849 37269 5000 203 6170 38977 11521 11144 1862 431 14499 253 7533 4475 2518 254881 17676 6254 1512 1958 13867 5107 10407 7773 2129 13836 1171 228 1267 3785 7909 12674 5809 4218 1144 727 849 1555 4640 2781 208 813 185 3032 1979 2007 3939 595 1272 3412 118 634 127 203 3186
internal_value=-0.000387243 0.00255368 0.00518019 0.00438743 0.00195314 0.000632619 -0.00643531 -0.0239838 -0.00415313 -0.00800054 0.00769537 -0.00131197 0.00084755 0.00865879 -0.0196664 -0.00258986 -0.00689085 -0.0219767 -0.0262343 -0.00348395 0.00528943 0.0120999 -0.0414437 0.00296889 0.0335241 0.0811867 0.00875907 -0.0102822 -0.00251397 -0.0200054 -0.00870012 0.0073664 -0.00214697 0.0236399 0.0176236 0.0221416 0.0191772 0.0142795 0.00238668 0.00641737 0.00627829 0.0123192 0.0154047 0.0341672 0.0451261 0.00887595 -0.00537911 0.0626776 0.0741539 0.052641 -0.0342614 -0.0324149 0.00392815 0.00160369 -0.00301142 0.0229237 -0.0179362 -0.0277926 -0.00259559 0.0207044 0.0518002 -0.0102816
internal_weight=22388.8 20892.3 16168.1 15502.4 11231.7 10225.3 4724.17 543.674 4180.5 3155.77 1024.73 2005.77 1899.89 1154.55 1150 6915.72 3898.97 718.306 680.241 3180.66 1388.61 1069.22 1496.54 3016.76 255.001 50.8528 1273.84 1792.05 996.178 795.877 627.143 3309.55 1949.91 665.753 560.106 517.415 794.92 691.155 408.963 3237.7 957.845 1066.85 983.934 253.996 218.266 729.938 362.296 162.435 140.783 30.7649 373.692 457.382 2791.35 2450.66 1702.2 367.642 684.598 416.803 267.796 86.2918 103.764 992.06
internal_count=786393 459507 224404 221100 165491 150282 235103 61957 173146 144943 28203 88757 82587 43610 56186 131194 76427 15368 14937 61059 21113 38610 326886 54767 7969 1715 16638 39946 18974 20972 18917 19088 38916 3304 2666 2438 27089 24368 16459 18643 18054 15851 14707 4152 3303 10555 7421 1748 1540 438 13439 55981 16514 14507 10568 3134 4759 3530 1229 5976 2721 20862
is_linear=0
shrinkage=0.05


Tree=49
num_leaves=63
num_cat=0
split_feature=2 5 52 42 41 41 27 17 35 49 50 5 36 36 51 52 47 47 48 17 48 54 47 29 5 44 23 48 48 14 52 49 49 42 54 33 49 49 27 49 54 37 29 34 21 48 48 49 49 48 48 45 47 44 48 35 35 52 49 41 23 48
split_gain=1004.2 165.751 94.9633 87.6705 81.2702 71.1701 82.9367 74.4379 69.8966 68.3747 68.2708 61.6192 58.8459 56.0971 55.0183 54.1987 69.4844 53.1734 76.1464 85.1934 67.3148 70.164 66.6106 61.9253 58.1083 65.5909 52.7064 51.8653 56.6819 44.229 42.2687 43.8695 51.65 43.2227 41.9122 41.6156 42.1212 93.9123 48.1244 41.5502 62.7419 47.9326 40.3631 39.8203 44.1363 38.2306 69.0863 54.3772 132.366 48.7451 74.168 46.5287 50.7762 42.1333 41.779 40.3559 38.4654 37.8599 50.9954 37.0715 53.1369 36.6676
threshold=287.34085083007818 235.474235534668 42.129280090332038 2.4814987182617192 1.5613617300987246 -0.52142748236656178 -2.2763547897338863 -36.877807617187493 3.1561818122863774 247.43756103515628 46.628143310546882 225.14548492431643 286.17646789550787 202.64705657958987 38.31810379028321 45.833921432495124 -0.82595366239547718 -4.0538423061370841 0.01708924770355225 -29.496982574462887 0.95832794904708873 0.12940952181816109 0.53673219680786144 4.0189285278320321 285.73895263671881 -9.5470733642578107 -13.941028118133543 0.16143232583999637 -0.47515141963958735 -8.7177505493164045 45.53399848937989 280.31988525390631 286.81991577148443 11.916526794433596 -0.91597560048103321 23.331644058227543 256.94619750976568 266.53407287597662 13.336349487304689 263.73217773437506 0.12940952181816109 271.88453674316412 3.2615575790405278 -0.23787859082221982 -24.505388259887692 -0.44147184491157526 -0.65785205364227284 267.04945373535162 259.93206787109381 0.90649205446243297 0.59851765632629406 6.0477619171142587 2.7723121643066411 -1.079627990722656 -0.20686483383178708 5.1550817489624032 5.312911033630372 4.3194870948791513 265.21868896484381 12.330671787261965 -19.018526077270504 0.17304420471191409
decision_type=2 2 2 2 2 2 2 2 2 2 2 2 2 2 2 2 2 2 2 2 2 2 2 2 2 2 2 2 2 2 2 2 2 2 2 2 2 2 2 2 2 2 2 2 2 2 2 2 2 2 2 2 2 2 2 2 2 2 2 2 2 2
left_child=1 2 8 5 27 6 -3 15 -1 11 13 -10 -2 -11 45 -7 -17 43 19 39 21 24 -23 -21 26 -26 35 28 -5 -13 33 -32 -33 -24 -30 36 38 -38 -20 40 -19 -42 -36 -6 -45 46 -15 48 54 50 51 52 -49 -48 56 -55 -47 58 -12 60 -4 -9
right_child=12 3 59 4 17 7 -8 61 9 10 57 29 -14 14 -16 16 -18 18 20 23 -22 22 30 -25 25 -27 -28 -29 34 -31 31 32 -34 -35 42 -37 37 -39 -40 -41 41 -43 -44 44 -46 47 53 49 -50 -51 -52 -53 -54 55 -56 -57 -58 -59 -60 -61 -62 -63
leaf_value=0.029373129235799756 -0.026321936205425164 -0.016252670711221908 -0.035517351167186934 0.026006279569095542 0.094635140313378524 -0.035682010571934424 0.018203974837120374 -0.013158536279467913 0.037613911780435466 0.029337356556727829 0.067764816396961886 0.025729122085649005 -0.048113031964973206 -0.031881487890129047 0.023162827423181424 0.084805503131910598 -0.018369036960049934 -0.039064402100575199 0.028992968813652788 0.0031332087533612928 -0.032679353435806961 -0.014563572147975757 -0.0016173675502149172 -0.02046205154365012 0.37107621589226675 0.071204063114547009 -0.038444510650028692 0.12648805189214543 0.068110505330775603 -0.018855400544786044 0.011817697515648755 0.16614336675057073 0.012751947995875413 0.036302077928508335 0.00064904466046655015 -0.0056510507125848933 -0.034113648345355206 0.025743203302439777 0.13751370011904937 -0.028807317658640499 0.23066269606511464 0.024740770494303552 0.10428608263362989 -0.027205938722539371 0.0050798316759420974 0.017196094856737905 -0.00048298334084961739 0.0027569367919209908 -0.023539534480727098 -0.021858461740707352 0.022807023382885261 -0.016257898211093021 0.04404323250976401 0.051247490166953028 0.0030867060422066482 0.016610861026760539 -0.055471989886041212 0.010504611939315225 0.010815060017104527 -0.020687292513847308 0.012399235217893004 -0.0007734450301724856
leaf_weight=366.72298205085099 457.64823296386749 276.63018665462732 74.37696092762053 450.23167607514188 7.9486188520677379 446.61986516229808 473.67141794366762 1450.1543885869905 336.63424754142761 192.26789966225624 69.144272177480161 112.60431468486786 959.0666482928209 82.038946024142206 287.71305731404573 21.770664614159614 65.161353910341859 12.24557372974232 26.164765394292772 1516.327288354747 100.75893235020339 453.672816186212 324.68751628138125 340.51952932402492 2.2451047189533702 9.7110762051306647 41.681113148108125 9.929814513307063 24.644732935354114 109.93251168727875 26.197414743248373 14.082355384714903 8.9922184799797815 97.78174261469394 780.44379117246717 147.44936064677313 71.728230274748057 758.22393928375095 16.759814750403166 433.45081272767857 5.4682852784171683 5.8483033613301814 9.5094191366806609 376.27120594121516 147.29327764827758 26.454520523548126 227.85357089620084 889.7207735972479 745.11045694723725 152.97250517643988 553.36082992842421 302.032186425291 81.273938887752593 116.42407317832112 1758.5723663140088 302.85867957212031 58.436696061864495 3314.4608203889802 91.097730492241681 408.26973491068929 260.50865750201046 1016.5442061801441
leaf_count=1878 79699 14252 784 9510 195 51081 10174 46063 1734 994 495 523 244117 834 2594 560 3834 832 355 24784 5211 20544 13835 12036 146 941 697 329 528 487 822 263 259 2599 16514 4179 3807 26527 307 27969 184 259 95 17850 2814 129 2083 8095 10701 2717 5715 3156 603 607 17191 2438 519 30728 749 5240 1667 38925
internal_value=-0.000336624 0.00242586 0.00668135 -0.00223509 0.00140552 -0.00827302 0.00550009 -0.0117174 0.00794124 0.00714014 0.00611397 0.0241188 -0.0410737 0.00278294 0.00186875 -0.0286513 0.00746929 -0.00149609 0.000302995 -0.00595354 0.00719624 0.00920577 -0.000884581 -0.00119383 0.0179004 0.127513 0.0166664 0.0126625 0.0117689 0.0037045 0.0122705 0.0560958 0.106366 0.0071592 0.00389985 0.0189177 0.023068 0.0205701 0.0713647 -0.0252923 0.0393705 0.124244 0.00189662 -0.0164368 -0.0181231 0.000712162 0.0113438 -0.000984955 -0.00575531 0.00525363 0.00752446 0.000881413 0.00621267 0.0168236 0.00143291 0.0262286 -0.0328265 0.0116522 0.0353888 -0.0105732 0.00175712 -0.00805455
internal_weight=22308.4 20891.7 10920.8 9970.82 6220.27 3750.55 750.302 3000.25 10177.7 9810.96 9251.79 559.171 1416.71 5777.09 5584.82 533.552 86.932 4945.51 4414 2313.86 2100.14 1999.38 925.414 1856.85 1073.96 11.9562 1062.01 1274.76 1264.83 222.537 471.741 49.272 23.0746 422.469 814.598 1020.33 872.877 829.952 42.9246 457.013 23.5622 11.3166 789.953 531.513 523.564 5297.11 729.175 4567.93 2588.57 1979.36 1826.39 1273.03 970.995 647.136 1843.46 419.283 84.8912 3474.7 160.242 743.155 334.886 2466.7
internal_count=785757 461941 102661 359280 194391 164889 24426 140463 94970 93092 90348 2744 323816 58376 57382 55475 4394 167415 146556 66064 80492 75281 38322 36820 36959 1087 35872 26976 26647 1010 17778 1344 522 16434 17137 35175 30996 30334 662 29244 1275 443 16609 20859 20664 54788 5962 48826 28540 20286 17569 11854 8698 5128 17839 3045 648 31972 1244 7691 2451 84988
is_linear=0
shrinkage=0.05


Tree=50
num_leaves=63
num_cat=0
split_feature=2 12 39 49 49 54 54 52 52 42 17 49 17 49 49 47 54 49 49 55 42 50 41 52 46 11 39 49 41 23 28 39 29 49 24 10 55 5 11 49 38 2 54 49 49 45 35 39 38 39 49 34 11 39 5 49 49 31 35 38 29 17
split_gain=947.193 170.726 89.0535 76.2455 84.9089 87.0702 170.341 113.211 88.1685 81.992 79.1635 77.0839 91.6272 75.22 73.5481 65.97 73.928 70.5479 77.7837 79.335 69.6215 67.1203 76.3877 66.3022 64.5298 62.3862 116.731 86.4102 61.6262 94.7529 65.3496 57.0027 54.73 53.9419 76.7435 65.5111 53.415 54.9654 58.8765 54.3621 60.5436 53.2863 53.2806 75.1058 66.1156 57.3101 55.267 67.5924 52.2531 52.0756 77.403 62.1884 52.0021 51.9912 63.9237 51.1231 56.0355 49.925 47.6377 52.7119 47.5331 50.0707
threshold=287.34085083007818 -37.321014404296868 -1.2745085358619688 247.43756103515628 270.65731811523443 0.78656607866287243 -1.0000000180025095e-35 42.129280090332038 45.53399848937989 4.1132049560546884 1.1571083068847658 263.06666564941412 -8.8059463500976545 259.31796264648443 259.51712036132818 -4.4585323333740225 0.37940952181816107 262.42489624023443 275.32183837890631 -0.12940952181816107 14.770606994628908 106.65961074829103 -0.52142748236656178 13.851301670074465 4.5509929656982431 286.20248413085943 -47.708059310913079 266.37236022949224 11.621637821197512 -13.333340644836424 33.410676956176765 -2.7966600656509395 -2.6497731208801265 260.66418457031256 6.7151956558227548 259.43740844726568 -0.6035533845424651 229.60315704345706 252.05545806884768 268.43287658691412 -3.0000076293945308 230.77836608886722 -0.6035533845424651 267.04945373535162 268.59339904785162 0.33998680114746099 -1.516543924808502 -44.849676132202141 -5.6470565795898429 -32.602762222290032 267.04945373535162 21.725051879882816 223.49978637695315 -5.6702983379364005 223.57719421386722 274.13537597656256 279.94920349121099 2.4184569120407109 6.6697025299072275 -12.941169738769529 1.9835796356201174 -3.6867256164550777
decision_type=2 2 2 2 2 2 2 2 2 2 2 2 2 2 2 2 2 2 2 2 2 2 2 2 2 2 2 2 2 2 2 2 2 2 2 2 2 2 2 2 2 2 2 2 2 2 2 2 2 2 2 2 2 2 2 2 2 2 2 2 2 2
left_child=1 15 3 60 5 6 7 13 31 -6 28 12 -10 -5 -15 -1 17 -17 24 -20 -21 22 32 25 42 27 -27 -23 33 -30 53 -7 -18 58 52 -36 39 38 -38 40 41 -16 43 -19 -44 57 47 -46 55 50 -43 -52 -35 -31 -55 -11 -57 -45 59 -8 -3 -62
right_child=-2 2 -4 4 9 8 10 -9 11 48 -12 -13 -14 14 36 16 21 18 19 20 -22 23 -24 -25 -26 26 -28 -29 29 30 -32 -33 -34 34 35 -37 37 -39 -40 -41 -42 49 44 45 46 -47 -48 -49 -50 -51 51 -53 -54 54 -56 56 -58 -59 -60 -61 61 -63
leaf_value=-0.029524053693455996 -0.04085790861822667 0.070674820805634725 0.018964558953839399 0.0070577971824988209 0.0027460736408614576 -0.016956205639460573 0.097568819592136952 -0.035727841287481271 0.12617658965823986 0.021366299807592193 0.052235670274789425 -0.034916387594431934 0.020442022750999843 -0.043187906460131494 0.056744550113251517 -0.041999675585214009 -0.024654272891936033 -0.04719388395996995 0.0086146201916315907 -0.020512225692724682 0.016888397833013231 0.10837019855591573 -0.023397665305252214 -0.0088461321866816333 -0.026517699080604591 -0.017389918549011032 0.18768075283474436 -0.014896602892124487 -0.013344412500810469 0.0042638510741122206 -0.024524554654175849 0.01211581155828988 0.019122443975378225 -0.068633663078145168 0.039971338433340997 -0.027211074305689576 -0.0057755409723679665 -0.020219529168754774 0.038904326734209509 -0.02602361672966564 -0.015014631049871045 -0.044001383651597586 0.027549460135962253 0.102364239234441 0.23663045526307505 0.010943970115866078 -0.014186730948994858 0.01519393498210672 0.02538439512603935 0.0028852505074406431 0.18202777872977921 0.049987153220129747 0.0030860311058443428 0.01990781702861642 0.070922546798085587 -0.011048230993805344 0.013090031607273574 0.042405621563050513 -0.023610300738103846 0.033243819058566548 0.0017927877539454162 0.030843346477100294
leaf_weight=286.4229005924426 1358.5413675650489 44.100754790008068 1015.5776457563043 1420.1847001817077 3453.4914130307734 1406.0531903319061 35.663672071881592 267.50978908874094 28.901698638685048 576.86403889022768 114.16633450984955 35.176876356825233 70.395065277814865 135.67549394164234 94.020977321080863 93.755033537745476 107.75997687503695 27.078718597535044 647.99199807131663 752.03153747227043 149.10008953791112 19.228220136836171 1110.7211112291552 179.20975889638066 91.314352005254477 11.716369508299978 17.01982267620042 54.553432666230947 551.49541527405381 501.16480218898505 111.22402226459235 191.58532585203648 211.58057932881638 26.700654372572899 268.72064351383597 41.951204618439078 879.87796824146062 732.0119112059474 80.476085880771279 102.15539003070444 133.84547051973641 14.209019962698219 226.56902794027701 44.072853073012084 4.8570581725798574 113.47752734273672 267.19174002017826 11.863868143409489 784.98978534154594 230.72945445310324 12.96235387958586 28.575593180023134 473.22039474360645 459.94676089845598 70.867272922769189 425.2281188480556 553.24656034819782 163.56545726070181 32.144518009386957 297.71412827447057 285.72270637378097 308.44630178809166
leaf_count=13009 323355 263 4796 18014 56829 23116 421 4584 366 8741 508 546 573 1892 1167 5674 6402 2027 29084 46661 4379 272 73075 8299 4457 582 433 1270 16328 6439 836 933 5436 115 3329 1931 7964 17610 789 1810 1742 870 8016 1264 245 4595 13161 610 5506 5081 297 360 6156 2893 589 9347 9636 6545 519 1563 1320 1605
internal_value=-0.000403117 0.00222803 0.00462727 0.00367444 0.00293708 -0.000143676 0.00230303 -0.00427131 -0.0101972 0.00764254 0.0114042 0.0286858 0.0512175 -0.00209394 -0.00741075 -0.00628859 -0.00474255 0.000581474 0.00217892 -0.00472885 -0.014324 -0.0128069 -0.0172014 0.00949974 0.0134432 0.0415699 0.104069 0.0172279 0.00978039 0.00367759 0.0118892 -0.01347 0.0043502 0.0185741 0.0113835 0.0308994 -0.00530838 -0.00989847 -0.00203144 0.00729199 0.0139089 0.0240832 0.0176928 0.0327734 0.00740646 0.0395168 -0.00866813 0.0795163 0.014868 0.0133638 0.0567332 0.0911918 -0.000744499 0.0158138 0.0267186 0.00956026 0.00259996 0.0551323 0.0345201 0.0401251 0.0205909 0.0168736
internal_weight=22246.6 20888.1 16297 15281.4 14643.1 8849.33 7117.21 4132.23 1732.11 5793.82 2984.98 134.474 99.2968 3864.72 2444.54 4591.08 4304.66 2592.87 2499.11 1549.12 901.132 1711.79 1430.06 281.728 949.991 102.518 28.7362 73.7817 2870.81 1694.7 1143.2 1597.64 319.341 1176.12 810.593 310.672 2308.86 1692.37 960.354 616.498 514.343 380.497 858.676 348.195 510.482 321.116 283.913 16.7209 2340.33 286.476 55.747 41.5379 499.921 1031.98 530.814 1555.34 978.475 207.638 365.522 333.378 638.27 594.169
internal_count=786235 462880 227384 222588 219400 129341 103807 62180 25534 90059 41627 1485 939 57596 39582 235496 222487 126718 121044 80124 51040 95769 84913 10856 40920 2557 1015 1542 41119 27085 10757 24049 11838 14034 11531 5260 37690 26363 8753 11327 9517 7775 36463 14431 22032 12404 14016 855 33230 6608 1527 657 6271 9921 3482 27724 18983 7809 2503 1984 3188 2925
is_linear=0
shrinkage=0.05


Tree=51
num_leaves=63
num_cat=0
split_feature=36 17 50 36 49 41 29 41 40 45 40 49 49 50 48 48 5 49 48 29 48 16 35 37 46 23 29 49 49 53 49 49 54 48 46 49 52 36 42 29 31 54 42 54 48 55 29 44 17 5 48 48 43 42 2 17 2 54 26 41 32 50
split_gain=896.46 170.104 102.522 80.7531 91.4341 80.143 76.5149 83.0029 68.6862 65.947 62.0465 91.3795 98.1272 118.931 106.496 100.667 69.3976 81.828 65.1601 60.5753 67.5969 65.3695 77.4712 58.6495 57.664 57.2286 81.97 56.9225 75.9353 55.9903 55.032 67.1751 57.9106 54.9572 53.8585 52.2859 72.5751 49.9478 49.6748 49.5244 59.4085 45.9437 45.8856 45.3066 44.8658 44.8982 44.6898 58.687 44.4099 40.9932 39.955 40.0449 39.1671 41.086 39.1645 54.0013 63.3167 52.3446 48.721 42.5008 125.165 42.0289
threshold=284.41175842285162 -30.528387069702145 92.951648712158217 215.00000000000003 254.46063232421878 3.8332159519195561 16.001280784606937 -0.42216905951499933 -3.2156906127929683 10.474720954895021 24.705894470214847 260.24180603027349 267.04945373535162 62.104207992553718 -0.28530356287956232 -0.28530356287956232 221.87969207763675 267.40522766113287 0.96787995100021373 4.8646564483642587 0.44594246149063116 0.42283630371093756 28.49505710601807 282.85040283203131 0.98338270187377941 -20.082290649414059 3.2083749771118169 286.04714965820318 284.34808349609381 10.500000000000002 278.19204711914068 288.57763671875006 0.91597560048103344 -0.25980782508850092 1.0235643386840823 265.21868896484381 4.3194870948791513 197.94117736816409 12.527160644531252 3.4783353805541997 5.3416576385498056 0.12940952181816109 5.4705276489257821 -0.37940952181816096 -0.32840815186500544 0.60355338454246532 -0.51363897323608387 -6.2618751525878897 -5.9205398559570304 247.22598266601565 -0.26709595322608942 -0.27623295783996576 -0.97433471679687489 5.7833557128906259 276.86122131347662 -9.1633796691894513 244.84070587158206 -0.6035533845424651 16.553675651550297 14.094405174255373 9.1348538398742694 95.97998428344728
decision_type=2 2 2 2 2 2 2 2 2 2 2 2 2 2 2 2 2 2 2 2 2 2 2 2 2 2 2 2 2 2 2 2 2 2 2 2 2 2 2 2 2 2 2 2 2 2 2 2 2 2 2 2 2 2 2 2 2 2 2 2 2 2
left_child=1 2 6 4 -3 27 7 8 -1 10 11 25 13 15 16 -13 -14 -18 24 -6 37 22 -22 -8 -16 26 49 28 33 34 32 -32 -10 44 -29 36 -15 -21 50 -4 -41 -31 -19 -9 45 -5 -46 -48 -11 -7 51 -26 -47 -54 55 -52 -57 59 -58 60 -56 -59
right_child=-2 3 39 5 19 9 23 43 30 48 -12 12 14 35 18 -17 17 42 -20 20 21 -23 -24 -25 38 -27 -28 29 -30 41 31 -33 -34 -35 -36 -37 -38 -39 -40 40 -42 -43 -44 -45 46 52 47 -49 -50 -51 54 -53 53 -55 57 56 58 61 -60 -61 -62 -63
leaf_value=-0.018286323654450421 -0.044331818408357995 0.044341087987630839 -0.002864945316892728 -0.034661992791982288 0.024372452832008753 0.046078689963429419 0.032835632457849095 -0.010423185874334658 0.021896309782758024 -0.03013334238752436 -0.014499249092748346 -0.0020131622178104578 0.015963593368156094 0.10143698511188488 -0.0020542918210460746 -0.035434046511821478 0.091637533534188451 -0.027379933555184144 -0.042608950577278273 0.047130212623859746 0.041218045221733959 0.038782998143409242 0.0020558582073576539 -0.039909159631786241 0.002598821192194881 0.012770470324445032 -0.018958998868224965 -0.026325164398559066 0.035198211303114027 0.0081319700512495555 -0.024193196748846804 0.053974010117287821 0.095657886879452175 -0.0021235872485593109 0.10846698088137652 -0.020271329373425375 0.010545081540010383 -0.0060348344081521121 0.026609006022715567 0.18775022138307584 0.020266469463077239 -0.035247049569873783 -0.0069632630993167318 -0.026723252984654739 0.012793218794679311 0.021250630811728882 0.1361281592783766 0.039990116194931709 -0.005130560077112805 -0.020891048710164797 -0.0029375137167618596 0.1067325035085563 -0.006738387573197409 0.014743197607731377 0.055875537524132636 0.0076672322762256747 0.024625306395413021 9.2949445434123269e-05 0.082559185702274607 0.0036430358278494051 0.35248848136695354 0.080639091914152042
leaf_weight=244.38015281921253 1111.1380473917816 194.84024156630039 455.64608009019867 52.706662063021213 514.83694262430072 89.747858921997249 140.57638568803668 668.92390913469717 120.1475131562911 271.07254110556096 590.83422577381134 362.51946002570912 211.8660591840744 23.343507893383503 1333.3327908366919 595.33340765163302 17.625350091606379 538.96149182831869 68.294186706654727 46.170494616031647 149.36776485294104 211.73001192510128 817.11970197409391 34.509557123761624 16.948553279042244 2422.8478108532727 341.1220081076026 12.71285866526887 296.50606905575842 96.39316186029464 109.51193217840046 36.694827809929848 34.179449568036944 832.94620391959324 17.769025241490453 133.5581431123428 371.16985320486128 1023.6010890640318 409.91428896225989 5.3911981596611431 295.86792850401253 166.42170786112547 562.33002184843644 1175.3808736586943 95.20780341187492 686.6004555253312 20.561861385125667 69.629952939227223 515.04449680261314 30.655570725444704 1029.4340722425841 20.277930927462876 393.34288084134459 512.74233428807929 11.953726024366921 1221.3373315893114 168.29024263843894 72.515172900166363 46.267585303634405 7.8750043432228258 5.0631391340866676 20.853013193700463
leaf_count=12355 293028 1305 23142 781 2306 830 2866 57682 1853 10662 8833 7073 1421 194 27316 21775 226 14100 1835 300 729 1002 4226 2236 217 22652 11287 339 2835 1580 3266 1197 545 10599 417 3323 7375 4927 8489 282 11087 5160 12646 102696 953 7138 197 726 5593 792 32964 361 4944 3951 533 12294 1946 2629 817 260 224 521
internal_value=-0.000561691 0.00174953 -0.00863481 0.00369567 0.0112366 0.00218499 -0.0134075 -0.0157456 0.00139954 0.00022644 0.00125111 0.00216944 -0.000825591 -0.0122822 0.00212829 -0.0227852 -0.010276 -0.0152444 0.00585258 0.00890199 0.00535893 0.0136206 0.00810826 0.0184976 0.00661096 0.0096966 -0.00644015 0.00911396 0.0111957 -0.0118969 0.0174072 -0.00457487 0.0382326 0.00852392 0.0522502 0.00676899 0.0159232 -0.00374027 0.0104231 0.00753462 0.0232637 -0.0193368 -0.016955 -0.0208113 0.0133682 0.0107407 0.036686 0.0619076 -0.0137521 0.0290277 0.00789155 0.0593223 0.0122433 0.00541777 0.00715049 0.00580219 0.0120679 0.035258 0.0371183 0.0996835 0.144129 0.0180823
internal_weight=22153.9 21042.8 3321.21 17721.6 2957.67 14763.9 2564.3 2389.22 544.914 11510.4 10724.3 10133.4 7249.06 1485.92 5763.14 957.853 1330.78 1118.92 4432.36 2762.83 2247.99 1178.22 966.487 175.086 4364.06 2884.37 461.525 3253.54 2960.24 293.297 300.534 146.207 154.327 2663.74 30.4819 528.072 394.513 1069.77 3030.73 756.905 301.259 262.815 1101.29 1844.3 1830.79 1645.39 185.4 90.1918 786.117 120.403 2620.82 37.2265 1592.69 906.085 2583.59 2465.33 1435.9 118.26 214.558 24.8919 17.0169 93.3682
internal_count=785838 492810 219207 273603 14795 258808 184696 179594 19216 219188 202933 194100 158539 39740 118799 28848 28393 26972 90406 13490 11184 5957 4955 5102 88571 35561 12909 39620 32124 7496 6861 4463 2398 29289 756 10892 7569 5227 61255 34511 11369 6740 26746 160378 18690 16814 1876 923 16255 1622 52766 578 16033 8895 52188 48021 15057 4167 2763 1017 757 3150
is_linear=0
shrinkage=0.05


Tree=52
num_leaves=63
num_cat=0
split_feature=2 39 47 49 53 17 34 50 51 39 36 36 55 16 49 51 49 55 55 49 36 11 12 41 47 49 5 26 52 49 36 29 11 29 35 28 32 29 53 11 41 49 36 55 49 45 23 52 28 45 52 49 49 49 49 29 49 11 49 41 31 11
split_gain=817.228 146.32 83.4276 77.7774 81.7774 72.9679 112.534 79.2562 68.8323 66.7367 70.1112 66.4919 61.3127 60.2328 96.8494 94.0803 75.7065 75.5747 70.3705 75.2438 56.8849 64.3454 52.4918 52.0271 51.8318 51.7621 48.3648 74.303 47.9906 58.5591 58.5426 52.4496 47.5021 49.9958 85.1566 46.6353 45.6022 62.2143 45.2775 44.6414 43.3132 65.0333 64.9238 57.7583 55.3645 52.4556 46.9319 47.0594 42.2211 41.9666 41.8076 40.6565 70.1189 40.3282 49.0999 42.9079 51.593 40.6069 55.0214 42.2041 42.671 41.693
threshold=287.22605895996099 -39.456792831420891 2.5512099266052251 254.46063232421878 181.30554962158206 -30.172519683837887 2.0350207090377812 92.951648712158217 21.383964538574222 -42.941904067993157 272.05882263183599 285.58824157714849 1.0000000180025095e-35 1.0000000180025095e-35 267.04945373535162 30.066114425659183 259.72676086425787 0.37940952181816107 -0.91597560048103321 260.66418457031256 280.88236999511724 289.37577819824224 -48.964616775512688 25.773903846740726 0.39853242039680487 263.99104309082037 217.3274841308594 12.858920097351076 38.203815460205085 278.19204711914068 277.94117736816412 4.1528625488281259 281.97647094726568 4.1528625488281259 12.015593051910402 19.9517936706543 0.73901042342185985 8.0376853942871112 12.733333587646486 228.57014465332034 7.3798115253448495 288.57763671875006 241.47058868408206 0.12940952181816107 273.35858154296881 -8.487184524536131 -5.7618849277496329 16.116878509521488 1.0002479553222658 2.5002574920654301 4.3194870948791513 268.43287658691412 266.53407287597662 256.32855224609381 261.09867858886724 17.453790664672855 256.60597229003912 216.65484619140628 270.26141357421881 9.7201657295227069 0.29843775928020483 243.90852355957034
decision_type=2 2 2 2 2 2 2 2 2 2 2 2 2 2 2 2 2 2 2 2 2 2 2 2 2 2 2 2 2 2 2 2 2 2 2 2 2 2 2 2 2 2 2 2 2 2 2 2 2 2 2 2 2 2 2 2 2 2 2 2 2 2
left_child=1 2 5 8 13 7 9 20 -3 10 -7 -2 22 14 15 16 23 18 19 35 21 36 -8 38 49 -17 -10 39 30 -30 40 -31 51 -34 -35 -18 -1 -38 -5 -28 41 42 45 46 -44 -16 -42 -48 -43 -12 -6 52 -24 -52 55 -55 -57 -56 59 60 -59 -60
right_child=11 3 -4 4 50 6 12 -9 26 -11 24 -13 -14 -15 28 25 17 -19 -20 -21 -22 -23 32 -25 -26 -27 27 -29 29 31 -32 -33 33 34 -36 -37 37 -39 -40 -41 43 48 44 -45 -46 -47 47 -49 -50 -51 53 -53 -54 54 57 56 -58 58 61 -61 -62 -63
leaf_value=0.001205035667046364 -0.022562393111796815 0.027701939898810118 -0.027474059048356637 -0.018348515264104366 0.027070426604047224 0.045191934984957174 -0.018271000139785925 0.00715908032397416 0.02292478532262246 0.016003700579395878 0.14425776850799485 -0.047098129915071708 -0.016088077999601474 0.01296177952520613 0.053659425510951292 0.015211205681598797 -0.0023565927721338601 -0.0092095324091680461 -0.042448003745873944 -0.031623724916375051 -0.034610334441549657 0.039732238953029186 -0.018340819520404648 -0.013927831479255094 0.087733939471403621 -0.018951969802843676 0.054166258371659629 -0.041068545524661659 -0.027825759019465764 -0.012992013608362064 -0.037896966321479944 0.03569702944282345 0.0073894589996214982 0.18999338771101773 0.035532673429572198 0.082700022216647767 -0.028286173403217221 0.00043189884133026631 0.0087062082403241616 -0.0088505900387515126 0.0036386113126684592 0.032595092872649244 0.013992633612306103 -0.0082654540375498766 -0.0081620404385333075 0.015113798715199502 0.041961614892847207 -0.0072155891504525173 0.11665358699494557 0.35012325163471358 -0.01140669218421262 0.00023171961303595983 0.084205520219386848 0.024578155428089537 0.030866240876225318 0.050043671183316797 -9.2818328422972497e-05 -0.034215740419553428 0.022108110938893238 -0.011098635802054314 0.010367896788852266 0.0054287337707651269
leaf_weight=390.2113781562075 402.86287314794026 610.60759489424527 452.78258615941741 190.35548397526145 265.10797005798668 51.384622168727219 108.54509049467742 531.21198690310121 151.85119134187698 97.713015023153275 5.6014224113896507 877.75400490127504 366.48896505357698 854.58577082306147 99.729927932843566 611.9531726562418 34.20876182243228 818.94428832363337 455.99988552602008 99.052798890508711 303.39449437218718 60.565757980104536 27.068760350346565 722.10858922172338 14.643494679592548 135.40942219365388 44.764020659029484 119.46722237113863 262.07602541241795 136.27774872677401 79.571021285839379 93.098729708697647 25.679065969306976 15.013233514036981 21.997814649250358 30.468702971935272 605.00305626448244 274.00146019970998 824.34476464195177 75.511493519879878 1823.2109512872994 49.582651533186436 497.05528438696638 1008.3333506174386 651.75374057888985 767.687360804528 164.69953043758869 69.039577830582857 21.379919700324535 4.4361706208437681 289.94947170373052 186.55997417867184 43.393050111830235 701.67918001208454 146.47745778411627 57.827253411523998 455.46395615767688 59.283241406548768 469.32567670103163 819.11820013495162 566.69143215660006 1857.5901476470754
leaf_count=14199 72411 3481 22878 2845 2740 955 4749 25013 856 1590 339 254437 13487 4165 717 8583 288 12812 14059 3628 44384 4644 1638 8872 318 2908 231 847 4433 2450 4468 1714 816 453 769 257 49550 13388 10150 394 35697 845 7100 21300 13346 5011 863 409 274 111 3326 5626 1002 6644 634 724 4580 741 3249 15698 7115 34721
internal_value=-0.000614143 0.00177517 -0.00741237 0.00369144 0.00285468 -0.00451297 0.0068941 -0.00961743 0.0172083 0.0433421 0.0784605 -0.0393796 -0.00107559 0.000239171 -0.000887947 -0.00693951 -0.010696 -0.0191785 -0.0323521 -0.00423423 -0.0150742 -0.010617 0.0117716 -0.00366951 0.147724 0.00902142 0.000845746 -0.0131389 0.00325975 -0.0116789 0.00466296 0.00676977 0.0219714 0.0609954 0.0981884 0.0377125 -0.0130196 -0.0193342 0.0036308 0.014603 0.00532022 0.0108758 0.00921999 0.00153738 0.00142362 0.0195455 0.00634281 0.0274361 0.0579206 0.235241 0.00768288 0.012453 0.0448111 0.00673517 0.00775987 0.0165416 0.00555555 0.00503699 0.00403396 -0.00362891 0.00614558 0.00879287
internal_weight=22058 20777.3 3585.7 17191.6 16189.4 3132.91 968.525 2164.39 1002.2 173.779 76.0657 1280.62 794.746 10500.9 9646.34 3922.85 3175.48 1438.67 619.73 163.73 1633.18 1329.78 428.257 1736.81 24.6811 747.363 391.594 239.743 5723.5 491.453 5232.04 229.376 319.712 62.6901 37.011 64.6775 1269.22 879.005 1014.7 120.276 5152.47 2087.19 2016.23 3065.28 1148.81 867.417 2056.95 233.739 70.9626 10.0376 5688.51 257.022 70.4618 5423.41 5133.46 1214.97 513.291 3918.49 3772.01 1445.09 625.975 2326.92
internal_count=785932 459084 205909 253175 247366 183031 31853 151178 5809 3313 1723 326848 28540 167194 163029 64402 52911 31044 18232 4173 126165 81781 15053 21867 768 11491 2328 1472 98627 8597 90030 4164 10304 2038 1222 545 77137 62938 12995 625 85562 27293 26174 58269 20446 5728 36969 1272 1119 450 80172 8266 2640 77432 74106 11948 5304 62158 61524 23554 7856 37970
is_linear=0
shrinkage=0.05


Tree=53
num_leaves=63
num_cat=0
split_feature=1 5 42 11 20 52 36 47 23 35 43 0 53 49 53 51 49 49 49 48 49 36 54 34 48 29 52 13 48 35 51 54 49 48 41 40 52 4 14 42 29 48 49 11 52 35 52 49 5 29 41 53 52 36 47 53 48 36 52 44 19 49
split_gain=806.279 113.825 92.0282 77.3946 75.771 68.5508 65.153 58.5119 73.158 51.4654 50.768 50.3155 51.4506 47.6401 46.7674 50.5547 72.6679 45.564 78.597 99.0089 81.6513 61.6938 46.0124 45.0318 44.5822 47.8779 72.1514 49.7831 44.547 42.8002 42.4524 41.817 52.7802 41.6902 43.1278 75.5121 49.5843 41.4833 41.9581 61.0189 41.1761 40.2573 40.1386 103.839 45.2013 40.0723 39.7284 44.7738 39.7077 39.6704 39.4815 39.1253 38.3407 37.0665 36.1136 35.9002 35.3852 35.0405 34.7495 34.2582 50.8539 34.2422
threshold=288.12187194824224 231.42743682861331 7.5998916625976571 289.37577819824224 -49.502565383911126 41.616329193115241 286.17646789550787 -2.3608226776123042 -19.018526077270504 5.1550817489624032 -11.422637939453123 285.45860290527349 1089.1666564941409 247.43756103515628 212.86110687255862 40.069252014160163 263.06666564941412 264.55642700195318 258.72836303710943 0.89492958784103405 260.66418457031256 209.70588684082034 1.0000000180025095e-35 7.5486042499542245 -0.20686483383178708 16.347610473632816 13.363667011260988 0.66212463378906261 0.95832794904708873 12.320700168609621 6.3059055805206308 -0.37940952181816096 267.04945373535162 -0.69827961921691883 -0.52142748236656178 -4.0196228027343741 9.8019967079162615 284.39865112304693 -49.187402725219719 10.123611450195314 13.884313583374025 0.15471708774566653 268.95562744140631 251.37928009033206 12.047642707824709 25.378603935241703 11.811219692230226 255.32789611816409 224.38174438476565 4.7146072387695321 13.238681316375734 19.250000000000004 34.799779891967781 224.41176605224612 -0.58748960494995106 95.222221374511733 -0.67741933465003956 215.00000000000003 4.7196087837219247 2.1701450347900395 -47.88281059265136 285.23387145996099
decision_type=2 2 2 2 2 2 2 2 2 2 2 2 2 2 2 2 2 2 2 2 2 2 2 2 2 2 2 2 2 2 2 2 2 2 2 2 2 2 2 2 2 2 2 2 2 2 2 2 2 2 2 2 2 2 2 2 2 2 2 2 2 2
left_child=1 5 10 4 -4 9 -2 8 23 57 -3 33 54 48 15 17 51 18 24 21 22 -20 -21 49 -15 26 55 46 31 37 -9 32 -19 -12 35 -35 -37 -5 -39 -40 -23 -28 43 -34 -45 56 47 -27 -11 61 -7 -17 -53 -24 59 -26 -33 -1 -32 -13 -61 -6
right_child=6 2 3 29 7 50 -8 30 -10 13 11 12 -14 14 -16 16 -18 28 19 20 -22 40 53 -25 25 27 41 -29 -30 -31 58 45 42 34 -36 36 -38 38 39 -41 -42 -43 -44 44 -46 -47 -48 -49 -50 -51 -52 52 -54 -55 -56 -57 -58 -59 -60 60 -62 -63
leaf_value=0.044329069421625955 -0.024321882862959984 -0.022420511168370304 -0.02418496643842559 0.013209438437773847 -0.0049724219558950596 0.004298050094343875 -0.04745008335719874 -0.0060026941238984629 0.024432405446370778 0.033574339801920226 -0.023186601684031992 -0.0049299210562277268 0.036876331938252148 -0.062089021070703125 0.011701988994388235 0.078366429330325782 0.0012682820478386444 -0.044772552223406856 -0.0013622650794491644 0.0093333250665115757 -0.029014571180291049 -0.019247207197858017 0.10668511491901969 -0.02076464100608268 0.014567300125047297 0.028251569841238805 0.0084980204046389268 0.040199328224728728 -0.034682170705185221 0.16774063085266028 0.038915570424463912 -0.039119915563414723 -0.00033444360165936087 -0.021759306661802473 -0.0030271945992640004 -0.0068166230536718568 0.02464100342052598 -0.0049308168785199107 0.00020705584472510273 0.2463529645187045 -0.04618287846455222 0.071012757247848154 -0.0017086217613307203 0.0218900921685804 0.10227892452163034 0.047494718547207049 -0.012555219767252147 -0.0021499562944484493 0.0033196183555520226 0.11303396573464786 -0.020470344288348694 0.041164776616431809 -0.010257310506425438 0.035293188100862766 -0.027369890436743701 -0.039107187581929548 0.013392345769727738 0.01494252983452006 0.010870547726089006 0.0012624175228636929 0.26366065250500509 0.048968843751056881
leaf_weight=116.3350992873311 494.90805621491745 374.76969918701798 222.40126479137689 34.32416961947456 287.64853591518477 291.30894130840898 791.47087185806595 367.81349680060521 178.48985135275871 279.14700774103403 226.61953819636256 149.06523517798632 42.013567463029176 25.079207427799702 2008.6475111301988 48.013071050867438 309.78285336494446 60.170643957331777 250.4738507270813 96.486963853240013 77.767469771206379 322.78277378808707 28.257901491597295 476.67932867398486 141.61998508311808 170.09077239222825 36.705919317901134 74.034249231219292 64.664556257426739 8.2013335400260967 116.4118650672026 33.171418902464211 168.17611697688699 158.03537614317611 5183.477203046903 167.57760958373547 496.11866266140714 5.4392317123711136 3.7823799126781505 7.5306856888346374 253.16332858987153 86.299537705257535 867.98112324625254 28.675289091654122 44.81456002779305 84.582028038799763 499.20913493167609 420.54551567416638 177.35180730372667 8.0341432774439436 359.38587400410324 139.56961214635521 48.96729937940836 50.985489469021559 460.17057904577814 39.938690733164549 975.39461487159133 792.32695876900107 2157.6981394216418 4.7792688845656812 3.0089943762868634 32.773245397023857
leaf_count=590 86009 14722 16675 1304 7169 1947 240613 8601 2024 1471 8402 13861 1271 208 15878 300 2825 1430 1148 952 1964 3298 178 18210 1304 1114 283 449 1041 401 1630 335 1864 5493 154911 3201 9029 549 212 386 3671 542 7168 334 379 918 4558 4145 790 278 4117 1020 469 460 62559 341 8371 4174 46497 374 146 706
internal_value=-0.000145674 0.00224743 -0.00117095 0.00501705 0.00414364 0.00627968 -0.038552 0.00588139 -0.00452861 0.00743494 -0.00449866 -0.00352396 -0.0166622 0.00614073 0.00518075 0.00277614 0.017203 0.00116794 -0.00341702 -0.0136931 0.0136423 -0.022078 0.0325196 -0.010949 0.00401327 0.00514221 0.0227913 0.000523786 0.00623709 0.061714 0.00975718 0.00740637 0.000836027 -0.00213455 -0.0013401 0.00930207 0.0166982 0.0446893 0.109189 0.164057 -0.0310871 0.0523578 0.00330915 0.0213313 0.0709117 0.0144375 -0.00217141 0.00660504 0.0218202 0.0032963 -0.00938181 0.038071 0.0278093 0.0607513 -0.0203077 0.00276016 0.0116652 0.0187049 0.0123062 0.000411256 0.10264 0.000544776
internal_weight=21931.1 20644.8 11172.9 3907.23 3847.95 9471.91 1286.38 3625.55 983.625 8821.21 7265.64 6890.87 659.038 7912.55 7456.05 5447.4 546.333 4901.07 2573.44 1079.92 253.498 826.42 175.73 805.135 1493.52 1468.44 304.564 1163.88 2327.63 59.2778 2641.92 2262.97 1169.82 6231.83 6005.21 821.732 663.696 51.0765 16.7523 11.3131 575.946 123.005 1109.65 241.666 73.4898 1093.15 1089.85 590.636 456.499 328.456 650.695 236.55 188.537 79.2434 617.024 181.559 1008.57 908.662 2274.11 156.853 7.78826 320.422
internal_count=785269 458647 378611 104642 101790 80036 326622 85115 28387 73972 273969 259247 78211 69208 66947 51069 4614 46455 24615 11671 3554 8117 1590 26363 12944 12736 2470 10266 21840 2852 56728 20799 11175 181036 172634 17723 12230 2451 1147 598 6969 825 9745 2577 713 9624 9817 5259 2261 8153 6064 1789 1489 638 76940 1645 8706 4764 48127 14381 520 7875
is_linear=0
shrinkage=0.05


Tree=54
num_leaves=63
num_cat=0
split_feature=2 17 16 17 50 36 47 11 29 41 49 38 42 48 14 36 49 43 16 42 36 41 52 41 48 49 49 49 45 33 40 55 48 9 29 47 49 49 29 38 51 53 50 55 24 47 2 48 41 4 38 17 35 49 4 49 17 55 48 49 1 50
split_gain=757.363 122.247 74.7459 67.0711 65.532 98.2325 63.3852 69.8957 58.5274 72.384 66.8136 61.9353 58.4136 64.4814 59.4729 54.9658 52.2358 49.8524 47.3117 59.2335 43.2556 42.9152 45.8522 42.0236 68.8396 46.6074 44.0142 39.299 36.789 61.6172 36.6345 36.246 106.679 37.9625 63.8521 35.9128 34.9441 74.8293 45.2956 44.7715 34.5813 54.0882 45.4599 69.1165 39.9318 35.9347 44.0312 34.3518 33.9907 37.186 33.7821 44.7241 33.6855 33.6197 46.0886 43.3044 37.7405 33.2503 41.9545 55.0616 40.52 49.5401
threshold=287.34085083007818 -21.121566772460934 -25.225526809692379 -0.37291717529296869 82.059875488281264 280.88236999511724 -2.9631891250610347 289.04753112792974 14.724085807800295 0.83224147558212291 290.03321838378912 -31.176460266113278 7.0202407836914071 0.91809886693954479 -15.461837768554686 286.17646789550787 255.59030914306643 -1.7713623046874998 -50.961944580078118 4.4444503784179696 199.70588684082034 -2.5001218318939205 10.028089046478273 8.2887921333313006 0.44594246149063116 262.42489624023443 255.95982360839847 266.53407287597662 12.60835647583008 8.8814735412597674 1.8823699951171877 0.98296290636062633 -0.50290912389755238 267.42488098144537 -0.31980514526367182 1.4465465545654299 276.94873046875006 275.56561279296881 -2.2310204505920406 -27.64705657958984 56.739677429199226 859.75000000000011 205.75521087646487 -0.6035533845424651 16.908154487609867 -1.0899019241333006 267.28131103515631 -0.53677642345428456 16.91430759429932 249.31996917724612 -28.941169738769528 -39.424926757812493 -0.8988763391971587 256.94619750976568 213.36898040771487 265.70214843750006 0.44061279296875006 -0.6035533845424651 0.34924721717834478 255.59030914306643 249.34619903564456 62.202312469482429
decision_type=2 2 2 2 2 2 2 2 2 2 2 2 2 2 2 2 2 2 2 2 2 2 2 2 2 2 2 2 2 2 2 2 2 2 2 2 2 2 2 2 2 2 2 2 2 2 2 2 2 2 2 2 2 2 2 2 2 2 2 2 2 2
left_child=1 4 30 12 5 6 -1 8 9 21 11 -11 28 14 -14 -2 -5 -6 19 -19 -18 -8 -23 -22 25 -25 -26 -10 -4 -30 -3 -13 -33 -34 -35 -12 37 47 -39 -38 41 42 -20 44 -44 -43 -47 -24 -29 -50 51 -51 -41 56 55 -55 -28 60 -59 -60 61 -16
right_child=15 2 3 16 17 -7 7 -9 27 10 35 31 13 -15 57 -17 20 18 40 -21 23 22 36 24 26 -27 53 48 29 -31 -32 32 33 34 -36 -37 39 38 -40 52 -42 45 43 -45 -46 46 -48 -49 49 50 -52 -53 -54 54 -56 -57 -58 58 59 -61 -62 -63
leaf_value=-0.028326926824255989 -0.024521814448711394 0.041865130704520997 0.00090398802194673392 0.037487069534564176 -0.017940947485067093 -0.032812763060452721 -0.04559783319841005 0.043393375414299551 -0.036260352326266274 -0.02862868729399843 0.013175805265214913 -0.011166466141948241 0.003411269403085811 -0.018687501438554292 0.010211238610533552 -0.047411455155566253 0.04181442905180377 0.20588393327806731 -0.013761557501648411 -0.029029553486718897 0.019920485498925982 -0.010854343947995039 0.068923167505427083 -0.023702635362606802 -0.026966646741973122 0.0022027597251555245 0.016191343614798969 0.10651984547948944 0.017888618666748009 -0.023575067247568856 0.0079897166412897635 -0.026727951261464596 0.12689813403975472 0.13120570041985635 -0.041891743322649611 0.09189323568919347 -0.011695111169784464 0.0048356189548300335 0.074998653869283297 0.057056998738745646 0.01712309436106008 -0.010278355354935194 0.19238893645489094 0.00054691654810042132 0.027802147569470217 0.12227797148072772 0.028968278418729451 0.0011542272447101214 0.081893368245300108 -0.030677003996663996 -0.0064190737716179821 0.040087014167319197 0.0038423152692484254 0.010816614937992405 -0.0095423622892875301 0.04582359363405681 0.068455437169964273 0.017756473027041454 0.045970697764409214 -0.02146885099111439 0.083623438050946727 0.058041741766514998
leaf_weight=278.70477144280449 399.21680733654648 191.50157632678747 8912.4394505620003 177.03576906397939 207.52233458682895 360.65702575724572 42.479181514587253 77.612158350646496 34.371093157213181 570.90152658335865 71.021479909308255 1074.7865582499653 1706.6428548032418 213.77740104869008 168.38377614319324 764.58144549652934 97.439912125468254 6.6527339250314963 434.17011734307744 4.4975673034787178 528.60770516842604 293.0261018043384 20.55291143245995 275.69369914382696 61.754041634500027 468.97749811038375 79.10436038300395 10.963591245003043 119.12716299854219 361.48331559728831 136.84104786813259 52.701209153048694 21.265138760209084 9.3815544052049535 12.329122488386927 18.202906689140946 225.14026315696537 31.335330430883914 86.502990445122123 50.719368243589997 529.59480690537021 48.189979614689946 8.9853238649666292 41.972795341629535 6.2477247188799074 14.639518298208712 92.699672304559499 207.35150603950024 20.563746508210897 26.952948137186468 131.28815615270287 130.13426757091656 71.890671397559345 315.40417280048132 178.12051256932318 122.71086066961288 61.315181244164705 944.49386536329985 37.806449579074979 151.75587094761431 34.225119626149535 79.788477946072817
leaf_count=17513 79401 3393 123734 1124 8778 51841 2002 5625 2380 50406 1722 45805 26296 4082 1854 243917 644 347 21014 349 2410 7459 278 1304 340 2271 411 397 1438 8699 5932 2198 233 130 383 391 8596 450 840 621 17510 786 399 1887 218 163 1743 4325 211 1329 2920 2206 1108 1483 1253 538 279 7236 264 1806 325 710
internal_value=-0.00031019 0.00189113 0.00414627 0.00363294 -0.00463986 -0.00794407 -0.00543185 -0.00349321 -0.00462549 -0.00700043 -0.0129646 -0.0151269 0.00219608 0.00787869 0.00969716 -0.0395596 0.0113632 0.00466959 0.00862041 0.11113 0.00925059 0.00360987 0.00572874 0.00773363 0.00361223 -0.00738799 0.0136213 0.0145443 0.00017734 -0.0132976 0.0277471 -0.00854126 0.020949 0.0794152 0.0329066 0.0292352 0.0127357 0.0239919 0.056341 0.00154444 0.00764888 -0.000107276 -0.00824119 0.0336562 0.124885 0.0255909 0.0416944 0.00726578 0.0200029 0.0169326 0.0123003 0.0279454 0.0258553 0.0169339 0.0119029 0.0206217 0.0390128 0.0172708 0.0134481 -0.00801866 0.0326224 0.025589
internal_weight=21914.2 20750.4 15424.4 15096.1 5326.01 3930.84 3570.18 3291.47 3213.86 2859.59 1830.59 1741.37 12729.9 3336.87 3123.1 1163.8 2366.16 1395.17 1187.65 11.1503 2189.13 1029 986.519 2091.69 1563.08 744.671 818.409 354.274 9393.05 480.61 328.343 1170.46 95.677 42.9758 21.7107 89.2244 693.493 345.743 117.838 347.75 1176.5 646.905 491.376 57.2058 15.233 155.529 107.339 227.904 319.903 308.939 288.375 157.087 122.61 756.655 616.236 438.115 140.42 1416.45 1134.06 189.562 282.397 248.172
internal_count=785707 462389 197826 188501 264563 211369 159528 142015 136390 126947 101268 99155 176444 42573 38491 323318 12057 53194 44416 696 10933 25679 23677 10289 7879 3575 4304 9443 133871 10137 9325 48749 2944 746 513 2113 16218 5893 1290 10325 43720 26210 23518 2504 617 2692 1906 4603 7063 6666 6455 3535 1729 3964 3274 2021 690 12195 9306 2070 2889 2564
is_linear=0
shrinkage=0.05


Tree=55
num_leaves=63
num_cat=0
split_feature=36 17 36 41 50 3 49 48 52 51 35 40 28 42 13 49 51 41 2 0 40 3 45 48 48 40 35 48 49 49 37 49 49 54 55 41 54 17 35 49 23 52 43 25 38 36 29 22 48 49 23 46 48 55 48 17 49 48 49 54 48 49
split_gain=703.372 132.575 80.0975 87.1602 79.3385 84.6768 67.6992 62.4412 61.3714 55.2722 54.3902 92.7051 60.5097 51.0987 58.9744 48.1848 44.281 42.7541 41.97 65.0433 41.3924 40.3667 47.7516 46.5114 134.413 46.479 45.0291 43.8238 42.481 41.5586 38.0327 37.8665 76.7665 59.1113 48.7439 60.8207 62.2675 65.4205 60.1687 46.4815 52.2913 38.8797 37.4894 38.9373 38.4034 37.4272 50.2841 72.0899 37.987 41.0627 37.286 36.9566 39.3828 36.8422 56.7178 37.6087 42.967 81.3395 51.2469 98.4615 59.7631 107.963
threshold=285.00000000000006 -34.913860321044915 216.76470184326175 28.908982276916507 126.96470260620119 266.01635742187506 255.59030914306643 0.9702095389366151 12.910952091217043 5.6344866752624521 -0.23971917480230329 6.9803848266601571 -2.5656070709228511 9.2958908081054705 -14.342750549316404 289.84396362304693 80.382499694824233 4.9857223033905038 286.11729431152349 287.81193542480474 -1.7646942138671873 214.27725219726565 12.60835647583008 0.8446832299232484 0.86031579971313488 10.647064208984377 7.3780336380004892 0.82240825891494762 258.98173522949224 260.66418457031256 228.44952392578128 286.04714965820318 285.09815979003912 1.0000000180025095e-35 0.91597560048103344 11.766399860382082 0.98296290636062633 -8.1291046142578107 7.9522657394409189 287.85705566406256 -35.460803985595696 25.382464408874515 2.2233505249023442 18.33455848693848 -36.352928161621087 199.11765289306643 31.354249954223636 1.0000000180025095e-35 0.48329061269760137 256.32855224609381 -29.211380958557125 0.108579158782959 0.10494250059127809 0.98296290636062633 -0.50290912389755238 -4.2366523742675772 276.94873046875006 -0.13870242238044736 270.65731811523443 0.60355338454246532 -0.091793358325958238 273.35858154296881
decision_type=2 2 2 2 2 2 2 2 2 2 2 2 2 2 2 2 2 2 2 2 2 2 2 2 2 2 2 2 2 2 2 2 2 2 2 2 2 2 2 2 2 2 2 2 2 2 2 2 2 2 2 2 2 2 2 2 2 2 2 2 2 2
left_child=1 4 6 7 10 -6 -3 9 18 15 12 -12 -1 21 16 -4 17 20 -7 -20 -15 -11 23 27 -25 -26 -24 31 -27 -30 -9 32 53 39 35 36 37 38 -34 -33 -41 -42 43 44 -13 -8 -47 48 -48 -50 -22 -19 -53 55 -55 56 58 -58 -23 -60 61 -61
right_child=-2 2 3 -5 5 8 45 30 -10 13 11 42 -14 14 -16 -17 -18 51 19 -21 50 22 26 24 25 28 -28 -29 29 -31 -32 33 34 -35 -36 -37 -38 -39 -40 40 41 -43 -44 -45 -46 46 47 -49 49 -51 -52 52 -54 54 -56 -57 57 -59 59 60 -62 -63
leaf_value=-0.024458607386255538 -0.043838676680292975 0.031005655532826071 -0.0066549039714425204 -0.013413413280359774 0.22624585955119209 0.025071787150351972 0.041537789140361256 0.065656425275320465 -0.0053564066875804658 0.029785150658014077 -0.025193291781172258 0.0063120215803316691 0.015166660069435732 0.0061382808322468793 0.030739902507403261 0.07143382909168898 -0.018721583139171036 -0.0097677170648730032 0.27448856410239036 0.060357353433753064 0.041751360364544611 -0.0030431985302549901 0.014921808781335536 0.087233816388015195 -0.010912745862735676 -0.018681114729403616 -0.02261084013595269 -0.025248497989541464 0.040629533058378568 0.010885034079659642 -0.047765096099790377 -0.012412061505163633 0.080225487820426253 -0.021844705096926584 -0.017164920085898535 -0.015115676274734619 -0.048175609128188711 0.00089391168297730432 0.20699518335079767 -0.00084284869778785071 0.014590613323956345 0.080976539905687317 -0.026239492964989147 -0.011526699219994566 0.052207350712547035 0.0095203536858975094 -0.053490316587187961 0.027510157564258689 -0.043096488363691988 -0.0013744506060330327 0.011806058935361652 -0.0025409992711517807 0.016776650914071788 0.0059764760407536519 0.050689790443520767 0.0072042252893592153 -0.026319860256594704 0.0048877324877952804 -0.0016605010826299827 0.092102567788451703 0.011134025271891394 0.020247930639558459
leaf_weight=143.72572611318901 882.64708278980106 341.80305688083172 1668.897785947891 917.87803587410599 4.6155226537957779 80.739302500616759 79.269110105931759 8.0834234841167909 204.87707109912299 131.03678742051125 1126.3641881297808 109.28353550750762 292.23748553637415 365.36840303661302 304.16745601966977 19.991458174772561 152.31419785134494 363.44690706627443 4.408551259897652 18.13320555887185 245.61882478557527 2536.0748527769465 103.66507502552122 57.728762266924605 227.94605358992703 79.039171006530523 348.76996496878564 150.86884541995823 174.33539673872292 359.78089529275894 86.291633581742644 184.91230830550194 72.094963207142428 402.97651288378984 35.942943083355203 30.475078095216304 11.148002514615653 22.710060377605259 10.756622012471778 108.39674545591697 40.349541884381324 48.644233409315348 84.616936228703707 114.74581171269529 78.191911266883835 2642.3211193270981 62.573133312165737 113.19904844462872 76.702502522617579 255.14074169844389 180.22669939696789 455.08448237273842 627.82211176678538 271.08843821450137 96.052100234664977 1979.5704132243991 433.41411305801012 402.8817893457599 857.33910237648524 79.23706491291523 308.12759213568643 153.63729158602655
leaf_count=10401 280665 2086 34721 20761 113 2060 553 73 11640 727 129231 11889 8881 3170 2349 446 2974 10912 153 1194 4168 55708 1151 933 6551 1350 8261 3558 1599 7517 2368 4218 1360 13535 1094 631 286 206 348 3326 735 641 6416 5449 3160 13552 303 526 482 1278 1147 10990 17763 4529 1287 14817 11378 11683 15822 986 7170 2667
internal_value=-0.000116016 0.00172632 0.0031103 0.00151907 -0.00970634 0.0136702 0.00984515 0.00248455 0.0104863 0.00275582 -0.0134575 -0.0179406 0.00210324 0.00391046 0.0100036 -0.00573056 0.00736446 0.00914017 0.0419133 0.102236 0.0184848 0.00222147 0.00184476 0.00263002 0.0134299 0.00836443 -0.0140111 0.00145147 0.0155309 0.0205936 -0.0380503 0.00194965 0.00307185 -0.00848315 0.035036 0.0477836 0.0642077 0.0760761 0.096684 0.00560096 0.0224753 0.0508773 0.00317716 0.0114133 0.025454 0.00760536 0.00675144 -0.00766174 -0.0177562 -0.0110181 0.0290779 0.00402829 0.00865853 0.00224943 0.0176745 0.00141048 -0.000993591 -0.0112857 0.0011941 0.00887899 0.0255812 0.044697
internal_weight=21829.8 20947.1 18685.2 15114.2 2261.94 312.774 3571.01 14196.3 308.158 14101.9 1949.17 1513.2 435.963 12413 2694.05 1688.89 2389.88 2237.57 103.281 22.5418 791.214 9719 9587.96 9135.53 898.83 841.102 452.435 8236.7 613.155 534.116 94.3751 8085.83 7300.55 785.279 183.128 147.185 116.71 105.562 82.8516 382.303 197.391 88.9938 386.838 302.221 187.475 3229.21 3149.94 507.615 394.416 331.843 425.846 1446.35 1082.91 7117.42 367.141 6750.28 4770.71 836.296 3934.42 1398.34 541.002 232.874
internal_count=785948 505283 314696 295916 190587 15160 18780 275155 15047 272714 175427 156145 19282 237547 53473 35167 51124 48150 3407 1347 8485 184074 183347 173935 17950 17017 9412 155985 10466 9116 2441 152427 129972 22455 3925 2831 2200 1914 1708 8920 4702 1376 26914 20498 15049 16694 16141 2589 2063 1760 5315 39665 28753 126047 5816 120231 105414 23061 82353 26645 10823 3653
is_linear=0
shrinkage=0.05


Tree=56
num_leaves=63
num_cat=0
split_feature=36 39 13 47 29 25 54 29 53 49 39 48 49 49 51 49 49 31 48 47 48 49 49 49 49 35 53 36 55 48 29 49 49 52 5 49 52 49 29 41 36 48 41 49 41 49 29 49 49 55 38 20 42 48 36 45 54 43 52 48 45 53
split_gain=679.977 128.459 59.8465 67.2019 70.6444 64.4236 74.7379 61.1928 58.3951 74.9231 59.9932 54.1336 54.9508 66.9084 56.544 99.4589 54.0086 63.8104 59.7055 53.2954 57.0056 49.6081 47.5752 45.183 83.654 45.06 44.9913 46.0684 63.6051 72.3 56.1023 47.9342 67.0196 41.9157 71.5989 46.8345 40.4463 40.4101 62.6764 51.2233 39.0461 46.7125 70.4421 48.9841 45.3825 70.2349 51.1086 45.9954 72.4337 82.4633 46.7326 49.568 43.1411 42.6715 44.7568 43.0011 40.012 38.7537 41.2664 38.5486 38.3398 38.1926
threshold=285.00000000000006 -38.37908744812011 -53.770162582397454 2.4523838758468632 7.4085721969604501 0.27588653564453131 -0.37940952181816096 -2.073426246643066 13.111111164093019 247.43756103515628 -5.6702983379364005 0.95832794904708873 268.43287658691412 276.58561706542974 50.025959014892585 288.78967285156256 265.99908447265631 21.300905227661136 0.78265082836151134 0.88332438468933117 0.81550949811935436 267.78880310058599 269.97990417480474 267.04945373535162 275.76867675781256 8.9718360900878924 333.62500000000006 213.82353210449222 0.98296290636062633 -0.50708106160163868 24.770523071289066 267.78880310058599 280.76860046386724 25.382464408874515 280.76469421386724 285.67515563964849 16.755406379699711 290.36918640136724 3.5391874313354497 8.9259219169616717 276.17646789550787 -0.043153882026672356 11.0813364982605 257.70365905761724 16.91430759429932 255.95982360839847 6.8392353057861337 266.63755798339849 258.72836303710943 0.37940952181816107 -6.9411697387695304 -29.158726692199703 21.188232421875004 0.53731119632720958 219.70588684082034 -9.7524280548095685 -0.6035533845424651 -1.6824798583984373 100.17806625366212 0.20595771074295047 -0.18334388732910153 1089.1666564941409
decision_type=2 2 2 2 2 2 2 2 2 2 2 2 2 2 2 2 2 2 2 2 2 2 2 2 2 2 2 2 2 2 2 2 2 2 2 2 2 2 2 2 2 2 2 2 2 2 2 2 2 2 2 2 2 2 2 2 2 2 2 2 2 2
left_child=1 2 -1 4 5 7 23 -4 10 -10 22 12 16 -14 -15 -16 -6 18 -18 20 -20 -22 -3 -7 25 61 27 -11 30 -30 40 36 -33 35 -35 -28 -31 -8 -39 -40 41 42 43 -29 45 46 -43 48 49 -47 51 -49 -45 54 -46 -55 -54 -5 -59 -26 -36 -25
right_child=-2 8 3 57 11 6 37 -9 9 26 -12 -13 13 14 15 -17 17 -19 19 -21 21 -23 -24 24 59 -27 33 28 29 31 -32 32 -34 34 60 -37 -38 38 39 -41 -42 44 -44 52 53 47 -48 50 -50 -51 -52 -53 56 55 -56 -57 -58 58 -60 -61 -62 -63
leaf_value=-0.037465278931157482 -0.044385079951960449 -0.015763192320818489 -0.0096566358484195952 -0.027703627947333404 4.2278033897732227e-05 -0.047848190319951495 -0.023743338622795665 0.015790943982003518 0.02327273386298338 0.010003874828279233 0.0097660852936720145 -0.037642118868019075 -0.020348500874404832 0.0086371882296602445 0.092253238363630696 -0.035592856384590608 0.022222810759491025 -0.009090806363544722 0.20912549686032517 0.22880714820183098 0.099634340728071646 -0.035416458557470609 2.492199213000917e-05 0.034661087210424289 -0.022748645966511993 -0.0050509697693157871 0.016073175337418841 -0.054248431245258494 0.0058293877733587574 0.11288838732561644 -0.015502953880454926 -0.055663576519898277 0.055695822739523108 -0.00043363693221674097 0.099226308357970514 -0.01446962809737974 0.032232667594381197 -0.036452037137755924 0.21987659009623872 0.040974280493760909 -0.024873187797318803 0.13340130708663053 -0.020374843167848336 -0.00057339705740002008 0.012860169611125908 0.0066919155106638928 0.03252998686798849 0.022432099570549348 -0.02339801503362007 0.11842809987220176 0.03007361316694615 -0.0066164386125472626 0.074955363019007001 -0.023298744632605079 -0.013675613757226779 0.007882318122191331 0.013545580744264868 0.0019814497895513693 0.14399931752180214 0.004454978796918827 -0.011984407600700629 0.12479851783822907
leaf_weight=150.45490871323273 845.97582135512494 981.72088858950883 447.98107395623811 436.15012571285479 55.574988404288888 48.497654197271913 938.72510968497954 499.79952328908257 514.83196763880551 1642.8760654702783 624.14249286241829 55.290229442995042 165.61346167465672 348.55618891282938 54.238585599465296 21.142927834531292 26.514185888692737 24.57381020183675 8.3783124571200442 8.5168454775121045 25.706334379967302 9.245442026993258 928.39195767790079 145.57806063792668 261.66143409837969 75.272053413325921 1732.1320271543227 40.926760462112725 271.23673572624102 39.809981203638017 547.04562776535749 19.876826067455113 42.187293294817209 1144.4451692369767 28.140450458973646 135.31820841459557 25.499628960154951 19.505522951949388 5.4652962200343636 14.934158308198674 142.72893245378509 19.412289574742317 479.45430454332381 3128.1876471783035 207.49045183509588 96.488399993628263 35.560868202708662 281.3951844535768 209.04719137586653 19.921809147112072 363.50189673062414 307.15862663462758 32.423176649026573 118.13053727988154 678.60958949290216 1727.6534341676161 145.81125921709463 51.296855003107339 5.6815958032384506 259.25022510578856 10.695457736961542 12.783924269489942
leaf_count=26069 280874 19215 21390 20480 3422 4142 75212 22906 2724 8038 3958 3980 8418 17965 1028 575 1132 489 253 344 610 521 16143 8973 20214 3327 20882 646 4304 391 8892 565 213 15371 481 2515 224 1975 332 929 6293 237 11630 40663 1467 1110 381 8136 5191 203 3015 6375 408 3539 14698 30738 1691 3438 119 16124 301 122
internal_value=-0.000438885 0.00134005 -0.00650399 -0.00534692 -0.00293342 -0.00676929 -0.012372 0.00376281 0.00329911 0.00454786 -0.00369201 0.0100993 0.0136279 0.00660114 0.0171292 0.0563951 0.0397628 0.0612081 0.0832536 0.114464 0.0919895 0.0639107 -0.00808953 -0.00106707 0.00193974 0.0267988 0.00384281 0.00230576 0.00089733 0.0204219 -9.64475e-06 0.0514961 0.0200316 0.00919474 0.00183204 0.01386 0.081397 -0.0216485 0.0276304 0.0889047 0.00104533 0.00151412 -0.00245043 0.000116953 0.00524694 0.0128121 0.06815 0.0104308 -0.00579583 0.0258138 0.0159779 0.00727204 0.000789886 0.00155701 -0.00746196 0.00588672 0.0247168 -0.0226374 0.0161427 -0.00920979 0.0685987 0.0419375
internal_weight=21744.6 20898.6 4176.39 4025.93 3532.81 2729.45 1781.67 947.781 16722.3 14188 2534.26 803.351 748.061 589.551 423.938 75.3815 158.51 102.935 78.3611 51.8469 43.3301 34.9518 1910.11 803.043 754.546 233.634 13673.2 10622.4 8979.56 398.61 8580.95 127.374 62.0641 3050.73 1183.28 1867.45 65.3096 978.63 39.905 20.3995 8033.9 7891.17 3826.8 3347.35 4064.37 1332.49 54.9732 1277.51 325.457 116.41 952.056 588.554 3306.42 2731.88 886.1 1845.78 178.234 493.129 56.9785 520.912 38.8359 158.362
internal_count=786001 505127 264489 238420 214383 175646 131350 44296 240638 201322 39316 38737 34757 27986 19568 1603 6771 3349 2860 1728 1384 1131 35358 52902 48760 12422 198598 159048 151010 5697 145313 1393 778 39550 16153 23397 615 78448 3236 1261 136421 130128 55038 43408 75090 24648 618 24030 6504 1313 17526 14511 42762 50442 16165 34277 2099 24037 3557 36338 782 9095
is_linear=0
shrinkage=0.05


Tree=57
num_leaves=63
num_cat=0
split_feature=2 39 44 17 41 47 29 30 27 48 48 42 42 19 50 5 54 49 49 16 13 11 17 41 49 42 55 49 49 49 29 54 49 46 49 54 20 46 52 5 46 14 39 12 41 48 48 48 54 52 38 48 49 41 52 43 16 46 49 26 5 17
split_gain=595.477 101.313 58.4064 55.607 60.948 52.7133 60.2665 73.765 66.0439 59.9113 48.3638 47.1614 47.1538 53.1681 46.6174 45.5664 45.107 45.5591 64.8083 67.7087 60.9029 45.1685 66.3153 72.3678 43.6346 43.168 42.6325 60.378 52.9204 42.8668 41.2489 41.121 38.6312 38.4205 37.2052 37.0209 37.0133 51.5526 36.882 58.6877 35.9073 35.7271 57.4304 71.6064 35.6923 69.7939 87.4431 66.5656 49.2839 49.0812 48.2233 44.1778 40.773 68.7271 53.5033 45.7275 41.0628 50.7373 48.2782 66.2257 45.8401 37.5433
threshold=287.44978332519537 -38.155412673950188 -5.4998550415039054 -1.8849182128906248 26.90389442443848 3.7038197517395024 7.0505065917968759 0.11173629760742189 -1.1175146102905271 0.95832794904708873 0.9702095389366151 3.8901214599609379 10.569992065429689 -17.752446174621578 129.50785064697268 230.21923828125003 -0.91597560048103321 272.85017395019537 271.22605895996099 -26.030302047729489 -47.113506317138665 288.70011901855474 -35.183336257934563 3.1113551855087285 276.94873046875006 -14.282424926757811 0.98296290636062633 276.47534179687506 272.63078308105474 263.73217773437506 3.6545486450195317 0.12940952181816109 290.36918640136724 0.89738988876342785 290.84088134765631 -0.7865660786628722 -45.28834152221679 0.89738988876342785 23.392936706542972 264.63125610351568 4.3465795516967782 -51.563173294067376 -52.294847488403313 -52.316522598266594 11.766399860382082 0.8446832299232484 0.86031579971313488 0.20595771074295047 -0.98296290636062611 45.53399848937989 -7.5882339477539054 0.30385869741439825 260.66418457031256 2.6681184768676762 6.6415228843688974 -3.8460693359374996 -9.1337013244628888 -0.30906295776367182 259.93206787109381 5.232837677001954 234.89245605468753 -5.0978469848632804
decision_type=2 2 2 2 2 2 2 2 2 2 2 2 2 2 2 2 2 2 2 2 2 2 2 2 2 2 2 2 2 2 2 2 2 2 2 2 2 2 2 2 2 2 2 2 2 2 2 2 2 2 2 2 2 2 2 2 2 2 2 2 2 2
left_child=1 5 41 4 10 6 7 8 24 14 12 25 15 -14 31 -3 17 18 -9 20 -20 22 -18 -24 26 -5 27 29 -28 -1 -23 40 -25 -29 -26 -32 37 -10 39 -16 -8 -2 43 -43 47 -46 -47 48 -17 50 51 -49 54 55 -50 -54 57 -56 60 -60 -59 -48
right_child=2 3 -4 11 -6 -7 9 16 36 -11 -12 -13 13 -15 38 44 21 -19 19 -21 -22 30 23 32 34 -27 28 33 -30 -31 35 -33 -34 -35 -36 -37 -38 -39 -40 -41 -42 42 -44 -45 45 46 61 49 52 -51 -52 -53 53 -55 56 -57 -58 58 59 -61 -62 -63
leaf_value=0.073913980838487839 -0.033210086695862152 0.0058871312223672499 -0.043642636072419139 0.034458393912383159 -0.0097396365770764833 -0.026696770747171663 0.020854463669523374 0.0071919963452769398 0.10813809324599917 -0.041202224537211729 -0.046136986982948686 0.018685089857005777 0.00610249876100738 0.028793595711205596 0.12952240746368318 0.059143739938350218 -0.031244117503154385 -0.0087199361106222572 0.052850863865527564 -0.0041282843124843573 0.23850996301272495 -0.0089879908485711712 0.0090268587664884981 -0.022962269400439245 -0.018915145227126978 0.0043930004437756432 0.018125894674104068 0.015841208008988944 0.15995732891051762 -0.016810478779647371 0.13643273806678555 -0.011605406929712968 0.044527091029674462 0.084295027982154117 0.054269430354549245 0.026691193363079263 0.015915871192306946 0.0096353782638436136 0.015017446178817685 0.016571999182021409 -0.0098416815276984801 0.073797254163974688 -0.0015514340007598815 0.51180181466402364 -0.012557477169014534 0.091560492717277786 0.0097534895429374144 0.06826256467483513 -0.021261955371429941 0.089569623459151829 0.079825340803070743 -0.0062280412152267923 0.02629469458017146 -0.011485425787197821 0.075003339116744491 0.00047712406168865852 -0.0044330433183971769 0.057744573954774406 0.027125644616835934 0.14123304826969219 0.0010102328245115144 -0.046203933361189858
leaf_weight=14.043351573869584 111.22262193192728 3081.3669957257807 821.53088779025711 123.44454650580883 1140.2090181405656 281.03398077841848 403.83199101244099 79.210628517204896 32.505866558058187 60.695670250803232 51.062833788339049 809.54127448052168 1850.4000514461659 300.00990155152977 23.819820087403059 34.346228361129761 628.35686306632124 237.20990680344403 8.0484713872429001 10.746227947063742 9.7903683423064667 86.277156385593116 319.97014588932507 572.6377569953911 303.58051453065127 3635.0217559468001 17.998097102623433 60.138198751956224 10.364101117942484 178.67918279441074 9.6608363816048932 232.87690402381122 22.018822866259143 31.097098663216457 18.419904292793944 37.576138141099364 90.937655892688781 22.461347280303016 57.823596324305981 22.236054098699242 124.68484315136448 4.83480798243545 89.865513900760561 1.1562726784031827 1421.8227120647207 31.377597733400762 312.4426451548934 24.18248905101791 112.1466489136219 29.050776266492903 27.222518937662244 112.50027996790595 197.00782630592585 1416.0570495119318 45.697862640023232 1325.110061394982 162.4443272408098 42.049947755411267 47.494302961975336 17.364734431728721 232.24177331011742 33.155749667435884
leaf_count=395 22036 29682 282550 797 26597 13402 16051 4415 1340 4571 1185 4363 34919 2224 481 563 68135 12938 558 150 372 9203 10055 26856 16684 21061 701 492 279 6824 493 15978 456 351 1365 3223 3143 1462 1341 589 5503 880 14525 202 39789 422 6891 630 1505 481 229 3450 1676 32277 479 22063 1354 323 554 379 2651 493
internal_value=-0.000532288 0.00131952 -0.0376608 0.0030409 0.00125969 -0.00581499 -0.0042407 -0.00789557 0.00516341 0.00681796 0.0024096 0.00773832 0.00263796 0.0092682 0.0101864 0.00100009 -0.0129359 0.00352844 0.0304816 0.0950183 0.154745 -0.016324 -0.0187382 -0.0101465 -0.0018134 0.00538048 0.0115022 0.0056639 0.0699539 -0.0101995 0.0115759 0.00589965 -0.0204633 0.0391734 -0.0147287 0.0491354 0.035495 0.0678868 0.0416065 0.0749893 0.0136128 -0.0139297 0.00844133 0.158332 -0.00167763 -0.00748615 0.0116411 0.00105402 -0.000466326 0.0296711 0.0190546 0.00695115 -0.00103542 -0.00355715 0.0102003 0.00381869 0.0166473 0.0255453 0.0188812 0.0576757 0.00970782 0.00438509
internal_weight=21652.1 20623.5 1028.61 16614.8 12046.8 4008.73 3727.7 2801.73 780.225 925.969 10906.6 4568.01 10855.5 2150.41 865.273 8705.08 2021.5 345.006 107.796 28.5851 17.8388 1676.5 1542.98 914.627 634.32 3758.47 312.32 283.958 28.3622 192.723 133.514 761.394 594.657 91.2353 322 47.237 145.905 54.9672 103.879 46.0559 528.517 207.079 95.8566 5.99108 5623.72 1798.8 376.976 3824.92 3631.96 192.956 163.905 136.683 3597.61 2938.17 659.44 1522.12 547.293 384.849 339.151 64.859 274.292 345.598
internal_count=785036 464843 320193 237037 210816 227806 214404 169890 33036 44514 184219 26221 183034 37143 39943 145891 136854 18433 5495 1080 930 118421 105502 37367 27091 21858 9042 8062 980 7219 12919 37532 27312 843 18049 3716 5945 2802 2411 1070 21554 37643 15607 1082 116209 47595 7806 68614 63824 4790 4309 4080 63261 56016 7245 23739 5740 4386 3907 933 2974 7384
is_linear=0
shrinkage=0.05


Tree=58
num_leaves=63
num_cat=0
split_feature=36 12 47 38 50 53 53 49 29 54 48 40 29 55 48 49 49 49 49 16 53 49 49 3 48 27 49 53 45 49 48 23 35 33 49 50 17 36 49 49 40 16 34 36 36 38 49 5 52 54 40 36 54 49 49 48 49 49 43 41 49 23
split_gain=610.807 123.62 59.4917 58.9092 92.4167 56.7348 49.0971 47.2536 54.8816 51.126 73.9306 79.8871 79.2659 66.0742 95.5919 105.865 82.2879 54.2349 106.129 72.0332 60.226 54.1381 77.1436 62.503 53.8758 50.8911 50.077 48.2229 47.3387 44.6705 58.5915 56.6172 44.3271 44.0131 42.7058 42.607 42.5196 90.9642 56.0695 42.4474 42.2408 41.9144 41.6812 41.2588 40.8871 40.2861 49.4696 40.0502 39.8055 39.1611 39.8552 66.9104 39.0247 64.5068 59.9069 63.3437 61.3024 61.9973 76.8817 55.5535 54.1606 46.1578
threshold=285.00000000000006 -37.602127075195305 -4.9458360671997061 -39.529411315917962 82.059875488281264 61.250000000000007 812.47619628906261 247.43756103515628 12.858610153198244 -1.0000000180025095e-35 -0.065915763378143297 15.215675354003908 4.8646564483642587 0.78656607866287243 -0.53158730268478382 280.31988525390631 266.77218627929693 276.94873046875006 272.37759399414068 -2.6563453674316402 469.25000000000006 281.67518615722662 286.08425903320318 263.29241943359381 0.71838957071304332 18.167856216430668 287.60899353027349 552.16665649414074 4.9188890457153329 275.56561279296881 -0.55223670601844776 -17.442826271057125 12.320700168609621 -0.31894196569919581 286.15008544921881 99.196910858154311 -5.0978469848632804 219.70588684082034 267.78880310058599 276.75975036621099 3.8627319335937504 -3.7495460510253902 8.3643908500671404 280.88236999511724 215.00000000000003 -40.352943420410149 277.24395751953131 265.66770935058599 14.536789417266847 -0.6035533845424651 19.470581054687504 213.23529815673831 0.37940952181816107 262.42489624023443 269.97990417480474 -0.57820284366607655 285.57859802246099 286.04714965820318 12.870986938476564 1.977247476577759 281.42471313476568 -43.379365921020501
decision_type=2 2 2 2 2 2 2 2 2 2 2 2 2 2 2 2 2 2 2 2 2 2 2 2 2 2 2 2 2 2 2 2 2 2 2 2 2 2 2 2 2 2 2 2 2 2 2 2 2 2 2 2 2 2 2 2 2 2 2 2 2 2
left_child=1 2 33 4 -4 -3 -6 8 35 10 12 -12 44 17 29 16 -16 18 19 27 39 23 -23 -19 -24 -10 -26 -11 40 30 31 -15 -25 -1 -31 -7 38 -38 -18 -20 48 -33 -29 52 -9 46 -8 -34 -22 50 -13 -52 53 -5 55 -55 60 58 61 -54 -56 -58
right_child=-2 5 3 43 6 7 45 9 25 13 11 49 -14 14 15 -17 36 21 20 -21 28 22 24 32 26 -27 -28 42 -30 34 -32 41 47 -35 -36 -37 37 -39 -40 -41 -42 -43 -44 -45 -46 -47 -48 -49 -50 -51 51 -53 59 54 56 -57 57 -59 -60 -61 -62 -63
leaf_value=0.087526202287109098 -0.043798633688836325 -0.00042416594428869645 -0.026796386159476659 -0.041536264149622221 -0.0032456047774903326 0.046153637657081387 0.091996375893766039 0.022199702872021637 -0.051876050754482372 -0.006470271826659474 0.013195818843844449 0.0035187456187698502 -0.030369733585150605 0.057755376106771256 0.043838069563935628 0.080886656007582408 0.054551129898828113 -0.042232309256122466 0.015398706061553783 0.013211616860726721 0.10244211600330047 0.024912206840696269 -0.03378715867377674 -0.034577432005286436 0.095479695133163289 0.018557896715936866 -0.0030940521955342406 0.042461673779334269 -0.0091092464124515188 -0.045684439812229083 -0.017175276645914873 -0.031313479055170561 0.16799653595489583 -0.034488353118533481 0.010036377849348996 -0.0060848949389837332 -0.0056159304033199528 0.068050133890498424 -0.015921477051659104 0.069589454389198196 0.12614921675270482 0.027259495233980104 -0.00011147627573026517 -0.031766811427328519 -0.0050392600433714924 0.12908482717154035 -0.011699327917227831 0.02173371206805454 0.012472431788690487 0.0072024242223142371 0.011303817752039216 -0.033715356403062058 0.0057329032449333463 0.096482870818174638 0.0007634058464689431 0.016689075083033689 0.067196225889852121 0.0059388321304132798 0.19443229751976515 -0.016320981855872909 -0.025032563733570247 -0.0055123754872313958
leaf_weight=7.6405008365400127 777.61046738922596 6139.8093376639299 620.58275865484029 76.621660999953747 227.3641715021804 205.30159060657024 18.379598450614139 154.35543531179428 39.002785451710224 1401.849358309526 1646.1929325987585 263.74390555452555 300.00736148003489 86.377146598882973 273.23430838342756 88.442965276539326 32.95621848385781 166.20759220374748 417.45688956510276 1189.7775154747069 21.688698681071401 197.99451742321253 162.71521634375677 14.15790570899844 15.870337384287266 74.887143440544605 68.47377980267629 100.03729673894122 18.455804252065718 83.019985641352832 120.1832098858431 48.4401570931077 7.9481474980711964 226.25665519107133 58.700534300878644 48.19734887778759 94.048877969384193 75.58459559828043 196.5821872074157 39.560515715740621 30.417116973549128 82.665595874190331 135.1827213447541 109.75083698192611 1281.9282786373515 12.063038694672285 30.73459757049568 11.383720837533472 28.381731498986483 461.99908269476146 113.79867500066757 300.42615537252277 465.77970511699095 26.450374986510724 625.17491907114163 416.72092141071334 50.186993329320103 562.23370164632797 8.3305358504876477 737.96197999222204 301.66267589153722 38.628950948361307
leaf_count=174 280713 91547 85160 4900 18296 1138 395 681 188 27363 25727 4182 5304 1263 2491 622 496 4185 5852 6517 181 3269 4981 474 188 402 1010 781 265 2443 1265 484 238 12494 1477 257 485 415 3823 318 395 376 2221 15356 14243 221 1038 284 358 6891 573 4378 13321 583 28708 14664 2091 22005 101 40754 13818 1046
internal_value=-0.000288209 0.00133376 -0.00594092 -0.00461373 -0.0159262 0.00337033 0.00745301 0.00566392 0.0232685 0.00500329 0.00110368 0.00615033 -0.00699449 0.00835115 0.0184423 0.0294608 0.0226966 0.00524371 0.00777677 0.00384924 0.0277467 -0.00804647 0.00165874 -0.0296759 -0.0169767 -0.00556294 0.0154538 -0.00295508 0.0631149 0.000954504 0.0108425 0.0263255 0.0326406 -0.0305026 -0.0226049 0.0362216 0.00822525 0.0272079 -0.0058033 0.0200896 0.0796759 0.00561831 0.0179946 -0.00160616 -0.00211193 0.0472143 0.0271059 0.0818685 0.051444 -0.00402385 -0.0116739 -0.0213474 -0.000606036 0.00349864 0.00519897 0.0214515 0.0006582 0.0123118 0.0491954 -0.00778738 -0.00763254 0.0355729
internal_weight=21637.6 20860 4562.52 4328.63 909.124 16297.4 288.541 10157.6 367.389 9790.25 4522.45 2786.16 1736.29 5267.79 1240.24 760.849 672.406 4027.56 3382.81 2826.85 555.961 644.751 445.054 199.697 247.059 113.89 84.3441 1637.07 98.9434 479.387 337.666 217.483 33.4898 233.897 141.721 253.499 399.172 169.633 229.538 457.017 80.4875 131.106 235.22 3419.5 1436.28 61.1772 49.1142 19.3319 50.0704 1139.97 677.969 414.225 3309.75 2106.01 2029.39 443.171 1586.22 659.38 97.1465 1203.74 926.838 88.8159
internal_count=785869 505156 275125 262457 105110 230031 19950 138484 1985 136499 61979 41751 20228 74520 15640 8332 7710 58880 44251 36882 7369 14629 9448 5181 6179 590 1198 30365 1199 7308 3388 2123 996 12668 3920 1395 5219 900 4319 6170 934 860 3002 157347 14924 1654 1433 522 539 16024 9133 4951 141991 87916 83016 15247 67769 25243 3238 54075 42526 3137
is_linear=0
shrinkage=0.05


Tree=59
num_leaves=63
num_cat=0
split_feature=36 39 50 36 25 53 49 23 48 47 13 11 23 49 48 53 52 36 49 49 51 49 29 29 49 48 36 27 2 21 49 5 49 49 49 39 49 49 48 51 51 48 48 49 49 41 46 49 23 48 48 49 49 48 5 28 52 41 16 5 36 48
split_gain=562.151 116.591 63.9907 53.9775 64.7693 52.1971 59.7538 53.2948 51.9048 53.9788 50.5982 49.1236 53.4985 46.4814 50.3854 46.3853 62.0109 55.6775 50.3413 49.3893 46.9526 46.2915 44.6241 44.2533 43.7681 41.8675 52.1922 44.5251 40.7714 52.0468 40.5193 40.2501 39.6976 50.4132 38.2611 37.1234 48.9129 111.381 139.832 50.5827 50.2513 60.0679 54.4506 59.0277 71.7685 67.0135 65.888 57.7993 99.4089 61.7188 56.371 72.0738 104.899 79.0226 69.1873 52.0599 51.7935 49.7261 48.901 47.7055 47.6448 47.6797
threshold=285.58824157714849 -39.650695800781243 112.07171630859376 280.88236999511724 0.61765718460083019 13.111111164093019 247.43756103515628 -6.4108130931854239 -0.016086071729660031 3.0238757133483891 -51.021192550659173 288.96626281738287 -49.916667938232415 270.26141357421881 -0.58530998229980458 552.16665649414074 22.16961765289307 277.94117736816412 265.21868896484381 258.38572692871099 62.911327362060554 290.36918640136724 3.1530771255493169 3.9535198211669926 270.15548706054693 -0.48176059126853937 276.17646789550787 -0.75206470489501942 285.75494384765631 -52.162136077880852 276.75975036621099 224.38174438476565 276.05895996093756 276.94873046875006 270.15548706054693 -1.2745085358619688 267.04945373535162 260.66418457031256 -0.42335101962089533 50.562639236450202 62.911327362060554 0.95832794904708873 0.074240803718566908 274.13537597656256 273.86521911621099 11.215202331542971 4.7684202194213876 267.93310546875006 -11.522881507873533 0.90649205446243297 -0.53677642345428456 280.31988525390631 285.95608520507818 -0.36931872367858881 239.36711120605472 0.46719264984130865 11.811219692230226 1.6942637562751772 -7.1938438415527335 277.75044250488287 271.47059631347662 -0.51488128304481495
decision_type=2 2 2 2 2 2 2 2 2 2 2 2 2 2 2 2 2 2 2 2 2 2 2 2 2 2 2 2 2 2 2 2 2 2 2 2 2 2 2 2 2 2 2 2 2 2 2 2 2 2 2 2 2 2 2 2 2 2 2 2 2 2
left_child=1 2 3 4 25 7 22 24 13 10 -10 21 23 14 -6 17 18 35 -17 -18 -19 -12 -7 -13 -3 26 27 30 -25 -30 -1 -24 -27 -34 -20 36 37 -8 -39 -40 41 42 43 44 46 50 -38 48 56 57 59 54 53 55 -52 -53 -44 -49 -58 -45 61 -56
right_child=-2 5 -4 -5 8 6 15 -9 9 -11 11 12 -14 -15 -16 16 19 20 34 -21 -22 -23 31 28 -26 32 -28 -29 29 -31 -32 -33 33 -35 -36 -37 40 38 39 -41 -42 -43 47 45 -46 -47 -48 49 -50 -51 51 52 -54 -55 60 -57 58 -59 -60 -61 -62 -63
leaf_value=0.05276074556527665 -0.044821858339703563 -0.015829418127059704 0.0082729809915832765 -0.026418682160276725 0.057959634375026527 0.052572153617285559 0.0034627884646530752 0.0078888535977694515 -0.029996190361953119 -0.031409826282498658 -0.004677468933274153 0.013685271359549873 0.0036200733314382047 -0.031504372783142894 -0.013087650403488992 0.040743488576753674 -0.032178079309579583 -0.039556919668943612 -0.0094030468989654038 0.0065721136205655062 0.028444023439728284 0.039214120392018284 0.02671807766975692 0.07195494435890433 -0.00068943444421844301 -0.025873298421676245 -0.0094337093554201883 0.085767933957672016 0.39586743305439842 0.1308802869865007 -0.011336972506859605 -0.004460174645867363 0.035477908655258399 -0.0090670062889923915 0.022322328904600428 0.013304563398580086 0.010355058945285461 0.008741731085055807 -0.026572147221796807 0.0035473681231254148 -0.010646101524525636 -0.031487302764738684 0.016690607788385291 -0.026641349667459863 0.078618246176793208 -0.035667978406962134 -0.023915354766838145 0.055385106326479722 -0.0089993019410913849 -0.020122576111884925 0.0093200120538780035 0.038860627527136427 -0.017207837460614907 0.0088329313038726254 0.047175124126714291 0.1023668254668207 0.049348882885977594 0.010208190868557621 0.11343454875056445 0.072297104142736421 0.039132236499793888 -0.032850772500209284
leaf_weight=55.50917366379872 694.49770171451382 949.65782068343833 564.08279618853703 432.62390788109042 29.049098713789135 89.620833031833172 3284.7879218817689 702.3965085959062 142.98749883798882 181.29543410800397 881.45126604801044 15.37928154831752 53.390073407907039 475.31385307153687 177.04145639156923 244.42144196713343 93.433650179300457 133.74042876274325 137.69538021460176 685.68978598783724 31.331424411386251 64.466369151137769 249.01905879378319 15.317026772536339 959.83986927638762 126.23413337627426 73.816551670897752 41.769942496437579 2.5753935328684729 6.606610372196883 44.358473403379321 177.15802347660065 103.47667461261153 164.47741588251665 306.74740652157925 757.88483034074306 1590.3452805397101 533.43960477318615 977.1156536093913 162.5894663692452 497.25662219710648 105.80023789033294 66.894356839358807 256.15994839789346 36.037437644321471 154.22189085837454 153.81655680015683 62.696520153433084 96.832310119643807 165.98673001490533 309.0574296163395 165.07526964507997 174.53714224556461 235.58728771004826 19.779431593604386 40.11259854119271 90.089361723512411 2138.0666248863563 44.456173082813621 12.792110472451894 28.569811884313822 315.58138862159103
leaf_count=1069 266711 19695 26565 77939 879 574 37946 4528 20410 10221 44775 1323 4193 37326 11367 2209 997 8820 1565 9502 725 1500 1364 663 17730 5165 4314 1386 280 821 1509 809 1121 8551 3664 3635 20218 7155 26034 2778 7894 2581 982 5942 455 4050 2283 791 948 3902 1973 1393 3522 2917 403 664 1435 37364 329 435 469 6968
internal_value=-0.000567262 0.000904176 -0.00721219 -0.0100416 -0.00737256 0.00262349 0.0037863 -0.00388728 -0.011637 -0.00600559 -0.00210965 0.00172741 0.0363475 -0.0229054 -0.00307332 0.0031752 0.011588 0.0021982 0.022517 0.00192513 -0.02665 -0.00168616 0.0205017 0.0801637 -0.00821906 0.00693144 0.0246548 0.0424205 0.121896 0.205205 0.0242903 0.0137576 -0.00275573 0.00813504 0.0124933 0.00257991 0.00188626 -0.00188578 -0.0123863 -0.0222753 0.00465285 0.00586762 0.00650955 0.00240155 0.00877584 -0.00422871 0.00733277 0.0118918 0.0326338 0.00927777 -0.00111513 0.00323145 0.0155996 0.0285907 -0.00807678 0.0512756 0.0526469 0.0114952 0.0705239 -0.0219356 -0.0228505 -0.0281309
internal_weight=21582 20887.5 3651.22 3087.14 2654.52 17236.3 14624.4 2611.89 2044.87 1363.47 1182.17 1039.19 93.2684 681.404 206.091 14108.6 1467.99 12640.6 688.864 779.123 165.072 945.918 515.798 39.8783 1909.5 609.642 215.454 141.638 24.499 9.182 99.8676 426.177 394.188 267.954 444.443 12475.6 11717.7 4957.93 1673.14 1139.71 6759.75 6262.5 6156.7 3491.67 1780.2 1711.47 1744.16 2665.02 298.272 2366.75 1557.25 1288.3 615.312 440.775 672.988 205.188 201.44 2200.76 134.546 268.952 363.931 335.361
internal_count=785736 519025 261377 234812 156873 257648 215695 41953 133758 84186 73965 53555 7280 49572 12246 212948 17937 195011 7438 10499 9545 46275 2747 3087 37425 23115 8278 3964 1764 1101 2578 2173 14837 9672 5229 185466 181831 73913 35967 28812 107918 100024 97443 51692 22956 28736 22501 45751 3694 42057 24686 18309 8496 4974 9813 2057 2746 38155 1764 6377 7840 7371
is_linear=0
shrinkage=0.05


Tree=60
num_leaves=63
num_cat=0
split_feature=36 18 36 51 53 36 51 41 40 48 11 54 39 14 39 22 10 29 48 52 49 41 54 49 49 49 54 31 34 49 29 16 47 36 48 35 49 49 39 47 28 48 35 17 31 54 48 49 3 16 29 49 24 11 48 49 32 17 45 40 11 49
split_gain=529.039 106.61 63.1058 58.8859 53.994 65.5261 81.0232 54.2624 60.7376 50.1764 46.656 46.3284 48.099 44.122 42.9797 42.7521 42.7751 42.6055 41.6581 39.5288 39.4265 53.1162 41.0889 46.7947 54.2167 54.6502 48.6198 74.6283 65.3386 55.8804 54.6949 56.0434 54.3086 44.2003 42.0909 71.7474 47.5312 38.9803 54.2683 42.3955 37.8653 43.8794 86.6784 83.8756 53.4555 71.5639 68.265 53.5884 51.746 51.5666 44.7295 48.4452 68.209 44.2073 44.1634 58.8498 47.8024 43.443 39.875 39.2747 43.2492 37.6598
threshold=285.58824157714849 -50.895061492919915 224.41176605224612 95.808483123779311 545.16665649414074 278.52941894531256 58.513553619384773 1.5613617300987246 -2.2941284179687496 -0.65785205364227284 288.41929626464849 -1.0000000180025095e-35 -19.56281757354736 -45.239656448364251 -24.172114372253414 -50.925783157348626 291.28488159179693 3.7707633972167973 0.9702095389366151 14.536789417266847 254.46063232421878 36.865652084350593 1.0000000180025095e-35 255.59030914306643 269.73658752441412 275.76867675781256 0.78656607866287243 6.1396498680114755 10.479362964630129 261.91014099121099 17.05646896362305 1.1284790039062502 8.8935022354125994 197.94117736816409 0.31611293554306036 21.224394798278812 272.01187133789068 286.93914794921881 -34.37908744812011 -0.87350952625274647 25.678310394287113 0.55724394321441661 17.075798988342289 -21.121566772460934 4.7020998001098642 0.37940952181816107 -0.016086071729660031 261.91014099121099 263.29241943359381 -25.640623092651364 6.3849916458129892 286.69125366210943 13.38137722015381 267.44580078125006 0.12764942646026614 255.95982360839847 13.965104103088381 -2.4757156372070308 -6.3731393814086905 5.7843017578125009 239.57997894287112 259.72676086425787
decision_type=2 2 2 2 2 2 2 2 2 2 2 2 2 2 2 2 2 2 2 2 2 2 2 2 2 2 2 2 2 2 2 2 2 2 2 2 2 2 2 2 2 2 2 2 2 2 2 2 2 2 2 2 2 2 2 2 2 2 2 2 2 2
left_child=1 -1 3 17 5 7 15 8 11 -9 18 12 -4 -10 -13 16 -7 -3 40 -6 21 -19 34 -24 26 -26 27 -25 -29 30 -30 -32 33 -28 61 -36 -37 38 39 -8 41 42 43 44 45 48 -46 -47 49 53 -43 58 -53 -11 56 -56 -45 -44 -52 -57 -61 -22
right_child=-2 2 4 -5 19 6 37 9 13 10 -12 14 -14 -15 -16 -17 -18 20 -20 -21 22 -23 23 24 25 -27 32 28 29 -31 31 -33 -34 -35 35 36 -38 -39 -40 -41 -42 50 57 54 46 47 -48 -49 -50 -51 51 52 -54 -55 55 59 -58 -59 -60 60 -62 -63
leaf_value=-0.019249382634973767 -0.044348349319736267 0.015739250745038107 -0.021637412923906495 -0.021121086205593258 0.019227372697822355 0.032161567698622495 0.1035920927252096 -0.027522388539856613 0.082692508835357198 0.048502983964652135 0.033807246028675332 0.0098137236667651187 0.055702129107435383 0.01550309324586744 -0.026981572693972136 -0.025181438225725147 0.32684805882928786 0.009819777837646251 -0.040390708416444765 0.002459603794381213 -0.043885147107499009 0.048725928652756399 0.047000138590964691 -0.070074953311993773 0.033181996656794076 -0.0032685588490551651 0.044577571041420218 0.046266446420665686 0.048006180870957565 -0.014439805904119427 0.0045018377080410918 0.055854114852453077 0.050530514723552168 -0.012143000072615415 0.027698934626445678 -0.0072185578079429534 0.0191619946949672 -0.015939027990969187 0.1582306068486368 0.0088038327590147132 -0.023815204759474681 -0.020316385681624874 -0.025128915062216373 0.00099890741951904976 -0.037739555380716591 0.078244179025113658 -0.0074927087062297455 -0.026962984044851292 0.0040713497524105281 0.012474816624503601 -0.019241984924547859 0.096716426039706635 0.016458734157288931 0.16546683312121865 0.046744241427508125 0.018952619549767187 -0.025358936021086121 0.01426594310581622 0.0051679547916367689 0.030824311587724619 -0.014714109030246151 -0.0073975240675210486
leaf_weight=631.82618577894755 664.36220978666097 1036.5127360345796 299.06568164750934 199.55350802093744 551.80233818734996 5.4497686559334388 14.354962377808986 189.97538398439065 25.225121803581715 19.040763068012893 92.302737802267075 748.52810558164492 21.552329387515783 779.02131682401523 88.775505531579256 599.08991921087727 1.5909172359388319 492.57124002277851 69.831041270401329 968.19218866503797 78.154149098321795 106.73593682795763 72.422066515311599 29.110586877912283 321.12283750623465 151.27160250768065 35.99635411798954 118.05619221366942 99.032383469864726 235.67266007792205 689.17973023466766 57.568720318377018 39.514301674440503 749.41400089487433 249.40606005955487 870.84360394068062 212.38911130279303 52.400561045855284 8.5433295201510173 66.185181298991665 188.2140795821324 173.33671704633161 589.49549842532724 3267.0073885209858 339.69597553648055 12.786625874694435 413.75344571378082 226.64006922673434 247.08194235293195 37.492856709286571 183.21885324362665 28.736590842716396 336.13222437724471 14.031842959113417 109.76155168563128 343.9464069660753 181.5769543168135 79.407942252233624 1926.1145967585035 65.57444329932332 254.47306386660784 743.19362940825522
leaf_count=85334 266712 5476 6431 1545 8736 923 477 7189 1415 244 6228 12807 184 12278 1036 69530 337 2507 2611 21957 608 713 392 139 1803 767 267 579 542 2466 4708 346 182 4930 1762 9127 1172 2866 162 3564 7783 7151 15892 46808 23824 275 23059 11407 10400 689 6405 427 5196 287 913 6654 5327 709 50369 739 5639 5239
internal_value=-0.000424885 0.00097543 0.00160781 0.00562538 -0.000335496 -0.00145134 -0.0157893 -0.000507056 0.00705506 -0.00208733 -0.00156209 -0.000276316 -0.0164386 0.0176105 0.00591249 -0.0237419 0.0987491 0.00646089 -0.00192055 0.00854679 0.00466385 0.0167489 0.00313983 0.00737285 0.00623668 0.0215097 0.0027233 0.0090274 0.0109471 0.0070915 0.0130911 0.00846071 -0.00666585 -0.00954342 -0.00196647 0.00352072 -0.00204613 0.0182801 0.0384085 0.0256983 -0.0016233 -0.00115131 -0.00345174 -0.00139644 -0.0124466 -0.000702602 -0.0211296 -0.0213444 0.0148561 0.0526186 0.00423737 0.00595755 0.0227797 0.0981277 0.00203328 0.0128288 -0.000388902 -0.0204522 0.00304768 0.0072224 -0.00538375 -0.0108695
internal_weight=21503.3 20839 20207.1 6587.72 13619.4 12099.4 747.615 11351.8 1962.17 9389.63 9199.65 1157.92 320.618 804.246 837.304 606.131 7.04069 6388.17 9107.35 1519.99 5351.66 599.307 4752.35 2598.36 2525.94 472.394 2053.54 1228.62 1199.51 1081.45 845.781 746.748 824.925 785.41 2153.99 1332.64 1083.23 141.484 89.0835 80.5401 9037.52 8849.31 6201.77 5532.86 1310.52 557.074 753.449 239.427 317.647 70.5655 2647.54 2474.2 364.869 33.0726 4222.34 773.755 3448.58 668.903 2109.33 663.994 320.048 821.348
internal_count=786244 519532 434198 45270 388928 358235 77859 280376 34151 246225 239036 20458 6615 13693 13843 70790 1260 43725 232808 30693 38249 3220 35029 17121 16729 2570 14159 8780 8641 8062 5596 5054 5379 5197 17908 12061 10299 7069 4203 4041 230197 222414 152866 136265 70185 23302 46883 11682 11620 1220 69548 62397 5623 531 66080 13945 52135 16601 56774 13032 6378 5847
is_linear=0
shrinkage=0.05


Tree=61
num_leaves=63
num_cat=0
split_feature=2 39 40 40 54 48 30 50 42 49 49 53 49 42 15 19 49 49 48 49 54 51 41 49 49 48 49 49 41 19 4 10 21 5 54 55 37 7 41 43 54 42 52 48 35 4 48 42 40 41 49 48 51 51 35 16 49 54 30 49 48 54
split_gain=494.904 80.0892 62.2254 98.6035 67.0671 56.4197 53.6476 55.6853 52.236 50.6205 65.7761 86.1394 100.254 48.9245 63.8596 41.0951 40.937 40.5948 54.3685 58.955 51.2574 54.8593 46.7422 50.1872 66.1918 88.7929 66.257 54.2061 40.1712 68.3049 39.6766 59.1526 57.0953 38.0179 36.5114 37.4719 63.4366 38.5155 44.278 35.7697 44.6602 35.6173 34.7545 34.7406 34.8403 34.5763 34.8767 34.4972 33.9478 36.9348 33.7912 32.8248 32.5007 31.5732 31.5684 43.5648 31.2877 35.1222 30.9946 30.8903 34.7028 33.1286
threshold=288.20547485351568 -38.155412673950188 6.9803848266601571 -0.52941894531249989 -1.0000000180025095e-35 0.95832794904708873 24.079050064086918 222.99001312255862 -9.1454620361328107 267.04945373535162 275.32183837890631 491.66667175292974 270.94653320312506 3.8901214599609379 -0.56794357299804676 -0.98957186937332142 290.36918640136724 286.41694641113287 -0.47858285903930659 276.13734436035162 0.37940952181816107 114.75366973876955 2.5136741399765019 276.75975036621099 272.63078308105474 -0.49895256757736201 268.95562744140631 285.57859802246099 4.5955033302307138 -29.921884536743161 280.91975402832037 285.59059143066412 -48.767665863037102 261.94412231445318 0.37940952181816107 -0.6035533845424651 288.23165893554693 282.32765197753912 13.568869590759279 -3.4867095947265621 -0.98296290636062611 4.5380172729492196 57.570123672485359 0.16143232583999637 10.794273853302004 236.3914489746094 0.13631474971771243 5.4705276489257821 -2.7254943847656246 -0.97021767497062672 266.53407287597662 0.96387076377868663 6.404710292816163 17.429802894592289 -1.0316952466964719 -39.30517387390136 264.80390930175787 0.78656607866287243 15.815894126892092 262.42489624023443 -0.32840815186500544 -0.37940952181816096
decision_type=2 2 2 2 2 2 2 2 2 2 2 2 2 2 2 2 2 2 2 2 2 2 2 2 2 2 2 2 2 2 2 2 2 2 2 2 2 2 2 2 2 2 2 2 2 2 2 2 2 2 2 2 2 2 2 2 2 2 2 2 2 2
left_child=1 2 3 17 9 6 7 34 -3 -5 11 39 -13 15 28 -10 50 18 22 59 -21 30 23 24 26 53 -1 -25 45 -30 31 54 -33 42 35 37 -37 58 -39 -11 -41 -29 51 -12 -45 -15 -47 -2 -19 -50 56 -31 -18 -26 -22 -56 -6 -58 -4 60 -20 -61
right_child=47 8 5 4 16 -7 -8 -9 13 10 43 12 -14 14 -16 -17 52 48 19 20 21 -23 -24 27 25 -27 -28 41 29 33 -32 32 -34 -35 -36 36 -38 38 -40 40 -42 -43 -44 44 -46 46 -48 -49 49 -51 -52 -53 -54 -55 55 -57 57 -59 -60 61 -62 -63
leaf_value=0.056148552177331425 -0.044289629647441958 0.016587453975605536 0.082878474362689858 -0.047962584325454236 -0.023461677352330478 -0.039548619651424963 -0.0217027015189429 0.087230442838298991 -0.0013283027433834398 -0.020428225947740263 -0.028102411257712574 0.022658315178494721 0.19368706876605632 0.031573074827261405 0.04260723303065949 0.0097684165549538991 0.15879289223601531 -0.034782773008255261 0.072150756816860992 -0.025548402531321013 0.04993600846757424 0.12566938472633174 -0.022521815901544159 -0.0048821712184747195 0.068076731144207842 0.00094281298261568935 -0.031898372982863653 0.0011559286864001141 -0.007552964471157407 0.007563931548860656 -0.026967893150716134 -0.026580445342020087 0.20338278278004612 0.068757454839945539 -0.015610284345779032 -0.019879872561100138 0.16621832002864689 0.097574810371998638 0.0026806682370687685 0.077403066015512945 0.00724014521464947 0.11489598167697604 -0.014811290703442628 0.013672060188755181 -0.019753084455106502 0.007767866284114475 0.058827521111041906 -0.019048708024642053 0.10483196153211166 -0.0057537995772713388 -0.033555675068909233 -0.017096724483313421 0.0092937676452564972 0.13736322760342798 -0.033455531984285934 0.021372333054573783 0.0556038728364531 -0.050756757378550538 0.030374340246002902 0.0029508875858177217 -0.022151542127486448 -0.031507412200762114
leaf_weight=43.75529736536555 625.41396093927324 662.82942266017199 32.388279921375215 69.4153760781046 78.586827807826921 60.530271463328972 110.954129321035 26.22707333159633 8045.8141612787731 84.724307503784075 233.22779097897001 22.28960894793272 13.919138366822152 187.42570953816175 113.48488250374794 930.86450743302703 4.2231443107593831 128.71394195780158 19.691780077060685 78.57000164501369 58.695425950922072 11.713532957248388 55.968278546817601 145.72706021741033 30.271135477581993 29.107473935233429 41.759268771624193 11.348168436903508 1262.7913529858924 3447.7362483236939 46.894481735769659 3.9744711369276038 8.4115564515814167 23.877643376588821 95.681988723576069 91.453143078135327 4.820647219894453 13.080513851484282 204.11609662882984 27.803452852880582 123.08075593435206 17.492734719533473 200.1175923217088 160.20559980999678 151.85991069022566 1554.7531114465091 34.179340115282685 172.76033888943493 7.9513316717930129 149.79481375892647 658.4137435068842 140.43368003331125 26.12306706327945 35.991656422847882 47.692630394827574 150.74944325862452 32.075044594705105 10.239606865448875 212.72204287769273 98.135051464429125 19.334374432452023 241.16549279587343
leaf_count=1155 260367 8313 757 6307 6363 4710 3277 483 116050 4100 20158 663 345 1012 573 4554 180 11953 555 5195 702 256 2304 8397 679 869 1772 978 40161 45894 5645 335 295 503 6990 4949 551 1193 13063 1231 8373 492 3084 10856 6131 15197 482 35158 391 11416 66690 2259 1373 809 1572 2477 1225 1279 5203 3842 767 13028
internal_value=-0.000194938 0.00129932 -0.00502263 -0.00823854 -0.016472 0.0069774 0.0105357 0.0157922 0.00283412 -0.00697051 -0.00348814 0.0166046 0.0884041 0.00226227 0.00540692 -0.000177594 -0.0268756 0.00117914 0.00522706 -0.00248902 0.0107265 0.0194124 0.01995 0.0266375 0.0450943 0.0737351 0.0131527 0.00751282 0.00479074 0.00252562 0.0154788 0.0228641 0.129591 0.00586419 0.0129285 0.0178171 -0.0105615 0.0237268 0.0083956 0.00557037 0.0201691 0.0701421 0.00546777 -0.013504 -0.00259356 0.011262 0.0088662 -0.0388264 -0.0157277 -0.000179628 -0.0290942 0.00659876 0.0300989 0.105711 0.0177232 0.00819526 -0.00479739 0.029866 0.0373121 -0.0166957 0.0254314 -0.0215411
internal_weight=21433.6 20635.4 4031.07 3179.1 1696.19 851.974 791.444 680.49 16604.3 886.526 817.111 271.817 36.2087 15941.5 6964.8 8976.68 809.661 1482.91 1196.45 785.028 406.702 328.132 411.421 355.453 180.885 95.3703 85.5146 174.568 6851.31 5074.96 316.418 269.524 12.386 3812.17 654.263 558.581 96.2738 462.307 217.197 235.609 150.884 28.8409 3788.29 545.293 312.066 1776.36 1588.93 798.174 286.46 157.746 779.315 3588.17 30.3462 66.2628 257.137 198.442 120.901 42.3147 245.11 378.327 39.0262 339.301
internal_count=785941 490416 252334 211158 135274 41176 36466 33189 238082 58164 51857 14712 1008 229769 109165 120604 77110 75884 52124 34669 16477 11282 17455 15151 5284 2357 2927 9867 108592 91901 11026 5381 630 51740 32706 25716 5500 20216 14256 13704 9604 1470 51237 37145 16987 16691 15679 295525 23760 11807 75557 48153 1553 1488 4751 4049 8867 2504 5960 18192 1322 16870
is_linear=0
shrinkage=0.05


Tree=62
num_leaves=63
num_cat=0
split_feature=36 6 53 39 49 49 29 53 13 42 52 49 48 5 52 29 48 35 17 49 38 35 38 29 23 22 54 29 49 49 41 28 39 5 53 53 47 40 53 36 17 11 1 2 36 52 2 39 45 49 39 52 52 40 40 49 48 48 46 42 42 23
split_gain=485.997 91.4728 57.0422 56.0866 53.7142 45.1611 52.91 49.1568 40.6192 36.8624 36.506 56.8867 36.0745 35.9197 40.6413 47.7412 41.3267 87.4776 73.0153 55.8828 42.8416 58.9642 41.0207 40.6656 45.8385 40.2702 45.4011 39.8931 65.2559 38.8026 38.5307 46.6963 36.0349 34.9546 37.4167 34.7174 34.5825 34.5416 34.1 39.6774 36.1338 53.2261 45.9686 83.3748 40.9775 41.614 36.908 37.2115 41.8212 33.677 36.2098 33.5699 33.5619 33.2241 41.4384 45.1183 37.1275 33.0195 37.0864 42.3011 34.0707 33.0081
threshold=285.58824157714849 282.60110473632818 13.111111164093019 -5.6702983379364005 270.65731811523443 247.43756103515628 3.1530771255493169 545.16665649414074 -54.09258842468261 15.692214965820314 14.536789417266847 264.80390930175787 -0.64861023426055897 231.42743682861331 37.740104675292976 2.4885721206665044 0.31611293554306036 21.224394798278812 1.0000000180025095e-35 278.81596374511724 -7.3529434204101554 15.278455257415773 -1.7647018432617185 5.9888629913330087 -16.345941543579098 -10.346901416778563 -0.6035533845424651 31.354249954223636 255.59030914306643 270.38075256347662 0.25006235390901571 -3.1709814071655269 -11.30936813354492 225.84973907470706 411.11111450195318 956.33334350585949 -2.3608226776123042 1.9411621093750002 812.47619628906261 279.11766052246099 -34.631246566772454 290.12712097167974 288.20376586914068 286.82205200195318 280.88236999511724 16.116878509521488 277.18972778320318 -43.561368942260735 -0.071637272834777818 265.70214843750006 -41.099491119384759 12.738932609558107 7.4927635192871103 32.784309387207038 17.627441406250004 259.31796264648443 0.70040506124496471 -0.4372642040252685 12.248271942138674 2.1964111328125004 -1.053657531738281 -42.325708389282219
decision_type=2 2 2 2 2 2 2 2 2 2 2 2 2 2 2 2 2 2 2 2 2 2 2 2 2 2 2 2 2 2 2 2 2 2 2 2 2 2 2 2 2 2 2 2 2 2 2 2 2 2 2 2 2 2 2 2 2 2 2 2 2 2
left_child=1 2 3 4 -1 6 -4 9 -3 13 11 37 -13 14 15 -7 20 22 19 25 21 23 -18 -17 -25 -19 29 32 -29 53 31 -15 -28 34 -8 -14 -11 -9 40 -40 41 -10 43 -43 45 -45 -42 -48 -49 50 -33 -26 -39 54 55 56 -27 60 59 -59 -22 -12
right_child=-2 8 5 -5 -6 7 33 10 38 36 61 12 35 30 -16 16 17 18 -20 -21 57 -23 -24 24 51 26 27 28 -30 -31 -32 49 -34 -35 -36 -37 -38 52 39 -41 46 42 -44 44 -46 -47 47 48 -50 -51 -52 -53 -54 -55 -56 -57 -58 58 -60 -61 -62 -63
leaf_value=-0.016038848419052724 -0.044322009686272451 -0.036167702192962635 0.0536503774820749 0.008487409635238901 -0.0001075005298692459 0.017488439573483144 0.027970816234713366 0.0043431569880201986 -0.018644395281248036 -0.0018582503449973882 0.039605765412460525 0.073181349477124513 0.033894175657885044 -0.031459526713499802 -0.010960672914840618 0.01255284090128557 0.020779399541662733 -0.016809197421797553 0.020046226819368903 0.036199032729690078 0.031478098299984353 -0.030743599853268272 0.070457830924307768 0.0062090235114205129 0.039592889461573855 0.0034398111553301902 -0.019031814381654411 0.053400305087741289 -0.029695929070291439 0.026128059572672436 -0.0034663115651800032 0.060741601154841465 0.015787780810469148 -0.010133216004230419 -0.024250981777810224 -0.0013965835307600232 0.019040415615107428 0.072086925687495251 -0.0064901924867212793 0.042170422808449771 -0.014564925355269726 0.022139124979636722 -0.0039620406008947706 0.40937255380379095 0.06468743816405427 0.11720444473033242 0.02422124188045683 0.0070617672201694964 -0.027350511544605272 0.014374057264414989 -0.036603024149692874 0.12250063720777318 0.026416651270574205 0.025553305431550835 -0.033317982684807679 -0.030149306357564562 0.081607818356231293 -0.015662408952826147 0.02692923390498066 0.0010678598085709478 0.0005177878387342959 0.0029728104961911847
leaf_weight=1106.1750935995951 611.3696587914601 123.04502951051109 86.229057685472071 638.23772947117686 1014.1505171600729 649.57000885438174 244.47192297130823 48.627649077214301 1004.3220224927645 304.62306684022769 65.410697935149074 21.26202127058059 89.352890475653112 69.606652847956866 446.06535499729216 137.94075379893184 526.89046786539257 426.90287560690194 497.54950431734324 93.867523826658726 110.26752015948296 51.477145741693676 45.111190840601921 27.625070232897997 21.560713110491633 46.259890520945191 83.405235138721764 28.622773967683315 135.34812991973013 59.460704129189253 4997.488526548259 11.326401991304008 680.99176274985075 136.55666705220938 39.89852749556303 316.66912403702736 565.29281090339646 92.989282855764031 95.469535010866821 74.646223442163318 344.20002057449892 35.351156880147755 118.78155169053935 2.9334867196157557 3.4785711313597858 2.0849671866744757 191.06746196676977 331.69584091310389 120.31454615620896 743.41200657468289 61.015461023896933 28.151285709813237 70.89742770139128 41.398493893444538 254.04890074580908 60.194529205560684 22.617895990610123 958.6884534638375 74.935801081359386 623.57227302342653 457.72622780874372 1026.3396368632093
leaf_count=24948 267120 25318 581 4015 21602 3764 1337 359 111987 8148 2100 205 1279 2626 4225 1506 4981 8290 2676 605 649 1242 209 492 240 500 1427 157 1051 339 142200 250 5878 634 204 3462 8999 774 1839 2461 9507 2451 26427 258 739 207 12981 11916 5435 11260 1067 286 754 277 2611 727 189 6389 396 4539 2897 13876
internal_value=-0.000383967 0.00090826 0.00211987 -0.00450735 -0.00841889 0.00329314 0.0179688 0.0027994 -0.00817129 0.00177084 0.0107253 0.0202089 0.00969442 0.0010768 0.00361188 0.00466985 0.00315444 0.00710476 0.00296476 -0.0014317 -0.0016055 0.0173293 0.0246973 0.0288245 0.0578471 -0.00335221 0.000715359 0.00718807 -0.0151906 -0.0117005 -0.00176312 0.00785069 0.0119885 0.0106592 0.0206438 0.00636982 0.0117222 0.0413496 -0.00668923 0.0148619 -0.00839109 -0.0143474 0.0121891 0.0559412 0.196572 0.287988 -0.00135085 0.00572184 -0.00209797 0.0112049 -0.021362 0.0865425 0.05233 -0.016999 -0.0215971 0.00147281 0.0291084 -0.0038754 -0.00744119 -0.00906897 0.00652827 0.00516762
internal_weight=21399 20787.7 18340.3 2758.56 2120.33 15581.7 507.156 15074.6 2447.39 13343 1731.55 639.798 427.284 12473.1 6590.25 6144.19 5494.62 3002.67 2430.67 1933.12 2491.95 266.755 572.002 215.278 77.3371 1839.25 1412.35 928.368 163.971 483.98 5882.85 885.361 764.397 420.927 284.37 406.022 869.916 212.514 2324.35 170.116 2154.23 1166.95 162.63 43.8482 8.49703 5.01845 987.278 643.078 452.01 815.754 72.3419 49.712 163.887 424.52 383.121 129.072 68.8778 2225.19 1657.2 1582.26 567.994 1091.75
internal_count=785868 518748 307222 50565 46550 256657 2756 253901 211526 231092 22809 6833 4946 213945 56542 52317 48553 29917 24727 22051 18636 3766 5190 2524 1018 21446 13156 8513 1208 4643 157403 15203 7305 2175 1541 4741 17147 1887 186208 4300 181908 142069 30082 3655 1204 465 39839 30332 17351 12577 1317 526 1528 4304 4027 1416 689 14870 11324 10928 3546 15976
is_linear=0
shrinkage=0.05


Tree=63
num_leaves=63
num_cat=0
split_feature=36 12 5 52 42 11 46 35 41 40 11 48 5 35 52 35 42 44 48 23 41 48 48 25 13 20 13 17 40 25 24 23 52 21 39 37 5 52 16 35 8 45 45 55 48 39 28 23 35 39 53 48 41 37 40 48 48 46 2 42 5 40
split_gain=453.601 89.8639 66.365 83.1174 61.0576 70.38 53.4315 52.9642 44.6665 66.2935 69.1312 47.0085 68.7934 84.4204 47.973 44.0105 44.5939 56.3667 45.6432 43.1002 43.0212 42.9501 40.827 55.361 46.8709 40.379 50.2699 65.8531 37.9382 36.561 35.6822 43.2441 35.6487 35.045 34.7207 59.1222 34.6738 38.1216 42.0041 36.1977 34.3127 33.318 33.2023 36.283 70.9037 57.4711 43.8819 72.1969 38.0416 58.1522 46.0799 37.736 55.8939 44.897 40.9425 35.9322 37.598 39.1954 37.13 38.2141 36.5045 56.2439
threshold=285.00000000000006 -50.895061492919915 235.474235534668 57.570123672485359 8.386817932128908 288.51582336425787 0.95734310150146495 7.9522657394409189 -0.52142748236656178 -2.5686340332031246 284.91830444335943 0.1492651700973511 263.05389404296881 6.9300291538238534 45.53399848937989 3.7027579545974736 4.4444503784179696 -0.9297199249267577 -0.67741933465003956 -18.475384712219235 18.62987041473389 -0.51876229047775257 0.1445879936218262 4.8394927978515634 -40.200113296508782 -45.723018646240227 -38.298725128173821 -38.507429122924798 -2.5686340332031246 -2.5685839653015132 0.90740060806274425 -47.339679718017571 44.719711303710945 -48.95569992065429 -31.137981414794918 277.40377807617193 249.96333312988284 10.639651775360109 -26.030302047729489 2.5604977607727055 261.57838439941412 -14.610094070434569 -3.1729340553283687 -0.91597560048103321 0.91066169738769542 -15.000725746154783 23.298627853393558 -1.2585433125495908 27.782955169677738 -2.0842412710189815 30.722222328186039 0.97297734022140514 33.642942428588874 221.60130310058597 23.627441406250004 0.53181481361389171 -0.44147184491157526 12.248271942138674 208.82292175292972 0.78749084472656261 226.45742797851565 6.3529434204101571
decision_type=2 2 2 2 2 2 2 2 2 2 2 2 2 2 2 2 2 2 2 2 2 2 2 2 2 2 2 2 2 2 2 2 2 2 2 2 2 2 2 2 2 2 2 2 2 2 2 2 2 2 2 2 2 2 2 2 2 2 2 2 2 2
left_child=1 -1 3 15 8 20 7 -7 9 29 -11 12 13 19 -13 -3 18 41 -17 36 22 -21 23 28 -24 -8 27 -27 -6 -4 31 33 -12 -30 -16 -36 -10 39 -39 -38 -25 -18 -20 44 48 -46 55 -48 -44 50 -50 52 53 -47 -53 56 -45 58 59 -58 61 -57
right_child=-2 2 4 -5 5 6 25 -9 11 10 32 14 -14 -15 34 16 17 -19 42 21 -22 -23 24 40 -26 26 -28 -29 30 -31 -32 -33 -34 -35 35 -37 37 38 -40 -41 -42 -43 43 46 45 51 47 -49 49 -51 -52 54 -54 -55 -56 60 57 -59 -60 -61 -62 -63
leaf_value=-0.018488258391145877 -0.042283086022635301 0.018951639455822372 -0.025526760491789688 -0.014735008525254157 -0.0078349598517503116 -0.018908490527522148 0.061742046934305322 0.078938760400602992 0.013265994124426942 0.020565369879301174 0.041981813144376739 -0.0038153677563508809 -0.02221173373985065 -0.022786732173594313 0.006428337170717259 -0.047053858433344309 -0.027503997591853548 0.030564576497821523 -0.011999426866961448 -0.041703844063642526 -0.010830284580294697 -0.0051008607014632543 -0.0040308399455256426 0.0027921601024287752 0.027776140188007583 0.11030114609368501 0.06715762547805218 0.47557201135981436 0.026232467769953072 0.0031171053701209159 0.0061724541865920135 0.021732973683549251 0.18759319743371242 0.16878497584360633 0.025695912132132317 0.13502785519403401 0.033307018364333439 0.011656427987955971 -0.023082651055540377 -0.0078069686779536369 -0.024175538908970506 0.0082694996640113767 0.013400504897647925 0.011741691859579517 -0.026341747819240063 0.084431857750074224 -0.013809430115997532 0.011685921900654749 0.021887236953454403 0.013869048867920983 0.099069307087555389 -0.0055558706543134611 -0.021813503072001524 0.011682961515374117 0.072121582997066808 -0.019338331246937651 -0.037723396112236837 0.03213959215445502 -0.00021904583897364974 0.015883288328704278 -0.00046228326493996327 0.027159359208061395
leaf_weight=588.81553188012913 630.5405091913417 537.73564474657178 137.03217513812706 561.17797157727182 339.55037505319342 37.822710865410045 26.827539512654766 21.802183084655553 604.72424082853831 224.94855887908489 7.3945452023763236 1862.1103104637004 875.66123353340663 546.49066512333229 222.30873122531921 46.735138827934861 67.022967998869717 291.46076604910195 372.73554465919733 102.38242913968861 493.13470662478358 368.9718250259757 170.2503053327091 205.27109600417316 362.30629900004715 2.4690339351072907 4.9335471079684776 2.4666374525986612 7.9788909703493145 595.62419654009864 852.61542611289769 258.24127278011292 9.7397529431618732 9.3796477359719557 80.038532725535333 14.624381958507 111.40530347311869 125.3132620495744 284.71770120831206 103.06121317157522 277.28561894642189 2253.5479399999604 134.15730023104697 777.94144712295383 131.18214118666947 23.103122245520353 922.47862015198916 397.25149086117744 27.832816242240369 65.905148632824421 63.363540948368609 26.60215736925602 131.66727991215885 258.579360159114 46.820910878479481 75.065197453834116 130.27060176059604 88.021169887855649 2517.6830350426026 44.636075288057327 308.40480079688132 486.76136227790266
leaf_count=79620 280794 2847 8128 5981 4206 3042 2164 896 8321 2728 515 87933 63794 25252 6833 549 880 1914 4103 1075 16616 3494 9228 4363 8729 215 124 196 361 15928 16439 2811 144 321 1959 131 1677 4121 6124 3692 12776 21880 1580 5848 3158 107 9508 2012 300 320 736 303 969 2625 306 495 596 717 23499 224 5734 4145
internal_value=-0.00050554 0.000765455 0.00132844 0.00400052 -0.001755 0.00402046 0.046085 0.0168699 -0.00458205 0.00525508 0.0279396 -0.00639061 -0.0103235 -0.00569081 -0.000754537 0.00502858 0.00425587 0.00983935 0.00219514 -0.000196932 0.002659 -0.0130514 0.00533816 0.00198777 0.0176079 0.0935536 0.180027 0.292848 0.00681796 -0.00224029 0.0112279 0.0268679 0.124753 0.10326 0.0172269 0.0425865 0.00473219 -0.0035314 -0.0124657 0.0135498 -0.012704 0.00723629 0.00252252 0.00333554 0.0126167 0.00303084 0.00186758 -0.00613508 0.0329548 0.0496533 0.0755136 0.0109466 0.0050792 0.0176497 0.043978 0.00425229 0.00202513 -0.000693303 -0.00176662 -0.024043 0.0133596 0.0209468
internal_weight=21356.4 20725.8 20137 10788.1 9348.88 3072.34 96.3217 59.6249 6276.55 974.739 242.083 5301.81 3122.73 2247.07 2179.08 10227 9689.23 2612.03 7077.2 1700.58 2976.01 471.354 2482.88 1950.32 532.557 36.6968 9.86922 4.93567 1467.77 732.656 1128.22 275.6 17.1343 17.3585 316.972 94.6629 1229.22 624.497 410.031 214.467 482.557 2320.57 7030.46 6657.73 909.214 617.955 5748.51 1319.73 291.259 157.102 91.1964 486.773 413.35 281.682 73.4231 4428.78 3558.55 2780.61 2692.59 174.907 870.231 561.827
internal_count=786086 505292 425672 101336 324336 82487 6637 3938 241849 27443 3387 214406 117550 53756 96856 95355 92508 24674 67834 28504 75850 4569 59234 41277 17957 2699 535 411 24138 24056 19932 3493 659 682 8923 2090 23935 15614 10245 5369 17139 22760 67285 63182 10404 7468 52778 11520 2936 1356 1036 4310 3701 2732 609 41258 30884 25036 24319 820 10374 4640
is_linear=0
shrinkage=0.05


Tree=64
num_leaves=63
num_cat=0
split_feature=36 17 50 3 40 19 48 49 49 48 49 47 48 42 48 49 48 49 29 49 41 29 22 48 53 49 23 29 55 54 23 27 45 51 40 49 54 14 49 48 49 29 24 49 34 29 36 35 40 45 48 25 28 54 42 48 49 49 54 49 55 48
split_gain=432.539 99.8262 60.8871 61.6391 53.0906 68.0917 73.6136 70.929 59.6128 59.3662 57.1492 60.2042 54.6902 50.934 47.0252 66.9998 60.4067 53.1764 62.02 45.2936 53.3435 87.2276 43.7222 47.5711 43.4223 55.3324 67.2026 64.4279 53.5076 52.8211 48.155 47.8335 43.003 45.9073 42.8737 42.7452 87.7872 42.3769 41.906 115.975 40.9963 40.4081 44.7121 40.4007 39.5373 52.4274 39.4355 40.2407 43.574 42.5636 38.7036 38.548 38.3087 41.2995 40.376 37.6473 37.4121 53.627 57.5809 55.7392 56.2587 55.5056
threshold=285.58824157714849 -34.913860321044915 92.951648712158217 266.01635742187506 1.5293960571289065 -29.921884536743161 0.22238975763320926 267.04945373535162 247.43756103515628 0.01708924770355225 268.43287658691412 0.073668956756591811 -0.091793358325958238 11.916526794433596 -0.19414439797401425 270.83627319335943 -0.25980782508850092 274.13537597656256 0.82734632492065441 275.56561279296881 16.91430759429932 4.6416101455688485 1.0000000180025095e-35 0.26878702640533453 239.70833587646487 255.59030914306643 -7.0733015537261954 31.354249954223636 -0.6035533845424651 -0.7865660786628722 -5.0849182605743399 25.143560409545902 -1.1074428558349607 5.4678637981414804 15.862731933593752 256.60597229003912 -0.37940952181816096 -1.1467094421386717 268.30914306640631 0.81332153081893932 271.58435058593756 17.05646896362305 22.778068542480472 288.78967285156256 9.6521248817443865 7.5255737304687509 280.88236999511724 -0.8988763391971587 6.9803848266601571 -2.1861839294433589 0.80160850286483776 7.775719642639161 6.409860610961915 0.37940952181816107 9.1083374023437518 0.34924721717834478 286.41694641113287 284.34808349609381 -0.7865660786628722 276.94873046875006 0.98296290636062633 -0.50290912389755238
decision_type=2 2 2 2 2 2 2 2 2 2 2 2 2 2 2 2 2 2 2 2 2 2 2 2 2 2 2 2 2 2 2 2 2 2 2 2 2 2 2 2 2 2 2 2 2 2 2 2 2 2 2 2 2 2 2 2 2 2 2 2 2 2
left_child=1 2 46 -4 8 6 51 -8 -3 12 11 38 14 22 16 -16 56 -17 -19 -12 21 -21 24 -24 25 26 29 28 30 32 31 35 55 -34 -30 36 -27 -18 -9 -40 -15 -22 -43 -14 -23 -46 47 -1 -49 -50 -32 52 -6 54 -54 -7 57 59 -59 -10 -61 -62
right_child=-2 4 3 -5 5 13 7 10 9 -11 19 -13 43 40 15 17 37 18 -20 20 41 44 23 -25 -26 27 -28 -29 34 -31 50 -33 33 -35 -36 -37 -38 -39 39 -41 -42 42 -44 -45 45 -47 -48 48 49 -51 -52 -53 53 -55 -56 -57 -58 58 -60 60 61 -63
leaf_value=0.010992801098353669 -0.043694696234031667 0.044397493631176489 0.14946453941658105 0.0029475628485507591 -0.014705361187649778 0.014580680685631254 -0.026274716061681649 0.030055128935286286 0.0084490373075949594 0.019197139410672998 -0.016304419679734446 -0.032391307906401635 -0.013260480159175532 0.0082169690305911574 -0.0028816226534415968 0.083266378806598304 -0.014535391190000413 0.045617938472316127 -0.029555089738922499 -0.014569642857877544 -0.017802413453175712 0.080045776588678591 -0.0059677603415457699 0.043221300420046523 0.0060964895320621028 0.11962623336796221 0.023010372183116048 -0.025475957176085785 -0.0035981656905218029 -0.025815235528771636 0.039147028274108528 -0.019348548830710757 0.051235756422521844 -0.025928599718619973 -0.019380771150632883 0.0013573384267820112 0.0077050795135289382 0.043248651055174309 0.19242522824097208 -0.016291937822195356 0.037171559009141923 0.062835408677527807 -0.0021772419056228006 0.074371450112074064 -0.0036621625964106453 0.042717400986726502 -0.02931570565891331 -0.019919054356637839 -0.030986642898966639 0.014861767618150903 0.008874526379458977 -0.036323529897754246 0.2358200879686371 -0.041772941279266174 0.020646144141066233 0.077576516352546976 -0.011489449542752061 0.12998817373935226 0.022522744658759374 -0.01912446863954867 -0.02543190635324032 0.05148787763617934
leaf_weight=189.88339859806001 560.07247326779179 98.977592173963785 7.2730491119436911 550.89746905490756 381.37933250633068 87.056708082556725 254.01719262613915 115.79355409089476 2589.4603712642565 676.17069480125792 359.95261106500402 32.383853054372594 555.25138804316521 487.80019306112081 143.14187680999748 56.043768918141723 546.03201995207928 103.44117406918667 37.34284566831775 147.4509089239873 303.13768477272242 38.038369924994186 81.168260008096695 124.61502020806074 2545.9241219642572 23.69395359698683 471.72983358241618 309.98762010689825 3024.3506445046514 171.63661645539105 146.81039095297456 268.64233693527058 24.072516756132245 96.709512069821358 501.68091503251344 1246.1369826253504 67.244468683376908 33.686217591166496 14.916381713934245 12.017951278015969 163.13400106225163 35.940009218640625 100.12045646132901 13.471490504220126 96.970061456318945 163.95384569000453 344.27564810123295 790.6330840094015 67.564299342222512 201.85886763641611 375.98090579546988 266.69940840546042 4.6931936014443618 5.2211464787833384 4.0714620901271701 32.596630742773414 276.70201312750578 12.971817101584746 318.83035280345939 373.83146025845781 37.246903536375612 63.329791461117566
leaf_count=5956 266810 696 170 32079 16835 599 14462 1960 29283 12574 14660 1203 8670 7065 1529 418 8428 1574 840 6017 8779 1553 435 735 29234 386 2749 3125 44235 1816 844 7340 233 1163 7436 21522 657 158 186 361 2094 524 1725 398 3785 5245 72530 77205 5711 10663 2805 13906 244 305 197 253 8078 273 5173 8601 997 426
internal_value=-0.000337933 0.000836514 -0.00935554 0.0048567 0.0020208 0.000182625 -0.00751965 -0.00193977 0.00591882 0.00526633 0.00241133 0.029157 0.00344111 0.00193839 0.0052525 0.0231467 0.0038218 0.0420757 0.0256784 -0.0013488 0.00472984 0.0169015 0.00102065 0.0238194 0.000521235 -0.00155141 0.0101242 -0.00328146 -0.00206473 -0.00462766 0.00419541 -9.58247e-05 0.0104973 -0.0105493 -0.0058437 0.00377239 0.0368661 -0.0111777 0.0431218 0.0992968 0.0154734 -0.0076418 0.0149957 -0.0111847 0.0324234 0.0254808 -0.0143316 -0.0102044 -0.0140014 0.00336418 0.0173757 -0.021634 -0.0117249 0.0695496 0.135865 0.0317424 0.00618961 0.00763021 0.0267241 0.00556244 -0.0101935 0.0230019
internal_weight=21236.1 20676 2152.39 558.171 18523.7 12587.7 2336.76 1674.69 5935.93 5836.95 1420.68 175.112 5160.78 10251 4592.06 339.97 4252.09 196.828 140.784 1245.56 885.611 446.413 9600.04 205.783 9394.25 6848.33 883.802 5964.53 5654.54 412.072 2128.51 1605.72 240.435 120.782 3526.03 1337.08 90.9384 579.718 142.728 26.9343 650.934 439.198 136.06 568.723 298.962 260.924 1594.22 1249.94 1060.06 269.423 522.791 662.065 395.365 13.9858 8.76466 119.653 3672.37 3395.67 331.802 3063.87 474.408 100.577
internal_count=785913 519103 204314 32249 314789 226673 91947 60460 88116 87420 45998 3710 74846 134726 65778 4361 61417 2832 2414 42288 27628 16600 125567 1170 124397 95163 6813 88350 85225 4064 33554 29905 2248 1396 51671 22565 1043 8586 2507 547 9159 11028 2249 9068 10583 9030 172065 99535 93579 16374 3649 31487 17581 746 441 852 52831 44753 5446 39307 10024 1423
is_linear=0
shrinkage=0.05


Tree=65
num_leaves=63
num_cat=0
split_feature=36 18 5 43 51 52 49 36 29 44 47 22 48 53 34 4 5 29 48 48 54 49 49 49 49 48 1 19 21 54 47 49 49 32 48 49 45 23 53 54 36 41 27 5 3 29 49 52 49 54 53 50 17 51 48 29 48 41 23 17 15 49
split_gain=402.354 74.7946 50.7167 55.4665 48.3147 46.1244 41.5826 41.4651 43.6979 40.3984 43.6532 43.0795 38.0556 53.6608 53.4233 61.6842 48.3028 42.2442 48.6586 42.8237 40.3719 50.1061 39.1313 63.4293 53.7459 90.0044 46.8881 38.3562 37.6829 36.845 35.1782 33.9701 92.1879 83.2963 81.4659 62.1662 36.1532 32.7413 32.5565 32.3533 49.4239 32.2974 53.1864 51.8419 51.9846 47.3746 36.2238 36.5066 54.6354 32.788 35.9701 38.2333 31.7856 31.695 31.6663 48.915 33.5609 31.9661 31.7469 31.2406 40.8005 44.8466
threshold=285.58824157714849 -50.797880172729485 231.42743682861331 -12.155555725097654 5.6344866752624521 57.570123672485359 289.84396362304693 199.11765289306643 3.7707633972167973 -3.8944206237792964 -3.7114353179931636 -20.547482490539547 -0.065915763378143297 248.08332824707034 21.055747985839847 207.11548614501956 220.15905761718753 25.891773223876957 0.97297734022140514 0.91066169738769542 -0.37940952181816096 266.63755798339849 260.66418457031256 282.69186401367193 259.51712036132818 0.90649205446243297 235.58066558837893 1.0000000180025095e-35 -27.451961517333981 0.12940952181816109 0.94373273849487316 255.32789611816409 256.32855224609381 34.458843231201179 0.89492958784103405 257.70365905761724 1.3454093933105471 -7.7348318099975577 52.750000000000007 0.78656607866287243 212.64705657958987 -0.52142748236656178 -2.2763547897338863 273.52867126464849 279.03729248046881 4.2855558395385751 266.37236022949224 60.031352996826179 288.23182678222662 0.12940952181816109 55.300001144409187 106.65961074829103 -4.806591033935546 5.581451654434205 0.8446832299232484 16.001280784606937 0.8732551932334901 29.746066093444828 -11.522881507873533 -5.3756484985351554 -7.6198196411132804 266.53407287597662
decision_type=2 2 2 2 2 2 2 2 2 2 2 2 2 2 2 2 2 2 2 2 2 2 2 2 2 2 2 2 2 2 2 2 2 2 2 2 2 2 2 2 2 2 2 2 2 2 2 2 2 2 2 2 2 2 2 2 2 2 2 2 2 2
left_child=1 -1 5 -4 6 7 -5 -3 28 10 11 -6 13 -10 15 -14 17 19 27 20 -16 53 24 -24 -18 -26 -25 31 -9 -15 -8 33 -33 -19 39 -36 -35 -21 -27 40 -34 42 -11 44 54 -45 -47 -48 -49 50 -46 -52 -31 -22 58 56 -56 59 -43 60 61 -57
right_child=-2 2 3 4 9 -7 30 8 12 41 -12 -13 14 29 16 -17 22 18 -20 37 21 -23 23 26 25 38 -28 -29 -30 52 -32 32 34 36 35 -37 -38 -39 -40 -41 -42 43 -44 45 49 46 47 48 -50 -51 51 -53 -54 -55 55 57 -58 -59 -60 -61 -62 -63
leaf_value=-0.016648342840261159 -0.043211321678750456 0.042093129324361891 -0.021989140609765156 -0.012102662614664014 -0.018297587859695326 -0.011536107129224878 0.015422921135041665 -0.0036625388541007631 -0.0092227613501943816 -0.011068924545597903 0.0057880902002851835 0.015606419220297122 -0.042839227824552475 -0.0051187054981240085 0.0079133952462953055 0.014043945643680673 -0.0061338877623577266 -0.029353969886029542 0.044750568371554257 -0.041622519831840565 -0.02505670367084252 0.058670391617984735 -0.022141540737920865 -0.0039660463978091363 -0.050149824679414881 0.0062158084807621321 0.082344324588178641 0.022716581184750895 0.015057694579982715 0.060012798848530481 0.13729150343076099 -0.043037415312389908 0.010333828671958454 0.045638385599422529 0.092962091648338629 0.013645109487886756 -0.013088417332394579 0.0038435969445083265 0.056903838486652071 -0.03025210390548403 -0.027132921229384217 -0.0023792799327085382 0.017214596229229037 -0.027948195821633871 0.25848014785627432 0.14639025099727596 -0.01371901368560278 0.047729520462478608 -0.051833775949934796 0.0045703348838143391 0.021135186909255286 0.2212306691117259 0.015049279766291791 0.024010759955073548 0.061131621838813148 -0.023480659084026301 -0.01373581322565484 -0.01141888500774732 -0.021341014137175152 -0.044322874205775159 0.13844615116433953 0.05428482631384756
leaf_weight=604.81080617359839 535.79505133454222 73.420100286602974 310.38377384934574 1069.1883721789345 376.68210957362317 461.59632941521704 23.250450243474919 332.46609797608107 1242.2299905084074 258.09725764580071 3990.7175059483852 124.71368458680809 49.163024552166462 187.24113319627941 607.46155928075314 1557.9824109924957 597.08008216507733 83.4606894236058 56.065266588702798 56.274208403192461 37.134880129247904 101.37781714275479 504.83175078034401 39.977127555757761 32.748289929702878 45.651015592738986 25.949235580861568 130.64578320086002 1404.2223198674619 49.943818127736449 7.9449022540356955 174.27907189168036 241.78078056871891 119.38190205395222 31.75775084272027 111.21784506738186 33.577808819711208 133.61068495362997 103.50224716123194 157.56014510057867 138.40868432074785 2685.9270128835924 466.90861506364308 399.92186135635711 3.3923122417181757 4.0454993061721316 244.29682356514968 61.333522596629336 17.771370793692768 12.019211947917936 8.9611787095200253 3.2542463045101604 184.5211774148047 289.35772142186761 16.519642712548375 22.989226995967329 159.45348454406485 36.048431336414069 240.50827190373093 9.8828277382999641 11.352974023669956 95.781027169898152
leaf_count=86705 266570 571 12972 39493 16073 4496 1132 2596 9961 13420 111918 1620 210 1340 3880 13583 8418 447 395 752 326 541 10002 304 598 395 223 639 8081 428 217 1405 1090 733 157 825 198 1058 725 1056 1161 71519 9436 42206 298 325 15567 603 473 944 640 119 908 1952 292 1081 4845 1756 3258 163 157 1660
internal_value=-0.000433782 0.000675499 0.00119789 -0.00116244 -0.000537936 0.00387611 -0.0104424 0.0046724 0.00436233 0.000640232 0.00404099 -0.00986454 0.00262871 -0.00399117 0.00464603 0.0123039 0.0014519 0.00556259 -0.000796722 0.0121966 0.0161998 0.0279643 -0.00617218 -0.0161181 0.00111516 0.0249097 0.0300065 -0.00288631 0.011474 0.0114197 0.0464607 -0.00595103 -0.0105896 0.010824 -0.00228226 0.031263 0.0327466 -0.00963072 0.0413899 -0.0112012 -0.00330601 -0.00257017 0.00714585 -0.00431661 -0.00165777 -0.0164017 -0.00229969 -0.00415968 0.0253621 0.0666419 0.114442 0.0744416 0.024627 0.0184299 -0.00223332 0.0119349 -0.00670756 0.0305687 -0.00393764 0.0413796 0.0478887 0.0392325
internal_weight=21197.8 20662 20057.2 10661.3 10351 9395.88 1100.38 8934.28 8860.86 9250.58 4492.11 501.396 7124.17 1663.94 5460.24 1607.15 3853.09 2503.35 1278.14 1225.22 1035.33 427.87 1349.74 570.758 778.982 181.902 65.9264 1222.07 1736.69 421.706 31.1954 1091.42 855.004 236.42 680.725 142.976 152.96 189.885 149.153 537.75 380.189 4758.46 725.006 4033.46 3306.09 727.369 327.447 323.402 79.1049 27.6269 15.6077 12.2154 234.465 326.493 3278.46 352.028 175.973 176.054 2926.44 140.006 130.123 118.77
internal_count=784916 518346 431641 352187 339215 79454 40842 74958 74387 298373 129611 17693 63710 12637 51073 13793 37280 16615 8106 8509 6699 2819 20665 10529 10136 1718 527 7711 10677 2676 1349 7072 5694 1378 4289 982 931 1810 1120 3307 2251 168762 22856 145906 86732 59174 16968 16643 1076 2001 1057 759 1336 2278 84731 9954 5137 4817 74777 3061 2898 2741
is_linear=0
shrinkage=0.05


Tree=66
num_leaves=63
num_cat=0
split_feature=36 38 39 29 53 49 48 51 49 49 53 53 36 15 29 5 39 54 49 48 29 22 49 36 42 47 49 39 49 37 38 54 49 39 29 49 49 36 48 5 49 48 49 54 51 44 36 12 48 5 48 38 48 35 40 14 23 22 49 49 49 36
split_gain=375.567 71.7179 51.9166 62.1647 64.8994 51.6925 46.6651 45.8128 44.2715 67.0656 40.3324 39.3979 53.133 38.4339 36.7726 41.0192 35.7208 38.7908 46.4789 34.5859 38.5195 65.865 43.2844 33.8412 33.4358 51.4739 32.9435 36.3588 31.132 48.7657 53.254 30.7732 54.0987 40.5963 37.255 44.2223 55.0336 38.1335 35.3419 32.3631 32.1745 31.522 31.4382 30.5126 33.3995 30.3084 30.028 29.6152 29.5264 31.2059 29.5194 47.7578 64.7166 29.4345 41.7757 29.2405 29.1681 28.2284 28.0308 27.8819 36.8071 34.5631
threshold=286.17646789550787 -40.235282897949212 -2.0842412710189815 25.891773223876957 13.111111164093019 247.43756103515628 0.97297734022140514 56.739677429199226 255.59030914306643 255.95982360839847 1089.1666564941409 545.16665649414074 279.11766052246099 -51.013269424438469 3.1530771255493169 225.84973907470706 -48.901952743530266 -0.37940952181816096 275.32183837890631 -0.62369728088378895 31.354249954223636 1.0000000180025095e-35 257.70365905761724 213.82353210449222 15.692214965820314 -2.3608226776123042 288.23182678222662 -5.6702983379364005 266.37236022949224 285.49383544921881 -43.235290527343743 1.0000000180025095e-35 286.04714965820318 -44.849676132202141 13.62691116333008 263.73217773437506 270.38075256347662 244.41175842285159 -0.51876229047775257 281.77020263671881 287.98866271972662 0.70040506124496471 288.72994995117193 -0.6035533845424651 17.762765884399418 3.8465747833251958 212.64705657958987 -49.441432952880852 -0.71015053987503041 280.56463623046881 -0.49531143903732294 -34.352928161621087 -0.58530998229980458 -0.23971917480230329 -2.5686340332031246 -45.562782287597649 -51.41740417480468 -18.531819343566891 270.26141357421881 274.13537597656256 284.34808349609381 257.35295104980474
decision_type=2 2 2 2 2 2 2 2 2 2 2 2 2 2 2 2 2 2 2 2 2 2 2 2 2 2 2 2 2 2 2 2 2 2 2 2 2 2 2 2 2 2 2 2 2 2 2 2 2 2 2 2 2 2 2 2 2 2 2 2 2 2
left_child=1 7 3 4 26 14 46 10 -4 -10 28 12 24 -12 -6 -16 -9 18 -18 -11 22 -22 23 -21 48 57 27 58 29 30 47 41 34 40 35 37 38 -33 -37 59 -34 53 -43 44 -27 56 -5 -1 -7 -50 51 -51 -53 54 -13 -15 -14 -26 -3 61 -61 -38
right_child=-2 2 8 6 5 11 -8 16 9 19 13 31 45 55 15 -17 17 -19 -20 20 21 -23 -24 -25 25 43 -28 -29 -30 -31 -32 32 33 -35 -36 36 39 -39 -40 -41 -42 42 -44 -45 -46 -47 -48 -49 49 50 -52 52 -54 -55 -56 -57 -58 -59 -60 60 -62 -63
leaf_value=0.23721152200916962 -0.044040653881660508 -0.015632755424423241 0.038500863867948931 0.0051476436904117169 0.051007813057962717 -0.019895481960172171 0.035629946230013851 -0.02523538158362534 -0.048263870716621235 -0.030580847980366144 0.12526501726093431 0.0001395693922156707 0.15984479862999473 -0.030916298586543708 0.024807946285340641 -0.0092291970944782861 0.12150815094547494 0.0022638009644867989 0.016339425300897683 0.025339614821421448 -0.016358013561496156 0.025765937875716488 0.012431574108783856 0.078574504332312375 -0.0075382111101825926 0.057363047372100601 0.017196669373646896 0.0094956737459190969 -0.026219686666222569 -0.039936600319508651 0.0044120400264277167 0.03626950857774263 0.11624540184495957 -0.033739493997237968 -0.0030523757002806598 0.056256012052316888 0.063144658430759795 0.099486972290823081 -0.01541679005135569 0.087612813835921052 -0.014083226674417665 0.02662176704921982 -0.036670750129704409 0.01186251661401368 0.013269137258551536 0.055255426483114128 -0.020934745845049754 0.054315119099315225 0.00066719525075084531 0.0027001697780001813 0.016154942415024156 0.030654096795392095 0.30673216722530144 -0.0062342107325470695 0.080033831108960049 0.059760696262256531 -0.025437599329586693 0.042937472013526434 -0.0041388830547499818 0.0071334105701781683 0.062956893013907708 -0.013188019190077994
leaf_weight=5.3655871679075062 478.28849946940318 1038.1051478416193 126.19188981503248 134.96610172092915 74.972526355646551 172.4757145405747 46.177971282508224 48.290187219623476 51.765575230121613 51.324093133211136 7.992790035204961 47.986543317325413 2.1410852330736807 22.786024349741638 249.82335583865643 137.08813631534576 19.119325740961358 65.008349300129339 23.318781722802669 89.31985430419445 264.45104252547026 142.96469412744045 795.9337904676795 44.840361401438713 414.55530812824145 87.742736608255655 142.64121303753927 277.16849865578115 561.46582023706287 19.035148638300598 13.074347171932457 107.62096636556089 8.9480010478291678 82.973571605980396 142.05089152790606 19.693738132715225 76.008904380723834 30.647814012132585 135.81375809758902 22.42383075109683 10.059240867150946 180.66006056871265 22.009984348434955 594.82872311072424 84.117895463947207 12.636370516847817 605.0289344182238 3.7673728042282182 10949.885940531734 8.4135661991313118 109.73942793626338 4.1823634933680296 4.3104264251887781 616.45793305709958 24.827118320390582 14.578955065226181 268.11740403459407 29.682139372453094 1084.7101275674067 188.9464375982061 34.997646694071591 18.424322708975524
leaf_count=299 251877 24914 959 712 471 6006 460 7446 341 237 257 853 395 890 1321 644 357 2970 909 406 1233 854 3710 216 18033 2464 5372 1997 102490 3640 971 783 231 2160 2134 175 715 550 2145 823 475 3129 472 13783 2354 379 9977 199 214960 940 9351 237 203 9983 272 323 30296 229 30693 3179 437 528
internal_value=-0.000237808 0.000775529 0.00136781 0.000620081 0.00123737 0.00249138 -0.0131346 -0.0138664 0.0101032 0.00761567 -0.019718 0.00196733 0.000996273 0.025751 0.0189584 0.0127481 0.0104838 0.0265373 0.0637203 0.00969845 0.0112441 -0.00157646 0.01686 0.0431323 0.00148276 0.00937711 -0.0061484 -0.0075359 -0.0231398 0.0187886 0.0691254 0.0089561 0.0155977 -0.0186407 0.0200936 0.0252749 0.0183081 0.0502819 -0.00634002 0.029555 0.0472713 0.00241377 0.0197482 0.0172241 0.0357811 -0.0204309 -0.0161776 0.161766 0.000632956 0.00095261 0.0256298 0.0871312 0.170775 -0.00268315 0.0273809 0.00446378 -0.0239697 -0.00416563 -0.00975965 0.0254659 0.0158574 0.0482518
internal_weight=21152.9 20674.7 19870.9 18304.1 17517.9 14975.3 786.173 803.803 1566.79 1440.6 648.066 14513.4 12742.8 45.3578 461.884 386.911 155.737 107.446 42.4381 1388.83 1337.51 407.416 930.094 134.16 12459.9 1210.93 2542.62 2399.98 602.708 41.2425 22.2073 1770.55 878.609 101.981 776.628 634.577 496.309 138.269 155.507 340.801 19.0072 891.942 202.67 766.689 171.861 282.895 739.995 9.13296 11249 11076.5 126.646 16.9064 8.49279 689.272 72.8137 37.365 270.258 444.237 2122.82 318.377 223.944 94.4332
internal_count=785819 533942 413191 405235 394086 331110 11149 120751 7956 6997 109069 328674 299630 1470 2436 1965 11682 4236 1266 6656 6419 2087 4332 622 268560 36863 62976 57604 107599 5109 1469 29044 14335 2866 11469 9335 8002 1333 2320 5682 706 14709 3601 18601 4818 31070 10689 498 231697 225691 10731 1380 440 11108 1125 1213 30691 18262 55607 4859 3616 1243
is_linear=0
shrinkage=0.05


Tree=67
num_leaves=63
num_cat=0
split_feature=36 12 42 17 48 15 26 41 5 17 29 41 48 41 46 48 52 29 48 24 49 49 45 39 49 54 17 52 5 49 53 38 48 25 49 49 48 41 49 49 53 49 24 40 48 45 5 17 40 48 48 49 46 46 48 48 49 54 48 54 54 52
split_gain=349.45 69.1808 47.1822 59.9716 45.41 47.618 43.6064 48.7485 53.699 42.2532 65.842 41.6032 46.7098 40.7311 40.6716 38.3608 38.2302 37.5878 53.2887 66.5899 75.9832 70.9361 56.6511 48.141 42.6625 59.7412 68.4901 64.0246 60.4437 59.272 63.9927 58.9501 63.4008 58.171 56.7911 55.8247 71.7865 52.2634 48.0971 48.0191 46.0943 40.1236 62.0373 52.1929 39.0984 38.116 40.3841 41.2864 37.1372 40.1196 48.4912 43.5406 35.8022 40.5636 40.8967 35.6282 50.5978 35.394 35.0732 122.824 34.5426 34.5318
threshold=285.58824157714849 -50.895061492919915 7.5998916625976571 -0.70683670043945301 0.95489680767059337 -10.186538696289061 -2.8316879272460933 -0.52142748236656178 278.63395690917974 -31.205673217773434 -1.582001209259033 18.908981323242191 1.0000000180025095e-35 10.832485675811769 7.1175088882446298 0.53181481361389171 9.8019967079162615 25.891773223876957 0.53181481361389171 14.622586250305178 276.94873046875006 278.60643005371099 9.6741275787353533 -9.4981851577758771 270.65731811523443 0.60355338454246532 -1.5885353088378904 92.846775054931655 256.02038574218756 261.33148193359381 36.791666030883796 -7.3529434204101554 -0.50290912389755238 3.3505697250366215 275.76867675781256 258.98173522949224 -0.47515141963958735 4.6758625507354745 273.45858764648443 271.58435058593756 181.30554962158206 286.81991577148443 25.537384033203129 6.3529434204101571 -0.28530356287956232 -2.5221910476684566 220.15905761718753 -3.1217651367187496 -0.29412841796874994 -0.038633346557617181 0.04865998029708863 254.46063232421878 -0.27423334121704096 5.3820858001708993 -0.15365490317344663 -0.56490284204483021 264.80390930175787 0.37940952181816107 -0.26709595322608942 -0.7865660786628722 0.12940952181816109 45.53399848937989
decision_type=2 2 2 2 2 2 2 2 2 2 2 2 2 2 2 2 2 2 2 2 2 2 2 2 2 2 2 2 2 2 2 2 2 2 2 2 2 2 2 2 2 2 2 2 2 2 2 2 2 2 2 2 2 2 2 2 2 2 2 2 2 2
left_child=1 -1 3 6 5 11 -3 16 17 14 -11 12 13 -4 -2 -13 -8 18 19 20 24 -22 41 -21 29 26 37 28 39 30 -9 33 -33 -32 -30 48 -37 38 -26 -27 -36 43 -43 -20 -23 -45 47 -47 -35 51 -51 -50 -38 54 57 56 -31 -54 59 -46 -48 -10
right_child=9 2 4 -5 -6 -7 7 8 61 10 -12 15 -14 -15 -16 -17 -18 -19 22 23 21 44 -24 -25 25 27 -28 -29 34 55 31 32 -34 35 40 36 52 -39 -40 -41 -42 42 -44 45 58 46 60 -49 49 50 -52 -53 53 -55 -56 -57 -58 -59 -60 -61 -62 -63
leaf_value=-0.016493904142926789 -0.04459527442707846 -0.029804506872804271 0.0045613557515703897 0.0063565479655316769 -0.021303439148202211 0.01712156255143249 -0.0080832013261821541 -0.011396196851206819 -0.022493115894339832 0.31172020571073356 -0.0058919491779107708 -0.02769647691865474 0.015554794500519543 -0.017809171196345709 0.46969481948014113 -0.00026938869610227285 0.016055801958564812 -0.014035722775598345 -0.022617403849690295 -0.018889051585133106 -0.039478114896721171 -0.016397393085705623 -0.018351771449418252 -0.0004720586263951568 0.017613787687345402 0.074447330847466034 0.046867884032139762 -0.054994928857813388 -0.028416945396175869 -0.0054987108427671447 0.00065525629262491042 0.056081309767016557 -0.0028836002201580216 -0.041251923048586402 0.0092604248219739019 -0.039274902115942339 0.15242138891165913 -0.015508724777453084 -0.0176219186541892 0.027707022515251107 0.12476093951201024 0.031397846946094786 -0.022261017001049731 -0.0085847882809835293 0.25216856777430724 0.084387047294559495 0.011204889859487961 0.019852418425044455 0.078827848888936417 0.12901446225924487 0.02783320417335013 -0.0064483084411457343 0.027192385358808215 0.13891765574715251 -0.021213402665465095 -0.010024458442133051 0.064802365459668651 0.1035190031329252 0.00072353235137430534 -0.041746449747936953 -0.0043209503502281924 0.0058632339630746173
leaf_weight=579.0441920273006 481.88759285409469 137.43239461351186 2020.1504273894243 2752.472598977387 154.68786360486411 826.19484139140695 219.62000797688961 366.49631913937628 502.37308251089416 2.0596510561881587 7.8538036623503995 174.62708226637915 945.6058350072708 226.26625996129587 0.38473467621952195 472.27673832932487 647.94677725271322 568.32591475592926 166.77269261260517 999.77216434804723 192.36056730570272 512.28202280611731 245.03654958168045 550.04247596301138 377.56881120079197 65.447841177694499 77.444647142663598 25.644560266286135 83.204991724109277 72.756073223426938 140.41147759160958 50.063942708075047 509.86816814728081 20.963848412968218 29.521497271722183 14.432802353985606 14.54553844546899 404.80604203022085 130.26112605491653 342.59854958020151 12.211173941381274 307.39098875690252 65.309993577189744 359.20044067129493 6.0350611517205826 27.028382230550051 1044.4874581831973 298.37892821989954 18.708739966154099 18.988297029864043 31.46086986316368 74.873130877502263 26.617236674297601 16.631502802949399 15.019292176235465 1427.7048355618026 39.484710427001119 35.374067101627588 532.03765282360837 8.6479350533336383 545.27257634629495 136.54588169232011
leaf_count=85173 264215 8521 38404 14733 4633 6071 5561 4332 61581 250 1878 4561 29918 7976 172 13850 14800 8931 6679 24920 6858 16729 7284 5212 4261 707 381 353 4167 1081 1272 250 3389 287 930 234 275 9416 2445 3731 290 5464 1038 7034 142 258 21428 2372 89 253 628 1376 469 299 456 32894 530 357 14220 368 13679 5668
internal_value=-0.000446841 0.000544777 0.00103593 -0.000325575 0.00534882 0.00623257 -0.00179515 -0.00148416 -0.00234562 -0.0420846 0.0600962 0.00388909 0.00623232 0.00230812 -0.044185 -0.00767314 0.00994514 -0.0015177 -0.000827205 -0.00316381 -0.000662951 -0.0115461 0.00470654 -0.0123527 0.00240219 0.00910017 0.00172371 0.0221738 0.0258868 -0.0011817 0.00644761 0.013067 0.0023885 0.0270363 -0.00454285 0.0399153 0.0654677 -0.00210715 0.00857564 0.0352038 0.0430564 0.00671452 0.021995 0.00438157 -0.00647242 0.00636133 0.00916456 0.0252127 0.0209254 0.0299754 0.0659163 0.0106 0.0794409 0.0681048 0.0528117 -0.00789205 0.0192322 0.0707466 0.00282736 0.0790596 0.00587967 -0.016433
internal_weight=21158.9 20666.7 20087.7 15267.9 4819.81 4665.12 12515.4 12378 11510.4 492.186 9.91345 3838.93 3192.02 2246.42 482.272 646.904 867.567 10871.5 10303.2 7244.29 5694.47 1251.36 3058.88 1549.81 4443.11 1548.71 990.081 558.629 532.984 2894.4 1354.46 987.959 559.932 428.027 124.938 287.615 122.62 912.636 507.83 408.046 41.7327 2813.84 372.701 2441.14 1059 2274.37 1915.17 325.407 164.995 144.031 50.4492 93.5819 108.188 93.6421 77.0106 1539.95 112.241 61.9913 546.721 14.683 1589.76 638.919
internal_count=785733 519218 434045 328632 105413 100780 313899 305378 285017 266515 2128 94709 76298 46380 264387 18411 20361 217768 208837 143601 113469 38317 65236 30132 75152 26681 16503 10178 9825 48471 13966 9634 3639 5995 5387 4723 2090 16122 6706 4438 1220 57952 6502 51450 31459 44771 37737 2630 2633 2346 881 1465 1856 1581 1282 34505 1611 826 14730 510 35107 67249
is_linear=0
shrinkage=0.05


Tree=68
num_leaves=63
num_cat=0
split_feature=36 17 47 16 50 38 29 48 23 43 52 52 42 5 44 48 42 51 47 42 10 24 44 4 48 36 35 48 38 20 47 40 5 29 24 40 37 2 35 11 55 48 35 48 23 40 47 35 23 55 40 45 23 48 48 48 11 48 23 10 48 37
split_gain=340.304 72.0152 67.4857 56.278 47.0025 69.2506 47.0796 51.8616 50.3952 43.4889 42.8253 41.5339 40.8852 49.9708 45.4814 43.2992 42.87 40.8584 49.1472 50.6466 49.0057 40.6516 39.5639 37.7303 37.3069 35.6545 36.3573 42.7914 35.6453 35.1523 34.9308 34.5436 36.5402 36.4148 34.3119 33.5704 32.8153 32.4665 32.3738 39.8028 31.4516 40.9188 32.6414 31.2594 30.8871 38.1675 30.7133 30.2479 37.8699 39.5149 37.2962 29.9599 29.504 29.1293 29.1093 29.079 28.9724 28.8088 28.3002 28.1504 27.9623 27.681
threshold=286.17646789550787 -21.121566772460934 -2.6776723861694331 -24.41190147399902 73.106101989746108 -39.176475524902337 16.001280784606937 0.64702248573303234 -28.772323608398434 -1.7713623046874998 42.129280090332038 4.3194870948791513 6.2544097900390634 229.01564025878909 -1.7211856842041013 0.91809886693954479 -8.2926330566406232 47.547615051269538 1.043286204338074 3.5235214233398442 273.70898437500006 14.433798789978029 -10.036277770996092 249.31996917724612 0.74900639057159435 197.94117736816409 5.2325968742370614 0.5229582190513612 -28.941169738769528 1.0000000180025095e-35 8.8935022354125994 27.176460266113285 217.3274841308594 8.7627019882202166 3.4221096038818364 -2.4313888549804683 282.85040283203131 218.72518157958987 -0.8988763391971587 280.72871398925787 0.98296290636062633 -0.50290912389755238 -1.6928170919418333 -0.025937020778656002 -25.53857326507568 13.843116760253908 -5.5953731536865225 23.059261322021488 -7.0733015537261954 -0.7865660786628722 15.862731933593752 0.79480934143066417 -2.7883545160293575 0.81550949811935436 -0.69827961921691883 -0.22978341579437253 235.68387603759768 0.66979008913040172 -44.566923141479485 235.94608306884768 0.10494250059127809 247.24764251708987
decision_type=2 2 2 2 2 2 2 2 2 2 2 2 2 2 2 2 2 2 2 2 2 2 2 2 2 2 2 2 2 2 2 2 2 2 2 2 2 2 2 2 2 2 2 2 2 2 2 2 2 2 2 2 2 2 2 2 2 2 2 2 2 2
left_child=1 2 -1 46 5 38 22 8 -8 -6 12 -11 13 16 15 -14 -5 -13 -19 -20 -21 54 34 -9 59 -18 37 30 36 31 -28 33 51 -29 35 -7 -25 -27 39 -4 58 42 -42 -36 -12 -46 -3 53 50 -50 -49 -33 55 -35 -15 61 -56 -51 -24 -23 -45 -39
right_child=-2 3 4 10 9 6 7 23 -10 11 44 17 14 21 -16 -17 25 18 19 20 -22 24 40 28 -26 26 27 29 -30 -31 -32 32 -34 47 43 -37 -38 52 -40 -41 41 -43 -44 60 45 -47 -48 48 49 57 -52 -53 -54 -55 56 -57 -58 -59 -60 -61 -62 -63
leaf_value=-0.022470375248882929 -0.043819804744354207 -0.03411904682645571 0.050466567177058635 0.015358570848492842 -0.01590453791289604 -0.0010605276194382766 0.021578533935731347 0.072998415704051509 0.22005035170321774 0.037327442931936676 -0.023484074345213313 -0.0044532051553413552 0.0070975341221272475 -0.037658534091264982 0.025295923130805434 -0.016462529125266589 0.04675835626886702 0.0084473708870427353 0.019037658819322942 -0.0020220181645948221 0.12957467163734898 0.0095303790044608417 0.0047989319540272073 0.032433969011056135 -0.0019093883978645631 0.033878837146158629 -0.003791612782155947 -0.021387292345684723 -0.014308364764448576 0.044764817439948042 0.03966609519025012 0.0058979831412381322 -0.029942158743026859 0.033451695353766596 -0.026905305753066162 0.032800581144222248 -0.043076457008127816 0.032953673259994834 -0.026885443460835812 -0.017162139734761602 0.10539702385911608 0.048586516316325865 -0.015306112426035577 0.082029200296748039 0.0031473846711371927 -0.020159739109961855 0.024280003092610525 0.0093079592380909577 0.022567209561602283 0.020102609926584438 -0.019925562536409768 -0.024407354865412081 -0.024681799372575499 0.0052589486139452205 -0.035897928665055416 -0.01019805297573901 0.0017444314404596061 -0.013419122618126582 -0.01241279890472427 -0.024360070333681469 0.0018127185064708683 -0.0020752835122554067
leaf_weight=464.89734569448046 438.01655936019961 23.92432500841096 31.913404142484069 693.42180953314528 210.16338802443352 126.48561817826703 6.8024624912068248 23.270149550400674 6.0367657821625453 114.94045687839389 236.03389125689864 519.56524941837415 3013.4073537718505 50.214211163576692 321.46009071171284 208.50850876700133 44.659728474915028 488.8177668225253 58.331041150842793 9.6570009971037489 26.454602676443756 69.488907917402685 281.65747057297267 121.78670394793153 513.92592518497258 150.33961062505841 3104.4443062543869 94.785829709842801 113.49267753586173 56.303484871983528 46.938853222876787 468.13457261770964 118.20550113078207 238.8964675962925 107.92009027069435 173.74038325319998 16.315606556017883 170.95554732531309 478.22897414327599 68.360784243210219 6.0252345812041304 54.603876351844519 79.563595796353184 11.491537178400902 650.85244139004499 240.58187164925039 381.94710637745447 220.79359798878431 453.75588054116815 100.08960441313684 215.68443337921053 98.75796970538795 63.210392169654369 148.61913945898414 52.369736423715949 101.91272611729801 2138.0605893167667 178.21490610111505 1570.468141080928 518.24119673157111 198.90844186372124 84.164297451265156
leaf_count=33144 251501 1087 313 6922 9325 2121 284 264 145 1837 4645 29792 37833 1544 2391 4180 366 21931 1781 257 683 1019 24365 1898 15043 747 22403 695 2943 360 247 2643 1663 1770 6355 7142 790 885 95651 7129 225 1052 4242 602 6866 3414 10876 2536 3364 700 4136 651 268 1256 615 589 36120 1700 69683 18714 11973 405
internal_value=-0.000208551 0.000716902 -0.00426356 0.0024682 -0.00253791 -0.0056745 -0.00252214 0.016674 0.114896 0.00509982 0.00196666 0.00872477 0.00273547 0.00112736 0.00736214 0.00557283 0.00357219 0.0057437 0.014827 0.0478471 0.094383 -0.00388495 -0.00463746 0.0120859 -0.0117491 0.00224517 0.00192004 0.000683071 0.00645209 0.00572503 -0.00314432 0.00478405 -0.00465437 0.00870099 0.00640894 0.0185349 0.0235131 0.0139381 -0.0214693 0.00436147 -0.00806699 0.0147671 -0.00680892 -0.0050277 -0.0074012 -0.00314278 0.0208376 0.0105338 0.00651933 0.0134696 -0.00513771 0.000618511 0.00680438 0.0226393 -1.84137e-05 0.0123788 0.000844462 -0.00136335 -0.00979537 -0.0203531 0.00619395 0.0213976
internal_weight=21079.2 20641.2 5369.9 15271.3 4905 3477.07 2898.57 287.704 12.8392 1427.93 14865.4 1217.77 13738 10194.6 3543.38 3221.92 6852.29 1102.83 583.26 94.4426 36.1116 3342.3 2610.86 274.865 1101.66 6158.87 6114.21 5543.62 251.595 2392.24 3151.38 2335.94 685.098 1650.84 618.546 300.226 138.102 570.583 578.503 100.274 1992.32 140.193 85.5888 318.32 1127.47 891.434 405.871 1556.05 1168.54 732.06 436.478 566.893 420.243 387.516 2240.64 357.033 2190.43 278.305 1852.13 587.73 210.4 255.12
internal_count=786081 534580 335927 198653 302783 237177 134084 6324 429 65606 186690 56281 171765 127361 44404 42013 54306 54444 24652 2721 940 73055 127760 5895 34776 47384 47018 44124 5631 21474 22650 21114 4957 16157 28193 9263 2688 2894 103093 7442 99567 5519 4467 18930 14925 10280 11963 15462 12436 5764 6672 3294 2147 3026 38279 1879 36735 2400 94048 19733 12575 1290
is_linear=0
shrinkage=0.05


Tree=69
num_leaves=63
num_cat=0
split_feature=36 19 50 49 40 38 31 40 41 53 37 55 17 51 48 49 40 42 47 36 49 3 53 17 49 5 35 51 41 4 52 49 52 52 42 44 5 40 29 45 55 15 23 42 22 47 24 47 45 48 49 54 41 49 48 29 33 45 17 54 35 48
split_gain=329.399 58.9279 47.5271 48.1211 50.5357 42.1003 44.9654 48.8421 44.6834 51.5809 51.2856 42.0208 40.7518 40.3942 44.3404 37.1821 34.0947 33.9382 45.8804 34.5457 32.4029 40.8663 30.6096 34.5136 30.2265 29.8775 39.636 35.7308 44.5738 43.8579 43.2651 37.3329 43.8796 35.3757 36.0098 46.9224 35.1307 33.4713 32.5372 31.8454 31.3101 30.8618 32.6538 28.0234 41.4209 30.1304 33.3625 28.0066 34.2155 28.9656 60.0763 76.2502 58.968 41.3915 39.6359 34.8813 34.8348 35.8813 33.6612 32.5968 41.3186 35.0773
threshold=286.17646789550787 -55.036846160888665 222.99001312255862 247.43756103515628 1.0392150878906252 -36.764709472656243 -0.068438529968261705 -1.6862716674804685 10.700314521789553 1324.3750000000002 292.37109375000006 0.37940952181816107 -30.848306655883786 45.394685745239265 -0.44147184491157526 260.24180603027349 4.8823547363281259 21.188232421875004 -5.2547500133514395 199.11765289306643 265.21868896484381 256.56687927246099 552.16665649414074 -41.440240859985344 270.15548706054693 235.474235534668 5.2325968742370614 6.0012991428375253 -0.52142748236656178 282.46775817871099 38.534135818481452 286.64465332031256 3.9826575517654423 45.833921432495124 4.2739639282226571 -0.71597671508789051 281.77020263671881 -4.0196228027343741 -2.312935352325439 -6.727214813232421 0.98296290636062633 -0.98665618896484364 -2.0248390436172481 10.569992065429689 -17.462843894958493 0.88332438468933117 2.5043964385986333 8.8935022354125994 1.2272853851318362 0.44594246149063116 263.43424987792974 0.12940952181816109 13.920842647552492 276.13734436035162 0.11192005872726442 8.0376853942871112 6.2163374423980722 -1.0770802497863767 -8.4754066467285138 -0.7865660786628722 19.991437911987308 -0.038633346557617181
decision_type=2 2 2 2 2 2 2 2 2 2 2 2 2 2 2 2 2 2 2 2 2 2 2 2 2 2 2 2 2 2 2 2 2 2 2 2 2 2 2 2 2 2 2 2 2 2 2 2 2 2 2 2 2 2 2 2 2 2 2 2 2 2
left_child=1 -1 3 4 -3 6 7 12 9 -8 -10 20 -5 14 -6 -13 -12 19 -19 -7 -4 24 -17 -24 -22 26 40 31 29 37 36 -27 -33 34 47 39 -31 -29 -30 -36 41 42 -21 -40 45 46 -45 49 -49 50 59 -52 53 54 55 56 -53 -58 -51 60 61 -28
right_child=-2 2 11 5 13 17 8 -9 10 -11 16 15 -14 -15 -16 22 -18 18 -20 25 21 -23 23 -25 -26 27 33 28 38 30 -32 32 -34 -35 35 -37 -38 -39 43 -41 -42 -43 -44 44 -46 -47 -48 48 -50 58 51 52 -54 -55 -56 -57 57 -59 -60 -61 -62 -63
leaf_value=-0.032295072413246001 -0.044023739190729327 0.055235446255169809 0.041669954990370656 -0.0044845606267451482 -0.03479403973132978 0.036540567950243248 -0.02677991418815151 0.061715866184797775 -0.002917895041727135 0.054609763714247299 0.37779026204637206 -0.050259616116589745 0.071694318440911758 -0.028306472665846402 0.019498775928354969 -0.01475832037401993 0.08378066633121542 -0.02057321301088131 0.016066542472867689 0.0069553474501709723 -0.034525535011977464 0.033554269112081613 0.089397843029511648 0.01163049909387015 0.011534586181556528 -0.015279517968252235 -0.035230031472550084 -0.016238183200225319 -0.025296706068487575 0.13738922900048989 0.12099439429771615 0.061454503910738117 -0.0075066397043505283 -0.01323405565734017 -0.0096474572262618876 0.030987913525398272 -0.015523110161507054 0.01320764031494287 -0.0038110947247181753 0.0074196227532652417 0.042567165949154447 0.029900938187391243 -0.040948804477572119 0.013853513652741649 0.04110307484342042 0.02180243501043333 -0.0059083691913170179 0.073167637161901708 0.0092501220294278173 -0.028551808589396807 -0.0090412207074053626 -0.0064821911116608802 -0.01235968078434369 -0.0038835266531376009 0.085350618578522094 -0.0074761012578790269 -0.0083743150551465802 0.041246618884434406 0.0032615590949911775 -0.019187767595704494 -0.033686871413385493 0.029319316248555157
leaf_weight=134.39777218794916 420.01240356138442 67.706963796168566 152.53979985346086 327.81100674916524 41.409907482564449 65.112420059740543 529.94202691118699 34.823092306847684 279.52666992601007 20.208952982560731 1.1676968864630897 34.633230146020651 18.549061282072216 62.750443568453193 409.35886336863041 107.97495152754709 6.3392092353897169 98.66813438013196 637.29977985611185 980.63543470948935 53.304495040327311 135.22745091072284 16.201868160977028 119.47236621053889 107.35349631775171 800.24639666033909 25.676141234114766 118.00011803442612 151.99719208362512 4.7438628782983896 17.416104800766334 35.809739055344835 64.824329868191853 434.68210421875119 326.18203238025308 184.67191565781832 18.040134432609193 529.88134176330641 4336.8692161627114 1686.4178424407728 70.670396381989121 144.63467432558537 36.912618577480316 290.09876848803833 72.902464831247926 172.11665016086772 809.59190661879256 26.478167872875929 100.05524451984093 85.661884183995426 956.93827843293548 59.772810101509094 197.89816005993634 153.59703312534839 26.463847875595093 80.629992255009711 41.684587727300823 289.10164456535131 2832.9728697761893 795.04040843807161 53.989729672670364 116.72834039852023
leaf_count=28964 251827 548 1680 21524 212 546 94850 941 26579 513 276 315 427 338 2110 2488 1568 4980 15056 5663 714 4139 637 1435 1155 27713 361 2801 3283 234 265 1283 2548 5313 4063 1303 1360 7819 137638 16961 435 683 152 5740 601 4483 31772 155 1256 3360 9215 384 2149 1210 231 784 353 2105 29326 6764 942 1471
internal_value=-0.000189281 0.000704813 0.00092161 0.000459097 0.0146324 2.89069e-05 -0.008965 0.0052702 -0.0154465 -0.0237902 0.000545644 0.0134792 -0.000404856 0.00927898 0.0145112 -0.00178325 0.129514 0.000640017 0.0111544 0.000189992 0.0229508 0.0133003 0.00510737 0.0209173 -0.00374764 5.18207e-05 0.00187776 -0.00233621 -0.00104687 0.010989 0.0616657 -0.0116701 0.0170326 0.000659171 0.00141031 0.00686686 0.0163148 0.00784461 -0.00246652 0.00465356 0.0102543 0.00828944 0.00521757 -0.00185576 0.00445047 0.00234948 -0.000695178 -0.000641744 0.0226254 -0.00115679 -0.00479227 0.000636452 0.0115426 0.0188059 0.0258088 0.0224647 0.0286459 0.0349936 0.00232784 -0.0146817 0.00355957 0.0176808
internal_weight=21011.8 20591.8 20457.4 19730.7 581.226 19149.5 1218.37 381.183 837.185 550.151 287.034 726.708 346.36 513.519 450.769 278.282 7.50691 17931.1 735.968 17195.1 448.425 295.885 243.649 135.674 160.658 17130 9707.5 7422.54 6521.66 688.082 40.2001 900.88 100.634 8474.64 8039.96 2197.27 22.784 647.881 5833.58 2012.6 1232.85 1162.18 1017.55 5681.58 1344.71 1271.81 1099.69 5842.69 126.533 5716.16 2797.52 1806.09 849.148 651.25 497.653 471.189 390.559 330.786 2918.63 991.435 196.394 142.404
internal_count=786001 534174 505210 492647 3208 489439 146678 22892 123786 95363 28423 12563 21951 2660 2322 4875 1844 342761 20036 322725 7688 6008 4560 2072 1869 322179 94639 227540 195996 12479 1859 31544 3831 87706 82393 22327 1594 10620 183517 21024 6933 6498 5815 180234 42596 41995 37512 60066 1411 58655 25969 16431 7216 5067 3857 3626 2842 2458 32686 9538 2774 1832
is_linear=0
shrinkage=0.05


Tree=70
num_leaves=63
num_cat=0
split_feature=36 12 53 42 16 43 47 52 41 52 53 0 48 43 40 3 47 48 29 48 36 33 41 20 45 47 12 5 45 36 52 45 41 22 29 50 50 4 54 27 23 10 52 23 34 23 26 48 45 48 42 54 42 41 29 1 20 23 42 12 34 40
split_gain=300.369 59.9901 47.0303 33.2098 48.0269 41.0514 31.6336 31.0526 30.6317 30.2941 37.1644 31.1493 30.9503 38.2834 29.2731 29.1951 152.928 28.3227 44.4633 47.4757 35.6995 32.8513 39.2647 33.8567 28.5702 27.1755 26.6844 72.7903 42.0923 26.5869 26.2506 24.856 24.7477 23.8564 28.9328 23.4586 31.3804 23.3134 23.8618 24.364 29.1275 22.3633 22.173 21.949 21.9478 25.8305 25.5342 21.9489 21.5587 21.5356 21.4499 21.3068 21.2427 20.8167 27.1917 26.0133 22.4688 20.6864 20.5129 20.5048 20.4067 52.7811
threshold=286.76470947265631 -53.604423522949212 153.29166412353518 16.19577789306641 -5.7853965759277335 -12.983398437499998 -1.508324861526489 7.4514698982238778 3.8332159519195561 23.859390258789066 552.16665649414074 286.68150329589849 -0.58530998229980458 0.096328735351562514 18.509819030761722 284.31245422363287 0.13414400815963748 -0.065915763378143297 4.0189285278320321 -0.42832165956497187 214.41176605224612 18.182174682617191 11.48729181289673 1.0000000180025095e-35 16.108370780944828 6.3749313354492196 -36.396734237670891 280.56463623046881 -0.40313529968261713 279.70588684082037 27.921928405761722 -5.7686328887939444 10.955697536468508 -22.603533744812008 12.858610153198244 174.94255065917972 195.26495361328128 230.40699005126956 0.78656607866287243 30.496309280395511 -2.0248390436172481 227.77851867675784 4.3194870948791513 -2.0248390436172481 22.455315589904789 -7.0733015537261954 30.379011154174808 0.32932555675506597 6.7337503433227548 -0.21550649404525754 22.131034851074222 0.37940952181816107 10.123611450195314 0.062216864898800857 -1.3817310333251951 278.70262145996099 -44.594415664672844 -2.0248390436172481 2.2430114746093754 -23.497447967529293 0.1117752753198147 -2.1372680664062496
decision_type=2 2 2 2 2 2 2 2 2 2 2 2 2 2 2 2 2 2 2 2 2 2 2 2 2 2 2 2 2 2 2 2 2 2 2 2 2 2 2 2 2 2 2 2 2 2 2 2 2 2 2 2 2 2 2 2 2 2 2 2 2 2
left_child=1 -1 3 4 5 -3 59 -7 49 10 29 14 13 -12 26 51 -17 18 20 -20 -10 22 -19 24 25 37 53 43 -29 -4 33 -14 41 -24 -35 -31 -37 38 44 40 -40 58 -15 -28 47 46 -46 -23 50 -6 52 -8 -33 54 55 -11 -56 -22 -21 -5 61 -9
right_child=-2 2 9 6 8 7 15 60 17 11 12 -13 31 42 -16 16 -18 21 19 32 57 23 30 -25 -26 -27 27 28 -30 35 -32 48 -34 34 -36 36 -38 -39 39 -41 -42 -43 -44 -45 45 -47 -48 -49 -50 -51 -52 -53 -54 -55 56 -57 -58 -59 -60 -61 -62 -63
leaf_value=-0.022916148688301927 -0.044323516132798613 -0.024121246316890749 0.0051510408149477577 -0.0054133515814084807 0.028938925868047652 -0.0094306668338341622 0.025093841663654207 -0.0007166220429354231 0.024537312348271535 0.031489202775466713 -0.0004301730368824583 -0.025218497670442059 -0.011965630711211792 0.11933794929041318 -0.011178086361401643 0.014558361300650592 0.51062848181749876 -0.0014051031381362158 0.0027785999579651478 -0.017069255952235692 0.001348907403948469 -0.010394370141950535 0.00094930224743491041 0.030240812908399473 -0.034304517188632991 0.021954363370422558 0.0035200640084222484 0.11185019005246222 0.017812451686470946 -0.022879875848679405 -0.014206906517359464 0.015791499819179614 -0.040859698750013829 0.047480296992498533 0.0075926866913135944 0.1962594057546708 0.0058134424536456716 -0.028201292283457604 -0.012318633589790413 -0.035502668798152809 0.039124882571752728 -0.036355507685149994 0.045765204415987193 0.03074093452168894 -0.0057167815736536834 0.0043867652957381492 -0.045051019202586487 0.021984493088200063 -0.0090123774436430253 -0.0040575637764291 -0.034001742871527567 0.002016947501103537 0.039697314627160855 -0.01061804945476208 0.13486233200102463 -0.012894614421972692 0.026998497287665676 -0.037770321953461979 0.013857834796378319 0.025974470091071757 -0.0026098205651272112 0.035828435060577007
leaf_weight=259.90290494088549 372.92390916333534 249.79817490489222 3958.4027099206578 364.78563415445387 175.31877223402262 1611.4686458177166 258.40518721053377 438.13196187245194 179.66870629414916 49.477711651474237 25.612527514458634 115.20879892702214 92.447598890867084 17.872080671833828 408.99530277657323 9.1836353472899628 1.8699423023499537 217.15776473749429 314.93532197736204 173.63921194151044 340.45113120786846 66.654805267229676 54.597588498145342 99.732890464365482 57.506093852221966 150.13516928162426 1842.7437281804159 25.024917708244175 22.688549707178026 131.68629085912835 36.33605101890862 668.89144090178888 129.94908782280982 182.21433789096773 60.576368333771825 2.8066889964975408 9.4311628347495553 71.05177235417068 150.86757176741958 83.383751261979342 33.653605215251446 91.812384605407715 23.98310187831521 77.155103337019682 389.79820893425494 1165.2907177107409 46.143444708548486 243.70065489783883 82.674551947973669 68.876151952892542 19.484995659440756 163.19254343351349 107.91996930167079 496.70534945058171 7.0515509655233499 99.207058056257665 15.311105952598153 37.518498923629522 77.56541471555829 60.688868359662592 4074.6438961542444 127.56837840157095
leaf_count=51913 235985 9981 74350 14118 863 64811 4168 15809 866 684 647 16788 1228 224 4731 1089 163 1519 2011 874 2174 569 405 631 786 1188 24986 295 531 23974 305 11137 1335 1372 568 367 1104 1017 1540 549 169 771 518 384 4516 8548 663 1831 1024 386 236 3076 1462 20175 255 3733 455 164 365 624 156120 2567
internal_value=0.000149353 0.00095371 0.00125843 -0.00073544 -0.00146175 -0.00424513 0.00874432 -0.00345095 0.00238974 0.00415486 0.0065228 0.000301781 0.0149704 0.0477175 0.00126755 0.0182643 0.0984789 0.00144449 -0.00461581 -0.0122623 0.00618813 0.00406748 0.015143 0.00168222 0.000523546 0.00135782 0.00319905 0.00613006 0.0671337 0.00438351 0.025911 0.012696 -0.0222776 0.0308128 0.0375283 -0.0167262 0.0494913 -1.61869e-05 0.000902651 -0.0130723 -0.00293619 -0.015238 0.0771806 0.00461399 0.00286121 0.000502523 -0.00988022 0.0150305 0.0152898 0.0196321 0.017813 0.0161612 0.0191127 -0.00543749 0.00960636 0.00187495 0.0610109 -0.00253419 -0.00751978 -0.000936253 -0.00137436 0.00752448
internal_weight=20991.9 20619 20359.1 12058.3 11200.1 6501.61 858.126 6251.81 4698.54 8300.78 5141.21 3159.57 1038.89 67.4677 3044.36 432.651 11.0536 4454.34 1345.54 787.901 557.638 3108.8 550.882 2557.92 2458.19 2400.68 2635.37 1967.61 47.7135 4102.33 333.724 971.419 472.966 297.388 242.791 143.924 12.2379 2250.54 2179.49 267.905 184.521 343.017 41.8552 1919.9 1911.59 1601.23 435.942 310.355 878.971 244.195 796.296 421.598 776.811 667.753 171.047 148.685 22.3627 377.97 251.205 425.475 4640.34 565.7
internal_count=785697 549712 497799 308511 285273 249288 23238 239307 35985 189288 116271 73017 16476 1389 56229 8496 1252 34736 8560 5356 3204 26176 4169 22007 21376 20590 51498 26196 826 99795 2650 15087 3345 2345 1940 25445 1471 19402 18385 2258 1709 2010 742 25370 16127 13727 5179 2400 13859 1249 12835 7244 12599 25302 5127 4417 710 2338 1239 14742 174496 18376
is_linear=0
shrinkage=0.05


Tree=71
num_leaves=63
num_cat=0
split_feature=36 12 42 17 5 48 48 48 49 45 54 25 43 43 53 38 51 50 5 49 36 5 23 49 49 49 49 38 34 49 26 48 23 6 35 24 50 47 49 17 29 15 49 47 29 48 54 35 6 24 48 23 12 48 49 24 34 42 5 33 52 4
split_gain=294.767 51.3359 47.6513 45.1788 42.4649 40.7336 36.3085 45.0081 36.4868 34.7446 33.9257 44.0728 51.564 43.3523 41.6474 56.1122 33.8616 33.2276 45.0466 33.6345 45.1376 38.2 35.3906 32.1171 45.5389 31.8825 43.2838 36.4319 30.3816 30.3484 43.4344 43.7225 78.4784 75.0633 32.7561 32.6042 71.7324 46.787 30.291 29.5748 49.7127 28.9071 30.201 28.8079 36.0496 28.2991 28.1137 27.9193 27.8434 27.2551 55.3911 43.6671 39.871 36.9062 53.9866 42.1715 41.0396 40.8851 42.0715 37.755 33.6778 36.2658
threshold=286.17646789550787 -51.189140319824212 2.4814987182617192 -0.70683670043945301 235.474235534668 0.96787995100021373 -0.41664040088653559 -0.38575345277786249 274.50689697265631 12.60835647583008 0.12940952181816109 0.40964841842651373 8.1137008666992205 -0.14927673339843747 1089.1666564941409 -44.117637634277337 5.6344866752624521 73.106101989746108 279.66053771972662 263.99104309082037 251.47058868408206 240.50944519042972 -20.552845954895016 272.51168823242193 269.27120971679693 255.95982360839847 268.43287658691412 -2.1764755249023433 10.230113029479982 285.39907836914068 6.1887407302856454 0.93061417341232311 -52.841547012329094 293.00590515136724 12.167063713073732 11.552154541015627 34.17451477050782 -1.1189005374908445 255.59030914306643 -31.878841400146481 -1.0156388282775877 -12.005706787109373 272.51168823242193 8.8935022354125994 22.1867790222168 -0.46314680576324457 0.12940952181816109 7.6641371250152597 221.78153991699222 1.0242528915405276 -0.47515141963958735 -41.243740081787102 -37.030818939208977 1.0000000180025095e-35 274.91055297851568 18.346986770629886 6.2730126380920419 13.972290039062502 219.31372833251956 11.682797908782961 4.7667446136474618 244.98658752441409
decision_type=2 2 2 2 2 2 2 2 2 2 2 2 2 2 2 2 2 2 2 2 2 2 2 2 2 2 2 2 2 2 2 2 2 2 2 2 2 2 2 2 2 2 2 2 2 2 2 2 2 2 2 2 2 2 2 2 2 2 2 2 2 2
left_child=1 10 4 5 6 16 8 -8 23 43 11 12 13 -1 29 -16 25 18 -6 20 21 -19 41 24 46 27 -27 -4 -26 -13 -31 34 33 -33 35 -32 37 -37 -5 -2 -41 42 -21 -9 -45 -10 -3 48 -40 50 51 -18 -53 54 59 -55 57 58 -56 -51 61 -57
right_child=39 2 3 38 17 -7 7 9 45 -11 -12 14 -14 -15 15 -17 49 19 -20 22 -22 -23 -24 -25 28 26 -28 -29 -30 30 31 32 -34 -35 -36 36 -38 -39 47 40 -42 -43 -44 44 -46 -47 -48 -49 -50 53 -52 52 -54 55 56 60 -58 -59 -60 -61 -62 -63
leaf_value=0.25268013082859864 -0.045704247358297811 0.0056939002503905304 -0.00018360742103461808 0.056417944799654375 -0.0069934471707119687 -0.02495080918119548 -0.034880442560894606 0.00041713932746110491 -0.023777206580763936 -0.014435261156005706 -0.032661599237587428 -0.025666975368147351 0.21102435312882528 -0.0068346526638462871 0.15804272905436875 -0.027543964680781463 0.048164517187861799 0.018669244790502481 -0.029216382711044733 -0.02091848889004972 -0.019307557122338309 0.093582919410994572 -0.033352051983952427 0.04950926701480915 0.003997878242752345 -0.022370377468164573 -0.00036355474729839665 0.062080443626601839 -0.046198418270676278 -0.021541915387554438 0.037021980041917139 0.65535190665483556 0.0044792924011686662 0.060123741678567648 -0.01382962653563697 0.18249319823817325 0.021293759416048004 0.65959996397309872 0.05265326101575999 0.28412235934869384 -0.016597933990327485 0.069844134143870099 0.0049657101720849703 0.04977940497660438 -0.019275931625543929 0.027806127033657608 0.027562609913145381 0.0077639345448282868 0.0020413295102051439 0.0046448289404718004 0.0030136725271159908 -0.017473180322444635 0.025708223024351919 0.010799964984320997 0.065283312331639295 0.045515748950064897 -0.031230474915769187 0.016213817392154266 -0.015984678824206889 -0.014437479966857068 -0.0010271031575634789 -0.020977779197074085
leaf_weight=1.8131449687061891 377.28416018432472 279.91816188301891 71.748410100582987 43.179812032729387 2167.0331018157303 134.92000048630871 95.414435036480427 4698.9654889223166 120.00444696052 397.22388265794143 179.13009119138587 204.51564941729885 4.6698265038430682 14.311680775601415 8.3502319927793014 7.9511285561602554 141.3308702276554 38.467765126377344 254.8512847936945 137.3822190372739 32.978674493031576 30.51643618568778 79.472068475559354 59.730185713618994 75.832064563408494 357.56601374107413 595.62870332924649 34.931567426770926 50.033514004200697 57.545505298883654 14.199998373747805 1.2748848412884402 2.6905909394845358 0.90612301789224137 22.613318388815969 1.0731969132320958 2.7706230106996372 0.98589477606583287 76.969225838780403 1.78989703184925 5.9188641567016012 15.246552502736447 627.03248204570264 62.806486875750124 27.034270384348929 34.156212955713272 309.41566796787083 486.59612017869949 42.003781348466873 2224.2724303418072 790.14614201220684 73.780961537268013 194.05960986367427 2079.2988629846368 16.500155732035637 77.842153435572982 211.97256204625592 158.0656543537043 457.15048990107607 293.40252127917483 1835.9184652238619 27.839703455334529
leaf_count=343 249549 2039 758 350 79065 3374 787 45997 1243 5918 33904 31552 186 2266 167 264 5765 659 39903 6344 1788 683 1448 404 525 8546 18654 210 652 9891 2492 238 336 253 3603 201 450 221 381 292 1714 193 24425 452 251 246 1997 2457 200 35017 16373 1297 1782 64317 69 861 7303 3683 18153 6082 36242 774
internal_value=-0.000377143 0.000435183 0.000839875 0.00318 -0.0017031 0.00233209 0.000752071 -0.000851405 0.00986708 -0.000225326 -0.0150018 -0.00585041 0.0647175 0.0223463 -0.0103673 0.0675212 0.00271388 -0.00621034 -0.00933193 0.00165582 0.028807 0.0518087 -0.00156651 0.0142865 0.0113448 -0.00571769 -0.00861884 0.0202043 -0.0159559 -0.014482 0.00750058 0.0434305 0.185161 0.408058 0.0268502 0.0751906 0.187412 0.410932 0.0159575 -0.0437233 0.0532263 0.00167344 0.000313747 0.000953365 0.0289997 -0.0123483 0.0171755 0.0130725 0.0347846 0.00375523 0.0107462 0.0256784 0.0138132 0.00261948 -0.00124711 0.00585185 -0.0121933 -0.00580541 -0.0131536 0.00242103 0.000552818 0.0279994
internal_weight=20928.4 20543.4 20018.6 10425.1 9593.52 9776.38 6210.53 5281.44 929.09 5186.03 524.802 345.672 20.7947 16.1248 324.877 16.3014 9641.46 3382.98 2421.88 961.096 101.963 68.9842 859.133 774.93 715.199 1059.87 953.195 106.68 125.866 308.576 104.06 46.5146 4.8716 2.18101 41.643 19.0297 4.82971 2.05909 648.749 384.993 7.70876 779.661 764.415 4788.81 89.8408 154.161 589.334 605.569 118.973 8581.58 1199.32 409.171 267.841 7382.26 3361.36 4020.9 843.689 631.716 473.651 2517.67 1941.6 105.682
internal_count=785589 534034 447667 232648 215019 229260 60511 53405 7106 52618 86367 52463 2795 2609 49668 431 225886 154508 118968 35540 3130 1342 32410 5617 5213 28168 27200 968 1177 49237 17685 7794 827 491 6967 3364 872 422 3388 251555 2006 30962 30769 46700 703 1489 4036 3038 581 197718 25217 8844 3079 172501 70307 102194 29208 21905 18222 41099 37877 1635
is_linear=0
shrinkage=0.05


Tree=72
num_leaves=63
num_cat=0
split_feature=1 17 50 11 38 35 29 54 54 53 5 40 29 40 42 55 50 37 40 11 5 24 45 23 33 52 35 45 5 43 29 54 37 34 35 28 23 54 29 40 40 54 5 17 29 53 52 19 24 9 47 23 54 55 20 40 45 23 46 29 17 45
split_gain=253.986 53.7297 61.413 53.9925 53.4374 48.2567 65.2329 64.2012 46.985 48.5948 52.2364 45.6253 44.1791 49.696 46.8223 42.7809 48.3109 39.3624 38.7749 38.3228 36.7692 365.445 36.746 36.4112 34.5747 46.5456 34.5557 33.1163 42.2824 33.0381 32.8557 32.8298 32.8151 49.7182 31.9597 31.0927 37.3527 88.6457 29.3403 36.2911 48.4913 48.3862 68.6242 37.8483 41.2754 39.6207 43.7079 39.2467 40.6398 31.1645 29.2597 33.3716 37.8814 28.7229 37.1216 42.4923 37.5835 34.4363 31.6366 29.6362 39.1814 33.4584
threshold=290.63465881347662 -30.528387069702145 73.106101989746108 292.15977478027349 -39.529411315917962 9.9480543136596697 6.1882667541503915 -0.91597560048103321 -1.0000000180025095e-35 108.08333206176759 224.38174438476565 13.843116760253908 -2.4841780662536617 0.27452087402343756 22.131034851074222 0.78656607866287243 106.65961074829103 236.61946105957034 -1.2941207885742185 242.24576568603518 289.45631408691412 -0.52706289291381825 -14.610094070434569 -44.344017028808587 3.2615083456039433 7.4514698982238778 2.4121550321578984 14.063073158264162 209.49958801269534 -2.4231719970703121 0.086308002471923842 -0.6035533845424651 287.81771850585943 11.526884555816652 -0.53562742471694935 6.5152702331542978 -28.326768875122067 -0.7865660786628722 3.4783353805541997 -0.88235473632812489 -2.4902038574218746 -0.98296290636062611 272.73497009277349 -40.54822921752929 -0.96035671234130848 166.94444274902347 60.031352996826179 -49.875400543212884 0.68112325668334972 287.09315490722662 -3.5644457340240474 -45.664100646972649 0.37940952181816107 -0.6035533845424651 1.0000000180025095e-35 28.66666412353516 0.79480934143066417 -7.7348318099975577 12.248271942138674 11.928644180297853 -2.4757156372070308 3.8358793258666997
decision_type=2 2 2 2 2 2 2 2 2 2 2 2 2 2 2 2 2 2 2 2 2 2 2 2 2 2 2 2 2 2 2 2 2 2 2 2 2 2 2 2 2 2 2 2 2 2 2 2 2 2 2 2 2 2 2 2 2 2 2 2 2 2
left_child=1 2 3 4 -1 7 -7 17 12 -10 -11 50 -9 18 35 16 -12 -3 -14 -18 29 -22 -8 26 25 -21 -20 32 -29 -4 -27 -16 53 -34 -17 -15 37 -37 39 40 -31 42 -41 44 49 46 -46 -47 -49 -42 -6 52 -52 54 55 -24 57 -57 59 -55 61 -61
right_child=-2 5 20 -5 11 6 22 8 9 10 15 -13 13 14 31 34 19 -19 23 24 21 -23 27 -25 -26 30 -28 28 -30 38 -32 -33 33 -35 -36 36 -38 -39 -40 41 43 -43 -44 -45 45 47 -48 48 -50 -51 51 -53 -54 58 -56 56 -58 -59 -60 60 -62 -63
leaf_value=-0.025282922475034116 -0.039084283725400792 0.097699808229746499 -0.030472335896173763 0.075133455820779849 -0.039702667510361889 -0.013632212996453544 -0.033306831436787303 -0.030720876879968537 0.0013511947678188794 0.027638200715976492 -0.0051407431818502047 0.019426284413615109 -0.0023639868324886962 -0.0089245215877827942 0.071865605254855525 0.047867044895445153 0.089433207747727519 0.020140125833052441 0.14930165462202372 0.098311403843735976 1.7316864380023298 -0.013663651148237844 0.0056565058101552702 0.01390353158829081 -0.0035262225278022892 -0.00028843362568015249 0.023320699915368628 0.036357001281480318 -0.025810717300037919 -0.0068844384714306572 0.063168332157666263 -0.007502409123996411 0.22349981723643647 0.026263288872453945 0.013745977520592541 0.21086072561948221 0.0058260022691345829 -0.01926652510914835 0.017990812379276282 0.23974636416070935 0.053039532661603453 -0.025787314562299241 0.010003032721613854 0.0092874318139204107 0.40358379376180431 -0.025541814946468757 0.049663772786718283 0.19343888331568751 0.02054104365592983 -0.050655443930057914 0.01591310109189301 -0.012618026522218863 -0.018362172452914355 0.0022058345918245723 0.041652145607796356 -0.046285522001690144 -0.039535268764577691 -1.1934226671542675e-05 0.019511926640485136 -0.0087830184937382604 0.00017691643592082084 -0.030401133972229002
leaf_weight=509.97125835635234 414.5256828564452 17.031972870230675 64.298785472172312 18.25906913576182 75.60986390162725 904.12243229825981 79.730122186709195 123.10646260506473 2126.1181522314437 427.96312454715371 739.41444161871914 151.52960778586566 505.83072032220662 1578.8737626586808 32.803881139028817 76.576138137839735 18.345675118267536 413.84383986960165 9.7952453990001249 22.696976873790845 0.33674369263462756 2.7422136103268704 3494.8966432614252 619.00489514227957 128.00502956588753 67.895075666951016 12.250842794775961 31.52085866779089 206.74026754498482 205.02612838707864 29.158739125239663 21.613825159147382 3.9692554377252263 16.381279526860453 661.12835690239444 7.6039282158017185 150.00729832053185 9.3061040242901054 349.10478074499406 4.0439772707177353 30.81913576903753 180.32847040856723 16.56268176168669 89.852409206796438 2.2010223841061847 5.8057887755567252 1.4450903105316681 9.0255798918660677 5.4515368043212229 9.4729130527703074 253.32999861182179 969.16254729486536 118.23765571869444 1737.2478954622056 64.716525174677372 43.635361980646849 83.996118159033358 511.56627312116325 167.19476146344095 901.77698809048161 1106.6220102990046 223.30245554167777
leaf_count=123508 225259 106 3798 3965 7473 18667 2244 1800 33754 2053 13005 3436 5450 19609 656 871 127 8057 172 156 223 1609 64477 6208 2076 875 456 160 5808 11705 316 479 177 1037 9280 330 1651 520 15308 105 822 21198 1308 3172 358 1095 196 355 537 2623 19694 54563 10985 32931 451 1362 1239 3100 1699 17800 7333 5941
internal_value=-0.000336992 0.000448484 -0.0056464 -0.0104712 -0.0112235 0.00152626 -0.000851423 0.00444637 0.00334925 0.00672426 0.0119858 -0.00665043 -0.00137469 -0.000148838 -0.00533125 0.0081431 0.00143399 0.023206 0.00798576 0.0197031 0.00471007 0.177224 0.000480873 0.0161524 0.0145398 0.0338511 0.079295 0.000794351 -0.0175862 0.00416442 0.0187764 0.0403419 0.00131849 0.0647331 0.0172879 -0.00675492 0.0137674 0.0842147 0.0066141 -0.000477723 0.00904328 -0.0174931 0.0550893 0.0302384 0.059551 0.111566 0.263312 0.0842871 0.128332 0.0286602 -0.00944029 -0.00773366 0.00500626 0.00116366 0.00407684 0.00348862 -0.00836455 -0.00364875 -0.00179366 -0.00269117 -0.0065032 -0.0130737
internal_weight=20862.9 20448.4 3072.62 2096.1 2077.84 17375.8 9577.42 7798.37 7367.5 4297.3 2171.18 1567.87 3070.2 2947.09 1800.21 1743.22 1005.52 430.876 1146.88 266.101 976.517 3.07896 8673.3 641.051 247.756 119.751 22.0461 8593.57 238.261 973.438 97.0538 54.4177 8355.31 20.3505 737.704 1745.79 166.917 16.91 909.14 560.035 359.1 200.935 20.6067 154.073 64.2211 23.929 3.64611 20.2829 14.4771 40.292 1416.34 1340.73 371.568 8334.96 4198.81 4134.09 639.198 555.202 4136.14 3968.95 2231.7 1125.08
internal_count=785728 560469 288036 223624 219659 272433 164426 108007 99844 62513 28759 96151 37331 35531 23245 26706 16555 8163 12286 3550 64412 1832 145759 6836 3423 1347 628 143515 5968 62580 1191 1135 137547 1214 10151 22110 2501 850 58782 43474 20863 22611 1413 9158 5986 2541 554 1987 892 3445 92715 85242 30679 136333 70629 70178 5701 4462 65704 64005 31074 23741
is_linear=0
shrinkage=0.05


Tree=73
num_leaves=63
num_cat=0
split_feature=36 12 33 11 36 49 29 53 52 49 17 49 49 23 31 49 52 52 38 47 24 55 48 48 35 48 48 49 48 38 12 39 53 53 46 49 49 48 48 49 31 15 47 51 17 17 29 48 48 25 51 49 49 33 4 49 48 48 49 36 51 23
split_gain=255.511 47.9429 36.7672 45.2268 35.5083 32.9069 50.6178 37.6999 47.8502 59.2805 46.6851 59.1327 86.1269 48.2951 50.1611 53.6616 40.116 40.1619 43.1005 45.5062 38.2035 76.3934 33.9068 33.1376 58.1258 49.1879 44.2286 48.7565 43.3578 45.755 47.083 43.1768 40.4431 39.9676 34.8598 33.3823 52.5854 32.8105 42.35 40.4246 35.1469 29.3937 31.7828 28.8923 28.713 27.2162 39.8252 26.946 51.7078 38.2303 51.0759 26.7213 37.9411 32.1907 34.9563 31.6442 26.0035 30.6044 25.9571 25.8933 57.1871 35.5605
threshold=286.17646789550787 -50.698369979858391 -0.96766534447669972 285.51704406738287 197.94117736816409 247.43756103515628 1.9835796356201174 545.16665649414074 12.525572776794435 289.42092895507818 -30.172519683837887 264.55642700195318 261.33148193359381 -6.4108130931854239 11.807490825653078 285.95608520507818 14.536789417266847 11.179813385009767 -28.294128417968746 0.073668956756591811 10.473551750183107 -0.12940952181816107 -0.44543808698654169 -0.44147184491157526 5.0763573646545419 -0.47515141963958735 0.83848184347152721 256.94619750976568 -0.043153882026672356 -10.058830261230467 -18.700860977172848 -15.000725746154783 32.083333969116218 218.79166412353518 2.9623703956604008 255.59030914306643 256.32855224609381 -0.63968896865844715 0.086114823818206801 267.04945373535162 23.17485332489014 1.0000000180025095e-35 1.4939691424369814 37.148876190185554 -2.2101402282714839 -31.878841400146481 -1.0156388282775877 -0.57137185335159291 -0.60007590055465687 1.6256475448608401 15.758229255676271 274.13537597656256 273.86521911621099 -1.5544753670692442 277.04051208496099 284.25558471679693 0.11755901575088502 0.80511206388473522 272.17034912109381 279.70588684082037 58.513553619384773 -51.606904983520501
decision_type=2 2 2 2 2 2 2 2 2 2 2 2 2 2 2 2 2 2 2 2 2 2 2 2 2 2 2 2 2 2 2 2 2 2 2 2 2 2 2 2 2 2 2 2 2 2 2 2 2 2 2 2 2 2 2 2 2 2 2 2 2 2
left_child=1 2 3 -1 -3 6 -6 8 9 10 -7 12 23 14 15 51 17 -9 19 -19 21 -11 -8 24 25 -12 27 28 -25 30 34 -28 -31 41 -30 -33 -37 -16 -39 -40 -41 -29 -43 44 -24 -2 -47 48 -4 50 -50 52 53 -13 -55 -53 -15 58 -58 -10 61 -61
right_child=45 4 47 -5 5 7 22 16 59 20 11 13 -14 56 37 -17 -18 18 -20 -21 -22 -23 43 26 -26 -27 31 33 29 32 -32 35 -34 -35 -36 36 -38 38 39 40 -42 42 -44 -45 -46 46 -48 -49 49 -51 -52 55 -54 54 -56 -57 57 -59 -60 60 -62 -63
leaf_value=0.21331171503624807 -0.044366293582283674 0.046392372674771032 -0.012648092424426181 -0.025368679959268326 0.064419683447942133 -0.015721046496570957 -0.030175124684250126 0.011618398171979787 0.0022320162761109369 0.13156324208275222 0.0071474468447438435 -0.049403943686764797 -0.027712855766807667 0.0056928275629673925 0.057218207098640575 -0.026216210763700037 0.0011356046834679998 0.04566523438534445 0.032950356579541644 0.23409960799946267 0.0020123873295827981 0.021515330560336846 0.0096703988126103056 -0.055700357697862135 -0.031557188483287167 0.071244955771675542 -0.030241785683483003 -0.025383514143759941 0.075196020342450598 0.01805223983126835 0.12634011210008358 0.049051887144086675 -0.012206604512907402 0.013176441246329435 -0.051482057216845484 -0.024065974920912253 0.019389925386046 -0.029340618812431898 -0.042345890702238716 0.0027261386587982125 -0.016715351661661517 0.024207307084553969 -0.03091115510336034 -0.012655995819779024 0.039400530539838587 0.21905079451617696 -0.023855923433338245 -0.018855202991046212 0.26493086498507473 -0.012465460216941508 0.03716187711389822 -0.0058832850038201623 0.094367472937031294 0.011015976764142595 0.094109162389279924 0.020283563427089923 0.052571339050299704 -0.010005406985230662 0.012232002758587327 0.19157116368547916 0.015980391470196111 -0.027955872067781707
leaf_weight=3.9361736101564011 350.44227343879174 42.453850202262402 37.704704390373081 4.0033275476889685 43.068912208080292 791.14471520634834 52.274390591308475 700.77383998769801 9643.1610013486352 21.412314904038794 68.818049699068069 21.743011057376862 484.69767310563475 282.68290827050805 18.935969550162554 133.73526059591677 1252.3805590405827 6.9761496149003488 71.815503434278071 5.9253592148888856 81.144458936178125 59.846636088099331 289.48252914473414 31.121530634351075 44.850345459301025 52.967459355480969 66.605760373640805 675.58159989397973 10.804381251800807 193.55382120236754 15.158985175192354 55.95488178357482 257.12606543488801 93.009519435465336 10.919335835147647 95.974669912829995 253.4758583214134 217.15565184038132 69.414920127484947 786.37485796096735 330.03777499124408 66.50264759734273 43.107038550078869 94.921463962644339 112.88121608272195 2.4036767542129382 5.6626188232330588 517.24667867086828 5.0929896105080825 5.2228639007080337 4.7632831239607185 580.43531033908948 13.758961130864916 962.92341808765195 12.82569574494846 144.25444447668269 110.49762835260481 41.063638504594564 62.39774589240551 1.8596829504240293 123.24344198475592 229.36041789804585
leaf_count=152 249882 376 6953 863 346 62548 276 8772 182646 889 403 359 10848 1417 192 3989 24271 328 792 279 2578 3608 1380 690 689 306 2364 10429 380 1797 354 331 2265 1063 603 946 2154 5597 3498 16302 7041 331 214 528 755 302 1708 84720 296 1164 493 11169 216 15633 282 1809 664 347 302 321 6617 37322
internal_value=-0.000429405 0.000302044 -0.0138942 0.0929621 0.000713681 0.000616184 0.0122214 0.000259785 -0.000499599 -0.00358859 -0.00427183 -0.00283599 -0.00877098 0.00111243 -0.00108048 0.00430228 0.00669135 0.0155494 0.0480664 0.132209 0.0262802 0.0505137 0.00813065 -0.00426057 0.0171043 0.035025 -0.00616552 -0.0106367 0.00151816 0.00517047 0.0587127 0.00706672 0.000788684 -0.0178157 0.0115218 0.0131963 0.007455 -0.00815825 -0.00904063 -0.00532317 -0.00302122 -0.0214868 0.00253045 0.0121573 0.018011 -0.0422762 0.0485279 -0.0153825 0.0186478 0.0969019 0.154856 0.00665339 0.0119048 0.0107674 0.0121082 -0.000674595 0.0156464 0.0287971 0.0380129 0.00174416 -0.0115279 -0.0261902
internal_weight=20869.1 20510.6 577.97 7.9395 19932.6 19890.1 592.629 19297.5 17259.6 7262.01 7099.61 6308.47 2520.23 3788.24 3291.6 1869.68 2037.87 785.491 84.717 12.9015 162.403 81.259 549.56 2035.53 166.636 121.786 1868.9 1396.88 518.684 487.563 36.8827 472.011 450.68 878.201 21.7237 405.405 349.451 1421.92 1402.98 1185.83 1116.41 785.191 109.61 497.285 402.364 358.509 8.0663 570.031 52.7838 15.0791 9.85627 1735.94 1011.25 997.492 975.749 724.69 496.642 213.959 172.895 9997.62 354.464 231.22
internal_count=786149 534257 94641 1015 439616 439240 3285 435955 401513 174607 167532 104984 36167 68817 66087 33457 34442 10171 1399 607 7075 4497 2939 25319 1398 709 23921 18126 6089 5399 1337 5795 4062 12037 983 3431 3100 32630 32438 26841 23343 10974 545 2663 2135 251892 2010 93626 8906 1953 789 29468 16490 16274 15915 12978 2730 1313 966 226906 44260 37643
is_linear=0
shrinkage=0.05


Tree=74
num_leaves=63
num_cat=0
split_feature=1 17 47 48 31 48 49 29 44 43 29 15 37 49 31 49 49 48 3 48 29 49 15 40 24 54 54 9 29 50 41 48 48 49 5 52 54 49 38 49 49 29 51 53 41 35 48 17 51 48 41 45 40 53 15 23 49 53 29 23 49 54
split_gain=236.266 45.7585 46.7163 48.1985 102.191 56.4226 68.9517 57.6695 66.3555 54.8205 49.1763 46.0424 39.1104 65.2668 50.1716 39.9074 53.359 36.9535 36.5464 36.775 56.1427 49.4055 79.4427 46.6133 41.5484 41.2725 41.1273 52.4715 38.9712 36.3035 42.7941 35.166 49.9571 45.0771 41.4216 35.1239 39.4994 128.6 156.89 76.1289 85.7263 94.4534 49.6148 34.5101 34.2363 34.0876 67.0011 53.4293 52.427 45.2455 47.7527 35.6691 39.1583 46.2915 44.0856 39.5503 39.518 46.5013 43.2371 41.4025 38.4425 33.8064
threshold=290.70118713378912 -21.121566772460934 -2.9631891250610347 1.0000000180025095e-35 4.7759056091308603 -0.47515141963958735 268.43287658691412 -0.41408395767211909 7.3481006622314462 -3.6650924682617183 -0.78829574584960926 -29.047782897949215 286.18373107910162 289.26409912109381 0.060363451018929488 286.19183349609381 285.09815979003912 -0.74852561950683583 248.05314636230472 0.10494250059127809 2.8860206604003911 280.76860046386724 -33.33277511596679 -0.098037719726562486 4.0797300338745126 -0.91597560048103321 -0.91597560048103321 281.90455627441412 3.7105216979980473 150.68162536621097 20.04865646362305 -0.48803782463073725 -0.57137185335159291 267.93310546875006 268.57148742675787 42.129280090332038 0.37940952181816107 263.06666564941412 -8.3529434204101545 275.56561279296881 280.13768005371099 11.496726036071779 105.06754302978517 314.22222900390631 5.8963928222656259 9.9480543136596697 0.086114823818206801 -11.373033523559569 42.687715530395515 -0.6077212095260619 10.309851169586183 19.037565231323246 12.372558593750002 1089.1666564941409 0.66324234008789074 -19.018526077270504 255.59030914306643 218.79166412353518 31.354249954223636 -2.0248390436172481 258.11538696289068 -0.98296290636062611
decision_type=2 2 2 2 2 2 2 2 2 2 2 2 2 2 2 2 2 2 2 2 2 2 2 2 2 2 2 2 2 2 2 2 2 2 2 2 2 2 2 2 2 2 2 2 2 2 2 2 2 2 2 2 2 2 2 2 2 2 2 2 2 2
left_child=1 2 -1 4 5 6 31 8 10 -5 17 -3 13 15 -15 16 -7 -8 -11 21 26 22 28 -22 25 -25 27 -21 44 -26 -31 32 -4 -34 -33 45 39 38 42 -37 41 -41 -38 -39 -20 -13 49 -48 51 50 -47 52 55 54 56 -49 57 -54 59 -58 -60 -57
right_child=-2 11 3 9 -6 12 7 -9 -10 18 -12 35 -14 14 -16 -17 -18 -19 19 20 23 -23 -24 24 29 -27 -28 -29 -30 30 -32 34 33 -35 -36 36 37 43 -40 40 -42 -43 -44 -45 -46 46 47 48 -50 -51 -52 -53 53 -55 -56 61 58 -59 60 -61 -62 -63
leaf_value=-0.021323875289208746 -0.03935798169187233 0.018184981145151959 0.13072388434718912 -0.021366037113592529 -0.031911489839899825 -0.0081203361958583613 -0.035049082820871713 -0.02138524227010213 0.22195742461652676 0.07864067372852146 0.047710820425431219 0.005144895893816932 -0.030951428969953471 0.11442906260603339 -0.013806074577251672 -0.031988014727656416 0.030805996150885556 0.006897710595395146 0.098831195345013667 0.09154344345118659 0.060206326082386477 -0.0046166258851594848 -0.006905169045514737 0.28576075666445661 0.0028221761779545339 -0.023220785764608561 -0.028104858475597974 -0.0084583575966926186 -0.040595324035126445 0.04479310444878213 -0.022745448699299453 0.08960578545560062 -0.019023067400910434 0.11227865823772831 -0.0065239712207378099 -0.024279684545606542 0.069912097237846249 -0.038481196564719905 0.0089794505597197878 0.026765914595815926 -0.0098554979100556224 0.17744787813125207 0.17271053949937332 0.0005385362448052653 0.24433701308943442 0.082386987886283944 -0.010886648259194625 -0.0018454806045402239 0.016013549601868026 -0.014355444022954683 0.0031973323718784983 -0.037443988405464944 0.015296155245053495 0.03335032667263315 0.023783977984430368 -0.0081985710527377621 -0.0051770656299710664 -0.020860695026608894 -0.037858678077036162 0.019778019949726083 -0.0049743772589998332 0.016480847012218205
leaf_weight=345.13098512019496 379.11853193608113 420.46984942234121 8.1321052070707065 202.94906252878718 349.57063654006924 978.02026315103285 58.471817130222917 213.83288079919294 3.623090441338717 17.138385226018727 67.591298475279473 5493.0268895288464 182.23444184532855 19.507674472406507 12.52471756050363 151.99891791283153 96.744518891442567 514.49200285156257 35.580440045567229 17.316697996575385 40.488201622734778 55.090855662594549 28.649789396673441 2.6182587528601289 1323.0143306300743 1.8405129483435292 211.08559497632086 54.092438582098112 4.4495622377144164 106.40593888249714 30.08576182438992 48.082832234445959 49.623063366510905 7.528321288409642 14.61126030620653 509.96177804609761 28.518570488318801 126.09040909167379 152.84772181231529 38.798753025010228 113.53301574010402 14.208686845377086 19.947472305968404 102.9158944375813 4.5608609339687964 22.174578616861254 724.66138634597883 664.70219545485452 733.47929574828595 1074.8691563881002 134.54788945801556 57.358471029438078 479.14686246495694 95.796856822445989 159.40798203647137 159.38280848227441 2136.1862280610949 109.18947992473841 183.75924939475954 180.22945280373096 172.11720182001591 1072.500940320082
leaf_count=24577 222031 11284 424 15803 27187 31690 3768 27673 135 151 4526 54202 51851 475 482 8658 1833 27505 2005 382 1353 6338 508 133 85080 602 28989 6625 285 3541 524 498 1596 320 383 7438 432 1759 1165 636 1784 304 220 1171 239 255 29304 8597 6872 17303 1403 1307 3483 670 1010 1356 30488 817 1366 870 1155 11007
internal_value=-0.000247659 0.000477864 -0.00354244 -0.00229306 -0.00663656 -0.00299613 0.00622025 0.00111371 0.00858216 0.00335474 0.00737527 0.00187018 -0.00930221 -0.00616808 0.0642889 -0.00800781 -0.0046164 0.00261698 0.005951 0.00530055 0.00344385 0.0311541 0.0580604 0.00728426 0.00582061 0.158218 -0.0170086 0.0157921 0.099801 0.00535504 0.0299061 0.0404565 0.0147717 -0.00172722 0.0672021 0.0014054 -0.00716115 0.00468194 0.0338348 -0.0146945 0.0146563 0.0671563 0.112221 -0.0209456 0.115364 0.00209989 4.99815e-05 0.00196032 0.0034611 -0.010696 0.0144018 0.00177786 0.00219351 -0.000930108 -0.00189032 0.00798399 -0.0031455 0.0085858 -0.00572829 -0.00323543 -0.0219544 0.0132878
internal_weight=20816 20436.9 5257.09 4911.96 2776.59 2427.02 985.989 858.011 644.178 2135.37 640.555 15179.8 1441.03 1258.8 32.0324 1226.76 1074.76 572.964 1932.42 1915.28 1786.95 128.332 73.2407 1504.45 1463.96 4.45877 282.495 71.4091 44.5909 1459.51 136.492 127.978 65.2835 57.1514 62.6941 14759.4 1106.82 430.32 201.314 676.502 166.54 53.0074 48.466 229.006 40.1413 13652.5 8159.51 6927.92 6203.26 1231.59 156.722 5469.78 5412.42 3515.83 3420.04 1896.59 3260.63 588.336 2672.29 2316.42 355.876 1231.88
internal_count=785828 563797 366139 341562 189004 161817 66828 63607 35934 152558 35799 197658 94989 43138 957 42181 33523 31273 136755 136604 127229 9375 3037 91233 89880 735 35996 7007 2529 89145 4065 3221 2340 1916 881 186374 14909 4747 1817 10162 2724 940 652 2930 2244 171465 117263 98302 68998 18961 1658 62126 60819 39859 39189 20960 38179 4300 33879 31358 2521 12363
is_linear=0
shrinkage=0.05


Tree=75
num_leaves=63
num_cat=0
split_feature=1 42 39 48 15 48 48 41 40 54 0 23 43 41 49 54 53 49 35 49 28 49 55 39 48 38 49 48 50 17 24 54 3 45 52 49 52 3 23 49 16 54 45 39 48 35 54 49 52 49 55 52 49 49 1 48 49 48 48 39 16 45
split_gain=225.206 39.8605 50.8831 48.6044 41.2287 40.5251 34.9367 53.8156 43.6662 62.4936 66.1354 35.2459 33.5703 33.7856 43.3 47.0021 57.136 56.6821 45.7598 45.1508 44.8245 40.5717 40.0342 47.8553 49.7206 47.111 34.428 33.5528 32.82 32.4287 32.2496 42.6978 36.6023 37.8254 32.238 32.1798 38.2594 32.1274 31.9445 38.6985 31.6861 31.2554 49.2998 39.2583 38.4795 36.5705 32.2633 32.2795 43.5376 35.9385 30.9923 30.9396 37.4481 61.1037 37.9547 33.1054 41.2589 32.8574 30.6399 34.0402 30.1791 41.1386
threshold=290.54713439941412 2.4814987182617192 -48.724763870239251 0.96387076377868663 -0.98665618896484364 -0.69827961921691883 1.0000000180025095e-35 10.437663078308107 1.5293960571289065 0.91597560048103344 283.43608093261724 -34.108169555664055 -0.14927673339843747 8.3977231979370135 286.19183349609381 -1.0000000180025095e-35 221.79166412353518 273.35858154296881 8.9718360900878924 289.03982543945318 -2.5656070709228511 280.76860046386724 -0.12940952181816107 -22.689908027648922 -0.63968896865844715 -11.294120788574217 270.65731811523443 -0.49531143903732294 126.96470260620119 -7.4937171936035147 25.537384033203129 1.0000000180025095e-35 211.90188598632815 9.0608644485473651 3.9826575517654423 261.63801574707037 31.411128044128422 224.5664978027344 -53.724168777465813 272.17034912109381 1.1284790039062502 0.12940952181816109 -10.584798812866209 -32.246912002563469 0.92005395889282238 17.317808151245121 -0.6035533845424651 254.46063232421878 11.735467910766603 278.19204711914068 -0.6035533845424651 21.702431678771976 255.95982360839847 267.04945373535162 235.58066558837893 0.6227284073829652 267.56375122070318 0.66015982627868663 0.49165558815002447 -20.072621345520016 -26.825311660766598 -0.098859786987304674
decision_type=2 2 2 2 2 2 2 2 2 2 2 2 2 2 2 2 2 2 2 2 2 2 2 2 2 2 2 2 2 2 2 2 2 2 2 2 2 2 2 2 2 2 2 2 2 2 2 2 2 2 2 2 2 2 2 2 2 2 2 2 2 2
left_child=1 2 -1 4 6 -4 7 -3 9 10 -8 -9 13 14 15 17 26 -7 -19 -16 21 27 30 24 -24 -25 29 -18 41 -17 31 -15 -32 -34 -21 36 -30 -33 39 -37 -14 42 -10 -43 -45 51 47 48 -47 -49 -40 52 -44 54 -54 56 -55 -57 -51 -60 -48 -62
right_child=-2 3 5 -5 -6 12 8 11 28 -11 -12 -13 40 22 19 16 20 18 -20 34 -22 -23 23 25 -26 -27 -28 -29 35 -31 32 37 33 -35 -36 38 -38 -39 50 -41 -42 43 45 44 -46 46 60 49 -50 58 -52 -53 53 55 -56 57 -58 -59 59 -61 61 -63
leaf_value=-0.021806295947467663 -0.038032510523133146 0.0017867153408037653 -0.025912971293825467 -0.019669093999241452 0.018108531373282624 0.0053127084984042226 0.068427945460674225 -0.041126401246038863 -0.022699135681287785 0.0064745968143967887 0.0017380682720013936 -0.0086033599242690117 -0.0065609729588029329 0.016271716739480895 -0.035595073409950148 -0.016554847134305269 0.1337770116066915 -0.028404608685958802 0.082213317684411813 0.14806693150909614 0.02350548427122998 0.17295703544407526 0.061764072802171978 0.045070748264342445 -0.028964670421394462 -0.0055988886377967119 0.014728796147280624 -0.028507364438038221 0.053158968259107035 0.0083988662992160856 0.012911221431416665 0.025221620243286686 -0.0036523070012097016 -0.029493977006697359 0.0084446750496651544 0.2145833746531059 -0.0077445119366948943 -0.005623239658735779 0.018632363608849574 0.0075907909015356535 0.031464761995446303 -0.018338072477961573 0.050776510838023328 0.0030281100145838603 -0.060810938757538041 0.052179475183790104 -0.0081916275565575118 -0.01169923744005664 -0.0092721784938771239 -0.030488768721339383 -0.010830415754530032 0.00039610502673330454 0.083127732983929836 0.071463178581273837 -0.034682915629889129 0.09501938674701306 0.0058534620552968637 0.030758424343654524 0.017020843061001288 0.099121495222730643 0.0079344143543202891 0.041216780567818662
leaf_weight=303.70009188214317 383.17691879719496 4539.5249202785781 160.60880435735453 236.21016595233232 447.8656693212688 700.48360157466959 106.55778881302103 96.427597192814574 142.92853686399758 288.25143497309182 57.093901169602759 612.09049765020609 2341.8162760598352 673.13850004447158 119.0235841081012 240.15726153145079 5.4036037044133991 214.29507862089667 9.7756560777779651 4.558519499609246 455.36851282930002 9.6840542820282263 15.829708387609569 48.160885489545763 327.72964775993023 966.09810226690024 569.39168126368895 7.7576000950066391 98.322082212427631 284.35206325352192 277.31758436560631 98.056646103039384 1005.494492310565 164.81789311626926 44.421836073859595 4.1162507020635513 34.953857077984139 607.07916003966238 213.10136291664094 5.0017740739276633 56.096209328621626 339.61974373471458 89.833120482042432 941.13189192768186 24.211838982068002 56.310442442074418 146.53679271112196 641.53913759253919 59.045822211541235 19.58262288197875 153.58887531771325 258.78745276038535 7.5257657635956994 26.281038271263242 74.64876152551733 22.109836419345811 271.54359142633621 198.30772287317086 42.36102302884683 17.985620081424713 306.78004395402968 133.13962788321078
leaf_count=66034 231304 106466 9271 6748 2316 7444 1549 6022 4733 9143 4467 11455 80415 13590 8048 8524 118 7601 284 158 7236 257 296 1087 11371 8498 12105 375 1073 1892 1364 685 14926 4123 3390 90 624 18224 4665 417 362 25735 803 16986 439 354 5122 11506 381 275 3255 9618 90 579 3048 779 10716 9479 713 108 4824 2669
internal_value=-5.51878e-05 0.000657311 -0.00166281 0.00276028 0.00326596 -0.00101248 0.00260315 -0.000213587 0.00569492 0.0204846 0.0451615 -0.0130297 -0.000579958 0.00120277 0.00560326 0.00725664 0.0125177 -0.00168926 -0.0235786 -0.0189672 0.0269342 0.0952782 -0.00159996 -0.00865602 -0.0247843 -0.0031929 0.0062153 0.0381218 0.00415113 -0.0030267 0.00179041 0.00726453 -0.00342146 -0.00729165 0.0214391 0.0160767 0.037186 -0.00133393 0.00859054 0.101036 -0.00567141 0.00256192 0.00581952 -0.00371694 0.00142696 0.00753773 0.00246846 -0.00383356 0.0207251 -0.00776027 0.00629182 0.0151402 0.020668 0.0161632 -0.0238935 0.0225147 0.0116431 0.0372044 0.0238552 0.04149 0.0114609 0.0180072
internal_weight=20807.1 20423.9 9710.62 10713.3 10477.1 9406.92 10029.2 5248.04 4781.2 451.903 163.652 708.518 9246.31 6848.4 2664.67 2496.67 1572.11 924.554 224.071 168.004 478.214 22.8453 4183.72 1357.82 343.559 1014.26 1093.9 13.1612 4329.29 524.509 2825.9 1378.27 1447.63 1170.31 48.9804 509.084 133.276 705.136 375.808 9.11802 2397.91 3820.21 2515.25 1304.96 965.344 2372.32 1423.28 836.825 115.356 721.468 366.69 949.037 690.25 600.417 82.1745 518.242 297.825 220.418 79.9293 60.3466 586.456 439.92
internal_count=786229 554925 287678 267247 260499 221644 258183 123943 134240 15159 6016 17477 212373 131596 57432 45836 30507 15329 7885 11596 7986 750 74164 21252 11667 9585 22521 493 119081 10416 52912 32499 20413 19049 3548 10124 1697 18909 8427 507 80777 108957 65797 43160 17425 61064 25952 13337 735 12602 7920 35112 25494 24691 3138 21553 11295 10258 1096 821 12615 7493
is_linear=0
shrinkage=0.05


Tree=76
num_leaves=63
num_cat=0
split_feature=36 12 48 39 9 42 42 44 29 53 17 29 48 24 48 17 5 40 35 26 39 16 32 23 48 44 45 50 3 48 29 48 35 0 17 17 45 48 13 11 42 42 44 35 48 40 53 36 12 10 36 34 43 45 34 17 35 40 55 36 50 4
split_gain=231.532 41.0284 42.7113 40.674 35.4619 33.5195 39.3621 57.8188 32.7852 33.1905 32.2954 30.2894 28.8092 29.6949 49.7485 42.1673 41.3552 54.1493 43.9045 46.7899 42.1314 41.0085 40.88 39.4862 44.397 36.4062 46.9477 28.8653 28.5581 27.7123 27.3375 54.4418 39.7505 28.3608 37.0042 26.1924 26.0568 25.1716 24.7111 24.5622 31.4638 24.1076 26.1947 24.1865 23.7503 52.9139 23.5525 23.5492 23.5068 32.4224 28.9839 32.0754 28.9096 24.4353 23.3109 23.0704 24.7672 24.2805 24.9585 22.9367 60.4842 23.7863
threshold=286.17646789550787 -36.715097427368157 0.95832794904708873 -39.650695800781243 272.87605285644537 -12.573532104492186 4.1132049560546884 -0.71597671508789051 12.387498855590822 1324.3750000000002 -31.878841400146481 -2.4841780662536617 -0.74852561950683583 2.3146734237670903 0.16143232583999637 -30.172519683837887 270.94049072265631 -2.5686340332031246 -0.76137718558311451 -2.6791095733642574 -45.497461318969719 -38.356664657592766 5.938056707382203 -45.238752365112298 -0.56490284204483021 -6.7657489776611319 -0.68268203735351551 68.492107391357436 275.02937316894537 -0.69827961921691883 3.5945463180541997 0.30385869741439825 14.504459857940676 282.60110473632818 -32.515556335449212 -8.4754066467285138 -1.6172049045562742 0.96387076377868663 -43.501455307006829 277.42353820800787 0.40562438964843756 11.916526794433596 -4.7704601287841788 -0.32882824540138239 0.97297734022140514 23.627441406250004 75.375000000000014 197.94117736816409 -53.604423522949212 287.55883789062506 276.76470947265631 6.4500837326049814 2.1403656005859379 0.25066375732421881 -1.8106703758239744 -1.8849182128906248 28.49505710601807 25.823532104492191 -0.98296290636062611 285.00000000000006 56.581357955932624 287.84947204589849
decision_type=2 2 2 2 2 2 2 2 2 2 2 2 2 2 2 2 2 2 2 2 2 2 2 2 2 2 2 2 2 2 2 2 2 2 2 2 2 2 2 2 2 2 2 2 2 2 2 2 2 2 2 2 2 2 2 2 2 2 2 2 2 2
left_child=1 2 8 4 -3 -5 29 37 9 12 -2 -12 -1 16 15 -15 17 20 19 -18 -14 28 27 24 25 26 -20 -17 -19 54 31 33 48 34 -16 -23 -31 41 -26 40 -25 43 -43 -8 47 -46 -21 -38 -32 -50 51 -51 -53 -52 -7 57 -57 58 -45 61 -61 -55
right_child=10 3 -4 5 -6 6 7 -9 -10 -11 11 -13 13 14 30 22 18 21 23 46 -22 35 -24 39 38 -27 -28 -29 -30 36 32 -33 -34 -35 -36 -37 44 -39 -40 -41 -42 42 -44 55 45 -47 -48 -49 49 50 53 52 -54 59 -56 56 -58 -59 -60 60 -62 -63
leaf_value=-0.036475685733744961 -0.0446570006468422 -0.022567197502661403 -0.036556208527552835 0.017016432158299146 0.014422914953457371 0.05516079704150726 0.024346392809691454 0.027436661492409892 0.0090803434201284002 0.023438235873043427 0.22509810700364283 0.0022678013958699721 0.046825037989545321 -0.029308387856294763 0.12820335196600438 0.011102588308401513 -0.023521561899177045 0.1592604759631856 0.046971463473275604 -0.0012163809397606818 -0.015290618774568335 0.023424591438339512 -0.023909857546321068 0.052849084996813282 -0.014689126381644907 0.003870907554025655 0.21001903015400139 -0.020917131362717504 0.050529311279998469 -0.0074347024796429795 -0.016937086263092337 -0.030166899559850913 -0.01098106627546378 -0.006392337076474193 0.017964645413347642 -0.013970272730712031 0.040445212629828843 -0.017039632074656488 0.048509461475044924 -0.030931233286861766 -0.0397393986738655 0.007866392008629472 0.030351136664266171 0.033462545723203556 -0.015982240744660946 0.065601157603445565 0.029270667553535891 0.00064031592523457767 0.0067685281363079374 0.2157075870280695 -0.0050956825839019101 0.07896853819290045 0.0037490627993695342 0.025224738709867037 -0.031249143490536674 0.021563142309444887 -0.00087591570662679972 -0.025975383003066933 0.00049065155661159258 0.0038324842109184274 0.6611448806506669 0.22793400118815821
leaf_weight=71.53586804214865 314.27285367867444 293.08525645779446 95.604362063808367 374.91282791644335 83.18300955183804 8.4360228786244971 123.53361790627241 275.9819571855478 516.17489804059733 105.07660747179762 1.9796242180746046 6.6413011824479309 31.311397575540468 390.57940557948314 10.894586397102101 262.87739027803764 88.278047517174855 7.2734806283842763 19.457339826971296 98.891108648385853 213.01927401474677 271.56206426525023 246.65098300785758 20.926197569817305 216.4919377748156 32.515247391769662 5.7107353545725337 96.121575933648273 35.579533530748449 1006.3317204066552 73.976803467958234 194.76490998768713 367.13313182117417 52.385968597605824 25.268045621458441 56.583454225910828 37.331015735864639 138.75613044854254 16.657527548726648 282.98242772754747 16.340655328705907 1243.5416328385472 144.59335174178705 58.426623441744596 36.70310293417424 43.348452540114522 176.26687283534557 7982.1012838180177 451.69160423264839 3.1714418856427065 49.012488791369833 35.944133628392592 19.8161100235302 13.770165701629596 104.33889120561071 285.1297298502177 216.2282262314111 85.102839180734009 3248.8238727825228 0.92683481192216166 0.56230353435967118 1.6171212079934765
leaf_count=7551 249706 11651 9604 4504 1893 332 1108 2097 18702 1731 155 1868 921 47345 492 8240 8434 264 1242 3547 2716 5044 11554 170 35267 5743 361 2522 2084 14171 15856 24092 18546 5493 387 393 343 2629 959 24544 424 17628 1021 1168 554 360 5927 104737 25859 230 9777 1724 1709 1857 2928 1517 1228 1549 50655 436 195 386
internal_value=-2.85784e-05 0.000634231 -0.00347995 0.00185244 -0.0143897 0.00224894 0.00188079 0.00510015 -0.00278948 -0.00429722 -0.042038 0.0534364 -0.00503344 -0.00445478 -0.00809045 -0.0164988 0.00079839 0.0109468 -0.00560952 0.00815198 -0.00733039 0.0229837 -0.00823802 -0.013794 -0.000456838 0.0388183 0.0839676 0.00252934 0.0689843 -0.000151748 -0.00165149 -0.0153881 0.00217289 0.0171181 0.0511759 0.0169764 0.000153337 0.00398826 -0.0101739 -0.0259062 0.0122512 0.00452805 0.0102085 0.00256521 0.00109612 0.0281957 0.0183137 0.00082561 0.00959693 0.0130017 0.0355579 0.0610343 0.052237 0.0127716 -0.0247853 0.00187417 0.0118855 0.000394583 0.00107314 0.0646619 0.252036 0.0465284
internal_weight=20788.2 20465.3 4675.4 15789.9 376.268 15413.6 15038.7 5820.12 4579.8 4063.62 322.894 8.62093 3958.55 3887.01 2297.17 996.229 1589.85 615.329 974.518 363.436 244.331 370.999 605.65 611.082 290.833 57.6833 25.1681 358.999 42.853 9218.59 1300.94 283.314 1017.62 88.5486 36.1626 328.146 9105.82 5544.14 233.149 320.249 37.2669 5405.38 1388.13 4017.24 8099.48 80.0516 275.158 8019.43 650.489 576.512 124.821 58.9317 55.7602 65.8889 112.775 3893.71 501.358 3392.35 3307.25 16.8764 1.48914 15.3873
internal_count=786130 534401 312328 222073 13544 208529 204025 80600 302724 284022 251729 2023 282291 274740 176700 69661 98040 11422 86618 17908 3637 7785 22316 68710 43572 7346 1603 10762 2348 123425 107039 30464 76575 6372 879 5437 120165 78503 36226 25138 594 75874 18649 57225 105994 914 9474 105080 58029 42173 16314 3663 3433 12651 3260 56117 2745 53372 51823 2874 631 2243
is_linear=0
shrinkage=0.05


Tree=77
num_leaves=63
num_cat=0
split_feature=1 17 50 11 49 5 22 25 46 49 47 19 19 44 43 23 47 49 41 40 37 15 39 40 24 34 46 43 40 39 11 44 43 40 49 49 47 44 15 49 28 47 49 49 24 49 49 49 17 49 49 49 37 41 44 19 42 39 26 8 35 49
split_gain=198.135 45.4206 49.3789 64.2093 41.3883 42.8536 187.336 36.4743 34.525 47.672 49.0368 29.4425 39.8981 28.3755 28.084 27.1834 28.7102 40.6748 27.0678 43.4871 51.143 62.7186 40.8086 60.7433 64.0171 51.5869 52.6597 50.5604 44.3058 81.1876 40.4565 49.1196 38.8566 38.1058 58.0078 38.2775 32.8331 32.1658 30.6215 30.6202 37.5603 30.0157 29.7929 55.3731 29.7832 29.5235 48.8076 124.983 59.5176 50.6374 45.9728 44.8886 40.5027 38.4356 37.2839 36.4911 44.3474 36.3909 53.7894 31.8772 31.4462 29.7883
threshold=290.77198791503912 -36.877807617187493 64.201091766357436 292.09611511230474 286.69125366210943 289.53218078613287 -45.902454376220696 -0.28494548797607416 3.8410034179687504 279.88751220703131 1.7053138613700869 -51.395809173583977 -50.637979507446282 -1.5336799621582029 -0.56446838378906239 -57.104249954223626 0.15349197387695315 273.15556335449224 4.518761634826661 -1.4901885986328123 281.79013061523443 -39.311231613159173 -28.762531280517575 13.333320617675783 22.778068542480472 18.914107322692875 0.48938989639282232 -3.4867095947265621 12.156867980957033 -6.2992000579833975 284.11929321289068 3.4876232147216801 -0.33918762207031244 19.470581054687504 258.38572692871099 256.32855224609381 3.507806777954102 -8.6880893707275373 -0.56794357299804676 268.84934997558599 3.7586898803710942 8.8935022354125994 285.83421325683599 284.34808349609381 -0.32435798645019526 270.65731811523443 275.56561279296881 275.10462951660162 -8.8059463500976545 274.31605529785162 282.31869506835943 259.31796264648443 236.61946105957034 8.7145981788635272 -12.955692291259764 -26.707867622375485 12.527160644531252 -15.000725746154783 3.6048946380615239 215.54869079589847 21.542327880859379 273.86521911621099
decision_type=2 2 2 2 2 2 2 2 2 2 2 2 2 2 2 2 2 2 2 2 2 2 2 2 2 2 2 2 2 2 2 2 2 2 2 2 2 2 2 2 2 2 2 2 2 2 2 2 2 2 2 2 2 2 2 2 2 2 2 2 2 2
left_child=1 2 3 7 5 8 -7 -1 14 -10 -11 -5 -13 -9 -4 -16 -17 -18 19 30 21 -21 23 25 32 26 -20 -28 41 33 42 -32 -25 34 35 -30 -29 -23 39 -39 -41 45 43 -3 -22 51 47 49 -49 55 54 -24 -51 57 -48 -47 60 58 -53 -59 61 -57
right_child=-2 18 4 11 -6 6 -8 13 9 10 -12 12 -14 -15 15 16 17 -19 22 20 44 37 28 24 -26 -27 27 36 29 -31 31 -33 -34 -35 -36 -37 -38 38 -40 40 -42 -43 -44 -45 -46 46 50 48 -50 52 -52 53 -54 -55 -56 56 -58 59 -60 -61 -62 -63
leaf_value=-0.0020656082011728987 -0.038339034202032489 -0.003814214535341167 -0.023988760576856696 0.017990813230239027 -0.018356739193123989 0.024957543589632585 1.2174699662697974 -0.01700158897474421 0.0079865786678390196 0.047578616243313811 0.21725504777672122 0.43934049208486381 0.10624433134440298 -0.041102705666640531 0.17902560205640611 0.0019953805807358866 -0.015294297214934511 0.0582860080311575 -0.019506075934934863 0.086500579326375296 0.10361658414027122 0.028730525193903705 0.0097099507355943911 0.061236490979243441 -0.0032780615194114467 -0.021879316135359431 -0.011340691293328093 0.0044788913555022375 -0.002548970643380776 0.0039221063252535332 0.019052880240485976 0.19730000177669216 0.014811466177716818 -0.021530092260026903 -0.011483667537979168 0.027463240570838633 0.071480460843822938 0.00087115126307530223 0.044150537987023432 0.010764635618240759 0.048277302945146941 0.035393538435277781 -0.017371390951599629 0.019974669199598644 -0.020036794193424429 -0.0092858052155862601 0.053778558107195618 0.17269008092136465 0.050166597653249413 0.046847598803127097 0.012838890867045823 -0.008805997433167137 -0.030433166264392433 -0.0067063299579176745 -0.010025865644612612 0.010942860247725839 0.060947162381627951 0.019736863649473042 0.031868800746856961 -0.0066590416749877056 0.066788744451697551 0.04145336909554373
leaf_weight=309.60379011335317 334.15201284829527 1512.0599745146465 68.960241298074834 9.4931563270511123 166.37585591664538 1.996249631396495 0.39440004015341301 504.12196028302424 25.156582764699124 10.726916575338693 7.0610916920704758 1.0194524236721916 7.6077453986508754 161.17099045403302 2.3842838894342995 284.92445844062604 27.54733170196414 59.027589462231845 460.23707324406132 27.439669153187424 5.0112996135139829 215.78291500033811 1146.7113529709168 80.078959365142509 266.87154123699293 507.31769363023341 703.50707072124351 1196.4674905143911 256.85984588321298 2527.6118586780503 162.11921956692822 3.9593965059611937 103.09942251082975 493.89699470018968 1163.2095869961195 181.1762182386592 18.568192814127542 935.37033187830821 58.001884270459414 858.70226172683761 72.35109877306968 76.975900298915803 284.64287370722741 291.83163073658943 172.29726297280286 113.64018415845931 23.803399933502078 17.323111377190799 23.167021216824651 20.400497619062662 492.37247575167567 122.3636930976063 100.36650351807475 1706.267589927651 600.61829671729356 577.26741599943489 63.923861326649785 143.80600219964981 242.0886164912954 558.9610363598913 30.865051412954926 92.869719911366701
leaf_count=30447 218877 19831 6028 2452 23228 1095 130 77270 1466 436 267 189 1566 54502 330 24133 3025 4587 20325 1003 81 2197 9796 1592 6695 17716 27606 47734 2896 17709 8072 341 2549 14331 24262 2830 707 9227 303 11449 973 643 6961 2466 14136 2359 604 310 163 117 5193 1403 1860 25947 7672 5636 518 668 3724 3893 315 740
internal_value=-0.000149548 0.000477229 -0.00748162 -0.0145093 0.00318001 0.0105199 0.221694 -0.0162427 0.00948071 0.0522847 0.114933 0.0787488 0.145605 -0.0228402 0.00532981 0.0107374 0.00965735 0.0348734 0.00117799 0.00450902 0.00927619 0.0113881 9.23458e-05 -0.00474 0.0123453 -0.00740423 -0.00431716 -0.000673504 0.00158832 -0.00211065 -0.000449166 0.0233024 0.0351068 -0.00938867 -0.0056437 0.00986439 0.00550281 0.010425 0.00837247 0.00726061 0.0136797 0.004367 -0.00233787 3.43253e-05 -0.016542 0.00397399 0.00867274 0.0164681 0.102586 0.0129788 0.00141468 0.00138906 -0.0173786 -0.00205125 -0.0075936 0.0171517 0.0210793 0.00539128 0.0182124 -0.00125769 0.0174438 0.0151711
internal_weight=20694 20359.8 1647.57 993.017 654.555 488.179 2.39065 974.897 485.788 42.9446 17.788 18.1204 8.6272 665.293 442.844 373.884 371.499 86.5749 18712.3 4599.57 2344.96 2167.65 14112.7 3336.15 450.05 2886.1 2378.78 1918.54 10776.5 4622.75 2254.61 166.079 183.178 2095.14 1601.25 438.036 1215.04 2140.21 1924.43 1866.42 931.053 6153.79 2088.53 1803.89 177.309 6076.82 2156.62 1039.82 40.4901 999.333 1116.79 3920.2 120.767 2773.49 624.422 878.566 764.926 1067.22 364.452 702.767 701.002 670.137
internal_count=785581 566704 231151 166426 64725 41497 1225 162219 40272 2169 703 4207 1755 131772 38103 32075 31745 7612 335553 77040 39369 25152 258513 124924 10836 114088 96372 76047 133589 62028 37671 8413 4141 44319 29988 5726 48441 24149 21952 21649 12422 71561 29258 22297 14217 70918 25487 12018 473 11545 13469 45431 1977 35635 8276 9568 7209 9688 5127 4561 6691 6376
is_linear=0
shrinkage=0.05


Tree=78
num_leaves=63
num_cat=0
split_feature=1 38 50 14 53 35 11 39 25 41 40 40 29 17 4 43 41 46 43 40 39 52 50 19 47 54 46 40 29 50 50 2 2 24 47 39 40 24 47 35 46 16 5 38 39 29 40 1 44 23 40 5 38 23 2 16 38 17 35 9 47 10
split_gain=189.98 44.3633 48.3281 46.4091 38.0394 35.7366 31.9519 31.217 27.292 46.8769 41.9178 32.7343 47.8544 32.4862 60.9119 46.4244 40.8956 34.5881 38.6941 31.1054 66.4502 31.3938 31.1331 29.9363 28.2551 58.0252 33.9964 33.9081 41.3725 30.2066 28.3934 29.3942 27.4146 27.3455 26.8821 26.4263 37.7374 42.5207 27.5142 26.6656 26.0965 25.9475 34.4536 36.8934 43.0505 27.0919 26.6609 30.4766 25.9099 26.5041 25.8597 30.0184 36.7394 33.5982 25.2962 31.4328 25.3527 24.2631 26.3902 56.0086 24.201 24.1495
threshold=290.70118713378912 -40.235282897949212 64.201091766357436 -55.798475265502923 11.291666507720949 -0.8988763391971587 280.72871398925787 -5.6702983379364005 -2.2424049377441402 -0.14935698360204694 -2.1372680664062496 -1.5490112304687498 -0.41408395767211909 -19.000131607055661 261.16406250000006 -0.87919616699218739 1.4771171212196352 0.25552272796630865 -3.6650924682617183 15.215675354003908 -6.2992000579833975 34.799779891967781 126.96470260620119 1.0000000180025095e-35 1.2718615531921389 -1.0000000180025095e-35 3.8410034179687504 -0.098037719726562486 7.9045171737670907 106.65961074829103 5.0689060688018808 248.2865905761719 286.93606567382818 16.672366142272953 3.7038197517395024 -33.33624076843261 13.588233947753908 22.778068542480472 8.8935022354125994 21.224394798278812 0.37761020660400396 -18.733367919921871 235.474235534668 -7.3529434204101554 -24.172114372253414 1.7416391372680666 4.2352981567382821 235.58066558837893 -4.7704601287841788 -40.173328399658196 8.549018859863283 247.22598266601565 -11.999992370605467 -31.233216285705563 268.87072753906256 -33.304792404174798 -39.058815002441399 -11.373033523559569 23.059261322021488 243.68777465820315 1.1521562933921816 289.81599426269537
decision_type=2 2 2 2 2 2 2 2 2 2 2 2 2 2 2 2 2 2 2 2 2 2 2 2 2 2 2 2 2 2 2 2 2 2 2 2 2 2 2 2 2 2 2 2 2 2 2 2 2 2 2 2 2 2 2 2 2 2 2 2 2 2
left_child=1 2 5 -4 7 6 -1 -3 -6 10 -10 -11 -13 17 16 33 -15 -14 -19 35 -21 22 23 -22 25 30 -26 -28 -29 -27 -20 -32 54 -16 -25 36 39 -38 41 40 -18 50 43 44 46 -45 47 -43 -12 -50 51 52 53 -37 55 -31 -56 -46 -59 -60 -42 -33
right_child=-2 4 3 -5 8 -7 -8 -9 9 11 48 12 13 14 15 -17 19 18 24 20 21 -23 -24 34 26 29 27 28 -30 32 31 61 -34 -35 -36 38 37 -39 -40 -41 60 42 -44 45 57 -47 -48 -49 49 -51 -52 -53 -54 -55 56 -57 -58 58 59 -61 -62 -63
leaf_value=0.077647794529155961 -0.038084097849101294 -0.0077981962207963763 0.28027361536955159 0.0014558088980390137 -0.015607061366018735 -0.029295562346240069 -0.0072430403115832029 0.0055539824311982375 0.008231179572527187 -0.0063842878402827711 0.08928422888013203 0.016344075466080105 -0.017359439976358217 0.034818087212140886 0.062901420907391412 0.020853438844443906 -0.027586559229943339 -0.019404676291166666 0.052851509206354452 -0.012588135888536564 0.00078562416825992917 -0.014903051722887077 0.024395260055995072 0.041572500399772033 -0.0069168167864703291 -0.016318950979380124 0.069324791012600931 -0.022280079926220039 0.029329417331485128 0.10816158741668749 0.090514857969208551 0.0027684718050190989 0.10763784873682916 0.17155181897335317 -0.0056929034775604495 0.15794749424627111 0.13140097540642967 -0.018156959557005921 0.033227888335275763 -0.031904112959487405 0.0086155283673987077 0.06450733629366906 -0.0025086635813475308 0.019927348174545074 0.083194945134715204 0.0028940865212504162 -0.018540610052112588 -1.3412603771374083e-05 -0.013207969469475091 0.041656047704250382 -0.0089481032011001754 0.0058760171000098328 0.022335353490129824 0.05591610952341796 0.078416477374855353 0.012686781687435589 -0.018544419742105082 0.018869559845757944 0.014017858969200454 0.15602326013429274 -0.011526012624276237 0.047602991177161963
leaf_weight=14.040715458802877 327.25101411540527 2012.6633390908828 1.4993266578530882 325.73397119180299 226.58661366114393 351.22452452615835 52.645897848997265 559.42566990666091 784.36450178432278 1298.2559725624742 20.741271577891894 551.8204859229736 390.61859842087142 94.950285096652806 19.038980019045997 83.035596881061792 96.155406906269491 260.80702755611856 33.073681985493749 1054.4294464304112 1471.0051621682942 220.34035734832287 187.15896152332425 88.331898987293243 134.03878063871525 640.222233851091 35.84981407225132 51.393257295945659 158.88164151425008 10.197521423920987 10.061971779912708 768.83270603884012 6.5103358547203234 8.3226352548226696 45.618738777935505 10.453879118897019 10.589518730528654 8.6219699657522124 82.207740071229637 92.378739578649402 366.30376861477271 24.830907846800983 1755.9771717223339 247.47385291010141 16.558516829274595 4117.8171287905425 120.33964864443988 69.612482215277851 28.694935246719979 94.532116375630721 62.819581538904458 90.799061928410083 74.762123213149607 35.358337952755392 7.2331087884958825 55.753990201279521 99.235964790452272 479.84624151233584 18.42238954547793 11.143846415914593 251.55708098271862 31.255734866485
leaf_count=141 222049 53994 345 44735 8725 103649 11120 3580 14958 25007 185 11717 28238 589 522 1993 2131 17484 1419 25087 10341 1677 1113 604 6636 39763 900 2235 5436 205 106 29899 519 167 254 393 241 326 780 3418 7061 221 29201 1508 324 30473 3191 862 397 1155 2558 2098 1222 990 253 1315 3364 5860 359 221 6874 3298
internal_value=-0.000290645 0.00031764 -0.0116568 0.0027333 0.000773173 -0.0229245 0.0106305 -0.00489412 0.00162986 0.0018625 0.0127831 0.0012233 0.00190154 0.00133269 0.00250743 0.0394659 0.00214333 -0.00360191 -0.00126881 0.0018641 -0.00242041 0.00290699 0.00509673 0.00284627 0.00104692 -0.00176533 0.0133443 0.0243785 0.0167155 -0.011243 0.00744181 0.00558799 0.00691886 0.0959498 0.0254756 0.00349762 -0.00497632 0.0642805 0.00446683 -0.00662629 -0.00335587 0.00413551 0.00353283 0.00561051 0.0159279 0.00385972 -0.00293472 0.0169503 0.0375826 0.0288803 0.0192183 0.0275893 0.0439406 0.0791986 0.00311587 0.0274492 -0.0119573 0.0236306 0.0216945 0.0675413 0.000415062 0.00451995
internal_weight=20659.7 20332.5 745.144 327.233 19587.3 417.911 66.6866 2572.09 17015.2 16788.6 928.333 15860.3 14562 14010.2 11316.3 110.397 11205.9 2693.97 2303.35 11110.9 3066.88 2012.46 1792.11 1604.96 2042.54 1662.38 380.163 246.125 210.275 819.153 843.224 810.15 178.931 27.3616 133.951 8044.03 825.606 19.2115 7218.42 806.395 714.016 7136.22 6862.02 5106.05 740.754 4365.29 214.783 94.4434 143.968 123.227 274.193 211.373 120.574 45.8122 172.421 65.9515 106.469 525.971 509.412 29.5662 617.861 800.088
internal_count=785486 563437 159990 45080 403447 114910 11261 57574 345873 337148 16695 320453 295446 283729 142659 2682 139977 141070 112832 139388 39076 13989 12312 11199 95348 80141 15207 8571 7671 45419 34722 33303 5656 689 858 100312 20051 567 80261 19484 16066 79481 72220 43019 11038 31981 4274 1083 1737 1552 7261 4703 2605 1383 5137 1520 3617 6764 6440 580 13935 33197
is_linear=0
shrinkage=0.05


Tree=79
num_leaves=63
num_cat=0
split_feature=36 17 52 45 48 40 48 29 40 35 51 47 42 48 47 42 45 19 48 48 41 5 45 50 2 51 48 5 4 31 42 25 40 55 48 35 12 41 29 22 48 29 48 42 40 48 46 36 29 35 10 44 42 9 29 36 0 36 36 47 48 36
split_gain=204.393 39.9061 47.3664 40.4286 39.712 66.341 45.8355 59.1207 37.216 46.4147 33.2573 32.7117 54.8266 34.0348 32.6081 31.1948 39.7881 38.9653 35.205 31.0329 31.0581 32.9118 34.5938 30.9677 42.8782 29.5761 28.9507 36.3734 37.3691 36.6883 28.9367 34.4287 35.7251 28.8145 44.2933 39.4864 53.5126 35.3516 32.2956 41.7714 38.3567 38.2451 38.0366 28.6467 31.8992 28.1316 27.9454 27.821 39.2434 31.7075 27.7771 27.0986 28.4692 26.5446 40.0017 26.8112 25.7988 25.5246 27.1044 38.691 33.0588 25.4389
threshold=286.76470947265631 -29.496982574462887 68.036495208740249 2.5002574920654301 1.0000000180025095e-35 -0.31372833251953119 0.10494250059127809 3.3729181289672856 -3.1176452636718746 -0.76137718558311451 50.025959014892585 0.086787223815917983 15.213485717773439 -0.47515141963958735 -1.986030578613281 5.7833557128906259 -2.8323097229003902 -2.2766833305358882 0.96387076377868663 -0.67741933465003956 2.5136741399765019 232.56377410888675 5.1664371490478525 205.75521087646487 285.98847961425787 54.361434936523445 -0.45884189009666437 259.23817443847662 263.38981628417974 4.7759056091308603 1.0189971923828127 0.3438024520874024 -2.4902038574218746 -0.91597560048103321 0.91066169738769542 27.782955169677738 -3.4589500427246089 30.596222877502445 20.288356781005863 -1.103085935115814 0.53181481361389171 8.7627019882202166 0.93061417341232311 -2.0650177001953121 32.784309387207038 0.89492958784103405 0.74880313873291027 219.70588684082034 16.347610473632816 23.464575767517093 275.42779541015631 -1.022590637207031 0.36287689208984381 284.78030395507818 0.93152523040771495 272.64704895019537 282.14843750000006 280.88236999511724 266.76470947265631 2.0334974527359013 0.58063024282455455 229.11765289306643
decision_type=2 2 2 2 2 2 2 2 2 2 2 2 2 2 2 2 2 2 2 2 2 2 2 2 2 2 2 2 2 2 2 2 2 2 2 2 2 2 2 2 2 2 2 2 2 2 2 2 2 2 2 2 2 2 2 2 2 2 2 2 2 2
left_child=1 3 15 4 5 8 53 -8 -1 50 14 13 -13 30 -9 16 -3 18 61 -18 26 33 -23 57 -25 -12 -21 28 -28 -29 -11 32 -32 34 35 -22 37 -37 40 42 -35 -42 -40 -36 -45 51 -7 -43 49 -49 -10 52 -27 54 55 -6 -54 58 59 -16 -60 -17
right_child=-2 2 -4 -5 6 46 7 10 9 11 25 12 -14 -15 23 17 19 -19 -20 20 21 22 -24 24 -26 45 27 29 -30 -31 31 -33 -34 38 43 36 -38 -39 39 -41 41 47 -44 44 -46 -47 -48 48 -50 -51 -52 -53 56 -55 -56 -57 -58 -59 60 -61 -62 -63
leaf_value=-0.016925596274821368 -0.043411542129219896 -0.0092199969141529559 -0.0090684297107913245 -0.026188830770669188 0.14589655103834825 -0.040721751660885624 -0.019741048100052574 -0.016332044917432332 -0.042089728520675468 -0.03840440129879881 0.10063518004625982 0.0045747104457253196 0.11902215934136443 -0.027852018743743181 -0.01606218864758913 0.0096369224164705707 -0.021617992926554183 0.044404711494976566 -0.023354598208136779 0.021154656682752106 0.0041605181227111158 -0.00093688771982736771 -0.015756558389698302 0.019739716064404157 0.14587351740261725 0.13596670336115221 0.0076202737575746448 -0.019347371175545497 0.06705900797630597 0.090455749611910885 -0.028164109774002018 -0.021359644869133131 0.041941164983846577 0.0012218786827215737 -0.014068212885883015 0.044814482962061197 0.023995523324750575 0.1274997015117475 -0.011793922601945658 0.008875861472194331 -0.01554400594467592 0.036686218929554384 0.053619308361736617 0.014079209915249628 -0.03304224206414668 -0.024862530526432808 -0.01175424915845342 0.030845593432900484 -0.0038324849045075051 -0.0080318375970661066 0.025916049512961836 -0.011322490639999502 0.056463582313097539 0.0010392103410639152 0.015453146351807735 0.053186451086136399 0.011426962421378761 -0.019384190012148448 -0.014062537635544615 0.054095228830627652 0.024117987989149894 0.0023406419368321102
leaf_weight=358.61569623509422 269.15631563239731 946.23621657723561 1014.1531967296032 203.76473274931777 14.198690038640054 193.57305088045541 288.64486871170811 200.19208920083474 16.123975398950279 37.655995662324131 11.702772198943419 236.00935895810835 10.950039372779427 203.68096877832431 158.04808281129226 2086.3632435030304 143.07964287395589 62.994838863611221 108.36309597233776 373.03782546136063 112.17940044216812 1636.0013201258844 518.61880372208543 26.051346836145967 9.0882410304620844 6.9149938425980499 457.28997174534015 181.91781745327171 28.066141889430583 7.939450633712112 23.168474336736836 56.60744651069399 84.271169443847612 3607.2427147772396 170.17378576286137 26.7338089896366 120.28094951063395 25.029787842184305 1026.8520311648026 385.02718681842089 100.65251554152928 147.83667440712452 22.715027690865099 413.95684925559908 39.327706252224743 31.110235005384311 146.09657652094029 266.97351980628446 225.06448834389448 65.266677772626281 218.38634169124998 36.661163503536955 58.105824310332537 35.516099867527373 31.754917081212625 17.300000763498247 70.234983260044828 97.54147509066388 70.895220686215907 22.442330555524677 283.04693358181976 2795.0710325753316
leaf_count=24052 236380 14926 15899 15186 257 34719 41250 16728 384 4095 905 15870 269 19229 8288 19663 3704 341 2907 3971 1143 50121 23628 485 342 156 4854 4675 579 208 1411 6553 4339 28853 2700 430 624 357 10996 2066 951 776 223 4101 344 1485 17563 2567 3112 849 5169 978 1269 6096 1071 412 3600 28717 6418 822 16536 59502
internal_value=-0.000125208 0.000446671 0.00141224 -0.00462495 -0.00318647 -0.00867554 0.00273474 0.000364257 -0.00333372 0.00216241 0.00572757 -0.00469586 0.00964925 -0.0134349 0.0013659 0.00207241 0.000583985 0.00532673 0.00483338 0.00150237 0.00183457 0.000876794 -0.00450399 0.00667682 0.052362 0.0233446 0.00997546 0.00379924 0.0110574 -0.0147556 0.00112363 0.0101971 0.0268235 0.00259301 0.0108815 0.0272401 0.0422888 0.0847961 0.00130645 -0.00521067 0.00342504 0.0132878 -0.0103782 0.00342392 0.00999088 0.0188894 -0.0282624 0.0174033 0.0122881 0.0232083 0.0212402 0.0268068 0.0371418 0.0356312 0.0550542 0.0949775 0.0318171 0.00413659 0.00842947 -0.00733876 0.0164704 0.00545913
internal_weight=20642 20372.8 17114.4 3258.35 3054.59 1585.14 1469.45 1370.68 1245.47 886.854 1082.04 652.343 246.959 405.384 867.306 16100.3 11047.5 5052.79 4989.8 10101.3 9958.18 8909.93 2154.62 667.114 35.1396 214.73 1048.25 675.213 485.356 189.857 201.703 164.047 107.44 6755.31 907.682 284.224 172.045 51.7636 5847.63 1434.59 4413.04 805.794 1049.57 623.458 453.285 203.027 339.67 705.141 557.305 332.24 234.51 171.917 135.256 98.7697 63.2536 31.4987 128.341 631.974 534.433 180.49 353.942 4881.43
internal_count=786104 549724 265070 284654 269468 133653 135815 127979 81371 57319 86729 51766 16139 35627 78336 249171 166758 82413 82072 151832 148128 133841 73749 61608 827 8393 14287 10316 5433 4883 16398 12303 5750 60092 9699 2554 1411 787 50393 13285 37108 8255 11219 7145 4445 7488 52282 7304 6528 3416 5553 6003 5025 7836 1740 669 4869 60781 32064 9110 22954 79165
is_linear=0
shrinkage=0.05


Tree=80
num_leaves=63
num_cat=0
split_feature=36 12 26 35 49 17 48 24 49 40 47 42 5 16 48 11 39 52 29 48 49 53 51 5 49 32 16 16 41 17 36 40 49 41 49 49 53 28 29 36 41 41 49 46 41 29 49 49 5 42 49 29 49 49 48 36 49 48 11 26 5 36
split_gain=183.919 39.7278 29.8391 57.1083 33.7934 33.6512 55.4869 56.6147 50.0286 40.1536 37.2908 51.2075 34.5568 33.4003 33.0551 31.264 36.2977 32.4981 32.1434 60.2056 52.7552 46.4383 38.5859 38.4709 36.7648 35.334 39.0509 34.1951 32.4912 33.1149 31.4786 31.3757 51.138 40.0404 32.2155 56.6477 48.7072 44.7609 43.7228 38.5882 44.9487 36.2186 31.2706 33.6127 31.1263 39.8709 31.0065 41.7873 89.9165 38.4503 39.1302 38.383 41.0107 45.6921 89.5228 47.2389 44.2758 62.2967 39.367 32.3186 30.8445 30.5382
threshold=286.76470947265631 -53.604423522949212 -2.3997435569763179 -0.8988763391971587 269.27120971679693 -29.496982574462887 -0.025937020778656002 3.3643245697021489 263.73217773437506 -3.0392150878906246 0.079948484897613539 14.365997314453127 271.87347412109381 -44.870880126953118 0.95832794904708873 280.45155334472662 -48.626722335815423 42.129280090332038 3.7707633972167973 0.12764942646026614 276.94873046875006 60.708333969116218 42.687715530395515 263.53910827636724 254.46063232421878 23.059576988220218 -5.4402542114257804 -28.399984359741207 12.330671787261965 1.1571083068847658 212.05882263183597 -1.1764755249023435 271.42791748046881 1.740016043186188 259.72676086425787 263.06666564941412 16.083333015441898 2.6978492736816411 0.97279691696167003 242.05882263183597 4.360687494277955 13.08351516723633 268.30914306640631 11.053308486938478 21.296781539916996 3.5391874313354497 255.95982360839847 263.06666564941412 236.061637878418 5.4705276489257821 259.93206787109381 10.111855506896974 272.85017395019537 281.06625366210943 0.8083171844482423 267.35295104980474 278.19204711914068 0.67649966478347789 219.40641784667972 20.424045562744144 224.38174438476565 219.70588684082034
decision_type=2 2 2 2 2 2 2 2 2 2 2 2 2 2 2 2 2 2 2 2 2 2 2 2 2 2 2 2 2 2 2 2 2 2 2 2 2 2 2 2 2 2 2 2 2 2 2 2 2 2 2 2 2 2 2 2 2 2 2 2 2 2
left_child=1 -1 -3 4 13 6 7 8 12 -10 -11 -12 -5 -4 -8 16 -7 18 23 20 21 -20 25 27 60 61 -27 -18 29 -26 -29 32 -32 -33 36 37 -35 -36 -38 -39 -41 -37 43 -30 45 -17 -19 48 59 50 -50 -49 58 54 56 -55 -54 -58 -53 -48 -23 -21
right_child=-2 2 3 5 -6 15 14 -9 9 10 11 -13 -14 -15 -16 44 17 46 19 22 -22 24 -24 -25 28 26 -28 30 42 -31 31 33 -34 34 35 41 38 39 -40 40 -42 -43 -44 -45 -46 -47 47 51 49 -51 -52 52 53 55 -56 -57 57 -59 -60 -61 -62 -63
leaf_value=-0.02096320702337022 -0.042534357345053161 -0.014604614656770898 0.067410424418494874 0.10338576082864873 0.023106193661780561 -0.033566703838151184 0.0025870501506078288 -0.036100609015941858 -0.035702561227176938 -0.013761850899440708 0.0045473488159008891 0.10804132859969678 -0.018717748764104394 -0.047900152617853034 -0.038344117326144816 0.005649777344248273 0.023921688947625488 -0.035947149654438751 -0.012765639248074667 0.02188629010534867 -0.03042186343580372 0.042856036919388552 0.01241397827621638 -0.016592495798784749 0.0056155421338066613 -0.013108641688272549 0.000192004919521415 0.027708895898523652 -0.02971117303925741 -0.029061136356528967 -0.01705347254075882 0.026927670165387708 0.0050718965664582789 -0.02439028120875137 -0.030070688668607681 0.0079381414784986722 0.054025995671519736 -0.0049387606550922551 0.014401749887031835 -0.014591068149434408 0.13133130110668367 -0.019818788568396816 -0.0007093794155119263 0.044681632976104758 -0.044446529452089531 0.036155631192360066 0.010098991319566861 -0.018017982208570819 0.030626660117890038 0.012903388977554782 0.11841410926280072 0.086119150548362194 -0.012170733178365107 -0.027357122150872493 0.19465606010873027 0.083871995718471787 0.16842757834941696 -0.0097438946867027879 -0.02622035291298537 -0.023920817332081144 -0.0064984121352184626 0.0033432933539480065
leaf_weight=224.39078367501497 257.87393067823723 335.02032192330807 7.8127035036450243 16.676605216693137 385.20069442479871 77.865670323604718 1426.8250889475457 223.02367253310513 129.78419410670176 494.86266665288713 256.10664553614333 12.537169654387979 8.8799842859152687 32.00825513608288 51.091651372029446 321.85543168149889 241.16599608119577 86.557664487045258 1045.1383355953731 242.09258011076599 208.8661557501182 88.897108420729637 823.79230191465467 204.05222870502621 1039.8742037611082 705.32135999156162 2536.2951149325818 142.38725228235126 229.57742706732824 73.728989697992802 424.6825352050364 219.94357305811718 678.24117870535702 65.062025676015764 214.33533022832125 1810.35904902732 85.749984491616488 232.05470766220242 370.07643461786211 9.6303557250648755 11.675148878246544 125.68379453150555 298.47367537906393 16.259205602109432 22.4347092830576 160.533496787888 160.87169901747257 583.92780928453431 22.205176025163382 34.864936490543187 29.634089057333767 8.5252795144915563 26.615552127361298 45.598337287083268 10.031312429346142 12.072955036535857 10.686277700588109 9.0700003448873741 91.468044763896614 123.33366608060896 49.164264269173145 2680.1223354784306
leaf_count=52217 236228 16851 250 406 8357 4850 106862 24090 8225 50729 18067 269 655 775 5524 10010 5751 1058 16849 1402 5856 539 11506 4818 13149 25210 20894 756 4077 344 4232 1552 5858 591 2027 24392 574 1950 2558 125 382 2220 4324 105 742 4938 1328 9035 436 730 493 45 505 968 226 137 203 232 2425 1448 217 54337
internal_value=-0.000573854 -4.12186e-05 0.000192457 0.000443389 0.0185731 4.47712e-05 -0.00522405 -0.0135025 -0.00801744 -0.00999083 -0.00562024 0.00937724 0.0609592 -0.0252767 0.00117206 0.000870772 0.00048907 0.000653489 0.00130559 -0.000307689 -0.00616893 -0.00438596 0.00225064 0.00465473 0.000490452 0.000892322 -0.00270199 0.00559092 -0.00157394 0.00331968 0.00458389 0.00380868 -0.00344751 0.0063537 0.00480646 0.00236361 0.0160794 -0.0132532 0.0218559 0.000973841 0.0653726 0.00613622 -0.0115858 -0.024791 0.0131243 0.0158018 -0.00707153 -0.00493328 0.00893328 0.0535042 0.0808106 -0.0113785 0.00673254 0.0272222 0.0592203 -0.00407233 0.0299224 0.08663 -0.0166425 -0.00466423 0.0252807 0.0048795
internal_weight=20572.9 20315.1 20090.7 19755.7 425.022 19330.6 2619.79 1141.87 918.847 893.291 763.506 268.644 25.5566 39.821 1477.92 16710.9 16206 16128.2 14872.7 10037.6 3049.98 2841.11 6987.62 4835.1 1795.97 6163.83 3241.62 4631.05 1657.91 1113.6 4389.88 4247.49 1102.92 3144.57 2924.63 2403.74 520.888 467.696 455.826 253.36 21.3055 1936.04 544.31 245.837 504.824 482.389 1255.46 1168.91 370.91 86.7042 51.8393 797.996 214.068 114.074 56.4031 57.6713 46.3718 19.7563 99.9933 284.205 138.061 2922.21
internal_count=785909 549681 497464 480613 9382 471231 214827 102441 78351 77290 69065 18336 1061 1025 112386 256404 240714 235864 216595 158809 45460 39604 113349 57786 22755 101843 46104 52968 21999 13493 47217 46461 10090 36371 34819 31096 3723 4484 3132 2457 507 26612 8506 4182 15690 14948 19269 18211 4435 1659 929 13776 4741 2271 1166 1105 940 435 2470 2776 756 55739
is_linear=0
shrinkage=0.05


Tree=81
num_leaves=63
num_cat=0
split_feature=36 13 42 36 41 40 40 40 54 48 41 29 29 29 41 49 49 11 49 25 48 50 49 48 22 49 49 54 46 48 11 22 48 35 50 39 48 40 48 49 49 5 5 48 51 41 39 42 34 45 35 16 15 25 41 3 49 42 15 45 48 21
split_gain=187.634 36.3748 31.8928 41.1279 38.2713 45.796 41.1247 37.3014 42.499 39.5908 47.9674 41.3618 37.3665 36.4624 36.3867 35.8065 65.7051 52.8257 57.5847 75.9778 55.7381 49.1194 47.9388 38.9934 39.8439 34.0176 35.3152 33.9593 45.9329 44.1076 61.7975 48.1298 33.7784 32.3668 40.7737 32.0409 32.0104 33.9739 31.0969 40.8169 34.0127 29.569 29.3062 36.3983 29.7236 29.0329 28.9483 34.8728 28.8452 30.8932 45.9656 37.7375 31.6015 31.5069 28.0367 27.5855 32.8389 27.8553 27.3662 27.1546 29.4102 35.4514
threshold=286.17646789550787 -54.09258842468261 1.882164001464844 228.529411315918 1.5613617300987246 -2.5686340332031246 -1.4117660522460935 0.78430938720703136 -0.91597560048103321 0.12764942646026614 18.62987041473389 3.7105216979980473 12.387498855590822 3.9535198211669926 6.1563785076141366 261.09867858886724 265.41934204101568 266.94123840332037 266.37236022949224 14.230824470520021 0.77676290273666393 70.723705291748061 256.60597229003912 0.42884278297424322 -33.656162261962884 276.13734436035162 284.05564880371099 0.12940952181816109 3.4206876754760747 0.48329061269760137 284.11929321289068 -50.749717712402337 -0.69827961921691883 8.4445757865905779 104.96093368530275 -29.985479354858395 0.23799896240234378 12.823524475097658 -0.55223670601844776 264.80390930175787 272.51168823242193 237.1656188964844 285.73895263671881 0.92260730266571056 15.70815420150757 9.9525489807128924 -50.877271652221673 -8.2926330566406232 3.6844173669815068 -5.7686328887939444 2.1295531988143925 -25.640623092651364 -50.349176406860344 1.7531557083129885 0.32824707031250006 264.39636230468756 284.34808349609381 14.770606994628908 -9.7447242736816388 0.86325836181640636 0.49749177694320684 -41.202888488769524
decision_type=2 2 2 2 2 2 2 2 2 2 2 2 2 2 2 2 2 2 2 2 2 2 2 2 2 2 2 2 2 2 2 2 2 2 2 2 2 2 2 2 2 2 2 2 2 2 2 2 2 2 2 2 2 2 2 2 2 2 2 2 2 2
left_child=1 -1 32 -4 5 54 -6 8 -8 25 11 35 -12 48 33 21 -17 -18 19 20 -19 36 -23 -20 27 38 -27 29 -29 30 -25 -32 -3 34 -15 -11 -13 -38 39 -9 -41 58 -31 -44 -45 -37 -34 -48 49 51 -51 55 53 -52 -5 -10 57 -57 -40 60 61 -30
right_child=-2 2 3 4 6 -7 7 9 13 10 12 15 -14 14 -16 16 17 18 23 -21 -22 22 -24 24 -26 26 -28 28 59 42 31 -33 46 -35 -36 45 37 -39 41 40 -42 -43 43 44 -46 -47 47 -49 -50 50 52 -53 -54 -55 -56 56 -58 -59 -60 -61 -62 -63
leaf_value=-0.031566639485220045 -0.041377406246519907 -0.025760395612295414 0.0060971889406674987 0.0027899231693986302 -0.01728887941063539 0.016148269044559807 0.040141020993141263 -0.014231101378517241 0.14909131417327831 -0.019782208219462982 -0.022907104840454405 0.049144964853490375 -0.0017094382661343678 0.0082341322509834388 -0.0022440012929434844 -0.039787758176465828 -0.0068857347932574295 0.059340099270171233 -0.0083422668607663637 -0.001698544243209239 0.30318399730957002 -0.0039220038281356567 0.12648796740501611 0.026340044493805871 0.064632151422097495 -0.040885777288397401 -0.0076986899981370998 -0.022625782207375357 0.023952415313833533 0.017720284932382407 0.091250902130705705 0.36239472543770224 -0.02756142806676283 0.1544814814343726 0.13818381936148147 0.10256386868695018 -0.020816805237078156 0.081006159049135718 0.017757853473447726 0.097671407724372314 0.0014464868614535412 -0.013110465397581865 0.043201065459555779 0.30763274365459059 0.07785543895977047 -0.014840358500325218 0.0073820401265738177 -0.0020914769108653316 -0.0089581585641316467 -0.017535301415888084 0.19178156876332919 0.0048810614155856882 0.011470361819361799 0.0011439575773797965 -0.023626896024204567 0.086508327275354957 0.11925082526638869 -0.0059085627261513604 -0.016853963488725247 -0.030180207866283344 0.028220660278192575 0.25608483441837904
leaf_weight=87.481303642387502 269.68211900547612 141.74079445330426 4650.9495225478895 579.6112910094671 401.50908965582494 722.77500577783212 90.217498087091371 33.68140833103098 7.6738626826554528 199.48331260064151 287.28235175949521 46.020792992785573 752.33097372809425 20.547936578514058 28.866136251948774 70.713408678537235 323.21555637428537 4.0185371611733007 142.34201294509694 8.791418692795558 5.6223425969947129 10.142952190479262 23.08752592257224 9.5132634048350173 47.714316142257303 158.60846594406758 162.07291451201309 102.80191231356002 3.3369348808191717 282.29340113175567 3.2948790945811206 3.2519857157021743 102.49092496745288 9.093269579112528 8.5471311702858639 10.748769336380066 54.484674907755107 9.6417671828530711 176.45265158358961 24.062865920248441 14.851375106256453 714.84653709176928 24.707476059789773 2.6099555647233492 3.0546890536788851 10.322958239354191 1121.0641943363007 7277.0935580496443 374.67741176486015 175.96455189073458 4.9045973001047951 63.683508097194135 330.26267833635211 3.8834391958080232 121.49326458456926 12.057991568930445 11.95906422077678 25.180035443743691 84.43735577352345 18.407217323896475 76.648961369879544 3.2434242898598304
leaf_count=27300 252034 8535 39831 15372 10189 23405 2397 1018 72 19580 11935 592 25035 550 766 4229 6716 272 8156 407 244 243 492 344 760 11123 10098 9480 284 14046 297 121 16866 181 128 122 1718 145 2709 718 754 27260 4748 425 521 293 21165 159770 10549 8325 497 485 9951 1127 3651 305 272 870 911 1007 4084 116
internal_value=5.4166e-05 0.00060507 0.000744436 0.00246309 1.39027e-05 0.00731672 -0.00188458 -0.00066603 0.0071762 -0.00300882 0.000686428 0.00640861 -0.00756711 0.00441559 0.0401202 0.00985706 0.00688434 0.00998364 0.0173354 0.104606 0.201544 0.0334016 0.0866829 0.0151112 0.0208583 -0.00986245 -0.024113 0.0169409 0.000939629 0.0268923 0.107704 0.225935 -0.00155284 0.0721427 0.0464089 -0.0135884 0.0173271 -0.00550716 -0.00550326 0.0260679 0.0609478 -0.00785218 0.0227414 0.0694097 0.183724 0.045048 -0.0011492 -0.000826864 0.00204573 0.00853268 0.00319931 0.0313171 0.0139604 0.107539 -0.0017878 0.0609199 0.0471668 0.0240168 0.0065557 0.0247752 0.0369293 0.138369
internal_weight=20551.6 20281.9 20194.4 11552 6901.05 1423.88 5477.17 5075.66 1167.52 3908.14 2539.13 1499.51 1039.61 1077.3 67.0545 1278.96 1135.58 1064.87 741.653 18.4323 9.64088 143.378 33.2305 723.22 580.878 1369.01 320.681 533.164 204.438 328.726 16.0601 6.54686 8642.39 38.1883 29.0951 220.555 110.147 64.1264 1048.33 72.5956 38.9142 975.737 312.666 30.3721 5.66464 21.0717 8500.65 8398.16 1010.25 635.57 515.015 120.554 339.051 8.78804 701.105 56.871 49.1971 37.238 260.89 101.637 83.2293 6.58036
internal_count=785596 533562 506262 299926 260095 42428 217667 207478 36475 171003 116412 79442 36970 34078 1625 59447 56257 52028 45312 923 516 3190 735 44389 36233 54591 21221 35473 14971 20502 762 418 206336 859 678 19995 2455 1863 33370 2490 1472 30880 19740 5694 946 415 197801 180935 32453 21904 19900 2004 11575 1624 19023 1519 1447 1175 3620 5491 4484 400
is_linear=0
shrinkage=0.05


Tree=82
num_leaves=63
num_cat=0
split_feature=36 19 23 1 28 23 55 41 55 55 40 45 38 32 20 5 55 35 26 53 40 41 44 53 55 44 28 35 39 36 34 43 37 46 52 51 55 46 39 4 35 39 37 40 55 43 47 37 40 39 5 23 36 28 52 38 43 44 26 23 38 36
split_gain=169.227 31.2 28.3204 52.9959 34.501 45.2729 34.9184 45.929 39.9324 34.7512 42.4855 45.0922 40.6734 38.5212 79.0364 47.3652 40.082 37.7129 46.6782 40.656 37.527 51.4184 57.8137 39.2269 45.6343 38.0939 36.406 36.349 36.1816 35.3278 37.9327 42.834 59.6344 34.8076 34.6786 34.438 33.8869 29.0768 32.5659 60.2876 28.9598 49.0551 44.4077 41.1858 43.71 31.1885 33.4225 34.4109 29.6932 33.4058 31.7839 52.2009 30.7631 29.5826 28.0806 30.2997 45.2537 26.6399 26.3383 47.9998 31.176 38.2968
threshold=286.76470947265631 -55.036846160888665 -1.2585433125495908 216.48224639892581 25.678310394287113 -5.7618849277496329 -0.91597560048103321 35.060516357421882 -0.6035533845424651 -0.6035533845424651 6.3529434204101571 -6.3731393814086905 0.64705657958984386 10.276367187500002 -21.618449211120602 263.05389404296881 1.0000000180025095e-35 -0.8988763391971587 -2.6791095733642574 71.416667938232436 -2.5686340332031246 -0.23868268728256223 -6.5133686065673819 1089.1666564941409 1.0000000180025095e-35 4.7154693603515634 -1.2752251625061033 0.2933505922555924 -50.686273574829094 216.76470184326175 12.398332595825197 1.0657348632812502 242.34204864501956 0.098287582397460951 11.599006175994875 12.39671039581299 0.12940952181816107 4.0758953094482431 -33.689908981323235 271.92280578613287 2.6138980388641362 -42.689905166625969 279.94190979003912 -1.2352905273437498 0.91597560048103344 -9.5574951171874982 1.0084607601165774 261.01306152343756 -0.56863403320312489 -13.182280540466307 225.84973907470706 -8.3960647583007795 226.76470184326175 6.2214298248291025 6.2030842304229745 -42.411773681640618 -0.47830200195312494 -8.6880893707275373 16.292405128479007 -9.6628408432006818 -6.2352981567382804 233.82353210449222
decision_type=2 2 2 2 2 2 2 2 2 2 2 2 2 2 2 2 2 2 2 2 2 2 2 2 2 2 2 2 2 2 2 2 2 2 2 2 2 2 2 2 2 2 2 2 2 2 2 2 2 2 2 2 2 2 2 2 2 2 2 2 2 2
left_child=1 -1 4 -4 9 -6 -7 -8 -9 10 -3 -12 13 15 36 16 -11 18 -17 -20 25 26 33 24 27 -19 -22 -24 -25 -13 31 32 -31 -23 -28 -32 -15 -29 39 -39 41 -18 45 44 -43 46 47 -42 -47 52 -51 -52 53 -50 -34 56 -56 -57 60 -60 61 -16
right_child=-2 2 3 -5 5 6 7 8 -10 12 11 29 -14 14 58 17 40 20 19 -21 21 22 23 28 -26 -27 34 37 -30 30 35 -33 54 -35 -36 -37 -38 38 -40 -41 42 43 -44 -45 -46 48 -48 -49 49 50 51 -53 -54 -55 55 57 -58 -59 59 -61 -62 -63
leaf_value=-0.026887155542694732 -0.042287787487084581 -0.008306835168038134 0.0063713262355695995 0.064731294749984944 -0.0237005426845469 0.01031650176417212 -0.020560636549294884 -0.010626103303556705 0.022896358992020638 0.02085974974751293 -0.011674599633625138 0.028032319079115815 0.049612909963350167 -0.0098965573320825215 0.030370713465684408 -0.017810870040639498 0.045155106576631535 -0.023023654369133572 -0.0071600731563597675 0.02521531340030797 -0.0052376579046169887 -0.020357816090440416 0.17241383816335176 0.095452804535555102 -0.027519336116919237 0.12125218967249757 0.0021372349395807218 -0.012017676303557275 0.0014797585623762448 0.29295772042488466 -0.0013703560688441009 -0.0027990958593979392 0.17604738084428043 0.010755920918215917 0.058590320533678533 0.010048709289881134 -0.027844191958551513 0.2026655886688197 -0.01342121294042898 0.024181891216151188 0.011034582599029617 -0.0069640491469522559 -0.025558778858190231 0.016532074183617688 0.016175956538955621 -0.010072785155155277 0.026368688430307624 -0.027719132842527583 0.015776793396800212 0.0022188151536861934 -0.0049868360565389252 -0.039292768671075645 0.0035676357529303387 0.06734980077747145 0.40946221705093655 0.14381860065164337 0.067053812476807292 0.00055033824950956052 -0.016704433058208283 0.0025542527149294129 -0.00079326859592735691 0.0026521184988157736
leaf_weight=105.78822421177756 237.13939864182612 551.40842305182014 856.15503433719277 40.751795716583729 332.25064948154613 353.22909833490849 392.91245178505778 201.47890270315111 158.89961600489914 303.37526983942371 307.33081554085948 213.34219384565949 40.113498013466597 849.13375595794059 211.09934907406569 149.83786692633294 84.361192604643293 414.19888386887033 144.82833798811771 293.44298246025573 89.194870695937425 112.99314489308745 2.9955757501302278 13.324015878606586 533.90430879977066 4.6262832809006786 43.71383346489165 176.00401021493599 44.293753122678027 2.9903688579797736 1005.8420796588762 27.944381218985654 4.57785979961045 439.62626766122412 72.026276520802639 1921.7627313758712 381.01032891171053 6.5148157188668874 20.075822915416211 17.281063609290868 234.59986665192991 699.22745687607676 159.6632273113355 584.91540257213637 288.18771097436547 646.47369221365079 241.73102579871193 75.784804739523679 236.17124688904732 1033.4464366622269 591.00773078948259 136.49651726149023 1640.0462780224625 31.516044436022639 1.3018426124472169 3.8026425768621293 3.7288519699359304 22.113611010019671 564.34439598349854 758.23552481457591 1149.1427118908614 304.15468215709552
leaf_count=31055 236180 35901 4495 202 11034 2328 3273 1199 899 6635 8766 1178 207 33285 2947 11288 1741 22285 4418 7662 2164 10066 47 413 73439 278 824 23162 856 27 26469 1478 293 28022 1357 49099 17038 160 477 1454 1767 6306 7323 5057 2188 7639 2619 1327 1678 5420 4896 1211 37113 250 160 164 759 1471 10949 6746 9460 6824
internal_value=-0.000294044 0.000195775 0.000337434 0.00902297 -6.56129e-05 -0.00751452 -0.00265441 -0.00873665 0.00415476 0.000533477 0.00459669 0.00662106 -0.000661741 -0.000808058 -0.00478915 0.000947008 0.00308451 -0.00484417 0.00628035 0.0145168 -0.00813055 -0.00458708 -0.0080884 -0.0165586 -0.0195865 -0.02143 0.0187684 -0.000582868 0.0232109 0.00837413 0.00697339 0.0443262 0.0785177 0.00439415 0.0372686 0.00612544 -0.0154554 -0.00293977 0.0334789 0.073047 0.00227768 0.00801082 0.000388252 0.0060179 -0.00021039 0.0012394 0.0124288 0.00157232 -0.000192261 0.00154883 -0.00341722 -0.0114234 0.00613278 0.0218487 0.0604668 0.0433694 0.155662 0.0215718 -0.000396392 -0.00566342 0.00378895 0.0140084
internal_weight=20567.9 20330.7 20224.9 896.907 19328 1438.77 1106.52 753.291 360.379 17889.3 4066.15 3514.74 13823.1 13783 4217.12 9565.89 6987 2578.88 588.109 438.271 1990.77 1571.95 1367.01 814.393 756.776 418.825 204.935 222.871 57.6178 3207.41 2994.06 66.4596 38.5152 552.619 115.74 2927.6 1230.14 219.876 43.8717 23.7959 6683.63 1656.69 5026.94 1572.33 987.415 4867.27 552.116 310.385 4315.16 3668.68 1760.95 727.504 1907.73 267.687 35.5248 30.9469 5.03069 25.9163 2986.98 1322.58 1664.4 515.254
internal_count=785428 549248 518193 4697 513496 18733 7699 5371 2098 494763 125765 89864 368998 368791 87249 281542 93170 188372 23368 12080 165004 142441 138096 100008 98739 22563 4345 25300 1269 81098 79920 4352 2874 38088 2181 75568 50323 25253 2091 1614 86535 15292 71243 13551 8494 63920 5713 3094 58207 50568 11527 6107 39041 1928 2847 2554 919 1635 36926 17695 19231 9771
is_linear=0
shrinkage=0.05


Tree=83
num_leaves=63
num_cat=0
split_feature=36 49 35 29 51 47 17 42 45 51 49 23 49 55 42 49 17 44 41 40 48 5 48 48 47 21 35 48 48 41 48 54 49 49 23 30 40 49 35 26 12 42 49 43 22 28 40 49 40 54 28 12 6 11 49 49 23 54 15 11 36 29
split_gain=160.806 33.0535 49.1042 50.4824 39.5104 40.6252 32.8731 42.8899 164.722 29.5918 33.8062 38.1416 41.9074 31.2509 30.7175 34.4584 39.2207 33.389 32.9731 29.7256 29.1508 48.0815 27.5292 27.4989 26.588 24.9855 29.498 30.9445 31.8514 53.8791 33.6587 54.6371 35.7445 67.6085 40.6077 30.7621 40.0409 36.5326 33.3526 33.9005 32.8547 37.8208 32.837 35.9313 29.8512 58.1129 43.0509 29.2207 29.1195 30.4092 56.9931 46.7553 29.1067 27.7615 27.2978 33.1359 37.0962 37.1547 45.2899 33.2548 27.1011 26.6629
threshold=286.76470947265631 254.46063232421878 37.578380584716804 1.9835796356201174 26.465111732482914 -3.4302330017089839 -31.878841400146481 -11.263687133789061 0.76129150390625011 6.0012991428375253 290.03321838378912 -9.0357642173767072 268.43287658691412 -0.12940952181816107 1.882164001464844 256.32855224609381 0.44061279296875006 -0.41616439819335932 36.865652084350593 1.3921508789062502 -0.038633346557617181 217.3274841308594 0.97297734022140514 -0.69827961921691883 3.923662662506104 -1.0526927709579466 28.49505710601807 0.9702095389366151 1.0000000180025095e-35 9.3735165596008319 -0.10015028715133666 -0.91597560048103321 258.38572692871099 258.98173522949224 -16.345941543579098 1.5571069717407229 -2.5686340332031246 276.27717590332037 -0.65229985117912281 -2.6791095733642574 -2.8302230834960933 13.211959838867189 280.13768005371099 12.870986938476564 -41.977895736694329 1.041130065917969 -0.37255859374999994 288.78967285156256 0.78430938720703136 0.91597560048103344 1.1118211746215823 -47.456905364990227 284.69299316406256 269.41944885253912 268.30914306640631 268.59339904785162 -23.112153053283688 0.37940952181816107 -14.224676132202147 241.36444854736331 235.00000000000003 2.7258491516113286
decision_type=2 2 2 2 2 2 2 2 2 2 2 2 2 2 2 2 2 2 2 2 2 2 2 2 2 2 2 2 2 2 2 2 2 2 2 2 2 2 2 2 2 2 2 2 2 2 2 2 2 2 2 2 2 2 2 2 2 2 2 2 2 2
left_child=1 2 3 -1 5 -5 -2 -8 -9 10 11 -3 19 -12 15 16 18 25 22 -13 -6 -22 -11 -17 -7 26 27 28 29 30 32 47 -16 34 -34 36 38 -37 39 -35 41 -39 -43 -44 45 46 -38 60 49 50 -30 -52 -49 54 -31 -56 -57 -58 -59 -60 -32 -50
right_child=6 9 -4 4 20 24 7 8 -10 14 13 12 -14 -15 17 23 -18 -19 -20 -21 21 -23 -24 -25 -26 -27 -28 -29 48 53 31 -33 33 35 -36 37 44 40 -40 -41 -42 42 43 -45 -46 -47 -48 52 61 -51 51 -53 -54 -55 55 56 57 58 59 -61 -62 -63
leaf_value=0.060584574730176012 -0.044860873076163273 -0.010010422604306974 0.054319312439710478 0.032848899561002058 0.0087712011435619359 -0.00070971799744478032 -0.0062739407238886951 -0.050158107683868892 1.0467037931999073 -0.017421096539670916 0.06801553504539995 0.026786864425786452 0.022967093412300799 -0.025355647261477411 -0.049792769032668147 -0.024340065902559591 0.048718171714386964 0.013489306188743203 -0.057130476204687947 -0.0090867391294660992 0.010632168621431119 -0.047497236696321311 0.058784573435092725 -0.00043025692559791966 0.045991821149304904 0.02358252562943524 -0.0094229153281506512 -0.037869442057641013 -0.004750734844595165 -0.023449376025355378 0.048501008376508628 -0.018869423666755446 0.0060509626923359681 -0.023004286860678735 0.068300839454936049 0.0030635959616441494 0.037441338535313451 -0.022324216302493382 -0.014508931645422827 0.018943449841970439 0.082159133648210161 -0.034914151094708419 0.0072358154396446814 0.079886306518374917 0.0098720201434074617 0.25240882963757594 -0.026523057618320384 0.1384817921733322 -0.014451965544185647 0.010813703629794065 -0.02196215780136794 0.09963106725645926 -0.025090553174371671 -0.041910172155476239 0.059367806732009698 -0.025805437464583799 -0.01321076624908292 0.091308329225358642 0.03148358788198425 -0.027750966198188488 -0.012807038720454168 0.0055561919463403249
leaf_weight=41.529794426402077 221.48483104043407 1658.717902472592 58.029254477471113 158.78796570701525 98.638634864240885 377.15812479669694 4.4125638491241261 1.0808942883741099 0.50090609630569805 276.71956360340118 29.140860500046983 67.149873659014702 204.58152865804732 12.941082016797735 30.897731951670721 122.47259742947062 21.573724716901779 661.46546668867813 52.789115907624364 412.33457752410322 56.308463212102652 96.604048260720447 12.381362296640871 6640.8369554372621 33.155531420605257 130.48791475966573 574.0728400577791 47.704175830411259 34.490799558639992 227.98495949245989 30.819290228188038 376.95642468199367 44.094035787740722 60.773858889937401 64.550376787781715 1480.9313324691611 193.93078050063923 371.63978238770505 254.31748117500683 232.1439605638152 9.032355070114134 33.167179441079497 82.482222274178639 21.443678427487612 509.692790488014 2.9427807977190232 30.433597778610419 9.7065562158822996 175.20235150755616 231.09334831329761 9.6466937391669472 43.811539176851511 3.7782704074052154 73.948951269499958 20.949850343167782 140.09987965365872 124.29811343271285 21.525540981441736 71.339841095730662 35.477584997192025 43.423202828038484 3355.1071002380922
leaf_count=354 234650 66723 461 988 552 2689 901 594 161 4826 1299 339 1164 1265 651 7939 106 7312 462 3696 305 961 63 173767 290 678 8817 2046 1684 5353 192 11405 439 2384 359 25199 11572 22098 7206 4353 38 1500 3654 281 6128 235 4710 132 15960 7827 824 664 599 5232 303 5114 1607 331 472 446 744 112581
internal_value=7.12127e-05 0.000539729 0.00979864 0.00680218 0.00408047 0.0113744 -0.0417339 0.0738027 0.297183 0.000100035 -0.00511558 -0.00591342 0.00402096 0.0393019 0.000832031 -0.0016692 -0.0166668 0.00263884 -0.0207926 -0.00406278 -0.0124212 -0.0260917 -0.0141574 -0.000863225 0.00306402 0.00185908 0.00154668 0.00228756 0.00251421 -0.000292738 0.00202838 -0.0105984 0.00374277 0.00423049 0.0430363 0.00294626 0.00898433 -0.00093342 -0.00126148 0.0102402 -0.0123658 -0.0140441 0.00840216 0.0222262 0.016592 0.0316603 0.028765 0.0249412 0.00587056 0.0203366 0.0453589 0.0776892 0.092651 -0.0129007 -0.00955749 -0.00190168 -0.00516996 0.00627327 0.0251432 0.0118098 0.0126429 0.00456323
internal_weight=20525.2 20297.7 920.212 862.183 820.653 569.102 227.479 5.99436 1.5818 19377.5 2384.87 2342.78 684.066 42.0819 16992.6 7126.77 363.464 9865.86 341.89 479.484 251.551 152.913 289.101 6763.31 410.314 9204.4 9073.91 8499.84 8452.13 4602.78 3887.16 464.684 3422.47 3391.58 108.644 3282.93 1284.24 1998.7 547.235 292.918 517.765 508.733 137.093 103.926 737 227.307 224.364 87.7273 3849.35 319.042 87.949 53.4582 13.4848 715.625 641.676 413.691 392.741 252.641 128.343 106.817 74.2425 3530.31
internal_count=785685 549379 6600 6139 5785 3967 236306 1656 755 542779 74486 71922 5199 2564 468293 187163 5457 281130 5351 4035 1818 1266 4889 181706 2979 273818 273140 264323 262277 122737 103879 13072 90807 90156 798 89358 36588 52770 13943 6737 27571 27533 5435 3935 22645 16517 16282 1667 139540 10999 3172 1488 731 18858 13626 8273 7970 2856 1249 918 936 128541
is_linear=0
shrinkage=0.05


Tree=84
num_leaves=63
num_cat=0
split_feature=36 13 5 47 41 41 49 35 36 39 38 39 20 47 40 5 49 52 53 24 41 26 39 36 40 38 48 37 39 40 40 48 39 41 33 48 49 48 49 33 49 48 24 45 36 49 4 49 34 55 49 35 53 49 40 37 49 11 48 29 41 23
split_gain=148.732 29.4197 28.7745 45.2174 24.6089 23.5496 61.0794 23.2323 36.6294 47.9331 37.515 44.5938 61.6446 37.8506 35.4369 32.0716 40.3525 32.0651 30.341 28.5428 27.4759 59.0494 49.3592 53.8427 35.6415 35.2527 38.2872 35.5269 32.8905 62.6459 44.9713 76.4472 52.3376 48.0195 43.1852 50.0593 73.3295 98.2162 57.2905 42.4491 42.0095 41.3646 40.9319 51.2189 39.424 38.3885 38.1918 37.4897 35.6086 33.7379 44.3723 33.2809 43.2263 37.9104 52.7072 36.3675 32.9061 77.9843 32.8117 32.7938 32.2477 56.5869
threshold=286.17646789550787 -54.09258842468261 279.66053771972662 -0.73301148414611805 -2.7908456325531001 9.3735165596008319 278.50158691406256 -0.76137718558311451 276.17646789550787 -45.39288139343261 -40.235282897949212 -52.198980331420891 -53.080886840820305 -0.052408859133720391 3.3333206176757817 287.96739196777349 289.15274047851568 3.554101943969727 -12.249999999999998 -1.6863145828247068 3.0491439104080205 -1.3923263549804685 -31.511981964111325 258.52941894531256 -2.5686340332031246 -7.5882339477539054 -0.2346743047237396 253.67828369140628 -30.774875640869137 13.843116760253908 12.156867980957033 0.11192005872726442 -6.2992000579833975 11.0813364982605 22.172280311584476 0.22238975763320926 271.58435058593756 -0.58530998229980458 265.41934204101568 4.7078816890716562 288.72994995117193 0.32534402608871466 23.638015747070316 3.1584444046020512 202.64705657958987 266.37236022949224 207.11548614501956 254.46063232421878 7.8429961204528817 -0.12940952181816107 258.38572692871099 9.2923502922058123 1324.3750000000002 268.11450195312506 5.2745056152343759 268.13000488281256 266.37236022949224 280.72871398925787 0.97297734022140514 3.0960426330566411 0.72283315658569347 -43.624202728271477
decision_type=2 2 2 2 2 2 2 2 2 2 2 2 2 2 2 2 2 2 2 2 2 2 2 2 2 2 2 2 2 2 2 2 2 2 2 2 2 2 2 2 2 2 2 2 2 2 2 2 2 2 2 2 2 2 2 2 2 2 2 2 2 2
left_child=1 -1 3 -2 -3 -5 -7 19 20 10 14 12 -12 -13 -10 17 -17 -15 -16 -6 21 -9 24 25 -23 27 -27 -24 29 34 31 33 41 40 35 36 37 45 -37 -38 -30 -32 43 -31 -35 -22 -43 -46 -33 -48 -51 53 -53 55 -55 -39 57 -40 -34 60 61 -26
right_child=2 4 -4 5 7 6 -8 8 9 -11 11 13 -14 15 18 16 -18 -19 -20 -21 28 22 23 -25 59 26 -28 -29 30 42 32 48 58 44 -36 38 39 51 56 -41 -42 46 -44 -45 47 -47 49 -49 -50 50 -52 52 -54 54 -56 -57 -58 -59 -60 -61 -62 -63
leaf_value=-0.029323448340859801 0.36720675311601958 -0.036046896853043596 -0.043242578577074947 -0.015968041095967708 -0.0038067072547823808 -0.050398594180678803 0.74003008856384889 -0.017857750095645091 -0.016455521948330634 -0.018968177697140987 -0.022259036837390073 -0.002704503463172137 0.37762553326723913 0.13918288582161048 0.18762762134349131 0.0688488752390405 0.46163241201080019 0.025797071378856062 0.011766502979045388 0.016301176014744064 0.013598895481803248 0.00077537945094362779 -0.016683792071032998 -0.029883347795282712 0.085577124205378219 0.026902234823729484 -0.008542431284351169 0.0056730278308086135 0.0022709919837504522 0.021167135775769324 -0.024252495731970809 0.041824714180509162 0.0011810102131363123 0.046446720660069309 -0.028334922455978458 -0.030293095244141394 -0.0074686712993557603 0.013932687081562001 -0.017743495131049038 -0.031189925386767559 0.072359140134999181 0.075417959360624301 -0.001654744249893156 0.096504797872884074 0.021418633623287456 0.10154247701780283 -0.0077545665718874654 -0.0138412739516772 0.0098706220500957842 0.040719467914849962 -0.032869399438504698 -0.030535860645432816 0.1339922763620281 0.014193285607820075 0.17360707896794342 -0.026706070190485404 0.0033074404588937911 0.15412143346221976 0.033946011036013878 0.072607566413677396 0.011819467397962894 0.02295965342995333
leaf_weight=83.073359724483453 0.9492310090572581 45.974564807373099 227.57443998195231 10.064363963378122 274.8438114777673 0.68601112405303932 0.37966848770156503 247.84259069594555 247.48813885473646 553.48158971290104 1.780619604396634 64.877201676717959 2.100808090879581 7.6049459676723918 2.49636914464645 1.6705505459103727 1.0744508808711541 34.620440728380345 139.93716451060027 493.13923740829341 20.476510267937556 303.67028982192278 258.65005413629115 125.94722974207252 43.113542719511315 274.74502602592111 105.42378765717149 567.74072017706931 4072.095166270854 155.479661825113 345.8366758604534 90.730698255822062 2451.9629206396639 30.749993272125721 213.27306402241811 130.34769069170579 310.69418812496588 88.410339429508895 14.707220335956665 479.90754432394169 21.492371954023838 14.511195518076418 177.45763468183577 26.38953034253791 81.959245480597019 31.495149441529065 1676.36081251828 939.93637522030622 2230.9490567725152 77.908341922797263 27.79200769495219 138.70512835658155 4.110460650175809 185.33942652516998 5.3343497444875529 145.90518866665661 1332.0511803573463 11.97441278467886 78.867426928132772 29.460878813639283 533.8896222866606 221.15566704841331
leaf_count=27573 334 4232 246405 4571 11356 353 255 3497 51639 46659 365 8371 240 320 311 280 281 3632 20683 10206 681 5609 2176 2653 1204 1367 623 4855 39961 3285 7073 1097 17211 181 8015 9467 16073 2862 850 25156 207 68 4225 511 440 503 38302 15644 31548 743 925 7742 52 6954 351 9036 55003 421 595 514 17141 3226
internal_value=-9.23406e-05 0.00037043 -0.039251 0.0359498 0.000492572 0.00769844 0.231207 0.000575941 0.000237989 -0.00881186 0.00234932 0.0276167 0.194177 0.0217314 -0.00502046 0.0569842 0.222593 0.0462183 0.0148487 0.00910502 0.00076006 0.00540581 0.00774598 0.00122513 0.0154267 0.00447241 0.0170732 -0.00132438 -4.67952e-05 -0.00433816 0.00118043 0.00358765 -0.00266636 0.000189778 -0.00662007 -0.0050228 -0.0117734 0.0011032 0.00137105 -0.0218678 0.00263897 -0.00841743 0.0154292 0.0320988 -0.00933479 0.0668933 -0.00536921 -0.0110133 0.0111194 -0.00602705 0.0213706 -0.00491862 -0.0258005 0.00209863 0.0186531 -0.0113725 0.00440869 0.0593875 0.00220206 0.0208025 0.0188903 0.0331752
internal_weight=20518.7 20279 239.654 12.0793 20195.9 11.13 1.06568 20150 19382 1057.13 503.651 113.729 3.88143 109.848 389.922 44.9704 2.745 42.2254 142.434 767.983 18324.9 2711.64 2463.8 1332.51 1131.29 1206.56 380.169 826.391 15613.2 3472.06 12141.2 7467.91 4673.24 5146.23 3112.73 2899.46 1410.38 619.777 1489.08 790.602 4093.59 2142.41 359.327 181.869 1052.65 51.9717 1796.57 1021.9 2321.68 1782.06 105.7 567.805 142.816 424.989 190.674 234.316 1358.73 26.6816 2530.83 827.62 798.159 264.269
internal_count=786113 534195 251918 5513 506622 5179 608 502390 480828 132781 86122 13489 605 12884 72633 4513 561 3952 20994 21562 348047 42865 39368 11674 27694 9021 1990 7031 305182 151187 153995 89078 64917 56433 143166 135151 69410 28181 65741 41229 40168 47111 8021 3796 16265 1184 40038 16084 32645 39970 1668 26997 7794 19203 7305 11898 56274 1271 17806 22085 21571 4430
is_linear=0
shrinkage=0.05


Tree=85
num_leaves=63
num_cat=0
split_feature=36 12 47 54 49 49 46 41 40 48 49 34 38 24 48 40 48 53 24 45 49 39 23 53 36 49 54 52 54 52 49 40 48 49 53 34 48 19 36 49 28 48 49 5 49 41 38 39 35 48 25 39 48 49 49 48 48 35 48 40 48 24
split_gain=137.675 34.867 44.4704 37.4345 102.286 108.611 55.5421 52.2837 42.9994 54.2744 47.945 61.1523 44.5435 57.8461 72.6937 40.5834 40.1734 36.3364 34.6104 42.4186 34.413 32.9997 32.4301 42.0467 30.6744 30.298 58.5408 61.364 58.3548 83.2508 76.6218 62.7193 86.2215 78.9565 74.3236 71.3493 55.7174 52.5393 66.0813 48.1972 56.1002 53.5172 46.4832 84.729 46.3831 63.4234 45.6078 76.8934 51.1487 45.0934 55.8433 44.4088 43.6714 41.3975 90.0695 69.2936 63.9768 57.1036 55.3688 45.913 55.7819 44.2639
threshold=286.76470947265631 -33.906232833862298 -5.2547500133514395 -0.37940952181816096 267.04945373535162 275.32183837890631 4.7684202194213876 0.16170756518840793 -2.7254943847656246 -0.44543808698654169 289.42092895507818 0.1117752753198147 -33.764701843261712 2.7546300888061528 -0.45456704497337336 -1.9019622802734373 0.15471708774566653 1089.1666564941409 1.1463871002197268 -0.83031845092773426 263.73217773437506 -39.844596862792962 -45.455223083496087 201.75000000000003 275.58824157714849 270.38075256347662 0.91597560048103344 45.53399848937989 -1.0000000180025095e-35 41.616329193115241 258.38572692871099 19.470581054687504 -0.047472476959228509 254.46063232421878 30.722222328186039 7.2629272937774667 0.97297734022140514 -2.8856743574142452 212.64705657958987 260.24180603027349 21.475513458251957 -0.42335101962089533 270.15548706054693 222.76506042480472 254.46063232421878 35.060516357421882 -8.647056579589842 -20.599854469299313 14.686331272125246 -0.49531143903732294 2.3784542083740239 -5.6702983379364005 -0.48480302095413202 274.13537597656256 273.86521911621099 0.8732551932334901 1.0000000180025095e-35 10.671887874603273 0.8446832299232484 2.7843093872070317 0.2540810108184815 25.537384033203129
decision_type=2 2 2 2 2 2 2 2 2 2 2 2 2 2 2 2 2 2 2 2 2 2 2 2 2 2 2 2 2 2 2 2 2 2 2 2 2 2 2 2 2 2 2 2 2 2 2 2 2 2 2 2 2 2 2 2 2 2 2 2 2 2
left_child=1 2 -1 4 -4 6 -6 15 -7 12 16 -12 -10 -14 -15 20 -11 -9 19 -19 -5 -3 23 -17 -24 26 28 37 29 30 31 32 33 34 -23 -34 44 -28 -39 40 51 49 -43 -44 45 -33 47 -37 -49 -41 -51 -30 -52 54 55 58 57 -55 59 60 -27 -58
right_child=-2 21 3 7 5 8 -8 17 9 10 11 -13 13 14 -16 22 -18 18 -20 -21 -22 25 24 -25 -26 53 27 -29 39 -31 -32 36 35 -35 -36 46 -38 38 -40 41 -42 42 43 -45 -46 -47 -48 48 -50 50 52 -53 -54 56 -56 -57 61 -59 -60 -61 -62 -63
leaf_value=-0.025712319146773983 -0.040360693768180585 -0.017014177889406772 -0.040096449371062916 0.065212811580777824 0.027602468999772846 -0.032514335210804247 -0.031686588128454408 -0.010424888090537753 -0.012808244651342502 -0.02300166855936887 0.15478862694474993 0.01470946283620899 0.096434119758128045 -0.037520887986592588 0.17295446288012484 0.01960146831453681 0.00030852136318500146 0.0077298050842197893 0.0015182646607477823 0.1182777481623238 -0.00051077072026858134 -0.028073478712845719 0.055354728413152324 0.18415797004156312 -0.0035690675219376029 0.015167394502630941 -0.022645847466143863 0.03025422719366342 0.017935455407637937 -0.028174160393069709 -0.0060545362141940376 -0.014213724744134203 0.11532628344884994 -0.03883649886176755 0.027043288439258923 0.0035038618290201998 0.051454042153099379 -0.012871157671732603 0.031595312605187768 0.0031190706910116414 0.0041475138132744758 -0.0090253034885529396 0.061339781695662926 -0.025072877779876226 -0.022055449198173163 0.035301562320647052 0.016961659657879248 0.054838627574082699 0.15402343944417807 -0.02850711839808159 0.077477064080644323 0.054495716398761988 0.025113512016699719 -0.0030567906128659908 0.071718752083954243 -0.032911647265471876 0.014099359205178328 -0.043643973732652705 0.083340147716609483 0.0012821563065005125 0.082730045029603169 -0.0063667213187197924
leaf_weight=208.57085627841298 210.07863978372188 234.51126474398188 126.19683406752301 20.466506338794716 572.23101810977096 107.85512900829781 42.430448719765991 2386.3713612504653 32.030173118342645 287.12307306006551 8.2062384857563284 154.05738344672136 40.644007687340491 21.879164274083454 5.0490685105323783 7.8356269468786177 518.84271445544437 18.767688162392005 107.16062235634308 16.14010767149739 741.56697452347726 88.590156629681587 40.024293614551425 7.693174465559423 49.283058314700611 924.87166509078816 643.33028050139546 85.484544046223164 684.7041314644739 287.98119520070031 2489.1904875617474 156.63323019724339 21.042528675869107 116.57234856346622 197.57330880314112 42.940874326042831 40.578497371636331 278.49353181570768 119.36100331321359 654.137129988987 922.14990981481969 1079.1443300312385 66.189347438514233 49.643260963261127 317.31668223813176 110.15044917911291 625.78607119061053 33.98133591003716 21.050142005085945 38.373688688501716 51.001246176660061 94.52654979005456 181.58854771684855 1551.2157881301828 58.690196212381124 94.485767997801304 1086.7061718006153 91.789420247077942 26.079050470143557 821.33867999631912 31.594235676340759 349.05150520894676
leaf_count=12345 236173 8698 10153 415 23575 6737 1697 185349 4544 24566 356 9552 624 1133 147 537 32911 210 1803 338 31690 450 504 316 2164 7990 10584 843 6306 4506 37178 852 210 1638 1189 1439 279 1373 699 6576 8455 20943 309 839 4777 798 5150 278 295 458 681 508 2485 21996 641 1784 15480 3019 286 12105 250 5847
internal_value=-9.18371e-05 0.000325134 -0.00306508 -0.00217583 0.00341097 0.00647769 0.0235097 -0.0053294 -0.00242683 0.000612128 -0.00300332 0.0217938 0.0357577 0.0587786 0.00194343 0.00526711 -0.00799567 -0.00896239 0.0156036 0.0588432 0.00125442 0.00159244 0.0344346 0.101125 0.0228384 0.00189268 0.000230324 -0.0104696 0.00167047 -0.00215567 -0.000397371 0.00754848 0.0144884 -0.00414978 0.0099803 0.0245667 -0.00520026 -0.0138132 0.000469302 0.00622544 0.0124936 0.00119518 -0.00579448 0.0243053 -0.00913614 0.0062303 0.0219279 0.0536495 0.0927779 0.0102239 0.0273758 0.0223705 0.0365956 0.00502787 0.0107139 0.00882785 0.00141347 -0.00532427 0.0110141 0.00995316 0.0173991 0.00912379
internal_weight=20498.4 20288.3 5520.43 5311.85 1916.55 1790.35 614.661 3395.31 1175.69 1067.83 968.229 162.264 99.6024 67.5722 26.9282 866.87 805.966 2528.44 142.068 34.9078 762.033 14767.8 104.836 15.5288 89.3074 14533.3 9497.51 1126.67 8370.85 4549.39 4261.41 1772.22 1147.54 402.736 286.163 744.801 624.679 1041.18 397.855 3821.46 1701.38 2120.08 1194.98 115.833 584.1 266.784 723.758 97.9724 55.0315 925.101 270.963 779.231 232.59 5035.82 1957.06 1898.37 3078.76 1643.01 1803.88 1777.8 956.466 1435.76
internal_count=786033 549860 351666 339321 115995 105842 25272 223326 80570 73833 67385 9908 6448 1904 1280 35626 57477 187700 2351 548 32105 198194 3521 853 2668 189496 120098 13499 106599 59039 54533 17355 10649 3277 1639 7372 6706 12656 2072 47560 15269 32291 22091 1148 6427 1650 7162 2012 573 10200 3624 6814 3166 69398 23056 22415 46342 25015 20631 20345 8240 21327
is_linear=0
shrinkage=0.05


Tree=86
num_leaves=63
num_cat=0
split_feature=2 0 53 39 23 47 44 17 11 14 50 46 48 29 31 5 49 25 49 12 29 49 48 49 50 39 4 48 48 48 39 54 48 40 40 40 17 41 19 50 54 35 23 48 5 16 38 27 49 49 49 15 31 48 53 47 17 49 49 49 23 39
split_gain=122.496 35.1981 35.1521 31.6203 33.5111 31.5103 34.3938 51.0595 41.1043 35.2766 31.7869 38.5234 24.8168 63.688 45.271 37.6141 33.0626 55.9929 49.8737 45.8944 45.1131 40.1308 43.5624 36.1467 35.9283 36.1111 32.3931 31.9713 35.6356 43.0091 36.8484 37.4455 35.1652 30.6771 29.9613 28.9965 43.8235 27.4428 39.6316 27.1348 28.5032 31.6552 37.5817 28.01 26.8543 36.6987 26.6332 27.9725 25.9538 33.5582 24.9499 26.3216 23.9513 41.8779 34.8908 29.2702 25.9228 25.8216 23.3248 32.4043 23.274 23.2292
threshold=291.26795959472662 282.14843750000006 123.83333206176759 -47.144521713256829 -42.029689788818352 -2.6776723861694331 -3.3457202911376949 -34.32252120971679 288.01518249511724 -31.792911529541012 82.059875488281264 7.1175088882446298 0.1445879936218262 3.7707633972167973 9.6292319297790545 237.1656188964844 257.70365905761724 15.753047943115236 267.04945373535162 -16.500940322875973 9.0845212936401385 261.63801574707037 0.8083171844482423 255.95982360839847 62.202312469482429 1.0000000180025095e-35 274.89315795898443 0.95832794904708873 0.94361287355422985 0.90649205446243297 -4.3369648456573477 -0.6035533845424651 0.50687783956527721 8.4117584228515643 6.7843093872070321 6.3529434204101571 -15.162521362304686 18.387557029724125 -28.607555389404293 70.383029937744155 1.0000000180025095e-35 24.400501251220707 -5.0849182605743399 0.9657111167907716 257.62951660156256 -24.004076004028317 -6.0588302612304679 11.914916992187502 270.26141357421881 271.22605895996099 284.85789489746099 -0.98665618896484364 2.5679141283035283 0.16143232583999637 545.16665649414074 0.74921029806137096 -36.877807617187493 275.56561279296881 280.56040954589849 271.74914550781256 -2.0248390436172481 -43.796659469604485
decision_type=2 2 2 2 2 2 2 2 2 2 2 2 2 2 2 2 2 2 2 2 2 2 2 2 2 2 2 2 2 2 2 2 2 2 2 2 2 2 2 2 2 2 2 2 2 2 2 2 2 2 2 2 2 2 2 2 2 2 2 2 2 2
left_child=1 2 12 -4 52 -3 8 10 -7 61 -8 -12 13 44 -14 -15 17 23 19 26 -20 22 24 -16 25 -21 -18 28 29 30 32 -32 34 35 48 -34 -37 -30 -39 40 43 -42 -43 -24 45 -1 47 -38 -22 -50 51 60 56 -54 -55 58 57 -5 59 -56 -47 -9
right_child=-2 5 3 4 -6 6 7 9 -10 -11 11 -13 14 15 16 -17 18 -19 20 21 27 -23 39 -25 -26 -27 -28 -29 37 -31 31 -33 33 -35 -36 36 46 38 -40 -41 41 42 -44 -45 -46 50 -48 -49 49 -51 -52 -53 53 54 55 -57 -58 -59 -60 -61 -62 -63
leaf_value=0.024975042316810744 -0.043334099412877414 -0.021228686593154338 -0.024876708697958563 -0.028717648847571543 0.0030542060439084392 -0.0034098532673689746 -0.028018056810742889 0.025984801913671786 0.01737758252471298 -0.019371226761151529 -0.0056801350488933783 0.27576259904140199 0.026557075480661732 -0.0072656618692990898 0.059336297384132597 -0.025099010023718685 -0.0325181647770015 0.0039423303041417725 -0.011098877013906862 -0.025307965152900611 -0.044524273456633845 -0.026103596144923576 -0.011829082235122787 0.0047409340869513485 0.025866819945672859 0.050929446333069422 0.087915662208550474 -0.02195158179458008 0.0045274927721750289 -0.022378538612332081 0.014543643988882804 0.069213806609839099 -0.0053096193626308644 0.0070586526712645261 -0.019824313067502281 -0.010721225621160024 0.14563237592155159 0.027691930708014463 0.13359935168059697 -0.032232783224979494 0.071527404811054782 -0.010853740718985871 0.041612384543784485 0.043099904713284454 -0.006803419524766559 -0.00073618370577623277 0.03160511562656601 0.061699113889643692 0.085856692764640488 0.0024851712639842659 0.020929238303949559 0.020229898453448664 -0.024285327401949539 0.0055788751089435483 0.016932513356890281 0.11872983760763121 0.0685976280806911 0.038497247516822694 -0.027468629381254064 0.12238073276178225 -0.053182170828854673 -0.0013132097567330572
leaf_weight=184.57115902390797 163.01505324698519 278.73789217916783 97.853653384489007 20.025525662815198 7738.1877317198087 836.99361625127494 386.77208111813525 152.27432680135826 332.18912320316304 125.57770621124655 215.27219721610891 1.2227681677322824 175.19688767078333 1564.0956277344376 80.746769884601235 364.60933096869849 240.35721272253431 1037.0039491080679 467.80843220523093 243.70474622584879 12.473451196681706 179.3266932987608 107.21408989746124 48.544750126078725 49.898368939757347 16.589992582798004 5.7161500970832995 92.417532758787274 23.778649945277721 116.20908516459167 88.449892738834023 48.493405025452375 38.441889742389321 771.01565221091732 191.04146904544905 26.447633715346456 14.70029924623668 20.30413316283375 15.635867170989512 30.449539779685438 37.0718635302037 58.860779050737619 81.241454355418682 29.620591452345252 847.15483562939335 1868.7799390500877 36.621099725365639 30.568904681131244 20.210730879567564 29.965175319463015 157.64719819230959 153.02937204018235 64.084144569700584 95.402662638574839 19.182579946704212 13.734929091297088 42.949864870402962 49.877439782954752 11.114276048727332 11.747173796407877 21.395906358957291 159.624442026834
leaf_count=4628 166622 21450 5982 659 109267 42546 143196 11004 51832 3298 37272 88 4257 16210 650 20538 13598 11713 12146 3631 325 4290 1307 668 553 83 283 2673 484 2941 494 228 1210 13631 3695 1156 184 322 249 312 261 732 430 324 26318 19293 250 524 418 718 1670 761 4221 4276 335 280 704 1332 229 215 89 7245
internal_value=-0.000164401 0.000182602 0.000961659 0.0033751 0.00371783 -0.00538691 -0.00338878 -0.0100001 0.00249629 0.00300497 -0.0194312 -0.00409054 -0.00108497 -0.0034464 0.00164401 -0.0106369 0.000626825 0.00781069 -0.00205461 -0.0107459 0.00253659 -0.0051473 0.000593189 0.0388375 -0.0129985 -0.0204489 -0.0297206 0.00658205 0.00835858 0.00677243 0.00936149 0.0339031 0.00649265 0.0110471 -0.00998437 0.031998 0.045236 0.0461976 0.0737675 0.0128328 0.0172028 0.0304415 0.0195699 6.13907e-05 0.00084381 0.00355963 0.0633082 0.0889548 0.0200213 0.036067 0.00176366 0.000284907 0.0193684 0.00958733 0.0239456 0.0553594 0.0380258 0.0192418 0.0346576 0.0569819 -0.00132985 0.0120141
internal_weight=20443.2 20280.2 17791.6 8164.16 8066.31 2488.66 2209.93 1040.74 1169.18 437.476 603.267 216.495 9627.41 5161.28 4466.13 1928.7 4290.93 1166.3 3124.63 1080.05 2044.58 833.978 654.651 129.292 310.193 260.295 246.073 1576.77 1484.36 1424.64 1308.43 136.943 1171.49 917.795 253.691 146.78 108.338 59.7187 35.94 344.458 314.009 177.174 140.102 136.835 3232.58 2385.42 81.8903 45.2692 62.6494 50.1759 2200.85 2043.21 328.119 215.266 151.182 55.779 112.853 69.903 42.044 30.9298 1890.18 311.899
internal_count=786300 619678 301747 127500 121518 317931 296481 202103 94378 21547 180556 37360 174247 89507 84740 36748 80483 13031 67452 25804 41648 11923 7633 1318 4267 3714 13881 29502 26829 25774 22833 722 22111 16955 5156 3324 2114 1055 571 3366 3054 1423 1162 1631 52759 26441 958 708 1461 1136 21813 20143 12251 9556 5335 1059 2695 1991 779 550 19382 18249
is_linear=0
shrinkage=0.05


Tree=87
num_leaves=63
num_cat=0
split_feature=36 5 52 47 11 20 48 52 54 38 47 10 28 54 5 53 41 46 48 32 24 52 23 48 48 48 28 26 34 27 45 29 48 52 23 40 0 38 5 41 48 28 47 54 48 29 20 29 34 54 48 11 53 11 48 36 48 48 20 47 52 45
split_gain=123.391 29.6492 39.1533 34.8653 30.7573 48.2325 38.2126 33.1765 126.853 33.5776 33.4429 31.217 30.104 29.4632 32.741 33.8288 42.1188 59.2468 44.0545 33.8231 31.1922 31.0953 42.3009 29.5269 36.7189 59.3372 49.9708 60.9433 34.6557 60.6933 36.8976 29.2544 30.5861 29.0382 31.5749 34.1061 44.8768 27.5501 45.3078 25.9997 41.565 51.7369 46.3539 35.1685 87.0417 77.012 44.9165 48.9343 41.4539 40.012 52.3392 32.4058 31.204 30.9026 30.5189 29.1878 28.1056 57.807 30.0501 28.3681 26.9424 26.3212
threshold=286.76470947265631 235.474235534668 57.570123672485359 -7.5709824562072745 252.05545806884768 -17.432997703552243 -0.50290912389755238 41.616329193115241 0.37940952181816107 -8.3529434204101545 -5.5953731536865225 253.59210205078128 2.9089794158935551 0.37940952181816107 246.07427978515628 812.47619628906261 0.11619454994797708 3.8410034179687504 0.18936437368392947 6.8680410385131845 27.88590240478516 101.87464904785158 -39.165376663208001 -0.74852561950683583 -0.56490284204483021 -0.60007590055465687 -0.73638629913330067 0.070651531219482436 5.3981931209564218 1.1721448898315432 -2.6214790344238277 14.724085807800295 0.95832794904708873 6.4614298343658456 -27.873254776000973 -4.0196228027343741 275.80793762207037 -33.529396057128899 258.71716308593756 18.908981323242191 1.0000000180025095e-35 7.9451465606689462 1.8975038528442385 -1.0000000180025095e-35 -0.50708106160163868 -3.6995463371276851 -36.061742782592766 -0.2802662849426269 -0.15151118487119672 -0.37940952181816096 -0.4330297708511352 277.08901977539068 17.888889312744144 256.04776000976568 -0.49895256757736201 225.58824157714847 -0.40797063708305353 -0.41664040088653559 -40.744915008544915 -2.7687745094299312 23.859390258789066 3.4744491577148442
decision_type=2 2 2 2 2 2 2 2 2 2 2 2 2 2 2 2 2 2 2 2 2 2 2 2 2 2 2 2 2 2 2 2 2 2 2 2 2 2 2 2 2 2 2 2 2 2 2 2 2 2 2 2 2 2 2 2 2 2 2 2 2 2
left_child=1 2 -1 -3 7 13 -7 10 -9 12 -5 -8 -10 20 19 16 33 -18 -19 -15 23 -20 -23 -6 25 -25 -27 -28 29 -29 -31 32 39 -16 35 -35 37 -37 -39 40 41 43 -42 49 45 -45 47 60 61 55 54 -52 -48 -50 -51 -26 57 59 -59 -57 -46 -47
right_child=-2 3 -4 4 5 6 11 8 9 -11 -12 -13 -14 14 15 -17 17 18 21 -21 -22 22 -24 24 31 26 27 28 -30 30 -32 -33 -34 34 -36 36 -38 38 -40 -41 42 -43 -44 44 46 48 52 -49 53 50 51 -53 -54 -55 -56 56 -58 58 -60 -61 -62 -63
leaf_value=0.0023388926347532287 -0.04012445684292431 -0.031131299922440299 -0.011495783083363307 0.035178305028655543 -0.024039224278081389 -0.026990903741483514 0.009362865051058121 -0.038758356963155133 0.038949039796209721 0.01452901775206334 -0.013518531662307222 0.053752551220686874 0.12192279721249243 0.018082466191902326 -0.026250944762047687 0.013254168050911961 -0.018849774244482986 -0.021000904428333911 0.0078901430692216168 -0.0070720253428711456 -0.022665919846146781 0.15260025320563386 0.010525676799308197 0.0057846738419158935 0.06305292344632539 -0.010028336317557694 0.14175849964415657 0.010642703299661882 -0.048238035858309269 0.028464823027239145 0.1628545374795308 0.011560393256656816 -0.034765267614262241 -0.020728598987996439 -0.038449310538124899 0.088556092153455501 0.0047476491551239307 0.088274034653827799 0.0063767327119485561 -0.014439054537398605 0.011618772569382022 -0.049317453084746908 -0.029230968506358208 0.16502003549226726 0.044964432478610476 0.0069661958027039663 -0.012768048924851953 -0.037761716343877094 0.018188605156641086 0.013937861222793708 0.049375616409952389 -0.041902677476043954 0.052354236945002998 -0.031611332556177762 -0.039659113286214555 0.090376693043097589 -0.0064018886403684515 0.24700793757178025 0.053719368964955209 0.0040714793761832012 -0.014378894464784195 0.093108254420316588
leaf_weight=10076.738450391102 195.23916140047368 103.00814238609746 538.75440938957036 36.437257478944957 108.20735059876461 30.745170463807881 71.748062311206013 59.796538240741938 19.082577768713236 25.452198950573802 1088.250424192287 88.411822385154665 25.592293776571751 282.69676036085002 86.128277776821051 185.3691764465766 1258.1596607746906 146.48509245744208 309.77092385076685 253.44236301188357 134.24154372676276 9.0160286796744931 12.506446665618567 360.1955585446558 17.067880381830037 28.007875208742917 20.600568498717621 29.725801950087771 8.9986825986998138 7.6119497697800407 15.523356733378023 554.52798412536504 65.011285151413176 91.791409137600567 39.974701672792435 23.508991681504995 416.04978912742808 22.802528370171785 65.106644634157419 291.97241258149734 1047.3581477955449 58.647746363421902 74.377838570799213 6.1625017815968013 62.270990191493183 66.690152330556884 20.972977738827467 43.707523143559229 36.914666269905865 30.541519570106175 35.347557147732005 13.413474856235551 149.6270489837043 199.53049855452264 203.73848104214994 10.093985603656618 924.20004491339205 3.8427834917674772 4.217970665660685 167.81526096526068 27.605277767230291 10.227761304005979
leaf_count=96638 236410 6074 6069 558 8669 406 1075 1099 144 230 19415 772 370 3031 3586 3513 104795 6366 15682 8972 6152 221 318 17581 134 1245 346 935 537 222 949 16683 8086 5511 595 223 16300 189 694 12616 78831 4269 6132 262 1912 1635 269 4492 484 1886 420 938 1572 8634 7369 329 44034 357 223 7779 842 84
internal_value=-0.000565951 -0.000183717 0.00163676 -0.00219879 -0.00188466 -0.000773298 0.0240658 -0.00917737 0.0147449 0.0603665 -0.0119409 0.033867 0.0864811 -0.00136296 -0.00508297 -0.00734973 -0.00888897 -0.0131576 0.00183203 0.0061915 0.00109923 0.0119279 0.0700425 0.00177733 0.00238507 0.0156164 0.0476738 0.0672725 0.0424671 0.0579081 0.118638 0.000875703 -0.00078332 0.00105252 0.00461969 0.0073999 0.0122949 0.0404773 0.0276199 -0.000153259 0.00114437 -0.00301842 0.00891019 -0.00168344 0.00820287 -0.0100217 0.0273466 0.00563373 -0.013464 -0.00605575 -0.022863 0.0242662 0.0443483 -0.0238364 -0.032672 -0.00183559 -0.00283319 0.0149019 0.145865 0.00896815 0.0267373 0.0184205
internal_weight=20401.1 20205.8 10615.5 9590.33 9487.32 8232.71 190.905 1254.61 129.924 70.1271 1124.69 160.16 44.6749 8041.81 3202.81 2666.67 2481.3 1735.94 477.778 536.139 4839 331.293 21.5225 4704.75 4596.55 470.664 110.468 82.4604 61.8598 52.8611 23.1353 4125.88 3571.36 745.362 659.234 619.259 527.468 111.418 87.9092 3506.34 3214.37 2092.64 1121.74 2033.99 623.709 319.526 304.184 133.584 313.363 1410.28 283.041 48.761 170.6 236.445 234.28 1127.24 1110.17 185.97 8.06075 177.909 89.8763 76.9179
internal_count=786164 549754 102707 447047 440973 419157 2253 21816 1843 744 19973 1847 514 416904 169996 157993 154480 127382 22587 12003 246908 16221 539 240756 232087 21815 4234 2989 2643 2106 1171 210272 193589 27098 23512 22917 17406 1106 883 185503 172887 87924 84963 83655 20186 11099 9087 7246 10837 63469 10613 1358 1841 9118 9255 52856 52722 8688 580 8108 2754 1719
is_linear=0
shrinkage=0.05


Tree=88
num_leaves=63
num_cat=0
split_feature=36 36 17 34 53 51 49 48 49 17 49 48 11 48 55 41 41 23 41 48 48 48 49 49 49 49 48 48 49 48 48 49 48 35 23 15 49 49 49 51 5 48 49 40 49 49 49 36 5 55 55 48 35 48 49 49 40 41 49 14 49 51
split_gain=119.383 29.8827 29.823 27.8691 27.2121 28.3594 34.1879 111.123 41.7199 44.5111 30.8118 27.1653 35.3605 34.8185 26.4708 28.5986 26.3491 29.0341 26.7719 25.8426 90.9494 58.549 49.1865 50.1893 68.8016 85.2641 116.734 72.8738 72.8076 53.5387 45.3235 48.0491 45.0239 54.7654 45.7823 48.889 41.602 61.6143 49.6313 45.095 41.5656 41.192 40.6675 39.3586 56.3582 160.054 42.7381 48.5338 40.1069 38.1584 37.3472 36.2456 55.7332 38.618 47.3029 95.3147 44.6974 75.0815 35.7146 35.6565 38.0695 129.4
threshold=286.76470947265631 197.94117736816409 -31.878841400146481 2.1284575462341313 13.111111164093019 26.269105911254886 254.46063232421878 -0.025937020778656002 267.56375122070318 -31.545301437377926 286.81991577148443 0.96787995100021373 227.02115631103518 0.97297734022140514 0.37940952181816107 11.215202331542971 5.5490233898162851 -4.3606848716735831 -0.070205312222242341 0.8446832299232484 0.8732551932334901 0.81550949811935436 286.04714965820318 284.25558471679693 276.94873046875006 276.75975036621099 0.28312796354293829 0.23799896240234378 278.81596374511724 0.32932555675506597 -0.55223670601844776 274.50689697265631 0.70040506124496471 9.7191252708435076 -19.018526077270504 -14.224676132202147 268.95562744140631 256.32855224609381 274.68690490722662 62.911327362060554 209.49958801269534 0.68585610389709484 289.42092895507818 15.862731933593752 268.43287658691412 268.30914306640631 272.01187133789068 266.17646789550787 217.3274841308594 -0.91597560048103321 -0.91597560048103321 -0.53677642345428456 1.1012348532676699 -0.50290912389755238 272.63078308105474 271.09448242187506 -2.2941284179687496 -0.23868268728256223 270.83627319335943 -27.904560089111325 278.81596374511724 47.547615051269538
decision_type=2 2 2 2 2 2 2 2 2 2 2 2 2 2 2 2 2 2 2 2 2 2 2 2 2 2 2 2 2 2 2 2 2 2 2 2 2 2 2 2 2 2 2 2 2 2 2 2 2 2 2 2 2 2 2 2 2 2 2 2 2 2
left_child=1 -1 -2 -4 5 6 7 -3 -8 10 -10 19 13 -13 -7 -16 18 -18 -11 21 -21 22 23 24 25 30 -27 28 -26 -28 31 -6 33 51 -35 -36 37 -22 40 -39 -38 42 -24 44 45 -34 -46 -48 -45 -29 -43 52 -32 54 55 -53 -55 -58 -37 -40 61 -61
right_child=2 4 3 -5 11 14 8 -9 9 16 -12 12 -14 -15 15 -17 17 -19 -20 20 36 -23 41 -25 27 26 29 49 -30 -31 32 -33 43 34 35 58 38 39 59 -41 -42 50 -44 48 46 -47 47 -49 -50 -51 -52 53 -54 56 -56 -57 57 -59 -60 60 -62 -63
leaf_value=0.0440530582895051 -0.04397913862626765 -0.039222326859078303 0.18934346363916088 -0.023040260032566637 0.012231842692272225 0.0093003479828104394 -0.018922569084472207 0.054506225267047806 -0.040217496881834895 -0.019997247709137845 0.0059429061940659104 -0.019680419583906213 -0.03516453917928649 0.033509323147079273 -0.0032335278313337548 -0.049007913755146224 -0.0085043273208344049 0.025941041332956261 0.021001632588303825 0.039885295005684572 -0.021441823086984921 -0.015197623975364855 -0.01807956265546045 0.014294889590119864 -0.039685173184946014 0.022670753747360932 0.24295927217334251 -0.027182543036957579 -0.0090720430098731354 0.075830605124761752 0.058039976617053679 0.079752481403559103 0.023231586228519327 -0.012744326466721495 0.039970803070608595 -0.0040254257460039114 0.080471171420098395 0.015030816101130133 -0.0099826176289750327 -0.030335669217980171 -0.029812337366279501 -0.024409891998552046 0.004195891650788596 0.020183528941855437 -0.0094525042550156289 0.15207416564838938 0.079433287846228662 -0.018191975089260511 -0.018322890364828325 0.010925766792962635 0.017788909425545545 0.018359409012582061 -0.03616373104257483 -0.0087329707861806515 0.038541635855962847 -0.05033003974000564 0.048142536091976995 0.0037534473264750194 0.012356557529826161 0.022376089581713447 0.0096575644763510649 0.28296023009174026
leaf_weight=38.085541963577271 181.37417466001352 53.184313904494047 2.6676710157771586 3.6690435203490779 549.55999161041109 558.58088809472974 756.32147435419029 78.000933392904699 123.67758364876499 48.335159177426249 51.082070536795072 73.519068662077188 121.86642021068837 52.910696597769856 322.50716472702334 38.159827954601496 564.90997927158605 68.60642059892416 225.95456443564035 181.37599290115759 154.6206555654062 606.49233627330977 840.27517423604149 736.4000653346302 255.03609759715619 98.657090972061269 9.3699371776310745 75.859149776166305 814.53344508603914 9.8075832640752179 18.319602189236321 27.675155874516349 128.92212546162773 1118.9176849083742 71.437892218586057 2554.8218863131478 8.8712075501680356 958.15126340946881 175.55066802899819 58.098458086082246 231.53028276754776 67.759440408321097 270.9714145049802 129.05472034402192 126.57848992821528 29.646908160531893 34.529727866407484 20.166044869867619 142.06017745984718 489.9588901574607 231.79518581327284 295.85493855044479 109.82679685216863 715.15543312969385 172.230610705039 60.898953608353622 97.691523631336167 3830.8579811133095 382.51220865640789 24.040748757310215 98.36313542816788 5.9414921058341852
leaf_count=379 234862 247 337 1315 6813 15600 16021 566 17902 643 7328 469 5200 375 8532 1068 13795 326 3759 4815 2883 17033 54476 22952 16369 1553 385 2907 36259 78 359 947 3253 43728 1383 26087 40 18442 15651 1324 8469 3593 18712 738 3187 354 597 1014 2700 20513 8641 3902 1564 16189 2702 1985 953 78736 3199 909 1084 137
internal_value=-0.000563444 -0.00019454 -0.040254 0.0663704 -0.00027814 -0.0047693 -0.00815303 0.0165074 -0.00991229 -0.00361737 -0.0267249 0.00047331 -0.0159457 0.00257942 0.00248249 -0.00807662 0.000831 -0.00477408 0.0137768 0.000712836 0.00621461 2.28991e-05 0.000658777 0.00161365 0.000858715 0.00231419 0.0446122 -0.00869488 -0.0163717 0.157488 0.00184472 0.0154691 0.00106137 0.000209017 -0.00410935 -0.000898134 0.00265399 0.0079633 -0.00876716 0.0124372 -0.0257427 -0.00821197 -0.0126478 0.0142152 0.0255502 0.0473207 0.00650653 0.0434394 6.73746e-06 0.00581659 0.00824351 0.00357167 -0.0226965 0.00422243 0.0170227 0.00663392 0.0027643 0.00485727 -0.00189209 0.00466158 0.0246919 0.0740153
internal_weight=20383.6 20195.9 187.711 6.33671 20157.8 2889.32 1970.07 131.185 1838.89 1082.57 174.76 17268.5 248.296 126.43 919.248 360.667 907.806 633.516 274.29 17020.2 1896.54 15123.6 14517.1 13106.3 12369.9 10734.6 117.835 1635.39 1069.57 19.1775 10616.7 577.235 10039.5 9428.53 4127.69 3008.77 1715.17 1170.87 544.298 1016.25 240.401 1410.8 1111.25 610.958 339.843 158.569 181.274 54.6958 271.115 565.818 299.555 5300.84 128.146 5172.69 528.985 356.754 4643.7 3928.55 2937.33 303.896 128.345 29.9822
internal_count=786339 549825 236514 1652 549446 85787 60587 813 59774 43753 25230 463659 6044 844 25200 9600 18523 14121 4402 457615 53754 403861 386828 301406 278454 202406 2016 76048 52628 463 200390 7760 192630 180787 74397 30669 48939 22649 26290 19766 8509 85422 73188 11843 8405 3607 4798 1611 3438 23420 12234 106390 1923 104467 8589 5887 95878 79689 29286 17781 2130 1046
is_linear=0
shrinkage=0.05


Tree=89
num_leaves=63
num_cat=0
split_feature=3 49 40 48 51 42 38 53 52 49 38 52 52 38 49 23 54 49 48 30 39 55 54 48 53 49 48 48 41 40 16 53 51 13 49 53 49 28 4 37 49 49 49 4 55 22 49 53 46 48 50 53 35 49 48 35 48 49 48 40 48 38
split_gain=96.8854 26.6224 41.3183 33.4805 41.4344 31.3939 32.9584 29.0156 34.294 44.1032 50.4893 33.7146 38.9196 35.5332 33.616 50.4866 58.1573 49.9696 46.5325 39.5915 42.5927 38.9196 38.3158 38.1281 49.5944 39.3736 39.0921 30.5402 37.7712 30.1743 37.6333 31.9447 29.9737 29.8102 31.6071 66.5521 29.3326 45.9529 28.9539 28.0951 26.9117 33.4351 45.1224 33.8176 26.4387 46.9915 36.0143 25.716 25.5408 25.5048 25.422 25.1575 26.8455 27.3765 23.9819 50.4341 47.7355 33.2709 48.0854 35.7574 48.168 36.6406
threshold=290.67585754394537 247.43756103515628 1.0392150878906252 -0.44543808698654169 58.513553619384773 -5.3790435791015616 -2.1764755249023433 545.16665649414074 12.525572776794435 289.42092895507818 -37.882347106933587 14.536789417266847 11.179813385009767 -28.588249206542965 264.55642700195318 -9.6628408432006818 0.12940952181816109 261.33148193359381 0.45948058366775518 17.36617469787598 -4.993464231491088 0.98296290636062633 0.91597560048103344 -0.50290912389755238 36.791666030883796 267.78880310058599 -0.5229169726371764 -0.41664040088653559 17.155890464782718 0.74509429931640636 -28.014438629150387 60.708333969116218 2.7229400873184209 1.0000000180025095e-35 254.46063232421878 35.250000000000007 266.37236022949224 -1.4968738555908201 241.38245391845706 212.46549987792972 276.94873046875006 270.38075256347662 265.21868896484381 282.98817443847662 -0.91597560048103321 -12.747725009918211 256.60597229003912 206.75000000000003 0.83885860443115245 0.77676290273666393 83.181846618652358 1089.1666564941409 12.320700168609621 261.09867858886724 -0.44543808698654169 5.0763573646545419 -0.47515141963958735 258.38572692871099 -0.047472476959228509 17.627441406250004 0.81332153081893932 -4.0588226318359366
decision_type=2 2 2 2 2 2 2 2 2 2 2 2 2 2 2 2 2 2 2 2 2 2 2 2 2 2 2 2 2 2 2 2 2 2 2 2 2 2 2 2 2 2 2 2 2 2 2 2 2 2 2 2 2 2 2 2 2 2 2 2 2 2
left_child=1 2 -1 -4 5 -5 -7 8 9 10 36 12 40 48 17 21 49 22 -18 -20 -21 -16 33 26 -25 -26 -23 -11 32 30 31 -19 -29 34 35 -12 37 -3 -32 -31 41 42 51 -43 45 -36 -47 -8 -14 -17 54 -9 53 -53 55 56 -46 58 -56 60 -60 -62
right_child=-2 7 3 4 -6 6 47 11 -10 27 14 -13 13 -15 15 16 18 29 19 20 -22 23 -24 24 25 -27 -28 28 -30 39 38 -33 -34 -35 44 -37 -38 -39 -40 -41 -42 43 -44 -45 50 46 -48 -49 -50 -51 -52 52 -54 -55 57 -57 -58 -59 59 -61 61 -63
leaf_value=0.049668779104657092 -0.041032265270127294 0.17587232603220909 -0.033792392879495474 0.057289013193903997 -0.0393877381116568 0.0010794495623568099 0.046892177779360639 -0.0067730330515321738 0.0010702058208504888 -0.029965078452642787 0.059294825125302465 0.00029195803689782094 0.027629818316163807 0.029091767239680041 -0.0042779849353607241 0.0038025807400420548 0.013632821631216386 0.0070853269785657123 0.10182877757032903 0.0027948500599116657 0.074669173387524851 0.018795323492352401 -0.023976074384636031 -0.0016171778260856602 0.14511507012346608 0.043249362358976563 -0.045891413401635141 0.11435464874553214 -0.011826537442497138 0.018210043857305069 0.012451759879534703 0.14703123281384722 0.034249461510826466 0.026532651430825272 -0.035359510295340783 -0.015166645582347633 -0.02827683029024566 -0.0034210652030103417 -0.04008745258681598 -0.033248617230829752 -0.0056096763793671142 0.02545963873170139 -0.015242485453202646 0.096848682849279194 0.0013558332429627149 -0.0089199195057686389 0.028066156495299262 -0.0063765110690950297 0.15506108748821998 -0.028989537242862736 0.018843700146410652 -0.03936582018296525 0.048504956069991105 0.035959236813380306 -0.053145142654193317 -0.043638836821750182 0.071669667246074362 -0.023408514129340832 0.0043496376006662294 -0.014498593010371775 0.13073252990671999 0.01655395729930886
leaf_weight=60.904988519847393 143.70433446142124 4.374104084097783 47.672967175021768 39.141191139817238 38.744933392852545 280.56467241235077 85.329487126320601 56.011925059196074 10168.229138289171 25.792722706741188 58.978779579279944 1271.5624548523338 6.1372269205749062 72.313054142985493 3352.704402916308 349.90842953231186 256.36273353174329 9.1138382132630813 29.589756071567535 46.682983329519629 36.909143527969718 92.891050823614933 220.13149244152009 27.832989056245424 16.276757352054119 22.737763471435755 31.200972993392497 13.128589633852242 42.491472531459294 28.776173688471317 57.507759139873087 7.3794493034947655 105.67083844321314 87.816961165517569 54.81672002794221 61.090861135860905 284.95514104852919 19.531340026704129 48.202676912304014 339.04261941340519 211.06138703384204 169.45270778005943 142.86781754292315 18.389242879347876 68.612520719412714 101.22390016913414 188.1623405283317 30.847608957439661 10.943525384413077 71.394004237838089 79.330003953538835 21.55360136309173 93.383832378312945 27.393403756956104 48.250180564820766 34.343800529837608 37.238365888595581 442.26712076831609 258.25674460083246 259.96171601349488 13.962663051672282 14.144170328974722
leaf_count=549 169920 263 247 223 220 1321 572 598 320113 4056 502 33022 556 835 97966 2202 1447 296 241 394 196 2827 2763 396 115 478 888 860 1298 141 374 175 9247 532 2053 550 79416 4140 809 10462 6105 1747 1706 462 431 829 1376 192 591 863 1050 225 746 227 983 610 218 7561 3590 3280 337 101
internal_value=-0.000122685 0.000168326 0.0106957 0.00615113 0.0101632 0.0145677 0.0103529 -0.000144628 -0.000810578 -0.00341285 -0.00403888 0.0054076 0.0132494 0.0444125 -0.00314764 -0.00047826 0.0109444 -0.00774162 0.0254218 0.0521244 0.0345301 -0.0030275 -0.0042802 0.0189298 0.0493719 0.0857475 0.00253087 0.0205527 0.0286312 -0.0220711 -0.000545529 0.0697001 0.0431019 -0.00188275 -0.003333 0.0214092 -0.0238139 0.0293852 -0.0115055 -0.0292228 0.00948545 0.0155075 0.00618128 0.0324484 -0.00518908 0.00708824 0.0151289 0.0327482 0.109274 -0.00175438 -0.00855266 0.021613 0.0327838 0.00279017 -0.0103991 0.00901008 0.0260923 -0.0130235 -0.00529874 -0.00107306 0.0111147 0.0732746
internal_weight=20345.3 20201.6 583.206 522.301 474.628 435.883 396.742 19618.3 17517.3 7349.05 7161.96 2101.07 829.508 89.3938 6853.1 4334.49 790.847 2518.61 369.545 113.182 83.5921 3543.64 2028.59 190.94 66.8475 39.0145 124.092 187.084 161.291 490.023 122.204 16.4933 118.799 1808.46 1720.64 120.07 308.861 23.9054 105.71 367.819 740.114 529.053 341.211 187.842 1600.57 344.203 289.386 116.177 17.0808 421.302 1256.37 198.343 142.331 48.947 1177.04 140.195 105.851 1036.84 594.575 546.325 286.364 28.1068
internal_count=786493 616573 3324 2775 2528 2308 2085 613249 566429 246316 230855 46820 13798 1982 147036 108013 5343 39023 2278 831 590 102670 26766 4704 989 593 3715 15461 11405 12257 1654 471 10107 24003 23471 1052 83819 4403 1183 10603 11816 5711 3502 2209 22419 4258 2205 764 1147 3065 18161 1796 1198 452 17111 1259 649 15852 8291 7308 4028 438
is_linear=0
shrinkage=0.05


Tree=90
num_leaves=63
num_cat=0
split_feature=1 50 38 51 35 11 3 52 48 49 52 35 49 49 48 37 49 49 40 48 51 35 48 5 54 11 35 41 23 38 54 35 16 49 28 49 48 49 15 48 54 46 45 45 54 40 35 19 5 20 29 49 17 52 37 5 49 49 48 51 49 48
split_gain=91.6597 26.0276 33.578 45.1518 31.1988 34.3183 27.2578 24.9833 24.4321 23.6794 23.4897 45.2662 34.421 36.4372 26.0172 23.9503 22.9551 22.8859 43.4978 35.585 39.1645 24.0418 49.0527 60.947 50.1414 51.5139 44.4838 42.4389 46.1239 45.503 39.0846 38.3996 58.597 47.2822 64.3284 44.0738 41.7231 39.8805 35.1027 32.985 32.6738 51.2825 39.5511 36.1784 32.7048 59.7236 46.5433 41.9639 43.1365 32.1147 40.0884 31.6073 39.6362 32.0446 31.1107 39.3617 30.7715 34.7061 39.0257 29.7757 29.5978 40.9521
threshold=290.77198791503912 222.99001312255862 -39.529411315917962 56.461574554443366 -0.8988763391971587 280.72871398925787 285.94860839843756 0.70361298322677623 -0.74852561950683583 281.67518615722662 57.570123672485359 -1.3467702865600584 283.86952209472662 272.63078308105474 0.82755589485168468 286.32171630859381 266.37236022949224 247.43756103515628 1.0392150878906252 -0.44543808698654169 43.426412582397468 5.2325968742370614 0.11192005872726442 251.08115386962893 -1.0000000180025095e-35 261.49200439453131 10.539787292480471 23.447105407714847 -7.0733015537261954 -1.5294113159179685 -0.98296290636062611 10.058041572570803 -17.910257339477536 270.26141357421881 6.409860610961915 268.84934997558599 -0.032680213451385491 258.72836303710943 -0.98665618896484364 0.9702095389366151 1.0000000180025095e-35 4.7684202194213876 -6.0398197174072257 -11.547155380249022 -0.7865660786628722 5.8627319335937509 8.8607130050659197 -11.285995006561278 228.41336059570315 1.0000000180025095e-35 24.770523071289066 290.03321838378912 -12.131832122802733 13.236656188964846 282.02978515625006 284.91142272949224 270.15548706054693 270.83627319335943 0.49749177694320684 40.069252014160163 261.09867858886724 0.1445879936218262
decision_type=2 2 2 2 2 2 2 2 2 2 2 2 2 2 2 2 2 2 2 2 2 2 2 2 2 2 2 2 2 2 2 2 2 2 2 2 2 2 2 2 2 2 2 2 2 2 2 2 2 2 2 2 2 2 2 2 2 2 2 2 2 2
left_child=1 2 3 4 5 -1 -3 -6 9 -4 11 -5 13 -12 15 -15 -7 18 -10 -20 -21 30 23 24 31 26 -26 29 -29 39 -19 32 33 34 35 -23 -33 -38 -32 40 43 51 -43 -24 46 -46 54 -47 -49 50 -30 52 59 -53 -45 -56 60 58 -58 -42 61 -44
right_child=-2 6 8 10 7 16 -8 -9 17 -11 12 -13 -14 14 -16 -17 -18 21 19 20 -22 22 27 -25 25 -27 -28 28 49 -31 38 36 -34 -35 -36 -37 37 -39 -40 -41 41 42 56 44 45 47 -48 48 -50 -51 -52 53 -54 -55 55 -57 57 -59 -60 -61 -62 -63
leaf_value=0.056183469938273257 -0.03146339816217824 0.0076691962173725085 0.00014107375380341907 0.34665054653415228 0.035040493123546033 0.070925229354021804 0.06052948607399581 -0.024532123656485813 0.051181885202245925 -0.043940500025551811 -0.042331857578991369 0.040177583964598487 -0.051727226103064176 0.052948969484083841 -0.044310495654097774 -0.050431956402113155 -0.018502228603924642 0.041913156828646998 -0.035894268422565337 0.015542509951442674 -0.027762552400311127 0.0036576218862550457 -0.032969464946440326 -0.027246104767009983 0.0089694321308628807 -0.025186283555173713 -0.0061469460880407036 -0.0086714183573124264 0.0098906586456985572 0.041477381763587437 0.0018529234165955211 -0.036982571691374498 -0.0097923367324855518 -0.0039210389232741264 0.21564355464051943 0.11284311796223359 0.058378989214501222 -0.014226478691315667 0.027282991890107029 -0.044729750451043424 -0.025058104506002411 0.050911565827304987 -0.034987564554468255 0.048578247060016254 -0.017113582503237038 0.026285230216602985 0.00063893848317432274 0.020338244440443923 -0.026597562558393635 0.024411464112962158 -0.0048222137200960762 0.066064543863520675 -6.4823788551965166e-05 -0.0099734248566708383 -0.0056427227076659391 0.14654109353911457 0.088290373115350471 0.0092292625732275056 0.0080937384888177099 0.001243218800662984 -0.018982128756223154 0.022387199346420077
leaf_weight=27.232373707229272 229.87143254600232 719.81073620094685 60.750928374473006 1.2556878993636953 18.298352412821259 8.0133083877153677 25.243009525525849 460.69160261843354 58.602416183799505 61.108799488225486 20.63659488549456 29.754696802643593 22.66491267317906 61.183507595444098 9.6475378714385425 6.1670481424080199 68.667794117180165 63.738624215591699 46.719420010223985 400.7967663872987 60.030105601064861 24.856635333970189 52.795145342824981 301.28109805320855 1247.2984550595284 175.09337061876431 798.08982418011874 1785.3161164270714 726.86626355629414 80.920953530818224 5142.280097885523 247.86862906999886 919.46646257815883 45.561834635678679 6.3542086156085125 14.713486645836381 22.024776758160442 133.86761229112744 139.38005544990301 34.95532825763803 421.81019213417312 52.131104056490585 40.063400034792721 90.673004444222897 121.16791951522464 676.46983898006147 1234.911718974472 114.13863922376186 85.714451345615089 151.27330487221479 1275.2785259950906 29.061838568886742 622.0366561464034 26.4815908013843 65.546187399304472 4.5434270716505116 31.508973428513855 416.43331515975296 29.253704109694809 144.46242982998956 184.50915101589635 139.02614680211991
leaf_count=288 218931 10778 1734 202 878 352 3467 137471 543 3963 2702 4859 4798 1055 288 1896 14646 2241 243 2159 333 905 2224 23657 12440 5292 10670 42661 5585 399 111099 7566 10089 1805 277 283 280 1849 700 1658 26774 997 677 2240 5295 16635 27715 904 1110 999 8926 697 8154 902 3191 545 654 10577 583 6008 6590 2999
internal_value=-6.94676e-05 0.000289807 -6.34445e-05 -0.0105512 -0.0168685 0.0079667 0.00946014 -0.0222563 0.000350387 -0.0219644 0.0137855 0.0525874 0.00378324 0.0166694 0.0324826 0.0434827 -0.0091569 0.000497491 0.0103952 0.00568586 0.00990133 0.000184778 -0.00100935 -0.00563533 -0.00384425 0.000842967 0.00307117 0.00109895 -0.00272902 0.00430784 0.00299369 -0.0112011 -0.00599524 0.0321669 0.06797 0.0442564 -0.0242359 -0.00396864 0.00252401 0.00365648 0.00402555 -0.000491476 0.00865074 0.0079716 0.00887479 0.0157887 0.00393337 0.0203381 0.000208073 0.00219759 0.000519203 -0.00705441 -0.00877759 0.0298117 0.0292399 0.00422231 0.00603048 0.01438 0.0496803 -0.0183483 -0.00492766 0.00955212
internal_weight=20316.4 20086.5 19341.4 734.213 582.903 103.913 745.054 478.99 18607.2 121.86 151.31 31.0104 120.3 97.6347 76.9981 67.3506 76.6811 18485.4 566.149 507.546 460.827 17919.2 12573.8 3936.48 3635.2 2220.48 2045.39 8637.35 3938.73 4698.62 5345.4 1414.71 1010.95 91.4862 45.9243 39.5701 403.761 155.892 5281.66 4617.69 4582.74 2136.78 892.926 2445.96 2393.17 997.491 1395.67 876.323 199.853 2153.42 2002.14 1243.85 1188.31 55.5434 160.763 70.0896 840.795 477.196 60.7627 566.273 363.599 179.09
internal_count=786438 567507 553262 169435 153635 15286 14245 138349 383827 5697 15800 5061 10739 5941 3239 2951 14998 378130 3278 2735 2492 374852 260812 75113 51456 28402 23110 185699 58171 127528 114040 23054 13359 3270 1465 1188 9695 2129 111799 127129 125471 65612 23077 59859 57635 23944 33691 18649 2014 15510 14511 42535 40936 1599 5976 3736 22080 11814 1237 32782 10266 3676
is_linear=0
shrinkage=0.05


Tree=91
num_leaves=63
num_cat=0
split_feature=36 53 35 29 27 55 39 14 42 44 54 35 5 14 11 33 54 7 50 36 52 46 46 40 45 46 8 45 17 28 52 52 55 21 38 38 24 46 42 32 27 54 23 20 42 52 44 39 53 52 16 39 38 46 10 45 42 5 29 44 54 54
split_gain=104.883 27.4312 32.7058 34.8491 33.7364 33.6693 27.9839 36.1351 24.719 26.821 29.7448 34.4477 49.5717 23.5632 27.4971 23.5348 28.194 27.0174 31.5386 31.0341 74.7611 24.8967 24.118 23.8873 23.208 23.1363 29.0798 22.5912 22.5135 25.0551 21.0969 49.5779 31.495 24.2834 23.6758 21.631 20.6104 21.7366 28.7046 22.5622 24.0146 27.7595 20.3567 25.1757 20.2768 20.1566 21.7679 20.0763 19.8399 19.426 38.8601 26.2488 26.0316 27.8111 31.4305 34.8035 24.3077 21.8559 19.7411 19.2674 19.0729 18.3919
threshold=286.76470947265631 154.70833587646487 -0.8988763391971587 -2.4841780662536617 -1.5080718994140623 0.91597560048103344 -46.103120803833001 -46.083539962768548 1.9255371093750002 -0.17906951904296872 -0.91597560048103321 9.3985109329223651 243.79042053222659 -53.669361114501946 289.21701049804693 -0.31894196569919581 0.12940952181816109 280.56138610839849 122.23205947875978 285.58824157714849 6.6951441764831552 1.9144458770751955 0.48938989639282232 -2.2941284179687496 4.4367504119873056 0.34145498275756841 283.31040954589849 -0.017629623413085934 -31.205673217773434 -1.4968738555908201 20.289227485656742 18.727226257324222 -0.6035533845424651 -36.972686767578118 -38.352928161621087 -40.352943420410149 8.8630990982055682 0.82778358459472667 12.207496643066408 4.1712985038757333 1.4092741012573244 0.37940952181816107 -47.706403732299798 -46.145967483520501 -3.8903350830078121 12.525572776794435 -14.848468780517576 -14.402323722839354 13.111111164093019 57.570123672485359 -32.653474807739251 -41.266523361206048 -28.941169738769528 3.1823081970214848 267.93350219726568 0.15172386169433597 -16.707954406738278 267.61863708496099 7.0505065917968759 -1.8982429504394529 0.78656607866287243 -1.0000000180025095e-35
decision_type=2 2 2 2 2 2 2 2 2 2 2 2 2 2 2 2 2 2 2 2 2 2 2 2 2 2 2 2 2 2 2 2 2 2 2 2 2 2 2 2 2 2 2 2 2 2 2 2 2 2 2 2 2 2 2 2 2 2 2 2 2 2
left_child=1 8 3 5 44 59 7 -7 27 10 11 25 24 -12 -15 16 23 49 -19 22 -21 -22 -20 -6 -13 26 -10 -1 -2 -30 31 34 -33 -32 35 -24 37 -16 -39 40 41 -40 43 -38 -4 -27 -47 -46 -11 51 57 -17 53 -53 -55 -56 -54 -51 -59 -3 -57 -52
right_child=28 2 4 -5 15 6 -8 -9 9 48 13 12 -14 14 36 17 -18 18 19 20 21 -23 30 -25 -26 45 -28 -29 29 -31 33 32 -34 -35 -36 -37 42 38 39 -41 -42 -43 -44 -45 47 46 -48 -49 -50 50 61 52 56 54 55 60 -58 58 -60 -61 -62 -63
leaf_value=-0.010441351688839581 -0.042749939494871381 0.0093112020934722033 0.023681136249417013 0.041093641883596141 0.013669226011144118 0.031103486034522398 0.024847122328844867 0.24036761579140467 0.027047246841415424 -0.010823427141191597 -0.046649621821548581 0.010742714802040946 -0.031064901058447628 -0.0017929546115370396 -0.028087377088401561 -0.010990578498254917 0.0021937923085828788 -0.011684830629477547 -0.01743397318551073 0.57906135549672866 -0.031149803349770425 0.30271333230371844 0.019420321223025415 0.090788862344333601 -0.031405502515766924 0.017240492197331002 -0.024708538811381939 -0.0023361225676482478 0.18802927436890104 -0.023447061970664221 -0.01523382910115951 0.2393015347833293 0.060060962999614199 0.044185587215422796 0.0011338883889382945 0.088812867610214841 0.045583361369879324 0.0035391977577576639 -0.028672151399577392 -0.027722655644050381 0.29221950144079545 0.23711143727378087 -0.013300522582020033 0.17066728685171231 -0.022374918801352183 0.14077330565530374 0.04742452432092583 0.059257217961553546 0.02176368152404759 -0.023701864697151794 -0.022356710222388748 0.0059758058913993413 0.031748867325924517 -0.039701419843832769 0.0075262255010150082 0.057743686435270995 0.0037525252174877561 0.024869114940518858 0.11430327061721426 -0.024819435766116799 0.1313071033389562 -0.0015752289571728144
leaf_weight=1089.3336088768556 164.5441530040116 99.300922108639497 29.87198604515288 107.15354263363406 17.390460874303244 4.695324701955542 54.267899568425491 3.6795148167293501 73.427825373597443 58.23110103874933 28.726301782357041 510.50673537282273 95.150579699140508 5388.8406125343172 31.350421288225334 280.61092280002777 49.515831153548788 688.80552346684271 86.23275733506307 0.79449350497452442 2.6379187409766023 0.70834188739536319 29.740392337203954 23.759366856887937 34.892572910524905 60.530016555276234 43.053579111583531 4078.3080552470055 2.2451725723221898 3.7232533321948713 85.758473492693156 4.1106460427399725 6.0695138374576327 21.506714034825563 79.914771381998435 18.043799852021042 45.330728011555038 26.007166684488766 2.2755542874801886 2.1968720199074596 2.1828843369148672 1.72877193801105 13.134295469557399 4.4144565651658914 245.72596887836698 6.9120658787433049 64.719604494282976 7.7700045965611926 236.0259836842888 8.4901176728308183 189.08829718548805 75.22850526869297 78.638029010035098 8.1794833336025459 17.27395949466154 17.799079168587923 5512.7212947499938 12.41994100995362 12.262163413688539 70.854216080217157 17.449088418390602 243.65877407975495
leaf_count=35809 234900 2732 335 1587 338 345 1793 126 1319 922 13500 6371 5666 137449 9247 12353 1107 68855 5198 225 1630 266 1694 364 541 2962 7211 100858 88 1374 4809 224 430 305 1979 413 7132 8860 307 376 293 176 2023 92 7613 367 2302 46 3028 355 3193 2493 709 407 580 334 71454 443 135 4404 351 3061
internal_value=-0.000240728 9.03783e-05 0.00231312 0.0174974 0.0016574 0.00663635 0.0379753 0.123044 -0.00144387 0.000553282 -0.000121694 0.00836792 0.00223646 -0.00148279 -0.00124763 0.0022899 0.0276116 0.00198372 -0.00556158 0.00700923 0.143045 0.0395229 0.00530938 0.0581971 0.00804623 0.0241637 0.0079174 -0.0040447 -0.0392897 0.056105 0.0133097 0.0262471 0.132437 -0.00332021 0.0177817 0.0456237 0.0215997 0.00202517 0.0294752 0.109928 0.158803 0.0860735 0.0420652 0.0566835 -0.0152814 0.0384824 0.0564322 -0.0198728 0.015315 0.00317758 -0.00665773 0.00394031 0.00467186 0.0262914 0.0514689 0.0656672 0.00414627 0.0454973 0.0693003 -0.00490112 0.0941602 -0.0106557
internal_weight=20279.9 20109.4 8212.13 339.951 7872.18 232.798 62.6427 8.37484 11897.3 6729.64 6435.38 889.193 640.55 5546.19 5517.46 7588.81 90.6657 7498.14 1024.32 335.518 4.14075 3.34626 331.377 41.1498 545.399 248.643 116.481 5167.64 170.513 5.96843 245.144 137.879 10.1802 107.265 127.699 47.7842 128.621 65.7417 34.3912 8.38408 6.18721 4.00433 62.8795 49.7452 283.368 132.162 71.6317 253.496 294.257 6473.82 465.919 6007.9 5727.29 135.93 60.7016 52.5221 5591.36 33.1722 24.6821 170.155 35.2482 432.747
internal_count=785859 549497 202686 10987 191699 9400 2264 471 346811 210144 206194 26739 12578 179455 165955 183705 1809 181896 86028 17173 2121 1896 15052 702 6912 14161 8530 136667 236362 1462 9854 4740 654 5114 4086 2107 28506 19259 10012 1152 776 483 9247 7224 7994 5631 2669 7659 3950 95868 7187 88681 76328 4165 1672 1265 72163 933 578 7136 685 6254
is_linear=0
shrinkage=0.05


Tree=92
num_leaves=63
num_cat=0
split_feature=2 42 16 48 55 54 11 43 42 35 48 0 42 40 9 28 37 48 49 51 39 53 51 4 34 34 52 35 42 40 35 40 24 52 54 49 38 49 49 49 29 49 11 12 49 43 49 54 53 48 48 49 54 5 48 49 34 19 23 35 26 49
split_gain=90.558 24.9997 29.7074 28.1876 29.403 41.6054 41.9718 143.841 46.3777 54.065 39.9808 39.2826 31.6626 35.0332 27.7456 26.5554 25.2281 24.8526 23.5037 34.7067 30.2142 26.6629 23.464 46.4002 23.7243 22.9959 23.0705 22.2999 22.2907 22.2656 38.5424 24.9978 26.5342 25.7617 38.3862 41.8077 46.5622 36.6389 75.0091 27.9204 35.611 30.4241 26.077 35.4247 33.4961 33.8263 27.5268 51.1159 35.1526 34.1682 42.5143 40.4752 72.3216 50.9271 45.677 36.5492 36.2008 49.7574 33.3546 32.9512 32.7952 31.7805
threshold=290.79006958007818 2.7601776123046879 -0.51515579223632801 -0.69827961921691883 0.78656607866287243 -1.0000000180025095e-35 290.33325195312506 0.33634948730468756 0.84214782714843761 -0.42913483083248133 -0.33470275998115534 287.52116394042974 -1.8693847656249998 -3.2156906127929683 249.81269073486331 -2.1700916290283199 282.02978515625006 -0.51876229047775257 266.37236022949224 25.46013164520264 -39.044300079345696 262.91667175292974 36.701768875122077 281.34657287597662 -0.15151118487119672 12.398332595825197 5.1606376171112069 -0.8988763391971587 4.6245574951171884 -3.6862716674804683 -0.53562742471694935 -2.5686340332031246 0.98424291610717785 60.031352996826179 1.0000000180025095e-35 263.73217773437506 -6.2352981567382804 280.31988525390631 282.31869506835943 276.58561706542974 6.3849916458129892 280.56040954589849 289.75788879394537 -43.444982528686516 273.35858154296881 13.865692138671877 269.73658752441412 0.78656607866287243 13.111111164093019 -0.48176059126853937 0.87896132469177257 274.13537597656256 -0.6035533845424651 236.56761169433597 0.8529149889945985 272.01187133789068 6.3607709407806405 -24.670443534851071 -36.074911117553704 22.650845527648929 3.3093757629394536 268.95562744140631
decision_type=2 2 2 2 2 2 2 2 2 2 2 2 2 2 2 2 2 2 2 2 2 2 2 2 2 2 2 2 2 2 2 2 2 2 2 2 2 2 2 2 2 2 2 2 2 2 2 2 2 2 2 2 2 2 2 2 2 2 2 2 2 2
left_child=1 3 29 -1 15 10 12 8 -8 -10 25 -11 13 16 -15 -5 -7 -17 21 20 -20 -14 23 -19 -24 26 -6 -21 -4 -3 -31 -32 -33 42 39 36 -36 -37 -39 -35 -41 -42 43 44 45 -34 47 48 -45 -48 51 52 55 59 56 58 60 -58 -51 -53 -54 -50
right_child=-2 2 28 4 5 6 7 -9 9 11 -12 -13 18 14 -16 17 -18 22 19 27 -22 -23 24 -25 -26 -27 -28 -29 -30 30 31 32 33 34 35 37 -38 38 -40 40 41 -43 -44 46 -46 -47 49 -49 61 50 -52 53 54 -55 -56 -57 57 -59 -60 -61 -62 -63
leaf_value=-0.022644573109401156 -0.037982903882356631 -0.01487913567442695 0.0091377629279740472 -0.020109569223863727 0.018976781305957341 0.032815730065484452 -0.050068423587107391 0.95958644187363196 0.82480017376986337 0.49596504742983777 0.04126121109612773 -0.01124770621422737 0.0057611369541103966 0.026720438728090878 0.0014475927923541555 -0.033905717552096058 0.11227486396957942 -0.002720571578353283 -0.022411815185633094 0.01834943526785222 0.017658905913610232 0.049775864500645799 0.036118370472304484 -0.029592563257736744 0.0020634511232374107 -0.05108210172272365 -0.0076177192533706545 -0.033025900634116506 0.039973644482431195 0.019054024886699931 -0.012456818516709272 0.011798892548821662 0.0080800483290601292 -0.035549252568046218 0.082410964978229445 -0.026684932268415382 0.0024999351128321039 0.10220259698522707 -0.014126976469202499 -0.027299700777119781 0.097312300963126694 0.002062241382859052 0.0200023604189234 -0.010863930051337548 -0.015734936413792727 -0.03981061763652427 -0.0058068727129749996 -0.014594693051651932 0.005169320623590188 0.069663572974415514 -0.013910663826024922 0.014348906822777409 0.035130005751981878 -0.002504217361896946 0.11629607340869315 -0.016488997586697047 -0.0014824677379933018 0.035406463557193138 0.0087196443232196719 0.065504793875416412 0.095037803416412214 -0.021620153869724278
leaf_weight=157.31902744068066 156.99579214624828 205.45534003700595 218.00083324685693 212.6920796444756 91.700532174960244 26.304329306352884 3.2549784883740349 0.4950419904780573 0.34262066485825959 0.54426012304611493 46.863343633362092 1.2783256103284655 134.20609343703836 242.52173342835158 196.66229946445674 61.293352157634217 16.105568222410511 5575.3549757506698 64.311615708807949 25.610947202367242 175.19970315031242 46.269899484468624 52.697321511455812 165.40820524981245 1732.2310132403509 27.581495667807758 736.5780994577799 120.50726533279521 80.156362984329462 311.60996085056104 324.4501497358433 603.30112468218431 361.48049787071068 168.17776869656518 30.715349302394316 113.0550366732059 44.841106039471924 19.613477203529328 47.215353755804244 51.664025990467053 13.362084652297197 22.500914384843782 188.86280070297653 456.86206705449149 557.08872238674667 41.059879917884246 501.29870186978951 539.49617463361938 2722.7639685198665 24.512537287548184 194.60381393018179 428.96079795714468 69.612298161373474 850.88080822548363 15.281452733092008 150.61590959131718 146.48590990947559 243.14152357075363 266.9468561373651 33.971913960762322 34.003428037045524 115.39844186371192
leaf_count=13446 188549 5013 1181 18116 2734 153 4020 314 86 11 1008 1155 1905 1979 5657 5182 522 108385 10244 1312 2701 493 1414 68984 48469 881 21821 5959 456 5005 8073 15724 23073 4034 484 2827 368 275 1966 2242 227 463 30543 8718 45117 2641 10000 10945 41740 831 5119 3206 942 24461 155 1732 4658 2308 3040 255 480 2349
internal_value=-0.000155992 0.000139306 0.00187745 -0.00164866 -0.00131009 0.00417074 0.01092 0.143733 0.0692186 0.248544 -0.00370672 0.140216 0.0101702 0.0195941 0.0154035 -0.00268481 0.0629911 -0.00219633 0.0021531 -0.00481659 0.00689944 0.0170455 -0.00193807 -0.00349483 0.00306887 -0.00616898 -0.00467338 -0.0240211 0.0174277 0.0014091 0.00175432 0.00117974 0.00166821 0.000945293 -0.00993506 0.00377409 0.0349855 -0.00933562 0.0200144 -0.02363 -0.000727946 0.0375512 0.00164543 0.00119834 -0.00779426 0.00319511 0.00246836 -0.000327861 0.00200805 0.00609033 0.00851571 0.010443 0.0183018 0.00475688 0.0311605 0.00351028 0.0285229 0.0215376 0.0138452 0.0181029 0.0547899 0.00408007
internal_weight=20267.8 20110.8 10197.4 9913.33 9756.02 1956.34 1053.61 5.91523 5.42018 2.16521 902.723 1.82259 1047.7 481.594 439.184 7799.68 42.4099 7586.98 566.106 385.63 239.511 180.476 7525.69 5740.76 1784.93 855.86 828.279 146.118 298.157 9899.29 9693.83 9382.22 9057.77 8454.47 511.145 255.44 75.5565 179.884 66.8288 255.705 87.527 35.863 7943.33 7754.47 959.629 402.54 6794.84 3834.52 3295.02 2960.32 2459.02 2264.41 950.6 1313.81 508.525 442.075 493.243 389.627 291.459 462.933 103.616 2838.16
internal_count=786151 597602 270651 326951 313505 62955 36511 5586 5272 1252 26444 1166 30925 8311 7636 250550 675 232434 22614 20216 12945 2398 227252 177369 49883 25436 24555 7271 1637 269014 264001 258996 250923 235199 12886 5920 852 5068 2241 6966 2932 690 222313 191770 70831 25714 120939 63752 52807 57187 47187 42068 14146 27922 8543 5603 8388 6966 3871 3461 1422 44089
is_linear=0
shrinkage=0.05


Tree=93
num_leaves=63
num_cat=0
split_feature=1 50 38 52 49 48 49 11 49 49 29 55 28 49 15 55 48 49 49 51 49 49 49 34 48 22 48 33 55 19 38 48 48 39 48 48 49 41 12 49 52 1 50 49 49 49 49 41 49 29 52 49 22 41 52 51 52 0 48 48 43 55
split_gain=91.4845 23.9715 41.8689 29.8152 30.2951 35.051 29.5234 31.0843 33.608 60.4132 48.5176 43.1397 33.6619 32.8015 31.8987 28.3271 28.0062 27.3165 39.5103 54.2012 49.2003 45.3691 43.5609 37.359 34.5251 32.1379 30.9695 31.231 29.7782 34.8154 29.0551 28.4067 34.9102 57.3399 26.7537 26.1101 26.0202 25.9559 60.6483 26.2248 36.1495 40.2608 25.9343 25.1215 25.0976 34.3977 44.8479 56.5806 56.3122 37.1657 54.8106 65.7592 54.4777 51.8611 36.7136 35.2917 34.8862 34.6723 32.5445 31.0829 30.6922 29.5487
threshold=290.77198791503912 30.272458076477054 -39.529411315917962 23.263384819030765 286.04714965820318 0.75721126794815075 284.25558471679693 288.01518249511724 276.94873046875006 276.75975036621099 8.4606561660766619 -0.91597560048103321 6.2214298248291025 279.88751220703131 -55.629529953002923 0.98296290636062633 0.31611293554306036 254.46063232421878 265.70214843750006 16.647991180419925 274.13537597656256 284.25558471679693 259.72676086425787 5.4797689914703378 -0.11090746521949767 -23.650543212890621 -0.051667749881744378 1.358689606189728 -0.91597560048103321 1.0000000180025095e-35 -0.94116973876953114 0.95832794904708873 0.12764942646026614 -4.3369648456573477 0.94361287355422985 -0.58530998229980458 273.86521911621099 15.605420589447023 -14.121276855468748 267.56375122070318 8.113075256347658 273.76408386230474 103.6449432373047 269.97990417480474 289.89614868164068 278.00144958496099 263.99104309082037 11.215202331542971 270.26141357421881 4.2855558395385751 41.616329193115241 282.01361083984381 -41.475484848022454 19.757202148437504 43.120061874389656 49.140419006347663 35.329317092895515 284.00891113281256 0.40739011764526373 -0.56490284204483021 -1.9758911132812498 -0.6035533845424651
decision_type=2 2 2 2 2 2 2 2 2 2 2 2 2 2 2 2 2 2 2 2 2 2 2 2 2 2 2 2 2 2 2 2 2 2 2 2 2 2 2 2 2 2 2 2 2 2 2 2 2 2 2 2 2 2 2 2 2 2 2 2 2 2
left_child=1 2 -1 4 6 -6 7 8 9 35 13 -12 -11 -10 -9 -15 -13 30 19 22 23 -22 -19 26 -24 -21 -20 -28 -26 -30 -4 32 36 34 37 42 -25 38 39 40 -34 -42 -3 -36 45 46 47 -5 59 -47 -51 52 -52 57 55 -49 -57 58 -53 -48 -56 -54
right_child=-2 3 17 44 5 -7 -8 14 10 12 11 16 -14 15 -16 -17 -18 18 20 25 21 -23 24 31 28 -27 27 -29 29 -31 -32 -33 33 -35 43 -37 -38 -39 -40 -41 41 -43 -44 -45 -46 49 48 54 -50 50 51 53 61 -55 60 56 -58 -59 -60 -61 -62 -63
leaf_value=-0.021957230926847093 -0.032430700918035564 0.011765217757464301 0.0063994928374709386 0.015556967217716331 -0.013316023961250353 0.011676883565813893 0.020107118416576794 0.24927722109460496 -0.035174433198915452 0.036527005207059642 -0.027604619685242013 -0.030033840750874587 0.13246477544837379 -0.01145562125764356 0.026698777521255802 0.041071133971973761 0.036707330354076112 -0.0042864976939200163 0.012705982489008297 -0.021358991772730419 -0.0097076946379769727 0.0045358736964052548 -0.010747866091156803 -0.0067220249342971414 -0.006546243049358128 0.0095195365031560814 0.11273155339784831 0.030322608643008942 -0.044144803132574718 0.041537412162196183 0.044981048057754193 -0.033972344447598321 -0.040316885090087302 0.052187267265552645 0.059359500210611274 0.0039797845496611223 0.058689947235629591 -0.0015338323930583525 0.050384911221228172 -0.0093429880467504837 0.017410628220302649 0.16490414924420108 0.053091314207171572 -0.017861897365561881 -0.024717324225716465 -0.00036147638034931672 0.020537829757846876 -0.0056083671613217151 -0.00062290559561903412 0.00012752342685198306 0.12153033899915054 -0.0093407229296873333 0.012783856090503799 -0.019904323533466051 -0.044710839700232395 0.032845465371711777 -0.017303018163397185 -0.01237584432661973 0.075812012958286018 -0.020171326848375304 -0.0073817154738819437 0.084974929917302724
leaf_weight=241.76421943615424 211.47329797554994 145.93848526343936 360.62253681011498 591.78307700849837 477.34202238637954 198.66946347447811 314.03401067509549 1.6322233244427469 148.99257430847501 36.213353062688839 46.134945488593075 18.036629220005125 12.231456075096501 264.68603072682163 116.70028066920349 28.423639942309819 122.29219609370921 1173.334994107252 603.73674637440126 97.255380824964959 1384.8053367727553 937.5782897376921 498.16313195205294 667.1828889627941 89.944981590844691 630.8306390508078 14.792568942648357 51.602009499561973 244.01626055309316 12.461225241422651 56.434711076319218 52.130538473837078 8.6533673552330601 72.687236454337835 41.446882274467498 5161.6553446255857 15.557776258094234 624.63791197701357 90.14781560562551 139.04822509887163 10.363482650835069 8.3583132075145823 51.311166715808213 14.119966872502117 109.1134745113668 711.86717464507092 49.853621119109448 466.53388034843374 1121.8513909376343 230.22018821450183 31.040350506606046 14.311500262934713 37.578404411673546 64.790429844870232 87.951243569143116 137.92859716585372 46.328404045198113 24.323264533479232 51.956032415851951 788.69958801951725 147.26313506113365 22.759549039416015
leaf_count=75208 218861 1829 2343 7123 34983 7308 11359 302 7897 622 1657 461 184 10142 19994 938 3176 15261 9321 4189 40676 31121 7748 13960 2405 6654 369 1433 8711 60 551 2156 549 389 561 91400 310 13538 929 6108 413 250 415 516 8568 36070 492 6521 28354 8581 396 396 752 1376 1677 1654 661 859 560 21689 2268 433
internal_value=0.000283368 0.000628893 -0.00146099 0.00206109 0.00410051 -0.00597099 0.0051531 0.00439004 0.00389249 0.00516454 -0.00705051 0.0143394 0.0607496 -0.016072 0.0297689 -0.00636196 0.028129 -0.000833736 -0.00152786 -0.00629969 0.00123843 -0.00395737 -0.0105192 0.00623608 -0.019178 0.00539488 0.0162705 0.0486831 -0.0313006 -0.0399818 0.0116202 0.00238109 0.00350101 0.00940714 0.0060877 0.00466204 -0.00523147 0.00396586 0.0173552 -0.000536267 0.0441962 0.0832589 0.0225155 0.0397369 -0.00101529 -0.000456351 -0.00299137 0.00358586 -0.0079494 0.00687502 0.0176751 0.0340466 0.0677046 0.0142526 -0.00440992 0.00170902 0.0202365 0.0386815 0.057422 -0.0177511 -0.0213398 0.0400144
internal_weight=20233.6 20022.1 8141.68 11880.4 7144.29 676.011 6468.28 6154.25 6035.92 5407.35 628.566 186.464 48.4448 442.102 118.333 293.11 140.329 7899.91 7482.86 2746.01 4736.85 2322.38 2017.92 2414.47 844.586 728.086 670.131 66.3946 346.422 256.477 417.057 1744.33 1692.2 1009.46 936.776 5358.9 682.741 881.209 256.571 166.423 27.3752 18.7218 197.25 55.5668 4736.15 4627.04 3438.19 1477.79 1960.4 1188.85 476.98 246.76 91.3783 155.381 886.005 650.791 184.257 90.5908 66.2675 838.553 235.214 60.338
internal_count=785687 566826 245729 321097 192667 42291 150376 139017 118721 94450 24271 5294 806 18977 20296 11080 3637 170521 167627 45028 122599 71797 34185 50802 18924 10843 11123 1802 11176 8771 2894 39679 37523 23253 22864 93644 14270 21787 8249 7320 1212 663 2244 1077 128430 119862 70439 19904 50535 49423 13353 4772 1581 3191 12781 8836 2315 1815 956 22181 3945 1185
is_linear=0
shrinkage=0.05


Tree=94
num_leaves=63
num_cat=0
split_feature=36 17 47 28 51 49 49 23 48 23 49 23 33 52 19 53 49 49 54 29 45 41 41 48 29 47 36 43 28 31 0 44 8 36 29 51 40 13 39 49 39 52 29 5 49 48 43 24 48 25 40 14 49 19 54 33 53 3 49 35 25 35
split_gain=87.0806 23.9693 28.1314 34.6191 23.6119 31.3308 30.1399 36.3903 26.5421 25.4161 23.5046 25.5402 30.0513 22.341 25.5052 25.3189 21.8531 67.9152 51.3733 30.3807 28.9123 35.4283 28.55 34.4039 27.8205 26.9311 26.7775 30.644 39.6995 31.256 25.5151 30.1149 24.8909 23.3488 22.1495 23.2345 21.8098 25.1866 21.3909 20.9415 20.5782 20.4149 20.337 19.735 55.1122 29.7823 56.8614 19.6775 19.4671 38.2529 30.6041 26.8361 29.9333 19.1486 22.4448 19.0551 19.0437 33.2219 35.0991 41.4653 37.6069 25.7732
threshold=286.76470947265631 -31.205673217773434 0.29439872503280645 -0.54929256439208973 5.6344866752624521 256.94619750976568 268.30914306640631 -9.6628408432006818 -0.032680213451385491 1.0000000180025095e-35 289.56823730468756 -36.368099212646477 12.267811775207521 5.4319210052490243 -40.600622177124016 146.73611450195315 286.04714965820318 285.09815979003912 0.78656607866287243 -2.9207673072814937 -10.584798812866209 8.9259219169616717 20.364076614379886 0.92611247301101696 7.5255737304687509 -2.5949630737304683 278.52941894531256 -1.2767486572265623 11.677038192749025 23.604866027832035 290.42588806152349 -0.38222885131835932 261.00186157226568 265.58824157714849 -1.6379914283752439 24.208659172058109 1.6666641235351565 -12.786073684692381 -43.681917190551751 288.57763671875006 -42.553380966186516 2.4826214313507085 -1.848520755767822 287.69352722167974 286.08425903320318 0.92260730266571056 0.27677154541015631 3.0204334259033208 -0.45456704497337336 0.5485816001892091 -0.99999999999999989 -44.685670852661126 285.83421325683599 -12.466775417327879 -0.7865660786628722 -0.22637289017438886 1193.0000000000002 285.94860839843756 265.41934204101568 12.320700168609621 8.092649459838869 0.98894333839416515
decision_type=2 2 2 2 2 2 2 2 2 2 2 2 2 2 2 2 2 2 2 2 2 2 2 2 2 2 2 2 2 2 2 2 2 2 2 2 2 2 2 2 2 2 2 2 2 2 2 2 2 2 2 2 2 2 2 2 2 2 2 2 2 2
left_child=4 -2 3 -3 5 8 9 10 -1 13 11 -8 55 36 15 -15 17 20 25 -19 21 42 23 24 30 -18 27 28 -27 -30 31 32 -21 34 -29 38 37 -7 47 -40 -20 -12 -6 -28 -45 -46 -47 -36 49 50 -34 -50 -53 54 -10 -13 -22 58 59 -58 61 -60
right_child=1 2 -4 -5 16 6 7 -9 53 -11 41 12 -14 14 -16 -17 18 19 40 22 56 -23 -24 -25 -26 26 43 33 29 -31 -32 -33 48 -35 35 -37 -38 -39 39 -41 -42 -43 -44 44 45 46 -48 -49 51 -51 -52 52 -54 -55 -56 -57 57 -59 60 -61 -62 -63
leaf_value=-0.019887993086333745 -0.041706751533213501 0.3362459141720856 -0.02652886346334864 -0.050162857239212391 0.035020710579615387 -0.026196569227767148 -0.019542294841958227 0.016840782369738024 0.060295545277977251 0.027295698229595086 0.12273049409891559 -0.026357892178791077 -0.015749256992558247 0.016499092854712079 -0.011383730868675468 0.14878996330453684 -0.019851122386246943 -0.031162490502382845 -0.0026110007679448922 0.090746156113050355 0.00057589120315474653 -0.023501944252835669 -0.033253753074942154 0.11391067629088658 -0.02799423075835962 -0.021272564526920088 -0.015654065275183864 -0.032785336411462883 0.0332299646782106 -0.014959667368416652 -0.036896537705528587 0.00069820671816637179 0.016738401056931491 0.019494363636087204 0.13063163085622248 0.020907256961824459 -0.03373692055623935 0.020039221634758464 -0.036619372624105855 0.0065793398270411751 -0.032757080303208612 0.01623699918077158 -0.0039492050070406258 0.55464083302101297 0.004796769794590771 0.54387597895726036 -0.0501993100944833 0.013369298021907351 -0.01462034158734081 -0.034295350079032332 0.10584062877740769 0.04355471975715982 0.11096258503464683 0.0086372920586697405 -0.0032097913859486476 0.0107831190728295 -0.008782792958610685 0.073891958103938449 -0.035315519420372941 0.051616320162334195 -0.024763302831875035 0.023509111447086929
leaf_weight=62.557216407032683 149.81343780440511 1.5287050596089105 3.8628031376283616 0.93366753053851326 42.021199143491685 76.061673429678194 328.19191522023175 200.63268209807575 43.746882332721725 33.083966299891472 4.9998611332266583 38.619244397385046 246.22960707033053 16.402540387120101 283.55967580690049 4.6399142299778751 170.74304154491983 25.535863042634446 78.332378941879142 22.35740474704653 14714.281237507239 271.36854889744427 19.732605682802387 11.422328582906628 22.528062654600944 203.42151696514338 274.76420163194416 41.915003170026466 81.770706228446215 57.17661862866953 13.813457696989643 59.249290178646334 35.755599721742328 376.633496250608 4.3399382238276329 136.07378252316266 261.88468980608741 48.069327617064118 62.954758717678487 50.606608727481216 204.12602099397918 45.04058320063632 164.684493327979 0.49584218225209298 19.994030865724202 0.75714264146517851 0.8606209151330404 20.367178077343851 16.073557436349802 25.996744487143587 13.192826176877132 106.42868079728214 19.484337181085721 196.57601697742939 20.402312187245116 326.4444901336683 44.155508602038026 20.371203490882181 22.030479884706438 79.718309439718723 107.63506209198385 120.29593461798504
leaf_count=579 234946 89 820 569 324 2056 32725 1181 477 196 254 526 5743 1298 5262 353 6762 1087 13859 297 345517 9830 740 461 796 5086 35934 539 1082 773 2936 1738 747 15232 200 2626 7179 315 1426 591 8765 2773 2160 141 9279 251 370 1036 1310 1228 165 2664 375 1682 792 5324 344 516 222 601 1202 1121
internal_value=-0.000486203 -0.0376814 0.05766 0.18973 -0.000195832 -0.00503678 -0.00746868 -0.00257581 0.00936024 -0.0155152 -0.00651264 -0.00829112 -0.00225058 -0.0175661 -0.00744239 0.0456696 0.000413841 0.00100006 -0.00483261 0.0215666 0.00048338 -0.0116226 0.0252451 0.0285784 0.0256679 -0.0011556 0.00124065 0.00503679 -0.00720101 0.0134 0.0295382 0.0326122 0.0405142 0.0110837 0.00106734 0.00623948 -0.0255546 -0.00829191 -0.00819549 -0.0173686 -0.0243969 0.0268774 0.00397299 -0.0119973 0.0334504 0.0214927 0.227839 0.0339671 0.0353372 0.0147209 0.0407537 0.0462192 0.0539857 0.0163779 0.040098 0.00685406 0.000866446 0.0117118 0.00832343 0.0300867 -0.00246185 0.0144037
internal_weight=20156.7 156.139 6.32518 2.46237 20000.6 2237.14 1913.86 1190.16 323.282 723.702 989.526 939.485 611.293 690.618 304.602 21.0425 17763.5 15978.1 1785.33 391.571 15586.6 478.074 366.035 346.302 334.88 1502.87 1332.13 1035.26 342.369 138.947 312.352 298.538 239.289 692.891 316.257 274.342 386.016 124.131 138.268 113.561 282.458 50.0404 206.706 296.872 22.1076 21.6118 1.61776 24.7071 216.932 74.9452 48.9484 141.987 125.913 260.725 64.1492 365.064 15108.5 394.206 373.835 123.874 249.961 142.326
internal_count=785472 236424 1478 658 549048 68715 65185 48526 3530 16659 47345 44318 11593 16463 6913 1651 480333 376381 103952 14544 361837 12314 13457 12717 12256 81328 74566 28591 6941 1855 11460 8524 6786 21650 6418 5879 9550 2371 3253 2017 22624 3027 2484 45975 10041 9900 621 1236 6489 2140 912 4349 3039 2951 1269 5850 349523 4006 3490 945 2545 1343
is_linear=0
shrinkage=0.05


Tree=95
num_leaves=63
num_cat=0
split_feature=36 36 12 11 23 45 23 5 7 17 43 50 36 35 54 29 49 40 49 49 29 54 49 49 49 53 53 10 34 44 49 16 54 49 34 37 5 16 52 54 27 39 11 53 49 54 38 23 54 49 49 49 49 29 17 41 49 49 23 49 29 29
split_gain=79.8588 25.9385 20.9154 18.8844 37.6766 24.8836 55.7463 20.0649 98.8647 18.8692 45.107 36.8708 36.6833 35.1796 49.7639 46.503 42.5705 40.631 38.7787 67.8905 47.2355 35.7468 61.5656 51.1915 127.358 56.7922 48.167 36.8097 35.8492 38.5139 34.6694 44.6242 46.4699 36.0208 38.6591 34.1323 33.7537 40.691 34.7875 52.2324 42.4697 33.6921 53.1961 47.9096 47.3299 69.8621 69.3724 44.8742 37.2684 33.6898 83.344 63.412 75.5858 49.8776 48.926 48.6887 58.4407 38.8729 35.1031 107.312 37.9211 34.5469
threshold=286.76470947265631 198.529411315918 -54.580093383789055 292.22537231445318 -51.317636489868157 0.054677963256835944 -52.463247299194329 288.96255493164068 291.45465087890631 -30.528387069702145 -2.9801788330078121 67.466682434082045 280.88236999511724 9.7191252708435076 -0.91597560048103321 6.3849916458129892 272.01187133789068 12.372558593750002 278.97543334960943 278.50158691406256 10.531147956848146 -1.0000000180025095e-35 285.67515563964849 280.31988525390631 276.94873046875006 427.52499389648443 10.500000000000002 276.19570922851568 -1.4667072296142576 -1.9634666442871092 282.31869506835943 -20.05135345458984 -0.91597560048103321 282.94137573242193 12.869752407073976 286.18373107910162 232.56377410888675 -18.733367919921871 43.120061874389656 0.78656607866287243 11.010982513427736 -25.100947380065914 265.39250183105474 734.65478515625011 275.56561279296881 -0.6035533845424651 -8.647056579589842 -35.460803985595696 0.60355338454246532 274.31605529785162 285.39907836914068 268.11450195312506 264.80390930175787 -2.312935352325439 -10.632461547851561 1.9285877346992495 261.09867858886724 261.33148193359381 -30.85687160491943 270.26141357421881 4.9409637451171884 1.3837118148803713
decision_type=2 2 2 2 2 2 2 2 2 2 2 2 2 2 2 2 2 2 2 2 2 2 2 2 2 2 2 2 2 2 2 2 2 2 2 2 2 2 2 2 2 2 2 2 2 2 2 2 2 2 2 2 2 2 2 2 2 2 2 2 2 2
left_child=1 -1 -3 9 5 7 -7 -5 -9 10 -4 12 -12 14 -11 -15 36 18 19 35 -21 49 23 24 25 -23 -24 -25 29 -28 31 32 -20 -32 -35 41 37 -17 39 -39 -41 42 -18 47 45 -43 48 -44 -47 51 -51 52 55 -52 -55 56 -16 -57 59 61 -60 -53
right_child=-2 2 3 4 -6 6 -8 8 -10 13 11 -13 -14 15 21 16 17 -19 30 20 -22 22 26 27 -26 -27 28 -29 -30 -31 33 -33 -34 34 -36 -37 -38 38 -40 40 -42 44 43 -45 -46 46 -48 -49 -50 50 53 58 -54 54 -56 57 -58 -59 60 -61 -62 -63
leaf_value=0.037556515020332693 -0.03633038669656951 -0.019811668337954239 -0.028454390087197419 0.011635501202889089 -0.016527721837052475 0.045302065256518614 0.32238285631340174 0.68710869587866474 0.045260158919398413 0.019802765337783756 -0.0038428408453141279 0.0055311115458088929 -0.026694155904769791 -0.0115546590806699 -0.0091539108750164529 0.071115705783068403 -0.022935040119721396 -0.0033414025163734738 0.14476224197255921 -0.002917826153472052 0.12672919235133273 0.004596100684016685 0.031764395952124845 0.03446519571753702 -0.03301740809442192 0.022985971448918979 0.14015945898035459 0.0042858692835113744 -0.030163709567557258 -0.010537534700788435 0.050017384301316373 -0.033558851682927174 0.0038910682092769102 0.044054716323697618 -0.00081114368577003208 0.11266314114109088 -0.0085395671114251778 0.0029851225630988919 -0.018679080506996376 -0.041117302324604511 -0.0065769192317136479 -0.019739158655481912 -0.013799314407564501 0.16449932909156706 0.0045981398739571014 0.059213412365448415 0.039468466122646199 0.054425651395714106 0.16598095164377646 -0.021638059738036775 -0.036263575397613518 0.032484534418557809 -0.033249770576610459 0.043408205680468583 -0.0063215998325679233 -0.00021429632956955228 0.10123972512908944 -0.040084248406300454 0.010398099990593946 0.0041935572398155178 -0.02524466135717925 0.10621943047583388
leaf_weight=46.406098902225494 150.58060881437268 130.6040437972988 171.88172495336039 16.611068486468874 24.604500959976576 5.170072547160089 2.7975268983864217 0.67777035862672974 5.2253324005287141 432.67592824954772 1393.7943853895413 998.19891833519796 200.94513942027697 978.71760536637157 22.859634011983871 20.046004929579794 114.30013111745939 645.60101468395442 6.8534078765660515 9.8327334572095406 24.609052752144635 2738.3177405239549 44.009485017624684 271.4789632523898 207.23762035008986 495.84985339944251 6.4910404938273158 160.93251590733416 236.04306680208538 12.224907915340735 51.395457862177864 112.75909521011636 40.152987095993012 55.908397287828848 339.99451734137256 9.2167740629520249 1485.7708987944061 4054.2933551329188 244.12938606180251 101.66774998325855 713.95427721831948 34.112955609336495 51.408142924774438 5.9382818564772597 137.97378140920773 13.827462072484193 99.883882289752364 45.375179510097951 19.988679268397391 543.45182469463907 42.079229303868487 24.559520589653403 209.75937462458387 123.39700066955993 82.543661772739142 964.81796671939082 25.209537221118808 65.271686257794499 616.46267023123801 140.05133964167908 84.901361660566181 44.97865632828325
leaf_count=479 236195 38178 15693 2796 6022 853 367 126 1930 7747 89311 56860 66537 21064 280 404 4153 12424 293 335 506 35145 1190 2739 5616 4266 221 3010 7935 592 494 1818 1704 1219 5351 391 54888 42083 3229 785 6843 452 2771 133 1589 242 683 1324 309 8501 571 394 3580 2880 887 8362 253 1537 4749 2669 868 1040
internal_value=-5.44357e-05 0.000218547 0.000131755 0.000263085 0.0294976 0.0666487 0.142589 0.039774 0.118955 0.00018166 -0.00364936 -0.00200508 -0.00672222 0.000804237 0.00333594 -0.00123764 -4.11161e-05 0.00673329 0.0122757 0.0216849 0.0897165 0.00234126 0.00533147 0.00701815 0.00498073 0.00741556 -0.016538 0.0232332 -0.0248822 0.041727 0.00349584 -0.0164974 0.0244297 0.010637 0.0055247 0.0172807 -0.00190272 1.79414e-05 -0.000260747 0.000662566 -0.0108824 0.0155992 0.000532398 0.026645 0.0262923 0.044129 0.0604246 0.0181868 0.122324 -0.00183113 -0.010677 0.00135289 -0.00578812 0.0133404 0.0234759 -0.000445363 0.0487413 -0.00274066 0.0114489 0.0294038 0.00608348 0.0801777
internal_weight=20160.8 20010.2 19963.8 19833.2 55.0863 30.4818 7.9676 22.5142 5.9031 19778.1 2764.82 2592.94 1594.74 17013.3 7595.6 9417.71 8438.99 1819.13 1173.53 566.467 34.4418 7162.93 4172.59 3873.82 3441.41 3234.17 298.769 432.411 254.759 18.7159 607.064 159.765 47.0064 447.298 395.903 532.025 6619.86 5134.09 5114.04 4869.92 815.622 522.808 217.022 102.722 305.787 167.813 133.7 96.7833 33.8161 2990.34 791.472 2198.87 1287.92 248.02 205.941 1078.16 48.0692 1030.09 910.954 209.59 701.364 69.5382
internal_count=785866 549671 549192 511014 12094 6072 1220 4852 2056 498920 228401 212708 155848 270519 105032 165487 144423 36191 23767 12888 841 97285 60714 50776 45027 39411 9938 5749 8748 813 10879 3815 1997 7064 6570 12047 108232 53344 52940 49711 7628 11656 8381 4228 3275 1686 1234 4095 551 36571 12839 23732 14012 4338 3767 10432 533 9899 9720 4103 5617 1434
is_linear=0
shrinkage=0.05


Tree=96
num_leaves=63
num_cat=0
split_feature=36 23 10 27 23 55 32 3 54 55 42 17 53 55 35 33 26 8 36 50 17 52 37 40 43 26 55 51 8 46 47 12 11 46 46 53 46 32 51 37 29 40 22 28 32 40 54 47 3 17 47 37 25 33 11 21 51 3 6 35 23 22
split_gain=74.5597 22.6032 49.5643 26.6311 23.1007 26.4857 29.8478 44.0585 34.2286 30.1357 21.788 21.1695 20.6957 21.0119 29.9115 20.8907 46.1645 44.0551 33.8062 33.8207 30.2546 33.2591 28.9944 58.828 27.8176 26.8568 33.3849 29.0604 51.6773 26.6593 22.1781 22.0674 26.5093 24.0772 33.469 27.4097 28.1952 39.9032 21.1047 20.3819 38.4131 20.2014 20.1518 20.1508 19.9445 19.4895 19.2813 19.1451 19.1 23.1265 24.0896 19.7208 18.7185 28.4868 26.3535 18.5666 18.0543 26.6009 23.841 20.599 26.7037 22.7618
threshold=286.17646789550787 -1.2585433125495908 216.05073547363284 26.794923782348636 -5.7618849277496329 -0.91597560048103321 34.458843231201179 218.95622253417972 -0.7865660786628722 -0.6035533845424651 3.6625976562500004 -31.878841400146481 11.388888835906984 0.12940952181816107 8.8607130050659197 -0.4162906259298324 -1.4828133583068845 284.57032775878912 276.17646789550787 100.84975051879884 -51.409231185913079 12.910952091217043 288.98693847656256 -3.6862716674804683 -3.3036117553710933 7.2659301757812509 -0.6035533845424651 13.819287300109865 290.72045898437506 0.79270076751708995 1.0000000180025095e-35 -48.964616775512688 286.93394470214849 0.47784948348999029 1.7804498672485354 166.94444274902347 1.4407377243041994 1.3614348173141482 50.562639236450202 290.86056518554693 -2.4841780662536617 28.66666412353516 -7.209603786468505 33.410676956176765 23.495927810668949 4.0980377197265634 -0.91597560048103321 3.923662662506104 275.81420898437506 -29.824495315551754 -3.1758836507797237 279.05592346191412 -1.9530782699584959 -0.96766534447669972 280.45155334472662 -34.695999145507805 62.911327362060554 267.07966613769537 281.91381835937506 0.25021782517433172 -40.898075103759759 -28.961959838867184
decision_type=2 2 2 2 2 2 2 2 2 2 2 2 2 2 2 2 2 2 2 2 2 2 2 2 2 2 2 2 2 2 2 2 2 2 2 2 2 2 2 2 2 2 2 2 2 2 2 2 2 2 2 2 2 2 2 2 2 2 2 2 2 2
left_child=1 3 10 12 -5 -6 9 8 43 -7 -3 -2 13 42 -15 16 24 -18 31 22 21 -21 38 -24 30 -25 -27 28 -28 -19 -14 48 56 45 35 36 37 -35 -20 -13 -41 47 44 -8 -1 -34 -11 -10 -17 -50 -51 -52 -26 54 -54 -55 -33 -58 59 -59 -61 -62
right_child=11 2 -4 4 5 6 7 -9 41 46 -12 39 15 14 -16 18 17 29 19 20 -22 -23 23 25 52 26 27 -29 -30 -31 -32 32 33 34 -36 -37 -38 -39 -40 40 -42 -43 -44 -45 -46 -47 -48 -49 49 50 51 -53 53 55 -56 -57 57 58 -60 60 61 -63
leaf_value=0.0010792115405124053 -0.037844459427420818 0.002109613017477118 0.046867403992042339 -0.018266027365870623 0.0082311940047911352 -0.004121482657252637 -0.0013327059103342826 0.055077087973459296 0.02183290696869928 -0.014494126836491509 0.033458819589890658 -0.03234800747995694 -0.0095909445230775384 -0.0043929501859481055 -0.023454877224913601 -0.020913976357204545 0.017741851296875378 0.12324383885542485 -0.026351916333502718 0.14243717272850018 0.0022989782010325254 -0.050560164820638021 0.47130339469618826 -0.01626314722641874 -0.0094881221521219104 0.013722135077859876 0.059274696324762205 0.037102322728223162 0.45875600675170936 0.031518264137790179 0.064158712333801424 0.0018726123914718285 -0.033959468850066343 0.21024139476221945 -0.0030227980007144373 0.029415050390611919 0.19643087624582126 0.036985076549371949 0.0049319073197420914 0.36099297326579777 0.027795081761387931 -0.027665155834005431 0.01405871720175865 0.04118259917172732 -0.018718301545692925 0.028679680711951313 -0.047506917919129713 -0.025327571161457726 -0.0068446309781953381 -0.044787047228239757 0.12021329897876148 0.03051678065693619 0.0023172272504732496 -0.027531536852388672 0.034156415960854072 0.010792338923199305 -0.0086756397252390639 0.082176772975740262 -0.019822372590385006 0.045698075233825936 -0.015144940963893178 0.065397656483866917
leaf_weight=693.95494359493023 155.61700562713668 741.05268428474665 75.363657057285309 331.94873132696375 345.21564507298172 173.86463104654104 60.152746357023716 34.556594798341393 53.738063853234053 77.673218065872788 59.905344106256962 4.5879356361692754 15.392173863016067 934.44368739821948 263.9260780387558 205.70629501971416 275.0773442662321 16.770102031412538 385.26597407174995 7.8083148772129771 250.9837135685957 3.1259253061143681 0.67034666560357337 83.472763348021545 346.43641912873136 49.68649160588393 1.7991567831486457 3.9137792227556929 1.4718257957138119 15.013090745196676 30.185079184360802 11844.717417657143 26.221955381566659 4.15810323390179 30.430652948096395 30.216318080667406 5.8075864319689563 16.553157666232437 62.682497913716361 1.1890346000436691 3.1740638855262659 135.16170067153871 232.6329426234588 51.931574180722237 155.77212473656982 23.589009544812143 102.72303326521069 35.894034022465348 216.29428614815697 7.6329734125174573 8.3275495576672274 23.199811058468185 153.0222257906571 80.712306805769913 112.97280070895795 51.941211481578648 850.68909847782925 13.415164127014576 42.029277032706887 47.245776007417589 58.647663433570415 10.314685562625526
leaf_count=30996 249902 3915 384 11312 2270 1454 314 278 312 500 387 586 287 29721 6975 10236 3230 731 58881 349 16357 915 198 31640 16213 12444 332 768 335 1164 339 213681 1574 213 1240 943 266 771 4134 35 1413 828 1968 314 4082 589 980 271 28618 802 257 2019 1890 3253 3726 599 13177 150 1360 1389 1282 139
internal_value=-2.63586e-05 0.0002498 0.00810181 -0.000110509 -0.00674167 -0.00316948 -0.00859282 0.00131024 -0.00420511 -0.018976 0.00445429 -0.0335435 0.00041523 -0.00403014 -0.0085911 0.00107301 0.00772114 0.0241816 0.000563335 -0.00910224 0.00584593 0.0872623 -0.0157499 0.00402282 0.00133274 0.00179088 0.0282897 0.129032 0.239027 0.0799164 0.0392523 0.00117411 0.00155529 0.0234352 0.039282 0.0619727 0.0990697 0.0717689 -0.0219743 0.0412294 0.118598 -0.0154591 0.00101967 0.0183657 -0.00255007 -0.00429541 -0.0332926 0.00294704 -0.0095745 -0.000443316 0.0349131 0.054209 -0.00098682 0.00640104 0.0158399 -0.0125256 0.00132237 -0.00505271 0.0129021 0.0235127 0.0167405 -0.0030982
internal_weight=20138.1 19973.5 876.322 19097.2 1402.86 1070.91 725.696 371.435 336.878 354.261 800.958 164.568 17694.3 2280.73 1198.37 15413.6 1097.52 306.861 14316.1 850.881 261.918 10.9342 588.963 141.014 790.662 140.344 56.8713 7.18476 3.27098 31.7832 45.5773 13465.2 13004 136.977 87.1658 56.7352 26.5188 20.7113 447.948 8.95103 4.3631 224.794 1082.36 112.084 849.727 49.811 180.396 89.6321 461.161 255.455 39.1603 31.5274 745.085 398.649 265.995 132.654 12867.1 1022.34 171.653 129.623 116.208 68.9623
internal_count=785688 533752 4686 529066 18833 7521 5251 2317 2039 2934 4302 251936 510233 73742 36696 436491 31432 5125 405059 126353 17621 1264 108732 45717 26307 45519 13879 1435 667 1895 626 278706 236774 5596 3433 2193 1250 984 63015 2034 1448 1411 37046 628 35078 2163 1480 583 41932 31696 3078 2276 25681 9468 5616 3852 231178 17497 4320 2960 2810 1421
is_linear=0
shrinkage=0.05


Tree=97
num_leaves=63
num_cat=0
split_feature=2 42 15 48 5 46 48 23 44 39 49 36 12 27 48 36 11 35 46 49 55 48 39 5 43 48 45 34 36 49 47 22 11 26 11 47 19 28 25 19 16 11 49 54 42 12 42 44 49 25 28 49 17 49 51 3 49 3 27 16 55 49
split_gain=72.15 25.198 33.0904 38.0382 28.7045 26.3289 24.1822 51.1124 33.6681 32.2426 36.5047 24.0449 24.8865 25.6168 30.2444 24.8329 30.8141 23.4343 28.2821 22.8018 33.2898 28.6834 23.7286 37.2894 23.2348 30.9979 29.6816 23.0813 22.5433 22.5279 22.3696 22.9917 32.872 25.2727 21.9449 29.024 41.3246 29.1691 27.1439 36.2332 36.0601 28.0434 21.4165 20.2596 20.2069 19.243 18.9226 33.4472 25.0097 37.4375 43.2399 27.1463 22.4731 21.9667 20.9447 20.0733 18.5399 23.473 18.4971 18.4269 19.3816 18.1534
threshold=291.58940124511724 8.7295074462890643 -7.6198196411132804 0.95832794904708873 226.45742797851565 0.52105140686035167 0.93628555536270153 -15.753283977508543 -1.587806701660156 -10.12708806991577 259.72676086425787 228.529411315918 -24.045583724975582 3.9534759521484379 -0.07752364873886107 212.05882263183597 221.62098693847659 21.892853736877445 -0.18724632263183591 256.32855224609381 0.12940952181816107 0.1492651700973511 -12.536674022674559 235.474235534668 2.3129425048828129 -0.69827961921691883 9.6741275787353533 7.8429961204528817 197.94117736816409 258.98173522949224 -2.6776723861694331 -19.563228607177731 246.17847442626956 13.897454261779787 288.41929626464849 0.010795697569847109 -42.871042251586907 3.7586898803710942 3.2278327941894536 -50.830417633056634 -46.89039230346679 290.67858886718756 254.46063232421878 -0.91597560048103321 36.454452514648445 -12.930818557739256 0.11863708496093751 0.63569831848144542 285.09815979003912 -0.15269041061401364 -2.1700916290283199 275.32183837890631 -46.158905029296868 286.41694641113287 49.140419006347663 284.64356994628912 288.57763671875006 277.82032775878912 5.2698745727539071 -6.4824447631835929 -0.12940952181816107 267.04945373535162
decision_type=2 2 2 2 2 2 2 2 2 2 2 2 2 2 2 2 2 2 2 2 2 2 2 2 2 2 2 2 2 2 2 2 2 2 2 2 2 2 2 2 2 2 2 2 2 2 2 2 2 2 2 2 2 2 2 2 2 2 2 2 2 2
left_child=1 4 3 30 11 6 9 -8 -9 10 45 12 -1 14 15 -14 -17 18 -4 20 -7 22 23 -22 25 -21 -27 58 -15 -18 31 61 -33 -34 -32 37 38 44 39 40 41 -37 -25 -11 -36 -6 -12 48 51 50 -50 52 55 54 -52 -48 -55 -58 -28 -29 -61 -3
right_child=-2 2 17 -5 5 19 7 8 -10 43 46 -13 13 28 -16 16 29 -19 -20 24 21 -23 -24 42 -26 26 27 59 -30 -31 34 32 33 -35 35 36 -38 -39 -40 -41 -42 -43 -44 -45 -46 -47 47 -49 49 -51 53 -53 -54 56 -56 -57 57 -59 -60 60 -62 -63
leaf_value=-0.014472473401777132 -0.041826204463127403 -0.021450950598958487 0.06354675124955951 -0.031709104251456614 0.024376536209508103 -0.034862914272608916 -0.035186647585469161 0.096331587538045937 0.0093271629694537395 -0.0054337488912205439 -0.019027353432121828 0.0094389565715235213 0.037005512983586057 0.039774566464342513 0.050235012981467868 -0.017527748920076941 0.047157349077920852 0.0024569384504018188 0.019123205289850939 -0.021903362299166017 0.044411619571469003 0.05558932505849086 -0.041695429815360278 0.039044936182171669 -0.007261548223926469 0.0021446063736060938 -0.0016663409954138595 -0.028951224899865131 -0.00015221478974353182 0.0068529078295641171 0.0041236680800176102 -0.0041234298718379287 0.01641997278703455 0.076876462091679865 -0.014445955977993039 -0.021371044672939519 0.25510479369790467 0.038296453746484438 -0.0090442313089032222 0.037363247719118892 0.42984727668775291 0.27523258287912417 -0.042738316548012356 -0.034353036830008295 0.1658697419450702 -0.0092714101108195227 0.10702566231209548 0.052514893797574028 -0.0028613595271570129 -0.0068698848027271475 0.060908401127974111 -0.025751975172763193 -0.0072432488086774677 -0.038252607874228919 0.17031822823546278 0.0042158462581571993 -0.0080816254369346901 0.10490903600929154 0.059441297014719258 0.020632084588414191 -0.043151082821110048 -0.0033375132917394003
leaf_weight=265.02047585044056 103.1057368448819 185.06032459472772 46.302691251039505 80.846336047165096 135.58247822354315 121.84647675091401 25.776015147974249 22.482071877457201 22.000236735679209 90.231215874664485 358.37710660282755 861.84473919519223 63.968327287584543 35.597678892314434 46.258573573082685 122.9451453126967 39.883057177066803 137.04318868275732 158.37840952910483 149.37028838013066 36.176139481365681 20.479731855913997 36.993159096688032 10.420111201703547 1134.0198867996223 5195.8755485890433 102.31989644753048 187.83980892016552 5147.1886232374236 265.24839985370636 2692.2748105381615 135.16475495509803 51.476828411221504 26.026439881883562 62.459001829149202 1.6590192090952762 2.7410377259366205 61.267032858566381 10.673341816407627 8.4440753879025632 1.3438303619623182 1.53360597230494 34.537744949047919 184.17774555459619 1.5933587516192336 61.885329979471862 8.2319110081298295 24.154748461791314 42.02135465783067 183.47315309743863 9.4833455062471348 238.73707805335289 421.22220187250059 5.9814211936900419 8.1192835382535105 11.217449393880086 7.3759684236720231 12.197600161016451 14.088925457559524 43.031357851810753 16.46825563814491 547.71424444112927
leaf_count=2181 154537 7904 309 4836 2576 3724 2734 230 223 1166 43827 9190 407 383 255 599 284 1074 934 12034 318 149 213 65 26377 274846 1605 10662 38107 1292 59932 1357 455 322 8376 271 104 4031 1384 459 119 278 1475 2250 131 774 401 1193 3435 25367 341 24731 15267 396 120 4601 119 659 301 672 279 23610
internal_value=-0.000107362 0.000107323 0.00354418 0.00222731 -0.000807485 -0.00266751 -0.00794149 0.0208368 0.0533006 -0.00906324 -0.00622936 0.00163061 0.000506411 0.00120028 0.0115818 0.00794791 0.00360578 0.0184587 0.0291726 -0.00127711 -0.0157975 0.000962559 -0.0085081 0.00662371 -0.000724442 0.000574072 0.00117797 -0.0126297 0.00012202 0.012121 0.00295133 -0.00371149 0.010762 0.0367219 0.00516629 0.0236683 0.0713207 0.0136317 0.0500236 0.0985925 0.212564 0.121105 -0.023783 -0.0248438 -0.00996044 0.0138315 -0.00920651 -0.00558636 -0.00706667 0.0058478 0.0332413 -0.0121733 -0.00481697 0.0683935 0.111374 0.0477299 0.0387879 0.0623304 0.0057295 -0.0212703 0.00297823 -0.00791202
internal_weight=20139.3 20036.2 4212 3870.28 15824.2 8976.2 1872.73 70.2583 44.4823 1802.47 1528.06 6847.96 5986.11 5721.09 538.304 492.045 428.077 341.724 204.681 7103.47 260.453 138.607 118.127 81.134 6843.01 5708.99 5559.62 363.748 5182.79 305.131 3789.43 945.443 212.668 77.5033 2843.99 151.714 26.3949 125.319 23.6539 12.9805 4.53646 3.19263 44.9579 274.409 64.0524 197.468 1330.59 972.216 948.061 268.652 85.179 679.409 440.672 43.1576 17.6026 19.4494 25.555 19.5736 116.409 247.339 59.4996 732.775
internal_count=786251 631714 115886 113569 515828 463130 130410 3187 453 127223 123807 52698 43508 41327 2837 2582 2175 2317 1243 332720 5944 2220 2071 1858 326776 300399 288365 13519 38490 1576 108733 33648 2134 777 75085 15153 2615 12538 2511 1127 668 549 1540 3416 8507 3350 120457 76630 75437 30437 5070 45000 20269 1635 461 5002 1174 778 1906 11613 951 31514
is_linear=0
shrinkage=0.05


Tree=98
num_leaves=63
num_cat=0
split_feature=36 0 39 47 50 44 5 51 49 17 49 9 40 49 49 35 40 36 28 42 40 42 45 19 48 5 26 16 49 49 36 49 48 49 55 41 5 4 49 40 37 45 15 39 51 49 24 51 55 49 41 49 44 49 45 29 45 23 49 10 48 49
split_gain=73.1326 20.9738 30.1295 23.2851 24.1774 24.5134 26.2564 36.4996 25.01 32.166 29.6367 24.4235 24.6982 23.5997 24.4162 24.2768 29.0487 23.8251 65.3646 39.0216 62.6106 22.4076 34.8997 30.9941 30.0146 24.0636 27.8724 21.7862 42.1045 28.523 21.6615 26.3753 36.4929 25.1574 31.0688 23.0267 26.4563 30.0638 25.9102 43.9236 33.4614 33.0474 24.1494 23.2986 23.1541 22.5746 22.2177 21.2833 22.8164 21.0894 49.4564 25.1998 20.7995 20.647 30.5258 20.9153 20.4717 20.3642 20.3276 49.5862 20.9151 30.6454
threshold=287.94117736816412 282.14843750000006 -47.893976211547844 -2.6776723861694331 124.68043136596681 -3.3999805450439449 277.75044250488287 49.556632995605476 266.37236022949224 -45.951503753662102 265.41934204101568 285.69386291503912 -3.8039093017578121 287.98866271972662 270.38075256347662 -0.15712703764438626 -2.6666717529296871 284.41175842285162 11.305820465087892 2.1492156982421879 -0.64706420898437489 6.2544097900390634 -1.6172049045562742 -2.2766833305358882 0.95489680767059337 243.27687072753909 30.379011154174808 -41.258306503295891 276.58561706542974 283.36277770996099 278.52941894531256 287.93347167968756 -0.71015053987503041 287.14447021484381 -0.91597560048103321 3.9053497314453129 230.21923828125003 237.67398071289065 263.06666564941412 -0.68627929687499989 279.05592346191412 0.35411643981933599 -0.98665618896484364 -31.876543998718258 9.8461871147155779 266.53407287597662 25.537384033203129 19.712553024291996 0.91597560048103344 286.81991577148443 23.059545516967777 286.04714965820318 -2.7941436767578121 289.84396362304693 0.66973304748535167 4.5004882812500009 -4.9962959289550772 -32.355838775634759 285.39907836914068 260.65281677246099 -0.38575345277786249 271.42791748046881
decision_type=2 2 2 2 2 2 2 2 2 2 2 2 2 2 2 2 2 2 2 2 2 2 2 2 2 2 2 2 2 2 2 2 2 2 2 2 2 2 2 2 2 2 2 2 2 2 2 2 2 2 2 2 2 2 2 2 2 2 2 2 2 2
left_child=1 2 -1 -3 5 -5 11 8 9 10 -8 -7 -13 14 -6 16 -15 -16 19 -19 -21 22 25 24 -23 26 -4 28 -24 -30 31 32 -29 35 -35 38 37 -37 42 41 44 52 47 -43 45 -41 -33 48 -34 51 -51 58 -40 -14 -55 -56 -26 -39 60 -60 61 -38
right_child=-2 3 21 4 13 6 7 -9 -10 -11 -12 12 53 15 17 -17 -18 18 -20 20 -22 23 27 -25 56 -27 -28 30 29 -31 -32 46 33 34 -36 36 49 57 39 40 -42 43 -44 -45 -46 -47 -48 -49 -50 50 -52 -53 -54 54 55 -57 -58 -59 59 -61 -62 -63
leaf_value=-0.021767073730606917 -0.040586974143303173 -0.017986477713184516 -0.0020099850049841673 0.00038206639088182075 -0.020584693251547999 -0.0090227562518738012 0.053867571200675063 0.0066285425731416759 -0.029740990715423021 -0.050377709720268983 0.31331106936362701 0.20763360001636993 0.0055872497394218144 -0.017966867361984502 0.018123024271609108 -0.029307898231500276 0.11959813465895348 0.0059678453639029211 0.53483040912697144 0.44473827244206876 0.0061768953580074483 0.0041266235397083911 -0.014928005353811419 0.045806820057273517 -0.043482263634886671 -0.017038604694291432 -0.037714149164006137 -0.030303947133947837 0.074743814375219569 -0.015550896203839735 -0.023522730000467843 0.01840905838354857 -0.030013004419739697 0.014068670790438987 -0.039160216091276331 0.0013840231313310631 -0.005193866853638234 0.0048627341658089556 0.0081407507013943961 0.096803507275327105 -0.034667812873538782 0.016697244416822701 0.02947734984347954 -0.001627428843787442 0.021172177464044845 0.036876775716744241 -0.028002009543215706 0.0052081495649892 0.0056863300624342061 0.082391407629355096 -0.015701054689226036 -0.04272238032275788 -0.019443001767384366 -0.0083969964620172477 0.03587935204725845 0.18498677662486876 -0.0052824410050798807 0.088686091030337755 0.1342648344348957 -0.011056096576509666 -0.0031338117872734966 -0.036663807932730656
leaf_weight=146.99338374123909 110.64805925474502 271.5546749093337 1382.2307808045298 994.2279062892776 39.398612165823579 258.84081688965671 3.3185081309638917 102.13758589490317 328.24842667859048 4.0166728625772503 1.6470668317051602 1.7408552334527474 71.605552374501713 9.0598008225788345 232.94415215915069 61.672756915737409 6.6574578736326648 9.0418951891479029 0.76851705589797425 1.5034483127528804 1.7741834083572037 4802.3852293498348 37.063031595898792 43.510024873539805 52.671550029423088 418.90001354482956 56.911545961629599 95.368134654825553 40.058271200628951 11.188944699009879 91.265326329506934 313.95280846417882 149.41118767904118 40.904312093742192 83.120746088214219 5879.0458751060069 208.33815789641812 12.876048660837116 105.93297370988876 20.969655939377844 21.814352090703323 476.00058732018806 45.51979648694396 272.91038279980421 229.6406791433692 62.71621946268715 28.094213457778096 151.10142442816868 63.899261672049761 22.535151521209627 29.897135532461107 44.848534894175828 192.58923861104995 7.672723900293934 3.9414114779792708 5.8313952661701478 104.97009948710911 16.569975420832634 8.9661889546550828 16.999487899243832 1678.52081138012 123.04983333824202
leaf_count=12520 201834 23423 16536 99987 2516 12805 617 11642 97542 2006 309 204 10903 688 8756 6172 132 2787 116 244 938 85933 1748 240 1667 13064 680 3216 832 880 3952 5905 1625 597 1650 49928 6275 205 1732 246 1324 6980 287 2871 2878 816 374 1269 386 179 304 1831 3873 506 287 207 2755 284 233 634 59261 5184
internal_value=-4.96022e-05 0.000174652 0.000775017 -0.00419193 -0.00244641 -0.00484026 -0.011421 -0.0195575 -0.0274885 0.0548252 0.139924 -0.00119612 0.021117 0.00931913 0.0159591 -0.0151706 0.0403024 0.0218111 0.0874529 0.0595445 0.207345 0.000965049 -0.000172007 0.0037905 0.00342193 -0.00649184 -0.00342192 0.000938378 0.025669 0.0550295 0.000730121 0.000943043 0.000478498 0.000773298 -0.021605 0.00105552 -8.67613e-05 0.00163644 0.00618012 0.00945343 0.0252086 0.00441233 -0.00485975 0.0100196 0.0293773 0.051893 0.0145971 -0.0091489 -0.0193189 -0.00485974 0.0264586 -0.00564893 -0.00965469 0.0174708 0.0662473 0.124851 -0.0180458 0.0520321 -0.00483224 0.0391246 -0.00540011 -0.0168792
internal_weight=20112 20001.3 17583.7 2417.6 2146.05 1783.23 789.001 439.368 337.231 8.98225 4.96557 349.633 90.7919 362.821 285.431 77.39 15.7173 246.032 13.088 12.3195 3.27763 17436.7 12433.2 5003.54 4960.03 1858.04 1439.14 10575.2 88.3102 51.2472 10486.9 10395.6 10053.5 9958.18 124.025 9834.15 8041.65 5908.49 1792.51 1382.57 335.141 1047.43 409.932 748.911 313.327 83.6859 342.047 364.412 213.31 2133.16 52.4323 2080.72 298.522 89.0511 17.4455 9.77281 157.642 29.446 2035.87 25.9657 2009.91 331.388
internal_count=785775 583941 301154 282787 259364 237015 137028 112116 100474 2932 926 24912 12107 22349 15357 6992 820 12841 4085 3969 1182 288634 198039 90595 90355 30280 17216 167759 3460 1712 164299 160347 154068 150852 2247 148605 124318 50417 24287 20720 5264 15456 3567 9851 3940 1062 6279 3280 2011 73901 483 73418 5605 11903 1000 494 4422 489 71587 867 70720 11459
is_linear=0
shrinkage=0.05


Tree=99
num_leaves=63
num_cat=0
split_feature=36 17 36 53 17 52 39 49 50 42 51 54 15 54 52 17 34 55 49 28 52 37 49 49 29 29 12 49 49 51 49 52 49 49 9 29 50 40 55 29 28 5 55 36 52 16 55 21 5 16 54 49 32 49 38 54 45 51 34 16 21 40
split_gain=64.4042 22.201 20.1191 18.8876 33.0751 25.3265 26.8088 30.7259 26.6456 25.6791 25.3026 24.4488 24.1449 22.8923 22.7255 28.4615 27.4466 26.2302 26.6472 27.238 22.9372 22.819 20.9284 20.865 20.4796 20.1594 36.2877 31.7521 34.8346 47.469 45.3331 34.7976 37.4735 33.6682 53.2686 29.5948 28.2463 28.1763 31.5345 25.2798 30.4345 24.0735 26.2775 23.3671 27.6964 36.4914 35.842 33.4448 23.1889 23.3505 30.5042 22.6532 33.0654 29.3266 25.7706 32.7191 24.5685 23.9447 23.8361 23.3318 22.9277 22.4972
threshold=286.76470947265631 -31.878841400146481 197.94117736816409 545.16665649414074 -51.021364212036126 7.4514698982238778 -6.2992000579833975 289.15274047851568 2.5706906318664555 16.19577789306641 18.398447036743168 0.91597560048103344 -45.677566528320305 0.12940952181816109 14.536789417266847 -41.314485549926751 9.2093033790588397 0.37940952181816107 258.11538696289068 1.592099189758301 7.4927635192871103 286.56863403320318 285.67515563964849 255.32789611816409 4.5004882812500009 24.770523071289066 -2.8302230834960933 261.09867858886724 263.43424987792974 25.753327369689945 263.06666564941412 14.06256675720215 247.43756103515628 255.32789611816409 228.82700347900393 3.1530771255493169 87.151092529296889 0.23529815673828128 0.78656607866287243 0.48182916641235357 1.0770015716552737 205.86235046386722 0.91597560048103344 223.82353210449222 57.570123672485359 -9.524864196777342 -0.7865660786628722 -21.360822677612301 205.86235046386722 1.0000000180025095e-35 0.37940952181816107 255.32789611816409 34.458843231201179 256.32855224609381 -1.0000000180025095e-35 0.37940952181816107 1.0287246704101565 35.008287429809577 41.414693832397468 1.1284790039062502 -1.0526927709579466 -1.0588302612304685
decision_type=2 2 2 2 2 2 2 2 2 2 2 2 2 2 2 2 2 2 2 2 2 2 2 2 2 2 2 2 2 2 2 2 2 2 2 2 2 2 2 2 2 2 2 2 2 2 2 2 2 2 2 2 2 2 2 2 2 2 2 2 2 2
left_child=2 -2 -1 5 13 6 7 -4 -9 25 -11 23 -6 -5 15 16 21 18 20 -20 -17 -14 24 -8 -19 27 -27 31 29 37 43 32 -7 34 -33 -36 -34 38 -29 -35 -41 42 -30 -31 46 47 -45 -46 -42 -50 -51 52 -28 57 55 -55 -54 -53 60 -60 -56 -40
right_child=1 -3 3 4 12 9 11 8 -10 10 -12 -13 14 -15 -16 17 -18 22 19 -21 -22 -23 -24 -25 -26 26 51 28 41 30 -32 33 36 39 35 -37 -38 -39 61 40 48 -43 -44 44 45 -47 -48 -49 49 50 -52 53 56 54 58 -57 -58 -59 59 -61 -62 -63
leaf_value=0.037876781743388377 -0.039703463522610533 0.051911374208239984 -0.0076957399153362062 0.11573202537661596 -0.021130257179230047 0.020797308924334013 0.029951479753619011 0.095578063984515349 0.011757044991613513 0.016459144548783364 0.0010405625571983784 -0.01846215780842389 0.12231879209064589 -0.051058942343769259 0.00086945200495567036 0.074454636009227054 -0.016456239897656204 0.010185810721385581 0.050616583883448557 0.0077268812738242936 0.013298972163272211 0.035134542669180722 -0.045319385839225408 0.0039744910957945469 -0.021740726036715022 -0.018421993915893043 -0.019447365713915483 -0.025060338233361235 0.029306841051085261 0.029893642335295262 -0.060951825034230057 0.018783079385287865 -0.0081449985145821534 -0.017142434975005859 0.039415205212315299 -0.029344614399798165 0.021780588087003557 -0.035831251792955598 -0.00080409953637318194 0.081788538063414684 -0.029417377038319099 -0.00066913133669290359 -0.010426918691003749 0.085584235049545362 -0.007988806630901962 -0.039536467343471049 -0.024988689702855452 0.11725653644981236 0.012246880462285954 0.0060887711951038252 0.064178681966263015 -0.047528245204343456 0.048545195746103414 0.0058761597848637492 -0.00090748279051717368 -0.030110650970140332 -0.0017717472727253566 0.0083013151809075893 -0.01835273755856158 0.025397139383368357 0.040453040791277553 0.09310156150617091
leaf_weight=35.149814069271088 125.61276190972421 6.9801841012667856 2617.7615286474465 10.626566798717247 91.566127854806837 156.77937405928969 89.422185100615025 10.650048098410478 86.383071678283159 475.31924676510971 604.45368564198725 105.17180971801281 14.401894396636637 2.5511126186465836 1228.4623011194053 34.630928702652454 10.669620646745896 193.78245075058658 41.301520567096304 356.89565533434507 27.513375025009736 15.672454775893128 25.765957156661898 570.23307511117309 67.804574105888605 410.91433522943407 44.012372307479382 43.729445869568735 135.28370581567287 88.018567360937595 25.16049310186645 130.94720343314111 899.03953081485815 69.223619892145507 17.263866557972506 167.29658276878763 86.433525140106212 220.91913871583529 13.11222506867489 16.271212270366959 31.481965072453022 8369.8818782583694 60.09459563344717 7.9534763655392444 8.3885431808303093 10.87991578876972 93.31490438489709 14.620051074773075 1287.5722623814945 40.65285194478929 50.889882028102875 63.184719529002905 73.193721033632755 131.52243118733168 53.662779666483402 121.52007445506752 36.287287797778845 27.59206310287118 93.952925182878971 45.104253545403481 89.205181911587715 12.41863190778531
leaf_count=387 234884 1659 94276 573 7219 856 596 568 5955 15136 18483 625 292 494 22871 256 229 1905 504 4305 249 434 488 3862 712 8361 225 552 636 620 834 860 12181 743 328 1988 1104 7221 292 166 139 305313 269 308 420 149 2807 158 17199 235 251 490 527 865 249 828 208 181 433 314 397 147
internal_value=-0.00014855 -0.0348805 8.21267e-05 1.54657e-05 0.00447488 -0.000515854 -0.00434216 -0.00667162 0.020957 0.000413412 0.00782787 0.0039264 0.00398135 0.0834424 0.0051214 0.0117463 0.0524417 0.00952873 0.0169278 0.0121755 0.047379 0.076885 -0.00232462 0.0074959 0.0019103 -0.000190911 -0.00639913 0.000421873 -0.00103966 -0.0133746 0.00267227 0.00492632 -0.00190808 0.00923556 -0.00560748 -0.0229128 -0.0055203 -0.0271075 0.000718677 0.0123658 0.0137973 -0.000264138 0.0170855 0.00984517 -0.00321106 0.0359157 -0.0163044 0.0715942 0.0130131 0.0139817 0.0383818 -5.9128e-05 0.0171537 -0.0042814 0.000177481 -0.011406 0.0318677 -0.0305586 0.0105743 -0.00416213 0.0249176 0.0448732
internal_weight=20096.6 132.593 19964 19928.8 2121.64 17807.2 3479.62 2714.79 97.0331 14327.6 1079.77 764.827 2108.47 13.1777 2016.9 788.438 40.744 747.694 460.341 398.197 62.1443 30.0743 287.353 659.655 261.587 13247.8 1190.15 12057.6 9103.78 538.515 248.336 2953.85 1142.25 1811.6 315.508 184.56 985.473 290.179 69.2603 1496.09 1426.87 8565.26 195.378 223.175 135.157 33.8885 101.268 23.0086 1410.6 1379.11 91.5427 779.238 153.493 625.744 534.968 253.043 109.481 90.7768 281.925 139.057 142.868 25.5309
internal_count=785816 236543 549273 548886 40531 508355 105882 100799 6523 402473 33619 5083 39464 1067 32245 9374 955 8419 5314 4809 505 726 3105 4458 2617 368854 13078 355776 319726 13508 5296 36050 14141 21909 3176 2316 13285 8212 991 18733 17990 306218 905 4462 3842 727 3115 578 17824 17685 486 4717 960 3757 3086 1693 735 671 1393 747 646 439
is_linear=0
shrinkage=0.05


Tree=100
num_leaves=63
num_cat=0
split_feature=1 26 35 5 29 40 40 11 29 44 39 50 26 39 51 46 44 33 23 15 54 40 44 38 48 33 37 35 51 28 37 29 48 54 43 37 17 29 54 5 52 15 39 40 54 29 43 51 48 39 23 17 52 48 33 54 46 14 16 11 5 38
split_gain=58.9306 23.2673 44.3637 22.9702 39.2981 31.1296 45.2731 47.1496 30.1975 29.1755 27.6297 27.4044 26.945 44.7198 39.2262 57.1367 26.2152 25.9647 33.8438 29.7628 26.3352 41.6831 25.1965 25.0104 24.5696 43.4877 42.2043 43.4141 37.2971 33.3359 35.5407 38.7783 35.7657 30.9618 28.596 35.0382 30.2376 36.9077 32.5152 28.1349 29.4629 29.5885 89.1809 27.4667 30.572 27.3024 27.2527 30.6617 26.8425 41.9586 34.1817 41.4872 36.4264 32.1096 28.8005 27.248 26.216 41.8504 26.1441 34.2126 33.211 26.831
threshold=290.54713439941412 -2.3997435569763179 -0.8988763391971587 273.52867126464849 3.3729181289672856 -0.99999999999999989 -1.6862716674804685 291.35986328125006 -0.095515727996826158 3.4876232147216801 -52.106023788452141 304.92044067382818 0.17668390274047854 -50.024694442749016 14.679265022277834 1.0628452301025393 -28.385232925415036 2.5592532157897954 -41.404027938842766 -10.611095428466795 -0.37940952181816096 -1.8235321044921873 -6.3845748901367179 -26.999999999999996 0.04865998029708863 8.1327114105224627 279.65505981445318 9.9480543136596697 62.29881668090821 6.5152702331542978 216.64851379394534 3.7707633972167973 -0.64861023426055897 -0.91597560048103321 -8.074546813964842 286.56863403320318 -6.2305984497070304 23.727355957031254 -0.91597560048103321 249.41485595703128 6.309253692626954 -19.998271942138668 -29.165580749511715 -1.1764755249023435 0.98296290636062633 5.3451614379882821 -4.6733932495117179 16.496347427368168 -0.63968896865844715 -2.7966600656509395 -20.552845954895016 -1.5885353088378904 7.5966653823852548 -0.48803782463073725 18.435933113098148 0.98296290636062633 3.4206876754760747 0.66567993164062511 -13.70786666870117 241.36444854736331 236.56761169433597 -7.5882339477539054
decision_type=2 2 2 2 2 2 2 2 2 2 2 2 2 2 2 2 2 2 2 2 2 2 2 2 2 2 2 2 2 2 2 2 2 2 2 2 2 2 2 2 2 2 2 2 2 2 2 2 2 2 2 2 2 2 2 2 2 2 2 2 2 2
left_child=1 -1 -3 10 5 6 9 12 -9 23 -4 -6 13 14 -8 -16 -7 18 20 -20 21 -12 -23 -5 26 33 27 29 48 30 45 32 -32 -26 36 56 -27 38 -38 40 -31 42 -42 -34 -45 -19 47 -33 49 -29 55 52 -52 -53 58 -50 57 -36 60 61 -54 -60
right_child=-2 2 3 4 11 16 7 8 -10 -11 17 -13 -14 -15 15 -17 -18 24 19 -21 -22 22 -24 -25 25 34 -28 28 -30 39 31 46 43 -35 35 -37 37 -39 -40 -41 41 -43 -44 44 -46 -47 -48 -49 50 -51 51 53 54 -55 -56 -57 -58 -59 59 -61 -62 -63
leaf_value=-0.013415122707195899 -0.027168810178304355 0.016049814739448977 -0.031909394928447084 -0.018507397551421802 0.002128674248790458 0.10047706350559292 -0.0192084353906662 0.044874741473333854 0.40618746854470217 0.16679900378174833 -0.0085153594318429626 0.094928741047956622 -0.016059004136934295 0.024988617239078151 0.18561986718533091 0.74002895936461277 -0.024159618446994924 0.028683010263560123 0.0010625588288510183 0.020250417674049878 0.01347271788760392 0.051609561369798884 0.13205824277803516 0.015471826727973046 0.032085091346591342 -0.019950905509451337 -0.027401867566771973 0.035295087148040992 -0.041453983817033864 -0.01561000099130469 -0.025397122632664339 -0.016144959789403977 -0.010293037943530797 0.0057240974561193229 -0.0013532776739957975 0.044249540968672306 -0.012994360254432034 -0.025929360072508924 0.0084766944622641279 -0.03554946594687574 0.21100971303509095 0.02040682451938464 -0.016589656524462277 0.0044310265583453147 -0.042226723610919774 -0.010676534760764939 -0.015094521345060188 0.016565016862824768 -0.028418317658494782 -0.026465563954098638 -0.020758025973889288 0.0052198524127167406 0.15282994257565941 -0.031950721043694806 -0.029963705562370397 0.094808471699031768 0.0053099422955966806 0.041862774486692372 0.054930252447579243 -0.015877491652483641 0.0053906937138491857 0.013883602728364905
leaf_weight=312.20551071711816 199.72301447339123 439.47021506470628 65.441025648731738 355.00523242907366 715.85894618020393 4.2640057993121436 1.5713329922873516 1.0474999699508774 1.2910077391425137 2.2602539840736418 20.810355342517141 8.0448436508304422 39.857842112833168 77.778636980219744 2.5295318844728176 0.56931754329707462 399.01518053730251 167.55619341507554 1625.2528215094353 230.79636681079865 197.17744246753864 30.766152954427525 14.23670481040608 63.902496846858412 189.01217621960677 301.95319143170491 165.73013248387724 80.738728989381343 89.055257447995245 54.696993383578956 124.70992516214028 123.79932844103314 398.81689267139882 271.2332002283656 4274.2484470093623 48.694412388838828 251.41651516966522 136.89356075506657 590.38681902457029 26.187164495233446 7.943513268139216 283.8861403525807 9.3936931453645212 2575.5947426420171 35.594006348401308 59.77880147844553 775.95258533349261 170.0554933922831 252.89587679342367 41.705524422228336 112.02978313434869 83.888531193137169 7.8042263705283386 188.99538885615766 36.622601191978902 4.5670682196505359 2973.915189395193 56.764795113354921 51.728587574325502 73.922587886452675 7.4802422481589019 172.83201558236033
leaf_count=21751 231181 11430 9470 38531 60010 409 565 485 189 215 618 278 6185 4580 921 187 91499 896 18142 1242 6216 635 533 1589 4494 16541 11700 1266 2020 781 3159 1833 4948 7320 74572 2381 2268 2049 6151 2382 332 3010 298 36942 1081 266 12088 1970 13077 197 1815 416 129 1162 538 186 56342 468 710 1468 325 1702
internal_value=-0.000144389 0.000127005 0.000342987 -1.77312e-05 -0.00561452 -0.0123071 -0.00452346 0.0219468 0.244343 -0.0123574 0.000518455 0.00315997 0.0176946 0.0340119 0.184288 0.287475 -0.0228418 0.000640433 0.0058271 0.00344853 0.0226138 0.0500005 0.0770596 -0.013324 -7.89288e-05 0.00157445 -0.00251049 -0.00182503 -0.0103157 0.000298998 -0.000922731 -0.00196388 0.000841288 0.01655 0.00077619 0.001977 -0.00611898 -0.00185147 0.00206406 0.0144692 0.0181493 0.0242794 0.0876912 0.00192839 0.00379502 0.0183332 -0.0101835 0.00278449 -0.00782914 0.0142589 -0.0105534 -0.00506346 0.00406009 -0.0205239 0.0119952 -0.0262324 0.00169521 -0.000786863 0.0168925 0.0136265 0.0806729 0.0233389
internal_weight=20087.4 19887.6 19575.4 19136 1673 949.092 545.813 124.645 2.33851 421.168 17463 723.904 122.307 82.4488 4.67018 3.09885 403.279 17397.5 2119.04 1856.05 262.991 65.8132 45.0029 418.908 15278.5 9094.52 6183.96 6018.23 1204.27 4813.97 4431.86 4204.52 3134.72 460.245 8634.27 7353.62 1280.65 978.697 841.803 382.108 355.92 301.223 17.3372 3010.01 2611.19 227.335 1069.81 293.855 1115.21 122.444 992.767 735.304 462.42 272.884 350.39 257.463 7304.93 4331.01 313.768 298.483 15.2845 224.561
internal_count=786144 554963 533212 521782 205643 145355 53447 13112 674 40335 316139 60288 12438 6253 1673 1108 91908 306669 27386 19384 8002 1786 1168 40120 279283 172586 106697 94997 25011 69986 63183 62021 46130 11814 160772 133763 27009 10468 8419 6803 4421 3640 630 42971 38023 1162 15891 3803 22991 1463 21528 8265 6687 1578 4872 13263 131382 75040 4334 3880 454 2412
is_linear=0
shrinkage=0.05


Tree=101
num_leaves=63
num_cat=0
split_feature=36 42 17 48 42 48 21 47 48 41 52 27 48 36 48 45 55 51 47 26 23 17 5 36 50 41 23 0 23 28 47 46 5 34 36 23 48 45 54 27 54 37 38 52 47 20 34 52 47 48 45 53 38 14 11 17 51 42 0 47 48 42
split_gain=60.3865 25.5169 26.3047 24.6983 24.6405 24.2669 23.8247 33.3201 23.038 22.8264 22.2987 25.0938 21.4255 20.4369 19.8716 22.2735 19.8535 19.8116 19.5881 24.8106 23.6277 19.4625 27.6095 19.34 19.1183 19.2976 19.1949 20.3222 28.415 18.63 29.279 18.2561 27.4062 94.8317 22.6755 19.1057 18.137 25.3423 20.971 17.9788 21.8774 17.9727 17.8018 17.3864 17.2977 20.3777 19.455 17.1286 23.941 31.0427 18.861 18.6808 25.0518 23.0635 25.6586 27.5945 28.4795 25.2397 25.0594 30.9822 25.3694 27.0149
threshold=289.11766052246099 2.4814987182617192 -0.70683670043945301 0.96787995100021373 -8.2926330566406232 -0.51876229047775257 -15.423372268676756 2.8915948867797856 0.55724394321441661 0.72283315658569347 7.6947641372680673 -0.75206470489501942 -0.39966389536857599 200.88235473632815 -0.64861023426055897 12.60835647583008 0.98296290636062633 45.394685745239265 0.14361494779586795 -1.9124755859374998 -18.475384712219235 -12.496236801147459 241.09019470214847 236.17646789550784 126.96470260620119 22.306464195251468 -31.601368904113766 289.90550231933599 -47.796451568603509 3.453856468200684 -0.66932511329650868 2.0359659194946294 289.45631408691412 -1.3058061003684995 206.17646789550784 1.0000000180025095e-35 -0.47858285903930659 0.092967987060546889 -0.91597560048103321 1.4092741012573244 -1.0000000180025095e-35 268.60566711425787 -1.117652893066406 9.6946706771850604 3.7038197517395024 -4.314380168914794 28.067012786865238 35.329317092895515 1.7672219276428225 0.14038562774658206 2.1630644798278813 552.16665649414074 -45.235290527343743 -53.096855163574212 290.61190795898443 -30.528387069702145 56.739677429199226 21.188232421875004 291.71473693847662 -1.6821478605270384 0.91263091564178478 6.8806152343750009
decision_type=2 2 2 2 2 2 2 2 2 2 2 2 2 2 2 2 2 2 2 2 2 2 2 2 2 2 2 2 2 2 2 2 2 2 2 2 2 2 2 2 2 2 2 2 2 2 2 2 2 2 2 2 2 2 2 2 2 2 2 2 2 2
left_child=1 4 3 9 6 -4 7 8 39 10 11 -3 -8 43 -15 16 31 21 20 -20 23 22 -18 -12 25 26 27 -10 -29 30 -24 32 -16 -34 -33 -36 37 -25 -38 40 -1 -28 -17 -6 45 46 -7 51 -49 -50 -51 53 -53 -11 55 56 -55 -57 59 -56 61 -61
right_child=-2 2 5 -5 13 44 12 -9 24 47 18 -13 -14 14 15 42 17 -19 19 -21 -22 -23 29 36 -26 -27 41 28 -30 -31 -32 34 33 -35 35 -37 38 -39 -40 -41 -42 -43 -44 -45 -46 -47 -48 48 49 50 -52 52 -54 54 58 57 -58 -59 -60 60 -62 -63
leaf_value=-0.020099029194112689 -0.044253941276355138 -0.020915530278777735 -0.022593864340836125 -0.021116410298285992 -0.0031097318593833576 0.012150822527056085 0.033894560472833367 -0.015974339558571728 -0.0019890899837302634 -0.033705992978471669 -0.033409342483720343 0.022172920854548722 0.0079540481128651461 -0.016188381585300952 -0.0053710044982690211 -0.019982965159904054 0.16959066572912754 -0.023535771767294007 -0.038863922978261349 0.0071759582687662615 0.10081906631169069 0.0036611044088477925 0.19117436781112301 0.022514926935725682 0.088564464502617735 -0.018541595143676353 0.031239060686340664 -0.050465924410936142 0.20545685006148032 -0.03914336445837413 0.033109990200644555 -0.020294172656398893 0.59317778115275732 0.0059081490025607759 0.00019533525540123254 0.046181558612802903 0.064361745533211445 0.071975074029043462 0.0081285015173614122 -0.0090408933547508046 0.023348927204493195 0.11859392286086055 0.03964618643925262 0.048867200702628295 -0.017171319312644706 0.022209715098241753 -0.031805298105867061 -0.0075454569297607292 -0.013960156090699581 0.05077720198773971 -0.014352453982573203 0.08110392958695152 0.0078887341740356831 -0.010106998647332693 -0.014460549624864675 0.00071638443654985229 0.035274855944275436 0.013063409451465505 -0.0012346035417738262 0.0042573005732189119 0.16867467931765823 0.091556469474474975
leaf_weight=37.572119890828617 77.535880595096387 114.01917743182275 47.696732293814421 124.46585225328454 29.684924565255642 81.992724575102329 101.6310964692384 242.31745253439294 31.481841468368657 48.676070957619231 18.406857676804066 48.020826954976656 367.20709654036909 281.16150443677907 3485.452419898822 249.1156703508459 3.8074188632890573 30.228455413918709 33.106713136599865 251.99585621408187 8.5266612749546749 83.496698527596891 3.0690233542118213 133.4910218649602 11.769809713470748 22.9341861018911 13.194467771798374 1.7287135059304999 2.9109166495036325 8.2875289341609442 64.553500544163398 136.18902441114187 0.85197355510899786 3.558947397832525 3782.0142872747674 22.72207247838378 17.624631271755788 32.132523996493546 279.59449794582906 195.37998423722456 126.59692656714469 10.633389974012969 13.178749606013296 35.127998534590006 39.986636251211166 410.11416800320148 36.325155433267355 1047.9344290294393 49.965015126392245 55.483286720264005 13.901006106287239 11.883569701283703 694.27820710273227 789.46883180254372 14.724176229414295 5656.1431947180536 36.15391101478599 446.58409206313081 47.785529686458176 15.38628732645884 5.6230191933864253 20.898448599036783
leaf_count=694 164061 3087 245 4567 193 448 653 10713 1580 27210 86 1582 3996 18545 154052 4624 141 1193 1113 5840 47 692 180 3628 282 759 245 444 180 695 4435 601 187 5734 87583 118 329 893 7156 6133 1580 223 62 283 256 2255 211 30370 705 1181 525 1016 11059 74198 1699 99982 2229 8401 17851 4228 463 1997
internal_value=-0.000213716 -4.32386e-05 0.00163456 0.00101775 -0.00194144 0.0116621 0.00486339 -0.00100203 0.00698571 0.00129626 0.00872184 -0.0081462 0.0135772 -0.0029047 -0.00312662 -0.00266095 -0.0021681 0.0136455 0.0122492 0.00182971 0.0183145 0.0205318 0.0382022 0.0168527 0.0289329 0.020465 0.0353873 0.0124083 0.110101 0.0316122 0.0402837 -0.00257977 -0.00521338 0.11934 -0.000247592 0.000469967 0.0188516 0.0321107 0.011463 0.00120798 0.0134053 0.0702219 -0.016987 0.0250613 0.0145365 0.0169359 -0.00134429 0.000519347 -0.00512891 0.0160894 0.0377286 0.00136596 0.00912083 0.000592649 0.000830041 0.000459279 -0.00811973 0.00161991 0.025431 0.0479311 0.0698523 0.0545379
internal_weight=20107.8 20030.2 10632.4 10016.3 9397.86 616.115 1165.36 696.52 454.202 9891.81 936.919 162.04 468.838 8232.5 8167.69 7886.53 7624.23 193.443 774.879 285.103 489.776 163.214 79.7175 481.25 94.6533 82.8835 59.9493 36.1215 4.63963 75.9101 67.6225 7430.79 3489.86 4.41092 3940.93 3804.74 462.843 165.624 297.219 359.549 164.169 23.8279 262.294 64.8129 568.419 528.432 118.318 8954.89 1167.28 119.349 69.3843 7787.61 706.162 7081.44 7032.77 6928.35 825.623 6102.73 104.417 56.6319 41.9078 36.2847
internal_count=785718 621657 314857 311442 306800 3415 27482 22833 12120 306875 23761 4669 4649 279318 278842 260297 255611 7336 19092 6953 12139 6143 5451 12092 3713 3431 2672 2204 624 5310 4615 248275 159973 5921 88302 87701 12006 4521 7485 8407 2274 468 4686 476 3170 2914 659 283114 32781 2411 1706 250333 12075 238258 211048 184810 76427 108383 26238 8387 6688 6225
is_linear=0
shrinkage=0.05


Tree=102
num_leaves=63
num_cat=0
split_feature=36 17 43 47 40 36 5 41 54 55 25 47 52 36 42 24 48 38 29 37 42 9 15 36 44 43 38 11 34 28 41 37 40 42 44 48 5 39 36 17 11 52 55 39 47 29 29 24 42 38 5 20 11 29 5 17 34 48 11 53 5 39
split_gain=56.208 24.2336 36.6744 32.4397 34.842 31.1472 35.6694 30.3334 59.5344 33.1228 32.8366 30.3191 29.6534 23.3152 26.6291 22.9757 27.1959 23.8634 44.8473 28.9904 22.8962 24.0702 28.0671 22.828 22.651 22.6134 21.807 35.2464 24.0072 21.4466 21.2001 21.1964 20.8385 19.8712 25.6756 23.0553 21.1287 27.9561 25.8598 20.3935 27.2944 22.9787 28.7175 20.1939 21.5339 30.0554 27.9868 22.0185 19.4264 24.3798 28.8228 19.2066 21.9022 22.4836 38.1701 38.375 21.6917 28.3596 25.8738 23.8524 22.3367 34.9993
threshold=289.11766052246099 -29.496982574462887 -2.9801788330078121 0.094367057085037245 -3.1176452636718746 273.82353210449224 283.74433898925787 -0.8428930640220641 -1.0000000180025095e-35 0.37940952181816107 -2.5685839653015132 -4.2558701038360587 88.222122192382827 277.35295104980474 3.1212310791015629 0.34212017059326177 0.53181481361389171 -46.647064208984368 -0.56511878967285145 286.05300903320318 1.2706451416015627 270.51721191406256 -37.869142532348626 266.17646789550787 -2.2007064819335933 9.4172973632812518 -34.352928161621087 282.63269042968756 2.1284575462341313 -1.4968738555908201 33.642942428588874 280.22875976562506 0.56863403320312511 6.2544097900390634 -1.7502269744873045 0.9702095389366151 229.01564025878909 -11.934640407562254 236.76470184326175 -4.5209541320800772 242.24576568603518 10.028089046478273 -0.91597560048103321 -35.043575286865227 7.3394865989685067 22.1867790222168 15.350136756896974 3.24913501739502 8.386817932128908 -36.941184997558587 286.61883544921881 -10.948219299316404 243.90852355957034 14.142182350158693 232.0131759643555 -8.8059463500976545 7.1661100387573251 0.13203227519989016 267.44580078125006 12.733333587646486 237.715934753418 -23.653595924377438
decision_type=2 2 2 2 2 2 2 2 2 2 2 2 2 2 2 2 2 2 2 2 2 2 2 2 2 2 2 2 2 2 2 2 2 2 2 2 2 2 2 2 2 2 2 2 2 2 2 2 2 2 2 2 2 2 2 2 2 2 2 2 2 2
left_child=1 2 29 7 -5 6 12 10 9 11 -4 -9 20 14 -12 17 48 18 19 -7 21 -6 -23 -14 -18 -13 27 28 -3 -1 -10 32 -30 36 35 -35 38 51 43 40 41 42 -39 -28 47 46 -46 -45 -17 50 -50 52 53 54 -38 -56 57 60 -59 -60 -54 -62
right_child=-2 26 3 4 5 15 -8 8 30 -11 13 25 23 -15 -16 16 24 -19 -20 -21 -22 22 -24 -25 -26 -27 33 -29 31 -31 -32 -33 -34 34 -36 -37 37 39 -40 -41 -42 -43 -44 44 45 -47 -48 -49 49 -51 -52 -53 56 -55 55 -57 -58 58 59 -61 61 -63
leaf_value=0.019453510335444246 -0.043333089342689396 0.036831783693977452 -0.024984308501790852 -0.01710634618792482 -0.048269283651646178 0.26408602754014832 0.13729630404210119 -0.035724305139226996 -0.020494543847878036 -0.016323713099013256 -0.024659434692337143 0.0067809397317450081 0.11644621936267552 0.035302441285032168 0.025805648257638633 -0.024464456767214468 0.026984732754606042 0.013576128969504598 0.53498595654050674 -0.030214873191435423 0.0067223550591717822 -0.027620998262861154 0.06208419484575585 0.029663314321079576 -0.0088534471884104231 0.10682098546082906 -0.015287102477224243 0.062294829491345627 0.078135937082915149 -0.030757238707099944 0.16888840184304077 -0.023744899299230984 -0.0065939462329066226 0.0027704544050827073 0.016563423917408972 -0.038989373970339546 0.057644465141139994 0.064134786652697756 0.013657580879874934 -0.034514249086151978 -0.028411728135829123 -0.010909878111706186 0.0036240750423142754 0.020800149064422513 0.0091493179596189925 -0.0086669712907597035 0.052952897125653764 0.00014262949008442055 -0.021644446754336466 -0.050789768494652492 0.24424098589418475 -0.015384101175631283 0.012965974050715801 -0.013752569527371979 0.035856740793785528 -0.015637429573971212 -0.005964354904595656 0.096392800962705277 0.09635038650027844 0.0060121574385082269 0.0035889412369644659 -0.012376592477091138
leaf_weight=24.22964448161656 74.308422922418686 45.613707629032433 54.912843103782507 157.32818064538878 7.2621527202427378 1.2595951340626927 6.2190833925269535 42.941524482826935 683.68802993293502 248.95703836341272 49.755723723210394 639.77678888064111 12.250299012754111 103.56755194201833 55.076520470203832 166.37805504613789 78.190925188129768 129.57791695289779 0.59745395640493271 2.4928095928335097 304.83512730430812 10.38199106545653 54.460013127652928 19.866880308371037 101.09289698750945 5.6991535698762155 193.08441360387951 36.422644955397118 12.034772015642377 173.92355884806602 1.4809322664514173 63.724173843744211 18.277104213135317 4566.2964578166138 347.49330678256229 33.292643112596124 53.472890718840063 24.088440836407244 405.0868759569712 92.485688062384725 135.0576163539663 259.34641748573631 105.40581177081913 131.76189782656729 77.714571441523731 78.348449686542153 68.699631348252296 6142.3073772368953 1.7137069153832269 2.9495579343056297 2.5152820547809824 232.16661828476936 311.10741769499145 58.448510934133083 67.47011628607288 78.01540857180953 1570.4630417408189 12.996953150257466 8.4961766558699292 52.196700317785144 1032.8870400653686 514.13298170641065
leaf_count=872 163903 591 7822 13529 228 56 387 5772 93272 40043 1114 67739 172 6837 922 44917 13099 5450 308 1377 13690 972 1011 354 16338 407 1885 3809 223 18114 20 5098 1320 77901 2784 1113 712 296 4890 1066 2118 3337 1464 699 426 705 454 49435 373 328 427 3470 2700 2245 1031 1069 62977 124 197 1291 23529 7217
internal_value=7.22924e-05 0.00023379 -0.00379611 -0.00239525 0.00460606 0.00839298 0.0184521 -0.0063282 -0.00888275 -0.000694367 0.00941301 0.00495778 0.0166452 0.0184766 0.00185379 -0.000188704 -0.00688122 0.0174431 0.132637 0.0685751 0.0127156 0.0380534 0.0477213 0.0627645 0.00677663 0.00766423 0.000986535 0.0184906 0.00706582 -0.0246176 -0.0200852 -0.00737264 0.0270465 0.000801457 0.00345827 0.00246819 -0.000321413 -0.00295766 0.00139036 -0.0128683 -0.00904709 -0.00232108 0.0148802 0.000647778 0.00112121 0.0163276 0.0297026 0.000576459 -0.0209898 0.0595434 0.136497 -0.00142735 -0.000565498 0.0135113 0.0215206 0.00824342 -0.0016001 0.00194781 0.0323686 0.0186583 0.000741374 -0.00171701
internal_weight=20046.1 19971.8 3143.38 2945.23 1059.37 902.044 415.276 1885.86 1622.54 937.375 263.313 688.417 409.056 208.4 104.832 486.768 352.84 133.928 4.34986 3.7524 376.939 72.1042 64.842 32.1172 179.284 645.476 16828.4 176.072 139.65 198.153 685.169 94.0361 30.3119 16652.3 4947.08 4599.59 11705.2 4608.24 7097 616.384 523.898 388.841 129.494 6691.92 6498.83 224.763 146.414 6274.07 173.557 7.17855 4.22899 3991.85 3759.69 257.407 198.958 145.486 3502.28 1931.82 73.6898 60.6929 1858.13 1547.02
internal_count=786029 622126 355950 336964 113016 99487 16814 223948 207253 113961 16695 73918 16427 8873 2036 82673 75482 7191 1741 1433 15901 2211 1983 526 29437 68146 266176 11041 7232 18986 93292 6641 1543 255135 81798 79014 173337 114843 58494 8281 7215 5097 1760 53604 51719 1585 880 50134 46045 1128 800 106562 103092 5057 2812 2100 98035 35058 1612 1488 33446 30746
is_linear=0
shrinkage=0.05


Tree=103
num_leaves=63
num_cat=0
split_feature=36 13 42 48 44 39 44 4 49 49 51 45 48 46 27 49 49 42 40 39 13 44 47 45 46 51 40 55 49 49 24 12 54 47 40 37 48 10 48 13 39 54 46 41 41 49 39 20 47 53 47 49 49 34 49 53 49 52 49 49 52 48
split_gain=60.2088 23.0744 19.8056 26.0695 24.8572 21.9081 25.1292 28.4926 20.5458 22.4157 19.6075 18.5561 23.3531 37.5866 30.0947 37.0166 30.989 24.3758 24.3174 33.1057 28.497 23.7173 21.9099 24.933 21.782 19.6873 18.4227 31.4502 18.2935 26.4858 24.4993 21.2954 17.8849 18.9557 22.0893 21.9344 26.2426 31.4078 24.1504 20.875 19.1388 18.5696 17.7876 17.6883 26.906 21.8238 17.4924 26.8623 26.3729 17.2079 22.8237 18.2955 18.1534 17.4588 17.1439 33.0201 23.5234 21.8186 21.0358 20.9878 18.8639 17.4205
threshold=286.76470947265631 -54.199787139892571 1.882164001464844 0.9657111167907716 -0.40054702758789057 -52.294847488403313 2.8845443725585942 261.73628234863287 247.43756103515628 255.95982360839847 4.4988656044006357 6.0477619171142587 0.2540810108184815 12.248271942138674 12.491826057434084 276.94873046875006 280.31988525390631 -0.79554748535156239 25.823532104492191 -3.5671762228012081 0.66212463378906261 -1.8079719543457029 0.85524892807006847 0.38357734680175787 0.71564197540283214 83.544883728027358 15.862731933593752 -0.7865660786628722 256.94619750976568 268.43287658691412 12.573665618896486 -39.616804122924798 0.98296290636062633 0.067178636789321913 5.0392150878906259 242.34204864501956 -0.3497984111309051 277.30360412597662 -0.26709595322608942 -42.441862106323235 -5.6702983379364005 -0.7865660786628722 2.234700202941895 11.906797409057619 20.6625509262085 278.14425659179693 -39.650695800781243 -36.383932113647454 3.507806777954102 83.361110687255874 -4.4585323333740225 259.31796264648443 268.43287658691412 10.855023860931398 261.09867858886724 346.58332824707037 267.04945373535162 13.974009513854982 258.11538696289068 256.32855224609381 11.495988845825197 0.91066169738769542
decision_type=2 2 2 2 2 2 2 2 2 2 2 2 2 2 2 2 2 2 2 2 2 2 2 2 2 2 2 2 2 2 2 2 2 2 2 2 2 2 2 2 2 2 2 2 2 2 2 2 2 2 2 2 2 2 2 2 2 2 2 2 2 2
left_child=1 -1 5 4 10 -3 11 8 -8 -10 28 12 13 14 15 22 -17 21 19 26 -20 -18 32 -24 -13 -26 54 -28 30 -30 -4 -31 33 34 39 42 -37 41 -39 -7 49 -38 -35 -9 45 -45 48 -48 -11 -36 -51 -52 -53 -54 55 57 -56 60 -57 -59 -14 -58
right_child=-2 2 3 -5 -6 6 7 43 9 46 -12 24 18 -15 -16 16 17 -19 20 -21 -22 -23 23 -25 25 -27 27 -29 29 31 -32 -33 -34 35 40 36 37 38 -40 -41 -42 -43 -44 44 -46 -47 47 -49 -50 50 51 52 53 -55 56 58 61 59 -60 -61 -62 -63
leaf_value=-0.029560148249473894 -0.035774312515311261 -0.034312392071768706 -0.02115600195240433 -0.01715606620990939 0.010569462589648429 0.023528765020856289 0.037530070416351036 0.018128699518510136 -0.029774871736520454 0.0025394923407784571 0.0016782291705244379 -0.032577525339529526 0.0060898429625401117 0.036242567478300375 -0.021116624519760874 -0.039599293521139632 0.066700123059925828 -0.01483604063888485 -0.009940513713117969 0.024452913519237434 0.04223564810890177 0.0015603411106428298 -0.02425971954853258 -0.0011198753152868379 -0.0087862983944805625 0.029689748672889617 0.0041665331574270714 -0.018071191746382873 -0.021882675368471976 -0.01895891963820695 0.027181901968007377 0.0044994302893060292 -0.040070961302939634 -0.016513576651722758 -0.013081845796208936 0.0058445244454379871 0.0019718238140176126 0.073609785892395502 -0.031615789445131992 -0.0070603025787972749 0.042743177532983435 0.05745606952232965 0.011846438323395027 0.016863587287859236 -0.017625120357061281 0.1414884388840876 -0.040029267603150405 0.0064909979878627127 -0.027545938539546618 -0.028715133310866527 0.067421806271911022 -0.025847111499500027 0.076558388363455979 0.002722817222087007 -0.024509718275046735 0.026480675032239442 0.0071876139995555926 -0.026042870860368713 0.1048034767348891 0.038608395390085475 -0.043693655155465048 -0.015747908602399548
leaf_weight=66.285663367889356 119.04144363768864 51.658379678905476 38.40942849824205 187.29009455669438 730.82298198662465 60.203452123096213 39.836171476170421 88.344948553654831 56.410149212460965 207.84468831191771 9650.5270325282472 93.769010821124539 85.321196981240064 54.462783993221819 285.70363321527839 100.62648541090311 15.906751308124511 485.4544337389525 563.89666930912063 180.1964094247669 27.443043179810047 114.98935381748015 187.25083850679221 307.70954835461453 748.73449626821093 34.791388746816665 398.95575702667702 264.34301683760714 262.95712478429778 134.79554354917491 82.552197403507307 342.72972842748277 24.654295020503923 103.89035838469863 70.481698695803061 166.99323983956128 18.133250208571553 6.9913285975344506 24.778828335634898 758.13622447958915 43.929608892649412 89.561014942359179 118.18920933268964 5.1376639179652619 6.6025885776616624 11.107722598651888 31.912732927128673 1123.4152048793621 112.14576457324438 19.394567277282476 24.643863510340452 17.735411566449329 15.003391520585863 17.16668634628877 73.219565853942186 18.389438569778576 838.9562345604063 15.010064465925096 16.059353007760365 76.690521927899681 24.490149062592536 91.855771136644762
leaf_count=28439 236542 11775 352 5788 8170 5504 228 5624 1606 6245 263001 1559 1375 318 3639 7610 285 35315 5178 956 225 4264 3381 6446 13356 613 6926 4619 6947 13579 936 6251 1021 661 1481 4226 241 365 1888 11414 259 1288 643 439 199 362 625 16939 5566 240 228 440 209 237 3728 255 30195 271 240 1118 374 4099
internal_value=-0.000320998 -0.000109075 -1.07217e-05 0.00134476 0.00165296 -0.00185109 -0.00165067 0.00381054 0.00207993 0.00115797 0.00103305 -0.00302556 -0.00200157 -0.00493186 -0.00566052 -0.00407881 -0.0138729 -0.00967277 0.00142954 0.00396937 -0.00751911 0.00947626 -0.000694394 -0.00987402 -0.00980334 -0.00707782 0.00203006 -0.00469582 -0.00619467 -0.00913958 0.011833 -0.00212238 0.00218148 0.00285128 -0.0011093 0.0105448 0.0192157 0.0352262 -0.00845989 -0.00480993 0.0134254 0.0481138 -0.00142057 0.0282703 0.0674844 0.102075 0.00234072 0.005206 -0.00800443 0.00559252 0.019603 0.0321733 0.0147673 0.037158 0.00562788 0.0177553 0.00277777 0.0100218 0.0629932 0.0280259 -0.00501288 0.00492426
internal_weight=20033.9 19914.9 19848.6 11430.1 11242.8 8418.53 8366.87 1682.76 1571.56 1531.73 10512 6684.11 5806.82 3131.99 3077.53 2791.82 716.977 616.351 2674.83 2083.49 591.34 130.896 2074.85 494.96 877.295 783.526 1903.29 663.299 861.444 740.482 120.962 477.525 1579.89 1555.23 1026.69 528.537 306.458 139.464 31.7702 818.34 208.355 107.694 222.08 111.193 22.848 16.2454 1475.32 1155.33 319.99 164.426 93.9439 74.5494 49.9055 32.1701 1239.99 235.961 1004.03 201.512 34.4488 91.7006 109.811 930.812
internal_count=786303 549761 521322 305024 299236 216298 204523 37833 31209 30981 291066 166690 151162 91603 91285 87646 47474 39864 59559 54156 5403 4549 40172 9827 15528 13969 53200 11545 28065 26777 1288 19830 30345 29324 20012 9312 8008 3782 2253 16918 3094 1529 1304 6624 1000 801 29375 17564 11811 2835 1354 1114 886 446 41655 3633 38022 3138 495 1389 1749 34294
is_linear=0
shrinkage=0.05


Tree=104
num_leaves=63
num_cat=0
split_feature=36 5 4 45 13 45 5 31 50 48 41 54 5 24 48 48 16 49 49 36 54 54 5 49 52 29 53 49 44 41 50 49 49 42 41 36 49 54 49 41 40 36 40 49 49 28 40 39 54 48 36 23 39 48 39 49 48 48 49 48 29 48
split_gain=53.6733 23.1784 29.7304 95.4735 43.5754 17.1235 32.3863 21.1865 20.1256 18.7315 41.8318 39.6588 33.4663 79.6413 39.5235 48.1543 36.0779 43.8141 53.0462 54.5292 65.0028 35.3433 37.967 34.4577 31.1421 31.2152 30.847 30.1607 29.3834 28.4635 28.4547 27.4628 32.1905 26.8507 26.3341 44.8382 34.9975 33.8926 43.2235 56.8219 43.1729 39.3048 47.3412 45.1622 36.132 37.9254 35.606 45.0474 43.2341 45.8775 73.5844 48.3644 56.4433 34.8605 33.243 32.8343 37.3021 43.6595 36.9233 43.7264 41.3866 40.3507
threshold=286.76470947265631 279.16499328613287 283.97285461425787 0.54717016220092785 -49.542743682861321 12.60835647583008 205.86235046386722 8.2976541519165057 112.07171630859376 0.04865998029708863 14.460176944732668 0.98296290636062633 252.14149475097659 5.2577133178710946 -0.47515141963958735 -0.74852561950683583 -17.910257339477536 274.91055297851568 272.37759399414068 233.82353210449222 0.78656607866287243 0.37940952181816107 274.35581970214849 289.66523742675787 39.807723999023445 7.652031898498536 7.8333334922790536 263.73217773437506 -2.7941436767578121 3.3650461435317998 129.50785064697268 272.51168823242193 272.37759399414068 0.76033020019531261 23.447105407714847 222.64705657958987 287.60899353027349 -0.6035533845424651 254.46063232421878 35.060516357421882 24.705894470214847 209.11765289306643 19.470581054687504 258.38572692871099 256.32855224609381 17.916925430297855 28.66666412353516 -5.6702983379364005 1.0000000180025095e-35 0.9032464623451234 244.41175842285159 -13.941028118133543 -24.172114372253414 0.81550949811935436 -31.876543998718258 270.49778747558599 0.8994269371032716 0.8446832299232484 269.27120971679693 0.73976010084152233 11.094322204589846 0.81550949811935436
decision_type=2 2 2 2 2 2 2 2 2 2 2 2 2 2 2 2 2 2 2 2 2 2 2 2 2 2 2 2 2 2 2 2 2 2 2 2 2 2 2 2 2 2 2 2 2 2 2 2 2 2 2 2 2 2 2 2 2 2 2 2 2 2
left_child=5 2 -2 -4 -5 9 -7 8 -8 10 11 12 16 14 15 -14 24 18 26 -20 29 27 -23 -15 25 -1 -18 -17 -24 33 -13 32 -12 -21 35 54 37 38 39 40 -36 -40 43 44 -43 -46 47 48 49 50 51 52 -39 -47 -11 58 57 -57 59 60 -37 -61
right_child=1 -3 3 4 -6 6 7 -9 -10 34 31 30 13 23 -16 21 17 -19 19 20 -22 22 28 -25 -26 -27 -28 -29 -30 -31 -32 -33 -34 -35 36 55 -38 46 41 -41 -42 42 -44 -45 45 53 -48 -49 -50 -51 -52 -53 -54 -55 -56 56 -58 -59 -60 61 -62 -63
leaf_value=0.017761626234009276 0.006399853457607573 -0.040652928540551914 -0.050057421396875648 0.38949633417085966 1.3906904800511168 0.024397629808196476 -0.0027662361343007529 -0.017646998390558617 0.052339339216367242 -0.016120628487090945 -0.012633267892224269 -0.026510112225410859 -0.029889840406833009 -0.03426986648802114 -0.0069280149349714845 0.063510397974506583 -0.012763919905238973 -0.0092989189190663488 0.030779587304291235 0.037783113930385206 0.058537357624434128 -0.028693051550041176 0.035752281032868448 0.098451065831269488 -0.022106100109129032 -0.042487446495313407 0.0023662543770393285 0.011429075597288387 -0.010377018190385485 -0.032149066614137807 0.030251465934972084 -0.039007935733027715 0.057394239312416523 -0.017751430323855715 0.017463417043947573 0.0040676844739991769 -0.03110019574682979 0.038139269264828947 0.021368953369657006 0.04772211307881484 -0.028210721710074899 -0.0008206110984033283 -0.025991306419703028 -0.012797919209241317 0.0010558830556512634 0.04249350791096463 -0.006125743699905848 0.015727247368745281 -0.0094098465345392908 -0.00057146953991128681 -0.00059262095812120334 0.020069753378397347 0.14456485138515263 0.14198710560300939 0.021279357732057885 0.0059107603718987281 -0.013110880126244284 0.030918389398661778 -0.018978865104052001 0.032477297229774514 -0.014461301364832181 0.0038758361189794761
leaf_weight=647.3751044528326 7.2635830067156331 106.09604571308591 0.81066742530674651 0.22750602508313023 0.20807563411653973 68.260373268276453 117.3758960319683 420.6911417869851 19.292411272414029 67.002551726065576 374.34359052870423 213.65273863368202 90.187155141087715 239.77541811158881 1588.8956890238915 28.818863141234033 378.25981245609 885.60287259169854 319.34927788656205 39.330373626202345 37.587079511024058 119.03682917100377 61.097964758810122 4.9922507817391297 59.087090302957222 22.23679145378992 3078.786773848813 784.94889700418571 79.362742130528204 97.668931371532381 24.624015283188783 99.270032441010699 17.163269832730293 48.736336030066013 117.3589251274243 586.55863485398004 95.70797566435067 22.929745111614466 87.103520400822163 76.259521797299385 92.530537571758032 103.38991312729195 446.946364518255 460.38697152445093 26.559933408629149 24.014449785463512 773.57224758295342 785.73642409592867 571.52593253494706 315.28043414000422 88.853437102399766 36.074198567308486 27.280699077062309 13.900008560158311 524.67779453005642 2504.1853159551392 235.18235715595074 187.60712130612228 282.17792144359555 157.4439543040935 619.8278599185287 568.86813129280927
leaf_count=14526 2697 231921 1347 354 62 323 1368 10519 156 443 6805 8522 8458 22659 85806 578 3900 9552 1929 260 374 4335 5618 251 1446 1728 25431 37386 7270 1710 793 3159 179 336 738 23188 2064 365 366 601 506 1338 6914 7684 315 361 6554 5329 16120 8359 1637 480 516 235 3114 122212 20648 8449 10468 3907 13989 17152
internal_value=-0.000165661 -0.0342847 0.0451111 0.270734 0.867763 3.11818e-05 -0.00810953 -0.0120907 0.00501259 0.000295902 -0.00131022 -0.000522216 3.45757e-05 -0.0042315 -0.00180091 0.00520105 0.00231208 0.000764038 0.00299214 0.0175255 -0.00142768 0.00814976 -0.00791794 -0.0315629 0.0126904 0.0157608 0.000710755 0.0132735 0.00968842 -0.0135627 -0.0206443 -0.0155191 -0.00956333 0.00705016 0.00181137 0.0040095 -0.00121427 -0.000511439 -0.00664967 0.010758 -0.00267219 -0.0109353 -0.0135523 -0.00470308 0.017498 0.0468733 0.00288042 0.00665105 -6.44541e-05 0.0108265 0.031345 0.0642334 0.0959632 0.0789694 0.0170441 0.00250958 0.00598526 0.00765369 -0.00208355 0.000383201 -0.0054523 0.0100758
internal_weight=19979.4 114.606 8.50983 1.24625 0.435582 19864.8 625.62 557.359 136.668 19239.1 9340.19 8849.41 8611.14 2997.12 2752.35 1163.45 5614.02 4885.32 3999.72 542.672 223.323 1073.27 259.498 244.768 728.699 669.612 3457.05 813.768 140.461 185.736 238.277 490.777 391.507 88.0667 9898.94 5733.53 4165.41 4069.7 1448.45 286.149 209.889 1162.3 1075.2 628.251 167.864 64.4744 2621.25 1847.68 1061.94 490.419 175.138 86.2846 50.2104 37.9145 591.68 5141.85 2926.97 2691.79 2214.88 1932.7 1206.39 726.312
internal_count=785810 236381 4460 1763 416 549429 12366 12043 1524 537063 253011 242868 233553 172361 149451 63645 61192 43492 33940 4609 2680 55187 17223 22910 17700 16254 29331 37964 12888 2306 9315 10143 6984 596 284052 223570 60482 58418 19058 1845 1244 17213 16847 9933 2249 911 39360 32806 27477 11357 2998 1361 881 596 3557 220013 151309 130661 68704 58236 37177 21059
is_linear=0
shrinkage=0.05


Tree=105
num_leaves=63
num_cat=0
split_feature=2 54 49 49 49 52 41 48 17 53 20 9 23 50 49 36 52 11 14 49 29 11 39 34 49 52 40 48 49 51 49 52 17 49 49 49 40 41 49 48 49 48 37 49 49 48 49 49 27 49 45 49 36 49 9 40 23 34 8 49 53 38
split_gain=48.2079 20.6615 51.2266 86.2533 71.2839 74.9196 55.1376 49.1377 53.625 48.5144 44.4911 40.3015 46.5642 37.1241 36.6825 45.2487 35.7901 40.4071 35.3672 57.2843 55.4284 121.37 30.1713 29.111 28.3603 27.1394 26.0557 25.6145 24.5923 30.0383 22.7093 26.8797 52.2654 41.3507 39.3821 126.622 122.792 40.2443 36.3435 73.4407 54.9817 43.4767 34.4472 80.0659 67.3212 57.4126 54.8036 49.2832 48.1403 38.8543 38.8055 36.6829 42.775 35.4894 35.227 34.4035 30.3749 28.2308 27.85 130.568 27.793 25.5391
threshold=292.69541931152349 0.78656607866287243 270.26141357421881 285.67515563964849 267.93310546875006 41.086523056030281 2.2628979682922368 -0.42335101962089533 -39.249187469482415 218.79166412353518 1.0000000180025095e-35 211.76081848144534 -1.2585433125495908 4.1289961338043222 263.06666564941412 233.82353210449222 95.494766235351577 280.98776245117193 -2.5146064758300777 263.43424987792974 5.1821250915527353 261.49200439453131 -38.37908744812011 0.61828798055648815 258.11538696289068 10.639651775360109 -3.6862716674804683 -0.27623295783996576 256.60597229003912 43.426412582397468 285.23387145996099 70.743980407714858 -29.145763397216793 279.70571899414068 276.94873046875006 276.75975036621099 3.3333206176757817 15.799563884735109 281.42471313476568 0.45948058366775518 278.60643005371099 0.48329061269760137 261.01306152343756 275.32183837890631 275.10462951660162 -0.25980782508850092 274.13537597656256 273.86521911621099 1.0976161956787112 274.68690490722662 1.0287246704101565 271.58435058593756 256.17646789550787 274.13537597656256 277.78387451171881 2.7843093872070317 -6.4108130931854239 9.4315476417541522 286.94938659667974 282.01361083984381 304.33332824707037 -39.411750793457024
decision_type=2 2 2 2 2 2 2 2 2 2 2 2 2 2 2 2 2 2 2 2 2 2 2 2 2 2 2 2 2 2 2 2 2 2 2 2 2 2 2 2 2 2 2 2 2 2 2 2 2 2 2 2 2 2 2 2 2 2 2 2 2 2
left_child=1 10 4 7 5 9 22 -4 16 18 -1 -11 25 -5 15 -7 -9 -18 19 24 21 -21 -6 -23 -3 -13 -10 -25 -20 -30 31 34 33 -33 35 37 -37 42 39 -36 41 -41 43 44 45 -28 47 50 49 53 55 52 57 -44 -51 -47 60 -50 -40 -60 -39 -61
right_child=-2 2 3 13 6 14 -8 8 26 11 -12 12 -14 -15 -16 -17 17 -19 28 20 -22 23 -24 27 -26 -27 30 -29 29 -31 -32 32 -34 -35 38 36 -38 56 58 40 -42 -43 48 -45 -46 46 -48 -49 51 54 -52 -53 -54 -55 -56 -57 -58 -59 59 61 -62 -63
leaf_value=0.00038459723944766274 -0.04906570404126688 -0.0096518910967399035 -0.035533741220031133 0.046753842973259352 -0.052168243193496479 0.014930471820545561 -0.049814423296421995 -0.031871662139590314 -0.019112174733869405 -0.035837167600054086 0.034080120429398404 0.028566624896519358 0.058911316268328739 -0.02566499858323314 -0.034983795836090729 0.073425402974785767 0.14880232522221684 -0.042734503396769319 0.031511942556473473 0.13414099471622623 -0.032134454105537801 0.052790226592605453 0.010396270270574832 0.11016064017302614 -0.037363216248500045 -0.0032003772922024202 0.10240072826339895 -0.040773217593063182 -0.012485023873037182 0.02883240614997426 0.044778310990189613 -0.051431902827146853 -0.035908719581062606 0.092642543794509091 -0.044238225964569083 -0.029633523348459798 0.21972310393256539 -0.034872993505327632 0.0074222701434298131 0.085467602183622426 0.13179238055655212 -0.037631385103302314 0.028356289442049539 -0.0060977211042525202 0.11735987870075271 0.037861380436567303 -0.022887027461456499 0.090092988953538095 0.10827953954597413 0.070456284221631513 0.052607133283834144 -0.017715090347550717 -0.010147880393564027 -0.049382971667839393 0.0080478639898841041 -0.019720130728793517 0.044628161827616392 0.01598748009621143 0.44044295751633034 0.15904924584839139 0.02257906787466404 -0.045858164242388574
leaf_weight=15707.511925836559 50.656444993015612 124.12905530445278 67.139876660745358 18.773744316684315 25.163565059163375 93.088711191900074 173.95598574509495 113.60240648119361 70.688413244322874 53.994247294962406 98.579373642802238 88.160770457790932 43.688218846917152 308.47412085966789 21.025648164155427 51.268653937760973 6.0856225145980698 5.029016025189776 43.533240541815758 21.838690780568868 52.502837454987457 15.266297947295241 82.272888656298164 3.0530678626382715 360.39514905191027 283.24377549334895 28.319047315046191 35.445860039268155 393.83560739271343 49.520704906433821 50.892824243113864 7.1042042215121937 72.294184434693307 16.657671315479092 101.81368767097592 7.4372072396799949 14.686419008299707 85.473860147409141 194.70817781682126 10.499329985119401 10.686918752850032 22.638852854724973 38.440108238806715 121.36212695250288 26.828053091652691 48.199604674242437 44.875420442316681 37.333629834931344 18.161590141244233 65.705791376531124 83.47364155203104 175.61883064112044 40.766954778402578 23.752713003661484 34.475692854670342 56.170805701054633 21.086488828063011 15.237635479308663 2.1312042673234819 1.9897539752419096 27.92899493733421 6.4501073053688733
leaf_count=520909 104991 1893 3516 2418 2743 709 6986 30862 1843 246 709 1243 212 45045 1020 897 65 825 206 422 3360 671 772 151 9915 5056 215 3463 2411 245 1344 480 1062 267 4070 372 237 1885 3814 312 324 754 1216 1022 223 358 397 252 206 373 581 6146 1862 684 953 553 100 627 136 204 367 831
internal_value=-0.000350985 -0.000227131 -0.00338146 0.00207756 -0.00907779 -0.00528971 -0.0324206 0.00642453 0.00807328 -0.00866439 0.000594749 0.00479804 0.0100838 -0.0215104 0.0267181 0.035705 -0.0234936 0.0621381 -0.0144078 -0.0224022 0.00733225 0.0347398 -0.00425747 -0.00563566 -0.0302639 0.0043402 0.0105589 -0.0288038 -0.00434889 -0.00787007 0.011945 0.0108023 -0.0147639 0.0495679 0.0125997 0.0175903 0.135898 0.014955 -0.00183989 -0.0209435 0.0331745 0.00137066 0.0189381 0.0285589 0.0414925 0.0346709 0.0275685 0.0376237 0.00851423 0.0297084 0.0271955 -0.00526317 0.0242218 -0.00133393 0.0489795 0.00687176 -0.0104772 0.0661734 0.0117135 0.0907527 -0.0207236 0.00245013
internal_weight=19975.1 19924.5 4118.38 2102.99 2015.38 1733.99 281.392 1775.75 1708.61 1568.61 15806.1 469.087 415.093 327.248 165.383 144.357 124.717 11.1146 1099.52 612.631 128.107 75.6039 107.436 53.7652 484.524 371.405 1583.89 38.4989 486.89 443.356 1513.2 1462.31 96.0561 23.7619 1366.25 1015.33 22.1236 993.211 350.918 145.639 43.8251 33.1382 858.722 446.562 325.2 298.372 270.053 225.178 412.159 162.374 187.844 249.785 74.1662 62.1928 100.181 104.37 134.489 33.3992 205.279 10.5711 113.403 8.43986
internal_count=786031 681040 159422 116801 42621 32120 10501 69338 65822 29494 521618 6757 6511 47463 2626 1606 31752 890 22737 19875 8067 4707 3515 4285 11808 6299 34070 3614 2862 2656 32227 30883 1809 747 29074 18629 609 18020 10445 5460 1390 1066 15668 3601 2579 2356 2141 1744 12067 3226 1492 8841 2695 1900 1326 911 2352 833 4985 1171 2252 1035
is_linear=0
shrinkage=0.05


Tree=106
num_leaves=63
num_cat=0
split_feature=2 0 39 23 51 25 29 29 49 49 29 40 26 48 37 48 48 49 49 55 39 35 45 29 52 23 2 52 54 49 45 37 36 35 35 22 48 0 25 39 53 23 38 43 40 28 30 9 38 45 48 36 55 32 48 42 29 39 48 48 35 5
split_gain=48.3977 18.6767 24.1913 26.1389 37.1324 44.4022 30.9652 28.4683 25.6591 42.5609 21.7673 45.7615 28.8624 26.2121 24.8502 33.5285 24.3224 32.5913 27.1436 24.4794 24.4304 24.0175 27.7051 22.7645 37.2159 34.7777 23.6576 57.0953 20.5467 22.8039 36.4755 26.0506 24.9459 37.2241 68.4602 22.8341 19.4699 19.2708 32.8687 18.7817 25.4272 22.6824 86.3196 18.3772 20.1244 23.2858 40.9723 29.6584 18.7444 18.4234 17.8388 17.7945 17.6569 22.3395 22.9924 21.3865 16.8252 38.2788 28.5277 26.0025 63.0892 34.917
threshold=292.69541931152349 282.14843750000006 -47.144521713256829 -42.610904693603509 50.025959014892585 2.1931514739990239 0.89696502685546886 7.0505065917968759 280.13768005371099 283.36277770996099 3.5391874313354497 -0.37255859374999994 3.726521492004395 0.94361287355422985 291.36166381835943 0.92260730266571056 -0.48176059126853937 286.93914794921881 285.95608520507818 0.78656607866287243 -43.190996170043938 -1.8744184374809263 0.30076980590820318 -0.73326015472412098 25.382464408874515 -39.792518615722649 287.55557250976568 19.516024589538578 -0.91597560048103321 272.85017395019537 -2.0413761138916011 280.76617431640631 280.88236999511724 4.9928681850433358 5.8891959190368661 -47.287818908691399 -0.69827961921691883 293.00590515136724 13.834418296813967 -55.083513259887688 152.00000000000003 -54.55744552612304 -40.941184997558587 0.94943237304687511 0.82352447509765636 0.85110712051391613 1.8629035949707033 281.66918945312506 -6.0588302612304679 -6.3731393814086905 0.68933624029159557 197.94117736816409 1.0000000180025095e-35 6.3076045513153085 0.23799896240234378 0.076629638671875014 25.891773223876957 -4.3369648456573477 0.97297734022140514 0.086114823818206801 10.539787292480471 251.08115386962893
decision_type=2 2 2 2 2 2 2 2 2 2 2 2 2 2 2 2 2 2 2 2 2 2 2 2 2 2 2 2 2 2 2 2 2 2 2 2 2 2 2 2 2 2 2 2 2 2 2 2 2 2 2 2 2 2 2 2 2 2 2 2 2 2
left_child=1 2 -1 4 5 6 -4 8 -6 -10 11 16 -12 14 52 39 17 18 20 -18 21 22 -3 24 -20 -26 -25 -28 29 30 -13 -32 -33 35 -35 -34 -23 38 -17 -16 41 42 -41 -30 45 49 -47 -48 -49 -45 -9 -5 53 54 -14 -56 59 -58 -59 60 61 -53
right_child=-2 10 3 51 7 -7 -8 50 9 -11 12 28 13 -15 15 37 19 -19 23 -21 -22 36 -24 26 25 -27 27 -29 43 -31 31 32 33 34 -36 -37 -38 -39 -40 40 -42 -43 -44 44 -46 46 47 48 -50 -51 -52 56 -54 -55 55 -57 57 58 -60 -61 -62 -63
leaf_value=-0.016918759894364793 -0.05005032298235626 0.06110394259781457 0.02006485034398775 0.036913664152926171 -0.015178839475655976 -0.0075219495889626373 0.1106658389310087 0.11453383721456366 0.10183247304850492 -0.01157578666526593 0.13431780892502085 -0.04518217453650792 -0.036819609175854952 -0.030812031660897177 -0.0251611943007926 0.3809863666705583 -0.0029182155769445946 -0.015480358572663387 -0.033676119834717563 -0.029972859961892778 -0.0084095935578020423 -0.01646097666804203 0.3012680035583708 0.076032900646599344 -0.037377649830685512 0.17408348052652906 0.082116748379627347 0.56994217847130146 -0.035371529770300746 -0.014610647891063911 0.20281992681714614 0.012320498750590228 -0.019922256830941877 0.7915974988104163 -0.050233658048206134 0.17541357002888436 0.028742170638774156 -0.0039933512517030733 0.035359714334688486 0.032569360659468242 -0.0074698094902005061 0.060439089410378205 0.84693271153728922 0.021170360408181117 -0.027656821928028281 0.13807618566618371 0.12426201436370457 -0.020090842105883612 0.14126328700957957 -0.047821069994049864 0.046893451035378175 0.0028178329451794548 -0.039335732401216392 0.0011852517596689024 0.19780420385325212 0.050547256265534246 -0.020667867284767102 -0.0021029832018004415 0.039235020308878571 0.0031976971361571734 -0.012363422671024971 -0.0050536557321240461
leaf_weight=192.70136464538518 48.170728574041277 5.3298745529027647 151.64437723229639 33.568353302776814 32.54430806147866 266.09400178259239 10.056176665006204 14.090151738841085 17.212544921319932 15.929012059932573 4.1257973239989942 11.416970143851357 6.7455270939099163 57.642177659086883 13.908006463752825 1.730389352655038 519.77766112741665 102.23699904486421 11.56597854717984 99.636925649974728 94.042318493273342 29.819027573568746 1.5500741847499737 11.388935870025305 2.92643747740658 5.7940216304850747 1.8582155978947406 0.8856979100673924 205.6884775244398 114.11274324313854 2.9045544569380608 17.356809443444948 2.9937959196686315 0.53399497675127339 0.44091592164477333 2.9906041056674395 118.43374862425844 1.0820404701808 1.1417461123492101 1.2082822038792072 16.04067967023002 24.049112944019729 0.44532460253685613 15.406754347030072 114.92422845331021 7.3269324818684245 4.7580149499699464 28.620633457787335 1.9207055447623158 26.017121558194049 31.626583487261087 5304.2663555960171 25.437356077425648 685.98265625009662 2.7897744892979999 21.22100962427794 297.86763773858547 1076.1101506184787 43.419619096443057 7008.1158455716213 1054.8264431080315 1918.3789523378946
leaf_count=15529 104860 736 3842 385 1456 16788 269 305 274 497 398 1014 708 8661 9993 371 69378 21114 1153 11369 3371 3800 166 364 362 231 425 266 99283 20285 66 1212 1828 217 231 118 13374 813 434 1234 7234 9265 68 522 17601 610 122 3757 20 3974 458 50393 2833 56878 571 3255 8159 6538 303 126597 21354 48307
internal_value=6.76088e-06 0.000127964 0.000698902 0.000895417 0.0117311 0.00503525 0.0256993 0.0374435 0.0163569 0.0473244 -0.00398273 -0.00750335 0.00238811 0.00175476 0.00409607 0.0351571 -0.00113187 0.00872251 0.0174478 -0.00727013 0.0116986 0.0238883 0.115214 0.0590682 0.0251283 0.103121 0.107786 0.23958 -0.0189938 -0.00336922 0.0298313 0.0612937 0.0443884 0.124367 0.410869 0.0776936 0.0196502 0.175841 0.243591 0.0251612 0.0419276 0.0727557 0.251881 -0.0248917 -0.0140581 0.00453572 0.0304795 0.00814613 -0.00994349 -0.0221611 0.0677406 0.000546328 0.00160149 0.00305437 0.0447429 0.0676568 0.00047324 -0.00473809 -0.000499738 0.000956475 -0.000941055 0.000727117
internal_weight=19942.8 19894.7 17468.5 17275.8 539.197 427.795 161.701 111.403 65.6859 33.1416 2426.21 1562.66 863.55 859.424 801.782 59.6056 1005.25 385.831 283.594 619.415 249.175 155.133 6.87995 34.4193 20.2864 8.72046 14.1328 2.74391 557.413 152.75 38.6376 27.2207 24.3161 6.95931 0.974911 5.9844 148.253 3.95418 2.87214 55.6514 41.7434 25.7027 1.65361 404.663 198.974 84.0502 42.6263 35.2994 30.5413 41.4239 45.7167 16736.6 742.176 716.739 30.7563 24.0108 16703 1417.4 1119.53 15285.6 8277.47 7222.65
internal_count=785999 681139 301454 285925 23889 20899 4111 2990 2227 771 379685 276969 102716 102318 93657 29412 126109 45362 24248 80747 21447 18076 902 2801 1746 593 1055 691 150860 24971 4686 3672 3606 2394 448 1946 17174 1618 805 27794 17801 10567 1302 125889 26606 9005 4509 3899 3777 4496 763 262036 64245 61412 4534 3826 261651 15000 6841 246651 120054 98700
is_linear=0
shrinkage=0.05


Tree=107
num_leaves=63
num_cat=0
split_feature=2 38 50 35 11 52 17 54 45 23 52 40 5 54 40 48 41 39 54 42 35 45 48 41 40 22 24 48 54 48 45 38 5 27 4 17 26 5 47 22 35 54 53 54 48 53 17 51 24 35 36 47 48 48 5 48 48 40 44 41 48 10
split_gain=45.646 21.6938 46.478 24.706 33.049 18.7217 31.9227 29.6546 54.7979 54.8834 37.1964 21.148 27.8342 25.0319 24.1412 18.1339 37.6177 68.4437 43.1991 33.9991 32.9475 31.8902 28.3353 59.8398 56.2338 43.22 34.7221 34.3339 32.9875 47.4834 36.843 34.0549 30.3869 30.1471 33.7535 29.2683 26.4271 26.1591 47.816 34.7257 31.7653 30.2035 41.5372 41.0139 106.394 46.2649 32.6117 32.5307 30.4083 38.1966 46.587 29.8013 29.4103 28.6258 28.1851 32.7069 43.0351 42.0121 33.6637 27.3098 37.0143 50.4739
threshold=292.69541931152349 -39.529411315917962 64.201091766357436 -1.0316952466964719 280.72871398925787 14.06256675720215 -51.021364212036126 0.12940952181816109 -0.30794334411621088 -56.074831008911126 11.109360218048097 -0.99999999999999989 280.56463623046881 0.12940952181816109 -1.9804077148437498 0.53731119632720958 14.268213272094728 -17.357297897338864 -0.91597560048103321 0.84214782714843761 8.8607130050659197 -6.3731393814086905 0.64702248573303234 12.473973274230959 4.7647094726562509 -12.159868240356444 18.877817153930668 0.95832794904708873 0.37940952181816107 0.67931437492370617 6.0477619171142587 -3.2352981567382808 211.81697845458987 26.794923782348636 220.16079711914065 -0.99594497680664051 7.8883266448974618 263.05389404296881 -0.45807838439941401 -43.881565093994134 -1.6928170919418333 -1.0000000180025095e-35 416.45239257812506 0.37940952181816107 -0.50708106160163868 13.638888835906984 1.1571083068847658 25.46013164520264 2.6538276672363286 3.1561818122863774 239.11765289306643 0.72501373291015636 -0.62369728088378895 -0.49531143903732294 239.94720458984378 0.22238975763320926 -0.22978341579437253 6.7843093872070321 0.34592819213867193 -0.42216905951499933 0.18936437368392947 273.70898437500006
decision_type=2 2 2 2 2 2 2 2 2 2 2 2 2 2 2 2 2 2 2 2 2 2 2 2 2 2 2 2 2 2 2 2 2 2 2 2 2 2 2 2 2 2 2 2 2 2 2 2 2 2 2 2 2 2 2 2 2 2 2 2 2 2
left_child=1 2 3 4 -1 6 7 8 -4 -10 -11 14 13 -13 -8 16 18 -18 19 -3 36 -17 23 25 -24 -23 27 28 29 30 -26 -30 -28 34 35 -34 -21 41 -39 40 -40 46 43 44 -43 -46 -20 48 -47 -50 53 -52 -45 -51 55 56 -54 -57 -58 -41 -61 -62
right_child=-2 15 5 -5 -6 -7 11 -9 9 10 -12 12 -14 -15 -16 21 17 -19 37 20 -22 22 24 -25 26 -27 32 -29 31 -31 -32 -33 33 -35 -36 -37 -38 38 39 59 -42 42 -44 52 45 47 -48 -49 49 50 51 -53 54 -55 -56 57 58 -59 -60 60 61 -63
leaf_value=0.074764800902811221 -0.05004798985914647 -0.0053285803513041432 0.09156968385559161 -0.024242201830474538 -0.010417323274372465 -0.0028005624075334232 0.0071502961932678882 -0.050505671132311636 -0.050849804211952225 0.42618107332394617 1.1269687543132794 0.076576486009999403 -0.037570640695955296 -0.030260820003568924 0.079239717596416487 -0.010967206846243974 -0.017723931803260578 -0.00092239739086794363 -0.0023112649743436456 0.024340128922477493 0.00013080466932646431 0.042973562281667634 -0.021578081561315614 0.0061029284625677546 0.038817458390592856 0.16625054067907041 0.013787863598690574 -0.029587425878240505 -0.0073714378426537877 0.014302743058051078 0.12548972111784681 0.06831129727231329 0.034236536192445155 -0.0079140643167330063 0.00065228280304902031 0.0013679898789732497 0.1301455467926915 -0.019918270907033415 0.13893227210580869 0.0028867959234257041 0.013424493633796362 0.00051081626865998996 0.014213014704272093 -0.041012824053966855 -0.025300501844343948 0.029569828894905184 -0.049094356173047971 0.015737374373158156 0.14202570267595416 0.049278628132157214 -0.049112292592416874 0.063408013778132905 0.0081219029837433249 0.1185815554411736 -0.0071976613455461101 0.046653909734504534 -0.015593123324486473 -0.022735854154142032 0.0057880493774674019 -0.019154220709853557 0.088834774430692959 -0.0014529223489471732
leaf_weight=14.867476974148301 45.782572636904661 211.31187329682871 9.4561332171433587 368.46523821615847 48.638097804592689 257.54830351777491 28.767674312810414 2.8193350851652204 0.37388498103246093 0.52238620366551802 0.29700928903184831 13.711042198003272 33.846039788157213 9.1357274238835071 19.475335553142941 400.71963670884725 845.35516097093932 2142.0667868615128 2945.9872486073291 402.36270961622358 178.31433250172995 73.836940257984679 227.89560159776011 274.63806521717925 74.52147584897466 7.8674224689602843 444.55297605879605 47.884206861723214 225.90579033849644 687.52400406889501 14.675912873819469 15.910501301288603 149.6723321126774 901.59290884062648 2037.0724684296874 123.71058703027666 5.9895069804624645 442.47600149840582 5.1500831107841796 589.28212107656873 238.9156650758232 699.84196305822115 762.01132968743332 46.084435341181234 25.562413769774139 60.090237209573388 37.727882608771324 64.706119920127094 17.342872026376426 29.669708550907671 13.12814509496093 10.665069599635897 1000.3706434564665 29.932494776323438 1083.218518389971 84.959250553976744 487.91901687951759 29.348717194516212 295.63971301820129 448.23313448141562 18.094119017478079 107.11099224863574
leaf_count=175 104809 5870 1025 187938 13561 53483 3677 2445 329 331 225 948 8256 921 1457 13374 28310 21559 38083 13749 4667 3163 12812 5135 1877 64 2384 2718 7691 18729 192 76 1141 14051 43094 872 212 27517 188 16681 18321 10378 7869 1464 415 452 201 755 120 196 493 252 8085 223 29929 1124 3961 428 2701 28323 583 6002
internal_value=-0.000180026 -6.51525e-05 -0.00809009 -0.019278 0.00952491 0.00476483 0.0212207 0.0936867 0.13186 0.451142 0.680198 0.0119196 -0.00878645 0.0338555 0.0362522 0.00027489 -0.000733044 -0.00567675 0.000690956 0.011868 0.018062 0.00263384 0.00366078 0.0172786 0.00268063 0.0548441 0.00385117 0.0117896 0.0137349 0.0187556 0.0530779 -0.00239183 0.00153597 -0.000159717 0.00286621 0.0193629 0.025892 -0.000240685 -0.00558232 -0.00107324 0.0160729 0.00103816 0.00351866 0.00147033 0.0105286 0.0384496 -0.00290282 0.0456751 0.0577199 0.0745114 0.0604712 0.00132381 -0.00137484 0.0840829 -0.00076215 0.00291024 0.00124888 0.028838 -0.00752592 -0.00467237 -0.0124404 0.0115951
internal_weight=19920.6 19874.8 807.924 431.971 63.5056 375.953 118.405 13.4687 10.6494 1.19328 0.819395 104.936 56.6928 22.8468 48.243 19066.8 13358.9 2987.42 10371.4 797.978 586.667 5707.98 5307.26 356.342 4950.92 81.7044 4723.02 1066.42 1018.54 776.721 89.1974 241.816 3656.6 3212.05 2310.46 273.383 408.352 9573.47 1849.26 1406.79 244.066 7724.21 4740.49 3978.48 950.939 251.097 2983.72 225.535 160.829 100.738 83.3954 23.7932 3027.54 59.6022 2981.46 1898.24 1783.93 114.308 783.559 1162.72 573.438 125.205
internal_count=786064 681255 274771 201674 13736 73097 19614 4355 1910 885 556 15259 10125 1869 5134 406484 279111 49869 229242 24498 18628 127373 113999 8362 105637 3227 92825 31283 28565 20798 2069 7767 61542 59158 45107 2013 13961 204744 97615 70098 18509 107129 68845 60976 13284 2906 38284 2491 1736 1284 1164 745 47692 419 46228 16299 14747 1552 6662 51589 34908 6585
is_linear=0
shrinkage=0.05


Tree=108
num_leaves=63
num_cat=0
split_feature=36 49 40 48 51 17 39 13 53 50 45 45 48 49 48 49 36 49 48 49 48 48 17 44 48 48 46 49 49 48 39 48 48 48 49 48 48 37 51 17 16 17 7 48 49 49 49 49 38 48 48 50 17 27 54 24 6 51 11 41 49 49
split_gain=44.2836 21.8803 33.657 28.5741 29.8108 21.2531 22.8737 35.307 21.4379 20.1673 24.4566 24.6565 19.5903 25.3533 19.5271 18.6582 18.3124 18.4673 53.6683 95.8255 68.3107 46.4103 42.5803 51.277 36.2703 29.2801 51.5818 44.3584 69.4483 58.4391 66.8855 53.5848 50.1231 52.1802 69.5846 106.761 66.2629 45.4443 40.163 31.8406 38.9228 41.0271 38.5677 38.7028 30.7065 34.6347 66.6782 49.975 36.636 32.3763 48.1611 31.6922 30.7369 40.408 39.2768 30.4606 42.9291 32.3146 31.9038 29.4409 29.4294 29.3587
threshold=287.94117736816412 247.43756103515628 1.0392150878906252 -0.44543808698654169 43.73332595825196 -2.4757156372070308 -6.2992000579833975 -8.4900360107421857 224.02777862548831 222.99001312255862 -5.2286109924316397 1.2835063934326174 -0.69827961921691883 277.81459045410162 -0.76294577121734608 288.83427429199224 197.94117736816409 267.04945373535162 -0.44147184491157526 261.09867858886724 -0.38575345277786249 -0.42335101962089533 -16.313554763793942 -7.799633026123046 -0.36931872367858881 1.0000000180025095e-35 4.990553855895997 267.93310546875006 268.30914306640631 0.95832794904708873 -13.182280540466307 0.89492958784103405 0.8446832299232484 0.82240825891494762 268.43287658691412 0.80160850286483776 0.8111555576324464 237.67610931396487 7.3324115276336679 -8.1291046142578107 -22.282056808471676 -25.085117340087887 232.70385742187503 0.66015982627868663 270.15548706054693 278.97543334960943 278.81596374511724 279.88751220703131 -25.41176605224609 0.79310560226440441 0.75721126794815075 55.842920303344734 -1.5885353088378904 23.693246841430668 0.37940952181816107 14.250883102416994 282.60110473632818 137.73313140869143 285.65643310546881 17.630353927612308 280.13768005371099 275.32183837890631
decision_type=2 2 2 2 2 2 2 2 2 2 2 2 2 2 2 2 2 2 2 2 2 2 2 2 2 2 2 2 2 2 2 2 2 2 2 2 2 2 2 2 2 2 2 2 2 2 2 2 2 2 2 2 2 2 2 2 2 2 2 2 2 2
left_child=1 2 -1 -4 5 6 7 -5 -7 12 -11 15 13 14 -3 -12 -14 18 -18 20 -20 22 23 -21 -22 26 -19 29 -29 30 38 32 33 34 35 -30 -37 -34 -27 40 41 -40 -41 -44 49 46 52 -47 -48 50 -36 -50 53 -46 -54 56 57 58 60 -52 -49 -33
right_child=-2 9 3 4 -6 8 -8 -9 -10 10 11 -13 16 -15 -16 -17 17 25 19 21 24 -23 -24 -25 -26 27 -28 28 31 -31 -32 61 37 -35 44 36 -38 -39 39 42 -42 -43 43 -45 45 47 48 55 51 -51 59 -53 54 -55 -56 -57 -58 -59 -60 -61 -62 -63
leaf_value=0.046307051610519692 -0.037204750199434693 0.064684198254308364 -0.03154499133717599 0.019388166846797429 -0.023117430779197458 0.0449178997308953 0.032665889874540853 -0.021249304432561057 -0.0046988273578555707 -0.019390327913267797 0.019825763441796859 -0.0032321437941520456 0.036511042913810958 -0.023766289163035685 -0.001341917382024104 -0.025961961204463032 0.0072412635662886405 -0.00083908592977466128 -0.039160833729944444 0.13827264801634934 0.034685447802558729 -0.017156678936140847 0.118084791416637 -0.028711469993203943 -0.00044100637154404057 -0.0069963449019833689 -0.024089789195852508 -0.048294140382673691 -0.056773631411156295 -0.047888071938613566 -0.0058464376320695411 -0.020498312658177302 0.1153935148810307 -0.023567725708090577 -0.0083887226045376139 0.15206214906560367 0.034896779905135428 0.020244883272124176 0.01134815905128991 0.0098815697913645258 -0.013475847560192378 0.075909818407004323 0.044187498423710433 0.10758724982178745 0.0083636993152883046 -0.034906767431589818 -0.027603580473649098 0.069000031764637856 0.055930405262480221 -0.052512919175498621 0.017795410139859944 0.16581209385119913 0.012408858661682367 -0.036094200346840376 0.064981426469697012 -0.0044405142954911728 -0.0023634771920412649 0.082975297556896602 0.086103383409527653 0.11298812208682921 0.01091518859451044 0.001921741683231561
leaf_weight=56.287966538220644 80.761379270174075 13.215854715002932 47.084822338074446 106.51725348457694 61.171213113237172 86.480822775512934 66.019846986979246 107.2854029238224 29.094597134739161 74.712807844043709 425.53570906631649 212.76493830559775 33.345934700220823 195.42183552600909 73.347160960693145 23.476562914613169 1156.5189449007739 5397.5043607058469 113.29971072555054 5.7435538765275842 74.805201685987413 1417.2626920014445 11.598781401757149 23.038276310689984 4176.603422371496 47.918413601146312 249.5716420840472 68.115597894939128 15.836199621029662 31.872367255738936 145.86588299460709 360.56780556467129 13.148174433968959 176.54858337112819 484.04896181920776 23.872073982522124 24.403145596355898 275.44356472656364 49.045263628213434 28.343098296783864 42.583350383210927 49.38458908512257 47.617490430362523 48.681097482331097 1337.9573209460359 94.959949846524978 6.2451155166490926 23.148540839552879 14.098054141853938 37.294729974033544 22.482184171531117 12.276113441912456 107.61832128278911 53.140341138467193 53.034733474254608 832.83190674133948 422.68215046590194 19.465911643579602 16.08479116926901 12.716664323583244 376.27163931378163 245.39220719059813
leaf_count=555 201948 192 241 503 351 608 356 491 187 1343 8310 3141 395 16821 1735 1549 14602 191326 1105 260 746 51244 132 1102 55555 1193 5489 3805 616 1719 1589 14048 118 8978 12315 217 382 10483 1665 224 1135 574 384 460 48183 6114 594 743 259 1823 344 188 557 1652 257 18695 59021 266 366 244 7534 19277
internal_value=-0.000255292 -0.000105026 0.00963846 0.0055404 0.00936493 0.0143902 0.00694023 -0.00100357 0.0324275 -0.000387727 0.00772676 0.0107882 -0.000709683 -0.013788 0.0087385 0.0174318 -0.000507941 -0.000575592 -0.00259679 -0.00455097 -0.000844081 -0.0156507 0.0372048 0.00461102 0.000177057 0.000676236 -0.00186665 0.00323092 0.00185629 0.0175831 0.022125 0.00253119 0.0044284 0.00303279 0.00420967 0.0558801 0.092835 0.0245798 0.0351366 0.0427364 0.0264621 0.0437403 0.0611484 0.0762375 0.00336597 0.00516292 0.010544 0.000387872 0.0812909 -0.00751442 -0.00428243 0.107076 0.00905681 0.00666539 0.0297641 0.00237048 0.00898437 0.0200116 0.0170618 0.0521867 0.0142815 -0.011419
internal_weight=19939.5 19858.7 559.942 503.654 456.569 395.398 279.823 213.803 115.575 19298.8 736.49 661.777 18562.3 281.985 86.563 449.012 18280.3 18246.9 6978.87 5822.35 4364.71 1457.64 40.3806 28.7818 4251.41 11268.1 5647.08 5621 5129.68 491.312 459.439 5061.57 4455.61 4167.02 3990.47 64.1114 48.2752 288.592 313.573 265.655 141.013 98.4299 124.642 96.2986 3926.36 3369.81 1584.37 1785.44 32.6193 556.543 519.248 26.3742 1551.75 1391.1 160.653 1690.48 857.653 434.971 415.505 35.1988 399.42 605.96
internal_count=786309 584361 3292 2737 2496 2145 1350 994 795 581069 14343 13000 566726 18748 1927 9859 547978 547583 124746 110144 57406 52738 1494 1362 56301 422837 196815 226022 217079 8943 7224 213274 179949 169348 160370 1215 599 10601 5635 4442 3374 2239 1068 844 159155 144429 51690 92739 1041 14726 12903 447 50649 49835 814 86625 67930 8909 8643 588 8277 33325
is_linear=0
shrinkage=0.05


Tree=109
num_leaves=63
num_cat=0
split_feature=36 42 39 44 42 15 45 54 41 49 2 52 47 17 44 35 49 16 36 50 54 49 36 47 33 52 50 55 42 49 29 36 43 48 45 52 50 48 43 15 38 52 49 52 47 17 0 29 45 48 45 19 49 49 48 26 7 47 54 49 22 45
split_gain=46.5441 19.1863 19.8147 19.4986 26.2771 21.0529 20.2211 22.7711 38.2685 41.687 43.3947 36.822 35.1082 32.5789 29.7855 28.9476 35.0103 24.9944 24.3152 24.2349 25.0306 21.3608 30.1447 21.6074 21.0558 26.7467 21.9687 22.0837 20.181 27.9117 19.9204 19.5848 71.0625 26.6765 25.4333 19.2309 19.192 18.4446 18.0755 22.163 23.398 26.9849 27.4248 25.9691 22.9404 21.9758 18.4094 17.977 31.7634 22.8199 17.9336 17.7234 26.0513 38.464 29.6853 28.8444 17.3384 17.324 21.0837 45.1782 26.0504 19.0805
threshold=286.76470947265631 1.8399505615234377 -52.392883300781243 -0.9297199249267577 4.1928405761718759 -0.56794357299804676 4.6640853881835946 -0.91597560048103321 12.330671787261965 255.95982360839847 237.07611083984378 23.263384819030765 -0.47601652145385737 -24.703363418579098 -12.955692291259764 21.542327880859379 269.10101318359381 -13.70786666870117 219.11765289306643 60.130428314208991 0.91597560048103344 261.63801574707037 226.17646789550784 3.507806777954102 28.220335006713871 7.4051761627197275 68.492107391357436 0.37940952181816107 4.3547439575195321 269.27120971679693 14.724085807800295 284.41175842285162 -0.40428161621093744 -0.58530998229980458 -0.22035789489746091 36.042289733886726 174.94255065917972 -0.69827961921691883 -0.24156188964843747 0.66324234008789074 -44.235282897949212 45.833921432495124 267.56375122070318 88.222122192382827 -2.6776723861694331 0.44061279296875006 285.01528930664068 23.727355957031254 2.6175160408020024 0.97297734022140514 -1.6712522506713865 1.0000000180025095e-35 255.59030914306643 256.32855224609381 0.8083171844482423 33.545000076293952 276.94718933105474 -2.7687745094299312 1.0000000180025095e-35 263.73217773437506 -36.374794006347649 -6.3731393814086905
decision_type=2 2 2 2 2 2 2 2 2 2 2 2 2 2 2 2 2 2 2 2 2 2 2 2 2 2 2 2 2 2 2 2 2 2 2 2 2 2 2 2 2 2 2 2 2 2 2 2 2 2 2 2 2 2 2 2 2 2 2 2 2 2
left_child=1 2 -1 5 36 6 7 8 28 11 15 17 13 57 -14 30 -17 -10 -19 20 -16 -22 -23 -24 25 -15 -27 -28 29 -3 -11 -21 -33 34 -34 50 -5 -4 47 40 41 42 -40 46 45 56 -43 -39 49 51 -6 52 55 -54 -55 -49 -42 -9 61 -60 -61 -59
right_child=-2 3 37 4 35 -7 -8 12 9 10 -12 -13 14 24 19 16 -18 18 -20 31 21 22 23 -25 -26 26 27 -29 -30 -31 -32 32 33 -35 -36 -37 -38 38 39 -41 44 43 -44 -45 -46 -47 -48 48 -50 -51 -52 -53 53 54 -56 -57 -58 58 59 60 -62 -63
leaf_value=-0.032495417684651584 -0.034088938474820217 0.12208033044632156 -0.021476516960017039 0.0013171372595547608 -0.002420283922652664 0.044920362987297117 -0.011011226610425095 -0.024378726093179565 0.063633713154409632 0.015087120924170611 -0.016415319949994709 -0.02542969317482191 0.017895245460314763 -0.0091450384255155493 0.00111711797105733 -0.041139266270329766 0.028277308951120135 0.04479767776679508 0.0048911224958706053 0.0065415125142119987 -0.037245051493906854 0.02807599090805582 -0.019575282184455582 0.019894941991911913 -0.012723675003912997 0.0064856632674624264 0.0053458727689174469 -0.012586811987798104 0.013666927415352435 0.030723240186369783 0.060442801894207032 0.49888679681248971 0.052246420439665132 -0.024921416260999654 0.37623303879935538 -0.018497390600839762 0.032182520866254574 0.00092683331807565496 0.13482293296990125 0.02545008014415466 0.0050851938567836995 0.068334365495369018 -0.034648670810286157 0.022125223248541201 -0.010238158887217401 0.056618443661741874 0.20148874069102507 -0.011445325957755515 -0.024587120106192385 0.037756085540179042 0.025160517808744516 0.023807784961950653 -0.051662019946985133 -0.018717127866805152 0.016444452401109946 0.034984514272584491 -0.040369473549725657 0.035538144122703702 0.043081473830621712 -0.029116020892057573 0.0072935478083284199 -0.0037716470798081166
leaf_weight=52.3273221225827 100.60094783757813 9.3740812853211519 115.43022333958652 1185.0016974634491 72.096936187241226 26.579634238034487 375.89390316093341 199.08672165049938 37.205668607726693 102.59720840491354 383.80792791000567 40.842922575538978 315.82145872665569 561.59353479999118 1893.6027572416351 44.713074088096619 30.590897671878338 57.705225501209497 112.75545818544924 1415.4765532733873 72.342886102152988 51.04715346172452 235.04819025145844 40.67412834148854 332.93490562867373 1498.9931599879637 319.42392840539105 371.1765040254686 351.52991413563723 77.33705058862688 31.68538458738476 0.90931986988289182 1.7321931626647713 5.933666785073 0.9314765160670494 35.090509578818455 52.599035669991281 5513.2645182990236 2.6748645993648124 55.598772019147873 258.32287527946755 7.8358897520229203 22.197693298512604 24.809334683115594 1462.2227420546697 19.24750454351306 3.8816501151304692 67.470535136759281 196.71185255330056 35.255202043335885 322.91392928094137 52.049481198191643 57.696841634809971 174.59157905448228 91.478038593195379 66.342389380559325 22.833738777029794 33.220161905395798 28.64251518266974 266.63859684599447 60.223334528505802 436.24540678475751
leaf_count=14350 236278 467 8657 12591 600 160 9386 18974 344 1062 13079 419 8208 9593 72266 731 299 386 800 35140 1274 367 15090 822 5226 25016 5327 4868 15776 5355 384 215 393 3189 189 378 460 119290 406 349 3500 81 9287 812 49607 104 554 375 4381 272 3199 271 707 1605 1174 407 1288 1236 1126 23287 1546 32827
internal_value=-0.000165437 6.97341e-06 -0.00182448 0.00133008 0.00632888 0.000481523 0.000360968 0.000814673 0.00701368 0.000776523 -0.00642358 0.017969 -0.000160016 -0.00341339 0.00315358 0.0118739 -0.01294 0.0265045 0.0184005 0.00190126 -0.00128135 -0.0126609 -0.00721832 -0.0137527 -0.000847669 0.000589506 0.00308625 -0.00429239 0.0189959 0.0405996 0.0257893 0.0070219 0.0785476 0.0340894 0.165543 0.0169753 0.00262894 -0.00162994 -0.00134832 -0.00564787 -0.00659578 0.023746 -0.0164232 0.0510989 -0.00765271 0.00493202 0.112444 -5.6271e-05 -0.00736499 -0.00114752 0.0201265 -0.0038388 -0.00698359 -0.0146534 -0.00662814 0.0115739 0.00139366 -0.0111405 -0.00794578 -0.0171313 -0.0224077 -0.000990021
internal_weight=19894.9 19794.3 8302.24 11492 1667.7 9824.32 9797.74 9421.84 1280.14 841.904 593.394 248.509 8141.7 4108.18 4033.52 209.587 75.304 207.666 170.461 3717.7 2292.72 399.112 326.769 275.722 3084.12 2751.19 2189.59 690.6 438.241 86.7111 134.283 1424.98 9.50666 8.59734 2.66367 430.101 1237.6 8249.92 8134.49 1879.63 1824.03 61.3994 24.8726 36.5269 1762.63 300.404 11.7175 6254.86 741.596 544.884 395.011 509.629 457.579 323.766 266.07 133.813 281.157 1024.06 824.97 355.504 326.862 469.466
internal_count=785810 549532 217477 332055 17228 314827 314667 305281 39102 17504 15555 1949 266179 129026 137153 2476 1030 1530 1186 128945 89819 17553 16279 15912 50030 44804 35211 10195 21598 5822 1446 39126 3986 3771 582 4177 13051 203127 194470 65988 65639 11140 9693 1447 54499 4892 635 128482 9192 4811 3799 4539 4268 3486 2779 782 4788 78996 60022 25959 24833 34063
is_linear=0
shrinkage=0.05


Tree=110
num_leaves=63
num_cat=0
split_feature=3 5 48 49 52 35 48 48 48 49 49 52 1 24 48 49 43 48 49 54 49 49 52 23 43 23 45 48 48 25 49 17 4 48 49 49 49 12 17 42 48 48 45 36 14 48 49 48 49 23 45 8 50 49 26 49 41 49 49 48 49 54
split_gain=37.9902 18.2613 48.0124 31.1918 25.2206 24.9561 31.8903 51.3179 35.7413 63.1214 55.6339 42.0902 32.4616 27.8461 51.5134 55.9764 38.4334 35.3797 33.9093 28.3771 27.7451 66.6557 37.1532 28.2726 33.8525 26.736 33.4919 26.0248 27.2609 24.9265 24.9082 43.1328 33.9104 49.1185 34.8322 32.8326 24.5837 30.3826 26.645 24.1828 24.0188 49.5463 23.5321 41.0507 30.5024 22.856 31.1581 50.806 48.049 34.6285 31.3733 35.3808 39.442 46.1722 30.6362 29.1326 78.8722 78.0839 62.855 46.4032 46.1823 42.3708
threshold=291.58451843261724 220.15905761718753 0.9702095389366151 247.43756103515628 24.95924282073975 27.083017349243168 0.8446832299232484 0.82493221759796154 0.8732551932334901 267.78880310058599 258.98173522949224 41.616329193115241 229.09683990478518 21.328691482543949 0.73976010084152233 257.70365905761724 0.35296630859375006 0.81550949811935436 256.94619750976568 1.0000000180025095e-35 277.45671081542974 278.81596374511724 38.203815460205085 -16.888421058654782 7.0377502441406259 -51.317636489868157 3.6459016799926762 0.3840129971504212 0.49749177694320684 16.232443809509281 267.56375122070318 -24.301059722900387 274.49189758300787 0.8994269371032716 260.66418457031256 266.53407287597662 259.72676086425787 -20.267547607421871 -5.3756484985351554 -1.1963729858398435 0.96036875247955333 0.94361287355422985 0.90200233459472667 265.58824157714849 -39.878339767456048 1.0000000180025095e-35 267.04945373535162 0.12764942646026614 263.99104309082037 -47.52575492858886 2.5002574920654301 274.79426574707037 106.65961074829103 256.60597229003912 13.055616378784181 274.13537597656256 4.1273305416107187 273.86521911621099 284.50169372558599 -0.084319144487380968 286.04714965820318 -1.0000000180025095e-35
decision_type=2 2 2 2 2 2 2 2 2 2 2 2 2 2 2 2 2 2 2 2 2 2 2 2 2 2 2 2 2 2 2 2 2 2 2 2 2 2 2 2 2 2 2 2 2 2 2 2 2 2 2 2 2 2 2 2 2 2 2 2 2 2
left_child=1 3 5 4 -1 6 7 13 29 10 -10 12 -12 45 18 16 -16 19 27 39 23 22 -22 -11 -25 -23 -27 -15 -29 -8 32 -32 34 -34 36 -36 37 -14 -39 -17 41 -37 44 -44 -31 54 47 -47 50 -50 51 52 -49 -54 55 57 59 -3 -58 61 -60 -57
right_child=-2 2 -4 -5 -6 -7 8 -9 9 20 11 -13 30 14 15 17 -18 -19 -20 -21 21 25 -24 24 -26 26 -28 28 -30 42 31 -33 33 -35 35 40 -38 38 -40 -41 -42 -43 43 -45 -46 46 -48 48 49 -51 -52 -53 53 -55 -56 56 58 -59 60 -61 -62 -63
leaf_value=0.039558493872155542 -0.042475564121299395 0.00072302866550800029 -0.037333943612575797 0.0019459725255529287 -0.00075303642747160055 -0.011052019334761055 -0.013237814546252525 -0.026507830706943011 -0.020116421504524386 -0.02799272730716966 0.067641474532275689 -0.037291694234283752 -0.040259668798108557 -0.024055661107466448 0.15030128914386306 -0.01633716733113345 0.02184541293376472 -0.029483589875541744 -0.02462136030238685 -0.0072243578605706354 0.06178444485262416 0.044275359346129528 0.24470191419283807 -0.0080313589302420888 0.06533857436964087 -0.017000271977444328 0.030030298724607652 0.082716458717345565 0.0062390198333961326 0.091537330523021793 0.0051111070488084375 0.095064557421137577 0.17936634376272087 0.020038185205242504 -0.031230215323845491 -0.0055133931405546011 0.057702225308643919 0.073191924730855382 0.013886836018352883 0.037646292409313102 -0.048241944743856791 0.073176643296511898 0.097064732623271463 0.011656833301843243 0.0070858327418775596 -0.030942511682361423 0.0055029677436165695 0.007232102783348399 0.039434641582754004 -0.043493438732069678 -0.016293546120507336 -0.04149347757980909 -0.02297558243046198 0.068939968808533272 -0.023915790232999178 -0.0078694595602874871 -0.028121270616891538 0.060069215176930049 0.024197699727851407 -0.023210874171627247 -0.016830480658543878 0.007387621916489371
leaf_weight=101.32162166573107 52.737625061738072 4389.6753818681173 89.58281787901069 4627.5234713591635 62.87980305030942 552.11223078146577 29.545569632115075 194.03564337693388 90.093618461018195 206.38348025662708 42.968249362893403 27.615253182622837 19.682323829736561 68.71212455118075 10.886599883437158 26.010674470802769 12.518947856035082 71.53228811128065 447.19835454318672 118.22805765661178 10.092537709540919 29.541315302805742 3.8293374826316713 150.85447652265429 17.550584157928824 168.32544780013268 48.837814959872048 13.047140922863035 108.99696550704539 12.636377914779585 24.630187405215111 29.037238657474518 7.7129254749161218 12.974234829045598 63.822715119982604 52.247980156680569 51.829819116275758 24.457405527122319 83.949058929458261 102.48696302657481 13.057304384536108 32.413800498005003 33.963827958330512 24.018229310400784 69.486600096337497 154.45448620108073 3159.185538624326 523.05205641826615 14.656324394163674 89.219599399424624 148.06563007077784 32.528178208100144 18.123625744134188 55.511302177328616 150.20052027492784 687.03825480438536 539.17277175872005 56.135077109065605 121.95903871612973 196.44820823418559 156.73393747155205 1347.6816867936868
leaf_count=808 132559 97342 4826 29807 424 18311 3382 9665 2822 14426 416 1010 568 797 222 449 201 1678 11672 2650 637 7023 146 2078 194 13345 779 149 1728 646 329 162 301 1523 4000 1193 473 297 595 1561 761 377 342 371 900 4047 175535 8667 1923 6919 4660 5174 200 796 5888 51693 23248 1279 3453 15694 7070 95282
internal_value=-9.4799e-05 1.79208e-05 -0.000838644 0.00270588 0.0241215 -0.000619916 -0.0002198 -0.000986597 0.007003 0.00399405 0.015974 0.0226589 0.0262675 -0.000600307 -0.00870174 0.00696567 0.081594 0.0014773 -0.0170926 0.0104537 -0.006875 0.00565405 0.112098 -0.0155877 -0.000385002 -0.000352697 -0.00642357 0.000557423 0.0144149 0.0284975 0.0219921 0.0537812 0.0172812 0.0794415 0.0135153 -0.00333807 0.0286472 0.0168904 0.0272666 0.0267189 0.014879 0.0246141 0.0372987 0.0616857 0.0200805 6.99984e-05 0.00303573 -0.0044907 0.000145934 -0.0317927 0.00441422 0.00928713 0.0120554 0.046317 -0.00155728 -0.00110921 -0.00487341 0.00147236 -0.0181558 -4.56785e-06 0.00112389 0.00223596
internal_weight=19881.2 19828.5 15036.7 4791.72 164.201 14947.2 14395.1 13013.5 1381.56 1211.91 576.492 486.398 458.783 12819.5 979.618 341.664 23.4055 318.258 637.955 246.726 635.415 260.626 13.9219 374.789 168.405 246.705 217.163 190.756 122.044 169.651 415.815 53.6674 362.148 20.6872 341.46 161.542 179.919 128.089 108.406 128.498 97.7191 84.6618 140.105 57.9821 82.123 11839.8 4194.8 1035.61 881.157 103.876 777.281 629.215 596.687 73.6349 7645.04 7494.84 3049.03 4445.81 817.866 2231.17 278.693 2034.72
internal_count=785473 652914 621875 31039 1232 617049 598738 539642 59096 53455 14827 12005 10995 529977 21107 6761 423 6338 14346 4660 38628 21930 783 16698 2272 21147 14124 2674 1877 5641 10579 491 10088 1824 8264 6331 1933 1460 892 2010 2331 1570 2259 713 1546 508870 207921 32386 28339 8842 19497 14837 9663 996 300949 295061 196440 98621 33771 162669 10523 146975
is_linear=0
shrinkage=0.05


Tree=111
num_leaves=63
num_cat=0
split_feature=8 36 36 5 5 50 38 37 41 28 40 49 49 54 45 38 41 55 29 51 52 49 49 36 15 45 50 29 49 51 33 38 51 5 49 49 49 41 49 29 49 49 49 55 55 0 3 5 17 40 29 55 29 54 33 23 15 49 54 28 53 49
split_gain=39.3599 18.7405 16.6505 18.7494 19.733 33.0492 18.194 29.0754 36.2482 25.87 13.2914 39.2941 44.1469 29.6016 31.1744 28.4526 24.4424 21.4682 34.0773 31.8526 39.6588 60.2452 43.3482 30.0375 31.6974 27.9672 25.9948 29.2158 39.9923 37.2746 25.9619 24.7535 30.7955 24.6838 24.0003 58.9198 36.3303 34.8687 32.8342 29.8984 28.6194 65.0938 63.1635 86.7012 46.2416 40.4421 41.7822 38.9074 58.3944 38.7857 33.0863 28.1394 28.931 27.9848 27.4872 58.1995 28.7123 33.7202 33.3894 56.657 27.3689 32.0648
threshold=294.27993774414068 197.94117736816409 286.17646789550787 285.21386718750006 285.06015014648443 56.581357955932624 -48.235298156738274 290.50471496582037 9.3735165596008319 -0.54929256439208973 28.66666412353516 255.32789611816409 256.32855224609381 0.78656607866287243 -0.053747177124023431 -1.0000000180025095e-35 35.060516357421882 -0.6035533845424651 2.8860206604003911 45.394685745239265 35.329317092895515 275.10462951660162 289.84396362304693 233.82353210449222 -13.795028686523436 -0.89751815795898426 195.26495361328128 10.111855506896974 288.23182678222662 17.828623771667484 10.873449325561525 -34.588233947753899 24.357283592224125 238.26190948486331 286.04714965820318 285.09815979003912 289.42092895507818 7.9728844165802011 289.84396362304693 2.8860206604003911 276.94873046875006 278.60643005371099 276.75975036621099 0.12940952181816107 -0.37940952181816096 274.02400207519537 254.82144165039065 233.6683044433594 -22.716323852539059 -2.2156906127929683 10.531147956848146 0.98296290636062633 -3.1422562599182124 0.78656607866287243 10.746051311492922 -21.068886756896969 -14.224676132202147 256.94619750976568 0.12940952181816109 12.477944374084474 111.95833206176759 264.55642700195318
decision_type=2 2 2 2 2 2 2 2 2 2 2 2 2 2 2 2 2 2 2 2 2 2 2 2 2 2 2 2 2 2 2 2 2 2 2 2 2 2 2 2 2 2 2 2 2 2 2 2 2 2 2 2 2 2 2 2 2 2 2 2 2 2
left_child=1 -1 10 4 6 -6 -4 -8 9 -9 17 16 -13 15 -15 -14 -12 18 -3 26 -21 25 23 -23 30 -22 27 28 -20 33 -25 32 -28 -30 35 40 -36 38 -38 -40 42 44 54 47 53 46 -43 -44 -49 -45 -48 52 -37 -42 60 -56 57 -57 -59 -60 61 -19
right_child=-2 2 3 -5 5 -7 7 8 -10 -11 11 12 13 14 -16 -17 -18 34 19 20 21 22 -24 24 -26 -27 31 -29 29 -31 -32 -33 -34 -35 36 51 37 -39 39 -41 41 45 43 49 -46 -47 50 48 -50 -51 -52 -53 -54 -55 55 56 -58 58 59 -61 -62 -63
leaf_value=0.039252781568597565 -0.04582098181364111 -0.033663334148706335 -0.050198349813594473 -0.032174085652283788 -0.050033947196137865 0.96954742326709364 -0.037621524484917068 0.19863824939705096 0.55078403337683901 -0.050148700042432208 -0.015939169502802903 -0.039834685300018324 -0.011210037455195023 -0.047696396733424191 -0.002883281705076519 0.012085996509500541 0.026860917563517991 -0.0073286923701493022 -0.016460237385943554 0.02571903293671355 0.0085125175945269856 -0.019857474956801402 -0.041823780328456343 0.093411839481613343 0.11885482795744402 -0.02917157686653693 0.011699771968295351 0.0031072494516926736 -0.024330707602960282 -0.020033857952973487 0.023564499714719005 0.01362904979226885 0.12655111941301625 0.043566867219277328 -0.012994911207146574 -0.042686476789387355 0.045588635734010091 -0.025305264699596094 -0.0061321963304902007 0.053036886740625691 0.062867006826304542 -0.0010858618900826855 0.040647929638236324 0.056400276910014251 -0.037228959822617883 -0.010176350512636595 0.020481782394420042 0.062373793871272412 0.25943842824526792 -0.0054901125246905672 0.10750752737178174 -0.051538240307737529 0.025405264121816123 -0.0092771341769872662 -0.015303525169927596 0.060203638539995899 -0.0011845081443961729 -0.032651355721758958 0.087245168672611562 -0.020336690147568476 0.0050317126898441434 0.0025421094036511297
leaf_weight=30.555359523743391 46.721408067067387 61.178952109534293 5.4429497694654847 72.324130716937361 0.17295657424256283 0.14705856397631578 3.78216340707149 2.6648462219454814 0.49913106492022041 1.7189295329153536 44.869959561154246 109.14364575175568 270.03339033480734 75.79720713570714 79.526510450989008 254.6897089406848 130.01199063844979 1333.5951129929163 448.19808949442813 345.27303008164745 75.622231867338996 30.691005622968078 25.90796325111296 14.354576361831276 10.254187664948402 141.09971848322311 11.556675494997764 3006.4174405054655 16.096319929114543 53.355794134025928 181.74943827081006 125.28536153770983 11.791847073007373 79.490179221378639 812.11267830309225 16.341996266040951 69.547564171196427 61.874025363009423 124.3173781830701 25.776912648463622 17.569161072606221 532.92581783374771 9.7341407462954539 38.306639400834683 245.8390159982373 740.35889005713398 197.25541507219896 6.9615088779828502 8.1720625860616547 74.636201386223547 11.561946232803164 13.378479449078439 343.4142459705472 57.219861524063163 807.81772784865461 41.419333958067 2777.5243982663378 34.507763869129121 23.640152113512158 25.373689473606646 3478.7488152885344 2147.7938358234242
leaf_count=380 95297 8538 6490 155177 304 128 2036 295 385 1800 259 1380 3367 453 454 1285 976 18042 29816 7378 2090 439 1089 672 117 3593 162 70588 154 4398 3601 1703 472 5185 54860 708 2641 1364 11014 894 497 5959 61 604 17647 49910 4851 393 86 1227 410 883 10348 2390 36419 421 31292 1231 454 947 62505 57720
internal_value=1.7185e-05 0.000125362 6.48792e-05 -0.021792 0.0302509 0.418501 0.0214441 0.0664462 0.147054 0.101086 0.000161227 -0.00556401 -0.0103158 -0.00557823 -0.0247519 9.73742e-05 0.0158796 0.000456136 0.0034063 0.00390178 0.0127973 0.0034963 0.0195829 0.0262943 0.0331583 -0.0160222 0.00194602 0.00110081 -0.00900101 0.0134453 0.0286772 0.0224377 0.0697039 0.0321332 -0.000515883 8.32746e-05 -0.00762938 0.00784904 0.0171887 0.00402939 -0.000496092 -0.00632837 0.000476687 0.0341104 -0.0267558 -0.00190925 0.00634243 0.118629 0.168788 0.0155012 0.0253003 0.0196643 0.0223122 0.0076707 4.23006e-05 -0.00343346 -0.000129772 0.0233177 0.00502561 0.0315517 0.00189515 -0.00123904
internal_weight=19844.1 19797.4 19766.9 86.7522 14.428 0.320015 14.108 8.66507 4.88291 4.38378 19680.1 964.072 789.19 680.047 155.324 524.723 174.882 18716 4638.32 4577.14 824.952 479.679 262.957 237.049 206.358 216.722 3752.19 3603.56 597.14 148.942 196.104 148.634 23.3485 95.5865 14077.7 12984.1 1093.63 281.516 219.642 150.094 12611 1802.73 10808.2 137.811 320.628 1482.1 741.743 24.8677 15.1336 112.943 208.817 373.135 359.756 74.789 10670.4 3710.28 2902.47 124.941 83.5216 49.0138 6960.14 3481.39
internal_count=786239 690942 690562 166615 11438 432 11006 4516 2480 2095 523947 8174 6939 5559 907 4652 1235 515773 139995 131457 18979 11601 5918 4829 4390 5683 112478 110141 39553 9737 4273 2337 634 5339 375778 305005 70773 15913 14549 11908 293066 81664 211402 2371 20534 61130 11220 540 479 1831 5261 11939 11056 2887 209031 70764 34345 3053 2632 1401 138267 75762
is_linear=0
shrinkage=0.05


Tree=112
num_leaves=63
num_cat=0
split_feature=2 42 44 43 9 38 1 52 45 28 39 52 55 41 49 32 18 50 42 13 55 49 40 29 5 45 47 49 49 23 29 39 24 49 1 53 1 25 51 45 23 47 40 49 4 11 5 29 18 39 17 44 29 4 55 40 17 15 45 49 11 47
split_gain=36.1978 16.2038 26.4409 21.1577 28.0451 29.9879 17.8761 33.8964 18.2707 17.2992 21.3349 23.0085 21.4825 19.7417 20.5979 26.5305 21.7882 19.4955 16.4224 16.1982 16.1571 50.1784 35.8393 31.0065 28.138 32.2328 28.0534 25.2715 40.9899 29.5381 30.0171 22.7931 21.6707 19.5594 19.2574 45.9306 40.133 21.5663 31.404 55.9394 18.7007 18.2806 20.2582 18.2291 40.4817 25.1945 40.509 18.5615 17.1888 16.9895 20.5713 16.7704 19.053 18.1799 29.8539 25.9264 21.3241 19.6352 17.7884 17.1743 17.1624 17.1184
threshold=292.69541931152349 2.4814987182617192 -0.17906951904296872 -0.10068511962890624 286.36369323730474 -44.235282897949212 284.64718627929693 70.743980407714858 -0.098859786987304674 24.796339035034183 -4.3369648456573477 49.095659255981452 -0.91597560048103321 28.908982276916507 255.32789611816409 34.458843231201179 1.0000000180025095e-35 78.30975723266603 9.2958908081054705 0.66212463378906261 -0.12940952181816107 286.19183349609381 10.156875610351564 16.689404487609867 214.94265747070315 5.1664371490478525 1.829152584075928 266.63755798339849 268.43287658691412 -12.714762687683104 15.350136756896974 -27.864198684692379 14.072302818298342 258.38572692871099 286.63560485839849 -15.425000190734862 288.12187194824224 8.1978006362915057 50.025959014892585 0.61664009094238292 -2.7883545160293575 1.078674912452698 6.0392303466796884 291.49073791503912 281.14772033691412 293.22669982910162 290.36810302734381 4.5700855255126962 -48.493804931640618 -24.645606994628903 0.44061279296875006 3.8465747833251958 9.0845212936401385 260.62001037597662 0.91597560048103344 -3.2941131591796871 -25.491792678833004 -33.00672531127929 5.1664371490478525 279.54071044921881 278.10688781738287 -0.13258600234985349
decision_type=2 2 2 2 2 2 2 2 2 2 2 2 2 2 2 2 2 2 2 2 2 2 2 2 2 2 2 2 2 2 2 2 2 2 2 2 2 2 2 2 2 2 2 2 2 2 2 2 2 2 2 2 2 2 2 2 2 2 2 2 2 2
left_child=1 3 -3 9 5 6 -5 8 -8 20 12 13 -11 -12 15 -15 17 -16 -4 -7 24 22 23 32 41 34 27 -27 29 30 -29 -28 51 -24 40 36 -36 -37 43 -40 48 -1 -43 45 -45 -39 47 -47 -26 50 -34 61 53 58 56 -56 -55 -58 -53 60 -57 -22
right_child=-2 2 18 4 -6 19 7 -9 -10 10 11 -13 -14 14 16 -17 -18 -19 -20 -21 21 -23 33 -25 25 26 31 28 -30 -31 -32 -33 49 -35 35 37 -38 38 39 -41 -42 42 -44 44 -46 46 -48 -49 -50 -51 -52 52 -54 54 55 59 57 -59 -60 -61 -62 -63
leaf_value=0.041610883963670478 -0.04872876697056161 0.00095946665280674656 0.018072517153937134 0.019082027627211298 -0.027281504781279366 -0.0057259685808321442 -0.031412183664921642 0.20115659571924202 0.18191019824621027 1.327642722576313e-05 0.033025688794527219 -0.040473413516727036 -0.024637998271066719 -0.018311334165623496 -0.020164461929408857 0.032911629283588269 0.021153200654362072 0.010977618343340451 -0.02230336356995441 0.023490663220375269 -0.0048478307165401623 -0.026847251967006564 -0.0016039356270814106 0.045951137299082324 -0.027967431034710166 -0.019979088220469232 -0.028291984609559367 0.036155921163188817 0.0041397590879918003 0.0063752942936841916 0.15784725519960188 -0.0026411545546598026 -0.037329200822230103 -0.030520395385297036 0.73350603495084932 -0.010200228300201689 0.062231758959910843 0.014306073274541146 -0.050371035475846364 0.49591629983110241 0.062798765928153463 -0.020230699979813777 0.022385938692169132 0.39040141016317537 -0.050177180532487591 0.60316007408054928 1.1351791277854686 -0.05028208149281832 0.0065214790068459901 -0.0033401427893845442 0.024436707837877675 -0.0089857963645025209 0.057655277632537097 -0.028591450078958192 0.16563508951090045 0.075936505196213866 0.090287378109777383 -0.0049540483448381571 0.010336946210363311 0.15586519237391305 -0.048707241352947656 0.0037705198250777778
leaf_weight=74.326026018708944 38.056971021404024 10140.996884520806 323.23927611086401 39.629388878005557 139.68800591400941 2098.6578133266303 4.5602758037275635 4.2453877374064177 1.2870242312783355 140.17615354852751 48.290272666141391 32.990127185359597 239.17042349232361 36.409369885921478 211.28419963642955 82.68962836638093 57.131189130246639 65.938906606286764 27.312369637191296 48.537271432578564 951.71925956642372 178.94404870271683 100.61143260914832 38.892448142636567 37.285902991628973 76.205972750613 184.16305976721924 9.3722260327776912 182.55356022831984 13.387253426015375 11.032665759325026 163.48455632617697 88.307889481831808 139.65158576285467 0.44617224842659098 14.847983677318551 0.44447050732560456 13.84158313123044 0.8184209082974111 1.0963900574715806 14.385140761733053 38.016546092927456 104.64313966594636 1.1258104770677158 0.97111216312623572 0.15305237506982017 0.1265612684073858 0.37483595553203486 1161.8674801123561 217.08110118238255 15.908984631299971 162.64880068873754 19.718978172400966 19.57991530385334 6.4978063439484712 5.8121667809318733 10.995867195364555 10.655768443015402 444.93194982374553 2.7724024181661653 5.26199503056705 1460.1624372988299
leaf_count=415 104741 299357 4168 1094 124657 45595 684 104 267 3265 263 200 5097 176 1419 553 301 371 244 343 23353 24619 907 354 4466 2220 10648 245 3561 158 193 2280 4044 3431 86 9935 334 7071 345 200 92 212 569 62 850 131 379 555 28133 2008 86 2584 385 2924 101 222 499 309 6580 367 509 45506
internal_value=-1.23335e-05 8.16477e-05 0.00142615 -0.00144566 -0.00555785 -0.00417658 0.0342116 0.0936185 0.0155413 -5.29541e-05 -0.00645955 -2.5676e-05 -0.0155289 0.0026338 -0.000602766 0.0172524 -0.00696289 -0.0127572 0.0149267 -0.00506553 0.000925496 -0.000987937 0.000262295 0.00155865 0.00445258 0.00249279 -0.006628 0.00478168 0.0135034 0.0640884 0.101953 -0.0162294 0.00105412 -0.0184115 0.00717238 0.0441482 0.39851 0.0346863 0.0706968 0.262424 0.00612891 0.0215047 0.0110293 0.0485716 0.186364 0.0286393 0.331786 0.139173 0.0054491 -0.0113066 -0.0279005 0.00233492 0.00921536 0.00778791 0.0336759 0.083239 0.00922062 0.0434147 0.00516427 0.0445727 0.0167108 0.000369752
internal_weight=19765.4 19727.4 10491.5 9235.81 2336.61 2196.92 49.7221 10.0927 5.8473 6899.21 914.08 534.734 379.347 501.744 453.453 119.099 334.354 277.223 350.552 2147.2 5985.12 3880.15 3701.21 3460.95 2104.97 1887.98 640.199 292.552 216.346 33.7921 20.4049 347.648 3422.06 240.263 1247.78 34.2464 0.890643 33.3558 18.5078 1.91481 1213.54 216.986 142.66 16.593 2.09692 14.496 0.65445 0.527888 1199.15 321.298 104.217 3100.76 688.876 669.157 61.5759 20.3444 41.2316 21.6516 607.581 13.8466 11.0742 2411.88
internal_count=784827 680086 303769 376317 172744 48087 2149 1055 951 203573 11645 3283 8362 3083 2820 729 2091 1790 4412 45938 191928 118788 94169 89831 73140 71944 19305 6377 4157 596 438 12928 89477 4338 52639 19948 420 19528 9593 545 32691 1196 781 9048 912 8136 1065 686 32599 6138 4130 83339 14480 14095 4931 1199 3732 808 9164 1098 731 68859
is_linear=0
shrinkage=0.05


Tree=113
num_leaves=63
num_cat=0
split_feature=2 48 43 36 45 50 36 45 49 42 3 28 35 17 16 49 23 51 49 45 28 49 36 47 49 36 49 9 29 8 46 26 53 14 47 35 28 46 21 23 3 19 53 23 48 23 29 26 36 28 4 51 43 11 49 42 51 49 48 17 43 53
split_gain=34.4088 17.7148 24.9166 20.4275 23.676 18.1264 16.9163 16.7561 40.4979 16.6197 28.1891 20.2886 20.2741 27.4557 28.6739 22.4555 29.3671 35.564 28.0286 19.9623 22.5585 22.8862 29.6892 25.782 24.9984 29.3276 23.4134 33.2066 34.7077 29.3851 35.1171 19.323 32.1997 21.4011 20.4078 19.414 31.1716 18.7353 18.4867 32.6973 23.5716 18.859 18.2094 33.4288 17.3851 18.866 17.0583 19.2245 16.7644 21.6201 22.2984 16.5021 16.4657 16.3235 23.046 19.157 19.0883 15.8568 15.6727 23.6816 18.8303 18.4212
threshold=292.69541931152349 -0.69827961921691883 -0.42668151855468744 249.11765289306643 1.2835063934326174 85.215217590332045 269.70588684082037 -14.610094070434569 271.86802673339849 7.4490127563476571 218.95622253417972 -3.5078821182250972 -1.0316952466964719 -37.085937499999993 -41.669084548950188 274.13537597656256 -42.873016357421868 62.29881668090821 276.94873046875006 -1.5698299407958982 25.678310394287113 260.24180603027349 222.64705657958987 1.4013633728027346 257.70365905761724 215.00000000000003 258.11538696289068 242.83633422851565 0.20380067825317386 244.85565948486331 1.7072105407714846 7.6765480041503915 1324.3750000000002 -51.039615631103509 0.044887810945510871 -0.42913483083248133 -1.2034254074096677 1.1818566322326662 -44.763467788696282 -43.871583938598626 282.16415405273443 -43.536682128906243 -8.958333492279051 -48.618679046630852 0.95489680767059337 -8.3960647583007795 -4.1651387214660636 -2.2751493453979488 221.47058868408206 22.674619674682621 257.87675476074224 16.375961303710941 3.1920928955078129 281.72741699218756 285.57859802246099 14.770606994628908 24.662490844726566 256.94619750976568 -0.3497984111309051 -32.515556335449212 -2.6919174194335933 200.08333587646487
decision_type=2 2 2 2 2 2 2 2 2 2 2 2 2 2 2 2 2 2 2 2 2 2 2 2 2 2 2 2 2 2 2 2 2 2 2 2 2 2 2 2 2 2 2 2 2 2 2 2 2 2 2 2 2 2 2 2 2 2 2 2 2 2
left_child=1 2 -1 5 6 -4 -5 8 -3 11 -11 -9 15 31 -15 -13 17 18 37 20 21 22 24 26 25 -16 29 -28 -29 -24 -31 32 35 -34 -35 36 -14 -17 -20 40 -40 -42 43 -33 46 -46 -12 51 -23 -50 -51 -48 -21 54 -8 -55 -56 -54 59 -18 -61 -60
right_child=-2 7 3 4 -6 -7 53 9 -10 10 44 12 13 14 19 16 58 -19 38 52 -22 48 23 -25 -26 -27 27 28 -30 30 -32 42 33 34 -36 -37 -38 -39 39 -41 41 -43 -44 -45 45 -47 47 -49 49 50 -52 -53 57 55 56 -57 -58 -59 61 60 -62 -63
leaf_value=-0.038509756646005512 -0.048669084322721268 -0.036743952068075895 -0.0021337476108274018 -0.035420960201585222 0.154130085689971 0.054838081427325269 -0.016458008749474243 -0.029158035254131961 0.0052442747379451149 0.041612082339787623 0.075948743218061499 -0.010124507992990979 -0.0094682547952852896 0.053090455976421896 0.042164123351996818 0.049734774195499543 -0.0068815230727996626 0.14064623981731147 -0.034781946219107823 0.00021656904599998109 -0.026422717996937174 0.0038405501342050918 -0.015520837752152961 -0.019020722144790617 -0.031533121772597469 -0.01011911235220722 0.04985642169217689 0.055796554331542562 -0.0059903262841627244 0.052780590843233055 -0.025152045331577291 0.27896974697701682 0.13842256366297789 -0.0536719503775318 0.051156616640574838 -0.022906261845351696 0.072043522350077757 0.15953851948962366 0.25494428341264391 -0.028051700891529037 -0.050657299531751104 0.2702803607337933 -0.0010808989696002528 0.011001179765931263 -0.025113544209265422 0.024721394876226006 -0.045386601895018489 0.0032767127525634336 -0.010404651881664175 -0.011869669523723298 0.082082875612114692 -0.00041470275036364283 0.028673729601408262 -0.02288822509177621 0.11163107259056126 0.19789232487487779 0.014826831978427074 0.0052676991626669787 -0.031305564448910639 0.089043304141381494 0.025633144776910338 0.015846490680429627
leaf_weight=69.089739181596087 36.447344289597822 102.33631338155828 33.615483417641371 63.362347099580802 2.0896076076314776 23.879115366376936 19.644752462860197 61.693688347237185 130.86197040614206 46.449261210858822 7.9932442123536012 91.120915327512193 83.625126266473671 25.222878378990572 35.32306145876646 26.726762993261222 46.527087557682535 8.8052058129978814 17.499564793077298 10423.257099637121 111.85703390091658 296.65474832430482 93.861280496232212 57.598763465881348 85.613579824566841 111.4500801358372 94.672663680277765 30.733046032488346 87.266953921411186 45.307032821001485 21.227667799219489 1.6498145294899584 4.4752841523150009 6.7648998182849054 14.80010750092333 405.95233808507328 13.642364310187984 4.5454688270110628 2.4376498372294009 6.1853675110614876 1.7470178339863198 0.62025068755610835 291.92469801899279 3.9510724546271367 102.42464759224094 23.3139070244506 37.828436382813379 4540.1166121636052 1181.7724280741531 12.310636505018921 12.967824889346955 44.270659888861701 90.694670881144702 57.70422422743286 9.4244014699943381 0.9995500270742913 11.078409814275799 357.94309049588628 41.415404319064692 14.890757721848784 54.774852518923581 41.439091268955963
leaf_count=5279 105137 3453 555 2655 86 178 765 8027 2859 252 153 3798 8448 4398 236 1148 2761 411 5072 190470 1992 2227 978 851 625 738 774 215 1334 621 538 195 363 309 628 194283 260 219 132 1197 762 69 47461 482 5937 158 737 125495 27431 491 161 776 615 12895 329 108 341 2817 1921 118 1135 1157
internal_value=-0.00013222 -4.2646e-05 -0.0122903 -0.00412299 -0.0130991 0.0215282 -0.0152533 0.000140445 -0.0131818 0.00030204 0.00284971 -0.000546254 -0.000423343 -0.00072404 -0.000169424 0.0113138 0.0186134 0.0468339 0.0330118 -0.000271577 -0.00452679 -0.00339643 0.0043421 0.012114 -0.0100611 0.0024636 0.016921 0.027799 0.010102 0.00249761 0.0279165 -0.00956245 -0.0152936 0.0389212 0.0182721 -0.018099 0.00196427 0.0656949 -0.00286319 0.0479603 0.14581 0.0334319 0.000632462 0.0899348 0.00247113 -0.0158734 0.0029693 0.00284309 -0.00680871 -0.00942596 0.0363279 -0.0211362 0.000620264 -0.00232616 0.022243 -0.019129 0.0593242 0.00999936 0.008892 0.0207397 0.0391868 -0.0077228
internal_weight=19785.9 19749.4 290.888 221.798 164.303 57.4946 162.214 19458.5 233.198 19225.3 4802.4 14422.9 14361.3 14002.5 13175.7 358.735 267.614 68.5673 59.7621 13150.5 2278.62 2166.76 663.054 430.667 232.387 146.773 373.069 212.673 118 160.396 66.5347 826.786 529.26 26.0403 21.565 503.22 97.2675 31.2722 28.4899 10.9903 4.80492 2.36727 297.526 5.60089 4755.95 125.739 4630.21 4622.22 1503.71 1207.05 25.2785 82.0991 10871.9 98.8513 40.1476 58.7038 20.5028 448.638 199.047 116.193 69.6656 82.8545
internal_count=786016 680879 23191 17912 17179 733 17093 657688 6312 651376 133508 517868 509841 489941 237512 19900 16102 9010 8599 233114 39212 37220 6910 5311 1599 974 4460 2323 1549 2137 1159 252429 204291 1300 937 202991 8708 1367 7232 2160 963 831 48138 677 133256 6095 127161 127008 30310 28083 652 1513 193902 14438 1435 13003 670 3432 7092 4014 1253 3078
is_linear=0
shrinkage=0.05


Tree=114
num_leaves=63
num_cat=0
split_feature=2 12 47 54 49 49 40 49 49 49 48 36 46 54 35 49 43 49 43 35 47 36 43 14 17 5 31 17 28 49 37 22 47 49 49 46 49 26 49 49 47 49 28 48 23 49 2 29 24 49 49 49 41 17 53 49 36 11 53 43 29 39
split_gain=32.8024 16.9031 31.2658 36.1269 46.9506 51.1901 36.7909 43.4636 58.8247 35.8546 36.6977 34.7741 34.2202 29.8019 40.9499 47.1842 35.1358 54.5922 31.3691 31.5674 32.0457 30.1148 55.8629 29.0802 26.339 33.5527 25.5809 25.1327 31.3988 24.9096 42.1089 43.142 33.4176 24.2095 29.8694 31.5896 27.7194 40.0212 25.3097 26.8493 32.5433 24.8974 23.9799 23.8048 23.3581 41.704 73.9307 23.2968 37.4041 23.292 22.6625 21.5155 21.623 30.9429 26.6257 53.7659 42.5204 92.1966 21.7902 34.3553 21.3955 20.948
threshold=292.69541931152349 -37.321014404296868 -4.4585323333740225 0.12940952181816109 265.70214843750006 274.91055297851568 -0.31372833251953119 263.73217773437506 274.68690490722662 285.57859802246099 0.22238975763320926 278.52941894531256 4.3465795516967782 -0.6035533845424651 8.8607130050659197 267.40522766113287 -1.5085144042968748 274.13537597656256 -1.1447906494140623 8.5501890182495135 -1.8748136758804319 284.41175842285162 -0.66427612304687489 -33.634635925292962 -52.570882797241204 283.48248291015631 -0.44066391885280604 -25.491792678833004 0.1853904724121094 286.69125366210943 289.50254821777349 -45.902454376220696 -0.10867550969123839 290.27322387695318 266.53407287597662 3.0129451751708989 265.99908447265631 14.817760467529299 278.60643005371099 282.01361083984381 1.2718615531921389 280.56040954589849 -1.5727829933166502 0.88486921787261974 -52.182167053222649 285.78244018554693 287.34085083007818 6.3849916458129892 9.9861965179443377 290.59205627441412 268.43287658691412 284.62863159179693 13.568869590759279 -44.15728569030761 192.08332824707034 284.25558471679693 246.76470184326175 288.31858825683599 166.94444274902347 -0.50584411621093739 3.2615575790405278 -44.038488388061516
decision_type=2 2 2 2 2 2 2 2 2 2 2 2 2 2 2 2 2 2 2 2 2 2 2 2 2 2 2 2 2 2 2 2 2 2 2 2 2 2 2 2 2 2 2 2 2 2 2 2 2 2 2 2 2 2 2 2 2 2 2 2 2 2
left_child=1 2 26 4 -4 12 7 27 -9 10 -7 23 13 14 15 -6 17 -15 -17 20 -20 -22 -23 -11 -24 -26 -1 28 -5 30 -10 -32 -33 34 36 42 -8 43 -37 40 -40 -42 -36 -38 45 46 -13 -16 50 -46 -49 52 54 -54 55 58 -57 -58 -12 -60 -31 -3
right_child=-2 61 3 6 5 9 33 8 29 11 51 44 -14 16 47 18 -18 -19 19 -21 21 22 24 -25 25 -27 -28 -29 -30 60 31 32 -34 -35 35 38 37 -39 39 -41 41 -43 -44 -45 49 -47 -48 48 -50 -51 -52 -53 53 -55 -56 56 57 -59 59 -61 -62 -63
leaf_value=0.0531205621237699 -0.0485993452907207 -0.020833780152252734 -0.032696266941285794 0.041867822096911117 -0.035377755445248689 -0.022027952833012916 -0.0090020592042443833 -0.025825080229462491 0.0057977089680327403 0.017483509645442725 0.016707851464003498 0.72662284436200786 -0.020028165012265141 0.023578195187278106 -0.019538549902350131 0.0079290400633995443 -0.0011810576047038618 0.16946318090021767 0.015017686283658314 0.15541835200165435 0.06353957291834525 0.93043265476786896 0.41179570134741256 -0.0098435618535174397 0.67021308149657477 0.0017444505713692029 -0.025500414744611812 -0.016855963432223394 0.15485282859259394 -0.017797288117075896 0.022070450372189805 0.38422150305123143 0.12057536065496013 0.021572799759206431 0.24689285789831486 -0.026433734745841056 0.047694733717424498 -0.051123725746772875 -0.012785219325629711 -0.011867985796010188 0.02471333768334423 0.11075025180534968 -0.031217305829270976 0.1642108865685683 -0.036444300617407319 0.01320409137212978 0.0043943833180953564 0.19062151303538979 0.011192267541630867 0.0035676679559984506 0.04689941075751098 -0.04270135459346442 0.032388138644104218 -0.019980829879238968 -0.0097443517890727482 0.054875483037614303 0.44578429920316714 -0.021876262004199655 -0.025529431125681575 0.27223857825526449 0.11962227292851485 0.00096625182070720966
leaf_weight=10.906856600427998 34.719174374768045 110.9919714020798 90.821140172163723 31.168554049596423 17.941974315763218 330.29379090468865 114.16131378896534 216.82560848840512 563.32405388992629 452.60816485225223 61.760551843850408 0.57812341628596431 65.429192252951907 54.702778927632608 50.998283667664509 36.717523320170585 262.3174805585295 7.2644416297844137 38.65678259904962 8.1039321575371996 103.5934138034936 0.25492777835461344 0.75400476521463167 124.03220576699823 0.20822823967318926 1.9057646314322481 201.2597225116624 12.705810165032743 7.6603853117849203 138.4182440606528 13.274118889879903 1.4716167771839535 6.5580579148663656 43.275683726358693 0.77667299978202109 103.82891859891242 22.208594750816705 8.9146412340924126 23.50607590895379 84.581902888196055 18.527011252270313 15.396374160394769 381.01548820277094 5.4616533416265147 95.792879708053079 29.775272795173805 0.91537936881650239 4.768760497128822 90.52721846170607 58.635492777364561 6.4562847176275682 24.186106581881177 38.229363419784931 107.58929999885731 41.107039513444761 5.3734265565872175 2.7117765505099669 1.7238168656185733 1.7599981648381802 2.1544468720094292 2.8916465890652026 15376.389237826661
leaf_count=263 105060 5592 9625 738 2658 47021 11463 16634 24750 17652 8129 46 3624 2947 2596 2233 15984 261 1867 290 3926 226 532 2000 183 2006 14816 163 353 34478 10363 321 1062 11478 22 8651 948 519 1255 7202 1055 588 93364 167 30054 19436 684 140 3197 15646 422 4555 2103 5875 3941 82 136 804 168 301 233 223126
internal_value=-4.18161e-05 4.36047e-05 -0.00275009 -0.00176675 0.00251075 0.00401206 -0.00699752 -0.000527968 -0.00297209 -0.00170637 -0.0106682 0.00554558 0.0145197 0.0178188 0.0277036 0.0421323 0.00681819 0.0406803 0.0494442 0.0593762 0.0540223 0.0681513 0.221129 0.0116056 0.158082 0.0675886 -0.0214587 0.0441842 0.0641581 0.00385372 0.00840727 0.0774103 0.168894 -0.0148264 -0.0168501 -0.0216503 0.00313546 0.04101 -0.00767131 0.00604648 0.0324309 0.0637618 -0.0306516 0.0706931 -0.0132725 0.0261365 0.283963 0.00804316 0.0218671 -0.021252 0.107957 0.00242368 0.00658282 -0.00625123 0.0226342 0.0402669 0.149457 0.264036 0.0239586 0.138357 -0.0149852 0.00081002
internal_weight=19770.9 19736.1 4248.77 4036.6 2220.65 2129.83 1815.95 994.298 942.763 1379.23 616.89 762.338 750.601 685.172 360.887 208.137 324.285 61.9672 190.195 153.477 145.373 106.716 3.12293 576.64 2.868 2.11399 212.167 51.5347 38.8289 725.938 584.628 21.3038 8.02967 821.654 778.379 627.632 150.746 36.5849 245.84 142.011 57.4295 33.9234 381.792 27.6702 185.697 31.2688 1.4935 152.751 101.752 154.428 11.225 286.596 262.41 145.819 116.591 75.484 9.80902 4.43559 65.675 3.91445 141.31 15487.4
internal_count=786014 680954 452236 437157 211350 201725 225807 89095 87841 158633 73115 85518 43092 39468 20276 13921 19192 3208 11263 9030 8740 6873 2947 19652 2721 2189 15079 1254 1091 71207 36496 11746 1383 136712 125234 112137 13097 1634 18751 10100 2898 1643 93386 1115 65866 20166 730 6355 3759 45700 562 26094 21539 7978 13561 9620 1022 940 8598 469 34711 228718
is_linear=0
shrinkage=0.05


Tree=115
num_leaves=63
num_cat=0
split_feature=2 35 25 49 53 26 3 17 22 53 53 13 5 51 5 49 49 36 39 41 40 40 39 29 37 40 35 38 54 54 49 52 39 43 2 37 11 39 46 40 44 51 31 55 54 49 51 49 49 52 43 41 49 24 54 36 52 52 38 26 11 49
split_gain=30.9559 18.5928 35.3633 35.2266 28.9541 26.779 21.8918 20.8142 31.6986 31.1347 18.7174 18.0363 19.8918 33.4571 16.543 21.0666 22.042 16.2757 33.8164 33.1753 30.5209 29.8471 35.8576 35.2493 28.8939 27.942 24.0321 20.4001 30.8121 29.0483 28.8955 28.0987 27.3455 22.8536 22.3985 21.8723 20.0117 19.6626 34.0974 36.688 27.2487 26.1798 21.2539 24.4643 21.2199 26.8415 21.1628 26.5849 21.1701 20.6328 19.298 19.4611 21.3652 19.2326 20.3208 18.9667 23.6238 25.8111 18.8487 18.7662 18.7315 19.5281
threshold=292.69541931152349 -0.76137718558311451 -1.9530782699584959 288.57763671875006 47.767856597900398 -1.4828133583068845 283.21185302734381 -36.648218154907219 -44.581121444702141 131.08333587646487 420.58332824707037 -38.298725128173821 289.53218078613287 62.29881668090821 263.53910827636724 285.39907836914068 271.58435058593756 276.76470947265631 -45.39288139343261 2.1704207658767705 -1.1764755249023435 -1.8235321044921873 -33.33624076843261 -1.848520755767822 235.60276031494143 -2.7254943847656246 0.2933505922555924 -40.647064208984368 0.12940952181816109 0.12940952181816109 282.01361083984381 13.236656188964846 -51.92156791687011 -0.27055358886718744 289.60169982910162 281.30355834960943 263.14956665039068 -41.266523361206048 5.2415313720703134 5.1960754394531259 -28.385232925415036 50.025959014892585 5.1856951713562021 0.37940952181816107 -1.0000000180025095e-35 266.53407287597662 77.397277832031264 276.58561706542974 281.06625366210943 100.17806625366212 19.185226440429691 6.7867329120635995 254.46063232421878 22.387483596801761 0.37940952181816107 246.76470184326175 9.1258697509765643 24.072759628295902 -5.8235321044921866 3.3093757629394536 286.20248413085943 283.52928161621099
decision_type=2 2 2 2 2 2 2 2 2 2 2 2 2 2 2 2 2 2 2 2 2 2 2 2 2 2 2 2 2 2 2 2 2 2 2 2 2 2 2 2 2 2 2 2 2 2 2 2 2 2 2 2 2 2 2 2 2 2 2 2 2 2
left_child=1 2 -1 6 -5 14 -4 8 -6 -10 -11 12 -8 -14 15 16 -3 19 27 21 24 22 25 36 -21 -7 -22 28 30 32 33 -31 34 -19 -29 -30 -24 38 39 40 42 53 43 -28 55 59 48 -48 -43 -40 -39 -52 -53 54 -41 -42 -57 -58 -23 -46 -27 -62
right_child=-2 5 3 4 7 17 11 -9 9 10 -12 -13 13 -15 -16 -17 -18 18 -20 20 26 58 23 -25 -26 60 37 29 35 31 -32 -33 -34 -35 -36 -37 -38 50 49 41 44 46 -44 -45 45 -47 47 -49 -50 -51 51 52 -54 -55 -56 56 57 -59 -60 -61 61 -63
leaf_value=-0.0046457603541554355 -0.048523285684964924 -0.034470100576717094 0.0085347894633696353 -0.028192758322477918 -0.050612685753656239 -0.0045770401467601068 0.018469455360831506 0.052267812799080139 0.30177185156021435 0.031801424534063316 0.20345298636338469 0.11788437096145342 -0.052402968606452577 0.34550792875893088 -0.028493381207203794 -0.048332991154593601 0.012923339794374803 -0.0037398860075248796 -0.017088174681876608 0.010783089405957708 0.075388107688139305 0.011222074103969403 0.054997680743962642 -0.018144330784151796 -0.015375198207220463 0.015531315526163074 0.2316776084022068 0.040906784947014392 0.19288474686231763 0.088822276992948659 -0.012194952006421067 -0.0068462442664060695 -0.0051027778848672274 0.039892266089725313 0.25534351949187689 -0.02152530230622824 0.001789827907827506 0.00067618750717853742 -0.033862021961593818 0.010876010282895426 -0.022007773473239258 0.087378214014391747 -0.034211748499581092 0.029786009600976895 0.047594293542224192 -0.029435896840793587 -0.046471829967760607 0.045686050309372533 0.0053555803608232953 0.049489140259647971 0.015513555143700078 0.05879991971254226 -0.024046228605109819 -0.029212865016140361 -0.022428580776032166 -0.019185960600867587 0.025148584091965732 -0.011879736411631635 0.039431853807145895 -0.019917661880868312 0.12266439925616582 0.0226632458247145
leaf_weight=343.12109831636189 33.031630760116968 31.469687284668908 369.68157196219545 7.6979241126973639 1.9283640345092834 219.65249909181148 25.203267752338437 23.910863864060957 3.1015030330745503 3.538369327550754 2.8814304973639082 7.6309198386734343 0.91830946243135203 1.2437641171854918 131.75672105155536 23.801213476806879 111.302965083858 47.096117463166593 420.2864020888228 128.82558940909803 10.543832594295962 801.5381223562872 25.819419099017978 324.38109461870044 584.71172618726268 286.26271660183556 2.9789311280474049 3.7793263691710299 1.1983657642267633 24.181930871447548 95.268201549857622 11.243906409625195 69.145810485671973 82.728008279082133 1.7966762170544823 159.80459820339456 55.99778978805989 13649.235764378565 133.03769120655488 325.28274968219921 112.89385697687976 25.245435869903304 2.9343408973654732 3.0234062565723434 20.953993769362569 227.51935812004376 13.704291454982014 18.242109807441011 11.427805269486269 7.8634925305377683 46.271444283891469 8.1224861878436041 185.75361905037425 42.69659822829999 53.306303841643967 90.109001189353876 128.46283169509843 74.273042432265356 63.936967320740223 20.231912952614948 8.5671737816883269 11.348993000457993
leaf_count=25406 105120 382 5338 854 1202 4395 3272 346 329 434 103 250 470 43 11467 354 930 13732 62241 746 196 13788 217 3379 10733 5346 272 324 55 1999 59685 2035 9753 21763 357 100555 489 220504 9420 16501 2540 897 330 274 935 25375 369 260 343 237 331 56 5452 1373 4398 7633 10938 6180 313 1946 603 551
internal_value=-0.000160233 -7.92677e-05 0.00743195 0.0166877 0.0596828 -0.000392905 0.0121129 0.0788132 0.134249 0.171689 0.108845 0.04991 0.0309552 0.176501 -0.0152547 -0.00478311 0.00247696 -0.000155066 -0.00665215 0.000180884 -0.000545793 0.00661995 0.000411282 -0.0107471 -0.0106525 0.00903098 -7.17942e-05 0.0021865 -0.00322825 0.0211666 0.00871768 0.0584578 0.00348672 0.0240639 0.110002 -0.0199294 0.0185809 -0.000124126 -0.00596975 -0.00317877 -0.0106649 0.00726376 0.0760705 0.129984 -0.0118141 -0.0227123 0.035903 0.00615238 0.061819 -0.0292103 0.000428975 -0.0136218 -0.0205754 0.00259896 0.00618664 -0.00459669 0.00211541 0.0115831 0.0133061 0.0144301 0.0187934 0.0656799
internal_weight=19763.9 19730.9 790.857 447.736 43.0585 18940 404.678 35.3605 11.4497 9.5213 6.4198 34.9963 27.3653 2.16207 298.331 166.574 142.773 18641.7 916.529 17725.2 15927.7 1797.5 932.03 406.198 713.537 525.831 15214.1 496.243 386.095 110.148 225.092 35.4258 74.7218 129.824 5.576 161.003 81.8172 15203.6 1314.19 1173.29 683.381 489.905 8.93668 6.00234 674.444 268.705 68.6196 31.9464 36.6732 140.901 13889.4 240.148 193.876 421.286 378.589 405.739 292.845 202.736 865.475 41.1859 306.179 19.9162
internal_count=786119 680999 38047 12641 3268 642952 9373 2414 2068 866 537 4035 3785 513 13133 1666 1312 629819 272499 357320 328239 29081 14980 4085 11479 10895 316760 210258 195790 14468 95180 4034 10434 35495 681 100610 706 316564 90221 80564 56423 24141 876 546 55547 28256 1869 629 1240 9657 226343 5839 5508 22272 20899 27291 24751 17118 14101 2881 6500 1154
is_linear=0
shrinkage=0.05


Tree=116
num_leaves=63
num_cat=0
split_feature=2 41 35 25 50 48 45 17 23 13 4 44 47 43 5 29 27 42 39 29 32 54 1 52 24 55 41 40 39 5 29 39 48 37 38 46 45 29 48 54 29 37 50 31 48 41 48 54 16 0 17 48 48 17 38 46 48 54 42 5 14 41
split_gain=29.7331 14.2712 14.5505 28.4686 22.4839 22.5965 21.6454 20.1943 28.8092 32.6366 25.6506 23.4087 25.2916 22.1647 21.6463 27.7008 36.8252 20.5724 19.5568 17.5328 18.0309 19.3304 18.1835 35.6034 16.8568 16.6515 15.6816 29.9804 36.5505 32.9605 23.7491 22.098 24.8639 32.5572 24.6921 21.0686 20.9255 38.0194 30.3019 34.4668 48.6884 41.7104 37.1164 34.5461 31.6732 39.6573 29.2487 28.3419 35.0406 27.7625 40.9109 30.0776 26.0561 25.7064 25.4377 23.9787 23.7455 31.1723 27.8962 30.3465 25.2736 23.552
threshold=292.69541931152349 -2.7908456325531001 -0.76137718558311451 -1.5602483749389646 14.537335872650148 -0.2346743047237396 -7.9523572921752921 -36.877807617187493 -44.683115005493157 -43.381538391113274 274.89315795898443 -6.0279541015624991 -0.30342006683349604 -0.78395843505859364 285.95314025878912 10.531147956848146 13.336349487304689 9.1083374023437518 -44.734930038452141 -1.9244556427001951 -0.14937795698642728 -1.0000000180025095e-35 285.08775329589849 27.083936691284183 -2.2198972702026363 -0.37940952181816096 3.0491439104080205 -1.1764755249023435 -31.511981964111325 275.86897277832037 -1.9244556427001951 -32.246912002563469 0.18936437368392947 279.65505981445318 -19.470596313476559 0.68297958374023449 3.8358793258666997 22.1867790222168 -0.20123150944709775 -1.0000000180025095e-35 4.9409637451171884 267.62890625000006 116.87361907958986 19.417458534240726 -0.18589657545089719 8.6124472618103045 -0.52717256546020497 -0.91597560048103321 0.42283630371093756 245.24444580078128 -10.251132965087889 -0.24570572376251218 -0.37438794970512385 -21.517942428588864 0.64705657958984386 0.76962852478027355 -0.21550649404525754 -0.6035533845424651 21.188232421875004 225.14548492431643 -13.043722152709959 7.1779232025146493
decision_type=2 2 2 2 2 2 2 2 2 2 2 2 2 2 2 2 2 2 2 2 2 2 2 2 2 2 2 2 2 2 2 2 2 2 2 2 2 2 2 2 2 2 2 2 2 2 2 2 2 2 2 2 2 2 2 2 2 2 2 2 2 2
left_child=1 -1 4 -4 6 24 -3 8 9 13 -11 12 17 14 -5 -16 -17 -12 19 -15 21 22 -21 -24 -6 -10 27 28 -9 31 35 32 33 -29 -33 -30 38 47 39 40 54 42 43 46 45 -40 -41 48 -38 50 52 61 -48 -49 56 -55 57 58 59 -28 -61 -51
right_child=-2 2 3 7 5 -7 -8 26 25 10 11 -13 -14 18 15 16 -18 -19 -20 20 -22 -23 23 -25 -26 -27 36 29 30 -31 -32 34 -34 -35 -36 -37 37 -39 44 41 -42 -43 -44 -45 -46 -47 49 53 -50 51 -52 -53 -54 55 -56 -57 -58 -59 -60 60 -62 -63
leaf_value=-0.030036848446662896 -0.048452834212411901 0.074929651683192253 -0.023287085805483776 -0.030980036006857899 -0.007987139799141894 -0.0076376813502932505 -0.018456952237501094 0.0062325399472013109 -0.0053527714572487242 -0.021220433012486755 0.1224425309439249 0.01286775299197652 0.12892821158317511 -0.040073195644130727 0.026695021188347837 0.66453989464001206 -0.050204669848504017 0.013625172973466488 -0.022399491510548139 0.044959256209624619 0.00070438294579405107 -0.00078179353282915799 0.073550427150642403 0.38809775078509384 0.018972939548487614 -0.030305347467684068 0.028654206585551997 0.036907670246371094 -0.013419442976679078 -0.034655619954709685 -0.013493028555060538 -0.016063483507081467 0.12595411512016236 -0.0076530075879621632 0.012253519838467127 0.029265011714280642 -0.017747352098555776 -0.024373024486355518 0.049235100791726431 -0.0045357744921888611 -0.026622573199222926 -0.020470697162347815 -0.015092804681308903 -0.03556821740840517 0.0020498794890349611 -0.019672736280449125 0.038659877751813072 -0.021974525940898451 0.032689310398785594 0.016746267709912742 0.016009804824490541 -0.030504658097072479 0.12242322625753582 -0.012455554380172942 0.059879997452477178 0.0031735034560352992 -0.037744482136803176 -0.0090301576641451855 0.055127395125654059 0.0071952253045220104 -0.029771474531141557 -0.0059611810809514793
leaf_weight=39.195070468238555 31.577486385620432 6.5742904564831397 131.55308341921773 105.21524638697156 66.738105793425348 134.1073269508197 110.43603658958455 945.68677941258647 111.7820522414695 22.742887864471413 5.68770105368458 39.575099988200236 11.714055775431914 24.884329946100479 4.5310490854317313 0.41953743778867636 0.31591063892119564 18.3765979106538 102.32366347286734 13.087703165365385 599.88119823910529 16.462709146551788 3.2018138501443891 1.2511637569987213 441.77211348901619 166.36770071389037 91.37043677456677 144.5404868805781 50.099525606259704 37.846048846695339 544.52103678626008 87.72408636379987 6.1965040674840557 57.216732865344966 628.83035907708108 68.34904513368383 423.49924165569246 210.09150571422651 74.374993693665601 354.71235473896377 308.6311085105408 199.01353263144847 227.86818767525256 47.107518656179309 8494.4793174163788 29.029366089962423 26.465143967419863 126.75772344239522 37.484540089964867 294.97429530695081 514.65122012794018 56.837314477190375 14.30098463129252 281.29171258903807 15.250902025029061 1924.1606848019874 53.188318351836642 764.06293752155034 30.356629046145827 128.49973564440734 72.224235318601131 186.31844333163463
leaf_count=6093 105084 63 5778 22796 5138 7380 6275 20158 12584 1809 223 3706 437 10396 4009 251 268 639 12852 165 201970 3328 680 219 13346 31113 514 2335 465 5226 5753 1478 402 4620 4431 631 9076 5483 916 5369 6511 12393 2495 444 158652 796 364 11148 187 3731 3472 1407 222 4828 104 34646 754 10338 467 3773 619 5693
internal_value=2.62223e-05 0.000103788 0.000163765 -0.000108411 0.00694906 0.0106197 -0.01321 5.37314e-05 -0.00609237 -0.00202338 0.025319 0.0393654 0.0686748 -0.00510078 -0.0260285 0.0728939 0.357522 0.0393446 -0.00206287 0.00109593 0.0027121 0.0381318 0.074654 0.16193 0.0154346 -0.0202775 0.000490525 0.00409824 -7.78783e-05 0.011079 -0.00907932 0.0129512 0.0273005 0.0242706 0.00878681 0.011211 -0.000128376 -0.00386043 0.000806928 -0.00319964 -0.00898104 0.00120228 0.00370525 0.00656975 0.00238471 0.0298902 0.00794037 -0.00231756 -0.0136461 0.0119872 0.019829 0.00389355 0.0680445 -7.83611e-05 -0.0042668 0.00118011 -0.00512518 -0.00352836 0.00950839 0.00476733 -0.00610608 0.00795574
internal_weight=19767.8 19736.2 19697 18937.4 759.628 642.618 117.01 18805.8 1247.82 969.671 98.0963 75.3535 35.7784 871.574 110.482 5.2665 0.735448 24.0643 761.093 658.769 633.885 34.0034 17.5407 4.45298 508.51 278.15 17558 2571.01 1608.66 962.354 662.97 924.508 207.954 201.757 716.554 118.449 14987 3003.29 11983.7 3385.83 1463.58 1922.25 1723.24 1495.37 8597.88 103.404 1448.26 2793.19 460.984 1093.55 555.417 538.13 40.7661 2332.21 1154.95 2205.45 1139.7 1086.51 322.451 292.094 200.724 481.293
internal_count=786503 681419 675326 643124 32202 25864 6338 637346 307445 263748 6814 5005 1299 256934 27324 4528 519 862 229610 216758 206362 4392 1064 899 18484 43697 329901 45499 27007 18492 6849 13266 7357 6955 5909 1096 284402 65368 219034 58670 23080 35590 23197 20702 160364 1712 20258 59885 9263 14889 4058 10831 586 50622 16569 39474 16465 15711 5373 4906 4392 9424
is_linear=0
shrinkage=0.05


Tree=117
num_leaves=63
num_cat=0
split_feature=2 42 20 47 49 28 41 40 53 5 23 49 38 36 49 39 40 26 49 15 46 16 46 40 31 40 49 29 53 29 49 46 41 49 49 26 35 46 38 49 5 21 5 54 38 49 50 49 49 49 40 49 37 49 37 49 53 41 50 49 5 47
split_gain=30.1456 15.5717 24.9017 22.893 16.7013 17.0824 16.6036 29.2933 24.5262 23.2082 24.5429 24.0489 22.8945 22.6713 34.4023 22.5793 31.5262 28.5917 26.0785 23.1315 22.3678 22.2319 24.8047 25.8524 41.8362 29.5797 21.1867 34.8558 21.0903 39.3644 34.3175 20.6628 20.4621 19.8973 49.2985 50.7438 69.0447 34.9259 33.4588 32.0595 30.6112 28.1507 37.7182 24.0006 27.1293 27.6484 26.168 32.2962 34.7881 20.5812 46.5529 31.7824 50.0526 40.4739 55.5239 38.157 57.2139 29.8561 27.4904 26.4871 26.4511 38.5061
threshold=292.69541931152349 15.213485717773439 -18.00915431976318 -2.8623459339141841 255.32789611816409 -3.335363388061523 -0.52142748236656178 -1.9019622802734373 60.708333969116218 234.2858810424805 -14.54692220687866 274.91055297851568 -6.2352981567382804 230.88235473632815 268.43287658691412 -21.665216445922848 11.588226318359377 6.3719596862792978 260.24180603027349 -9.7447242736816388 0.19221973419189456 -16.233098983764645 1.4608068466186526 3.0000000000000004 13.360585212707521 11.588226318359377 290.59205627441412 -1.9924454689025877 93.083332061767592 -2.6497731208801265 291.16110229492193 -4.3344783782958975 -0.97021767497062672 260.66418457031256 259.93206787109381 4.9918060302734384 10.418565750122072 3.6981229782104497 -6.9411697387695304 259.72676086425787 244.88251495361331 -30.12334060668945 254.348747253418 0.37940952181816107 -32.117637634277337 275.76867675781256 100.84975051879884 286.69125366210943 280.56040954589849 269.68820190429693 -3.3725509643554683 275.89672851562506 266.56137084960943 274.68690490722662 254.31735992431643 286.04714965820318 10.500000000000002 22.693294525146488 44.057172775268562 276.13734436035162 260.82518005371099 2.5512099266052251
decision_type=2 2 2 2 2 2 2 2 2 2 2 2 2 2 2 2 2 2 2 2 2 2 2 2 2 2 2 2 2 2 2 2 2 2 2 2 2 2 2 2 2 2 2 2 2 2 2 2 2 2 2 2 2 2 2 2 2 2 2 2 2 2
left_child=1 6 3 4 -3 -6 7 8 -1 12 31 -12 15 -14 -15 18 17 -17 -8 -18 -20 22 -22 -24 -25 -26 -10 28 29 30 -28 -11 -29 34 37 41 -37 39 -39 -33 -38 42 -36 -35 45 -45 -47 48 -48 50 -46 53 -53 57 -55 59 58 60 -57 -54 -51 -62
right_child=-2 2 -4 -5 5 -7 9 -9 26 10 11 -13 13 14 -16 16 19 -19 20 -21 21 -23 23 24 25 -27 27 32 -30 -31 -32 33 -34 43 35 36 40 38 -40 -41 -42 -43 -44 44 49 46 47 -49 -50 51 -52 52 55 54 -56 56 -58 -59 -60 -61 61 -63
leaf_value=-0.008584588352070462 -0.050033887532369516 0.052917008959161793 0.029378989962234675 0.0069028247088678968 0.083330265956949701 -0.0096500964708164383 -0.019038520531417261 0.037962698119899482 0.0072904999819275772 -0.042551783005435384 -0.0092919467995878965 -0.042366810795236506 0.00034259246050817295 -0.030808500153889404 0.0046038622058276009 0.0055917060530434716 0.023420110389047198 0.027654615574494164 -0.024575655763417779 -0.012994666621997344 -0.0045980863513001282 0.0035761380172427103 0.011967988931157296 0.17239353197276056 -0.013145538165401902 0.10328312808670122 0.71474479831309035 0.2610527453066534 -0.019167329332541228 -0.015907765583500242 0.07411464400549253 0.010929304565385566 0.065400807258742255 -0.00026002265121373777 0.20840328615194859 0.17291172796813253 -0.02138752044070039 -0.032605434920846915 0.036692506151749564 -0.040513491872176649 0.1192849798965487 -0.0036699007349936773 0.016351181585027744 -0.034036805580275477 0.077211486318816233 -0.017367500406563614 -0.017628454494491502 -0.032211233431309702 0.05982965385684727 0.0071458818786616684 -0.014963520909655978 -0.027369718916066668 -0.052378795766406465 0.10840706328878678 0.016224585955665574 0.083595664475833137 -0.025132412076915512 0.098588573082108236 -0.016519152390779838 0.018106027501405979 -0.036434554335368512 0.045185299922661334
leaf_weight=291.14469810613082 29.91833796359424 11.384913779445922 97.167386592365801 1157.858171691536 5.001997103681787 397.11091070587281 140.51304780179635 66.345957470301073 707.07699564588256 31.21739016356878 433.67838024627417 62.934612737037241 7673.8395619988441 146.72470620647073 128.77703460119665 257.45512573979795 58.666796192992479 341.78577687777579 61.832218201598153 169.9245776142925 31.7365149607067 653.22887034574524 23.905951027700212 8.9385627326555568 11.120276473928245 10.708479985129086 0.4569847491802651 2.8487945876840968 9.0548512111417931 1.3182180259900658 0.38529858127003536 441.66344887024025 2.5171272322477298 3771.5617214099038 3.9641184895299357 14.317409202514684 11.754655695986004 110.86812314909184 20.665141795761883 32.516095319821034 5.7633909799624226 47.616826441138983 7.1999071719183121 162.03140723647084 14.091568957082925 246.47236525765038 22.084445656742901 26.699802671733778 42.18403900359408 376.81289065489545 490.59981756960042 219.47462929412723 14.08915614010766 22.049167275428772 63.033826822647825 19.900977856275862 178.86083297716687 7.9866714794188729 10.46125749874045 246.90262562831049 81.243308926699683 17.576568222139031
leaf_count=15426 104699 277 677 28886 75 19858 3290 912 27544 1645 6412 1046 61069 1876 1130 2056 1827 4127 1423 3836 626 11114 474 169 412 247 167 167 3606 142 290 9561 278 264566 78 355 455 6323 202 1108 345 540 487 37326 188 86999 2158 6842 3330 7999 18534 6752 630 256 1790 732 8136 330 370 9013 3378 471
internal_value=0.000117664 0.000193725 0.00481521 0.00329627 -0.00680266 -0.00849349 -0.000233277 0.00577462 0.00367022 -0.000615869 -0.00275507 -0.0134834 0.00098169 -0.000163346 -0.0142558 0.00612476 0.0121491 0.0181756 0.00083044 -0.003649 0.00431385 0.00672895 0.0305631 0.0509734 0.0812802 0.0439706 0.00860062 0.0644682 0.0143247 0.154693 0.421692 -0.00196712 0.169273 -0.00177888 0.00622397 0.0406201 0.0914619 0.00107821 -0.0217181 0.0074017 0.0248934 0.0130844 0.084545 -0.0027024 -0.00677372 -0.0170603 -0.00890853 0.0140105 0.0332129 -0.00385959 -0.0123899 -0.000438424 -0.007654 0.00831222 0.0401136 0.00154838 -0.0143597 0.00271741 0.0491013 0.014301 0.00110758 -0.0219173
internal_weight=19757 19727.1 1668.52 1571.36 413.498 402.113 18058.6 1081.15 1014.8 16977.4 7258.28 496.613 9719.16 7949.34 275.502 1769.82 827.832 599.241 941.984 228.591 801.471 739.639 86.4098 54.6733 30.7673 21.8288 723.658 16.5813 11.2154 2.1605 0.842283 6761.66 5.36592 6730.45 696.329 90.6163 31.8355 605.713 131.533 474.18 17.518 58.7809 11.164 6034.12 2262.56 499.472 337.441 90.9683 64.2685 1763.08 504.691 1258.39 689.689 568.702 85.083 470.215 209.223 483.619 30.3622 260.992 475.633 98.8199
internal_count=785037 680338 49773 49096 20210 19933 630565 48532 47620 582033 488357 7458 93676 64075 3006 29601 11846 6183 17755 5663 14465 13042 1928 1302 828 659 32194 4650 4205 599 457 480899 445 479254 19454 2260 1155 17194 6525 10669 800 1105 565 459800 195234 136655 99329 12330 5488 58579 18722 39857 25633 14224 2046 18881 9238 12178 1102 9643 11848 3849
is_linear=0
shrinkage=0.05


Tree=118
num_leaves=63
num_cat=0
split_feature=9 40 41 52 40 28 44 37 47 39 40 23 12 37 15 23 37 53 48 55 48 52 10 1 0 35 48 23 46 37 9 0 5 41 37 47 40 13 37 55 46 23 48 23 47 12 5 41 39 38 40 37 48 50 41 44 48 47 41 35 40 48
split_gain=24.8231 12.4617 21.3532 34.1336 25.6823 25.5016 21.617 28.8372 25.3092 21.1364 16.0672 14.3262 20.0412 14.2495 20.1174 17.3146 32.2516 17.3072 14.1159 21.4189 22.198 16.0201 19.5894 38.6036 18.7055 14.8716 17.9173 16.6499 15.7742 15.0276 14.7803 14.7649 44.2814 13.8806 13.8623 16.9162 13.3627 13.0899 14.3127 16.9261 18.9591 20.0462 28.0789 12.8973 12.473 12.4021 12.2125 27.1318 36.5565 47.6024 27.2226 26.6666 34.7488 23.1784 22.7455 22.5639 35.6947 23.8743 21.9544 20.5723 26.6152 21.9156
threshold=294.22073364257818 -4.0196228027343741 -0.52142748236656178 7.4927635192871103 -2.5686340332031246 -3.335363388061523 0.98006820678710949 286.44154357910162 0.22937977313995364 -12.536674022674559 -2.1372680664062496 -40.173328399658196 -46.361677169799798 256.85911560058599 -16.860317230224606 -28.772323608398434 266.56137084960943 57.361110687255866 -0.37975081801414484 0.60355338454246532 -0.35449600219726557 12.678656578063967 285.29095458984381 284.64718627929693 278.77998352050787 -1.1785276532173155 -0.60007590055465687 -31.987560272216793 1.0235643386840823 280.76617431640631 281.14498901367193 289.26034545898443 287.54301452636724 -1.5381230711936948 280.49746704101568 1.4939691424369814 -1.8235321044921873 -21.478685379028317 282.66159057617193 0.91597560048103344 1.0235643386840823 -46.868728637695305 -0.53677642345428456 -35.767166137695305 -0.0032683014869689937 -29.85197830200195 269.10450744628912 3.0491439104080205 -31.511981964111325 -18.176483154296871 -1.2352905273437498 282.02978515625006 0.13631474971771243 126.96470260620119 1.0588218569755556 -2.2377109527587886 -0.11090746521949767 -2.0431175231933589 32.560398101806648 0.65413078665733349 -0.56863403320312489 0.28312796354293829
decision_type=2 2 2 2 2 2 2 2 2 2 2 2 2 2 2 2 2 2 2 2 2 2 2 2 2 2 2 2 2 2 2 2 2 2 2 2 2 2 2 2 2 2 2 2 2 2 2 2 2 2 2 2 2 2 2 2 2 2 2 2 2 2
left_child=1 37 3 36 6 -6 9 -8 -9 -4 13 12 -12 -5 15 16 -15 34 25 20 -20 22 -22 -24 43 27 -27 29 -28 33 -31 -25 -33 -19 -18 -36 -3 38 -1 -40 -41 42 -42 -23 -43 -26 47 48 51 -50 -51 52 -7 54 -52 57 -57 58 -48 -49 61 -61
right_child=-2 2 4 10 5 46 7 8 -10 -11 11 -13 -14 14 -16 -17 17 18 19 -21 21 24 23 31 45 26 28 -29 -30 30 -32 32 -34 -35 35 -37 -38 -39 39 40 41 44 -44 -45 -46 -47 55 59 49 50 53 -53 -54 -55 -56 56 -58 -59 -60 60 -62 -63
leaf_value=-0.025567846273576708 -0.042808035525105481 -0.01890477016149705 -0.017924259143777776 -0.056235273859827552 0.089787200346994445 0.018741017515701851 0.00059303609366747939 0.16907782217260714 0.019799471776831404 0.025846696405351966 0.055493516102120832 0.043468396215271404 -0.016232116872914478 0.085335512182850043 0.047872619992923859 -0.017992952861551042 -0.024063604519990893 -0.025474994583857647 0.12581315157916903 -0.031321331673000476 0.024381672075784872 0.041629401391873377 0.34540329251665924 -0.02743985010362518 -0.020115820083161293 -0.020891596138264214 -0.00030252189223428763 0.085627984221288256 0.037157077201645329 0.093585862716227541 0.030931663951293143 1.0284662026458786 -0.050089201956699539 0.027534855847067181 0.00088964713685018486 0.095580170346908688 0.048840633754548168 0.0082360993504065633 -0.013044985516688749 -0.02167101526006103 0.37300236776881079 0.13073387349665688 0.051622012623963091 -0.0087929466491275029 0.0019945994936864256 0.088246603013857491 -0.016240530664070447 0.049934146923202041 -0.022737957463866088 -0.0059078111043906895 0.037846845985724881 -0.0090224664209660865 0.089633126315355388 0.041353256396872963 0.0050655601464498967 -0.034048642497126677 -0.0053711534937502785 0.0030350670950705983 0.1465320365688226 -0.012245122119516521 -5.3826761307064938e-06 0.029306780424552332
leaf_weight=146.09428729000501 34.297854557342362 136.03923245167243 450.51756811249652 8.4362319726496917 7.8828417969634748 452.78115290100686 90.795027193031274 5.0068441960174805 6.5590161460277159 29.378859950229526 14.364600267406784 66.699260315857828 30.244225555332378 13.826925620436667 31.983489881269634 61.520459557883441 66.589261611923575 20.116415022406727 4.0575547108310266 38.247392960765865 21.679763602092866 33.505812716204673 1.5011872882023443 2.146693974587834 71.72192680646549 36.957532286643982 53.896758911869256 13.318364346399902 58.724569580488605 11.995950500015168 43.714447963546263 0.13905421568779264 0.30151030942215584 31.982772131450474 50.067888821300585 5.2071400835993691 7.6905505761387749 68.848371047526598 47.50373047022731 6.8125165344681617 1.2769038380793065 2.8557023145258418 1.4530356922477938 20.405801752582192 5.5147467358037821 2.7413765219971529 227.22501901921351 20.259287593886256 176.32635477744043 332.36954268999398 59.412655146792531 84.731618580946815 17.971680868882686 60.183258946985006 483.89193790405989 138.85501505152206 496.48710792405473 1060.810553121657 2.0906248427927485 640.41036460126634 13585.173059345936 33.387410524301231
leaf_count=4074 95079 6520 22636 117 186 5847 1208 333 277 193 364 681 450 88 235 834 1073 549 190 1445 502 405 47 561 5689 1648 1909 306 1262 155 3810 82 551 359 4601 438 163 483 8863 1677 178 242 243 214 436 56 22911 278 3031 2564 314 5126 188 380 3423 81046 102709 123195 28 9124 253775 321
internal_value=-0.0003082 -0.000234218 -8.31393e-05 0.00718796 -0.000461147 -0.000124626 -0.0107952 0.0100649 0.0844219 -0.0152446 0.011145 0.0287987 0.00686443 0.0083569 0.00913943 0.00727477 0.00985334 0.00808143 0.0124589 0.00225614 0.010374 0.00733527 0.0433134 0.143703 0.000113508 0.019863 0.009317 0.032886 0.0192302 0.0263705 0.0444228 0.0266712 0.290332 0.00706682 -0.00869931 0.00980989 -0.0152799 -0.0107004 -0.0168644 0.00257295 0.0439906 0.0842884 0.201945 0.0225443 0.0459159 -0.0161264 -0.000164283 0.00028988 0.00632477 0.00109304 0.00558308 0.0167997 0.0214474 0.0119117 0.00865033 -0.0039257 -0.0116387 -0.000127337 -0.0147566 -0.000414933 -0.000486469 -0.0101862
internal_weight=19737 19702.7 19422.3 959.824 18462.5 17880.2 582.257 102.361 11.5659 479.896 816.094 111.308 44.6088 704.786 696.35 664.367 602.846 589.019 467.155 196.448 158.201 154.143 25.7682 4.08845 128.375 270.707 149.579 121.128 112.621 107.81 55.7104 2.58726 0.440565 52.0992 121.864 55.275 143.73 280.359 211.511 65.4166 17.9129 11.1004 2.72994 53.9116 8.37045 74.4633 17872.4 15946.9 1667.67 1112.18 935.857 555.484 470.753 603.488 543.305 1925.47 635.342 1290.13 229.316 14279.2 14259 673.798
internal_count=785672 690593 674397 35304 639093 614446 24647 1818 610 22829 28621 1495 814 27126 27009 26774 25940 25852 19740 9742 8297 8107 1743 1241 6364 9998 4819 5179 3171 4873 3965 1194 633 908 6112 5039 6683 16196 15713 11639 2776 1099 421 619 678 5745 614260 284371 20873 9712 6681 11161 6035 4117 3737 329889 183755 146134 22939 263498 263220 9445
is_linear=0
shrinkage=0.05


Tree=119
num_leaves=63
num_cat=0
split_feature=3 49 40 48 50 45 49 42 49 48 53 54 30 49 5 54 40 41 52 19 35 49 36 52 39 5 38 48 39 41 40 51 49 49 38 49 41 40 32 47 54 34 49 27 49 40 5 54 49 31 5 29 53 52 53 29 29 49 48 48 41 53
split_gain=28.9143 19.3706 29.0973 22.0612 26.0399 18.8861 40.5426 18.5924 19.003 33.8483 25.2727 25.9754 43.0631 22.6438 22.8942 32.9283 17.8381 27.7689 23.2132 22.7583 33.8223 24.2759 21.3828 26.2911 29.2734 25.0957 24.4098 35.1094 22.5554 22.5244 24.283 21.1684 36.1476 29.6188 21.8276 24.0635 21.4892 20.4385 20.4305 19.5747 19.3284 36.3223 48.3512 27.6934 21.8135 18.5918 18.2215 30.253 33.994 19.3086 17.6665 19.4566 37.419 26.4529 17.2286 17.1041 20.2507 32.1 34.2393 28.4174 30.2301 28.2711
threshold=291.24758911132818 247.43756103515628 1.0392150878906252 -0.44543808698654169 92.082485198974624 -14.610094070434569 271.86802673339849 2.4814987182617192 256.32855224609381 0.97297734022140514 30.125000000000004 0.37940952181816107 33.353471755981452 256.60597229003912 214.94265747070315 -0.37940952181816096 -2.5686340332031246 1.0588218569755556 26.358554840087894 -35.031709671020501 -0.8988763391971587 282.01361083984381 228.529411315918 36.353063583374031 -2.0842412710189815 240.50944519042972 -6.9411697387695304 0.73976010084152233 -11.934640407562254 18.62987041473389 4.6666641235351571 43.426412582397468 261.63801574707037 274.13537597656256 -3.4705886840820308 268.95562744140631 3.4945498704910283 -1.4117660522460935 -1.5822655558586118 -5.9632201194763175 -0.91597560048103321 9.316195487976076 258.38572692871099 13.336349487304689 255.32789611816409 6.1568679809570321 271.87347412109381 -1.0000000180025095e-35 278.19204711914068 -0.33814032375812525 218.3474044799805 13.110123634338381 34.333333969116218 10.089985847473146 -19.041666984558102 -0.36545133590698237 6.5025177001953134 273.35858154296881 -0.55223670601844776 -0.16959729790687558 16.91430759429932 61.250000000000007
decision_type=2 2 2 2 2 2 2 2 2 2 2 2 2 2 2 2 2 2 2 2 2 2 2 2 2 2 2 2 2 2 2 2 2 2 2 2 2 2 2 2 2 2 2 2 2 2 2 2 2 2 2 2 2 2 2 2 2 2 2 2 2 2
left_child=1 2 -1 -4 50 6 -3 8 9 10 -7 -12 -13 14 -10 -16 19 18 -18 20 -9 38 23 25 -25 26 27 29 37 30 -19 36 -33 34 35 -34 -28 -24 -21 -39 41 45 43 -43 -42 -41 -20 48 -48 -50 -5 52 -52 -53 -38 -46 57 58 -57 -58 -61 -59
right_child=-2 5 3 4 -6 7 -8 16 13 -11 11 12 -14 -15 15 -17 17 22 46 21 -22 -23 28 24 -26 -27 31 -29 -30 -31 -32 32 33 -35 -36 -37 54 39 -40 40 44 42 -44 -45 55 -47 47 -49 49 -51 51 53 -54 -55 -56 56 59 61 -60 60 -62 -63
leaf_value=0.044856130190306688 -0.040077662409274781 -0.039683352312264948 -0.026645909357711439 0.034574091177991574 -0.020601317768361521 0.0042004202283834361 0.003286506751518304 0.0038697536095703665 0.066148330151162255 0.035279300806792979 -0.025570732844988536 -0.015315142524847496 0.060789715662695289 -0.0013780726114224094 0.07202317478042318 -0.0082590218326767332 0.0071349932087283255 -0.010362963367100866 0.017024865803168514 -0.039433491750843805 -0.025019135629426859 0.022940950033653387 -0.011090010434526173 -0.014790874411067282 0.027329874160918245 0.030853118559878275 0.032072275135056151 0.10469811190795762 -0.012728817636101323 -0.032888906189328125 0.07432448114302577 0.038129300617477005 0.052059458112980898 0.033513895847629267 -0.021039746072996572 -0.01777752788068911 -0.037672917446293752 -0.019602483420797272 0.0009685062043779957 0.01906510908720957 -0.050799384887463599 0.011547050616618581 -0.013435546304671636 0.085277435077346225 0.013839126120071014 0.084913973915336838 0.16938576329834706 0.021373757117249099 0.091904916256317859 -0.041415939558282024 -0.0092819565663728159 0.019141014972311066 0.032353402014946554 -0.036958323444658853 0.0026091312603645916 0.026766277369608401 -0.023022935542975007 0.00067666629839250475 -0.0013107442545565087 0.01509374712780007 -0.00011393632018723178 -0.018817649240742369
leaf_weight=51.919548060745001 45.063876205371344 94.121138726535719 48.140649852342904 80.974593706429005 64.114560259040445 158.70521310908953 131.71098447765689 167.02289375173859 23.240456491708755 38.749277178198099 344.24059829761973 75.914563007187098 24.614203745964915 8185.0458576070232 16.353680521657225 58.322910363087431 348.03677598919603 14.66393989138305 77.268727364484221 37.278005533386022 257.54441734484863 110.63122633192688 369.6479335588956 295.39799533318728 47.944808162748814 95.711622936883941 61.625468499958515 14.202483157161621 364.02737126452848 16.199804313480854 20.021990448702127 120.04350831266493 26.339882819913328 60.173131603747606 102.91694016382098 23.198132127523422 26.801202926784754 110.58923381729983 194.81665092846379 315.16200408614532 20.753291730827186 34.136297539575025 225.81469248054782 20.31491573061794 228.69260028467397 11.096678543239248 9.7649033313791751 27.609948625933612 7.4051566424313933 4.2885722275823337 88.796181350946426 37.827811006456614 137.5709271505475 47.274739138782024 2766.9591699191369 122.23243672025274 90.331695266067982 300.10415819654008 972.38221431428974 542.59040622744942 821.58311808104918 489.06110612383054
leaf_count=545 145019 3430 250 589 365 2391 2935 5269 109 241 5462 687 138 331775 403 986 11073 245 565 444 10359 1191 10648 3267 269 1275 326 358 4730 414 284 822 309 428 710 202 312 7447 1568 16598 1325 362 9396 272 7518 543 218 1439 104 444 414 187 731 247 23898 2448 5446 29495 31752 28006 29539 37588
internal_value=-7.25385e-05 1.90664e-05 0.00921365 0.00554702 0.00894152 -0.000248557 -0.0146222 -7.67871e-05 -0.00173456 -0.0100201 -0.0129288 -0.019041 0.00331893 -0.00109214 0.0228098 0.00932225 0.0014069 0.00201744 0.0137989 -0.0059176 -0.0136544 0.00366668 0.00137731 0.0042679 -0.00890908 0.00561887 0.00487645 0.0351883 -0.000740902 0.0157877 0.0385217 0.00425759 0.016194 0.00381005 -0.00791389 0.0193555 0.00286692 0.00019266 -0.00552068 0.00116148 0.00170896 0.00996414 -0.00323752 0.0390547 0.000313378 0.0213048 0.0321568 0.0559853 0.100519 0.0430107 0.013768 0.00835893 0.0160213 -0.0120223 0.0022227 0.000610761 -0.000295461 -0.00371739 0.00182454 0.0041364 0.00593481 -0.0114043
internal_weight=19725.1 19680 556.619 504.699 456.559 19123.4 225.832 18897.6 8925.19 642.224 603.475 444.769 100.529 8282.96 97.917 74.6766 9972.39 9205.09 474.374 767.293 424.567 342.726 8730.72 3692.2 343.343 3348.86 3253.15 65.0882 5038.52 50.8857 34.6859 3188.06 332.672 212.628 152.455 49.538 2855.39 4674.49 232.095 4304.84 4194.26 606.525 280.266 54.4512 3587.73 326.259 126.337 49.0686 21.4586 11.6937 392.444 311.47 226.367 85.1026 2793.76 3566.98 3338.29 1883.78 1094.61 1454.51 1364.17 789.165
internal_count=785810 640791 3328 2783 2533 637463 6365 631098 342192 8919 8678 6287 825 333273 1498 1389 288906 270075 13843 18831 15628 3203 256232 33119 3536 29583 28308 1301 223113 943 529 27007 2471 1649 1221 511 24536 218383 2012 207735 200288 27171 10030 634 173117 17141 2770 2205 766 548 2168 1579 1145 434 24210 171792 164274 101283 34200 62991 57545 67083
is_linear=0
shrinkage=0.05


Tree=120
num_leaves=63
num_cat=0
split_feature=3 41 18 36 52 45 52 53 32 48 48 26 0 46 5 48 31 42 4 48 19 24 51 24 47 52 21 48 28 17 48 21 11 17 45 42 46 47 48 23 48 35 3 5 17 31 3 52 23 5 38 52 51 16 52 45 31 28 50 5 5 51
split_gain=27.5785 13.7085 13.6869 13.213 12.9453 12.888 12.0441 22.7841 22.7468 22.0107 21.9378 23.0942 21.6781 21.2014 20.654 57.5544 34.6237 32.9635 29.8026 29.1193 24.6095 22.4026 20.6103 19.9212 21.4519 21.1727 35.2463 19.4914 18.9243 24.1969 30.3242 61.4387 22.8784 23.9531 22.5998 38.1711 27.7306 26.1438 30.7227 20.7131 26.0466 33.9468 32.1872 24.5013 39.7901 40.6538 31.8309 25.698 24.3415 22.0251 29.6915 21.905 20.2271 20.1852 20.6933 20.0678 19.8686 19.7818 19.4246 19.1367 26.2697 18.9374
threshold=291.58451843261724 -3.173561573028564 -57.822257995605462 197.94117736816409 0.70361298322677623 -4.2004706859588614 7.4514698982238778 -2.8749999999999996 -0.23043952882289884 -0.084319144487380968 -0.74852561950683583 -1.4828133583068845 284.84210205078131 0.79270076751708995 248.351921081543 1.0000000180025095e-35 5.4279956817626962 4.1132049560546884 249.31996917724612 -0.44983789324760431 -33.925809860229485 0.53796625137329113 11.727256298065187 22.778068542480472 -5.2547500133514395 103.39831924438478 -30.50837421417236 -0.12414410710334776 14.353228569030763 -0.70683670043945301 0.32932555675506597 -2.4353712797164913 259.18824768066412 -7.4937171936035147 8.5204343795776385 -11.263687133789061 5.8371620178222665 -7.5709824562072745 0.67931437492370617 -7.0733015537261954 0.13631474971771243 10.671887874603273 227.30834960937503 235.474235534668 -8.8059463500976545 13.527510166168215 236.33717346191409 20.159981727600101 -17.442826271057125 230.21923828125003 -5.1176528930664054 11.599006175994875 31.095352172851566 -18.733367919921871 34.52357482910157 -6.0398197174072257 2.8711690902709965 18.328046798706058 33.10725402832032 245.47599029541018 244.31671905517581 24.662490844726566
decision_type=2 2 2 2 2 2 2 2 2 2 2 2 2 2 2 2 2 2 2 2 2 2 2 2 2 2 2 2 2 2 2 2 2 2 2 2 2 2 2 2 2 2 2 2 2 2 2 2 2 2 2 2 2 2 2 2 2 2 2 2 2 2
left_child=1 -1 -3 -4 5 -5 7 -6 9 10 -8 -12 -13 27 18 16 17 -16 20 -19 -10 -17 -20 24 -23 -25 -27 -14 39 30 31 -30 34 -34 35 -32 37 38 -37 43 41 42 -41 44 45 46 58 56 -49 50 -50 -48 57 54 59 -40 -46 -31 -22 60 -45 -53
right_child=-2 2 3 4 6 -7 8 -9 14 -11 11 12 13 -15 15 21 -18 19 22 -21 28 23 -24 25 -26 26 -28 -29 29 52 32 -33 33 -35 -36 36 -38 -39 55 40 -42 -43 -44 53 47 -47 51 48 49 -51 -52 61 -54 -55 -56 -57 -58 -59 -60 -61 -62 -63
leaf_value=-0.042862908877345667 -0.04326710885715087 -0.042535652113600997 0.032790320595533884 -0.020279001272533851 -0.014102443883203539 0.01897634188267348 -0.032240767762549784 -0.0012780457199946739 -0.0096366804071778417 -0.012986174741266086 0.0054743094902975917 0.017211268018506243 0.074049109073952873 0.019151229484897128 -0.016738614948861291 0.056617355708052958 -0.02729729942737584 0.0074459904523381916 0.030894383877440885 -0.010191269761063935 0.12135689020365853 -0.02858618992818894 0.0074360464423812158 -0.013403246611755848 0.0048399213865699363 -0.011906907041852174 0.10268352884644212 0.2169107402996584 -0.022392686385497976 0.028812076691547922 0.076949757230972707 0.054781520214809587 0.0096481804448809161 0.077139740001501686 -0.019799800169787579 0.057876786467951004 0.0092111541989392566 -0.0067651281321342953 -0.044162286843192372 0.0021248240838261248 0.039327592790803619 -0.021809690922473975 -0.036187522771808416 0.037246874012873153 0.031056761416448499 -0.0027281454723067991 -0.017042729613995534 -0.0098351818296753286 0.028843683870118042 -0.008868701547478727 0.0032620817063198819 0.070515304632563544 0.013783535631753772 -0.0017140906473822376 -0.035558938783683929 0.016546331713544287 0.0084103583033951889 -0.0027128970646845781 0.052642281060138296 -0.0075876897647988509 0.139061062237372 0.017932888020796126
leaf_weight=18.601995038014138 36.831499692809302 18.823169965675334 30.900802385061979 24.249637327389792 385.99632770504104 151.76264866012207 30.27820531692123 3370.7663856764848 562.68124283396173 119.45010682023712 656.89361515844939 306.39664901397191 15.244085789308885 17.442690729920287 549.3961501208687 18.854142794123618 245.17314915519091 471.37131306287483 117.17061824633856 464.76666669352562 17.253638753667474 49.344947529025376 466.10596597910626 298.76548900431953 1759.9310160499153 17.621497043932326 10.837685419712214 2.8309386750333934 367.55011228122748 53.766929946839809 15.4380283546634 27.735246507450938 55.661844910122454 17.211235743016005 181.26883083838038 34.376324450131506 434.32410993846133 1470.7279466823675 18.73162760399282 958.74699118919671 35.852240141481161 217.97858306020498 58.145658403635025 30.358939385972917 103.96643118187785 67.836557874456048 20.775733502116054 403.70434262882918 157.43997145444155 200.93458675872535 405.74314192309976 31.026917169801891 388.64388860948384 1482.5377571764402 11.032883648760615 49.810915533453226 1415.3356336774305 668.03807230852544 25.463250255212188 15.33500178507529 8.0062626202125085 38.210207133553922
leaf_count=3138 132881 9929 398 322 14992 2579 1707 112842 10669 6537 27907 3574 1526 2174 88848 1989 22057 19224 3088 22183 203 5404 11874 10821 158799 308 248 105 6980 276 367 160 1694 190 5232 305 7707 21586 228 5030 232 1283 548 1254 534 1750 265 3747 1302 2057 2596 390 2172 22411 495 588 12161 4158 329 719 326 485
internal_value=-4.16806e-05 3.92552e-05 7.9865e-05 0.000120722 6.92224e-05 0.013568 -5.30839e-05 -0.00259571 0.000556511 0.00733024 0.00968844 0.0109595 0.0214978 0.0584756 2.07437e-05 -0.00309877 -0.00988927 -0.00701624 0.00116063 -0.00131042 0.000523031 0.00235387 0.0121484 0.00187501 0.00392828 -0.00947787 0.0317309 0.0964243 0.00112549 -0.00161666 -0.00419404 -0.0169777 -0.00197533 0.0255884 -0.00288642 -0.00137122 -0.00197338 -0.00506029 0.0193021 0.00294373 -0.00268433 -0.00390407 -6.5866e-05 0.0045563 0.00727667 0.0287598 0.0448529 0.00567317 9.60605e-05 0.00534301 0.0104135 0.0279851 0.00458707 -0.000520752 0.0268095 -4.44042e-05 0.00996006 -0.000364616 0.0803966 0.0396233 0.058494 0.0414964
internal_weight=19707.5 19670.6 19652 19633.2 19602.3 176.012 19426.3 3756.76 15669.5 1148.54 1029.09 998.808 341.914 35.5177 14521 3886.06 1730.71 1485.53 10634.9 936.138 10051.7 2155.35 583.277 2136.5 1809.28 327.225 28.4592 18.075 9488.97 3783.29 2672.84 395.285 2277.55 72.8731 2204.68 2023.41 2007.97 1573.65 102.919 5705.68 1270.72 1234.87 1016.89 4434.96 2887.69 200.566 132.73 2687.12 1167.82 764.118 563.183 90.0129 1110.45 1547.27 64.7331 68.5425 1519.3 721.805 42.7169 53.7002 38.3652 69.2371
internal_count=785883 653002 649864 639935 639537 2901 636636 127834 508802 43530 36993 35286 7379 3805 465272 329881 152312 130255 135391 41407 120429 177569 14962 175580 164203 11377 556 1631 109760 51643 45037 7140 37897 1884 36013 30781 30414 22707 1121 58117 7093 6861 5578 51024 25819 3422 1672 22397 9702 5955 3898 1140 6606 25205 2794 816 12695 4434 532 2299 1580 875
is_linear=0
shrinkage=0.05


Tree=121
num_leaves=63
num_cat=0
split_feature=36 12 48 33 28 37 38 40 29 38 49 48 49 55 14 39 48 48 49 49 54 49 33 49 19 43 48 48 48 47 29 54 41 5 48 54 43 17 36 29 49 36 29 46 49 1 47 2 40 40 49 47 46 39 48 48 49 48 49 49 37 38
split_gain=24.2534 13.139 14.3246 36.136 33.4203 35.9881 42.6415 35.1086 33.2896 36.4286 27.6332 52.677 50.2461 38.1983 24.1591 24.0627 23.9854 39.4787 59.4139 158.455 38.1836 39.1648 48.7234 44.8133 44.2223 40.7817 37.287 33.2259 56.7311 42.967 40.3144 40.0379 35.2375 31.7878 31.6744 31.5185 43.1814 33.0803 31.2889 30.6136 32.4219 34.8963 30.4143 32.6283 28.8908 103.405 28.8651 48.0583 28.1115 27.3479 27.2805 27.1323 31.4391 27.022 26.4645 84.5826 61.3877 43.8874 34.514 38.3007 41.7374 33.8528
threshold=289.11766052246099 -53.604423522949212 0.034703314304351814 15.848711967468263 8.0675926208496112 249.45896911621097 -9.764701843261717 9.5490112304687518 8.4606561660766619 -1.2941207885742185 255.95982360839847 0.14038562774658206 258.98173522949224 -0.37940952181816096 -6.4718627929687491 -17.941901206970211 -0.26709595322608942 -0.33470275998115534 275.10462951660162 274.68690490722662 -1.0000000180025095e-35 267.40522766113287 3.4447722434997563 271.86802673339849 -35.38945007324218 -3.3036117553710933 -0.49895256757736201 -0.19414439797401425 -0.091793358325958238 0.1092437505722046 6.5025177001953134 -0.91597560048103321 9.1554088592529315 289.45631408691412 -0.54191944003105152 -0.6035533845424651 10.504272460937502 -4.2366523742675772 251.47058868408206 -0.31980514526367182 275.32183837890631 218.529411315918 6.611107826232911 2.599540233612061 289.66523742675787 265.01083374023443 0.6565837860107423 268.34330749511724 3.9411621093750004 -2.6666717529296871 260.66418457031256 1.6515283584594729 1.3651161193847658 -37.628906249999993 -0.42335101962089533 -0.38575345277786249 259.93206787109381 -0.49165731668472284 266.77218627929693 266.37236022949224 233.5039978027344 -13.529411315917967
decision_type=2 2 2 2 2 2 2 2 2 2 2 2 2 2 2 2 2 2 2 2 2 2 2 2 2 2 2 2 2 2 2 2 2 2 2 2 2 2 2 2 2 2 2 2 2 2 2 2 2 2 2 2 2 2 2 2 2 2 2 2 2 2
left_child=1 -1 4 10 16 6 7 -6 9 -5 11 -4 13 15 -14 -12 17 20 19 -19 26 54 23 -23 -24 34 39 32 29 -29 31 -30 50 38 -25 36 -28 -37 -27 49 51 -42 -26 -44 -43 -46 47 -36 -31 -3 -18 52 -41 -48 57 -56 -57 58 59 60 -22 -58
right_child=-2 2 3 8 5 -7 -8 -9 -10 -11 12 -13 14 -15 -16 -17 27 18 -20 -21 21 22 24 25 42 33 35 28 30 48 -32 -33 -34 -35 46 37 -38 -39 -40 40 41 44 43 -45 45 -47 53 -49 -50 -51 -52 -53 -54 -55 55 56 61 -59 -60 -61 -62 -63
leaf_value=-0.013550281692171567 -0.03830572302605359 -0.010589480136433035 -0.042661108721221287 -0.018275724476641282 0.079355810795491949 -0.031858373531535644 -0.0095108522015799231 -0.0052758212001164286 7.1815212317004651e-05 0.03359885971929439 -0.010486505369398194 0.041381193798242615 0.0050451693243647316 -0.034833703537414037 0.024302002865850391 0.077910955728478018 0.0045321290418388442 0.017257236135566113 -0.0094537219786935672 0.15119092644182852 0.030814249363486337 -0.020285757630088941 -0.037066092486841173 -0.019378096434694472 -0.008406874702781425 0.017530488723068598 0.0025261936151544512 0.0011833456580588955 0.014836307814660908 0.024734224235487674 0.033199873932741278 -0.012777320530401572 -0.040766994588257457 0.1442747493489821 0.032853618292564661 -0.019548259526219899 0.093258241178666074 -0.0029395336193667378 -0.0022831629862788377 0.022728272318565671 0.032807345908302116 -0.03952116316707413 0.091437116042355868 -0.0041858434546437244 0.63764106745294269 -0.051385316167699473 -0.012541456395889855 0.11958126984052059 0.10700810638783619 0.028901046637943656 -0.013913994376891926 0.078269891870947836 -0.019689572454403947 0.047649573134309876 -0.047546467474930687 0.061676366935877538 0.045542014100428352 0.029928138598305034 -0.057506147061550376 0.064663409926138019 -0.00066616849388159249 -0.012617896569363393
leaf_weight=185.4679297254188 42.078857602988137 58.315893645893084 22.274359538219869 411.44423767569242 25.639182633254677 167.58678210561629 614.10792189696804 23.473501916509122 6590.2671789591259 36.876626759767532 18.369802950677698 114.43410995427985 2533.4106860909378 127.46451246651122 174.06413012370467 13.252260969951747 282.07743391388794 312.6562567683286 171.35646911605727 23.761804220674094 135.0970344748348 157.00831436774752 136.78085747659497 26.743670313502662 553.41679970407858 283.48196733184159 162.79530765541131 356.8314177706925 152.68365427904064 233.78818869192037 59.984613304841332 935.96136246394599 93.130724968854338 4.0329658396076402 46.401277109747753 729.1045248243754 14.262232267763464 509.17271677963436 670.59158406856295 96.314530385716353 22.707707807421684 106.85508671076968 16.27108318451792 19.748321977443993 0.72489953413605634 2.1882437197054969 36.588593116670381 24.358435320784338 10.864962904015554 176.6216682314116 692.55728773167357 13.026325538754461 79.938887119889841 38.024372985586524 78.154285448486917 50.08884271979332 30.861095066415146 302.33187169773737 20.145698688924313 29.441413453314453 477.19908630673308 132.19251204375178
leaf_count=72123 164390 3374 289 10874 407 10725 6484 1007 120319 187 968 1162 143937 2311 1172 92 2557 5039 8349 193 737 6817 12570 622 9815 2504 6749 11182 4613 4417 972 29881 2528 1608 384 22979 202 2892 50978 1461 105 6850 220 245 20 782 613 397 158 5481 24504 193 1296 185 1153 243 1546 4417 196 266 6249 974
internal_value=-0.000386492 -0.000305186 -0.000178817 0.00113419 -0.00158186 -0.0111566 -0.0059255 0.038906 -0.000825044 -0.0140088 0.00572595 0.0276879 0.00467856 -0.0226304 0.0062832 0.0265593 -0.000653293 0.00119901 0.0145108 0.0267172 -9.07019e-05 0.00322407 -0.00109762 0.00474454 -0.0114529 0.0082217 -0.00558548 -0.00443218 -0.000191343 0.0122488 -0.00670567 -0.00890448 -0.0113831 0.00419615 0.0306304 -0.0098974 0.00983479 -0.0127188 0.00360403 0.00537713 -0.00464205 -0.0236139 -0.00550931 0.03901 -0.0352858 0.12007 0.0398303 0.0627089 0.028388 0.0190988 -0.00857534 0.00863626 0.00348986 0.0181332 0.0101547 -0.00305248 0.0132624 0.0141447 0.00693521 0.00895818 0.00627967 -0.00160999
internal_weight=19666.9 19624.8 19439.3 10041.9 9397.45 830.807 663.221 49.1127 7038.59 448.321 3003.27 136.708 2866.56 159.087 2707.47 31.6221 8566.64 5748.76 507.775 336.418 5240.99 3268.96 2013.45 1287.23 726.217 1130.22 1972.03 2817.88 1750.11 601.485 1148.63 1088.65 1067.77 958.107 172.116 1415.33 177.058 1238.28 954.074 556.693 321.756 132.476 589.436 36.0194 109.768 2.91314 145.373 70.7597 244.653 234.938 974.635 189.28 176.253 74.613 1255.51 291.297 213.142 964.215 661.883 641.738 612.296 163.054
internal_count=785963 621573 549450 281311 268139 18623 7898 1414 131380 11061 149931 1451 148480 3371 145109 1060 249516 168704 13581 5232 155123 102739 86958 64108 22850 57291 52384 80812 51223 15757 35466 34494 29589 55090 2201 32822 6951 25871 53482 19562 10707 7757 10280 465 7652 802 1579 781 4575 8855 27061 2950 2757 798 15781 3916 2763 11865 7448 7252 6986 2520
is_linear=0
shrinkage=0.05


end of trees

feature_importances:
Column_49=1249
Column_48=664
Column_36=329
Column_40=318
Column_54=308
Column_41=287
Column_29=263
Column_52=239
Column_53=235
Column_5=219
Column_17=217
Column_38=204
Column_35=188
Column_39=184
Column_23=179
Column_55=169
Column_51=160
Column_42=159
Column_47=156
Column_45=124
Column_11=112
Column_37=110
Column_50=104
Column_46=84
Column_28=83
Column_43=83
Column_44=80
Column_24=75
Column_34=66
Column_2=65
Column_16=63
Column_4=54
Column_15=54
Column_26=49
Column_1=48
Column_12=48
Column_22=44
Column_3=40
Column_31=40
Column_33=40
Column_19=39
Column_27=37
Column_14=35
Column_25=35
Column_13=30
Column_32=29
Column_0=28
Column_21=26
Column_10=23
Column_20=22
Column_9=17
Column_18=12
Column_8=10
Column_30=10
Column_6=9
Column_7=9

parameters:
[boosting: gbdt]
[objective: binary]
[metric: auc]
[tree_learner: serial]
[device_type: cpu]
[data_sample_strategy: bagging]
[data: ]
[valid: ]
[num_iterations: 600]
[learning_rate: 0.05]
[num_leaves: 63]
[num_threads: 8]
[seed: 0]
[deterministic: 0]
[force_col_wise: 0]
[force_row_wise: 0]
[histogram_pool_size: -1]
[max_depth: -1]
[min_data_in_leaf: 200]
[min_sum_hessian_in_leaf: 0.001]
[bagging_fraction: 0.8]
[pos_bagging_fraction: 1]
[neg_bagging_fraction: 1]
[bagging_freq: 1]
[bagging_seed: 3]
[bagging_by_query: 0]
[feature_fraction: 0.8]
[feature_fraction_bynode: 1]
[feature_fraction_seed: 2]
[extra_trees: 0]
[extra_seed: 6]
[early_stopping_round: 0]
[early_stopping_min_delta: 0]
[first_metric_only: 0]
[max_delta_step: 0]
[lambda_l1: 0]
[lambda_l2: 0]
[linear_lambda: 0]
[min_gain_to_split: 0]
[drop_rate: 0.1]
[max_drop: 50]
[skip_drop: 0.5]
[xgboost_dart_mode: 0]
[uniform_drop: 0]
[drop_seed: 4]
[top_rate: 0.2]
[other_rate: 0.1]
[min_data_per_group: 100]
[max_cat_threshold: 32]
[cat_l2: 10]
[cat_smooth: 10]
[max_cat_to_onehot: 4]
[top_k: 20]
[monotone_constraints: ]
[monotone_constraints_method: basic]
[monotone_penalty: 0]
[feature_contri: ]
[forcedsplits_filename: ]
[refit_decay_rate: 0.9]
[cegb_tradeoff: 1]
[cegb_penalty_split: 0]
[cegb_penalty_feature_lazy: ]
[cegb_penalty_feature_coupled: ]
[path_smooth: 0]
[interaction_constraints: ]
[verbosity: -1]
[saved_feature_importance_type: 0]
[use_quantized_grad: 0]
[num_grad_quant_bins: 4]
[quant_train_renew_leaf: 0]
[stochastic_rounding: 1]
[linear_tree: 0]
[max_bin: 255]
[max_bin_by_feature: ]
[min_data_in_bin: 3]
[bin_construct_sample_cnt: 200000]
[data_random_seed: 1]
[is_enable_sparse: 1]
[enable_bundle: 1]
[use_missing: 1]
[zero_as_missing: 0]
[feature_pre_filter: 1]
[pre_partition: 0]
[two_round: 0]
[header: 0]
[label_column: ]
[weight_column: ]
[group_column: ]
[ignore_column: ]
[categorical_feature: ]
[forcedbins_filename: ]
[precise_float_parser: 0]
[parser_config_file: ]
[objective_seed: 5]
[num_class: 1]
[is_unbalance: 0]
[scale_pos_weight: 1]
[sigmoid: 1]
[boost_from_average: 1]
[reg_sqrt: 0]
[alpha: 0.9]
[fair_c: 1]
[poisson_max_delta_step: 0.7]
[tweedie_variance_power: 1.5]
[lambdarank_truncation_level: 30]
[lambdarank_norm: 1]
[label_gain: ]
[lambdarank_position_bias_regularization: 0]
[eval_at: ]
[multi_error_top_k: 1]
[auc_mu_weights: ]
[num_machines: 1]
[local_listen_port: 12400]
[time_out: 120]
[machine_list_filename: ]
[machines: ]
[gpu_platform_id: -1]
[gpu_device_id: -1]
[gpu_device_id_list: ]
[gpu_use_dp: 0]
[num_gpu: 1]

end of parameters

pandas_categorical:null
