tree
version=v4
num_class=1
num_tree_per_iteration=1
label_index=0
max_feature_idx=55
objective=binary sigmoid:1
feature_names=Column_0 Column_1 Column_2 Column_3 Column_4 Column_5 Column_6 Column_7 Column_8 Column_9 Column_10 Column_11 Column_12 Column_13 Column_14 Column_15 Column_16 Column_17 Column_18 Column_19 Column_20 Column_21 Column_22 Column_23 Column_24 Column_25 Column_26 Column_27 Column_28 Column_29 Column_30 Column_31 Column_32 Column_33 Column_34 Column_35 Column_36 Column_37 Column_38 Column_39 Column_40 Column_41 Column_42 Column_43 Column_44 Column_45 Column_46 Column_47 Column_48 Column_49 Column_50 Column_51 Column_52 Column_53 Column_54 Column_55
feature_infos=[195.52227783203125:330] [194.51481628417969:330] [193.48074340820312:330] [193.11184692382812:330] [193.11184692382812:330] [192.31964111328125:328.38580322265625] [195.52227783203125:330] [195.42433166503906:330] [195.68138122558594:330] [196.00559997558594:330] [196.04458618164062:330] [196.23330688476562:329.92807006835938] [-75:4.7171401977539062] [-75:5] [-75:5] [-75:5] [-75:5] [-75:5] [-75:4.7171401977539062] [-75:3.0964829921722412] [-75:2.7252662181854248] [-75:2.6095457077026367] [-75:2.5636227130889893] [-75:2.4144623279571533] [-14.911173820495605:62.550895690917969] [-14.911173820495605:62.196540832519531] [-14.911173820495605:61.760047912597656] [-14.911173820495605:61.108871459960938] [-14.911173820495605:60.061286926269531] [-14.919011116027832:58.2747802734375] [-14.911173820495605:62.550895690917969] [-14.671197891235352:62.529895782470703] [-14.614534378051758:62.308040618896484] [-14.541216850280762:62.018058776855469] [-14.498400688171387:61.718723297119141] [-14.406678199768066:61.028884887695312] [190.58824157714844:330] [194.58242797851562:330] [-94.823532104492188:3.76470947265625] [-95.233116149902344:2.5722575187683105] [-42.823516845703125:57.333343505859375] [-41.017185211181641:60.569839477539062] [-69.0322265625:63.926193237304688] [-56.771621704101562:48.421066284179688] [-44.439620971679688:45.197311401367188] [-38.199161529541016:36.012775421142578] [-25.987638473510742:32.738227844238281] [-26.406431198120117:27.358383178710938] [-0.85395175218582153:0.98167717456817627] [245.6268310546875:298.25537109375] [0.37751886248588562:496.42047119140625] [0.43655484914779663:190.3641357421875] [0.28787475824356079:183.41900634765625] [-52.666667938232422:1447.8333740234375] [-1:1] [-1:1]
tree_sizes=6760 6879 6886 6898 6900 6903 6920 6926 6933 6971 6950 6948 6978 6983 6974 6984 6997 6978 6977 6977 6987 6976 6980 6999 7001 6994 7025 7013 6994 6999 6993 7011 7049 7001 7013 7036 7005 7024 6972 7001 7021 7010 7028 7038 7030 7040 7005 7048 7029 7038 7062 6976 7012 7019 7043 7028 7040 7025 7011 7009 7026 7053 7010 7034 7061 7034 7024 7021 7025 7043 7088 7020 7068 7044 7045 7068 7078 7020 7017 7049 6966 7036 7019 7047 7002 7040 6992 7031 6987 7005 7033 7051 7014 7021 7068 7022 7020 7065 7040 7070 7002 7048 7051 7020 7046 6994 7043 7032 7010 7008 7040 7017 7002 7035 6985 7026 7055 6988 7001 6913 7005 7021 6999 7007 6991 7000 6956 7037 7016 7065 7073 6962 7066 6990 7022 7053 7010 6993

Tree=0
num_leaves=63
num_cat=0
split_feature=38 38 7 35 23 24 5 36 5 36 29 33 35 29 23 5 26 23 37 29 5 23 38 8 35 29 36 28 47 35 44 2 23 54 29 36 35 5 23 47 13 36 35 35 5 43 35 52 54 33 42 36 29 4 36 23 55 38 11 36 35 35
split_gain=102190 29375.7 15227.8 9511.53 4406.35 3589.82 6356.19 3334.81 2713.02 2098.72 2074.03 1884.82 1869.06 1791.17 1725.26 1144.69 1137.25 1450.39 1115.8 1091.4 1084.41 1022.26 991.893 841.204 786.03 773.61 766.943 650.479 584.105 563.067 548.153 513.728 506.025 505.598 541.341 502.083 535.509 488.775 480.954 465.03 445.253 439.654 431.985 430.655 428.161 429.44 424.677 417.585 461.007 403.86 403.097 391.498 545.023 380.01 428.482 376.844 369.524 368.901 341.114 331.051 330.784 329.492
threshold=-8.9411697387695295 -1.117652893066406 285.73371887207037 5.7194383144378671 -10.300547599792479 4.2236452102661142 258.15319824218756 209.11765289306643 225.84973907470706 219.70588684082034 20.288356781005863 -0.22637289017438886 1.6811699867248537 5.3451614379882821 -20.082290649414059 222.76506042480472 18.307020187377933 -24.102975845336911 278.07189941406256 13.353486061096193 239.36711120605472 -5.0849182605743399 -16.529411315917965 276.83987426757818 3.7675304412841801 17.453790664672855 230.88235473632815 -2.071412086486816 -0.60680723190307606 -0.65229985117912281 -5.1194610595703116 287.34085083007818 -1.2585433125495908 -0.91597560048103321 21.483678817749027 226.17646789550784 9.7191252708435076 224.38174438476565 -42.029689788818352 -4.2558701038360587 -38.298725128173821 241.47058868408206 2.5604977607727055 10.539787292480471 214.94265747070315 -5.1458587646484366 3.7027579545974736 49.095659255981452 -1.0000000180025095e-35 11.273957729339601 4.9745178222656259 267.35295104980474 13.110123634338381 225.07353210449222 217.94117736816409 -30.4776496887207 -0.37940952181816096 0.64705657958984386 280.72871398925787 258.52941894531256 6.1465306282043466 3.4512126445770268
decision_type=2 2 2 2 2 2 2 2 2 2 2 2 2 2 2 2 2 2 2 2 2 2 2 2 2 2 2 2 2 2 2 2 2 2 2 2 2 2 2 2 2 2 2 2 2 2 2 2 2 2 2 2 2 2 2 2 2 2 2 2 2 2
left_child=2 3 5 8 9 6 20 57 55 25 15 22 40 -9 38 43 17 39 59 37 42 -12 27 26 28 -5 61 50 41 47 -30 -4 33 -15 -35 36 -19 49 -7 -11 -10 -22 -1 -6 -40 -46 -28 48 -29 -16 -8 -47 -53 54 -23 -2 -17 -3 -50 -13 -39 -14
right_child=1 7 31 4 10 14 11 13 12 16 21 18 23 32 19 56 -18 35 -20 -21 24 53 -24 -25 -26 -27 46 29 30 -31 -32 -33 -34 34 -36 -37 -38 60 44 -41 -42 -43 -44 -45 45 51 -48 -49 58 -51 -52 52 -54 -55 -56 -57 -58 -59 -60 -61 -62 -63
leaf_value=-2.0838993109733419 -2.2363157848945807 -1.9751588758679066 -2.5015490625505361 -2.2313479898972943 -2.1197984936287182 -2.4921641789604436 -2.4449563117547295 -1.9650818898636984 -2.2841769074597345 -2.4851606071418963 -2.414072918619663 -2.3823610932035204 -2.044557529382717 -2.062125951070565 -2.0636124597206082 -2.2568532661017398 -2.4446177959100486 -2.194615001243708 -2.4923159905327896 -2.4668806410007331 -2.2395888212070378 -2.2268248467062879 -2.1153597396757329 -2.4115725868049478 -2.4182356732811034 -2.4127053319182528 -2.2151942683435988 -2.4490382433588405 -2.174109531422042 -2.4132857281583067 -2.3078062235612431 -2.5169194350334969 -2.0474571268786708 -2.112226958864782 -2.2387830614115023 -2.3688834277314168 -2.3336706505585312 -2.3033115195755305 -2.2108333019735791 -2.4074431543925892 -1.9956793797272179 -2.4011112643980743 -2.2565453023261064 -2.225667563207435 -2.4892042748456684 -2.4687592954427382 -2.3381988225133998 -2.1033693393871493 -2.2230735022681749 -2.3503075782216758 -2.3570828788268297 -2.4566581535793395 -2.365702087145809 -2.0766642493326501 -2.3496893221328379 -1.9737630662392573 -2.3271868970537657 -1.8714026320072956 -2.3721982282102316 -2.4468671407493572 -2.4003971047731527 -2.195400496440854
leaf_weight=52.711721956729889 15.019230365753172 169.90504351258278 7086.7660818099976 265.50822141766548 138.92788088321686 3613.2802283763885 998.92323499917984 161.31231075525284 15.524685233831404 276.91705986857414 417.72234454751015 287.74823561310768 47.079510569572449 82.028104305267334 22.38442987203598 354.75710955262184 1057.3393761813641 89.32109597325325 2180.1712616980076 550.51255917549133 51.484188705682755 104.62915769219398 28.594303965568542 77.984465360641479 241.46301126480103 75.529398858547211 119.86501157283783 59.788090109825134 95.603177905082703 290.5643413066864 387.03401327133179 23342.627886235714 93.148111402988434 123.69202700257301 266.66354683041573 996.32375282049179 307.89422249794006 105.56785959005356 15.885724425315855 631.24092239141464 96.541879802942276 231.85936877131462 115.89358046650887 311.28799089789391 2240.5370145142078 4844.9293262064457 169.25517296791077 22.2400141954422 90.981876254081726 27.222355037927628 150.12009581923485 593.98167783021927 227.88793766498566 18.412998765707016 220.52273815870285 151.78087610006332 394.3270049393177 172.79335704445839 66.286795556545258 644.166125446558 519.39098086953163 156.69100910425186
leaf_count=730 208 2353 98144 3677 1924 50040 13834 2234 215 3835 5785 3985 652 1136 310 4913 14643 1237 30193 7624 713 1449 396 1080 3344 1046 1660 828 1324 4024 5360 323270 1290 1713 3693 13798 4264 1462 220 8742 1337 3211 1605 4311 31029 67097 2344 308 1260 377 2079 8226 3156 255 3054 2102 5461 2393 918 8921 7193 2170
internal_value=-2.46516 -2.29427 -2.4915 -2.33417 -2.35758 -2.45606 -2.42415 -2.05142 -2.17818 -2.38969 -2.29698 -2.44958 -2.22234 -2.11205 -2.47106 -2.25601 -2.40169 -2.38197 -2.47274 -2.41464 -2.31993 -2.36153 -2.40737 -2.25898 -2.33957 -2.27151 -2.23484 -2.41234 -2.31478 -2.36651 -2.28132 -2.51334 -2.15397 -2.17497 -2.19868 -2.34993 -2.3024 -2.37201 -2.47705 -2.43114 -2.03565 -2.37176 -2.20257 -2.193 -2.47015 -2.47067 -2.2872 -2.30971 -2.33086 -2.22094 -2.43348 -2.46335 -2.43144 -2.29764 -2.31015 -1.9974 -2.29388 -1.92284 -2.28593 -2.42695 -2.384 -2.16055
internal_weight=56766.6 7579.95 49186.6 6510.4 5660.66 18757.2 5995.63 1069.54 849.742 3700.07 1960.59 4819.58 682.942 726.844 12761.6 1199.3 3359.04 2301.7 3112.09 1225.08 1176.05 761.287 1707.5 570.875 1007.44 341.038 492.891 1678.9 765.981 529.861 482.637 30429.4 565.532 472.384 390.356 1393.54 397.215 674.566 11536.5 908.158 112.067 283.344 168.605 450.216 7923.22 7907.34 289.12 239.297 217.057 49.6068 1149.04 5666.8 821.87 343.565 325.152 166.8 749.084 342.698 157.269 931.914 624.959 203.771
internal_count=786155 104974 681181 90162 78394 259767 83033 14812 11768 51242 27152 66746 9458 10066 176734 16609 46519 31876 43099 16966 16287 10543 23647 7906 13952 4723 6826 23251 10608 7338 6684 421414 7832 6542 5406 19299 5501 9342 159768 12577 1552 3924 2335 6235 109728 109508 4004 3314 3006 687 15913 78479 11382 4758 4503 2310 10374 4746 2178 12906 8655 2822
is_linear=0
shrinkage=1


Tree=1
num_leaves=63
num_cat=0
split_feature=17 36 0 49 35 40 39 38 49 39 39 35 49 5 35 40 49 40 37 36 40 49 49 23 39 35 49 17 49 51 49 1 33 49 5 35 17 36 5 39 18 54 40 40 53 53 54 49 49 23 52 49 54 35 40 35 40 52 5 23 52 37
split_gain=80300.5 16810.3 11954.7 7969.21 6947.4 3402.43 2507.41 2025.22 1954.96 1880.26 1530.88 2006.27 1380.7 1214.54 1094.9 1093.34 1069.55 1002.71 971.274 955.664 884.124 933.075 1454.92 877.961 851.814 791.971 681.694 677.009 661.557 660.021 623.204 618.131 558.179 541.252 532.034 518.869 564.534 510.198 489.608 535.483 435.248 675.364 418.011 401.632 373.156 367.84 343.614 425.852 341.807 685.649 411.952 336.921 333.566 465.046 363.012 331.457 421.647 390.717 326.555 316.848 314.322 333.47
threshold=-11.750988006591795 216.76470184326175 285.62294006347662 247.43756103515628 5.2325968742370614 -0.52941894531249989 -13.768336772918699 -10.705879211425779 254.46063232421878 -1.2745085358619688 -35.649965286254876 5.312911033630372 263.73217773437506 229.01564025878909 9.9480543136596697 1.6666641235351565 259.72676086425787 11.588226318359377 281.03123474121099 245.00000000000003 21.882347106933597 260.24180603027349 268.43287658691412 -9.0357642173767072 -4.993464231491088 2.4121550321578984 255.32789611816409 -2.4757156372070308 258.98173522949224 43.426412582397468 259.72676086425787 288.12187194824224 1.154955327510834 256.32855224609381 211.81697845458987 24.909311294555668 -7.4937171936035147 263.23529052734381 265.66770935058599 -29.580248832702633 -28.974409103393551 0.12940952181816109 3.7843017578125004 28.66666412353516 224.02777862548831 1089.1666564941409 -0.7865660786628722 256.32855224609381 286.81991577148443 -42.325708389282219 60.031352996826179 273.35858154296881 -1.0000000180025095e-35 -0.53562742471694935 -2.8823547363281246 -0.65229985117912281 -2.8823547363281246 45.53399848937989 241.65325927734378 -35.767166137695305 57.570123672485359 281.55047607421881
decision_type=2 2 2 2 2 2 2 2 2 2 2 2 2 2 2 2 2 2 2 2 2 2 2 2 2 2 2 2 2 2 2 2 2 2 2 2 2 2 2 2 2 2 2 2 2 2 2 2 2 2 2 2 2 2 2 2 2 2 2 2 2 2
left_child=2 8 5 29 13 7 15 12 -2 14 17 19 28 59 -10 27 -15 -7 32 30 21 46 44 -24 -22 -18 -26 -6 -1 -3 -12 45 38 -11 -17 36 -36 42 39 -14 41 -30 58 -16 -23 -4 -8 -48 50 -50 -19 -34 -40 54 -54 56 -20 -58 -13 -5 -39 -62
right_child=1 3 31 4 6 10 20 -9 9 33 11 37 18 16 43 34 25 48 55 -21 24 22 23 -25 26 -27 -28 -29 40 -31 -32 -33 51 -35 35 -37 -38 60 52 -41 -42 -43 -44 -45 -46 -47 47 -49 49 -51 -52 -53 53 -55 -56 -57 57 -59 -60 -61 61 -63
leaf_value=0.020208444089796999 0.42487937560487776 0.43716245137810639 -0.035875669953064508 0.11903881963401995 0.087542302880362299 -0.030057908088044229 0.12176541981216515 0.21877851375259016 0.2954087744757794 0.098777403108786743 0.3387964117875174 0.095928187214899777 0.18396402227880737 0.32826262222945979 0.20283642347691508 0.19642900761055823 0.23099328119462365 -0.0012055599412140973 0.014282863132359061 0.044242934697477587 -0.0030570124236324325 0.027672525362883546 0.10518927954585898 0.21493678759649018 0.30907553554334211 0.11341475162274911 0.082905516489937631 0.24318495253940423 -0.011201342822800412 0.18407373944874497 0.12633943904808095 -0.051537157653106326 0.056601453537980018 0.34291078226979171 0.019725575619152811 -0.0047951632417004703 0.065556603192763394 0.034707657106235336 0.010469911365263014 0.067547464105826058 0.10763015639499569 0.3316848948762291 -0.014256743008711763 0.12026243158221493 0.11009379218083544 0.055322803741613719 0.094052551018951186 0.20718479633169462 -0.012489499956987643 0.1579743465599876 0.20556242107652647 -0.0034378416174897712 0.068838375164768817 0.017646760222878945 0.16813907405466083 -0.013419774946332187 0.076865394307217283 0.32904770133387629 0.011420821935651635 0.30046698008916262 0.08815791500086323 0.35286432473607743
leaf_weight=66.281996235251427 171.66141780465841 179.97297833859921 6729.0205463841558 26.135364606976509 355.31442585587502 6473.0125919729471 377.48425102978945 155.99809058010578 302.95308319479227 23.887456104159355 40.119462445378304 135.3635225892067 172.81872622668743 95.280950911343098 684.65232580155134 50.107919186353683 206.1594460979104 538.64040222018957 578.86566593497992 572.21351674199104 336.00396321713924 616.39115712791681 564.03108898550272 269.21236252039671 39.69391443580389 469.08391437679529 207.36632853746414 86.969159550964832 17.355820596218109 30.063491441309452 247.15830417722464 22530.714655354619 399.2881126999855 457.89707773923874 1351.0622158125043 738.73937195539474 1336.6542018949986 298.1151991635561 323.77842801809311 230.5530988946557 66.480468943715096 83.218056224286556 3410.6491730734706 187.61131173372269 176.69053327292204 112.41370020061731 104.07176630944014 414.39114425331354 109.25051129609346 128.22492405772209 25.216791294515133 563.33630734682083 243.19391254335642 236.83377637714148 148.07379011064768 1209.4374806880951 76.119261212646961 19.241989113390446 735.20372010022402 303.74398182332516 43.847701676189899 16.32850257307291
leaf_count=885 1747 2069 96051 319 4658 90938 4648 1769 2953 250 487 1825 2210 1103 7477 610 2218 7528 7817 7591 4413 7631 7072 3129 485 5634 2522 1036 234 346 3064 325858 5327 4201 18214 10071 17451 4053 4374 2921 834 1078 47141 2085 2194 1607 1291 5056 1548 1683 354 7629 3213 3227 1790 16868 1006 219 10142 3051 593 220
internal_value=-0.000397837 0.126977 -0.0280968 0.0968566 0.0889956 0.00479231 0.0706953 0.0417106 0.26426 0.24762 -0.00847651 0.0114322 0.0354822 0.205812 0.213518 0.0441027 0.171441 -0.0235264 0.0289076 0.0816001 0.104254 0.117082 0.0945096 0.140648 0.0487649 0.149313 0.119243 0.118147 0.153866 0.400937 0.15601 -0.0475402 0.0505794 0.330806 0.0346829 0.0323175 0.0425182 -0.00156672 0.0712584 0.117424 0.206897 0.272514 -0.00636336 0.185076 0.0460351 -0.0343772 0.158054 0.184476 0.0292338 0.0795525 0.00804151 0.0214659 0.0516949 0.0729459 0.106418 0.00224029 0.0303315 0.127751 0.0245608 0.286093 0.0557483 0.159985
internal_weight=56899.7 10163.3 46736.4 8334.62 8124.59 17364.2 7024.18 4590.87 1828.66 1657 12773.3 5499 4434.88 1100.4 1175.22 3918.85 770.524 7274.35 4201.54 859.491 3105.34 2522.27 1626.33 833.243 583.064 675.243 247.06 442.284 233.336 210.036 287.278 29372.1 2317.88 481.785 3476.56 3426.46 2687.72 4639.51 1355.25 403.372 167.054 100.574 4281.22 872.264 793.082 6841.43 895.947 518.463 801.333 237.475 563.857 962.624 951.88 628.101 391.268 1883.66 674.227 95.3613 870.567 329.879 358.291 60.1762
internal_count=786018 123934 662084 105221 102806 238568 90481 61401 18713 16966 177167 75116 59632 12325 12515 52040 8955 102051 56601 11142 38441 31021 20026 10201 7420 7852 3007 5694 3031 2415 3551 423516 30691 4451 46346 45736 35665 63974 17735 5131 2146 1312 59108 9562 9825 97658 10995 6347 11113 3231 7882 12956 12604 8230 5003 25910 9042 1225 11967 3370 4866 813
is_linear=0
shrinkage=0.05


Tree=2
num_leaves=63
num_cat=0
split_feature=17 17 7 41 23 24 36 41 37 38 41 29 38 36 41 27 53 22 43 1 41 23 36 41 38 36 53 36 41 36 46 48 48 48 41 48 36 29 36 38 53 5 22 48 10 5 42 48 36 36 48 45 53 41 48 48 29 36 17 37 41 23
split_gain=66950.6 11654.8 10330.9 4776.28 2714.07 2681.31 3041.04 1766.22 1734 1616.92 1248.93 1005.85 929.839 842.138 699.24 690.647 652.136 564.055 587.679 558.055 554.216 544.054 540.557 503.309 490.979 473.277 399.232 391.383 381.87 463.95 375.197 371.775 369.286 364.977 333.523 570.414 331.73 396.237 321.762 315.429 315.302 299.755 294.795 319.798 292.442 473.589 269.395 264.141 258.552 258.327 250.371 249.382 243.017 237.229 236.387 230.479 227.38 226.927 226.093 225.748 219.392 214.139
threshold=-13.214450836181639 -1.8849182128906248 285.73371887207037 6.7867329120635995 -13.333340644836424 3.3084125518798833 258.52941894531256 -0.42216905951499933 279.35729980468756 -0.70587921142578114 8.2887921333313006 20.288356781005863 -8.9411697387695295 225.58824157714847 2.9387589693069462 -1.963290214538574 805.25000000000011 -42.29156303405761 -4.2396392822265616 288.12187194824224 23.847252845764164 -6.4108130931854239 273.23529052734381 3.0491439104080205 -12.588233947753904 226.76470184326175 1089.1666564941409 229.11765289306643 4.6758625507354745 246.76470184326175 0.66075611114501964 0.89492958784103405 0.91066169738769542 0.63953983783721935 10.832485675811769 0.11192005872726442 266.76470947265631 7.5255737304687509 240.88235473632815 -3.4705886840820308 32.083333969116218 223.57719421386722 -21.081736564636227 -0.45884189009666437 252.918815612793 239.94720458984378 2.8171539306640629 0.83848184347152721 207.94117736816409 223.23529815673831 0.20595771074295047 4.9188890457153329 1089.1666564941409 0.57952502369880687 0.11755901575088502 0.1227008104324341 17.05646896362305 220.29412078857425 -34.631246566772454 270.06900024414068 20.04865646362305 -2.0248390436172481
decision_type=2 2 2 2 2 2 2 2 2 2 2 2 2 2 2 2 2 2 2 2 2 2 2 2 2 2 2 2 2 2 2 2 2 2 2 2 2 2 2 2 2 2 2 2 2 2 2 2 2 2 2 2 2 2 2 2 2 2 2 2 2 2
left_child=2 3 5 8 12 6 14 15 13 10 -3 25 51 -2 24 46 17 -7 -19 26 27 -13 52 44 42 40 -4 34 29 -20 -17 -23 47 -27 59 -36 -30 -38 -16 -35 -6 -33 43 -1 45 -15 -8 61 -11 -37 -31 -5 -9 -10 -29 -25 -42 -22 -32 -14 -51 -12
right_child=1 9 19 4 11 16 7 22 53 48 32 21 20 23 38 30 -18 18 28 -21 57 31 -24 55 -26 33 -28 54 36 50 58 41 -34 39 35 49 37 -39 -40 -41 56 -43 -44 -45 -46 -47 -48 -49 -50 60 -52 -53 -54 -55 -56 -57 -58 -59 -60 -61 -62 -63
leaf_value=0.19106347971430349 0.24438535161716868 0.2336061009161958 -0.036167065826535415 0.022774520699535682 0.097895783292423669 -0.029479746681531277 0.014843057895536728 0.0085362660246105972 0.12122521773675271 0.25823102426694372 0.13129402606180435 0.013689058417123029 0.16334689096431998 0.20179802968134208 0.13675429390071964 0.16384029121626678 0.063535952879574906 -0.029409619701140245 0.13651774351284163 -0.051239384924164799 0.085035471204079199 0.056663616023398894 -0.035517913004784157 0.12164404186030511 0.22188127402567961 0.069589123421954724 0.055466313694124109 0.011559797694581257 -0.0073474297593597278 0.010413329267960451 0.038697813647614307 0.10755138800441406 0.078236904912093674 0.13658582674873554 0.024909647941860496 0.19025628566760927 -0.015389382102384537 0.055392233893427158 0.032789933889933974 -0.017789200476358905 0.18024706603309615 0.27738040786705204 0.014695161771728277 0.10106698550789445 0.22887123887834684 0.059532360670999811 0.076831082858516267 0.23251893626187009 0.21265436420788839 0.13970953947457609 0.1568589990139912 -0.01304402006531042 0.20110585349251037 -0.014327052796898783 0.064855360578802881 0.27065572368912133 0.11053063999873002 0.0034912147062608825 0.10661710062155438 -0.0014583344038705513 0.050116071431085353 0.21342906539492348
leaf_weight=147.53765311092138 267.42204336076975 402.95825622230768 6288.6701239570975 1091.6439801007509 289.30813504010439 3602.5769989490509 868.63531186431646 1100.3445319011807 39.742939673364162 512.69953397661448 888.43258487433195 483.25012575089931 191.03124234825373 165.87939666956663 96.723843522369862 144.33081139624119 283.96685824543238 1913.0111253634095 104.52350753545761 21553.277054458857 99.543398655951023 185.62223520129919 1362.6333710327744 899.19571328908205 141.66803453862667 710.36703058332205 121.15611205250025 342.01742742210627 4262.6547525376081 441.09307446330786 248.98447692394257 67.725241519510746 249.75389939546585 460.22522389888763 317.29349098354578 89.759490288794041 328.01155260950327 497.77260072529316 322.7871009260416 35.6526273265481 435.49168987572193 42.155318155884743 62.250733189284801 298.26921287924051 234.82138061523438 90.365874417126179 219.57908451557159 81.142733678221703 791.65581545233727 129.7471638917923 31.253682166337967 875.81872275471687 16.630950428545475 171.82201682776213 531.19053527712822 26.720749542117119 159.89845252782106 597.00852883607149 241.25585786253214 23.314878344535828 144.34919778257608 87.13905768096447
leaf_count=1722 2331 3411 92640 14736 3057 51918 11470 14802 422 3671 9082 6131 2054 1563 1026 1604 3947 27179 1235 325753 1127 2078 19420 9742 1359 8157 1659 4195 59125 5933 3238 763 2785 5227 3716 1035 4549 6408 4019 393 4458 458 734 3470 2233 947 2773 881 6570 1604 430 11881 224 2199 6691 330 1745 7855 2969 282 1806 798
internal_value=-0.000445142 0.103308 -0.0287911 0.0753488 0.0569901 0.00227945 0.0317931 0.0126375 0.146058 0.188643 0.156652 0.0948748 0.0324639 0.163005 0.10708 0.0515259 -0.0112912 -0.0131916 -0.00544852 -0.0473874 0.0529218 0.0463694 -0.0143815 0.147646 0.13957 0.11294 -0.034435 0.0677992 0.00264244 0.0411964 0.092983 0.099813 0.132916 0.0925681 0.091025 0.0739076 -0.00172837 0.0272769 0.0567603 0.125487 0.140717 0.172706 0.116619 0.130851 0.188564 0.151627 0.027351 0.14584 0.230569 0.116635 0.0201032 0.00682985 0.0114035 0.0111367 0.0439806 0.125944 0.161524 0.0151446 0.0721221 0.145421 0.0925263 0.13863
internal_weight=56911.8 12212.2 44699.6 9198.38 7302.41 16736.5 5271.63 4202.39 1895.97 3013.78 1709.43 2869.7 4432.72 1684.41 1069.24 1722.79 11464.9 11180.9 7578.32 27963.1 2465.26 778.753 2479.61 1416.98 649.726 2090.94 6409.83 1768.7 5665.31 576.87 634.571 295.503 1306.47 1206.24 895.495 681.149 5088.44 825.784 419.511 495.878 884.698 109.881 508.058 445.807 491.067 256.245 1088.21 1056.71 1304.36 363.856 472.347 1967.46 1116.98 211.565 873.208 925.916 595.39 696.552 490.24 214.346 274.096 975.572
internal_count=786020 136414 649606 109216 89449 229554 68830 56500 19767 27198 16957 32467 56982 17146 12330 22054 160724 156777 104859 420052 30365 9430 34446 14815 7285 23037 94299 21383 77680 7598 7811 3299 13546 13777 10497 8161 70082 10957 5045 5620 9260 1221 5926 5192 4743 2510 14243 10761 10241 4445 6363 26617 15026 2621 10886 10072 6203 8982 6207 2336 3410 9880
is_linear=0
shrinkage=0.05


Tree=3
num_leaves=63
num_cat=0
split_feature=38 7 36 35 49 31 17 39 32 49 49 36 49 49 27 49 2 29 49 49 5 55 5 19 47 36 33 36 39 49 49 39 49 49 5 49 49 29 54 36 17 53 29 49 49 29 54 49 49 27 34 49 49 49 22 55 39 47 22 53 49 35
split_gain=57250.5 10424.5 7859.57 4095.47 3340.66 1957.41 1741.17 1638.12 1463.33 1067.13 1000.52 896.139 828.978 735.08 685.775 648.969 571.304 564.182 548.062 909.532 600.314 540.497 522.849 492.905 478.442 468.851 460.264 571.575 444.854 440.285 438.751 599.822 543.402 679.62 429.809 423.866 417.769 400.613 386.547 380.969 377.985 374.196 364.826 348.808 456.122 362.947 341.961 394.486 330.628 322.017 313.459 309.066 482.583 303.587 301.048 342.45 298.614 298.523 296.451 291.058 281.428 275.89
threshold=-11.647056579589842 285.73371887207037 217.94117736816409 5.1550817489624032 247.43756103515628 -0.068438529968261705 -6.8762435913085929 -39.456792831420891 6.7718956470489511 254.46063232421878 273.35858154296881 210.88235473632815 259.72676086425787 285.83421325683599 24.396032333374027 284.50169372558599 287.34085083007818 17.05646896362305 276.94873046875006 276.13734436035162 269.58532714843756 0.12940952181816107 264.08943176269537 -45.680677413940423 1.5975269079208376 263.82353210449224 2.2733533382415776 230.88235473632815 -16.246913909912106 263.99104309082037 281.42471313476568 -24.645606994628903 260.24180603027349 267.04945373535162 213.5385665893555 270.83627319335943 280.76860046386724 -2.5696969032287593 -1.0000000180025095e-35 272.64704895019537 -12.131832122802733 1089.1666564941409 15.350136756896974 267.56375122070318 258.98173522949224 31.354249954223636 0.37940952181816107 265.70214843750006 288.57763671875006 15.790085792541506 14.212150096893312 285.83421325683599 284.34808349609381 259.31796264648443 -12.159868240356444 -0.37940952181816096 -7.6092963218688956 -3.8804817199707027 -3.9944534301757808 174.00000000000003 277.45671081542974 1.5941081643104555
decision_type=2 2 2 2 2 2 2 2 2 2 2 2 2 2 2 2 2 2 2 2 2 2 2 2 2 2 2 2 2 2 2 2 2 2 2 2 2 2 2 2 2 2 2 2 2 2 2 2 2 2 2 2 2 2 2 2 2 2 2 2 2 2
left_child=1 5 9 12 -5 13 28 34 10 -2 22 -11 -4 15 21 18 41 -13 19 29 36 30 35 -14 -12 40 -25 -28 57 -1 32 -32 54 -34 -7 -9 -20 -21 -23 -17 -10 -3 -36 44 45 -19 47 -31 -15 53 -42 52 -26 -30 -8 -56 -16 -6 -35 -40 -44 -37
right_child=2 16 3 4 6 7 14 8 25 11 24 17 23 48 56 39 -18 43 20 37 -22 38 -24 26 51 -27 27 -29 49 46 31 -33 33 58 42 61 -38 -39 59 -41 50 -43 60 -45 -46 -47 -48 -49 -50 -51 -52 -53 -54 -55 55 -57 -58 -59 -60 -61 -62 -63
leaf_value=0.174895418365028 0.25235043183283851 -0.035484662037923297 0.2266733657270891 0.23999414704478414 -0.022255941974920698 0.2232846880700036 0.064755285096339391 0.067347994790214041 -0.016913502622471231 0.19096057704368896 -0.0016058524590271701 0.16092792979647841 0.017224018274721555 -0.016476731721326795 8.0781548285306193e-05 0.26665963442919544 -0.050979084804901764 0.14727648855874678 9.617601751408527e-05 0.045845316727771424 -0.010166751410163148 0.031730894332759073 0.011000706409652526 0.17781768697304609 0.074254469090633018 0.035914120975913552 0.1644366351271552 0.082150953406532612 0.13115594177440981 -0.0011798266732459296 0.081132474233837779 0.2373065687771618 0.01639691430962224 0.089602676022303082 -0.02520447848837621 0.23326124738385154 0.23200031592988066 0.27000361597411054 0.06451751108116259 0.10272628075512624 0.060981077060896539 0.055849889348311338 -0.015836339154129225 0.18889426687756594 0.034986185884088125 0.043476292842958141 0.00462531906872577 0.1144575049780394 0.049447700691505704 0.01581630730946048 -0.0021927168395461361 -0.010851863367080987 0.31122271219793346 0.053564029079135267 0.16437692915967286 0.089670397524466983 0.063575241424330978 0.022024351381856763 0.28146991350324335 0.15131800106370444 0.058039690159467076 0.1116140462042597
leaf_weight=75.305085197091103 313.83335031569004 6277.0825067460537 251.88848948478699 242.01798059046268 478.98931341618299 17.912479802966118 191.58670951426029 926.38612815737724 3634.5830336883664 1029.1352444887161 1197.9056942760944 781.24811138212681 93.423140950500965 505.77241323888302 398.95520475506783 58.090811342000961 20452.211599424481 315.17284093797207 32.419772937893867 26.251945421099663 406.38151352107525 714.89246452599764 314.36504223942757 439.93988013267517 80.413885980844498 639.24920811504126 352.4448092058301 526.00658498704433 154.24252807348967 105.69712360203266 122.53209553658962 123.39675080031157 423.16418222337961 797.56604346632957 6435.0385568216443 59.758281797170639 48.433673858642578 82.798033714294434 323.23608428239822 90.89095026999712 301.83626314997673 114.18197044730186 278.20832687616348 98.347609259188175 253.50167715549469 114.9218742698431 270.28474057465792 244.02663694322109 304.80981636792421 462.01008803397417 561.89208035171032 51.556354373693466 29.317893043160439 690.04100584238768 404.58988629281521 247.0752849727869 345.56571134179831 1853.4716098532081 20.653552979230881 137.7282929122448 240.23053069412708 211.82279459387064
leaf_count=740 2131 95408 1946 1892 6609 145 2184 10928 51543 6800 15719 6104 1174 6479 4955 619 322882 2838 376 320 5075 7403 4171 3492 1001 8296 2714 5233 1741 1269 1382 1311 4852 8631 93080 619 523 893 3286 1108 3760 1511 3971 875 2295 999 3266 2891 3847 5798 7562 690 347 8021 4009 2545 3731 24299 185 1364 3202 2525
internal_value=-0.000465943 -0.0274189 0.0930622 0.0716388 0.0570151 0.00293102 0.0514022 -0.00360161 0.0118242 0.165271 0.0404114 0.154729 0.143115 0.0464028 0.0731339 0.0678348 -0.0469015 0.130876 0.0564371 0.0817863 0.0145888 0.0823878 0.0683912 0.128207 0.00927928 -0.00415396 0.136072 0.115165 0.0260143 0.0607304 0.0963316 0.159494 0.0888802 0.0678404 -0.0213236 0.0834513 0.139014 0.216041 0.054751 0.166647 -0.00984798 -0.0338529 -0.0219537 0.100852 0.0881851 0.119541 0.0468641 0.0795084 0.00831337 0.0493752 0.0198838 0.0901244 0.137567 0.0677393 0.119854 0.136052 0.0295514 0.012931 0.0944458 0.090452 0.0183958 0.138381
internal_weight=56776.7 44075.1 12701.6 9795.42 8131.71 17231.6 7889.7 14980.5 8009.09 2906.16 2871.53 2592.33 1663.7 2251.16 4250.94 1440.58 26843.5 1563.19 1291.6 804.364 487.235 3506.42 1512.33 1411.81 1359.19 5137.56 1318.39 878.451 3638.75 695.314 2330.56 245.929 2084.64 1241.38 6971.39 1197.97 80.8534 109.05 1175.86 148.982 4498.31 6391.26 6953.48 781.944 683.596 430.095 620.009 349.724 810.582 1306.29 863.728 161.288 109.732 844.284 843.252 651.665 744.521 2332.46 818.22 460.964 518.439 271.581
internal_count=785565 654766 130799 108757 94198 234965 92306 207559 107161 22042 36000 19911 14559 27406 45838 17080 419801 13111 15353 9379 5974 37152 18243 12613 17757 71161 11439 7947 46468 8166 25099 2693 22406 13668 100398 14072 899 1213 12053 1727 62865 96919 100253 7007 6132 3837 7426 4160 10326 15560 11322 2038 1348 9762 8738 6554 8686 30908 8816 4650 7173 3144
is_linear=0
shrinkage=0.05


Tree=4
num_leaves=63
num_cat=0
split_feature=17 7 17 41 40 49 38 37 38 37 20 24 41 49 41 44 36 41 55 49 49 41 4 29 29 49 1 29 41 52 16 49 49 52 17 11 36 23 40 17 49 49 40 49 49 54 55 53 49 5 42 41 36 49 53 45 38 49 23 54 41 49
split_gain=49739.5 9647.73 6248.53 2743.11 2562.46 1772.3 1244.1 1141.02 935.206 928.999 780.439 988.741 757.054 801.743 704.055 951.407 626.84 585.292 613.035 568.632 690.333 565.885 519.873 508.478 495.449 492.974 481.4 477.92 400.067 376.027 387.465 366.246 430.071 356.501 341.321 427.574 338.593 386.486 453.88 334.62 323.882 316.339 306.893 300.492 630.316 303.644 297.966 291.243 290.589 270.034 267.851 265.655 264.496 250.089 239.798 226.107 224.951 223.623 307.314 222.175 321.873 220.489
threshold=-13.214450836181639 286.01512145996099 -2.2101402282714839 6.6899056434631357 -0.52941894531249989 247.43756103515628 -8.3529434204101545 279.65505981445318 -0.94116973876953114 282.02978515625006 -38.59826469421386 6.7151956558227548 7.6736869812011728 255.32789611816409 1.7879408597946169 -4.7704601287841788 250.88234710693362 26.331639289855961 0.12940952181816107 260.24180603027349 263.06666564941412 -0.52142748236656178 263.38981628417974 8.4606561660766619 10.715535163879396 285.67515563964849 288.12187194824224 18.772079467773441 4.518761634826661 43.120061874389656 -42.348796844482415 284.34808349609381 263.73217773437506 41.616329193115241 -7.171337127685546 254.06922912597659 220.29412078857425 -9.0357642173767072 14.901954650878908 -30.528387069702145 263.73217773437506 254.46063232421878 -2.3529586791992183 276.75975036621099 275.76867675781256 0.78656607866287243 -0.12940952181816107 1089.1666564941409 277.57534790039068 225.84973907470706 -3.2898406982421871 11.621637821197512 229.70588684082034 269.73658752441412 956.33334350585949 11.443775177001955 -27.64705657958984 283.86952209472662 -43.624202728271477 -1.0000000180025095e-35 14.268213272094728 255.32789611816409
decision_type=2 2 2 2 2 2 2 2 2 2 2 2 2 2 2 2 2 2 2 2 2 2 2 2 2 2 2 2 2 2 2 2 2 2 2 2 2 2 2 2 2 2 2 2 2 2 2 2 2 2 2 2 2 2 2 2 2 2 2 2 2 2
left_child=1 4 3 9 7 -5 55 14 12 19 23 16 -4 -14 15 39 28 18 36 -2 33 25 -13 -6 -24 31 47 46 -12 57 -31 32 -9 49 35 -22 -8 38 -38 -1 -16 -19 56 44 -17 -46 -15 -3 -26 -21 -45 52 -20 -29 -42 -7 -34 -25 -59 -48 -61 -10
right_child=2 26 8 5 10 6 17 21 61 -11 11 22 13 27 40 43 -18 41 51 20 34 -23 24 29 48 -27 -28 53 -30 30 -32 -33 42 -35 -36 -37 37 -39 -40 -41 54 -43 -44 50 45 -47 59 -49 -50 -51 -52 -53 -54 -55 -56 -57 -58 58 -60 60 -62 -63
leaf_value=0.081735735476565777 0.162866230485366 -0.035775629797999288 0.16546960892408225 0.18906453820204727 -0.03293292622000555 0.019237163014484866 0.15917475653336161 0.22680133206015041 0.20472505025417129 -0.0062375696884558159 0.12889694011218253 -0.0173704487569275 0.18227381626078634 0.14143092407277549 0.10275298773281999 0.056744414305879148 0.0092309752943756374 0.187128907932472 0.087730589359245784 0.16084802327046291 0.054602061240565242 -0.014120170071009542 -0.0094001959290089879 -0.017807321168917381 0.011374437526035151 -0.0018837000995892807 -0.050659464691480943 0.036565120989356756 0.04486711102236416 0.2180307478048365 0.021689798520220793 0.15659303857868992 0.015193057310284565 0.19169835379957806 0.15000790659590468 0.13242828561874906 0.078293035643952721 0.10900269862689811 0.017152658945037071 0.16648164053359205 0.005206153275085665 0.021312847130723223 0.1464839756090637 0.20727307022715391 0.058215533754758964 0.29575602357990566 0.050377670379216671 0.041779040189565533 0.096705483920939986 -0.010093974718412824 0.018044356021951147 0.019478323182881237 0.023851022261677967 0.13078749429396558 0.19518476743057825 -0.022030621714497111 0.16792722503527219 -0.023495485099282371 0.062001080846477354 0.16275826121804937 0.02645779304293356 0.15224359702210929
leaf_weight=191.97749076038599 533.73558128625154 5491.2657183334231 486.53482872247696 210.07161991298199 4304.6278759166598 2055.2506494149566 130.20526326447725 31.532646059989929 226.63081437349319 160.87444633990526 233.66373555362225 3749.1126332730055 225.79033359885216 347.22516004741192 104.45555549114943 492.78878176957369 752.56405679881573 29.489806763827801 409.1939464583993 25.974224396049976 329.84289956837893 1375.4292122945189 494.05584868043661 1256.8474572300911 160.86790804564953 551.42621148377657 19726.355290811509 555.47284252941608 359.68857518583536 37.630426459014416 75.627705253660679 89.074916861951351 445.29909969866276 30.052424184978008 505.55220607668161 379.56879396736622 1250.112087674439 648.43537119776011 400.88795103132725 296.19526441395283 791.37392615526915 1167.6217523738742 56.812061034142971 19.349495321512222 19.294456951320171 44.439214512705803 266.7461616396904 123.78288568556309 262.69866519421339 208.96783751994371 557.80354955792427 767.91245019435883 268.29134242236614 80.650056883692741 16.966381974518299 395.84632295370102 25.487548977136612 188.74808494746685 237.18020581454039 137.99533026665449 63.129319056868553 1711.5666993409395
leaf_count=2169 4047 86112 3252 1427 63958 26610 1145 301 1288 2038 2311 53681 1694 3090 1126 5485 9885 261 3783 190 3113 19629 6784 18496 2141 7139 325465 5492 4342 518 1046 1019 5616 266 4001 3363 13617 6004 4478 2693 9701 13292 536 204 215 470 2254 1562 3243 1949 6690 8195 2962 726 200 5291 288 2782 3054 1099 530 10728
internal_value=-0.000461361 -0.0273582 0.0812575 0.0597723 0.00151661 0.0458213 0.0418215 0.0312112 0.133156 0.109385 -0.0110093 0.00177456 0.110558 0.0946275 0.0550264 0.074796 0.0395297 0.055956 0.0653964 0.118623 0.102667 0.0077698 -0.00911425 -0.0236088 0.0246179 0.0328676 -0.0469827 0.0809909 0.0779583 -0.00126136 0.0869248 0.0624303 0.0474293 0.0295462 0.118615 0.0962428 0.0807354 0.0762938 0.0634472 0.133155 0.0199001 0.0253976 0.0367089 0.0496661 0.0758809 0.223844 0.106339 -0.0340659 0.0642973 0.00880467 0.0243884 0.0396123 0.0624336 0.048511 0.00919364 0.0125725 0.0234618 -0.00719667 0.0241137 0.0802961 0.119976 0.15838
internal_weight=56574.1 42564.4 14009.6 9907.89 17223 7733.32 7523.25 5109.71 4101.74 2174.57 12113.3 6012.65 2163.54 1677.01 2534.64 1621.85 1345.92 5072.15 3875.04 2013.69 1479.96 2575.06 4666.74 6100.66 917.622 1199.63 25341.4 1451.22 593.352 1796.03 113.258 648.206 559.131 264.994 1214.96 709.412 2429.64 2299.44 1651 488.173 912.796 1197.11 527.599 1133.68 556.522 63.7337 815.096 5615.05 423.567 234.942 577.153 1445.4 677.485 636.123 808.34 2451.1 470.787 1682.78 425.928 467.871 201.125 1938.2
internal_count=785046 648861 136185 106032 235722 87065 85638 63481 30153 18967 172241 82387 18137 14885 28953 17926 16538 53737 40184 16929 12882 34528 65849 89854 12168 14899 413139 13191 6653 25896 1564 7760 6741 2405 10477 6476 25244 24099 18095 4862 11027 13553 6440 13064 6170 685 6973 87674 5384 2139 6894 14940 6745 6218 9901 31901 5904 24332 5836 3883 1629 12016
is_linear=0
shrinkage=0.05


Tree=5
num_leaves=63
num_cat=0
split_feature=17 37 17 41 40 39 49 39 38 39 41 40 39 41 44 41 40 49 40 38 40 49 1 49 49 49 48 5 39 40 5 11 41 41 49 44 53 49 49 49 11 49 49 49 48 53 54 49 40 49 53 52 23 49 28 54 49 35 40 49 49 49
split_gain=43410.3 8383.37 5686.22 2618.33 2442.05 2161.86 997.967 874.018 792.517 740.284 844.006 815.845 695.174 612.924 652.861 604.582 639.843 602.086 538.577 501.717 485.266 502.875 473.416 469.039 392.964 689.581 454.664 386.869 379.007 478.878 353.339 545.073 319.058 312.94 297.95 297.837 292.495 286.642 285.668 276.013 293.344 273.926 264.343 258.464 247.191 246.753 270.151 246.038 271.334 244.007 237.494 235.953 247.345 295.595 235.806 231.42 224.56 222.892 214.274 223.265 338.957 329.368
threshold=-15.162521362304686 285.49383544921881 -1.8849182128906248 6.5088360309600839 -0.52941894531249989 -13.768336772918699 254.46063232421878 -44.849676132202141 -27.64705657958984 -37.628906249999993 5.2234389781951913 11.588226318359377 -2.0842412710189815 1.7879408597946169 -4.3035926818847647 -0.42216905951499933 -2.8823547363281246 259.72676086425787 24.705894470214847 -6.7058792114257804 2.0588226318359379 254.46063232421878 288.12187194824224 277.57534790039068 260.24180603027349 267.78880310058599 0.9032464623451234 211.81697845458987 -21.665216445922848 14.627449035644533 229.01564025878909 256.69876098632818 3.0491439104080205 23.847252845764164 263.73217773437506 -5.6024703979492179 1089.1666564941409 279.94920349121099 285.67515563964849 258.98173522949224 233.60381317138675 268.43287658691412 284.34808349609381 263.73217773437506 -0.47515141963958735 224.02777862548831 0.60355338454246532 258.38572692871099 27.176460266113285 255.95982360839847 1089.1666564941409 45.53399848937989 -43.379365921020501 283.65872192382818 11.677038192749025 0.12940952181816109 288.57763671875006 5.9736292362213144 -2.1372680664062496 270.26141357421881 260.66418457031256 276.47534179687506
decision_type=2 2 2 2 2 2 2 2 2 2 2 2 2 2 2 2 2 2 2 2 2 2 2 2 2 2 2 2 2 2 2 2 2 2 2 2 2 2 2 2 2 2 2 2 2 2 2 2 2 2 2 2 2 2 2 2 2 2 2 2 2 2
left_child=1 4 3 7 8 19 -7 -2 15 11 35 -6 20 14 -10 16 34 57 24 28 -4 -22 36 -18 26 45 -8 -23 -5 49 -19 58 -33 -21 -1 -11 -3 50 42 -28 -41 47 44 55 -16 -26 -47 48 -29 -30 -12 52 -13 -54 -49 -17 -25 -9 -32 60 -60 -61
right_child=2 22 12 5 9 6 18 17 13 10 37 51 -14 -15 38 43 23 30 -20 33 21 27 -24 56 25 -27 39 41 29 -31 31 32 -34 -35 -36 -37 -38 -39 -40 40 -42 -43 -44 -45 -46 46 -48 54 -50 -51 -52 -53 53 -55 -56 -57 -58 -59 59 61 -62 -63
leaf_value=0.17797933173378558 -0.012044619214235573 -0.035939782198011375 0.14549776382083707 -0.0024537886413632999 -0.031154922430773981 0.1588882939470104 0.073424832917641333 0.17207258552530857 0.11588878190247778 0.094118434956692615 -0.015203042235192858 -0.016590073281332812 0.1482248727267666 0.020671920463241997 0.12497892434799325 -0.031139876305842626 0.15633310058817132 0.12930039821761968 0.00028504849695752763 0.056912848514904961 0.16444914381418052 0.12013898262682415 -0.050545788729965895 0.023206837564870179 0.0036173504334748997 0.077830563100903805 0.082841269946988871 0.10970085119729556 0.1416672722545014 -0.015776066531038007 -0.026613348146795519 0.14736895067769526 0.075665785517752118 0.0063284616255889371 0.009957335636534205 0.027119880084873565 0.037596414488898743 0.018469976018974401 -0.012356757837210205 0.26706041581163031 0.13062175601960466 0.1031720590478187 0.22108898237361974 -0.014310167160312482 0.030938377927820518 0.034859215605890809 0.17375276133798082 0.09451759600218719 0.015894407694159226 0.04226949238411664 0.10077771626735157 0.13141974852979152 0.0022462389023804657 0.092338978423565893 0.011915956872170747 0.19182347646300446 0.12699339439339974 0.089941192291456418 0.10548866740116276 0.13069903187689244 0.013836279568863475 0.038144169720083478
leaf_weight=27.061456840485334 177.9761093556881 5674.6957815438509 578.29539556801319 2496.093262206763 5467.2331650219858 279.34675747901201 897.35795238614082 365.3969070315361 561.49480063468218 260.34248993173242 3372.0319824777544 286.90929311141372 1426.1161950305104 816.71294444799423 91.624971181154251 19.339280854910612 153.11688212677836 463.04807663708925 333.84126337617636 1109.9672140181065 224.3683198466897 556.0233931094408 18492.683318376541 218.51544433087111 635.39902383834124 1211.925292275846 99.061442792415619 282.30853117257357 66.200177229940891 402.63422068208456 72.734550520777702 352.24928138032556 277.25814664363861 421.9937419295311 1054.8795949444175 457.15284557268023 138.52555072307587 869.45268346741796 178.07931626215577 68.783597536385059 92.204380244016647 427.29207888245583 24.980224713683128 1392.1542263925076 294.41495912522078 144.86393219977617 46.166080363094807 112.00868263095617 106.04254388809204 917.08514509350061 44.724344156682491 49.46005742624402 189.80654288455844 174.97790188342333 377.91743747144938 29.224321287125349 68.442692834883928 106.7376305013895 141.68971181660891 223.07826258987188 350.23057024180889 168.89877171814442
leaf_count=228 2353 90291 3495 33149 84324 1815 8283 2364 5448 2831 47897 4303 7847 9992 912 265 1382 3169 3634 11275 1382 3753 319017 2405 6643 11223 969 2266 688 5235 672 2638 2709 5052 13268 5577 1743 11714 2277 530 789 3331 242 19909 3167 1459 444 774 913 10917 585 558 2710 1960 3465 304 721 849 1171 1983 3229 1482
internal_value=-0.000488137 -0.0280967 0.0691826 0.0517302 -0.000115972 0.0390539 0.0679144 0.0950427 0.0291961 -0.0130509 0.00123944 -0.024643 0.120051 0.0537975 0.0773107 0.0128604 0.0348355 0.102602 0.0607144 0.0187493 0.10497 0.0937347 -0.0466334 0.0856673 0.0670271 0.0538153 0.0902949 0.0852118 0.00918757 0.0301541 0.0908737 0.0796557 0.115788 0.0429789 0.0141599 0.0514302 -0.0341875 -0.00716231 0.0405403 0.148509 0.188916 0.0703368 0.0634586 -0.0103547 0.0532585 0.0185978 0.0684255 0.0543621 0.0840862 0.0489615 -0.0136849 0.0261338 0.0181432 0.0454615 0.0308006 0.103034 0.0479611 0.153505 0.0558788 0.062667 0.0402353 0.0908181
internal_weight=56420.6 40408 16012.6 11922.2 16102.1 9222.92 3808.95 2699.3 4930.04 11172.1 5003.7 6168.39 4090.37 1967.31 1150.59 2962.73 1522.02 2521.32 3529.6 5413.97 2664.26 2085.96 24305.9 440.075 3195.76 2038.35 1157.41 1861.59 3882.01 1385.92 2049.19 1586.14 629.507 1531.96 1081.94 717.495 5813.22 4286.21 589.099 260.049 160.988 1305.57 411.02 1440.72 386.04 826.429 191.03 878.277 388.351 983.285 3416.76 701.154 651.694 364.784 489.926 48.5636 286.958 472.135 956.632 883.897 491.92 391.977
internal_count=785980 634030 151950 124724 222979 102105 35789 22619 60520 162459 68604 93855 27226 22038 12046 38482 18004 20266 33974 66316 19379 15884 411051 4508 30340 19769 10571 14502 49989 16840 17053 13884 5347 16327 13496 8408 92034 60196 6598 2288 1319 10749 4321 20478 4079 8546 1903 7418 3179 11605 48482 9531 8973 4670 4239 569 3126 3213 8537 7865 4400 3465
is_linear=0
shrinkage=0.05


Tree=6
num_leaves=63
num_cat=0
split_feature=39 17 0 41 36 36 41 41 49 39 49 49 40 40 49 41 48 17 48 49 49 39 40 41 49 48 36 53 49 53 48 44 48 11 49 41 49 38 41 37 53 38 40 49 49 41 49 55 15 49 41 17 46 49 36 41 35 40 49 41 39 49
split_gain=38743.5 8347.06 3921.45 2946.71 1867.07 1459.85 1405 1171.52 1019.2 952.199 661.915 695.762 627.397 579.893 531.868 483.334 483.513 480.376 473.133 463.324 443.038 491.593 539.028 442.699 423.067 374.825 343.319 343.099 332.535 334.399 333.014 321.356 303.979 293.07 503.285 292.207 291.036 266.698 611.643 407.993 265.469 258.028 247.784 257.462 416.809 241.332 239.26 233.971 233.715 324.363 299.802 219.496 362.808 249.44 216.544 213.399 207.948 204.739 198.068 190.334 190.085 188.252
threshold=-37.628906249999993 -6.8762435913085929 286.68150329589849 7.0796411037445077 215.58823394775393 246.17646789550784 7.7702677249908456 1.0000000180025095e-35 254.46063232421878 -20.599854469299313 276.94873046875006 276.13734436035162 13.843116760253908 11.588226318359377 285.67515563964849 28.908982276916507 0.12764942646026614 -8.8059463500976545 -0.48176059126853937 288.57763671875006 281.42471313476568 -9.4981851577758771 15.215675354003908 2.9387589693069462 256.94619750976568 0.1445879936218262 281.47059631347662 1089.1666564941409 269.73658752441412 1089.1666564941409 0.2540810108184815 -4.9436969757080069 0.20595771074295047 256.69876098632818 261.33148193359381 13.750423908233644 263.06666564941412 -33.529396057128899 2.7189543247222905 273.59840393066412 1089.1666564941409 -32.117637634277337 8.862739562988283 259.93206787109381 268.43287658691412 4.9082562923431405 268.43287658691412 -0.7865660786628722 1.0000000180025095e-35 254.46063232421878 10.309851169586183 -26.623605728149411 3.4206876754760747 280.31988525390631 228.529411315918 3.4945498704910283 15.479693412780763 -2.5686340332031246 258.38572692871099 4.9082562923431405 -18.479304313659664 263.73217773437506
decision_type=2 2 2 2 2 2 2 2 2 2 2 2 2 2 2 2 2 2 2 2 2 2 2 2 2 2 2 2 2 2 2 2 2 2 2 2 2 2 2 2 2 2 2 2 2 2 2 2 2 2 2 2 2 2 2 2 2 2 2 2 2 2
left_child=2 3 7 5 48 33 59 10 60 28 11 18 24 17 23 16 35 27 -1 -16 21 22 -18 31 25 -11 40 37 29 -5 -30 -7 46 34 -2 -10 -20 -9 39 -39 -4 -12 -23 47 -45 -35 -25 -44 49 -3 -51 52 -33 -53 -36 -19 -27 -38 -49 -6 -8 -56
right_child=1 4 26 9 6 14 8 13 15 12 41 -13 -14 -15 19 -17 20 55 36 -21 -22 42 -24 32 -26 56 -28 -29 30 -31 -32 51 -34 45 54 -37 57 38 -40 -41 -42 -43 43 44 -46 -47 -48 58 -50 50 -52 53 -54 -55 61 -57 -58 -59 -60 -61 -62 -63
leaf_value=0.11580276840424886 0.11513606039876219 0.16082252252484683 -0.035975551105909102 -0.022850814262079779 0.13082036093836483 0.098631160059376846 0.013952197747383849 -0.034987593303209504 0.051055701006003464 0.046980829680966396 -0.0049604685275240817 0.16594434741475914 -0.0042817960627758679 0.021885630741316164 -0.018204832459015743 0.020452715801572454 0.06470585602838981 0.11360886544306437 0.1480373152736445 0.078361644065715261 0.13770734763595183 0.19887628975744892 -0.002297551181138079 0.0417345747030268 0.040490444141630978 0.28788890551169927 -0.05015594546089143 0.060187940637894247 -0.016883291989702426 0.14071302316780013 0.017468777278338562 0.0069649072232796545 0.14960461319777191 0.135048472481548 0.17030275771290301 -0.00151490577817024 -0.016399657253292878 0.18222598060125186 -0.024621286549301288 0.020574878064733997 0.064452620965126065 0.081985887050188777 0.14624300337045917 0.019175721181544664 0.10561139340392954 0.071893863683534995 -0.0090660213142565154 0.10178269636639797 0.14056112419885344 0.13417098763471977 0.087985133399410803 0.054412309210776881 0.15014358725791085 0.14626607351737977 -0.0068682802151574726 0.014975510045068509 0.12176893408595868 0.085736164777285462 0.017140368613911102 0.094679068322500948 0.14028052519679191 0.055384165328502336
leaf_weight=150.31928296759725 434.27763269096613 263.6921713501215 4217.3850159868598 2488.9760226979852 780.70176445692778 416.70288924500346 32.080664217472076 3973.5708615407348 752.20244122296572 70.553494848310947 1024.9933439716697 135.67614873871207 862.06674393638968 833.41204370930791 698.02003127336502 957.84593880176544 1050.4536215364933 64.872421778738499 36.013029597699642 151.10385788232088 227.67101245373487 48.719698421657085 420.24703422188759 402.72523484379053 1440.5493291281164 38.838064178824425 18016.327598500997 117.22919302806258 1164.6579842716455 31.645937792956829 1789.5035027302802 432.69293481856585 42.225567683577538 464.47666002810001 33.501088604331017 407.54195818305016 319.70256563648582 42.465383343398571 3158.6349339745939 482.95795022323728 66.845530640333891 93.079179532825947 228.20979116111994 300.88419155776501 259.99028241634369 224.32292382419109 546.0347630828619 305.85155213624239 848.37365564703941 493.0687320381403 1222.5876345187426 612.71321892365813 49.28415534645319 84.050424627959728 161.45777433365583 354.54377995431423 36.584079161286354 57.962081488221884 89.295022003352642 682.98669038712978 414.73398444801569 489.99522188305855
leaf_count=1615 3049 1269 71882 34952 4590 3859 312 62698 6570 646 13542 1194 10677 11190 9434 9617 10217 503 305 1821 1928 394 4496 4704 16082 377 321867 1571 16065 388 24484 5346 529 3348 261 3943 4032 432 48089 6306 925 958 1724 2946 2066 2399 6842 2492 4209 2567 7852 5964 558 755 1527 3878 359 674 775 4698 2482 4393
internal_value=-0.000559044 0.0493723 -0.0351373 0.0233772 0.0843444 0.0524533 0.0704239 -0.0104762 0.0588299 0.00413496 0.0261459 0.0642869 0.0300531 -0.0178501 0.0333145 0.0524244 0.05991 -0.0218915 0.0398319 -0.00102057 0.0707219 0.0650812 0.0455599 0.0445867 0.0487096 0.12982 -0.0471307 -0.0247033 -0.00745691 -0.0207973 0.00392571 0.0608897 0.0183397 0.0888202 0.0730281 0.032582 0.0122262 -0.0260029 -0.0163121 0.0336397 -0.0344086 0.00227779 0.0883667 0.0838203 0.0592425 0.114481 0.0124976 0.105935 0.118605 0.109194 0.101259 0.0475475 0.0216055 0.0654926 0.0463306 0.0302314 0.207311 -0.000724362 0.0826553 0.113956 0.13121 0.0399554
internal_weight=56100.1 22954.1 33146 13167 9787.14 5243.58 6959.42 10845.4 5495.73 7923.38 1817.75 699.673 2448.59 9027.69 3435.55 5048.91 4091.07 8194.27 563.997 849.124 2931.32 2703.65 1470.7 2586.43 1586.52 145.976 22300.6 7774.86 5474.78 2520.62 2954.16 1595.44 990.986 1808.03 1119.23 1159.74 413.678 7657.63 3684.06 525.423 4284.23 1118.07 1232.95 1184.23 560.874 688.8 948.76 623.356 2827.72 1979.35 1715.66 1178.74 481.977 696.764 684.954 419.416 75.4221 377.665 395.147 1463.69 446.815 651.453
internal_count=785627 233966 551661 158819 75147 54789 59250 156987 49962 104030 22320 7820 28141 134667 39812 47168 37551 123477 6626 11255 27038 25110 14713 28557 17464 1382 394674 119096 75889 35340 40549 16482 12075 14977 9230 10513 5011 117525 54827 6738 72807 14500 10397 10003 5012 5747 11546 4991 15897 11688 10419 12623 5904 6719 6181 4381 736 4706 3267 9288 2794 5920
is_linear=0
shrinkage=0.05


Tree=7
num_leaves=63
num_cat=0
split_feature=39 17 0 41 38 39 38 41 31 40 49 49 40 49 38 41 49 37 49 37 48 49 49 48 28 42 49 49 49 39 49 40 49 41 49 54 38 48 49 49 22 49 41 49 54 17 49 4 49 29 48 54 38 40 48 32 54 37 41 37 54 49
split_gain=34586.3 7170.64 3581.96 2327.94 1491.09 1357.23 1236.32 1006.75 845.561 574.863 567.181 506.325 457.801 428.779 403.299 609.483 370.773 396.941 359.437 351.493 346.884 341.465 333.462 390.877 327.097 326.462 439.446 307.616 377.068 355.819 301.099 280.881 270.197 259.952 352.928 257.05 255.26 254.527 363.061 413.578 280.701 263.216 245.022 329.67 259.028 242.166 260.195 235.842 226.43 214.567 212.839 202.726 202.427 200.714 195.214 253.551 192.899 248.88 191.935 191.853 213.516 207.204
threshold=-38.37908744812011 -5.3756484985351554 287.27818298339849 7.4771251678466806 -15.294105529785154 -17.941901206970211 -1.7647018432617185 1.0000000180025095e-35 13.69221353530884 18.098022460937504 276.94873046875006 276.13734436035162 12.156867980957033 285.67515563964849 -33.176475524902337 2.9387589693069462 284.34808349609381 287.04794311523443 273.35858154296881 276.01307678222662 -0.48176059126853937 288.57763671875006 270.49778747558599 0.11192005872726442 24.796339035034183 8.386817932128908 260.24180603027349 255.32789611816409 255.95982360839847 -1.2745085358619688 256.94619750976568 27.176460266113285 263.06666564941412 3.1738049983978276 271.42791748046881 -0.91597560048103321 -40.352943420410149 0.5229582190513612 276.27717590332037 260.24180603027349 -10.976893424987791 267.04945373535162 4.752361774444581 255.32789611816409 0.12940952181816109 -12.496236801147459 287.14447021484381 219.06040191650393 247.43756103515628 28.935934066772464 0.10494250059127809 0.12940952181816109 -42.000007629394524 -2.5686340332031246 0.1445879936218262 17.285989761352543 -0.6035533845424651 251.66667175292972 3.1113551855087285 254.31735992431643 0.60355338454246532 275.76867675781256
decision_type=2 2 2 2 2 2 2 2 2 2 2 2 2 2 2 2 2 2 2 2 2 2 2 2 2 2 2 2 2 2 2 2 2 2 2 2 2 2 2 2 2 2 2 2 2 2 2 2 2 2 2 2 2 2 2 2 2 2 2 2 2 2
left_child=2 3 7 4 13 22 8 10 42 30 11 20 14 16 -9 19 18 51 33 -16 -1 35 -5 59 37 26 -6 -8 31 49 54 -29 -22 34 -2 -15 -4 48 39 40 -39 -41 -3 -44 50 -25 -47 -43 -10 -30 -45 -18 -12 -34 -7 -56 -32 -58 -27 60 -24 -62
right_child=1 6 36 5 25 9 27 12 24 -11 52 -13 -14 21 15 -17 17 -19 -20 -21 32 -23 23 45 -26 58 -28 28 29 -31 56 -33 53 -35 -36 -37 -38 38 -40 41 -42 47 43 44 -46 46 -48 -49 -50 -51 -52 -53 -54 -55 55 -57 57 -59 -60 -61 61 -63
leaf_value=0.093763908616425862 0.045777832468108147 0.11956157078670711 -0.050211760416085174 -0.015215315874872449 0.10465476355697255 0.039026976705040545 0.13875928519218494 -0.032408137276625816 0.11750986572209587 -0.010869290822686478 -0.036998374184623282 0.13708328344182361 0.019071383241511201 0.16055453499972228 0.12278994413571143 -0.018875682343790355 0.014364300192119303 -0.033119488784240987 0.0068190803560478578 0.019152869501280648 0.13360036792920729 0.057222767634442 -0.0096032081689698678 0.010897737194628637 0.016203917368247885 0.12512462718377279 0.046131866748938266 0.083935971486318164 0.095438608861642293 0.12665831897494115 0.020046661891479918 -0.039005038606987744 -0.017791549952357457 0.02358316523967036 0.12027622653430346 -0.022448140627451124 -0.035870230654896508 0.031367337947001271 0.13634429202239751 -0.0069958069494233431 0.10692692649898804 0.16665409759831379 0.14476170264903923 0.03767242837897021 0.097419196931206362 0.039608806875563417 0.16756179042424874 0.04481639280132918 0.031243689215776874 0.046199605382102146 0.11549351194010496 0.14719606423342496 0.010947463301121502 0.077862026609398546 0.19226371868772874 0.078118783647055046 0.04995330571741996 0.20969428517766292 0.080502043405257975 -0.029954121075193591 0.13923060176027513 -0.047555648783956669
leaf_weight=174.71967449784279 624.13506434857845 539.62766769528389 16632.43204716593 3386.1596026867628 444.60089885815978 104.72032626718283 503.70672289282084 4580.3353905566037 82.424267619848251 495.79487246274948 296.16505038738251 148.45269419252872 722.73660430684686 19.710272394120693 98.435627698898315 3244.5689066201448 34.52156725525856 49.275011997669935 949.96972220763564 484.50967599079013 40.445304609835148 191.71286411955953 184.57466675341129 1711.9346167780459 617.80620731413364 410.56890242174268 1151.6858078576624 101.88766192644835 1798.6264173686504 930.66973010450602 684.93833718448877 85.399295195937157 332.8807031288743 707.17410770431161 213.30926874652505 724.99517016857862 3814.1374892033637 161.86896234750748 180.18800350278616 252.52691851556301 510.75704975426197 44.161457560956478 169.68660312145948 563.5903387144208 499.17291189730167 402.92328099161386 44.078378796577454 394.82832158356905 986.12642554938793 252.28435052186251 104.08801323920488 171.04080845788121 857.64383455738425 65.659730095416307 80.193450890481472 123.68996471166611 1190.8319476917386 24.89326636493206 583.41894431039691 791.96908942237496 56.133597765117884 20.186769388616085
leaf_count=1808 6119 2929 310703 46947 2918 810 2428 74370 446 5864 4371 1205 9611 264 963 48987 376 840 11159 6299 307 2296 2354 23613 6153 2554 10003 662 10790 4326 6996 591 4431 8450 1981 10044 67827 1599 1418 2675 3822 313 852 4385 3634 4853 481 3501 8593 1672 881 1635 11107 749 628 1125 11881 289 5108 11161 706 251
internal_value=-0.000538429 0.0442005 -0.0351421 0.0238355 0.047367 0.00796038 0.0803383 -0.0122007 0.0644269 0.0377867 0.0207507 0.0542226 -0.0191152 0.0269364 -0.0223978 -0.0104185 0.0368889 0.0943364 0.0310203 0.0366529 0.034179 -0.00228517 -0.00426796 0.00727369 0.0489225 0.0764389 0.0624318 0.102464 0.0966945 0.101017 0.0487059 0.0278772 0.0104638 0.0459045 0.0647537 -0.0176046 -0.0475365 0.0566587 0.0696396 0.0608286 0.0887433 0.0336765 0.0911248 0.0796434 0.0701738 0.0194547 0.0522261 0.057073 0.037898 0.0893817 0.0498044 0.124889 -0.0013595 -0.00203258 0.0945151 0.123015 0.0412681 0.0532242 0.0989335 -0.0177038 0.019483 0.0898256
internal_weight=55851.7 24358.6 31493.1 15579.1 6276.12 9303.02 8779.43 11046.6 5106.85 2705.06 1915.97 762.158 9130.59 3685.84 8407.85 3827.51 2749.43 254.837 2494.59 582.945 613.705 936.418 6597.96 3211.8 3230.69 2590.27 1596.29 3672.57 3168.87 2981.58 2209.27 187.287 438.986 1544.62 837.444 744.705 20446.6 2612.88 1544.33 1364.14 672.626 691.517 1876.17 1336.54 1166.85 2158.94 447.002 438.99 1068.55 2050.91 667.678 205.562 1153.81 398.54 308.604 203.883 1900.66 1215.73 993.988 1052.86 260.895 76.3204
internal_count=786114 243376 542738 181706 63747 117959 61670 164208 41201 27593 23978 8500 140230 43164 130619 56249 30560 2851 27709 7262 7295 12604 90366 43419 28520 20583 12921 20469 18041 16788 21729 1253 5487 16550 8100 10308 378530 22367 13328 11910 5421 6489 12681 9752 8900 28947 5334 3814 9039 12462 5266 2011 15478 5180 2563 1753 19166 12170 7662 14472 3311 957
is_linear=0
shrinkage=0.05


Tree=8
num_leaves=63
num_cat=0
split_feature=23 17 1 31 36 41 25 42 23 49 49 29 49 49 53 29 41 17 43 26 48 49 48 42 49 36 41 49 49 36 53 36 23 29 11 36 46 49 49 54 2 41 41 5 23 49 54 48 23 52 5 49 49 29 44 41 36 36 49 35 49 42
split_gain=30912.2 5745.63 3851.49 2153.78 1465.53 1103.01 908.458 847 675.887 658.384 591.598 535.409 483.177 440.772 428.675 389.243 371.838 331.24 329.826 325.515 471.747 319.033 305.539 292.011 287.675 420.191 306.901 271.531 250.726 245.92 286.277 243.352 242.695 239.505 259.606 236.752 256.323 236.749 394.601 315.355 273.925 236.419 234.521 276.599 245.356 232.528 223.934 210.448 207.048 204.198 201.566 199.115 229.828 197.011 195.157 231.845 287.415 193.243 215.77 181.128 181.077 180.293
threshold=-37.756456375122063 -7.171337127685546 286.29008483886724 6.804492950439454 217.94117736816409 7.6736869812011728 -0.28494548797607416 6.3688812255859384 -19.018526077270504 247.43756103515628 261.33148193359381 16.001280784606937 276.94873046875006 276.47534179687506 1089.1666564941409 14.142182350158693 3.1113551855087285 -19.000131607055661 -5.1458587646484366 24.324947357177738 0.12764942646026614 269.73658752441412 -0.48480302095413202 5.0714035034179696 254.46063232421878 209.11765289306643 7.6736869812011728 290.03321838378912 256.94619750976568 285.58824157714849 1089.1666564941409 240.29412078857425 -6.4108130931854239 17.05646896362305 241.36444854736331 226.17646789550784 5.1165428161621103 285.67515563964849 284.34808349609381 -1.0000000180025095e-35 286.37615966796881 14.094405174255373 2.9944320917129521 263.53910827636724 -18.475384712219235 275.32183837890631 -0.7865660786628722 0.1492651700973511 -7.0733015537261954 41.616329193115241 247.76972961425784 274.13537597656256 268.84934997558599 31.354249954223636 -5.2107849121093741 2.3127558231353764 266.17646789550787 278.52941894531256 286.81991577148443 -0.42913483083248133 274.68690490722662 11.080017089843752
decision_type=2 2 2 2 2 2 2 2 2 2 2 2 2 2 2 2 2 2 2 2 2 2 2 2 2 2 2 2 2 2 2 2 2 2 2 2 2 2 2 2 2 2 2 2 2 2 2 2 2 2 2 2 2 2 2 2 2 2 2 2 2 2
left_child=2 3 6 7 24 -6 12 10 18 -7 -2 14 13 22 17 28 -9 27 -5 20 41 -20 51 -14 -3 -26 -27 54 47 30 -4 -18 -21 34 -22 -23 -37 38 42 49 -40 -11 43 44 50 -16 -30 -10 -35 -39 -12 52 -1 -28 55 56 -8 58 -13 -41 -32 -48
right_child=1 4 29 8 5 9 11 16 15 19 37 57 23 -15 45 -17 31 -19 21 32 33 35 -24 -25 25 26 53 -29 46 -31 60 -33 -34 48 -36 36 -38 39 40 59 -42 -43 -44 -45 -46 -47 61 -49 -50 -51 -52 -53 -54 -55 -56 -57 -58 -59 -60 -61 -62 -63
leaf_value=0.14030199939183688 0.083315687611076217 0.12871036445560058 -0.040251080511386539 -0.02525387595414649 0.090764024272598928 0.11999453539180611 0.073608123184610408 0.1013388002179042 0.047078054046208045 0.034820097675595754 0.11665450094811454 0.02736427080022473 -0.010923506740235379 0.13473868484828186 0.13710786862260516 0.00055761281197317595 0.075860352817289228 0.01010772047012906 -0.012748361642343229 -0.0031123798633560856 0.085160502135916 0.10224760881595399 0.012362447407367401 0.051838515404387442 0.11389325877069015 0.11053685457217498 0.073355782906003239 0.029386120296955472 -0.0038575960452083961 -0.05104059934375349 0.19822358582819796 0.023975529905032232 0.042642708039676236 0.020548231765055137 0.048771547784635536 0.0013025928732977353 0.039881935416984142 0.024692121431996214 0.11720782376661315 0.019359782618544128 -0.04348648150596738 -0.013734412965218535 0.0047937265644143884 0.0089160802702494095 -0.0015034735252973056 0.011127768593647626 0.047814232722958566 0.18214677052486164 0.067469624864262917 0.15312982606785111 0.052865374612550801 0.15929007091412048 0.0025465126769902767 0.027254517568018985 -0.033201105409863298 -0.021686056140684414 -0.017930316949660043 -0.0078985760509579644 0.11486527990899009 -0.037757621082901531 0.015742588180713359 0.14978858274391588
leaf_weight=46.853223271667957 463.18054703623056 476.2350557371974 5988.868754953146 1581.9826348982751 1623.8637167662382 270.97467129677534 149.75213199853897 695.38943272083998 54.199319079518318 814.28400396555662 161.30881184339523 213.64957413077354 1090.9481923356652 125.81302699074149 62.43326298892498 667.98683862388134 509.36707380786538 747.49939978122711 2110.3144563958049 662.65533383190632 1008.2971192598343 73.746143728494644 500.92383356019855 223.25642250105739 1043.364150993526 511.04202429950237 1685.4046846628189 225.85078562051058 213.99978151917458 13376.411014709622 16.630586601793766 406.22396976128221 515.09443057328463 647.97818777710199 953.75597232580185 1676.8986561633646 579.27316986769438 99.192449253052473 187.61260063573718 215.0407376550138 30.885595381259918 362.22955650091171 930.59831658750772 530.29961470887065 157.14309204369783 88.617027919739485 638.13034758716822 61.632196359336376 368.99117349088192 44.978636834770441 533.1617141738534 62.951910842210054 85.585768312215805 268.68639589846134 4416.1531743779778 3145.0315190851688 200.64598160982132 186.13111989945173 105.11817732825875 391.48928302153945 74.470914833247662 46.503403045237064
leaf_count=422 3330 2119 112134 23385 9644 1335 1613 4838 459 6933 1237 2990 14833 940 777 8011 4092 9884 29100 7403 7799 779 5853 2458 4707 2422 10619 3542 2236 262441 240 4503 4381 6210 8927 22312 7621 1226 1716 2609 551 3548 10233 6084 1269 1118 6529 440 2688 523 4933 593 915 1681 72299 49709 3132 2420 1097 5618 1127 417
internal_value=-0.000650277 0.041646 -0.0336267 0.0191061 0.0679 0.0544787 -0.0109264 0.0434591 0.00217725 0.0439648 0.0304178 -0.0175256 0.0185458 0.0486101 -0.0203255 0.0301952 0.073775 -0.0217454 -0.00565025 0.0401019 0.046678 0.0013342 0.033048 -0.000261526 0.0922457 0.0872961 0.0760389 -0.0246715 0.0497105 -0.0472508 -0.0389129 0.0528404 0.0168988 0.057265 0.0674718 0.0140894 0.0112079 0.0229517 0.0302657 -0.00170736 0.094493 0.0198709 0.0241971 0.0372636 0.0549157 0.0631988 0.0407862 0.118946 0.0375729 0.0647622 0.0676821 0.0860795 0.0512806 0.0670169 -0.0262146 -0.0173878 0.0211911 0.032582 0.056219 -0.0175071 0.0490545 0.0547408
internal_weight=55407 24273.4 31133.6 13060.5 11212.9 7228.12 11677.2 5355.87 7704.67 5604.26 3744.89 9540.88 2136.33 822.128 9035.98 1682.45 1610.98 8884.93 6022.22 5333.29 4155.54 4440.23 696.315 1314.2 3984.73 3508.5 2465.13 8137.43 1014.47 19456.4 6079.97 915.591 1177.75 2979.02 1962.05 2329.92 2256.17 3281.71 2531.01 750.701 218.498 1176.51 2312.51 1381.91 851.614 151.05 898.634 115.832 1016.97 144.171 694.471 195.391 132.439 1954.09 7911.58 3495.43 350.398 504.899 318.768 606.53 91.1015 684.634
internal_count=785004 234467 550537 154051 80416 58868 174595 52762 101289 49224 39329 148581 26014 8723 142074 18092 13433 140179 83197 47889 36105 59812 7783 17291 21548 19429 14722 130295 10081 375942 113501 8595 11784 25624 16726 30712 29933 35999 26023 9976 2267 10481 23756 13523 7439 1895 9182 899 8898 1749 6170 1930 1337 12300 126753 54454 4745 6507 4087 8227 1367 6946
is_linear=0
shrinkage=0.05


Tree=9
num_leaves=63
num_cat=0
split_feature=23 17 1 31 36 41 30 42 23 49 29 28 49 49 50 41 17 49 36 26 23 49 52 41 5 55 42 55 27 36 41 23 49 29 48 54 5 49 42 49 49 49 36 48 49 40 49 44 48 49 49 37 29 55 3 8 52 41 37 54 49 17
split_gain=27911 4890.14 3779.3 1918.65 1272.45 907.086 840.011 723.937 657.562 629.153 506.654 431.797 419.063 377.587 354.265 320.871 315.027 309.846 301.255 294.322 304.5 277.918 251.634 250.775 330.439 249.271 274.451 244.571 244.029 242.339 238.284 229.237 247.704 275.897 227.591 223.336 262.71 221.339 216.162 216.022 232.786 304.014 206.962 203.777 199.839 208.909 281.887 232.219 199.674 199.031 196.323 193.635 188.982 186.569 181.384 201.08 187.035 179.658 220.432 177.767 177.214 174.024
threshold=-37.756456375122063 -6.8762435913085929 286.42164611816412 7.0912761688232431 217.35294342041018 5.1459679603576669 -0.14736080169677732 4.7956237792968759 -20.552845954895016 247.43756103515628 16.001280784606937 15.131120681762697 261.33148193359381 276.94873046875006 129.50785064697268 2.9944320917129521 -19.000131607055661 269.73658752441412 240.88235473632815 23.727094650268558 -6.4108130931854239 276.47534179687506 12.910952091217043 -0.42216905951499933 257.05027770996099 0.12940952181816107 9.4939575195312518 -0.12940952181816107 -1.4288229942321775 285.58824157714849 13.750423908233644 -1.2585433125495908 255.32789611816409 22.913736343383793 -0.48480302095413202 -1.0000000180025095e-35 224.38174438476565 256.94619750976568 5.0714035034179696 278.19204711914068 260.24180603027349 267.04945373535162 229.11765289306643 -0.056081563234329217 290.03321838378912 -0.72549438476562489 263.73217773437506 -6.5133686065673819 0.96036875247955333 269.73658752441412 286.99784851074224 282.85040283203131 8.9260959625244158 -0.7865660786628722 262.18228149414068 273.88404846191412 44.719711303710945 2.5136741399765019 258.64198303222662 0.37940952181816107 269.97990417480474 -30.528387069702145
decision_type=2 2 2 2 2 2 2 2 2 2 2 2 2 2 2 2 2 2 2 2 2 2 2 2 2 2 2 2 2 2 2 2 2 2 2 2 2 2 2 2 2 2 2 2 2 2 2 2 2 2 2 2 2 2 2 2 2 2 2 2 2 2
left_child=2 3 6 7 31 -6 13 12 17 -7 14 37 -2 21 16 61 44 -5 -17 27 -21 34 -16 28 57 26 54 39 -14 -4 35 32 -3 -34 -1 43 -37 -10 -15 40 -11 59 49 -29 45 46 -8 -48 -43 -39 -28 -12 -41 -35 -19 -56 -57 58 -25 -42 -27 -9
right_child=1 4 29 8 5 9 10 15 11 19 51 -13 23 38 22 18 -18 25 -20 20 -22 -23 -24 24 -26 60 50 30 -30 -31 -32 -33 33 53 -36 36 -38 42 -40 52 41 48 -44 -45 -46 -47 47 -49 -50 -51 -52 -53 -54 -55 55 56 -58 -59 -60 -61 -62 -63
leaf_value=0.079415503773770726 0.071623187154674195 0.11548834539427913 -0.038515128762925704 -0.019536990012392813 0.09423500919565822 0.10699440297963825 0.084894852634909923 0.0086536383883382278 0.09932739559777308 0.07128992746500272 0.053279391663981962 -0.0010199636643384094 0.02677564674725353 -0.0078755214860233482 0.064386447887757298 0.067817451725315142 0.0093359961484066768 -0.0083786077612022555 0.019509142137519798 -0.0019910938960642963 0.044786433861802005 0.11490587151751526 -0.0029851213328764368 0.014735154113584349 -0.011277785431298511 0.13146031852979831 0.040696825810332238 0.0091446715860263803 0.088837162898008859 -0.05088783634115468 0.011799107100952173 0.10579091777465076 0.084219598352645253 0.070049047965144898 0.013844533730132875 0.0957422743713644 0.037475870152839673 0.044719141760585224 0.051065290317923985 0.040392396074850068 -0.02561547565486318 0.060266140080161207 0.026366520733491425 0.068962244197234554 0.020365113119316491 -0.030713385936136352 0.016625208764869056 -0.027847131390876235 -0.042378077244946633 0.14954537074556171 0.16810012991096335 -0.010203340796390988 0.12362285179453408 0.021471864856444908 0.059769219887046747 -0.012653342175739178 0.081214107959791892 0.013761380980838039 0.087439781879314976 0.045923316150157489 -0.021647358269603935 0.090701895350237025
leaf_weight=188.93253839761019 437.89184902608395 390.37850470840931 5733.3426361642778 2637.0499681793153 1026.0825968161225 368.86326289921999 74.606052737683058 69.800170987844467 154.66647316515446 847.77550886571407 342.2195709683001 949.72820857539773 620.79600558802485 970.0952058956027 184.27256566286087 725.78408619016409 721.50729703530669 1013.1308612674475 581.12379226461053 752.61944943666458 646.95188817381859 125.70272939279675 559.16721846535802 191.80412802100182 975.18424395099282 19.32717103511095 353.69584115967155 516.93696095049381 212.64994839578867 12778.049899350852 785.18357700109482 1051.1089956387877 1665.5977120772004 445.72998243570328 441.74905879795551 359.03383406996727 419.48142553120852 125.28326912969351 185.26383195072412 101.90515009313822 242.99501589685678 780.23071923851967 984.08695914596319 196.49546088278294 233.47966643422842 6081.4924507401884 415.13477638736367 1002.0972150526941 50.442953422665596 70.91130268573761 33.064483474940062 185.08322513103485 206.21306978166103 355.14721781015396 257.67270257696509 323.29051996767521 63.489649914205074 787.00769563391805 228.39685275033116 135.12722427397966 853.4676338583231 871.90850177779794
leaf_count=1728 3051 1735 111007 38198 5372 1718 738 732 1176 6287 4078 11589 6685 13139 2505 5624 9422 14137 6459 8190 5166 836 8853 1559 12817 251 4634 3953 1901 262461 7047 4606 8784 2744 5081 2364 3188 1117 1893 810 2523 6286 10193 1616 3589 101784 5373 15792 477 628 375 2546 1511 2178 3243 4121 719 8219 1856 1259 12010 5894
internal_value=-0.000702965 0.038511 -0.0329925 0.018224 0.0627267 0.0505873 -0.0107625 0.0402908 0.00217169 0.0436007 -0.0166773 0.0247509 0.0259158 0.0195552 -0.0193887 0.0623698 -0.0222743 -0.00711613 0.0463369 0.0397301 0.0196318 0.0470184 0.0137139 0.0192792 0.0103692 0.00411215 0.0136622 0.04579 0.0426104 -0.0470558 0.0340945 0.0858265 0.078481 0.0726237 0.0334876 0.0458281 0.064347 0.0430853 0.00157574 0.0570525 0.0512031 0.0371153 0.0357152 0.0256198 -0.0251958 -0.0266004 -0.00983361 -0.0148203 0.054033 0.0826069 0.0515886 0.030997 0.0960957 0.0485076 0.00481292 0.025551 0.00275492 0.0278556 0.0542532 -5.00967e-05 -0.0182569 0.0846204
internal_weight=55107.7 24885.5 30222.2 13541.2 11344.3 7436.34 11710.8 5702.35 7838.87 6410.26 9799.06 2284.68 3453.73 1911.74 9271.76 2248.62 8528.32 5554.19 1306.91 6041.39 1399.57 756.384 743.44 3015.84 2182.39 2917.14 2044.34 4641.82 833.446 18511.4 2277.13 3907.96 2856.85 2466.47 630.682 1491.95 778.515 1334.95 1155.36 2364.69 2056.57 1208.8 1180.28 713.432 7806.81 7573.33 1491.84 1417.23 830.674 196.195 386.76 527.303 308.118 800.877 1657.58 644.453 386.78 1207.21 420.201 378.122 872.795 941.709
internal_count=785827 235002 550825 157188 77814 57767 177357 54797 102391 52395 154680 24703 36088 22677 148056 18709 136698 77688 12083 50677 13356 7645 11358 33037 24451 39490 27229 37321 8586 373468 18168 20047 15441 13706 6809 11121 5552 13114 15032 19153 16832 10545 11938 5569 127276 123687 21903 21165 6763 1745 5009 6624 2321 4922 22220 8083 4840 11634 3415 3782 12261 6626
is_linear=0
shrinkage=0.05


Tree=10
num_leaves=63
num_cat=0
split_feature=23 38 37 41 5 17 38 30 49 27 44 53 28 49 41 49 43 49 17 32 41 38 37 5 53 49 41 49 48 53 54 51 19 49 37 53 55 28 49 54 37 49 41 49 28 37 45 48 5 48 41 5 49 11 16 49 51 37 49 41 49 41
split_gain=25658.7 4582.13 3308.26 1611.55 985.597 916.831 827.263 804.463 603.016 598.184 489.273 398.23 348.405 342.231 337.567 337.047 336.306 315.953 306.848 385.546 293.268 269.479 265.58 261.436 230.762 246.903 288.368 226.719 259.32 223.865 220.082 206.932 188.261 236.047 179.537 176.715 173.165 164.91 160.924 185.333 160.526 285.253 221.098 202.878 170.141 168.995 158.881 228.603 180.383 191.821 178.928 157.665 157.537 156.641 154.045 153.005 164.598 152.27 183.669 171.075 150.516 149.718
threshold=-38.719173431396477 -5.3529434204101554 286.93173217773443 5.5490233898162851 252.68643951416018 -12.496236801147459 -0.94116973876953114 -0.14736080169677732 254.46063232421878 3.8296270370483403 -4.8565921783447257 812.47619628906261 10.592849731445314 276.94873046875006 -0.42216905951499933 247.43756103515628 -5.6484756469726554 269.73658752441412 -35.183336257934563 3.0836634635925297 20.6625509262085 -40.352943420410149 242.34204864501956 209.49958801269534 1089.1666564941409 261.09867858886724 29.746066093444828 276.47534179687506 -0.48480302095413202 805.25000000000011 0.12940952181816109 80.382499694824233 -44.410415649414055 283.65872192382818 281.55047607421881 1089.1666564941409 -0.7865660786628722 -1.4238147735595701 285.67515563964849 -0.91597560048103321 257.46188354492193 261.33148193359381 2.5136741399765019 263.06666564941412 -0.36798286437988276 275.23239135742193 12.60835647583008 0.1227008104324341 243.79042053222659 0.40739011764526373 11.0813364982605 263.53910827636724 269.73658752441412 276.70117187500006 -42.076690673828118 263.06666564941412 83.544883728027358 234.61511230468753 258.98173522949224 21.296781539916996 274.13537597656256 1.5168278217315676
decision_type=2 2 2 2 2 2 2 2 2 2 2 2 2 2 2 2 2 2 2 2 2 2 2 2 2 2 2 2 2 2 2 2 2 2 2 2 2 2 2 2 2 2 2 2 2 2 2 2 2 2 2 2 2 2 2 2 2 2 2 2 2 2
left_child=2 3 7 4 40 16 8 13 -3 -10 61 12 18 27 37 -7 -5 23 -9 53 22 -4 -17 -11 25 26 36 28 -1 52 -19 32 -14 -34 -15 -23 57 -12 51 -40 41 -2 -42 -43 -45 -44 47 50 -49 -50 60 -16 -18 -20 -33 -30 -57 58 -25 -59 -24 -6
right_child=1 6 21 5 10 15 -8 11 9 17 14 -13 31 34 38 20 29 30 19 -21 -22 35 46 24 -26 -27 -28 -29 55 -31 -32 54 33 -35 -36 -37 -38 -39 39 -41 42 43 45 44 -46 -47 -48 48 49 -51 -52 -53 -54 -55 -56 56 -58 59 -60 -61 -62 -63
leaf_value=0.080029136558159505 0.08124310872921886 0.098345870035778438 -0.049291753671030392 -0.033355611068320766 0.075203766083447698 0.11241836497823934 0.085119157805420592 -0.033425892522015159 0.084726121204362903 0.10349914035818041 0.023089967726321103 0.046529299420345491 -0.020798966894845658 0.032290654882973266 0.024012676683093967 0.05330370246863389 -0.014350199069544923 0.046976493325819046 0.073031321669402544 -0.022071727312926476 0.0018280135325918297 -0.034270848170773152 0.04121135835346923 0.061611012403390765 0.1384914501791944 0.015858037292717776 0.011027789843719868 0.10589304575781551 0.11190326942506401 0.06120162998157435 0.084963960635083699 0.16768081861440565 -0.0086399986672421967 0.044811094240029881 -0.013234655559114265 0.051075750862334283 0.042031755096302137 0.075972915516458406 0.12338193193896452 -0.037420695876638162 0.099272656697663358 -0.017154479313420852 0.069105075653463452 -0.018335722758955838 0.054316898375789874 0.0015383033039447728 -0.0091925653968762816 0.037054168734452143 0.025565134526590923 0.20401615217446933 -0.014569042655343556 -0.0147686433757109 0.0051557572881394016 0.0098107462617863395 0.018648066727326742 -0.0087995336407110172 0.098820823139990577 0.13367385258150299 0.1438632914002422 0.018331258995091578 -0.0085063040449497185 0.033438557462593665
leaf_weight=196.90327940881252 527.27987071126699 660.93204730004072 15124.972164750099 1025.8759142570198 419.72110716998577 101.1606874242425 2729.2282127141953 3957.4531070962548 959.83936227113008 131.79823313653469 739.18359921127558 235.55469635874033 752.45132794231176 309.92345685139298 555.30400861799717 810.22772908955812 1874.0299041643739 1099.6093214899302 118.44641896337271 2261.3067423328757 1507.568520706147 2724.4425068236887 489.66549569740891 136.45754648000002 50.079864345490932 1636.374432682991 562.53686915338039 126.50222349911928 34.386510696262121 137.76422780007124 583.65857593715191 31.307947531342506 497.94061505794525 352.96121590211987 718.93241019919515 62.032541703432798 1099.2588667050004 184.14538207650185 18.72692084312439 415.18055692687631 560.68744657933712 154.43067366629839 433.28153513744473 91.490385830402374 675.97904719412327 117.67828225344419 383.10177509114146 1038.0069709271193 26.903667166829109 34.204913005232811 448.8947780802846 496.31526476144791 2312.3205020874739 566.96796640008688 38.861257839947939 355.93253033608198 39.468036066740751 41.280353263020515 135.03201641887426 145.30736694484949 220.90760031715035 439.02370979636908
leaf_count=1796 2942 3161 319835 16314 3039 509 12607 69583 5048 731 7909 3090 12405 3456 5787 6461 26905 8109 1217 36336 17632 53828 4704 952 393 13779 4903 787 241 1653 3879 361 7672 4354 10177 884 7984 1650 228 6390 3593 1270 3766 687 4984 1354 4387 10630 284 364 5171 6649 30867 8089 535 4461 422 275 829 1256 2244 4372
internal_value=-0.00072753 0.0349802 -0.0335589 0.0185983 0.0396494 0.00681281 0.0616591 -0.0114124 0.0528182 0.048246 0.0214473 -0.0176077 -0.019369 0.0192266 0.00989534 0.0220691 -0.00761838 0.0420171 -0.0243302 -0.0121146 0.0202262 -0.0466594 0.0282614 0.0342673 0.0318701 0.0304485 0.0417112 0.0448357 0.0325108 -0.00151234 0.0601483 0.00109864 -0.00257949 0.013532 0.000478987 -0.0323709 0.0527946 0.0336368 -0.00486114 -0.0304806 0.062875 0.0519109 0.0771683 0.0351344 0.0456559 0.0546736 0.0205807 0.0256308 0.0419689 0.125451 0.0101432 0.0057097 -0.00357613 0.0207359 0.0851432 0.0107406 0.0019429 0.0786226 0.102521 0.0438495 0.0257548 0.0538518
internal_weight=54717.2 26210.5 28506.7 16239.1 5828.43 10410.6 9971.39 10595.3 7242.16 6581.23 3267.6 8813.25 8577.7 1782.05 2408.86 5060.64 5349.99 5621.39 6904.17 2946.72 4959.48 17911.4 3451.91 3938.13 3806.33 3756.25 2119.87 753.193 626.69 4324.11 1683.27 1673.52 1603.35 850.902 1028.86 2786.48 1557.34 923.329 1485.53 433.907 2560.83 1449.18 1111.65 921.9 767.469 550.96 2641.69 2258.58 1099.12 61.1086 1159.47 1051.62 4186.35 685.414 70.1692 429.787 395.401 458.077 271.49 186.588 710.573 858.745
internal_count=786180 246651 539529 182745 54620 128125 63906 164982 51299 48138 36024 143642 140552 21340 28613 52386 75739 43090 115225 45642 51877 374547 34245 31102 30371 29978 16199 7707 6920 59425 11988 25327 24431 12026 13633 54712 11296 9559 19054 6618 18596 9883 8713 6941 5671 5120 27784 23397 11278 648 12119 12436 57772 9306 896 5124 4883 3312 1781 1531 6948 7411
is_linear=0
shrinkage=0.05


Tree=11
num_leaves=63
num_cat=0
split_feature=39 17 1 41 36 36 41 24 49 39 41 40 40 53 49 49 17 41 36 55 53 51 36 53 49 49 29 55 39 41 47 42 40 27 49 49 47 53 49 23 27 37 49 51 40 36 10 29 49 40 49 49 49 37 38 41 37 55 40 49 49 49
split_gain=23706.7 4165.17 2956.86 1449.2 985.177 825.649 810.147 700.056 558.432 541.844 507.6 377.707 353.221 321.703 304.175 299.358 291.698 273.043 309.375 265.315 257.359 244.265 226.034 259.477 217.259 213.255 203.055 329.998 214.679 202.844 200.976 200.302 197.952 195.084 194.833 192.201 189.88 187.769 186.351 202.612 222.325 178.557 180.002 170.265 164.622 160.631 158.731 194.952 261.152 383.282 157.907 152.591 152.478 150.912 148.549 277 148.285 175.261 146.815 145.57 209.901 145.226
threshold=-39.253450393676751 -7.171337127685546 286.29008483886724 7.4771251678466806 214.41176605224612 258.52941894531256 7.6736869812011728 -0.070574760437011705 254.46063232421878 -20.599854469299313 -0.42216905951499933 9.9608001708984393 13.843116760253908 203.84027862548831 276.94873046875006 267.04945373535162 -16.67778396606445 3.0491439104080205 238.529411315918 0.12940952181816107 1089.1666564941409 80.382499694824233 285.58824157714849 1089.1666564941409 276.47534179687506 261.33148193359381 20.855533599853519 0.12940952181816107 -7.6092963218688956 3.1113551855087285 -4.0538423061370841 5.4705276489257821 3.8627319335937504 -1.3429269790649412 255.95982360839847 265.99908447265631 1.1912486553192141 1089.1666564941409 281.42471313476568 -9.0357642173767072 16.068514823913578 260.43936157226568 284.85789489746099 80.382499694824233 -1.2941207885742185 278.52941894531256 257.58982849121099 13.62691116333008 267.78880310058599 15.862731933593752 276.94873046875006 282.94137573242193 256.32855224609381 282.85040283203131 -33.529396057128899 2.5136741399765019 254.98547363281253 -0.6035533845424651 25.823532104492191 284.34808349609381 273.35858154296881 281.06625366210943
decision_type=2 2 2 2 2 2 2 2 2 2 2 2 2 2 2 2 2 2 2 2 2 2 2 2 2 2 2 2 2 2 2 2 2 2 2 2 2 2 2 2 2 2 2 2 2 2 2 2 2 2 2 2 2 2 2 2 2 2 2 2 2 2
left_child=2 3 7 5 -3 17 -6 14 -8 15 33 16 34 26 24 20 37 31 -19 30 -5 -13 23 -4 35 -20 27 38 -28 -18 -17 44 41 -7 -11 -1 45 54 39 40 -10 42 -21 -37 -2 -12 -32 -48 49 -49 -25 -40 -15 -16 -9 -56 -36 -58 -30 60 -27 -23
right_child=1 4 22 9 6 10 8 11 13 12 36 21 -14 52 53 19 29 18 25 32 -22 61 -24 50 -26 59 28 -29 58 -31 46 -33 -34 -35 56 43 -38 -39 51 -41 -42 -43 -44 -45 -46 -47 47 48 -50 -51 -52 -53 -54 -55 55 -57 57 -59 -60 -61 -62 -63
leaf_value=0.089470212761828968 0.02201229332056142 0.079693146979834525 -0.039433567867642821 -0.027840609737944434 0.07420765283051392 0.026018716001540095 0.082949601131087555 -0.03339407372956088 0.047953948704679498 0.089671634007209872 -0.0045025066506293411 0.0042584883124390949 -0.0065109042054738962 0.009163191993140675 0.023316418056345229 -0.022652101200182122 0.059984710633503441 0.06057824246022564 0.06210701501918782 0.026061122972808978 0.12979283651532178 0.17971164411236568 -0.050435755527786022 0.16044508234882662 0.09716146948224931 0.025480112681991098 -0.016423533742790201 0.0095152369626309904 0.04533884424423959 -0.005697255477975516 -0.011565012087902615 0.078026158823431224 -0.035354584338971831 0.076771872674286215 0.025716816339174681 0.0038848720473282569 0.028565991554324179 0.034819490438252963 0.13831495742633421 0.055548260627847103 0.0064726717348027917 -0.016049716865684582 0.17836862124136291 0.10098720135686419 0.067091709902338009 -0.043756618271459012 0.0085565205184603785 -0.017493423463014714 0.035431713321371183 0.3316963321642728 0.007617043983077095 0.057280304612150446 0.057130010089302498 -0.01671367561338782 0.022621200065225857 -0.024481982541937081 0.20907789007578437 0.0031364782248008457 -0.0030238738087697181 0.071230041769906799 -0.016845109391654473 0.008802847846729368
leaf_weight=104.0107007175684 424.82148829847574 2888.8150365054607 5237.6340714022517 1672.8996955640614 2016.027556091547 871.51058620586991 638.499047935009 3811.3278040103614 589.81946459412575 142.20937742292881 1043.6472273245454 991.86386202275753 817.771150033921 184.9772806763649 385.46610433980823 436.11754642799497 139.64854621887207 807.25813863053918 285.24633042141795 159.39729364961386 26.300069704651833 32.672360099852085 11632.417767275125 22.748638350516558 141.44376768916845 793.15804240852594 484.66417960077524 1054.0341221615672 419.71740886569023 742.70943958312273 469.57551726326346 870.78214653581381 762.96569450572133 241.88759567961097 1445.4265977889299 418.91195233166218 317.17491066455841 124.75103490799665 82.827789008617401 955.12609379738569 714.08941270411015 366.39024299010634 22.086734168231487 50.597302347421646 387.02443475276232 347.35502448305488 1155.9324575811625 13.780274894088505 642.45082119479775 18.28668224811554 65.761714603751898 194.53720197081566 1587.9778206795454 604.95493892580271 363.09856403619051 2223.028431776911 24.105765223503113 18.078863244503736 250.62853926420212 104.62804827839136 464.45278009772301 20.061655946075916
leaf_count=814 3239 13291 109369 25280 10301 9026 3144 68940 4639 1009 12872 14203 10000 1455 4573 6450 1191 5672 2191 1987 282 310 261335 299 833 8373 5113 8626 3045 9714 6389 5188 11428 2080 14540 4709 4032 1466 500 6370 6584 5376 284 466 2726 6267 16204 214 7944 278 1024 1309 12390 8770 4767 38158 253 227 1991 1147 5199 223
internal_value=-0.000662019 0.0323054 -0.0337527 0.0148534 0.0542298 0.0316321 0.0462106 -0.0124144 0.0383241 0.000603248 0.010777 -0.0183125 0.0203041 0.0339529 0.0168071 -0.00778835 -0.0222832 0.0458547 0.0352203 -0.000393457 -0.0254008 0.00983349 -0.0465297 -0.0379989 0.0416606 0.022795 0.0271634 0.0330296 0.00892783 0.00469806 0.0084677 0.061369 -0.0188895 0.0370449 0.0337587 0.0279728 -0.0063446 -0.0259333 0.0428013 0.0380525 0.0252366 0.0040396 0.0445971 0.0143492 0.0435026 -0.0143049 0.0143685 0.0210213 0.0423824 0.181637 0.0468964 0.0814792 0.0521255 -0.0011342 -0.027118 -0.0178686 0.0284136 0.120819 0.027257 0.0145633 0.00984883 0.114693
internal_weight=54327.6 27214.5 27113.1 15152.7 12061.7 6958.95 9172.93 10154.5 7156.9 8193.77 2821.58 8449.16 2447.59 6518.4 1705.38 5746.18 7404.56 4137.37 2454.74 4046.98 1699.2 1044.6 16958.6 5326.14 714.964 1647.49 4745.44 3590.43 1155.01 882.358 2736.14 1682.63 1310.84 1113.4 1629.82 573.52 1708.18 6522.21 2536.4 2259.03 1303.91 547.874 181.484 469.509 811.846 1391 2300.03 1830.45 674.518 32.067 88.5104 277.365 1772.96 990.421 6397.45 2586.13 1487.61 42.1846 670.346 1362.24 1257.61 52.734
internal_count=786079 254915 531164 176157 78758 68012 65467 159137 55166 108145 34277 138972 26029 52022 20165 82116 124236 33735 22582 56554 25562 14736 372027 110692 6822 16910 38177 28028 10149 10905 37479 11153 19075 11106 16029 5989 23171 113331 19402 17593 11223 7647 2271 5175 5965 19139 31029 24640 8436 492 1323 1809 13845 13343 111865 42925 15020 480 5036 14719 13572 533
is_linear=0
shrinkage=0.05


Tree=12
num_leaves=63
num_cat=0
split_feature=39 36 1 41 23 36 41 41 39 41 40 51 53 40 39 48 17 40 17 36 41 40 36 53 25 11 54 40 17 29 53 50 48 29 55 48 5 53 36 50 52 17 41 36 5 17 40 55 7 48 29 35 40 17 4 8 5 44 53 41 43 50
split_gain=21781.4 3702.72 2780.36 1158.82 1041.63 1007.66 807.795 655.685 581.999 451.799 383.195 376.162 244.32 238.962 396.947 280.935 235.779 231.604 243.955 222.03 221.497 218.442 212.726 225.921 209.172 198.755 269.114 180.613 177.825 174.84 174.574 172.984 167.672 158.734 163.816 158.648 157.896 173.851 157.748 156.101 188.305 150.394 149.942 171.131 146.654 146.196 144.09 150.751 137.636 135.241 133.196 132.067 167.811 149.68 130.693 129.749 124.562 144.348 124.279 116.879 114.765 120.472
threshold=-39.456792831420891 226.17646789550784 286.42164611816412 6.5088360309600839 -16.345941543579098 258.52941894531256 11.215202331542971 1.0000000180025095e-35 -2.7966600656509395 -0.23868268728256223 7.1764602661132821 50.025959014892585 427.52499389648443 15.862731933593752 -6.9694988727569571 0.11755901575088502 -13.595260620117186 -0.56863403320312489 -34.913860321044915 262.05882263183599 3.1113551855087285 -2.0588378906249996 285.58824157714849 1089.1666564941409 10.803829193115236 283.21820068359381 -1.0000000180025095e-35 -2.3529586791992183 0.44061279296875006 7.5255737304687509 32.083333969116218 195.26495361328128 0.13631474971771243 23.727355957031254 -0.6035533845424651 0.11755901575088502 255.50248718261722 719.16668701171886 246.17646789550784 104.96093368530275 36.042289733886726 -15.521656036376951 24.292182922363285 214.41176605224612 224.38174438476565 -41.314485549926751 -1.5490112304687498 0.91597560048103344 283.95672607421881 -0.016086071729660031 24.770523071289066 -1.0316952466964719 -3.8039093017578121 -30.528387069702145 251.035514831543 273.88404846191412 258.71716308593756 -3.6944389343261714 146.73611450195315 1.7879408597946169 -1.2085113525390623 82.059875488281264
decision_type=2 2 2 2 2 2 2 2 2 2 2 2 2 2 2 2 2 2 2 2 2 2 2 2 2 2 2 2 2 2 2 2 2 2 2 2 2 2 2 2 2 2 2 2 2 2 2 2 2 2 2 2 2 2 2 2 2 2 2 2 2 2
left_child=2 6 7 5 12 20 -2 21 13 27 17 31 16 15 -15 58 19 18 -9 -5 46 25 23 -4 35 26 -1 56 -10 -21 -6 -12 38 34 -32 -18 -11 -38 -22 50 -41 49 -17 -44 -36 48 47 -3 -13 -19 -16 52 -28 -53 -26 -31 -7 -58 -8 -48 -51 -62
right_child=1 3 22 4 30 9 8 10 28 36 11 45 -14 14 39 42 24 41 -20 29 32 -23 -24 -25 54 -27 51 -29 -30 55 33 -33 -34 -35 44 -37 37 -39 -40 40 -42 -43 43 -45 -46 -47 59 -49 -50 60 -52 53 -54 -55 -56 -57 57 -59 -60 -61 61 -63
leaf_value=-0.021720821452555838 0.080755379437172481 0.034314692474966359 -0.039266293560536333 -0.016853562096018772 0.013837348394947623 0.089333407424724148 0.012513046073964413 -0.024582168241378551 0.061509267099681963 0.054396448181210921 -0.00775834747172751 0.18962461037939554 0.022036944120027126 -0.00083157260943086833 0.04930360216625472 0.076741969391166662 0.014902310895552074 -0.04249589782034148 0.015036461813191741 -0.021307143674590971 0.043803381503176524 0.070448916238007794 -0.050261739046463062 0.041157360020309029 -0.0055533461198120316 -0.0066637579479819761 0.028133949516964091 0.07542793250148061 0.096566355282942135 0.067535025358570352 0.058500484936843893 0.13304979149863636 0.11562911176056921 -0.013980306546074904 0.071414466610605326 0.064806396732547275 -0.015705620764731691 0.062015547592972821 0.016327843603881044 0.11573147172056777 0.0028843948795150027 -0.004632734380294724 0.09542301977581652 0.030044704939817837 0.023928336989956139 0.033919617643377843 0.095685429967777666 0.078253384168400483 0.048865023686589411 -0.038063952238754778 0.016135092021299542 7.2575782471772586e-05 0.11282392235424997 0.076891486353668062 0.064874147235567434 0.012685642793309646 0.055074211702331843 0.0091134089155092048 0.050499057086948622 0.060677590743107558 -0.023908379339924367 0.010615831694038439
leaf_weight=193.22637893632054 2517.1192164383829 739.13480190187693 4911.411782104522 3789.080524418503 1010.1247707977891 67.954106718301773 547.29618943482637 922.56601580232382 1175.6863527372479 95.766642242670059 1596.3137497752905 39.057011563330889 948.24950074031949 837.25331991165876 760.29773076623678 836.07511156052351 683.4414896145463 1994.615093998611 671.27130632475019 248.09397572278976 1707.2306141555309 160.80248058587313 11071.945739507675 88.903707131743431 1783.3086967468262 877.88901232555509 105.72474645078182 202.3235378973186 522.48233726620674 157.84369578957558 889.40925632044673 22.113970093429089 66.887220583856106 134.786356523633 189.85583060979843 207.6453595533967 1435.1453830823302 75.749187111854553 752.74751304090023 136.04918698221445 50.760438516736031 526.05285172536969 127.12833249568939 470.65890223905444 1132.2359739542007 105.21348614245653 356.02595110237598 265.27144224569201 31.271501995623112 952.02011781558394 502.87359167635441 197.81553526595235 130.92761180922389 93.32861103862524 68.399713352322578 340.21658964082599 219.76875045150518 767.23628673702478 354.98691012337804 721.77639289572835 1031.3222076371312 334.68442269787192
leaf_count=2312 11941 4702 106558 57028 8473 430 3890 15536 5740 831 25072 409 11901 7725 5034 5661 7162 36714 8573 3778 11392 1661 260494 1284 21009 11868 1187 1653 2141 1882 6978 304 643 1631 1333 2033 20265 946 8096 881 345 6696 618 3743 9422 1533 2079 1587 430 17537 3426 2186 1122 744 794 4072 1927 8471 2317 4507 19415 5944
internal_value=-0.000652995 0.0300529 -0.0335222 0.0176463 0.00774235 0.0329968 0.0568009 -0.0128025 0.0472627 0.0097049 -0.0187281 0.00170602 -0.0018353 0.0380681 0.02658 0.0493157 -0.00494559 -0.0244269 -0.00789612 -0.0119442 0.0474696 0.014899 -0.046396 -0.0378364 0.00662669 0.00931238 0.0287643 0.0321544 0.0722954 0.0129861 0.0312164 -0.00583436 0.0375197 0.0386984 0.041909 0.0265312 -0.0078628 -0.011809 0.0353959 0.0424081 0.0850683 -0.0298721 0.0630701 0.0439484 0.0307475 0.0712254 0.0595443 0.0459192 0.127036 -0.0329508 0.0360991 0.0472469 0.0749886 0.0246975 -0.00295185 0.0300683 0.0238552 0.0193471 0.027458 0.0722416 -0.0247374 -0.0154496
internal_weight=53952.9 27894.4 26058.5 19055.7 11582.7 7473.02 8838.67 9986.22 6321.55 2863.94 8226.5 1793.97 8226.28 4623.38 2287.23 2336.15 7278.03 6432.53 1593.84 4535.23 4609.07 1759.71 16072.3 5000.32 2742.8 1598.91 721.023 1257.28 1698.17 746.154 3356.41 1618.43 2526.87 2346.29 2211.5 891.087 1606.66 1510.89 2459.98 1449.98 186.81 4838.69 1433.86 597.787 1322.09 175.542 2082.21 1004.41 70.3285 4312.64 1263.17 527.797 236.652 291.144 1851.71 498.06 1054.96 987.005 902.283 1077.8 2318.03 1366.01
internal_count=786066 258487 527579 205025 137496 67529 53462 159243 41521 34523 138163 27748 109659 33640 17411 16229 97758 110415 24109 66760 33006 21080 368336 107842 30998 19419 7551 12481 7881 9732 27837 25376 20131 19364 17733 9195 22042 21211 19488 9686 1226 86306 10022 4361 10755 2372 12875 6289 839 79610 8460 5239 2309 2930 21803 5954 10828 10398 6207 6586 42896 25359
is_linear=0
shrinkage=0.05


Tree=13
num_leaves=63
num_cat=0
split_feature=39 36 1 41 39 36 41 41 49 36 49 40 37 51 55 40 39 38 41 41 49 49 49 49 55 36 41 36 50 49 40 29 49 55 49 55 49 49 38 4 41 49 23 37 39 49 36 41 49 17 38 42 38 29 49 52 50 52 55 42 0 49
split_gain=19672.3 3164.3 2743.61 995.773 952.852 803.689 653.311 620.93 512.336 604.137 380.277 343.445 339.867 325.073 322.397 306.359 320.771 304.817 375.997 256.077 293.914 248.146 237.303 236.426 241.705 229.382 261.717 227.203 219.53 226.564 325.189 239.556 215.5 199.235 188.289 187.097 247.42 183.868 230.676 173.979 172.408 193.363 171.14 167.91 166.317 164.916 162.518 164.42 160.213 153.681 152.885 151.82 145.515 145.315 141.422 169.087 140.444 149.828 135.734 132.27 129.423 152.819
threshold=-39.456792831420891 225.58824157714847 286.42164611816412 7.4771251678466806 -20.599854469299313 250.88234710693362 1.0000000180025095e-35 10.185907840728762 254.46063232421878 209.11765289306643 267.04945373535162 7.0784301757812509 287.16412353515631 50.025959014892585 1.0000000180025095e-35 14.901954650878908 -8.2694282531738263 -33.529396057128899 2.7746309041976933 -0.52142748236656178 273.35858154296881 276.94873046875006 261.09867858886724 269.73658752441412 -0.12940952181816107 266.76470947265631 4.6758625507354745 285.58824157714849 104.96093368530275 259.31796264648443 25.823532104492191 14.724085807800295 265.70214843750006 1.0000000180025095e-35 276.13734436035162 0.37940952181816107 282.31869506835943 282.94137573242193 -40.941184997558587 282.82861328125006 3.1113551855087285 260.66418457031256 -7.0733015537261954 278.07189941406256 -36.271606445312493 284.34808349609381 241.47058868408206 13.750423908233644 286.04714965820318 1.0000000180025095e-35 -3.6470565795898433 -14.282424926757811 -42.000007629394524 -2.7378983497619624 265.99908447265631 38.534135818481452 124.68043136596681 6.6951441764831552 -0.6035533845424651 3.6625976562500004 285.16673278808599 286.69125366210943
decision_type=2 2 2 2 2 2 2 2 2 2 2 2 2 2 2 2 2 2 2 2 2 2 2 2 2 2 2 2 2 2 2 2 2 2 2 2 2 2 2 2 2 2 2 2 2 2 2 2 2 2 2 2 2 2 2 2 2 2 2 2 2 2
left_child=2 7 6 5 10 40 21 -2 -9 -10 56 17 19 37 51 22 -17 -8 43 39 25 34 58 28 42 26 32 -4 29 30 50 -31 44 -22 54 36 -24 -13 -39 53 -3 -42 -25 -19 -21 -43 47 -16 -47 -32 -11 -12 -23 -7 -1 -56 -5 -58 -6 -26 61 -53
right_child=1 3 27 4 15 12 11 8 9 23 14 13 -14 -15 46 16 -18 18 -20 20 33 52 35 24 59 -27 -28 -29 -30 31 49 -33 -34 -35 -36 -37 -38 38 -40 -41 41 45 -44 -45 -46 48 -48 -49 -50 -51 -52 60 -54 -55 55 -57 57 -59 -60 -61 -62 -63
leaf_value=0.069807430878852036 0.075930033184817461 0.059542632813673252 -0.036968573070883193 -0.027524680090021791 0.10309247317524406 0.0097339853282685223 -0.033788433868118355 0.087143226097124368 0.079699690553012514 0.010708587972250124 0.092458274641037855 -0.018818105488212878 -0.039059836488020742 0.063728770407903299 0.019392659666045881 -0.0085582281660639206 0.045805278538486656 0.075936789954033856 -0.020308761692106242 0.098151107469642299 0.038988588563772658 -0.034819506022110321 0.026865398710542544 0.054589837579502268 0.0082819072213536384 -0.027665231719424338 -0.0052677012209362412 -0.050057567689491045 0.058412555718706349 0.0339224279662367 -0.0024460147342897495 -0.0061622047355994088 0.070941786107531782 -0.013184764521633635 0.080739423884350417 -0.0012263895213821922 0.10104719534066578 -0.037495894415356217 0.034380893233123905 0.10210954982631111 0.059238236670958372 0.024867224097571781 0.10856548358406588 0.010360694980384867 0.0032303766081748981 0.12073767805463427 -0.031094307755517643 -0.030889323000773589 0.0234605872649786 0.067537748581181042 0.063598494064970271 0.0084855183705106179 0.0095883249736448614 0.046265927362870239 -0.0035780024827233021 0.07360695778173372 0.15708870337298464 0.0042212582441132724 0.046371308307357029 0.05555647733756524 -0.026029122842464888 0.04102064304767522
leaf_weight=126.47448674961925 2232.516585752368 1451.5266589596868 4827.1131619289517 1808.4302054345608 120.1727028414607 449.40570922195911 3435.4114984422922 655.82293117791414 838.0349647551775 165.51729121059179 57.697932083159685 1042.6571215391159 275.20858009532094 185.02583783119917 457.86029091104865 1080.3583114929497 362.35263974219561 129.59162298589945 2319.9815448708832 55.278259351849556 214.60333238169551 245.31110434234142 1601.4968640692532 405.97553176060319 324.9027926325798 165.17951619997621 291.47603036463261 10586.992900189012 491.7261535897851 602.41808589547873 531.48684211447835 977.56662900000811 490.77839446440339 1241.8534439653158 182.2683188021183 558.69001639261842 120.88856517896056 149.6277641095221 439.51783857122064 95.526951525360346 770.21130798012018 1720.1806728318334 230.08958227932453 395.63678979501128 279.40183655917645 92.868620384484529 824.80699099227786 252.09900151565671 77.774294707924128 92.027825318276882 783.00775895267725 2321.9278142005205 743.80686535313725 690.38887662813067 392.71498892828822 86.602825667709112 18.242597438395023 132.09022008627653 862.20789047330618 271.6876632347703 223.41359607875347 427.34691641107202
leaf_count=961 10121 7929 107705 26680 878 4526 65047 2887 3457 1510 633 17270 5311 2379 5635 12010 2378 1175 38719 465 2876 3866 13911 2808 2072 2144 3640 260780 3342 4420 3783 7595 4103 15439 1115 5405 854 2507 5991 1052 4430 14012 1218 5206 2339 690 12858 3590 602 442 4846 30675 9650 5552 4581 808 179 1893 6547 1991 3639 4599
internal_value=-0.000758019 0.027961 -0.032777 0.0168613 0.00713455 0.0299248 -0.0122007 0.053239 0.0452868 0.0404831 -0.00523548 -0.0182257 0.0146746 0.000919859 0.00267184 0.0242825 0.00509576 -0.0237641 -0.0116603 0.0183959 0.00987131 0.0152516 0.0327646 0.0337435 0.0526723 0.0273297 0.0354627 -0.0459586 0.0273401 0.0224927 0.0359316 0.0091213 0.0498449 -0.00549722 0.0361832 0.0239164 0.032072 -0.00620188 0.016126 0.0372941 0.0456813 0.0381203 0.0741149 0.0265405 0.0189082 0.0295181 -0.0159991 0.00153806 0.0764015 0.00788326 0.0543692 0.0121279 -0.00142526 0.0318619 0.0227773 0.0103677 -0.0236645 0.0227714 0.0533099 0.0298108 0.0105687 0.0135428
internal_weight=53483.3 28194.5 25288.7 19591.7 11230.1 8361.66 9874.63 8602.78 6370.26 5714.44 6523.92 8097.45 4249.1 1816.83 4565.15 4706.17 1442.71 6280.62 2845.21 3973.89 2738.57 1777.18 3263.46 4876.41 1232.66 1282.11 1116.93 15414.1 3643.75 3152.02 1572.04 1579.98 825.458 1456.46 788.061 2281.08 1722.39 1631.8 589.146 1235.32 4112.56 2661.03 636.065 525.228 334.68 1890.82 1534.77 709.959 170.643 623.515 948.525 3030.39 989.118 1139.79 605.792 479.318 1958.76 150.333 982.381 596.59 2972.69 2749.27
internal_count=785726 257966 527760 207474 132364 75110 159275 50492 40371 37484 90381 138294 47447 28147 61629 41983 14388 110147 45100 42136 31006 20981 27595 34027 8089 12691 10547 368485 25938 22596 10581 12015 6907 18315 7465 20170 14765 25768 8498 11130 27663 19734 4026 6381 2804 15304 22083 9225 1292 4225 6356 39546 13516 10078 6350 5389 28752 2072 7425 4063 38913 35274
is_linear=0
shrinkage=0.05


Tree=14
num_leaves=63
num_cat=0
split_feature=0 17 2 24 5 5 38 35 41 53 49 25 17 42 49 40 53 48 26 42 53 54 41 38 49 41 49 22 21 55 25 3 5 48 49 55 22 49 49 48 38 36 48 11 49 49 16 49 51 15 41 49 49 48 40 54 49 34 49 51 49 34
split_gain=17926.9 4392.8 997.182 969.871 935.848 859.382 597.316 559.413 452.422 451.042 425.093 307.958 275.197 259.44 250.367 241.177 239.641 270.67 345.482 225.781 222.109 207.296 199.35 232.215 279.528 194.977 248.419 194.695 185.434 207.189 192.421 269.656 267.481 226.544 182.22 220.534 180.711 180.6 187.144 178.278 171.364 169.938 164.35 154.82 175.798 151.523 185.27 149.946 175.687 204.684 144.586 142 211.017 203.871 139.792 139.752 139.716 138.979 139.755 131.788 131.413 140.762
threshold=284.84210205078131 -8.1291046142578107 287.55557250976568 4.6834497451782235 217.3274841308594 265.66770935058599 -9.4705886840820295 5.4733462333679208 -0.23868268728256223 545.16665649414074 247.43756103515628 -0.28494548797607416 -37.085937499999993 3.1212310791015629 286.69125366210943 -3.2941131591796871 224.02777862548831 -0.032680213451385491 19.681362152099613 5.1726989746093759 1089.1666564941409 -0.91597560048103321 10.309851169586183 0.64705657958984386 254.46063232421878 11.621637821197512 286.41694641113287 -8.470850467681883 -35.744510650634759 1.0000000180025095e-35 11.098007202148439 263.29241943359381 241.09019470214847 0.13631474971771243 255.95982360839847 -0.7865660786628722 -43.366470336914055 285.83421325683599 284.34808349609381 -0.39966389536857599 -37.411766052246087 229.70588684082034 0.11755901575088502 272.65019226074224 277.57534790039068 287.14447021484381 -28.775386810302731 265.41934204101568 100.114559173584 -43.522985458374016 -0.62865552306175221 259.93206787109381 267.56375122070318 0.93061417341232311 1.0000000180025095e-35 -0.91597560048103321 256.32855224609381 14.785465717315676 281.42471313476568 46.128787994384773 262.20222473144537 12.71927070617676
decision_type=2 2 2 2 2 2 2 2 2 2 2 2 2 2 2 2 2 2 2 2 2 2 2 2 2 2 2 2 2 2 2 2 2 2 2 2 2 2 2 2 2 2 2 2 2 2 2 2 2 2 2 2 2 2 2 2 2 2 2 2 2 2
left_child=1 3 11 5 22 19 9 -6 15 14 59 12 -2 -10 28 -7 17 60 55 37 40 -15 -3 24 -24 41 -27 -20 29 47 32 -32 -30 -34 -26 -36 -16 38 -1 -21 -13 -8 -43 44 -33 46 -38 -5 54 -50 -42 53 -53 -29 -49 -19 -18 -57 -59 -9 -12 -62
right_child=2 4 -4 6 7 8 25 10 13 -11 16 20 -14 21 36 -17 56 18 27 39 -22 -23 23 -25 34 26 -28 51 30 -31 31 43 33 -35 35 -37 45 -39 -40 -41 50 42 -44 -45 -46 -47 -48 48 49 -51 -52 52 -54 -55 -56 57 -58 58 -60 -61 61 -63
leaf_value=0.026636711809384213 -0.016363426589378852 0.078062125407152197 -0.048035979109011182 -0.040772518396475561 0.061469982834596919 0.0028474698190315319 0.080775184830542732 0.08695865468446827 -0.032933395152237213 0.028139470579220806 -0.028338533585142014 -0.039057116234152908 0.035322750693399838 0.11209767006740144 -0.025975956598556872 0.03812718406524037 0.0022414968557691629 0.021803197966406205 -0.0046505042291355931 0.065749637675515615 0.04013047692742705 -0.0010706094298568222 0.089495439297299612 0.086998654496260208 -0.0014033217802729343 0.0067246927847453633 0.11578468081785331 0.026741038413703001 0.040731640608719775 -0.037066290368925357 -0.021056753574884516 0.012728527072597704 -0.014442361259628028 0.036891340989664699 0.072190262822495077 0.036836472146245317 0.12588488360820993 -0.022313106435243146 0.10876742185727258 0.034176416909317046 0.093660483131747116 0.014315361567936181 0.091725782192808442 -0.011902661667586779 0.117963075195189 0.01752063651558302 -0.038852200352636264 0.11043841154472954 0.17367907747097586 0.0049337928725669772 -0.021919147547505579 -0.026573773574739536 0.039348411165703569 0.094839760146666036 -0.011774009895588987 0.075468962724583921 0.04575713793170387 0.033965075158146354 0.087501554706099383 -0.0017108558532343448 0.019938256754938682 -0.027084827173168402
leaf_weight=1802.8931178078055 910.43512815237045 1258.4860357791185 12514.120812240988 398.22680283710361 1505.5597891882062 986.21731953322887 197.10323545709252 375.86776971817017 935.02431040629745 783.15880989655852 312.95138118416071 2793.496003318578 359.11790981888771 42.253900714218616 209.08769324421883 952.079286031425 207.0594148747623 742.27867266535759 975.51686788350344 866.46720784530044 112.87613498419523 955.88486024737358 368.30237530171871 470.93747016787529 213.40156565606594 1649.0027919374406 53.922363325953484 647.24199805408716 411.07516213133931 1453.4277026429772 2445.243727080524 82.786676030606031 1170.700634136796 263.25475972890854 620.06258668750525 1528.385994374752 71.113437164574862 182.4532229565084 72.134272295981646 923.75093536451459 27.392361234873533 442.57926889508963 81.136116318404675 120.85148981958628 76.227846708148718 549.90556916967034 22.456759911030531 23.710725568234921 28.362556137144566 49.046286154538393 2220.0833518207073 262.43587747961283 225.87347743660212 132.38455522805452 1777.6533646546304 358.71004934608936 1689.8155599199235 1074.455845169723 137.50069943070412 47.16326280683279 699.81604886800051 205.99533870443702
leaf_count=15051 16142 5403 317657 6956 7301 10841 1454 1567 15931 10439 2305 60054 4743 609 3593 8541 1530 5868 10001 5995 1310 13179 1554 1889 1244 18359 514 4305 4345 25727 36878 1177 15695 3359 3531 8163 623 2296 534 6706 295 4073 742 1428 838 6883 311 370 286 752 41129 2252 1437 827 29861 2469 12602 8026 845 213 5037 1897
internal_value=-0.000800417 0.0208419 -0.0398159 0.00583347 0.0422753 0.0197387 -0.00285071 0.0334835 0.00310683 -0.00827938 0.0282785 -0.0238014 -0.00174298 -0.0140083 -0.0113954 0.0201766 0.025588 0.0205235 0.0261218 0.0364733 -0.029235 0.00372011 0.0612022 0.0545738 0.0489807 0.0194045 0.010178 0.0121422 -0.0140457 -0.0223174 -0.00729378 -0.0157357 0.00517493 -0.00501819 0.0426629 0.0470399 0.0144072 0.0251754 0.0297964 0.0494579 -0.0307882 0.0412018 0.0263081 0.0307553 0.0631755 0.0275291 0.0863481 -0.0129031 -0.00699582 0.066762 -0.0205105 0.0250621 0.00391934 0.0383045 -0.0101654 0.0396815 0.041007 0.0481305 0.040039 0.077073 -0.000406001 0.00924449
internal_weight=53076.9 34139.4 18937.5 20079.2 14060.2 7719.16 12360 9600.63 3871.46 9936.29 8095.07 6423.4 1269.55 1933.16 9153.13 1938.3 7672.04 5775.16 4556.4 3847.7 5153.85 998.139 4459.58 3201.09 2730.15 2423.74 1702.93 2243.45 8300.57 3730.43 4570.14 2725.11 1845.03 1433.96 2361.85 2148.45 852.563 2057.48 1875.03 1790.22 5040.97 720.819 523.715 279.866 159.015 643.476 93.5702 2277 1878.77 77.4088 2247.48 1267.94 488.309 779.627 1801.36 2312.95 1896.87 1570.67 1211.96 423.031 1218.76 905.811
internal_count=785942 344612 441330 254346 90266 79683 174663 68482 49101 149521 61181 123673 20885 29719 139082 19382 59401 45269 36030 30582 102788 13788 21784 16381 14492 25142 18873 18822 127672 63952 63720 40321 23399 19054 12938 11694 11410 17881 15585 12701 101478 6269 4815 3443 2015 7817 934 38225 31269 1038 41424 8821 3689 5132 30231 17208 14132 11340 8871 1780 9239 6934
is_linear=0
shrinkage=0.05


Tree=15
num_leaves=63
num_cat=0
split_feature=0 38 2 40 38 40 17 49 53 24 17 43 53 49 17 34 17 53 29 48 23 54 36 27 40 49 36 49 49 49 34 54 49 48 48 48 51 23 4 40 50 49 48 38 24 49 25 49 48 48 23 23 5 23 49 49 53 29 23 48 26 54
split_gain=16705.3 3859.62 1036.58 938.892 866.257 573.118 561.694 435.916 365.767 331.259 330.433 385.309 265.472 248.883 244.528 240.518 237.968 232.755 218.511 251.263 227.489 226.655 226.969 281.021 212.194 205.397 194.666 261.734 194.651 290.066 209.523 193.446 191.576 191.236 221.372 184.546 184.092 207.617 181.823 181.383 191.802 174.53 198.816 172.681 171.579 161.115 145.381 144.786 143.511 141.829 134.344 132.314 144.577 132.052 130.742 230.726 127.147 124.815 124.508 123.382 118.539 116.41
threshold=284.69299316406256 -8.9411697387695295 287.44978332519537 0.78430938720703136 -1.5294113159179685 2.1372528076171879 -29.496982574462887 247.43756103515628 427.52499389648443 -0.070574760437011705 -9.9152107238769513 -3.8460693359374996 32.083333969116218 263.73217773437506 -5.0978469848632804 -0.42608450353145594 -37.085937499999993 1089.1666564941409 20.288356781005863 0.5229582190513612 -16.345941543579098 -1.0000000180025095e-35 227.35294342041018 12.491826057434084 -2.3529586791992183 290.50280761718756 207.94117736816409 255.59030914306643 273.35858154296881 270.65731811523443 0.1117752753198147 0.12940952181816109 277.45671081542974 -0.016086071729660031 0.10494250059127809 0.16143232583999637 80.382499694824233 -43.003240585327141 278.00424194335943 2.4902038574218754 63.063163757324226 261.91014099121099 -0.47515141963958735 -37.176475524902337 23.638015747070316 282.48001098632818 14.230824470520021 260.24180603027349 -0.48803782463073725 -0.56490284204483021 -4.3606848716735831 -19.552419662475582 258.71716308593756 -6.4108130931854239 286.81991577148443 287.14447021484381 956.33334350585949 3.3729181289672856 -31.601368904113766 0.96214216947555553 3.976347923278809 -1.0000000180025095e-35
decision_type=2 2 2 2 2 2 2 2 2 2 2 2 2 2 2 2 2 2 2 2 2 2 2 2 2 2 2 2 2 2 2 2 2 2 2 2 2 2 2 2 2 2 2 2 2 2 2 2 2 2 2 2 2 2 2 2 2 2 2 2 2 2
left_child=1 3 9 6 5 -3 13 -7 10 16 11 -5 50 31 28 24 -2 43 19 21 32 -14 23 -23 -15 36 -6 -28 29 41 51 -1 -21 -17 -35 -32 37 -13 58 -29 -41 61 48 -11 -27 47 -12 -22 49 -43 -9 52 -30 -20 60 -56 -44 -36 -38 -49 -39 -8
right_child=2 4 -4 8 26 7 14 12 -10 17 46 25 18 15 -16 33 -18 -19 53 20 45 22 -24 -25 -26 44 27 39 30 -31 35 -33 -34 34 57 -37 38 54 -40 40 -42 42 56 -45 -46 -47 -48 59 -50 -51 -52 -53 -54 -55 55 -57 -58 -59 -60 -61 -62 -63
leaf_value=-0.045562102116169019 -0.012263158543907769 0.053211719660929628 -0.047604186138783838 -0.030882681433389642 0.077836663983415322 0.075086592482689798 0.010045368393777759 0.0068152235185297899 0.02035258871618276 -0.037863908266281388 0.031598184648374071 -0.026196463772565477 0.012504063409758411 0.006404681299330188 0.08432667301148182 -0.020001181240494725 0.039159554586928186 0.040167378862683019 -0.005224716683398585 0.0096636837067112652 0.076711378778018494 0.08807800535946339 0.018673434801770666 0.021411884335319695 0.056579943366266094 0.11459724655065884 0.084155814630812564 0.069955743018662767 0.099443517027826542 0.06525572574140498 -0.00061570373536961156 0.10335086044348091 0.067324243041503515 0.096418829148668575 -0.014158801990182391 0.10096103090442116 -0.017421889384243921 0.015724100324729536 0.10468948031248015 0.027578012537161269 0.06121594672091496 0.13291637988740779 -0.0009475869034179104 -0.019385415614470144 -0.037736960984591901 0.13321135281040875 -0.00081692426678331713 0.046014254293519803 0.12152475400077384 0.016706962125678928 0.049208035649155706 -0.0470352899093152 0.033728381660200424 0.028225281222869186 0.10662596378748834 0.0057867181916515381 0.11861476213098388 0.078450056577371086 0.050546062250776437 -0.052290185331148147 -0.0096845719505306224 0.062173859987973895
leaf_weight=27.849571969360113 815.3398580737412 2379.2774543948472 12103.424147360027 2031.3434529304504 960.49929884076118 426.54082971066236 144.43504523485899 2440.7843768820167 1271.1574562378228 2826.24044720456 651.45884650945663 1347.2830718271434 1724.7625665441155 1180.9111233614385 198.00598724931479 1461.7999074980617 310.72302498295903 122.41573164239526 659.80128527060151 543.77901839092374 485.00523179024458 387.12975554913282 622.06017078459263 267.17092688009143 256.47913429886103 62.657451994717121 526.04075794667006 581.13125570118427 107.31382858008146 649.29492119327188 1162.6873553618789 100.5481265746057 195.96744171902537 76.265575334429741 234.19470019266009 46.503780364990234 159.8237548135221 527.0798998400569 64.120159320533276 1347.1871350035071 618.25293738394976 30.469040341675282 815.19081348180771 2287.6928807012737 26.219588313251734 70.446277238428593 737.47397468984127 710.14307484030724 57.424750700592995 189.86278350278735 202.38065405935049 39.427934341132641 380.30493695661426 533.70987495779991 69.514801505953074 308.32163776829839 22.859622523188591 43.075156953185797 116.48999728634953 33.42102712392807 3555.0950123555958 414.29295095056295
leaf_count=357 14016 12843 320783 34397 3882 1788 1218 19923 16513 62301 5903 25032 13504 12364 1037 22816 3809 1372 6889 5605 2893 2317 4919 1844 1828 796 2202 2380 602 5127 12377 792 1524 974 3699 564 2387 5517 651 6784 3023 254 7513 42217 263 352 8828 4989 442 1603 1270 348 3402 3663 557 3788 172 615 1415 290 52420 2573
internal_value=-0.000675808 0.0199751 -0.0390152 0.00454049 0.0382104 0.031313 0.0179883 0.0257124 -0.00486013 -0.022676 -0.00817894 -0.0119698 0.0233399 0.00277329 0.0300698 7.80819e-05 0.0019263 -0.0279667 0.0289705 0.0335261 0.0470712 0.0243245 0.0402976 0.0608562 0.0153576 -0.0058096 0.0581895 0.0520477 0.0274237 0.0368868 0.014758 0.0710515 0.0249386 -0.0120203 0.0209789 0.00329079 -0.00690062 -0.0089955 0.0288349 0.0454152 0.0381592 0.0258869 0.0144643 -0.0295976 0.0696572 0.059675 0.0143869 0.0554584 0.0511253 0.0327772 0.0100611 0.041067 0.0481908 0.00973333 -0.00379942 0.0243392 0.00231373 0.000228413 0.0112324 0.0415958 -0.00640387 0.0486983
internal_weight=52748.6 34282.7 18465.8 18567.2 15715.5 11682.4 7639.2 9303.1 10928 6362.41 9656.88 8267.95 8876.56 3381.12 4258.07 3252.73 1126.06 5236.35 6233.4 5039.89 2038.76 3001.12 1276.36 654.301 1437.39 6236.61 4033.11 3072.61 4060.07 2323.83 1736.24 128.398 739.746 1815.34 353.535 1209.19 6147.73 5807.29 340.434 2546.57 1965.44 1674.54 1115.81 5113.93 88.877 1299.02 1388.93 1228.57 277.757 220.332 2643.17 527.047 487.619 1193.51 4460.01 377.836 838.05 277.27 276.314 743.564 4082.17 558.728
internal_count=786526 342028 444498 239144 102884 84613 80677 71770 158467 123715 141954 127223 69982 43445 37232 42296 17825 105890 48789 38237 15653 22584 9080 4161 14192 92826 18271 14389 36195 18902 17293 1149 7129 28104 5288 12941 91767 87314 4453 12187 9807 13775 9984 104518 1059 8524 14731 8172 2299 1857 21193 4352 4004 10552 62282 4345 7685 4314 3802 5279 57937 3791
is_linear=0
shrinkage=0.05


Tree=16
num_leaves=63
num_cat=0
split_feature=37 17 16 41 1 36 41 41 45 43 12 38 36 41 47 55 37 4 36 23 40 39 50 40 40 44 33 54 40 39 38 55 36 31 40 51 52 55 41 40 47 31 17 32 28 28 37 38 41 36 38 36 44 40 41 40 54 37 37 37 16 23
split_gain=15262.7 3617.74 980.291 940.84 800.583 642.489 611.501 414.548 386.151 356.519 409.404 318.363 220.176 212.457 198.855 251.945 367.386 214.591 175.575 175.287 202.491 174.719 172.739 168.655 167.515 167.097 165.495 164.246 158.639 379.366 154.568 150.446 149.139 145.726 137.953 131.102 124.5 118.683 148.468 118.129 116.374 114.202 113.789 108.229 106.009 105.354 105.209 123.526 103 101.635 106.215 100.768 98.6591 164.077 106.608 110.373 97.4711 108.152 97.1697 95.8727 95.0637 103.732
threshold=284.92375183105474 -11.750988006591795 -1.2570953369140623 4.0532579421997079 288.12187194824224 258.52941894531256 6.0687491893768319 0.062216864898800857 6.0477619171142587 -4.2396392822265616 -47.069007873535149 -36.352928161621087 267.35295104980474 -0.8428930640220641 -3.7114353179931636 1.0000000180025095e-35 265.45751953125006 260.62001037597662 227.35294342041018 -15.753283977508543 13.843116760253908 -1.2745085358619688 222.99001312255862 -3.2941131591796871 3.8627319335937504 -6.3845748901367179 9.0945940017700213 -0.91597560048103321 16.50980377197266 -7.6092963218688956 -14.176475524902342 -0.37940952181816096 225.58824157714847 24.523643493652347 5.1960754394531259 42.205757141113288 34.52357482910157 0.37940952181816107 10.955697536468508 2.0588226318359379 3.1664252281188969 -0.068438529968261705 -6.2305984497070304 2.4588763713836674 27.916221618652347 4.4878768920898446 276.01307678222662 -23.764701843261715 -0.42216905951499933 230.88235473632815 -6.7058792114257804 285.58824157714849 -4.6861305236816397 -1.2352905273437498 1.2219850420951845 -1.9804077148437498 0.98296290636062633 254.98547363281253 252.96659851074222 256.24908447265631 -43.58935356140136 -31.601368904113766
decision_type=2 2 2 2 2 2 2 2 2 2 2 2 2 2 2 2 2 2 2 2 2 2 2 2 2 2 2 2 2 2 2 2 2 2 2 2 2 2 2 2 2 2 2 2 2 2 2 2 2 2 2 2 2 2 2 2 2 2 2 2 2 2
left_child=1 3 6 5 11 52 32 23 19 -5 -11 22 -9 -13 -12 17 18 26 -17 20 37 39 41 -7 -20 -25 -16 36 31 -30 35 -21 -3 42 -24 40 -14 -8 59 -4 -19 -2 -10 -34 -31 -29 47 -42 -27 -33 -51 -6 54 -54 -1 -56 -26 -58 -22 -39 -37 -62
right_child=4 2 21 9 51 7 8 12 33 10 14 13 27 -15 15 16 -18 30 24 28 58 -23 34 25 56 48 -28 45 29 44 -32 49 43 -35 -36 60 -38 38 -40 -41 46 -43 -44 -45 -46 -47 -48 -49 -50 50 -52 -53 53 -55 55 -57 57 -59 -60 -61 61 -63
leaf_value=0.069211659464185976 -0.015633425535269641 0.069417497103933051 0.071558099643647163 -0.028022645151972631 -0.038971962436778924 0.0056331056512936815 0.033082906165309761 0.0087183505686803178 -0.006873573222801875 -0.026348477355834034 -0.017891479847008101 0.059854434855530748 0.01159995296131573 -0.0089489357396599304 0.097674141805576264 0.092451756281742251 -0.025856563112313685 0.011424021981934126 0.019850326784312464 0.051971454413717325 -0.013504914445293399 0.073752260897974348 0.0093140355846495441 0.085565262044520779 -0.019823730124808585 0.033707789310000034 -0.0040386602071114785 -0.030835985957865655 -0.0075857084206560317 0.041629998090017918 0.089436228470873069 0.03691620946708412 0.060278642178109555 -0.019172286823469151 0.18062289320119509 0.12367230382345729 0.19392379852660704 0.038946705887392817 -0.011620823536286518 0.04399083324450688 0.16861987030381065 -0.037227881134465901 0.022842572430671448 0.035427433267068369 0.013862325691545226 0.056282391864764802 -0.0037191319219994886 0.0043957903339950748 -0.0016280377454121404 0.028683014951313347 -0.014451850614639442 -0.04991212730997821 0.0048599056065958867 0.047792791785355587 0.0029653762245008207 0.047858671446992546 0.12598933646575156 -0.0080646113370126376 0.036529192561100314 -0.0062905381964386336 0.026675717771242974 0.093753190740343328
leaf_weight=416.09630632400513 769.93146248161793 665.75911790877581 491.83407556265593 1738.440173599869 2760.7340950854123 1143.9912666454911 1512.1363500133157 852.23939590156078 530.5532011911273 1598.3229206092656 1128.6096820309758 123.81684417277575 28.076486330479383 1195.8549237512052 41.171255748718977 61.737032875418663 1298.7130213193595 1522.9313509091735 944.85629580542445 1307.2739251628518 618.26606196537614 1124.5177153497934 106.31569683924317 130.35299664735794 572.79295599088073 942.41855926439166 1396.2374047785997 1113.4590968303382 756.6807814091444 1351.1121535971761 86.296875730156898 1843.7076656147838 608.05542119964957 559.69553841277957 13.212505541741846 35.729506995528936 14.047929987311361 443.5206770375371 423.8350833132863 1851.554800927639 35.240069963037968 2989.5483694709837 820.12131531536579 1567.5800561793149 460.99361176788807 35.819643955677748 28.849001701921225 16.961895812302828 263.99754576385021 408.90947222709656 219.22871074080467 8859.171604771167 435.84350146725774 454.71729042008519 175.43426351249218 623.49778230860829 25.186627950519323 37.369436133652925 115.10265198722482 159.15118845924735 326.44532135128975 69.995178114622831
leaf_count=2287 13815 2817 2061 29235 71322 12325 13396 10531 6251 30881 16299 1451 423 21662 464 544 21199 21795 9667 8748 6674 4589 1923 1066 8505 7822 19944 19721 6972 8199 1171 10711 2915 6056 222 358 195 3135 4067 9197 415 66258 6153 8883 2872 503 460 230 3429 3227 1540 250182 3308 3310 1428 4604 339 609 1445 1453 4453 681
internal_value=-0.000792365 0.0178243 0.0336909 0.00173797 -0.0400162 0.0166072 0.0279333 0.00598895 0.0228135 -0.00725197 -0.0033388 -0.023707 -0.0106861 -0.00249353 0.00148179 0.00484535 -0.00598502 0.0137919 0.00973261 0.026891 0.0174902 0.0575511 -0.030924 0.0197258 0.00650086 0.0317861 -0.00112533 -0.0245666 0.0317367 0.0221495 0.0238944 0.0382534 0.0487097 0.00228031 0.0282503 0.0211166 0.0724025 0.0241755 0.0110542 0.0497767 0.014531 -0.0328054 0.0111699 0.0423729 0.034566 -0.0281208 0.0729102 0.115259 0.0259753 0.0309984 0.0136284 -0.0473129 0.0394232 0.0267813 0.0486892 0.0380007 -0.0133517 0.0459088 -0.00565203 0.0270006 0.0455589 0.0385189
internal_weight=52254.1 35435.5 17839.6 17595.9 16818.6 6629.99 14371.7 4524.4 11530.3 10965.9 9227.45 5198.68 2043.64 1319.67 7629.12 6500.51 2940.66 3559.86 1641.94 9619.92 3272.01 3467.91 3879.01 2480.76 1580.21 1336.77 1437.41 1191.4 6347.91 2568.79 2122.45 3779.12 2841.39 1910.37 119.528 2036.15 42.1244 2538.64 1026.51 2343.39 1603.98 3759.48 1350.67 2175.64 1812.11 1149.28 81.051 52.202 1206.42 2471.85 628.138 11619.9 2105.59 890.561 1215.03 798.932 635.349 62.5561 733.369 602.672 432.17 396.44
internal_count=786397 359562 121361 238201 426835 70952 105514 56015 90899 167249 138014 105331 31373 23113 107133 90834 40863 49971 19664 72439 30170 15847 82218 24642 19120 12317 20408 20842 42269 18043 29563 24226 14615 18460 2145 28392 618 22051 8655 11258 22900 80073 12404 11798 11071 20224 1105 645 11251 15478 4767 321504 14937 6618 8319 6032 9453 948 8119 4588 5492 5134
is_linear=0
shrinkage=0.05


Tree=17
num_leaves=63
num_cat=0
split_feature=37 17 41 1 17 36 35 41 38 53 53 29 11 38 45 41 53 40 5 55 53 41 37 26 5 40 36 21 5 41 53 41 36 54 36 52 12 36 36 11 43 4 51 29 55 42 43 40 37 55 5 41 29 36 11 52 21 17 11 53 40 29
split_gain=14215.3 3069.97 879.197 873.251 844.551 623.24 434.264 396.841 340.575 322.196 315.281 290.231 367.297 262.067 255.745 213.824 209.642 194.965 188.795 183.08 176.821 170.422 169.822 166.469 164.463 156.356 153.7 141.583 138.687 173.901 136.015 131.399 124.265 121.41 120.982 117.408 116.093 113.842 110.831 110.006 119.199 108.36 107.301 105.351 106.992 104.656 104.558 101.444 108.402 100.892 185.986 125.18 108.012 139.732 111.73 108.118 100.658 100.521 97.1306 96.9454 95.9537 94.7081
threshold=284.62963867187506 -10.251132965087889 4.2803208827972421 288.12187194824224 -0.70683670043945301 259.11766052246099 5.2325968742370614 -0.14935698360204694 -12.588233947753904 805.25000000000011 552.16665649414074 15.019815444946291 264.82698059082037 -36.764709472656243 8.5204343795776385 19.179618835449222 20.000000000000004 15.862731933593752 225.14548492431643 -0.12940952181816107 1089.1666564941409 -0.62865552306175221 233.5039978027344 17.405471801757816 269.58532714843756 -2.8823547363281246 229.11765289306643 -36.671739578247063 209.49958801269534 5.4630844593048105 1089.1666564941409 -0.14935698360204694 226.76470184326175 -0.91597560048103321 285.00000000000006 10.980319499969484 -50.316331863403313 226.76470184326175 285.58824157714849 290.47320556640631 0.46174621582031256 248.09886169433597 49.556632995605476 25.891773223876957 -0.7865660786628722 4.1132049560546884 -5.1458587646484366 -1.1764755249023435 257.46188354492193 1.0000000180025095e-35 249.41485595703128 16.91430759429932 7.5255737304687509 265.00000000000006 271.72805786132818 38.534135818481452 -3.7955713272094722 -27.744571685791012 239.57997894287112 1089.1666564941409 -1.9804077148437498 1.7416391372680666
decision_type=2 2 2 2 2 2 2 2 2 2 2 2 2 2 2 2 2 2 2 2 2 2 2 2 2 2 2 2 2 2 2 2 2 2 2 2 2 2 2 2 2 2 2 2 2 2 2 2 2 2 2 2 2 2 2 2 2 2 2 2 2 2
left_child=1 2 5 9 6 30 37 25 10 13 11 36 -13 31 16 26 56 18 -18 -20 22 -15 43 58 -9 57 -10 34 -6 -30 45 60 -21 42 35 39 -4 -3 59 40 -11 -14 -26 44 -19 47 -38 48 -1 51 -51 52 -48 -54 -55 -56 -8 -7 -16 -5 -2 -39
right_child=3 4 8 38 28 7 14 24 15 27 -12 12 41 21 23 -17 17 20 19 32 -22 -23 -24 -25 33 -27 -28 -29 29 -31 -32 -33 -34 -35 -36 -37 46 61 -40 -41 -42 -43 -44 -45 -46 -47 49 -49 -50 50 -52 -53 53 54 55 -57 -58 -59 -60 -61 -62 -63
leaf_value=-0.030517525317028019 -0.018397185970601995 0.067650982622813563 -0.038582069080665568 -0.039299304481542507 0.067320609113079494 0.0039226719374193903 0.0092332869351384721 0.0064859865259557815 0.051749332382012396 0.051609154210469889 0.022772607695060176 -0.024425982881832592 0.14888472123851801 0.037913550410897869 0.047652838204583506 -0.010991811015338721 0.048306230616360968 0.053008995231213885 0.040822241626049978 0.038104618514509747 0.10182491243238034 -0.013876978841327351 -0.0018136803662617798 -0.018812623596381247 0.0020472851492716704 0.037793900155630361 0.012487114269228739 0.16390897935511031 0.083071743542568188 0.040305788580648726 0.1192241926706686 -0.037427270936449521 0.0087555610469909877 -0.024985766530984967 -0.04649979974815039 -0.0046945388167805267 -0.030047938403188243 0.051870938930485326 -0.049842916558956896 -0.018598231429040258 0.17357014517132707 0.024834181658083616 0.16033294873897774 0.007794617044353633 0.022176607321971662 0.04248097260965792 -0.010038942313980906 0.037901909528514549 0.021823008143807374 0.0052313206618565819 -0.027249913698247544 -0.019752974160965442 -0.000765381080858679 0.16073369668562859 0.022486413372554012 0.10865643097145927 0.042342562822807878 0.037845561892808216 0.0063461211986683523 0.041705688496829908 0.063508556747630049 0.026207690964398806
leaf_weight=148.84753268957138 767.1627286337316 556.46624877303839 601.97998875007033 2636.0344936139882 1392.5706402659416 1158.9237240515649 2100.2966391593218 883.50747018307447 288.56385702267289 48.503194097429514 661.51839334890246 561.16712609305978 17.972419425845146 180.97819568961859 198.38025786727667 923.80818857997656 1851.0724674426019 458.42292919754982 1560.5361239761114 508.07568544894457 62.632959522306919 1298.6415234059095 830.67335148900747 544.90356956794858 31.040480639785528 812.04599154740572 1830.4366702362895 18.767318837344646 278.41709804534912 1625.7748351693153 48.860998637974262 2887.1052064560354 1243.0711803212762 1175.9958925209939 51.678051918745041 83.514562215656042 1023.7409142442048 857.71580668538809 8459.7704467065632 24.528262570500374 34.132294788956642 858.86497784405947 16.344626571983099 561.24188098311424 728.51859255880117 1649.1336009688675 726.77272404357791 453.05216739326715 294.94043307751417 576.3490639962256 1872.6771035641432 913.89991730451584 453.58962273970246 18.86735300347209 247.40905535966158 42.681800309568644 257.7233177870512 269.08453235030174 503.58062015846372 37.460340309888124 37.506184134632349 618.91824392974377
leaf_count=1133 13678 2340 12990 70827 5872 12542 15857 11248 2542 560 8632 9185 258 2082 1322 12653 10623 2957 12014 3176 391 24238 8246 5749 457 6470 20287 193 1133 7978 317 66507 10022 20315 1004 1392 18105 4273 250238 295 352 10341 187 3593 4549 11095 12492 3323 2242 8021 31627 14069 7215 198 4011 485 1354 2169 4510 721 582 3238
internal_value=-0.000808213 0.0171232 0.00312106 -0.0390194 0.0326504 0.0172001 0.0270884 0.00562499 -0.00528954 -0.0225854 -0.0103878 -0.013159 0.00716129 -0.0253216 0.0232947 0.00908224 0.0259169 0.0298644 0.0355172 0.0283688 0.018816 -0.00754227 0.0168 0.0019233 -0.00995241 0.0202763 0.0178338 0.0316035 0.0553287 0.0465587 0.0365911 -0.0324473 0.0172709 -0.021824 0.0213582 0.0397492 -0.0176697 0.0483776 -0.0470385 0.074385 0.101985 0.0273768 0.056645 0.0256445 0.0340848 0.0350052 -0.0155273 0.0212586 0.00426787 -0.0124637 -0.0196058 -0.00518547 0.00375367 0.0168992 0.042833 0.0351648 0.012852 0.0103149 0.0180198 -0.0381643 -0.0145795 0.0411144
internal_weight=51866.9 35301.1 18562.1 16565.8 16739 6941.78 13442.2 4346.94 11620.3 5432.52 8577.49 7915.97 1438 5171.39 11409.1 3042.81 10162.3 7804.25 5162.76 3311.68 2641.49 1479.62 2578.86 1246.86 2106.89 2240.05 2119 261.124 3296.76 1904.19 2594.83 3691.77 1751.15 1223.38 242.356 190.678 6477.97 2033.1 11133.3 107.164 82.6355 876.837 47.3851 1748.18 1186.94 2545.97 5875.99 896.84 443.788 4852.25 2449.03 2403.22 1489.32 762.548 308.958 290.091 2358.02 1428.01 701.961 2673.49 804.669 1476.63
internal_count=786475 353806 244609 432669 109197 71498 94214 53388 173111 110883 137629 128997 19784 107087 84363 35482 72782 55571 35835 25212 19736 26320 19345 11581 32207 21181 22829 3796 14983 9111 18110 80767 13198 20959 3603 2599 109213 9851 321786 1207 912 10599 644 11099 7506 17793 96223 6698 3375 78118 39648 38470 24401 11909 4694 4496 17211 14711 5832 71548 14260 7511
is_linear=0
shrinkage=0.05


Tree=18
num_leaves=63
num_cat=0
split_feature=0 38 1 36 40 41 37 53 17 23 40 39 41 41 40 53 53 39 5 41 39 38 36 51 4 36 29 39 40 11 40 32 53 5 41 50 29 5 17 36 52 52 44 55 40 53 40 41 36 29 39 36 40 53 39 5 55 51 53 23 11 41
split_gain=13329.1 2782.12 880.426 815.424 625.066 597.882 466.688 335.49 234.529 222.281 340.985 220.809 220.027 207.026 199.221 195.027 176.605 168.938 168.656 209.601 185.341 167.837 161.073 151.416 154.991 143.787 179.098 167.842 220.397 162.299 159.507 159.496 133.772 130.568 129.877 125.925 130.017 125.438 353.378 123.904 121.874 119.231 114.716 111.926 108.404 105.003 104.51 101.723 98.1854 102.521 95.5832 91.6107 91.2694 89.1417 87.643 86.9287 86.843 86.8158 86.4961 86.0793 100.806 83.7569
threshold=285.16673278808599 -11.000007629394529 288.12187194824224 217.35294342041018 0.78430938720703136 5.2999279499053964 281.03123474121099 346.58332824707037 -37.085937499999993 -10.90370464324951 14.901954650878908 -42.553380966186516 -0.32824517786502833 -0.62865552306175221 25.823532104492191 859.75000000000011 18.433333396911625 -1.2745085358619688 252.14149475097659 2.5136741399765019 -21.665216445922848 -30.529418945312496 225.58824157714847 50.562639236450202 277.34695434570318 266.76470947265631 7.652031898498536 -29.165580749511715 10.470588684082033 243.90852355957034 17.254905700683597 27.033744812011722 1089.1666564941409 278.05601501464849 4.6758625507354745 103.6449432373047 3.4783353805541997 251.61723327636722 -21.917907714843746 285.58824157714849 4.3194870948791513 68.036495208740249 -5.8112545013427725 1.0000000180025095e-35 -3.4901962280273433 32.083333969116218 -0.62744903564453114 7.6736869812011728 277.35295104980474 19.733339309692386 -3.5671762228012081 251.47058868408206 -3.2156906127929683 1089.1666564941409 -25.100947380065914 282.32180786132818 0.98296290636062633 8.1547160148620623 1089.1666564941409 -24.102975845336911 260.36589050292974 5.4630844593048105
decision_type=2 2 2 2 2 2 2 2 2 2 2 2 2 2 2 2 2 2 2 2 2 2 2 2 2 2 2 2 2 2 2 2 2 2 2 2 2 2 2 2 2 2 2 2 2 2 2 2 2 2 2 2 2 2 2 2 2 2 2 2 2 2
left_child=1 4 8 17 6 -5 15 11 35 10 16 23 -10 52 45 18 -7 47 20 42 34 -15 -18 -6 -25 27 -27 30 29 -29 61 37 -12 40 -1 -2 -37 38 -32 58 -9 -35 44 -21 -20 -11 -22 -3 49 -28 -16 -45 -8 -14 -42 -54 -44 -31 -4 -24 -61 -13
right_child=2 3 39 5 7 9 13 33 12 14 32 25 53 21 50 -17 22 -19 19 43 46 -23 59 24 -26 26 48 28 -30 57 31 -33 -34 41 -36 36 -38 -39 -40 -41 54 -43 56 51 -46 -47 -48 -49 -50 -51 -52 -53 55 -55 -56 -57 -58 -59 -60 60 -62 -63
leaf_value=0.05584256319391756 -0.032680357805288579 0.061569350205670829 -0.038529324317835241 0.04688524707987296 -0.029467044840882185 0.002510491320839468 0.0020730384059450069 0.064266163621448602 0.041326711890532969 0.019061478163053092 -0.011112847791035482 0.017486651683752033 -0.015081434188955044 -0.02692278503472419 -0.027425267565525182 0.079392070535818093 0.040422922187995487 0.064932915680606759 -0.00080386033933945659 0.053890616695135153 -0.022005956189330191 0.015652338726513514 0.0075006293262467206 -0.01707111524788749 0.075118034861457905 -0.016596490957692819 0.03241073785708088 0.071531528572575498 -0.018563768491943338 -0.013756332627251708 0.34713601567779973 -0.019804192719509069 0.11893978386511056 0.031672984228285329 0.016253584578604201 -0.020391856986886704 0.037790402410969676 0.028864491863948502 0.013007724296977143 -0.049600021925812601 -0.00052343388528801695 0.12682466903890985 0.012674217481076798 0.018205657229132758 0.050110428825294422 0.036580959994145831 0.031387278818544376 0.03875937421821269 -0.002530702517045466 0.09835221506487353 0.027047186610438995 -0.017034304109475647 0.022662338679036595 0.059163840988344742 0.033357558777364398 0.09355088808941199 0.053174914016747503 0.017254855909406331 0.031457168725880454 0.023145174861887535 0.12399068478697424 -0.021023759710139093
leaf_weight=752.66757710278034 3001.1789972111583 595.81716515123844 2765.831708740443 2376.5783720575273 1819.2255923673511 1249.0674792788923 663.64104714617133 94.312494769692421 213.91725520789623 1229.0175529494882 1299.2808507420123 148.91825445741415 1419.7027806527913 1108.4765906184912 225.97485007345676 139.02590836957097 1096.0020634308457 1173.2460391521454 131.13603567332029 76.532110262662172 190.97675070911646 292.57940742373466 1183.4792745262384 124.24223074689507 72.020634099841118 303.62856252118945 285.62111471220851 114.71173242479563 805.82264433428645 304.53891385346651 14.179642539471386 67.947588168084621 20.078290648758411 137.01613806188107 285.84695465490222 384.52681975066662 127.9766606874764 41.268594898283482 17.906022861599922 8080.3527785800397 1086.3800787776709 43.33567214012146 1856.9307862408459 240.7909609079361 515.59536568447948 2812.3264902457595 176.2106501981616 2720.5856275781989 146.54266594722867 74.270751290023327 125.12243330478668 787.81635861098766 230.90348710492253 41.613097500056028 231.55709925666451 53.212873358279467 142.51619789749384 871.60497162863612 44.863793507218361 2089.5168404206634 25.078184753656387 2720.6524435319006
leaf_count=4802 69044 2417 75942 11378 35381 10975 7388 970 2543 7823 14474 1864 26273 20026 1983 1099 7295 4828 933 1001 1387 3790 12682 2323 899 4929 3256 933 12005 3723 183 990 190 1981 3226 7862 2464 549 272 250378 15683 431 17316 2511 3648 16999 1084 13030 1612 572 778 10675 2047 393 2636 398 1292 10503 821 16822 212 44426
internal_value=-0.000630949 0.0165196 -0.038379 0.0301281 0.00207842 0.02408 0.0127273 -0.00646786 -0.021429 0.0193069 0.0137504 -0.0106722 -0.00603418 -0.00582296 0.0281145 0.0209544 0.0191007 0.0486262 0.019379 0.0138439 0.0341502 -0.0180319 0.0238166 -0.0249657 0.0167586 -0.00580389 0.0137667 -0.0089078 0.0019538 0.014762 -0.0164715 0.0353904 -0.00913368 0.0144747 0.0449459 -0.0287688 -0.00586323 0.0865168 0.160669 -0.0464547 0.00935857 0.0545364 0.0214818 -0.00444449 0.0397867 0.0312531 0.00361708 0.0428574 0.0319706 0.0460191 -0.00801263 -0.00878484 0.0122254 -0.0129672 0.00542934 0.0359392 0.015561 0.00922513 -0.0374122 0.0182981 0.0243412 -0.0190252
internal_weight=51471.7 35391.7 16080 18221.2 17170.6 13731.5 7644.86 9525.7 5188.92 11354.9 6962.5 7933.1 1675.23 2348.81 4392.44 5296.05 5643.14 4489.65 5157.02 3751.32 1405.7 1401.06 4394.08 2015.49 196.263 5917.61 810.063 5107.55 2096.68 1290.86 3010.87 141.302 1319.36 1592.6 1038.51 3513.68 512.503 73.3543 32.0857 10891 1412.25 180.352 2646.18 1105.14 646.731 4041.34 367.187 3316.4 506.435 359.892 351.097 1028.61 947.757 1461.32 1317.94 284.116 1999.45 1176.14 2810.7 3298.07 2114.6 2869.57
internal_count=786350 350630 435720 121886 228744 101611 82623 146121 108579 90233 62650 124420 29209 33649 27583 48974 47986 20275 47875 37376 10499 23816 37011 38603 3222 85817 10369 75448 27164 15159 48284 1994 14664 21701 8028 79370 10326 1004 455 327141 19289 2412 23189 14187 4581 24822 2471 15447 5440 3828 2761 13186 9833 26666 18319 2445 18608 14226 76763 29716 17034 46290
is_linear=0
shrinkage=0.05


Tree=19
num_leaves=63
num_cat=0
split_feature=37 17 5 41 2 37 49 35 39 49 40 38 40 52 44 41 37 23 49 29 43 48 40 39 41 41 49 49 54 48 49 41 49 49 48 35 54 51 48 23 54 29 49 49 49 52 5 49 21 43 35 38 25 48 49 48 49 17 41 49 54 52
split_gain=12318.2 2609.6 846.833 757.042 612.858 537.017 490.228 424.963 330.048 280.118 272.744 253.811 234.9 281.569 201.833 189.64 239.765 189.319 182.105 209.305 164.479 204.191 296.565 300.499 235.488 178.602 159.562 186.583 154.634 150.52 163.085 406.515 222.632 177.204 144.524 134.676 132.106 129.771 127.063 200.005 126.77 219.836 177.123 123.843 123.293 123.772 189.497 120.693 116.829 120.695 116.102 115.639 114.728 114.262 111.82 136.739 111.638 147.961 131.281 194.379 188.713 156.508
threshold=285.49383544921881 -12.131832122802733 217.3274841308594 2.9387589693069462 288.12568664550787 281.03123474121099 247.43756103515628 5.2325968742370614 -42.015253067016594 284.25558471679693 -0.64706420898437489 -40.647064208984368 6.6666641235351571 38.534135818481452 -4.7704601287841788 7.0796411037445077 270.54829406738287 -1.2585433125495908 254.46063232421878 31.354249954223636 -15.305099487304686 0.1227008104324341 15.549011230468752 -7.6092963218688956 12.473973274230959 12.330671787261965 282.31869506835943 259.31796264648443 -1.0000000180025095e-35 -0.60007590055465687 286.04714965820318 11.215202331542971 286.69125366210943 285.83421325683599 -0.47515141963958735 6.2356228828430185 -1.0000000180025095e-35 43.426412582397468 0.51091146469116222 -18.475384712219235 0.78656607866287243 5.8913326263427743 259.93206787109381 276.27717590332037 263.73217773437506 37.740104675292976 282.32180786132818 283.15080261230474 -44.651651382446282 -4.4560928344726554 -3.0548431873321529 -23.352943420410153 20.633266448974613 -0.27623295783996576 260.24180603027349 0.31050783395767217 287.14447021484381 -28.811759948730465 21.296781539916996 290.50280761718756 0.37940952181816107 45.53399848937989
decision_type=2 2 2 2 2 2 2 2 2 2 2 2 2 2 2 2 2 2 2 2 2 2 2 2 2 2 2 2 2 2 2 2 2 2 2 2 2 2 2 2 2 2 2 2 2 2 2 2 2 2 2 2 2 2 2 2 2 2 2 2 2 2
left_child=1 3 17 5 11 14 37 -8 12 15 44 -2 -5 -14 34 16 36 18 -3 28 52 24 25 -24 -22 -23 27 38 35 -11 31 33 -32 53 -1 -20 -10 -4 -27 -40 -30 -42 -43 -38 -7 51 -47 -28 -17 -50 -13 -46 -9 -31 -37 -56 57 -34 59 60 61 -58
right_child=4 2 6 8 -6 10 7 20 9 29 -12 50 13 -15 -16 48 -18 -19 19 -21 21 22 23 -25 -26 26 47 -29 40 30 32 -33 56 -35 -36 54 43 -39 39 -41 41 42 -44 -45 45 46 -48 -49 49 -51 -52 -53 -54 -55 55 -57 58 -59 -60 -61 -62 -63
leaf_value=0.066030881577204201 -0.036296118203213913 0.074336810091412422 0.076347785384705921 -0.030080149658837371 -0.047549984018301746 0.071347536749140114 0.03871381809212724 0.0087579602116040732 -0.0048541082919863511 -0.036634133546115021 -0.040695569103874923 0.14375124906401629 -0.01043674715627288 0.070624174552493146 0.018247982640190188 -0.035234910617168644 -0.017788294970474784 0.064080948669513263 0.067628782480061142 -0.0065618024936278524 0.015169528709907371 0.060415848429364177 -0.0060547839017180902 0.025112251003506975 -0.015102589478285961 0.02430540865346079 0.11114275484020475 0.017278449314403171 0.062792159705739023 0.008219293461453267 -0.032253914716591996 0.0010448830440883685 0.11450553842810458 0.23085344654545153 0.031222138588014064 -0.0042371846379065745 0.034925932043912533 0.0030086184708048962 -0.0025814447758744719 0.085819158454261135 0.069892322500953119 0.065027100860431175 -0.011278853928735932 -0.014343903642850646 -0.0067558875898940472 0.010356221773737516 0.10802271242217226 0.042665178425673411 -0.026474837396604396 -0.00469640196779764 -0.014735591543549946 0.055678089851918855 -0.031811004945065002 0.12233093697296711 0.012003866141685228 0.05255456159785446 0.03170401038417818 -0.017004991936461055 -0.014553469358626128 0.1123877606767833 -0.01555717366141636 0.1405541577986788
leaf_weight=437.06318904832006 2758.2528373748064 357.83993861079216 493.36843936145306 2065.173299908638 9286.4416472911835 66.298481624573469 2419.8003255650401 437.63354346901178 431.52342565357685 110.00387315824628 407.71429648995399 11.612844441086052 885.48863746225834 121.87208712846041 2393.5112597309053 432.00700094550848 658.8867079205811 1127.3591541647911 184.18664039671421 256.82698131352663 2277.2666973210871 449.15150409564376 1485.3040524683893 1613.5167971327901 894.87430924549699 347.16540401056409 83.846603915095329 2580.285464707762 939.41804292052984 30.381376631557941 201.6372984983027 152.74293910339475 71.941898833960295 28.372598052024841 938.53490592911839 307.1857083439827 905.77736443281174 68.71919696778059 82.056965827941895 290.501978199929 253.84351225197315 105.09010078758001 275.20885157585144 148.44319321215153 1476.5598882809281 222.68380281701684 63.921249140053988 276.67858731746674 753.82064277306199 4076.2003418877721 2346.5801075100899 78.087670635432005 289.58568913117051 78.928140498697758 442.68972026184201 391.95915403962135 162.03209925815463 30.436276294291019 199.73919729143381 67.47214350104332 188.37842709198594 41.47620340064168
leaf_count=2834 68731 1507 2034 43524 295577 434 12002 4035 3860 1651 8697 196 15716 1299 21484 8162 9934 4678 752 1369 16034 3455 15408 9934 8083 2441 478 20889 4489 367 2847 2085 540 327 6461 1743 7963 301 855 1771 1057 514 1488 1460 20466 2743 526 1944 13505 60025 49893 777 3350 962 2154 2006 2181 414 2061 843 2591 398
internal_value=-0.000714631 0.0146788 0.0277297 0.00104241 -0.0398943 0.0153773 0.0216278 0.0197267 -0.00632231 -0.00138175 -0.00357563 -0.0259991 -0.0204246 -0.000629869 0.0270195 -0.00521581 0.00731629 0.0462523 0.0405329 0.0367006 0.0155904 0.0172008 0.0218527 0.0101735 0.00662964 0.0306591 0.027008 0.0235575 0.0405325 0.0194446 0.0243657 0.0572078 0.0144623 0.119514 0.0422818 0.0279543 0.0184495 0.0673816 0.0460688 0.0663487 0.0511321 0.0338589 0.00980719 0.0279883 0.00435828 0.00194618 0.0321387 0.0585909 -0.0103235 -0.00809536 -0.0139551 -0.00361992 -0.00739699 0.0906149 0.0215545 0.0310469 0.0268326 0.0754084 0.0192873 0.034002 0.0205061 0.0538883
internal_weight=51061.4 36658.5 18731.4 17927.1 14402.9 6084.37 14089.8 13527.7 11842.7 8770.2 2315.27 5116.45 3072.53 1007.36 3769.11 7406.66 2144.63 4641.61 3514.25 3156.41 11107.9 10380.6 7208.51 3098.82 3172.14 4109.69 3660.54 3300.01 2899.58 1363.54 1253.54 290.425 963.114 137.682 1375.6 1326.02 1485.74 562.088 719.724 372.559 1573.56 634.142 380.299 1054.22 1907.55 1841.25 286.605 360.525 5262.03 4830.02 2358.19 1554.65 727.219 109.31 1141.83 834.649 761.476 102.378 659.098 459.359 391.887 203.508
internal_count=786305 371908 124771 247137 414397 64422 103014 100679 182715 122176 33643 118820 60539 17015 30779 104909 23217 21757 17079 15572 88677 81292 57175 25342 24117 31833 28378 25956 14203 17267 15616 3741 11875 1656 9295 6655 13283 2335 5067 2626 7548 3059 2002 9423 24946 24512 3269 2422 81692 73530 50089 21243 7385 1329 5903 4160 9028 954 8074 6013 5170 2579
is_linear=0
shrinkage=0.05


Tree=20
num_leaves=63
num_cat=0
split_feature=7 38 36 2 53 41 40 49 5 41 39 53 41 48 41 49 53 49 51 4 36 41 49 49 49 39 48 38 36 41 49 49 40 49 36 48 36 36 23 17 51 42 40 53 41 45 23 36 41 53 37 40 46 49 14 24 49 42 49 40 23 49
split_gain=11344.1 2495.32 696.315 610.717 499.98 491.27 451.554 410.333 399.146 394.72 229.464 204.097 198.945 253.645 200.272 190.833 190.352 189.416 184.938 187.883 177.262 171.085 203.145 169.881 225.895 227.133 190.971 168.46 168.187 163.067 153.57 323.808 166.711 150.782 192.843 146.974 145.914 145.128 142.41 141.007 140.843 140.135 137.21 133.631 129.476 127.838 147.269 121.999 136.511 120.087 116.326 112.556 127.685 126.119 106.102 102.118 102.075 100.861 124.701 109.979 99.8895 97.8234
threshold=286.14044189453131 -11.000007629394529 215.58823394775393 288.12568664550787 545.16665649414074 6.412973403930665 0.78430938720703136 254.46063232421878 270.48266601562506 -0.42216905951499933 -48.261438369750969 20.000000000000004 26.90389442443848 0.12764942646026614 12.189298152923586 290.50280761718756 1089.1666564941409 276.94873046875006 45.394685745239265 278.00424194335943 277.94117736816412 1.5613617300987246 273.35858154296881 258.38572692871099 270.49778747558599 -13.182280540466307 0.88486921787261974 -37.647056579589837 223.23529815673831 12.473973274230959 285.83421325683599 280.76860046386724 -1.1764755249023435 254.46063232421878 207.94117736816409 0.18936437368392947 269.11766052246099 234.41176605224612 -20.552845954895016 -8.4754066467285138 63.49690246582032 7.7585144042968759 -3.1176452636718746 1089.1666564941409 7.6736869812011728 4.6640853881835946 -42.737356185913079 225.58824157714847 1.9285877346992495 1089.1666564941409 257.46188354492193 11.392150878906252 0.98338270187377941 282.48001098632818 -48.988224029541009 -0.070574760437011705 287.98866271972662 5.1726989746093759 288.57763671875006 -2.4902038574218746 -4.3606848716735831 259.72676086425787
decision_type=2 2 2 2 2 2 2 2 2 2 2 2 2 2 2 2 2 2 2 2 2 2 2 2 2 2 2 2 2 2 2 2 2 2 2 2 2 2 2 2 2 2 2 2 2 2 2 2 2 2 2 2 2 2 2 2 2 2 2 2 2 2
left_child=1 4 33 16 6 47 8 40 21 17 -8 60 13 14 37 18 27 42 39 -20 36 30 -23 -15 25 28 29 -2 38 -27 31 32 50 -3 -35 -24 -17 -13 -25 45 -7 -11 54 -14 -36 46 -12 -4 -49 -6 -1 52 -26 -53 -10 -29 -21 58 -19 -60 -9 -50
right_child=3 2 5 -5 49 7 10 11 9 41 15 12 43 23 -16 20 -18 57 19 56 -22 22 35 24 51 26 -28 55 -30 -31 -32 -33 -34 34 44 -37 -38 -39 -40 -41 -42 -43 -44 -45 -46 -47 -48 48 61 -51 -52 53 -54 -55 -56 -57 -58 -59 59 -61 -62 -63
leaf_value=-0.032892536189338066 -0.034721423856213789 0.077082645298775163 0.056180805808351303 -0.047218989734711496 0.019902523089369739 0.059466325668182565 -0.036179589805334554 -0.00098096284533303181 0.11396101679024734 -0.031727557598083905 -0.025152734228719088 0.028193011242299587 0.00082283057878659643 0.050367111944200293 -0.0094131005690065248 0.0035290845328919992 0.029849065150110588 -0.015670184545068449 0.0023320352319024947 0.083456074711665926 -0.0019238462310683397 0.020212772529305596 -0.013331783667073417 0.12939235036976296 0.015485834728465299 0.092789307198581084 0.05522581693676714 0.016812157801994968 -0.0077150103215871514 0.0090395167450350745 -0.020993328653917849 0.085442411836620671 0.064215451055647202 0.06219357620017673 0.058642933772818998 0.088881170085211889 0.16586033303150541 -0.0082660690321175161 0.0042488623614615568 0.012391861739492138 -0.031196067322860285 0.0033120150902178854 0.061178436582106324 0.09301517756085409 0.029486138325433127 -0.029831294655832442 -0.0057837417937487588 0.057000527774890564 0.049780992898349218 0.053820380525198053 0.021397776337800305 0.0060796255739973019 0.065491985605662745 0.077515360891436846 0.0040514904985750116 -0.019529301858534423 -0.012794582193989795 0.047269265365626374 0.0074030544061333622 0.0846350616325902 0.034868291701187847 0.021875358073876371
leaf_weight=109.18994081020355 2760.3818114511669 353.81937882304192 784.34522557258606 9008.5821005813777 1379.6942888461053 669.30790721997619 750.81627755984664 2297.1869568526745 23.706201002001762 1249.4941497445107 1288.2564948573709 1235.0586991421878 1659.6599411219358 796.88148331269622 898.36402917280793 20.54356387257576 152.66655640304089 794.21759399399161 962.09461123123765 120.49429520219564 72.034378807991743 1482.7283696196973 913.93397832661867 43.088969599455595 163.63704170659184 62.893559388816357 472.41111516952515 219.32960653305054 949.3287511318922 766.02951721101999 140.25844842940569 253.25385199487209 214.73005637526512 920.65083219110966 474.94912992417812 36.577359903603792 42.442275311797857 350.38118300586939 48.122639790177345 575.79188433662057 45.766264889389277 369.79322491586208 256.74188911542296 40.25919945538044 1919.9526010304689 1003.2204769998789 4119.7541334480047 493.04769944399595 394.02163911238313 321.83816502615809 1023.7708085738122 297.4870344735682 580.50531135872006 77.981888525187969 297.7600711658597 1628.9097906723619 35.708969071507454 99.278603307902813 236.3670455403626 57.261845543980598 212.26698813587427 1547.3311849497259
leaf_count=772 74274 1479 3280 298909 16598 3034 16281 19541 161 23990 25998 8088 14657 5084 7996 276 1798 8797 14246 1446 852 13901 11368 309 1320 375 2816 3393 9509 5248 1505 1726 1502 3820 1920 477 460 3411 348 5997 224 5134 1625 285 8767 17716 60406 2112 1738 3089 7675 2681 4278 440 2925 35425 443 741 2821 379 1231 8417
internal_value=-0.000848766 0.0136351 0.0265472 -0.0395637 0.000508683 0.0217381 -0.00214477 0.016967 0.00686257 -0.0058973 -0.00971745 0.0145709 0.0182923 0.0221465 0.00944815 -0.00730635 -0.0250797 0.0104561 -0.00828841 0.01059 0.0516471 0.0172082 0.00864556 0.0295531 0.0247614 0.0159297 0.0298537 -0.0268992 -0.00148407 0.0153939 0.0291741 0.0335692 0.0238214 0.0460559 0.0427449 -0.00939845 0.112914 0.0201356 0.0633675 -0.01131 0.0536637 -0.0237256 0.0339238 0.00300622 0.0352684 -0.0134386 -0.0103977 0.0390315 0.0335061 0.026318 0.0161655 0.0432346 0.0544956 0.0209163 0.0121567 -0.0152167 0.0614526 -0.000974212 -0.00537699 0.0224644 0.00205142 0.0275392
internal_weight=50576.4 36806.5 18554.7 13769.9 18251.8 14885.4 16550.2 11666.6 7559.06 3384.62 8991.16 10951.5 8442.09 6742.17 2483.8 8240.34 4761.29 1765.33 8105.32 1118.3 135.02 4174.44 2433.24 4258.37 3461.49 2341.87 1301.33 4608.62 1040.54 828.923 1741.2 1600.94 1347.69 3669.37 3315.55 950.511 62.9858 1585.44 91.2116 6987.02 715.074 1619.29 578.208 1699.92 2394.9 6411.23 5408.01 3218.75 2434.4 1701.53 1132.96 1119.61 744.142 375.469 321.466 1848.24 156.203 1187.13 1087.85 293.629 2509.45 1941.35
internal_count=785514 371715 122408 413799 249307 106422 229620 90875 85499 46573 144121 87617 66845 51903 19495 127840 114890 17449 126252 16135 1588 38926 25746 32408 27324 18605 8439 113092 10166 5623 13180 11675 9949 15986 14507 11845 736 11499 657 110117 3258 29124 4711 14942 10687 104120 86404 15547 12267 19687 8447 8719 5598 3121 3086 38818 1889 12738 11997 3200 20772 10155
is_linear=0
shrinkage=0.05


Tree=21
num_leaves=63
num_cat=0
split_feature=37 38 1 21 41 37 49 41 53 41 38 53 39 49 23 49 49 53 29 55 38 48 49 55 54 55 54 48 49 48 53 49 49 29 11 13 49 48 28 49 49 41 49 48 49 49 53 48 49 49 49 49 49 49 24 54 49 49 49 41 47 39
split_gain=10636.4 2142.35 622.558 594.396 544.733 508.491 475.772 322.089 312.218 302.935 262.696 247.795 238.111 248.759 212.725 193.39 189.847 167.564 163.565 178.405 161.553 169.916 159.163 165.347 158.825 151.676 218.917 216.864 160.638 150.155 149.268 146.55 139.862 210.853 140.489 165.32 135.036 131.494 128.045 132.889 184.625 127.772 127.703 125.232 125.009 124.441 124.137 123.683 210.923 120.278 118.258 117.189 130.446 117.009 116.172 113.836 109.764 106.879 111.924 131.977 109.792 105.938
threshold=285.49383544921881 -8.647056579589842 288.66120910644537 -2.4353712797164913 4.8298299312591562 279.65505981445318 247.43756103515628 -0.62865552306175221 346.58332824707037 5.1459679603576669 -40.647064208984368 1089.1666564941409 -22.689908027648922 286.69125366210943 -43.497713088989251 285.67515563964849 286.04714965820318 32.083333969116218 20.288356781005863 -0.6035533845424651 -34.000007629394524 0.18936437368392947 284.91346740722662 0.98296290636062633 -1.0000000180025095e-35 0.91597560048103344 -1.0000000180025095e-35 -0.52717256546020497 276.94873046875006 0.96787995100021373 1089.1666564941409 288.47418212890631 265.41934204101568 14.724085807800295 264.25559997558599 -28.591924667358395 284.34808349609381 -0.20686483383178708 12.097405433654787 277.81459045410162 269.73658752441412 7.0796411037445077 258.38572692871099 -0.39966389536857599 282.48001098632818 288.57763671875006 956.33334350585949 -0.46758335828781122 265.41934204101568 276.94873046875006 269.68820190429693 257.70365905761724 269.97990417480474 280.31988525390631 25.033315658569339 -1.0000000180025095e-35 256.94619750976568 287.14447021484381 290.50280761718756 23.847252845764164 -2.3608226776123042 -32.965145111083977
decision_type=2 2 2 2 2 2 2 2 2 2 2 2 2 2 2 2 2 2 2 2 2 2 2 2 2 2 2 2 2 2 2 2 2 2 2 2 2 2 2 2 2 2 2 2 2 2 2 2 2 2 2 2 2 2 2 2 2 2 2 2 2 2
left_child=1 4 10 6 5 16 -3 15 12 43 -2 -12 13 32 -15 36 22 51 19 29 -9 -22 25 -24 37 28 -27 -28 46 42 -20 -18 41 61 -35 -36 49 -21 39 40 47 -6 56 -8 -44 -17 -1 -26 -49 -7 -45 -11 -53 -29 -37 -47 -19 60 -59 -60 -16 -34
right_child=2 3 -4 -5 8 7 9 20 -10 17 11 -13 -14 14 57 45 31 18 30 24 21 -23 23 -25 38 26 27 53 -30 -31 -32 -33 33 34 35 54 -38 -39 -40 -41 -42 -43 44 50 -46 55 -48 48 -50 -51 -52 52 -54 -55 -56 -57 -58 58 59 -61 -62 -63
leaf_value=0.021339356408948448 -0.034780817801181099 0.064854437471560555 -0.046577220114157492 0.049016880979687504 0.0048894387906340472 0.035773716341644696 0.055207422210102192 -0.028258717983779432 0.013484791343198119 0.029255751242658598 -0.014090985337581952 0.079442005981555652 0.0089446706039015816 -0.026183532139427458 -0.019838386665202851 -0.027384102506793719 -0.026654703557613353 0.049560522966016825 0.0047107021278420189 -0.0066926050001671015 -0.0055741157297999767 0.082585147417222879 0.085289891144987195 -0.049163253871426456 0.054669457156797621 0.011560861209466991 0.027288105194672015 0.06565872912797166 -0.0041877115435632632 -0.028378766279100048 0.092731345062745274 0.028795769662741423 -0.020372316048733827 -0.012735088758922142 0.014635907838790894 0.13762226282551254 0.082188169271576628 0.018480532962741481 0.010794068709899471 -0.0032997456972233326 0.072385221208775566 -0.03395362960009729 0.029871826446072409 0.011299315142570907 0.071164170742537239 0.096567935646425865 0.093536995938473144 0.033667545076555526 -0.046430644602854267 -0.014738944118250934 0.046215115906008526 -0.0046797209652838191 0.017518375458788031 0.13008001104340725 0.025983256810502217 0.004927003698593467 0.117547471472845 0.0084086152968687235 0.10154062345670406 -0.035417009161651851 0.099692207298958113 -0.0041809083797285261
leaf_weight=2591.1246799081564 2515.683038841933 637.62522174417973 8769.0531667098403 2528.2844399064779 251.00487686693668 483.27625944837928 766.77726075425744 1140.381784144789 1998.4929860047996 553.19037760049105 2023.948771122843 73.378615850582719 1677.4956894032657 250.73121603950858 24.773469392210245 310.99657879024744 335.52544631436467 167.87101279944181 1585.1164817400277 680.28974550962448 803.51153431087732 58.645134974271059 178.07228611782193 26.235094428062439 314.09630017355084 469.93209685385227 354.16544782742858 280.04930030182004 683.38765696808696 81.06493091583252 49.674982368946075 184.77595852315426 3246.3331357575953 361.70021061226726 430.75406248867512 52.147228121757507 115.56248004361987 2184.881785120815 542.181047514081 158.50231794640422 412.28312088921666 1352.4927637949586 1306.3374468721449 501.72263400256634 213.20641097053885 40.8688795119524 60.938428543508053 326.90797957032919 109.79371372237802 155.85493290424347 469.38946290686727 1682.5336076170206 1090.9290285669267 94.192591566592455 42.128740169107914 198.3833306171 91.850166533142328 447.89488552883267 72.0087646022439 23.275678131729364 85.563552539795637 1466.6452517956495
leaf_count=19288 66573 2642 302843 11001 3176 3841 3427 22908 26284 3541 44134 741 18097 4986 211 3822 3992 932 12038 4506 11936 685 1260 353 1760 3400 2671 2097 6359 684 288 1718 61914 5548 5833 583 907 15379 3530 998 2445 23541 9467 2314 1227 387 375 1814 874 1791 2183 12784 7743 552 512 2410 512 5657 728 233 714 20658
internal_value=-0.00058181 0.0132983 -0.0387553 0.0267136 0.00245061 0.0120454 0.0226644 -0.00331502 -0.00452427 0.0206401 -0.0238863 -0.0108186 -0.00820247 -0.0117503 0.012969 0.0160137 0.021707 0.0177118 0.0215419 0.0250542 -0.0159105 0.000422604 0.0248553 0.0680248 0.019894 0.0229099 0.0381675 0.0553327 0.0174283 0.0381714 0.00738531 -0.00696244 -0.0148535 -0.0111252 0.0112429 0.0277617 0.0324494 0.0125036 0.0312552 0.0396495 0.0455025 -0.0278733 0.0412035 0.0401026 0.0356655 -0.00652851 0.0229983 0.0307405 0.0135296 0.023456 0.028176 0.00824297 0.0040518 0.0818729 0.0877346 0.020581 0.073604 0.0279904 0.0188771 0.0680852 0.0728545 -0.0153337
internal_weight=50185.9 36803.8 13382.1 16454.5 20349.3 8565.88 13926.2 3307.48 11783.4 13288.6 4613.01 2097.33 9784.95 8107.45 904.248 1304.94 5258.4 11550.7 8224.06 6589.27 2002.54 862.157 4738.1 204.307 4728.94 4533.79 1198.34 728.407 3335.45 1860.33 1634.79 520.301 7203.21 5599.71 886.73 525.03 754.694 2865.17 1863.76 1321.58 1163.08 1603.5 1779.27 1737.89 1519.54 550.249 2652.06 750.798 436.702 639.131 971.112 3326.65 2773.46 374.242 94.276 239.252 259.721 653.516 543.179 95.2844 110.337 4712.98
internal_count=785807 371516 414291 102089 269427 90752 91088 48687 178675 88446 111448 44875 152391 134294 12529 13158 42065 80522 56454 44128 35529 12621 36355 1613 31306 34742 8720 5320 26022 12822 12326 5710 121765 95048 12476 6928 6539 19885 11421 7891 6893 26717 12138 7924 10694 6619 19663 4448 2688 5632 4497 24068 20527 2649 1095 2797 1444 7543 6618 961 925 82572
is_linear=0
shrinkage=0.05


Tree=22
num_leaves=63
num_cat=0
split_feature=0 17 5 2 49 40 35 43 50 23 53 44 53 17 49 41 41 17 41 40 49 49 49 45 49 49 48 5 49 49 49 55 53 40 49 48 41 23 41 45 51 53 53 49 40 39 48 41 41 49 49 5 23 49 41 49 49 55 5 23 49 5
split_gain=9840.16 2071.42 706.356 621.634 472.17 458.569 449.126 393.773 267.684 243.534 235.823 210.094 178.54 168.775 164.174 182.308 158.533 158.084 150.141 145.434 144.685 167.362 280.566 142.696 140.435 138.947 132.199 126.636 133.509 133.454 124.231 164.115 121.099 119.338 118.871 117.605 238.072 135.437 125.082 117.601 115.288 111.035 109.692 156.646 107.023 144.53 127.962 138.766 129.371 120.412 200.217 104.615 198.708 103.624 101.691 101.123 217.953 100.8 99.0422 98.527 130.432 97.9789
threshold=286.16719055175787 -15.162521362304686 216.1795349121094 288.02078247070318 247.43756103515628 -0.52941894531249989 4.7603943347930917 -3.8460693359374996 82.059875488281264 -43.003240585327141 91.166667938232436 -4.7704601287841788 1089.1666564941409 0.44061279296875006 254.46063232421878 9.2670049667358416 1.0215427875518801 -37.296619415283196 -0.62865552306175221 -2.3529586791992183 259.72676086425787 270.49778747558599 274.50689697265631 4.6640853881835946 286.81991577148443 276.94873046875006 0.16143232583999637 277.75044250488287 290.50280761718756 287.14447021484381 255.95982360839847 -0.7865660786628722 805.25000000000011 -0.56863403320312489 286.99784851074224 0.12764942646026614 18.62987041473389 -8.3960647583007795 11.48729181289673 10.474720954895021 37.148876190185554 1193.0000000000002 1089.1666564941409 266.53407287597662 15.862731933593752 -7.6092963218688956 0.11192005872726442 13.750423908233644 9.8378095626831072 274.21087646484381 273.86521911621099 238.26190948486331 -18.475384712219235 290.50280761718756 0.9034126102924348 268.59339904785162 260.24180603027349 0.12940952181816107 222.76506042480472 -19.018526077270504 266.77218627929693 231.42743682861331
decision_type=2 2 2 2 2 2 2 2 2 2 2 2 2 2 2 2 2 2 2 2 2 2 2 2 2 2 2 2 2 2 2 2 2 2 2 2 2 2 2 2 2 2 2 2 2 2 2 2 2 2 2 2 2 2 2 2 2 2 2 2 2 2
left_child=1 5 13 12 40 11 20 -7 9 -9 23 16 17 14 -3 -16 -1 -2 19 -13 -6 61 -23 35 54 -20 -27 28 29 -26 -17 -32 57 34 -19 38 -37 -38 -8 42 -4 -18 44 -44 46 -46 47 49 -48 50 -12 -24 -53 -35 -11 56 -39 -10 -51 60 -50 -22
right_child=3 2 4 -5 6 7 10 8 32 24 39 18 -14 -15 15 30 41 33 25 -21 21 22 51 -25 27 26 -28 -29 -30 -31 31 -33 -34 53 -36 36 37 55 -40 -41 -42 -43 43 -45 45 -47 48 -49 59 58 -52 52 -54 -55 -56 -57 -58 -59 -60 -61 -62 -63
leaf_value=0.038073405598408661 -0.031885748587916228 0.068609877317862 0.070389284532130239 -0.046449364643231746 0.062476937744753915 -0.030404874760092328 0.0088512627278575836 -0.023584225343214922 0.017654473688900715 -0.050884130554315427 0.024759859407652119 0.007712449026094895 0.031486578337296608 0.056652184210878864 0.053404724647654327 -0.01458785306558168 0.0063599743755156958 0.026625800837567867 0.0066603722245446063 0.047037515110579263 0.037020613129907273 0.071014037695168716 0.041862724298579901 -0.0069137199863122476 0.079786127581473715 -0.022996707622162368 0.062385535993884224 -0.012845297466313094 0.11448548931590506 0.0070772755247678317 0.05182834646180004 0.017276159883372402 0.046164398158946296 -0.025390200382437295 -0.028061142079533998 0.037469049864411075 -0.001276816458769427 0.030252234757719501 -0.019896403038238114 -0.0037636123826364138 0.012083877044595022 0.1170177349018182 0.10517979465805692 0.020857250126508645 -0.0061551625927922342 0.023203828820826493 0.081023620311168151 -0.015409334196047826 -0.017245636624526852 0.046547836276971385 0.14661541621742102 0.032884420031840854 -0.03694196836227992 0.046277973073803116 -0.003897177528594962 0.058052247424153762 -0.027822295890349825 -0.0095133439109204992 -0.01571691083572133 0.036738797464506256 0.027136770306226382 0.003595370334129008
leaf_weight=932.89217995479703 2936.3274225797504 315.54575305432081 521.50725123286247 8337.385516256094 406.51176325976849 1627.5405908003449 1169.9976007342339 1840.6161398366094 1008.5502057857811 118.68091476708651 1195.8770509772003 1772.119682662189 143.32184944674373 1244.3695870935917 642.28739315271378 200.91036824136972 927.82864920422435 314.55423441156745 1055.3122672215104 271.06981490924954 326.44495333731174 507.44114423543215 422.22631042450666 1580.2742313481867 86.10278569534421 992.0010946020484 47.505824763327837 179.78329063951969 49.762056928128004 236.32798168435693 478.00533963739872 1222.8291661292315 247.49294521659613 930.54996659234166 145.2548765540123 911.66308848559856 1595.8930573984981 621.10867633670568 559.2434322796762 507.46878667548299 101.24195093661547 23.236835144460201 93.123861812055111 134.80761694163084 799.39358107745647 881.37873057276011 125.82932387664914 323.45631432533264 224.92819052562118 79.699177052825689 34.687073029577732 274.35324547067285 162.07682678103447 53.327168356627226 3872.2555107735097 164.18568183481693 218.35650811344385 516.15160673484206 321.50417324900627 1489.0624878369272 626.97624188289046 667.61576382815838
leaf_count=6918 81164 1350 2167 301524 1710 32235 8107 39078 14336 2826 8275 18024 1607 5436 2689 1037 8952 5135 11160 1621 1398 2462 1956 16248 596 15546 677 2214 452 2887 2361 5923 2503 20759 2820 6857 15152 3512 5305 5385 434 152 594 939 8521 5114 947 3125 2727 379 250 1590 1034 1114 55653 846 1577 7984 2780 9773 6043 3722
internal_value=-0.000682452 0.0124262 0.0226585 -0.0383525 0.0181756 -0.00126781 0.0165554 -0.0079497 -0.00346859 -0.00824142 0.0128343 0.00958756 -0.0234283 0.0412813 0.0345925 0.0303732 0.0234286 -0.0252252 0.00328601 0.0129297 0.034926 0.0301806 0.0415384 0.00625609 -0.00202509 -0.00612001 -0.0190947 0.0216133 0.0382581 0.0264936 0.0225946 0.0269868 0.0137234 -0.0116783 0.00935006 0.0102275 0.015484 0.00777384 -0.000445847 0.0193958 0.0609104 0.00906361 0.0212522 0.0553081 0.0199803 0.00924037 0.0240624 0.0145088 0.0316348 0.0204393 0.0281947 0.0241191 0.00695303 -0.0215057 -0.00529446 0.0221652 0.0151462 0.00845745 -0.003348 0.0289801 0.0154185 0.0145721
internal_weight=49818.2 36957.5 21152.3 12860.7 17048.3 15805.2 16425.6 9783.26 8155.72 6383.53 13658.9 6021.97 4523.34 4103.95 2859.58 2544.03 1883.96 4380.01 4138.01 2043.19 2766.67 2360.16 1366.1 6820.72 4542.91 2094.82 1039.51 551.976 372.193 322.431 1901.74 1700.83 1772.19 1443.69 459.809 5240.45 3511.21 2599.54 1729.24 6838.19 622.749 951.065 6330.72 227.931 6102.79 1680.77 4422.02 1955.22 2466.8 1631.77 1230.56 858.656 436.43 983.877 3990.94 1003.65 839.465 1524.7 401.203 2340.97 851.904 994.061
internal_count=785662 371539 147725 414123 128929 223814 126328 160764 128529 103706 112456 63050 112599 18796 13360 12010 16022 110992 47028 19645 13872 12162 7042 57604 64628 27383 16223 6149 3935 3483 9321 8284 24823 29828 7955 41356 27944 21087 13412 54852 2601 9104 49467 1533 47934 13635 34299 14809 19490 11684 8525 4580 2624 21873 58479 5935 5089 22320 3159 18543 8770 5120
is_linear=0
shrinkage=0.05


Tree=23
num_leaves=63
num_cat=0
split_feature=37 38 2 39 49 41 41 5 41 53 38 53 39 49 53 40 45 29 55 54 49 29 5 53 49 49 49 49 44 49 49 29 51 41 40 52 41 5 49 29 49 46 49 54 41 55 5 39 55 49 46 38 22 49 37 55 49 49 49 49 41 49
split_gain=9155.66 1748.15 626.21 610.659 475.345 455.071 444.149 361.459 281.599 243.763 220.463 196.81 196.189 181.242 178.666 153.647 150.757 154.326 199.822 163.393 201.821 210.084 141.877 141.288 140.294 231.845 135.116 143.632 132.982 125.142 285.761 169.107 124.992 122.824 120.587 160.347 118.678 226.694 150.073 221.181 248.606 194.99 111.979 109.816 110.167 108.866 115.556 107.862 106.887 105.945 106.002 105.167 104.352 103.184 102.454 101.305 101.227 101.508 100.084 133.897 116.962 99.9766
threshold=285.49383544921881 -12.588233947753904 288.12568664550787 -2.7966600656509395 247.43756103515628 3.3023456335067753 5.1459679603576669 270.48266601562506 -0.42216905951499933 427.52499389648443 -40.941184997558587 1089.1666564941409 -43.07189750671386 286.69125366210943 20.000000000000004 -2.3529586791992183 -11.547155380249022 18.772079467773441 -0.37940952181816096 -1.0000000180025095e-35 276.94873046875006 11.928644180297853 221.06523132324222 1089.1666564941409 286.04714965820318 284.34808349609381 269.73658752441412 268.95562744140631 -3.3457202911376949 255.32789611816409 256.32855224609381 24.770523071289066 62.29881668090821 10.832485675811769 6.8627395629882821 42.129280090332038 8.3977231979370135 249.96333312988284 266.77218627929693 15.019815444946291 267.78880310058599 4.6540393829345712 289.26409912109381 -0.7865660786628722 9.1554088592529315 0.91597560048103344 248.88563537597659 -6.9694988727569571 1.0000000180025095e-35 287.14447021484381 1.9144458770751955 -4.7058792114257804 -1.103085935115814 282.31869506835943 270.06900024414068 -0.91597560048103321 259.31796264648443 256.60597229003912 265.70214843750006 267.78880310058599 0.20721228420734408 279.94920349121099
decision_type=2 2 2 2 2 2 2 2 2 2 2 2 2 2 2 2 2 2 2 2 2 2 2 2 2 2 2 2 2 2 2 2 2 2 2 2 2 2 2 2 2 2 2 2 2 2 2 2 2 2 2 2 2 2 2 2 2 2 2 2 2 2
left_child=1 5 10 4 32 7 -6 24 15 12 -2 -12 34 36 51 -9 33 18 22 43 21 26 -18 47 25 45 27 -21 -10 -5 31 -31 -3 -16 -7 -36 37 -14 -38 -40 41 -41 -26 -20 -45 46 -1 -19 -39 50 -15 -8 -32 56 -50 -49 57 -24 -47 -60 -61 -42
right_child=2 3 -4 29 6 9 14 8 28 -11 11 -13 13 49 16 -17 17 23 19 20 -22 -23 53 -25 42 -27 -28 -29 -30 30 52 -33 -34 -35 35 -37 38 48 39 40 61 -43 -44 44 -46 58 -48 55 54 -51 -52 -53 -54 -55 -56 -57 -58 -59 59 60 -62 -63
leaf_value=0.038277482378317358 -0.034123097402950678 0.066312650478905819 -0.046531117088922935 0.073356898763400791 0.034934011278856925 -0.030992979742129473 -0.0059077324828896664 0.0052627072089207133 -0.0021436118371581433 0.013046144889739299 -0.015350896127775723 0.060200480851697782 0.024321669341905328 -0.00056061172299327249 0.027716658723229592 0.043817326676657511 0.060007803077989801 -0.0050781309424664982 0.013775182247096264 0.032160100825929114 -0.018806359131343642 -0.0011645167078174732 0.012680962923451507 0.076705604904031791 -0.028121490907286963 0.075056589489114534 0.057993280802392078 -0.050279087757033485 -0.032573541246087835 0.059809609643837719 0.036005684820632794 -0.043943752924297995 -0.017718609185864879 -0.023117886554669998 -0.013499858309687888 0.068593358728826256 -0.028162922910373228 0.025804461747412213 -0.015088837141846893 0.18850297009235467 -0.0030797841796224201 -0.012353937010149193 0.073646815667813934 0.0079268671034728629 -0.027510717550977122 0.0065772900368175459 0.0089886554613127501 0.038278622218637919 -0.00090239837962098959 0.0095971773084055703 0.097501428659213518 0.012156378376122868 0.059241153340663988 0.058142545744747358 -0.029484986691849981 0.0055009435998181217 0.019309688889582427 0.073727459483717464 0.12221789229211273 0.07802402560069871 0.021853365418431803 0.04423101185397383
leaf_weight=436.76336210221052 2366.9982244707644 605.27883652597666 7778.4365868084133 330.37795309722424 2799.9813976027071 1477.7437681481242 1670.0967436619103 1620.4448676146567 696.57452794723213 1336.7380910236388 2227.4732659514993 89.669076479971409 700.40058341622353 43.622575420886278 166.29428684711456 307.4371994510293 384.15620254725218 1319.7477526515722 2209.4241497181356 1037.4385007470846 233.19859550893307 424.32324752956629 108.36853846907616 69.686979949474335 201.6222314722836 221.01019413769245 569.73897339403629 55.670287173241377 740.91030403971672 53.467351362109184 1108.4890565499663 147.93911470472813 47.743391081690788 416.25627859309316 619.45635315962136 65.80064969137311 1223.5344846714288 178.61180143430829 2023.092676287517 36.023056019097567 431.1442860737443 18.181823585182428 31.215332500636578 522.77678566798568 377.80836928263307 168.76346905529499 1470.8982012346387 351.55872583389282 612.37884312495589 593.13449035957456 74.835459973663092 1556.7647262811661 856.63682380318642 242.26972654089332 642.42832216061652 715.4728587642312 1820.3203250914812 183.23637668043375 58.548437114804983 142.0239071212709 266.7227650731802 150.69465141743422
leaf_count=2578 66275 2519 295316 1442 13571 34079 16570 16459 10936 17164 51619 854 6897 442 1289 1889 1933 13021 16673 6778 1794 3024 750 412 2546 1536 3866 489 14773 236 4825 724 206 4806 11932 557 21542 2524 34520 424 6156 308 328 3301 3356 1119 12317 2019 7221 7464 562 9672 3660 1717 11407 4133 14972 1204 417 841 2156 1691
internal_value=-0.000770932 0.0117211 -0.0378336 0.0215292 0.018296 -0.000329844 0.0167094 0.0101689 -0.00107812 -0.00686135 -0.0233906 -0.0124272 -0.00985437 -0.0056431 0.0131742 0.011411 0.0161591 0.0175169 0.0208213 0.0152681 0.0253091 0.030238 0.0318338 0.00652828 0.022796 0.0259351 0.0382513 0.0279616 -0.0178278 0.0446922 0.0403211 -0.0164004 0.060169 -0.00860671 -0.0229537 -0.005617 -0.00846536 0.00100725 -0.0136713 -0.0070033 0.0187147 0.12113 -0.0144779 0.00777664 -0.00693971 0.0216672 0.0156944 0.0044793 -0.0103847 0.018219 0.0613897 0.0028071 0.0461345 0.0272364 -0.0155359 0.0163003 0.023691 0.0510409 0.0395809 0.0515001 0.0413705 0.00917358
internal_weight=49437.9 36975.3 12462.6 20384.5 17887.6 16590.8 17234.6 6362.93 3365.37 10227.8 4684.14 2317.14 8891.08 6728.08 14434.6 1927.88 11207.7 10625.2 8168.73 5430.38 2320.37 2087.17 2738.35 2456.47 2997.57 2764.73 1662.85 1093.11 1437.48 2496.91 2166.53 201.406 653.022 582.551 2163 685.257 6016.49 2133.82 3882.67 2659.14 636.044 54.2049 232.838 3110.01 900.585 2543.72 1907.66 2386.78 1433.42 711.593 118.458 3226.86 1965.13 2354.19 1254.81 1067.03 2111.93 291.605 636.059 467.295 408.747 581.839
internal_count=785811 371747 414064 138962 128075 232785 125350 67895 44057 164890 118748 52473 147726 101158 111779 18348 85537 79442 59857 39281 15951 14157 20576 19585 23838 20964 11133 7267 25709 10887 9445 960 2725 6095 46568 12489 92690 28049 64641 43099 8579 732 2874 23330 6657 19428 14895 19173 21152 8468 1004 26242 8485 18643 18628 6152 16926 1954 4533 3414 2997 7847
is_linear=0
shrinkage=0.05


Tree=24
num_leaves=63
num_cat=0
split_feature=0 17 36 5 43 53 49 33 53 17 24 33 28 47 55 49 40 53 44 39 49 41 24 43 52 49 55 40 23 5 49 54 49 38 36 11 49 49 5 49 49 54 52 49 40 4 11 51 49 24 47 55 49 38 47 5 36 49 49 47 39 49
split_gain=8656.82 1635.5 581.876 581.152 376.039 370.703 330.704 269.956 250.022 223.41 332.716 210.887 225.492 180.66 213.355 187.206 177.285 175.101 171.727 169.43 159.211 165.998 159.098 151.529 147.964 140.122 128.906 167.135 194.571 126.862 121.323 125.492 115.686 109.93 109.641 111.47 118.873 159.74 223.858 145.006 115.202 109.362 113.374 108.102 207.771 114.778 131.327 104.731 100.572 99.7022 99.6812 97.1492 108.393 94.9473 94.0559 93.9473 105.417 92.36 105.226 92.2593 90.9227 90.2146
threshold=286.30964660644537 -13.214450836181639 285.58824157714849 217.3274841308594 -5.6484756469726554 545.16665649414074 247.43756103515628 5.8571696281433114 1089.1666564941409 -34.913860321044915 5.694481849670411 -0.22637289017438886 8.0675926208496112 -2.6776723861694331 0.12940952181816107 266.77218627929693 -0.29412841796874994 224.02777862548831 -6.1366901397705069 -1.2745085358619688 254.46063232421878 10.185907840728762 0.058122634887695319 -6.9086914062499991 4.3194870948791513 276.94873046875006 0.37940952181816107 14.627449035644533 -8.3960647583007795 247.76972961425784 285.67515563964849 -0.37940952181816096 284.91346740722662 -37.647056579589837 226.76470184326175 252.05545806884768 261.33148193359381 270.15548706054693 239.36711120605472 258.38572692871099 274.13537597656256 -0.37940952181816096 34.52357482910157 267.78880310058599 15.215675354003908 262.86454772949224 270.84846496582037 49.556632995605476 276.94873046875006 24.555786132812504 -0.75663590431213368 -0.91597560048103321 256.32855224609381 -14.176475524902342 0.035203242674469955 273.52867126464849 278.52941894531256 255.95982360839847 270.65731811523443 -0.21367102861404416 -41.266523361206048 280.31988525390631
decision_type=2 2 2 2 2 2 2 2 2 2 2 2 2 2 2 2 2 2 2 2 2 2 2 2 2 2 2 2 2 2 2 2 2 2 2 2 2 2 2 2 2 2 2 2 2 2 2 2 2 2 2 2 2 2 2 2 2 2 2 2 2 2
left_child=1 4 8 19 16 9 47 34 22 11 18 25 -13 -12 15 -15 60 23 -11 20 -3 -22 -2 49 -7 -6 27 57 -29 -16 32 -32 54 -24 -8 36 39 -38 -39 -36 -37 42 -19 44 -17 -45 -47 -5 -10 -9 -46 52 -23 -48 -20 -14 -57 -25 -59 -50 -1 -62
right_child=2 3 -4 6 5 24 7 17 48 10 13 12 55 14 29 43 -18 41 30 -21 21 51 33 26 -26 -27 -28 28 -30 -31 31 -33 -34 -35 35 40 37 38 -40 -41 -42 -43 -44 45 50 46 53 -49 59 -51 -52 -53 -54 -55 -56 56 -58 58 -60 -61 61 -63
leaf_value=-0.019457896948638091 -0.0022811342804891755 0.061981001096546473 -0.047689845156301425 0.060352917298588764 0.026773266302035182 0.067750145994503311 0.046165389428598907 0.0021529253726962991 0.10449950333573617 0.026612179226459351 -0.02357882913352145 -0.026520986151347778 -0.022704868276074385 -0.016803458831916494 0.0044289502448859102 -0.0055054324358925228 -0.032601491662844567 0.019692965181893472 -0.00038294759256759066 0.053477704620132883 0.045672213470852888 0.0025711421707828959 -0.037363424774677627 0.061922592237073748 0.019585024610673296 -0.0064954017096605574 -0.002889180354220543 -0.0079658651135543577 0.019675380415875555 -0.029210245610733543 0.034756032458291911 -0.022490578639825145 0.070637163852097506 -0.021462951685939119 -0.044420038688437469 0.050355438585075907 -0.023658974825400924 0.044253523353189515 -0.027964441149252423 0.037573452967393346 0.017289091762074101 0.030769221884170472 -0.013572759658827911 -0.001426962114539485 0.20892021847914172 0.074288909417101048 0.014085773383679438 -0.013375541878781561 -0.033993713214663338 -0.023490503410844212 0.054203002952355341 0.015323722919895156 0.05585445997075858 0.091579090905324761 0.019389512788859184 0.032086483640925013 -0.0067784815076911966 0.013640992892649582 0.034181510051445069 0.057188380243026297 0.011026624669879692 0.090024946595179178
leaf_weight=179.7548777423799 565.61217154562473 371.29364025592804 6696.111815162003 516.40040522813797 526.95784251764417 179.79505175724626 632.97165186703205 1366.8331432081759 41.206805437803268 1592.475234426558 1063.1572817414999 2055.1557118184865 261.89734010770917 598.10622580721974 430.88446876034141 45.732173204421997 1219.7109211273491 1025.9260209351778 1194.6400429233909 1086.8541570007801 900.09950847923756 133.21683888137341 2497.9317620135844 141.94420701637864 1409.3157391548157 792.48160639405251 1336.2713009491563 1348.7599089369178 1205.8454604372382 801.83073050528765 115.95672639086843 548.87651241198182 80.142167266458273 1924.4967906530946 59.304703027009964 578.87300846353173 357.25570993870497 324.8563691675663 160.23381515219808 594.1086608171463 483.34564013779163 1556.3467373214662 341.34872634708881 834.32485652342439 26.10000130161643 112.74995832517743 945.22966375946999 53.121543645858765 53.783640891313553 524.4992789439857 17.318497348576784 1876.4047568552196 336.63593700528145 41.252053808420897 1211.3042946904898 344.67838409170508 353.32689658552408 1846.6477737538517 941.33677160739899 57.293571125715971 155.37441919371486 47.093032870441675
leaf_count=2566 12801 1615 265467 2160 4197 1489 2701 12844 410 13001 17255 44928 5061 10264 6070 771 25402 7757 11884 4717 3814 704 82227 861 16219 9633 10831 13145 7138 13995 1363 7229 594 48700 282 2973 2081 1619 1028 2650 2604 11527 2605 12413 257 1220 12662 230 758 5868 218 9358 1723 491 10243 5230 5607 13661 6851 701 1369 325
internal_value=-0.000722795 0.0111033 -0.0379767 0.020786 -0.000221783 0.00214954 0.0160865 0.0146503 -0.0253238 -0.000449093 0.00378266 -0.0098802 -0.017176 -0.00533167 -0.000297433 0.00777131 -0.0232901 0.0111172 0.01323 0.0361661 0.0309652 0.0274179 -0.0272506 0.007564 0.0250345 0.00679144 0.0110363 0.0144292 0.00508158 -0.017452 0.00646661 -0.0125059 0.0115403 -0.0304441 0.0275337 0.0229233 0.0141275 0.00171294 0.0203987 0.0301316 0.0353091 0.0217053 0.011388 0.015038 0.0688694 0.0125559 0.0231691 0.053476 0.0377867 -0.00495844 0.147208 0.0204149 0.0407471 0.0173263 0.00957176 0.0028317 0.0124132 0.0225794 0.0205763 0.013038 0.00642336 0.0294013
internal_weight=49122.8 37286.4 11836.4 20100.7 17185.6 15583.7 15396.2 14826.7 5140.32 13994.6 9660.08 4334.5 3015.06 4916.69 3853.53 2620.81 1601.93 11635.8 4743.39 4704.5 3617.65 3246.36 4988.04 8712.14 1589.11 1319.44 6820.81 5484.53 2554.61 1232.72 3150.92 664.833 2486.09 4422.43 3190.95 2557.98 1495.76 842.346 485.09 653.413 1062.22 2923.62 1367.27 2022.71 89.1507 1933.56 1099.23 569.522 152.284 1891.33 43.4185 2346.26 469.853 986.482 2405.94 959.903 698.005 2929.93 2787.98 111.077 382.222 202.467
internal_count=786367 375303 411064 133347 241956 212294 111416 109026 145597 194586 119930 74656 60826 75616 58361 38296 29662 93088 44314 21931 17214 15599 143728 71199 17708 13830 52487 41656 20283 20065 31313 8592 22721 130927 15938 13237 7660 4728 2647 2932 5577 21889 10362 28032 1246 26786 14373 2390 1869 18712 475 11785 2427 13153 22127 15898 10837 21373 20512 1459 4260 1694
is_linear=0
shrinkage=0.05


Tree=25
num_leaves=63
num_cat=0
split_feature=37 17 38 17 40 49 17 35 41 43 12 48 47 48 29 23 29 42 48 37 25 52 41 1 5 41 49 49 40 15 23 49 40 48 48 24 5 49 36 3 34 49 49 48 49 52 36 5 41 36 48 38 40 49 46 29 36 48 49 47 48 48
split_gain=8070.25 1548.99 495.738 488.615 411.989 404.867 336.432 319.205 309.789 252.279 309.88 212.869 192.648 189.602 216.077 181.403 183.195 176.902 170.697 250.927 215.971 150.863 144.344 142.52 137.654 137.519 125.651 121.36 121.262 120.611 120.105 116.429 166.022 148.831 146.392 124.234 114.179 113.562 110.268 107.809 107.643 106.896 300.704 132.128 139.715 106.493 106.454 106.378 106.173 105.32 105.15 102.721 105.24 102.27 109.601 101.796 98.8496 98.585 98.3227 124.069 97.375 123.904
threshold=286.18373107910162 -12.131832122802733 -40.647064208984368 -0.37291717529296869 0.78430938720703136 254.46063232421878 -34.913860321044915 -0.42913483083248133 7.6736869812011728 -4.2396392822265616 -48.305747985839837 0.20595771074295047 -3.7114353179931636 0.1227008104324341 17.05646896362305 -7.0733015537261954 27.275884628295902 5.0714035034179696 -0.032680213451385491 270.54829406738287 6.581740379333497 73.961242675781264 13.920842647552492 288.20376586914068 234.2858810424805 1.5168278217315676 276.94873046875006 267.04945373535162 -1.9019622802734373 -43.047107696533196 -9.0357642173767072 267.78880310058599 13.078430175781252 0.8994269371032716 0.8446832299232484 25.033315658569339 241.09019470214847 263.73217773437506 286.76470947265631 250.55432891845706 12.398332595825197 261.09867858886724 268.59339904785162 0.83399277925491344 258.98173522949224 45.53399848937989 225.00000762939456 282.97074890136724 -0.97021767497062672 221.47058868408206 -0.32840815186500544 0.64705657958984386 2.7254943847656254 290.50280761718756 2.9139881134033208 18.772079467773441 225.58824157714847 0.96787995100021373 270.49778747558599 3.3262751102447514 0.69629311561584484 0.95832794904708873
decision_type=2 2 2 2 2 2 2 2 2 2 2 2 2 2 2 2 2 2 2 2 2 2 2 2 2 2 2 2 2 2 2 2 2 2 2 2 2 2 2 2 2 2 2 2 2 2 2 2 2 2 2 2 2 2 2 2 2 2 2 2 2 2
left_child=1 4 38 5 6 45 7 26 56 -6 -11 17 -12 22 30 39 41 47 19 20 -14 27 24 -4 -10 -19 -1 -20 -27 -23 40 32 -29 34 35 53 -22 50 -2 57 -15 43 -43 -17 -45 -3 -44 -8 -49 -42 -9 52 -5 54 -33 -56 -7 -16 -13 -60 -51 -62
right_child=2 3 23 51 9 8 11 37 13 10 12 58 18 14 15 16 -18 25 21 -21 36 29 -24 -25 -26 28 -28 31 -30 -31 -32 33 -34 -35 -36 -37 -38 -39 -40 -41 49 42 46 44 -46 -47 -48 48 -50 60 -52 -53 -54 -55 55 -57 -58 -59 59 -61 61 -63
leaf_value=0.030905678487607859 -0.036743225883980907 0.051193697875463587 -0.0089872239399089275 0.052843228574736639 -0.026944878891435216 0.040594280830664263 0.0049072202100502909 0.099140199130776069 0.014985913262170769 -0.028088677539921628 -0.020136382595734803 -0.021847215046467135 0.020449125378268006 0.041064111208612475 -0.0031126985855176232 0.021319008305544482 -0.0061104079584714801 0.039843939990000868 -0.010765059828206204 -0.038619480354676383 0.01978275816391677 0.10445851265441636 -0.016279013429772237 -0.032672692243915516 -0.015998256068879814 -0.016575422841194468 -0.00031556262897388922 0.0063488227610712187 0.021339114791320127 0.026937503186024531 0.038708454972421882 -0.00071232042934101176 0.1227005963278589 -0.019938530517907189 0.054779994255086908 -0.028086556667632653 -0.027664991857394867 -0.023404992953985224 -0.048747338993899804 0.073178547553529344 0.03874439774324203 -0.027368443929452681 0.071855610717834376 0.034200654699799223 0.097400420903404727 -0.025967185248544484 -0.014194077140282139 0.13065009147520965 -0.012269333589412547 0.0035885021570626996 -0.032964868709029975 0.060077737964864208 0.028250097792507919 0.06737827874126999 0.01837126916263216 0.083283054256612588 0.022511785038180285 -0.048645405031617787 0.070935662703161706 0.20456287814301677 0.027342832705224304 -0.017086008534225119
leaf_weight=540.2517588827759 2983.8638413716108 970.29332298785448 1451.1681989114732 610.29111769795418 1368.700524404645 1007.7839897088706 3179.1408977173269 37.016157982870936 1497.5611987225711 1136.5479910559952 1023.4913837015629 17.986665729433298 758.90741655603051 450.63982927426696 1885.3753231912851 505.78455384075642 591.48660907894373 873.68202004209161 838.86244349740446 520.23901094123721 161.76726794242859 60.157361131161451 936.18579031154513 1129.4018733371049 471.27630330249667 254.46126898936927 798.66482505202293 68.87972954288125 1231.5893528256565 302.37327953055501 862.31810723990202 1014.0728394277394 55.252965942025185 392.78875674121082 194.83839233219624 199.29629220440984 586.45906211435795 1550.7574043050408 5330.8376326411963 43.948423232883215 413.5767847597599 263.29562825709581 163.29631413519382 206.11269041150808 151.89306581020355 46.876766689121723 46.085558250546455 33.500881604850292 21.229836314916611 1638.8275941424072 25.398120252415538 521.53815175592899 1514.5228623151779 83.662439495325089 974.8622762914747 64.387404154986143 3022.5048756077886 126.87871272116899 65.65185004286468 23.620041348040104 1209.7157661691308 180.31715378537774
leaf_count=4434 100530 4447 32679 2620 27484 4273 31683 292 9919 27215 16217 276 7266 3313 18365 2858 3381 5294 13997 11056 2008 542 7674 40458 4591 2124 9550 1148 11704 3565 4522 16414 572 5778 2052 2388 9755 31725 224708 483 2230 1782 771 1062 726 242 249 225 315 13434 478 2366 6919 910 14099 582 16317 1275 757 264 9620 1651
internal_value=-0.000584346 0.0103445 -0.0384978 0.0202336 -1.59423e-05 0.017069 0.00793592 -0.00576477 0.0150854 -0.0070331 -0.00380283 0.0150306 -2.18853e-05 0.0109501 0.0146285 0.00603924 0.0170574 0.0136927 0.00325797 -0.00867948 0.00165533 0.00895324 -0.000116164 -0.0193533 0.0075693 0.0241019 0.0122822 0.00607606 0.0148469 0.0398011 0.0218247 0.010711 0.0581384 0.00869747 0.0131413 0.00966877 -0.0174067 -0.0207436 -0.0444395 -0.00429169 0.0180849 0.0273109 0.00819506 0.0377713 0.0610148 0.0476377 0.0529158 0.00609708 0.0752122 0.0150768 0.0453829 0.0401942 0.0353138 0.0131899 0.010982 0.0223929 0.0270334 -0.00598367 0.0848033 0.106291 0.0118451 0.0215795
internal_weight=48692.2 37796.9 10895.3 19338.4 18458.5 16692 8652.95 2952.09 15674.9 9805.55 8436.85 5700.86 7300.3 11644.6 8739.55 3984.16 1927.95 5593.6 6276.81 2027.37 1507.13 4249.43 2905.02 2580.57 1968.84 2359.73 1338.92 3886.9 1486.05 362.531 4755.4 3048.04 124.133 2923.91 2531.12 2336.28 748.226 1613.17 8314.7 2056.2 3893.08 1336.47 472.678 863.79 358.006 1017.17 209.382 3233.87 54.7307 3442.44 62.4143 2646.35 2124.81 2136.98 2053.32 1039.25 4030.29 2012.25 107.259 89.2719 3028.86 1390.03
internal_count=785634 387259 398375 125090 262169 113185 99121 46479 108496 163048 135564 52642 108349 87906 65722 30952 10829 51345 92132 30085 19029 62047 22184 73137 14510 19122 13984 57940 13828 4107 34770 43943 1720 42223 36445 34393 11763 32495 325238 20123 30248 7448 2802 4646 1788 4689 1020 32223 540 26935 770 11905 9539 32005 31095 14681 20590 19640 1297 1021 24705 11271
is_linear=0
shrinkage=0.05


Tree=26
num_leaves=63
num_cat=0
split_feature=0 17 36 36 41 41 53 38 28 48 41 49 48 49 49 49 49 52 49 48 49 36 44 45 53 28 41 36 49 49 36 36 49 18 47 43 47 41 54 49 54 49 43 48 49 37 41 50 54 47 48 48 54 5 52 5 20 52 51 54 37 49
split_gain=7411.26 1577.82 543.399 429.707 388.936 362.905 324.204 287.682 345.357 236.903 222.6 219.21 218.002 271.942 212.929 285.808 307.99 253.339 192.279 191.737 188.767 197.994 186.649 182.125 177.079 168.997 165.741 180.559 158.417 249.429 155.389 151.067 150.035 149.985 146.984 163.329 141.338 138.397 135.086 212.612 149.971 126.629 124.782 121.812 121.104 120.831 144.995 116.716 113.991 152.248 112.855 155.379 112.625 110.332 110.049 109.124 108.291 107.198 106.948 138.764 137.029 152.699
threshold=287.39834594726568 -15.162521362304686 217.94117736816409 281.47059631347662 0.062216864898800857 12.189298152923586 1089.1666564941409 -33.529396057128899 8.5729265213012713 -0.038633346557617181 4.8298299312591562 275.89672851562506 -0.025937020778656002 266.77218627929693 270.65731811523443 261.33148193359381 263.06666564941412 41.616329193115241 273.35858154296881 0.2540810108184815 254.46063232421878 209.11765289306643 -6.3845748901367179 8.5204343795776385 13.638888835906984 33.410676956176765 26.90389442443848 228.529411315918 284.16561889648443 285.67515563964849 242.64705657958987 234.41176605224612 287.41973876953131 -52.127094268798821 -4.2558701038360587 -3.4867095947265621 7.3394865989685067 4.5955033302307138 0.12940952181816109 267.78880310058599 0.60355338454246532 276.94873046875006 -3.1379623413085933 0.18936437368392947 256.94619750976568 266.03121948242193 9.3735165596008319 70.723705291748061 1.0000000180025095e-35 1.1912486553192141 0.1227008104324341 -0.18589657545089719 -0.7865660786628722 245.47599029541018 41.616329193115241 232.0131759643555 -19.54523944854736 22.16961765289307 56.739677429199226 -1.0000000180025095e-35 281.79013061523443 266.37236022949224
decision_type=2 2 2 2 2 2 2 2 2 2 2 2 2 2 2 2 2 2 2 2 2 2 2 2 2 2 2 2 2 2 2 2 2 2 2 2 2 2 2 2 2 2 2 2 2 2 2 2 2 2 2 2 2 2 2 2 2 2 2 2 2 2
left_child=1 4 20 33 22 11 7 8 -6 -7 18 14 45 -14 15 24 17 -17 -9 31 -3 -22 -1 26 -4 -23 27 54 -13 -30 -20 -16 36 -2 -15 -36 44 -33 56 -40 -41 -8 -10 -32 57 46 -12 -44 -37 -50 51 -26 55 -54 -11 -46 -18 -29 59 -24 -61 -62
right_child=3 2 5 -5 6 9 41 10 42 23 12 28 13 34 19 16 38 -19 30 -21 21 25 58 -25 50 -27 -28 32 29 -31 43 37 -34 -35 35 48 -38 -39 39 40 -42 -43 47 -45 52 -47 -48 -49 49 -51 -52 -53 53 -55 -56 -57 -58 -59 -60 60 61 -63
leaf_value=0.042302534639848448 -0.033406650433584283 0.062984554582043259 0.00070747857337295393 -0.045158994945539231 -0.030469795209358122 -0.016876418167538772 0.066670139316847857 0.019913108450854599 -0.031985749048212282 0.030100252475445035 0.0066726353262838824 -0.0057106537953773547 -0.024980870786353519 -0.024460390395291801 0.057671809277855479 -0.037778241225142645 0.026288354967114361 0.083898764310182616 0.048299188482356016 0.12922034011518213 0.048272005370327463 0.027432847105054364 -0.01419322515288135 -0.010542360266481584 0.047352735420443333 -0.010268088059189922 0.00015214854900148228 0.048590813023067642 0.063401357335674965 -0.00014089268214910073 -0.012839191717508792 0.044095765387999822 0.072772186888727622 -0.0080631531084286914 -0.017989293017845635 0.027578394747501869 0.079770093414317206 0.0017159400910006697 0.060776861026147336 0.055379328352842899 -0.0080931950825594897 0.0031103429671767591 -7.627824258044253e-06 0.059795988445207539 0.013403537882732998 -0.033995136874038649 -0.03006447192325486 0.039733623108132506 -0.0070042342015082977 0.026527274740994457 0.090466324246250562 0.013550583264914762 0.0062202515650368276 0.063913788272764879 -0.0098336401165039049 -0.025407546755976881 -0.012588135872478163 -0.014068603044869246 0.031231704430052843 0.024930272733164928 0.06971813744969528 -0.0062279470394328313
leaf_weight=454.09680370986462 1155.8280175328255 474.64953242242336 328.78330129757524 7520.3790911361575 2372.4439703077078 900.12473038211465 206.75330577045679 1632.7036226540804 207.34847815334797 2297.0245861634612 594.74714954197407 1028.0602359548211 969.51460422948003 370.5027808919549 636.42465616762638 449.4945354051888 304.56481675058603 47.277869388461113 126.10945270583034 62.327630095183849 1083.3964441865683 2909.8340699374676 734.56982209533453 951.50403214618564 1161.7273163795471 331.06309711188078 1967.5510981716216 271.10730423778296 262.46218496188521 375.24944566562772 1324.6668471470475 423.43214003741741 89.951936159282923 1179.558557221666 469.5606573857367 962.98814723268151 65.787881258875132 353.43540457263589 373.75196885317564 130.00746472552419 327.4848088696599 126.19083022326231 671.68789202533662 60.350889973342419 264.57937398925424 1002.9689733199775 489.75921209901571 254.84743485227227 915.48274033516645 537.14273093268275 106.95898742601275 480.62221765518188 1741.706151586026 87.008071579039097 186.5318200327456 574.09817172959447 434.91629352793097 91.226661659777164 429.82759397476912 955.27645919471979 70.91620416007936 992.27922031655908
leaf_count=2977 36792 2125 1787 315126 59564 8972 1635 13453 4701 14256 6921 7212 18414 6480 3281 3187 2545 293 650 518 4745 13488 8334 10117 5818 1566 18280 1944 1518 2799 16573 2173 643 30808 9101 13995 501 3250 2598 834 2516 1305 11851 642 2095 19561 8510 3374 13624 6705 684 2526 14881 1006 1144 5930 2763 687 4161 7457 581 14014
internal_value=-0.000652257 0.00925007 0.0182167 -0.039341 -0.00217433 0.0139724 -0.00613764 -0.00738894 -0.0196214 0.00752752 -0.00285331 0.0223641 -0.00826696 -0.00173594 0.027085 0.0212791 0.00811704 -0.0261982 0.00801706 0.0433959 0.0330529 0.0297675 0.0123145 0.0100853 0.0343741 0.0235816 0.0126555 0.016995 0.00643347 0.0260111 -0.00483608 0.0396109 0.00911595 -0.0206061 0.00518621 0.00899331 0.00726617 0.0248151 0.0189699 0.0328 0.00994405 0.04258 0.00307676 -0.00967418 0.00569181 -0.0214862 -0.00991771 0.0109234 0.0142383 0.00539484 0.0407017 0.0374608 0.00200748 0.00896524 0.0271009 -0.0131637 0.00342365 0.0328147 0.00803612 0.00441463 0.0111865 -0.00116227
internal_weight=48362.6 38506.9 21574.1 9855.77 16932.7 16775.2 13295.8 12962.8 3506.33 9488.2 9456.5 7286.98 6312.67 4225.19 5621.21 4145.59 2067.5 496.772 3143.83 1475.62 4798.94 4324.29 3636.97 8588.08 2078.09 3240.9 7636.57 5669.02 1665.77 637.712 1511.13 1413.29 3185.47 2335.39 3255.68 2885.17 3095.51 776.868 1570.73 831.244 457.492 332.944 1133.88 1385.02 3029.73 2087.48 1084.51 926.535 2415.61 1452.63 1749.31 1642.35 2667.39 1828.71 2483.56 838.678 739.481 362.334 3182.87 2753.04 2018.47 1063.2
internal_count=785991 403265 148682 382726 254583 126758 217059 214119 79490 80456 134629 46302 103311 68319 34773 25551 14736 3480 31318 9222 21924 19799 37524 71484 10815 15054 61367 43087 11529 4317 17865 8704 27687 67600 49905 43425 27044 5423 11256 5948 3350 2940 19926 17215 26543 34992 15431 15225 34324 20329 9028 8344 23912 15887 15400 8025 5308 2631 34547 30386 22052 14595
is_linear=0
shrinkage=0.05


Tree=27
num_leaves=63
num_cat=0
split_feature=37 17 36 40 36 41 50 39 49 39 23 40 50 28 49 52 48 42 47 49 49 52 41 40 49 48 49 49 49 52 52 49 48 48 49 5 41 49 48 36 34 48 37 40 48 48 11 55 49 49 49 48 39 48 55 49 49 48 11 41 36 38
split_gain=6934.12 1420.72 528.665 419.294 398.226 330.517 255.242 268.057 235.792 233.848 218.226 197.656 189.852 183.603 178.933 174.123 166.848 155.457 152.912 148.26 150.175 148.379 138.692 171.747 164.456 143.253 136.228 221.676 264.504 187.617 146.059 131.579 135.617 200.588 135.142 131.333 130.195 134.818 157.353 148.012 201.431 127.285 126.415 122.975 122.893 142.674 121.903 120.773 117.508 117.201 116.859 130.443 115.823 177.53 131.321 114.792 295.122 112.277 109.626 107.044 129.432 106.293
threshold=286.93173217773443 -15.162521362304686 220.29412078857425 -0.52941894531249989 285.58824157714849 9.9525489807128924 94.038017272949233 -43.07189750671386 255.32789611816409 -1.2745085358619688 -18.475384712219235 27.176460266113285 106.65961074829103 24.796339035034183 276.94873046875006 22.16961765289307 -0.15365490317344663 9.4939575195312518 -3.5644457340240474 258.38572692871099 282.31869506835943 45.53399848937989 -0.42216905951499933 -2.3529586791992183 273.35858154296881 0.16143232583999637 270.65731811523443 261.33148193359381 263.06666564941412 41.616329193115241 41.616329193115241 258.98173522949224 0.87896132469177257 0.9702095389366151 260.66418457031256 254.348747253418 0.9034126102924348 265.41934204101568 0.17304420471191409 259.11766052246099 6.0916173458099374 0.23799896240234378 290.57371520996099 10.470588684082033 0.1227008104324341 -0.18589657545089719 264.25559997558599 -0.12940952181816107 258.72836303710943 284.34808349609381 266.77218627929693 0.30385869741439825 -17.941901206970211 -0.51876229047775257 0.37940952181816107 285.67515563964849 284.50169372558599 -0.016086071729660031 251.37928009033206 4.360687494277955 235.00000000000003 -37.647056579589837
decision_type=2 2 2 2 2 2 2 2 2 2 2 2 2 2 2 2 2 2 2 2 2 2 2 2 2 2 2 2 2 2 2 2 2 2 2 2 2 2 2 2 2 2 2 2 2 2 2 2 2 2 2 2 2 2 2 2 2 2 2 2 2 2
left_child=1 3 8 17 12 14 7 57 -3 11 35 -10 61 19 26 42 -16 22 -9 21 31 -12 23 55 -24 -26 27 44 29 -29 41 -21 43 34 -34 50 -20 -38 39 40 -39 59 -14 47 45 -4 -40 58 -47 -19 -7 -52 53 -30 -54 56 -1 -5 -33 -28 -61 -2
right_child=4 2 5 6 -6 10 -8 18 9 -11 13 -13 15 -15 16 -17 -18 49 36 20 -22 -23 24 -25 25 -27 30 28 52 -31 -32 32 33 -35 -36 -37 37 38 46 -41 -42 -43 -44 -45 -46 48 -48 -49 -50 -51 51 -53 54 -55 -56 -57 -58 -59 -60 60 -62 -63
leaf_value=0.0068134467344771786 -0.036578055834097858 0.057067196694170576 0.039436637344270283 -0.041395732326724603 -0.046910439544831019 -0.017541358672698387 0.0088376585789032552 -0.02563452326640564 0.025858263364957969 0.048090087601686177 0.033646910098108426 -0.0035062655338040333 0.052069451612866406 -0.011867293661191358 -0.0067638350577220122 -0.028357688272230015 0.034777497162196309 0.015559473460323353 -0.050671117623376741 -0.044747840751739487 0.050980379396282839 -0.026906606209187722 0.01083564201985881 0.041560042830857645 -0.018176936850490041 0.057354748485812929 0.056250501852737826 -0.039267285258073513 0.080946223472457349 0.070188278476250976 -0.0080672528111394824 0.027084277629392001 0.058623074477480941 -0.046462226824972058 0.018513710880948636 0.12777146724800287 -0.018717295672612256 0.02322019591862394 -0.017141288299665526 -0.02913457436340653 -0.015790536486269168 0.13055212915405978 -0.024760195925256578 -0.0058015807079732232 0.10538940613083314 0.039458198710156787 0.015972446042920928 0.0018132728104254604 -0.013572058389776959 0.052200643358362914 -0.013719002908805761 0.011078813993943228 0.076685800226091574 0.019029707967267894 -0.011490110941105025 -0.00822713003901091 0.075601556216660537 -0.018367945261844106 0.12669754989337945 0.048857427158892075 0.0029648575917401066 -0.015990442416974632
leaf_weight=1324.3268846943974 2083.6831993851811 704.07286904752254 1211.9724683351815 801.06755633279681 5900.2629797905684 1090.3585215881467 1805.6724553517997 882.08172529749572 3718.8869522660971 1002.869416192174 1346.1806176826358 677.45830075442791 191.61423726007342 695.79947727918625 876.55391261167824 236.67969852127135 333.74367704614997 1009.6373853888363 140.26221954263747 113.43235109373927 217.71859983727336 109.38610032200813 1059.9662659615278 414.93513507395983 1438.1111237034202 65.64001028239727 624.209681391716 365.58461958914995 144.7830098234117 43.845953021198511 147.03619918227196 567.40288826450706 321.33103652670979 88.286597616970539 606.19697742164135 19.002672266215086 962.20396548695862 575.72494303621352 325.55931823700666 594.2533733677119 778.14422990009189 41.623078607022762 74.301585003733635 1463.0267517119646 56.720438957214355 167.29349688068032 1899.7961519248784 752.98362252861261 278.13801068067551 278.42232404649258 820.67472120001912 1498.8877329938114 47.597663804888725 577.74018993973732 374.12802367657423 833.62018040753901 176.73284622095525 1560.4346628002822 29.032915156334639 320.62338353693485 294.99356865137815 896.77126022428274
leaf_count=12221 74456 3240 5910 21790 266005 13818 26886 16361 18088 4487 8024 3651 4028 6995 5931 7417 2347 9513 3903 984 1174 652 10021 2629 23806 954 2987 2546 854 240 845 3898 1753 753 4417 185 15297 5831 5397 11031 13814 342 2246 11283 330 860 26297 5602 1387 2646 8956 15589 258 4491 2119 10329 1374 37129 224 1715 2612 25370
internal_value=-0.000437872 0.00891689 0.0173709 -0.00194594 -0.0389963 0.0125022 -0.00823829 -0.0118575 0.0298521 0.0263032 0.00684298 0.0213333 -0.0255899 0.0123598 0.021834 0.00283695 0.00469133 0.0078959 -0.00636521 0.015362 0.0105557 0.0290963 0.00411807 0.0119184 -0.00424784 -0.0148799 0.0262519 0.0206215 0.00694295 -0.0275457 0.0391319 0.00832285 0.00989535 0.0255542 0.0324091 -0.00331046 -0.00314359 -0.00184555 0.00204427 -0.00833222 0.000798549 0.0445476 0.0306019 0.00423958 0.0330198 0.0305431 0.0111281 0.0151261 0.00634485 0.0234797 -0.00404095 0.0023052 0.0192835 0.0314369 -0.00153822 0.00665025 0.0149125 -0.0261794 0.0319332 0.0416603 0.0268665 -0.0303836
internal_weight=48059.5 38676.2 21749.6 16926.6 9383.31 15646.3 10325.2 8519.53 6103.29 5399.21 9739.7 4396.35 3483.05 6310.78 5906.59 502.596 1210.3 6601.39 6158.03 5614.98 4159.41 1455.57 5313.33 2749.62 2563.72 1503.75 4696.29 3267.8 1553.68 409.431 1428.49 3941.69 3828.26 1015.81 927.528 3428.92 5275.94 5135.68 4173.48 1948.12 1353.87 1281.45 265.916 2812.45 1714.12 1657.4 2225.36 1349.42 445.432 1288.06 3409.92 2319.56 1144.25 722.523 421.726 2334.68 1501.06 2361.5 596.436 1239.83 615.617 2980.45
internal_count=786298 406776 149547 257229 379522 120081 183736 156850 29466 26226 84307 21739 113517 45759 35774 13691 8278 73493 97931 38764 30088 8676 61334 26553 34781 24760 27496 18995 10508 2786 8501 28914 27930 6923 6170 38548 81570 77667 62370 30676 19645 7656 6274 21007 8487 8157 31694 9724 2247 12159 38363 24545 7722 5345 2377 23924 13595 58919 4122 7314 4327 99826
is_linear=0
shrinkage=0.05


Tree=28
num_leaves=63
num_cat=0
split_feature=0 38 39 38 50 39 40 39 25 40 5 48 39 39 40 39 48 29 48 48 40 47 48 43 50 39 48 5 5 29 38 42 31 5 42 48 51 51 5 0 50 23 54 5 48 35 29 51 55 29 37 1 54 29 8 51 38 21 40 38 16 5
split_gain=6460.83 1270.08 430.722 363.419 356.824 314.34 300.799 202.202 174.484 152.069 206.789 132.665 125.722 121.385 120.959 214.87 125.59 123.118 118.111 228.641 150.856 115.9 138.308 112.724 129.809 107.672 105.988 111.38 105.36 126.784 104.29 100.693 111.695 100.402 98.4719 93.6195 91.227 103.613 127.679 88.7071 92.6978 121.651 87.0504 85.4096 82.2106 136.266 82.2025 79.5107 78.839 78.1769 82.7346 76.677 72.4822 72.4766 72.4608 81.9554 91.5813 116.663 70.3072 70.2322 70.0721 96.437
threshold=287.52116394042974 -12.588233947753904 -2.0842412710189815 -40.352943420410149 82.059875488281264 -43.561368942260735 3.1372451782226567 -15.000725746154783 0.041175365447998054 2.1764755249023442 252.14149475097659 0.14038562774658206 -31.511981964111325 -22.190997123718258 16.50980377197266 -6.9694988727569571 0.12764942646026614 11.928644180297853 0.91066169738769542 0.7071593999862672 9.5490112304687518 2.6617431640625004 0.20595771074295047 -1.4252929687499998 222.99001312255862 -23.653595924377438 0.9702095389366151 232.0131759643555 259.77975463867193 15.019815444946291 -2.8235244750976558 4.2739639282226571 0.11644601821899415 264.63125610351568 7.0202407836914071 -0.26709595322608942 7.0194895267486581 50.025959014892585 281.38145446777349 291.16110229492193 222.99001312255862 -47.52575492858886 0.98296290636062633 224.38174438476565 -0.47515141963958735 3.0423951148986821 24.770523071289066 37.540472030639656 -0.12940952181816107 8.0376853942871112 262.15322875976568 290.40777587890631 0.78656607866287243 3.3729181289672856 286.07005310058599 167.46450805664065 -44.235282897949212 -37.532709121704094 13.078430175781252 -40.235282897949212 -49.234191894531243 280.10932922363287
decision_type=2 2 2 2 2 2 2 2 2 2 2 2 2 2 2 2 2 2 2 2 2 2 2 2 2 2 2 2 2 2 2 2 2 2 2 2 2 2 2 2 2 2 2 2 2 2 2 2 2 2 2 2 2 2 2 2 2 2 2 2 2 2
left_child=1 4 6 39 5 8 30 18 35 10 13 12 -11 -7 16 -16 17 -9 19 20 25 31 42 -6 36 48 27 58 -13 -30 34 32 -12 -34 43 60 -25 -38 -39 40 -2 -42 -23 -3 45 -33 -17 -26 -8 -21 -51 -5 -36 -32 55 56 -40 -58 -18 -10 -1 -62
right_child=3 2 -4 51 23 9 7 14 59 11 21 28 -14 -15 15 46 26 -19 -20 49 -22 22 -24 24 47 -27 -28 -29 29 -31 53 44 33 -35 52 -37 37 38 54 -41 41 -43 -44 -45 -46 -47 -48 -49 -50 50 -52 -53 -54 -55 -56 -57 57 -59 -60 -61 61 -63
leaf_value=0.076495188451778745 -0.038174234993560943 0.031722236136754907 0.040415000456444569 -0.016257948651421966 -0.0016640800303973004 0.02981119318603552 0.012009706872232464 0.015243268502666 -0.034545139512132741 -0.035577918577041394 0.0005350472705092042 -0.010912396992562199 -0.0045160714528177867 -0.0079388441500879616 -0.00950434123803914 0.024836695525737959 0.045164595296584849 -0.02107663974217483 -0.017104663359307031 -0.017603267592905505 -0.016868890393900791 -0.015294082028857611 0.11230740284603272 0.068534520064660862 0.072410466079259328 0.016474343609766139 -0.044321690352815322 0.015628321503647381 -0.0028978213735350138 0.027947850039123041 0.053223461654829267 0.04038887614510079 -0.0044045028836572553 -0.03363178194083221 0.035710998484727662 -0.024667744698945726 0.0014815500822093442 0.013956839223370349 0.14909706338680773 -0.048588627109528028 -0.00032741282878288142 0.22876027086202005 0.042495677508348775 0.010487436250154535 -0.00053604617903231001 -0.012478387896482767 0.0056428957977800774 0.024630307503698021 -0.019870596861726837 0.023870846539623344 0.064387612675777695 -0.036677770298561972 0.012528571170762649 0.026450082912818196 0.012390454138336905 -0.017174018717191441 0.012161679138886921 0.1204703044836975 0.025472952797840315 -0.017920199810777325 0.029041814171903518 -0.012461689589508926
leaf_weight=40.027793349698186 2177.5374130662531 606.5713578350842 1771.7312976270914 1730.2389123197645 1120.0864370875061 1037.9114619605243 320.47436280548573 1683.3574169129133 1001.6058577764779 699.13855987787247 1486.8767411634326 1637.3558342382312 609.97101070731878 267.91325424984097 1170.5705257244408 1335.9704182520509 918.76010343432426 270.87826924026012 680.6431488469243 92.545102920383215 1039.0789059177041 121.45583253540099 43.160390483215451 72.013401471078396 153.7929017636925 1156.888448856771 51.970043685287237 1163.4753052815795 993.16910209693015 501.26601266302168 469.01961601525545 367.75376107916236 548.55212655849755 632.80768398009241 1389.3299295380712 234.59148021787405 1268.8630618713796 966.71757344529033 41.977176506072283 4461.8601322136819 59.876507088541985 6.4159357622265807 140.59934202581644 2159.0142572075129 1180.7971040308475 182.30868161842227 957.73031254857779 200.69374344497919 491.10319030657411 753.67451270669699 151.28807358816266 626.0783848632127 445.22391249611974 548.24487378448248 69.593669295310974 21.727128107100725 54.973826389759779 45.391738269478083 894.71859310567379 1736.8828408010304 276.28589045256376 283.66428512148559
leaf_count=589 92424 2902 7948 47636 15782 8440 3145 9411 27720 14532 15308 26966 9156 1793 9996 7120 4678 1664 7666 838 11184 1546 584 605 1532 9550 385 7626 16046 5040 2030 3178 6024 13266 8446 4079 18021 11387 314 212933 1995 237 1167 12211 12583 2493 5206 2608 5664 7388 1462 24466 2816 2344 1587 175 724 320 4997 38083 2965 4956
internal_value=-0.000585003 0.00834253 0.0168502 -0.038575 -0.00133579 -0.00509875 0.0146236 0.0104818 -0.0179012 -0.000721793 0.00446267 -0.00773824 -0.0211049 0.0220661 0.0151025 0.00792662 0.0200911 0.0102089 0.00215162 0.00542415 -0.00145595 -0.000423692 0.0293712 0.0118052 0.0170152 0.00667996 0.0264669 0.0277027 -0.00215091 0.00744849 0.0243067 -0.0024909 -0.00858357 -0.0200604 0.021103 0.00211366 0.0130614 0.0114436 0.0219739 -0.0445105 -0.036401 0.0218442 0.0157116 0.0151448 0.00690136 0.0228669 0.0168224 0.0453596 -0.00728176 0.026168 0.0306443 -0.0216835 0.0300849 0.0387942 0.0551424 0.0732765 0.0870828 0.0611458 0.0354493 -0.0240008 0.0125852 0.00801662
internal_weight=47624.2 38562.2 20522.3 9062.01 18039.9 14024.1 18750.5 13133.1 3573.06 10451 6010.14 4440.9 1309.11 1305.82 8447.43 3464.27 4983.16 1954.24 4685.7 4005.05 3007.54 4704.31 305.216 4015.83 2895.74 1968.47 3028.92 2976.95 3131.79 1494.44 5617.4 4399.1 2668.24 1181.36 4600.14 834.569 2541.26 2469.24 1200.38 6705.69 2243.83 66.2924 262.055 2765.59 1730.86 550.062 2293.7 354.487 811.578 997.508 904.963 2356.32 1834.55 1017.26 233.664 164.07 142.343 100.366 1813.48 2738.49 599.978 559.95
internal_count=785937 406246 136677 379691 269569 216514 128729 97980 78392 138122 66382 71740 23688 10233 51083 22322 28761 11075 46897 39231 29543 56149 3297 53055 37273 18359 17686 17301 48052 21086 30749 52852 34598 19290 26375 12589 33133 32528 14507 307589 94656 2232 2713 15113 18254 5671 12326 4140 8809 9688 8850 72102 11262 4374 3120 1533 1358 1044 9675 65803 8510 7921
is_linear=0
shrinkage=0.05


Tree=29
num_leaves=63
num_cat=0
split_feature=6 17 36 36 41 41 39 45 50 40 49 49 13 48 41 36 49 49 49 48 49 54 29 49 38 41 55 24 48 36 49 49 49 23 50 38 49 29 54 29 48 48 49 49 48 49 48 49 23 29 42 47 49 48 50 49 49 48 47 17 54 49
split_gain=6095.4 1165.05 434.328 428.655 332.45 332.042 302.279 250.469 203.157 185.8 169.473 155.035 152.919 143.276 248.974 142.31 149.779 132.285 274.312 125.289 122.963 122.884 121.074 226.381 176.187 269.081 238.714 166.824 155.95 154.352 134.394 144.155 143.436 120.326 112.648 109.885 117.255 116.498 109.625 106.897 105.806 184.828 105.653 214.665 153.643 131.085 148.651 141.389 105.574 126.755 104.682 103.574 103.323 101.157 100.452 99.0985 151.179 112.372 98.8475 97.3516 97.2282 96.6453
threshold=287.52116394042974 -15.162521362304686 282.05882263183599 214.41176605224612 1.0000000180025095e-35 9.3735165596008319 -47.339139938354485 5.7221317291259775 222.99001312255862 -2.8823547363281246 254.46063232421878 276.94873046875006 -51.021192550659173 0.1227008104324341 23.847252845764164 227.94117736816409 282.31869506835943 285.39907836914068 284.34808349609381 -0.13870242238044736 256.94619750976568 0.91597560048103344 15.019815444946291 266.53407287597662 -33.529396057128899 6.0687491893768319 1.0000000180025095e-35 29.353727340698246 0.18936437368392947 259.70588684082037 267.78880310058599 275.56561279296881 287.85705566406256 -13.941028118133543 222.99001312255862 0.64705657958984386 254.46063232421878 31.354249954223636 -1.0000000180025095e-35 1.7416391372680666 -0.42832165956497187 -0.37438794970512385 269.68820190429693 274.21087646484381 -0.39966389536857599 272.63078308105474 -0.22493761777877805 273.86521911621099 -8.3960647583007795 24.770523071289066 7.5998916625976571 4.1753752231597909 290.50280761718756 -0.48803782463073725 82.059875488281264 260.24180603027349 269.73658752441412 0.94973194599151622 -0.24942165613174436 -6.2305984497070304 -0.91597560048103321 259.72676086425787
decision_type=2 2 2 2 2 2 2 2 2 2 2 2 2 2 2 2 2 2 2 2 2 2 2 2 2 2 2 2 2 2 2 2 2 2 2 2 2 2 2 2 2 2 2 2 2 2 2 2 2 2 2 2 2 2 2 2 2 2 2 2 2 2
left_child=1 4 12 35 9 11 -6 10 22 17 21 39 -2 38 15 -15 20 18 -1 -13 33 -7 24 -24 26 28 54 30 29 -26 -25 -32 58 -17 48 36 -3 -38 -12 61 -41 -42 53 44 -44 46 -46 -47 -16 55 -11 -22 -27 -40 -8 57 -57 -50 -33 -9 -31 -5
right_child=2 3 -4 5 6 7 8 59 -10 50 13 19 -14 14 34 16 -18 -19 -20 -21 51 -23 23 27 25 52 -28 -29 -30 60 31 32 -34 -35 -36 -37 37 -39 42 40 41 -43 43 -45 45 47 -48 -49 49 -51 -52 -53 -54 -55 -56 56 -58 -59 -60 -61 -62 -63
leaf_value=0.0021216894784650479 -0.034358833121279714 0.065014400866109642 -0.044874768650083587 0.064284365265168675 -0.02602851893917691 0.046575435107223034 -0.0099746359400451866 -0.020696032033023452 0.034444619702876662 0.021957766124704695 -0.014716274095233262 -0.0033115862786404632 -0.0082215965904237215 0.035452694162651559 -0.0062947790827755732 0.079082066920853233 0.054939390607747135 -0.013801947412035165 0.05860136094165639 0.033115518380670492 0.0045187115773149969 -0.021952089594469953 -0.027634214293969651 0.084818220238727329 0.013405264163212178 -0.012299219926245561 -0.036115560240552291 -0.024459792525760665 0.065371731000515229 0.054325446573028673 -0.009442930541992722 0.02357867293542492 -0.0054281838131314888 0.013973665682741904 0.050809191132494873 0.054455945055774869 0.03055596925491183 -0.00027844348746118352 0.029612726957160607 0.033948187239443567 -0.0220736325948937 0.02024022904559233 0.011752607574549575 -0.028814235504985561 0.16244682228235899 -0.051090536720288841 0.029896671766048225 0.11108704510525716 0.026468509915817912 -0.0058808132118907197 0.069672050178357703 0.038660165209665198 0.050311406598309232 -0.019494603645526614 0.030064384700959481 -0.022407331683232265 0.04324421565961515 0.088385533612130612 0.069330522380843265 0.00086301096938597882 -0.011024673894573133 0.031147469342859741
leaf_weight=1299.2079439330846 984.03368435427547 206.11584165692329 6455.3927765488625 258.54000649601221 1585.2166674546897 504.89526966586709 642.85418337211013 819.40767091885209 355.8050371594727 1180.3863636180758 933.01900999248028 904.81291258893907 1297.436359051615 1237.103980075568 1903.8405732065439 127.1056994497776 218.59176244586706 776.11103848554194 257.60784811899066 319.3653659299016 2110.7420074380934 75.157595422118902 326.1739254295826 92.611171871423721 2232.5556742362678 4158.3267383091152 1017.5092713367194 183.1697349883616 111.68029076233506 59.581822585314512 265.01362309418619 217.709536857903 167.38729105517268 160.65453726798296 120.62980181351304 505.87918211519718 1920.7345715761185 364.45358429849148 147.7575114890933 1052.274673435837 295.97256600856781 2015.3707638159394 124.10156794637442 112.6648220308125 67.685349225997925 28.983508221805096 30.766248025000095 25.058363065123558 495.21450766175985 651.59580059349537 127.35457490757108 248.26923998817801 66.954341772943735 361.27843270078301 207.12131720222533 230.38632670789957 141.57240837812424 86.005643434822559 257.91315212287009 1450.6364508718252 1272.4221984930336 1477.539442550391
leaf_count=13013 35637 1002 308486 1113 41137 2233 14276 11558 4094 10835 8310 5818 35720 6910 18894 966 1528 10392 1985 2045 17322 417 6153 1141 17946 72326 26385 2654 1211 687 3648 2272 1701 867 837 2464 8241 1615 1199 6035 1685 11743 1091 1059 482 278 196 187 2524 4102 763 1747 722 3071 3511 1565 688 405 2642 10797 18062 7592
internal_value=-0.000535101 0.00800195 -0.0382473 0.0156534 -0.00186109 0.012845 -0.00554552 0.00809418 -0.00275476 0.0115178 0.0114542 0.0221703 -0.019495 0.00986244 0.012841 0.02128 0.0151611 0.00306089 0.0114674 0.00619157 0.0118759 0.0376963 -0.00392824 0.00924828 -0.00596491 -0.00270051 -0.019777 0.0194105 0.00719145 0.00536862 0.0274411 0.0215891 0.0343789 0.0427325 0.00330152 0.0332102 0.0288961 0.0256383 -0.00271276 0.026006 0.0208053 0.0148218 0.00975474 0.0293637 0.0530612 0.0866788 0.121025 0.0241086 0.00166816 0.0111151 0.0266044 0.00811186 -0.0113071 -0.00524025 -0.000217961 0.0227335 0.00258051 0.0356306 0.0483883 -0.00691906 -0.0081015 0.0360823
internal_weight=47331.7 38594.9 8736.86 21734.2 16860.7 18737 13220 12413.1 11634.8 3640.67 10143.1 6323.88 2281.47 9563.03 7731.71 4102.47 2865.36 2332.93 1556.82 1224.18 2646.77 580.053 11279 1509.98 9769.01 7901.52 1867.48 1183.8 3676.24 3564.56 1000.63 908.024 643.01 287.76 3629.25 2997.18 2491.3 2285.19 1831.31 5099.7 3363.62 2311.34 898.296 389.26 276.595 152.493 98.4516 54.0419 3508.62 1604.77 1307.74 2359.01 4225.28 509.036 849.976 953.179 371.959 581.22 475.623 2270.04 1332 1736.08
internal_count=785985 406142 379843 148586 257556 135264 220568 99233 179431 36988 76878 36031 71357 74228 58355 29340 22430 25390 14998 7863 20902 2650 175337 20211 155126 110954 44172 14058 37906 36695 11404 10263 6615 1833 29015 13322 10858 9856 15873 28168 19463 13428 7563 3293 2234 1143 678 465 28178 9284 11598 19069 73048 4270 17787 5182 2253 2929 4914 22355 18749 8705
is_linear=0
shrinkage=0.05


Tree=30
num_leaves=63
num_cat=0
split_feature=37 17 39 36 41 49 40 23 36 25 40 53 49 55 40 53 36 49 49 49 53 41 49 49 49 55 52 49 49 40 49 49 49 52 49 17 46 54 49 49 55 5 47 22 52 40 39 54 40 49 54 55 26 54 23 24 19 29 24 29 34 41
split_gain=5606.61 1045.57 445.134 404.844 326.072 270.773 269.251 260.908 251.247 251.203 252.533 199.883 181.847 222.257 179.81 172.654 172.148 172.504 233.526 183.422 171.882 167.884 153.126 242.482 237.421 147.538 136.539 135.261 221.455 160.995 132.634 127.91 126.927 141.051 156.12 131 125.317 125.243 132.516 139.648 124.335 137.705 122.732 121.593 162.421 117.785 134.745 105.099 127.574 107.343 105.642 105.054 104.636 103.647 127.109 102.183 101.811 101.578 99.726 123.083 98.4309 97.8629
threshold=286.93173217773443 -4.2366523742675772 -39.456792831420891 285.58824157714849 10.832485675811769 255.32789611816409 2.0588226318359379 -18.475384712219235 207.94117736816409 -0.099399089813232408 7.0784301757812509 1089.1666564941409 266.77218627929693 0.12940952181816107 -1.8235321044921873 233.16666412353518 239.70588684082034 273.35858154296881 280.13768005371099 270.65731811523443 956.33334350585949 2.7746309041976933 285.67515563964849 284.34808349609381 288.57763671875006 0.98296290636062633 24.444649696350101 267.04945373535162 259.93206787109381 27.176460266113285 265.99908447265631 265.41934204101568 268.43287658691412 38.203815460205085 282.94137573242193 -42.234989166259759 0.80393314361572277 -1.0000000180025095e-35 261.09867858886724 259.93206787109381 -0.12940952181816107 221.06523132324222 2.0334974527359013 -20.054323196411129 24.072759628295902 19.470581054687504 -20.599854469299313 -0.98296290636062611 -0.52941894531249989 263.73217773437506 0.12940952181816109 -0.6035533845424651 1.816164016723633 0.12940952181816109 -35.767166137695305 29.353727340698246 -43.79243087768554 20.288356781005863 24.079050064086918 18.772079467773441 20.718413352966312 4.1989862918853769
decision_type=2 2 2 2 2 2 2 2 2 2 2 2 2 2 2 2 2 2 2 2 2 2 2 2 2 2 2 2 2 2 2 2 2 2 2 2 2 2 2 2 2 2 2 2 2 2 2 2 2 2 2 2 2 2 2 2 2 2 2 2 2 2
left_child=1 2 9 11 16 -3 -7 12 -8 14 47 -2 20 36 30 27 43 19 -19 37 -6 -21 23 25 26 -20 56 28 29 -10 -1 -12 42 34 -34 -36 -14 -18 39 -39 41 -29 -33 44 -4 46 -9 52 49 50 -49 -48 -11 54 -26 57 -24 -38 59 -37 -43 -41
right_child=3 5 4 -5 7 6 8 45 15 10 31 -13 13 -15 -16 -17 17 18 22 21 -22 -23 24 -25 53 -27 -28 40 -30 -31 -32 32 33 -35 35 58 55 38 -40 61 -42 60 -44 -45 -46 -47 51 48 -50 -51 -52 -53 -54 -55 -56 -57 -58 -59 -60 -61 -62 -63
leaf_value=0.052521431353668213 -0.026104772474799649 0.046830820643998287 0.042894956336317597 -0.046085138794872769 -0.023391371850124021 0.036740826015062782 0.044317356029576115 -0.016696557193749913 0.01898032803173734 0.12299586320219197 -0.035140828862686907 0.036800027732951983 -0.013145498512288984 -0.023570833568430795 0.053503235799966742 0.025637144405592355 -0.0080289004684628469 -0.014120240573052934 -0.0074302995680119764 0.054231516553592762 0.072068810993395391 0.012857484058135827 0.1009784715153858 0.05292121109755063 0.026191586019109078 0.057650749477160437 0.013967365873705097 0.048846034946739419 -0.017825066343121924 -0.015172577320710159 -0.00058012478106927372 0.065622173317847809 -0.022600889103115265 0.046281373987155677 -0.034939589410635762 0.027499837891528052 0.010360016806497695 0.021741056575571713 0.0085523831458403695 0.043025096092829368 0.004535509410318393 0.035786254842601256 -0.042155712106655155 0.013866382896050414 0.0040949249734441367 -0.010756758642135449 0.027680920755964313 -0.038114178317371863 -0.025534869946466116 -0.010636129796846585 0.077447270538896315 0.0088599460585816383 0.0044534227477163926 0.010907129195691034 0.12195210296950304 -0.019660154684146221 -0.03197413297296952 0.04800060455404162 -0.01497070225885542 0.1081287719198194 -0.011477627259851828 0.12711241444298141
leaf_weight=126.48226086050272 3094.5204037968069 965.84756457060575 1061.5905470103025 5199.1139968279749 1632.0620762482285 1712.3383914902806 648.57279129326344 333.58120107650757 1411.6504403166473 20.68711450882256 177.95505152828991 131.65692763403058 742.8924172334373 869.45999235473573 196.68860260210931 1647.7327818796039 754.99970456212759 1549.1779889445752 487.58465220779181 513.63793823681772 48.557619739323854 469.11759945563972 14.771731907501815 447.98500283248723 81.032164383679628 106.01819462329149 277.27468735538423 483.93909119069576 1078.2049381285906 456.69735974818468 1673.1527766473591 159.27475156635046 513.97753650322556 168.85393085516989 101.56786276958883 267.84867962822318 2053.6590599305928 365.12370743229985 1556.6060686223209 77.716007702052593 930.8260607495904 204.08351904898882 31.665872791782022 1974.9946686513722 361.5940272398293 589.24663627520204 1279.8998087495565 27.70441241376102 3063.122003365308 1053.4834863431752 69.110540458932519 1762.2848568670452 185.88206860609353 194.48986872285604 60.545415740460157 256.55930629000068 571.00250329077244 196.3758786432445 101.73257786780596 57.491732522845268 239.34983215481043 62.371485035866499
leaf_count=863 111677 4696 7123 266489 26245 7730 3022 3826 7785 432 3726 1728 9726 13177 2900 8686 6728 15848 5151 3017 386 4900 239 3060 778 792 3145 2363 6843 2527 20962 2958 10430 1644 2323 4047 24584 2003 15164 371 4966 1114 606 10570 2330 6009 8265 364 75860 19173 506 12317 4269 1940 460 3510 7650 1951 1001 495 1623 440
internal_value=-0.000504034 0.00757557 0.0027716 -0.0374514 0.00663374 0.0216982 0.018944 -1.47112e-05 0.0146525 -0.00725104 -0.0123626 -0.0235377 -0.0067726 -0.00111715 0.00811285 0.0116707 0.0125421 0.00835432 0.000806546 0.0158828 -0.0206333 0.0344817 0.0111266 0.0251511 -0.00105541 0.00419326 -0.0149388 0.00688105 0.000218981 0.010632 0.00315197 0.00479165 0.00985876 0.00388701 -0.00297884 0.0160989 0.00489075 0.00939393 0.0157738 0.0380239 0.0174451 0.0304028 0.0477481 0.0218951 0.0330369 0.00986996 0.0134704 -0.0184961 -0.0202033 -0.00600583 0.0443784 0.0167783 0.016325 0.0345982 0.0671434 0.0102362 -0.0286214 0.0136452 0.0282371 0.041748 0.0102749 0.0804635
internal_weight=46953.4 38528.1 28748.9 8425.29 20752.2 9779.24 8813.4 9764.58 7101.06 7996.68 6000.36 3226.18 5799.57 4118.95 1996.32 6452.48 10987.6 7589.45 3789.88 3799.57 1680.62 982.756 2240.7 1041.59 1199.12 593.603 863.049 4804.75 2946.55 1868.35 1799.64 1580.37 1402.41 1211.47 1042.62 528.641 3249.49 2816.82 2061.82 505.211 1858.2 927.372 190.941 3398.18 1423.18 3965.01 3375.77 4419.99 4213.42 1150.3 96.815 3042.18 206.569 336.067 141.578 2506.59 585.774 2250.03 427.073 325.34 443.433 140.087
internal_count=785513 405619 354264 379894 201705 51355 46659 109996 38929 152559 127834 113405 79579 52948 24725 35907 91709 71686 39063 32623 26631 7917 23215 9003 14212 5943 11034 27221 17155 10312 21825 27230 23504 19940 18296 7866 39771 24706 17978 2814 10066 5100 3564 20023 9453 30417 24408 100604 95903 20043 870 20582 4701 3178 1238 30045 7889 26535 5543 4542 2737 811
is_linear=0
shrinkage=0.05


Tree=31
num_leaves=63
num_cat=0
split_feature=0 17 36 39 49 53 41 38 40 29 13 45 49 49 49 2 40 53 41 49 48 49 47 49 49 45 54 46 54 51 39 49 49 48 52 23 36 48 48 29 49 49 40 49 51 48 49 54 5 49 5 48 0 48 23 54 48 49 49 48 40 54
split_gain=5249.04 968.144 428.66 381.46 329.36 281.629 248.701 251.034 233.56 198.485 177.947 158.725 147.017 218.596 165.566 151.348 149.736 140.414 131.975 164.737 152.367 226.724 152.636 117.884 113.604 113.392 111.541 135.741 131.049 111.309 110.259 109.587 217.324 170.843 109.501 97.1633 96.9045 111.177 96.0722 178.108 173.034 119.031 208.88 160.198 181.171 234.506 265.629 164.688 163.293 141.932 175.442 167.505 140.078 126.136 118.05 105.123 164.001 104.237 169.242 102.645 96.7524 95.9142
threshold=287.52116394042974 -15.521656036376951 281.47059631347662 -2.7966600656509395 247.43756103515628 545.16665649414074 1.0000000180025095e-35 -36.352928161621087 2.1764755249023442 4.6416101455688485 -51.221559524536126 12.60835647583008 285.67515563964849 284.34808349609381 276.94873046875006 271.35166931152349 -2.5686340332031246 224.02777862548831 4.6758625507354745 273.35858154296881 -0.016086071729660031 267.04945373535162 -3.0682443380355831 288.57763671875006 256.32855224609381 6.0477619171142587 1.0000000180025095e-35 6.2171306610107431 0.60355338454246532 58.513553619384773 -34.053016662597649 255.32789611816409 256.32855224609381 0.8083171844482423 38.534135818481452 -1.2585433125495908 252.64705657958987 0.18936437368392947 0.32099205255508428 11.928644180297853 282.31869506835943 258.38572692871099 18.098022460937504 267.04945373535162 62.29881668090821 0.83848184347152721 260.66418457031256 0.37940952181816107 219.31372833251956 268.95562744140631 246.68986511230472 0.95832794904708873 275.37095642089849 0.90872198343276989 -6.4108130931854239 -1.0000000180025095e-35 -0.20686483383178708 275.89672851562506 270.65731811523443 0.93061417341232311 7.9411621093750009 1.0000000180025095e-35
decision_type=2 2 2 2 2 2 2 2 2 2 2 2 2 2 2 2 2 2 2 2 2 2 2 2 2 2 2 2 2 2 2 2 2 2 2 2 2 2 2 2 2 2 2 2 2 2 2 2 2 2 2 2 2 2 2 2 2 2 2 2 2 2
left_child=1 5 10 4 29 6 12 9 -6 -8 -2 17 13 14 16 -16 -1 38 19 -9 30 -22 -23 -14 -19 26 -24 -28 -29 -3 -20 -5 33 -33 -11 -34 -21 -38 39 55 41 42 -40 44 45 -43 54 -46 -45 51 -51 52 59 61 -47 56 -10 58 -57 60 -50 -48
right_child=2 3 -4 31 8 -7 7 18 11 34 -12 -13 23 -15 15 -17 -18 24 20 36 21 22 25 -25 -26 -27 27 28 -30 -31 -32 32 35 -35 -36 -37 37 -39 40 -41 -42 43 -44 48 47 46 53 -49 49 50 -52 -53 -54 -55 -56 57 -58 -59 -60 -61 -62 -63
leaf_value=0.0078413036153446129 -0.034889484931475478 0.053606761947974618 -0.0436968429688303 0.06177958737843478 0.020030759456398716 0.01698446871163763 -0.035005658811000435 0.015833160642869267 -0.023298602854395143 -0.011520629135098916 -0.0051054786424080661 -0.016678236425292575 -0.023184158942018536 0.051458529098018839 0.061199327185858667 -0.025027514248740647 0.045490294766464642 -0.01082861059228582 -0.031894035590290491 0.015917591479436746 -0.025196199709671276 -0.02062085830804047 0.024253106466874869 0.012685693012468214 0.020176693717012507 -0.030973625229590032 -0.0052174408085909332 -0.0028262518550804311 0.060156950988981266 -0.024665392288460347 -0.0083903316780775637 0.04455158498992523 0.024697704136521122 -0.050802015245587751 0.039826383730460047 0.047700205182714887 -0.017725593651492195 0.049289527541138717 0.038189201448103977 -0.021116693437524134 0.041544177488335332 -0.030788841982159101 0.0029041330747264643 0.052843392514499127 0.015257637239416744 0.01784442441123129 0.06478351501717651 0.1529428630917139 0.070432180688123749 -0.0072259367819765457 0.088988508879782102 -0.054231814739932341 0.14473471724775297 -0.043438520109982011 0.07740458242861796 0.0093132217549048314 0.0087503582470304132 -0.018000114511348482 0.050825635175566736 0.07245790541115793 0.010200616372192932 -0.030973371362786273
leaf_weight=1044.5265273600817 851.64730582758784 576.8743869587779 6063.7310262750834 289.24179276823997 4877.9572230130434 1752.8184341210872 1326.5942194405943 1569.1310646533966 653.60803372785449 862.69174660369754 1219.7259217072278 655.58536951616406 558.4513803254813 347.81006230041385 57.127558957785368 466.06991534493864 353.46231937780976 326.39181153476238 948.81660214439034 349.97327884659171 880.4385095871985 547.63827215880156 975.68777243047953 388.32739292830229 3114.8284913375974 171.57922839745879 1198.5235687531531 154.19042756035924 177.85252541303635 49.302986733615398 1052.463997349143 70.377929851412773 1094.9804747253656 141.26067027449608 118.03738377615809 790.51895286142826 1120.4625871051103 65.506765034049749 745.84768703579903 827.90669348835945 394.22929452359676 863.78338162600994 958.35476360097528 215.51364748552442 76.296854794025421 313.82590769231319 57.813747692853212 30.360751237720251 77.061502903699875 1191.2990196198225 49.34212477132678 62.804768703877926 26.067034367471933 257.22795865684748 113.20474199950695 981.27645303308964 1025.4114741384983 213.22027498483658 327.45542222633958 103.38750494644046 494.60751181468368 47.748600836843252
leaf_count=9311 32333 2545 313301 1435 27139 20818 39577 13452 5152 19867 33706 7133 7454 2615 372 5799 2341 2202 21299 2364 18329 9925 14547 4801 22555 3962 18430 1942 2292 214 15327 302 4810 688 1374 3744 17722 739 4940 6580 2476 8126 6933 1035 662 2226 464 262 603 10575 521 684 270 2852 511 6952 8112 1660 2336 657 3928 478
internal_value=-0.000489409 0.00720631 -0.0369887 0.0140483 0.0117622 -0.00196225 -0.00421603 -0.00764807 0.0105913 -0.0223965 -0.0173512 0.00734974 0.00807828 0.0149841 0.00838084 -0.0156125 0.0173603 0.00851237 -0.00395413 0.00443885 -0.00822137 -0.00270765 0.00343091 -0.00847191 0.0172359 0.00834969 0.0110418 0.00261998 0.0309095 0.0474439 -0.0195335 0.0329284 0.0289492 -0.0190933 -0.00534067 0.0343418 -0.00720166 -0.014024 0.00554239 -0.000445311 0.0095109 0.00728936 0.0183467 0.0025551 -0.00870999 -0.0127839 0.0069072 0.0544506 0.011487 0.0070407 -0.00339935 0.0239956 0.031003 -0.0245518 0.0336337 0.00490118 -0.00372565 0.0144183 0.0197 0.0266113 0.0183199 0.0214702
internal_weight=46718.3 38583.2 8135.1 22095 19708.6 16488.2 14735.4 11519.6 19082.4 2307.32 2071.37 14204.5 3215.78 2269 1921.19 523.197 1397.99 13548.9 9212.26 3105.07 6107.19 4105.91 3225.47 946.779 3441.22 2677.83 2506.25 1530.57 332.043 626.177 2001.28 2386.38 2097.14 211.639 980.729 1885.5 1535.94 1185.97 10107.7 4028.88 6078.78 5684.55 1704.2 3980.35 1760.26 1653.6 789.821 106.658 2220.08 2004.57 1240.64 763.928 701.124 362.79 427.031 3200.97 1679.02 1521.95 1308.73 675.057 571.669 105.562
internal_count=785761 406421 379340 151762 140783 254659 233841 201148 138024 60818 66039 110885 32693 20438 17823 6171 11652 103752 140330 34277 106053 69427 51098 12255 24757 41173 37211 22664 4234 2759 36626 10979 9544 990 21241 8554 20825 18461 78995 30792 48203 45727 11873 33854 15581 14657 6531 924 18273 17238 11096 6142 5458 3794 2737 24212 13264 10948 9288 5188 4531 942
is_linear=0
shrinkage=0.05


Tree=32
num_leaves=63
num_cat=0
split_feature=0 17 38 5 53 41 35 38 55 42 41 43 44 11 5 51 45 47 48 4 40 37 28 38 29 37 48 48 45 54 0 53 3 40 51 54 43 53 40 45 29 16 37 11 28 52 18 15 37 24 17 50 52 53 50 11 29 32 47 54 5 54
split_gain=4910.75 829.651 387.169 361.049 295.087 253.811 227.472 227.428 297.604 176.041 163.454 170.102 148.986 133.539 130.438 120.685 114.539 111.438 177.243 118.622 108.017 105.789 145.503 103.905 103.75 142.071 129.164 97.1764 94.4291 106.244 87.223 90.8507 87.1772 85.4785 83.1087 91.1323 81.9937 79.1649 78.9116 104.783 90.5273 78.7962 78.1436 75.1657 93.7987 83.667 74.4392 73.6349 84.0817 73.038 72.0244 71.3216 70.2079 69.2169 69.1167 67.4138 70.8936 79.889 68.7235 65.9735 65.4653 68.9333
threshold=287.52116394042974 -14.7785587310791 -40.352943420410149 211.81697845458987 805.25000000000011 0.11619454994797708 5.2325968742370614 -33.529396057128899 1.0000000180025095e-35 6.4928665161132821 2.9387589693069462 -6.5614471435546866 -3.6944389343261714 243.11967468261722 225.14548492431643 36.701768875122077 -11.547155380249022 -2.9631891250610347 -0.032680213451385491 262.86454772949224 -1.5490112304687498 269.61148071289068 5.7602605819702157 -14.176475524902342 18.772079467773441 233.5039978027344 0.5229582190513612 0.96787995100021373 1.1735620498657229 -1.0000000180025095e-35 291.33755493164068 1089.1666564941409 258.24388122558599 -3.4901962280273433 56.739677429199226 -1.0000000180025095e-35 1.1107025146484377 57.361110687255866 -0.49020385742187494 -1.3090906143188474 3.6545486450195317 -26.825311660766598 279.35729980468756 252.05545806884768 -0.36798286437988276 41.086523056030281 -45.398502349853509 -49.68871879577636 282.24038696289068 -2.9531579017639156 0.44061279296875006 22.7340202331543 10.980319499969484 20.000000000000004 158.48551940917972 289.21701049804693 18.772079467773441 22.271135330200199 4.1753752231597909 -1.0000000180025095e-35 225.14548492431643 0.12940952181816109
decision_type=2 2 2 2 2 2 2 2 2 2 2 2 2 2 2 2 2 2 2 2 2 2 2 2 2 2 2 2 2 2 2 2 2 2 2 2 2 2 2 2 2 2 2 2 2 2 2 2 2 2 2 2 2 2 2 2 2 2 2 2 2 2
left_child=1 4 30 50 5 12 14 8 15 13 20 -12 33 24 -5 46 -11 -13 21 -20 -9 22 -19 55 26 -26 37 53 34 -30 31 -2 51 -1 47 -36 -33 -8 39 -4 -40 -25 -22 44 -16 -45 -7 -14 59 -31 -3 -15 -6 -18 -42 56 57 58 -21 -49 61 -39
right_child=2 3 38 6 52 7 9 10 -10 16 11 17 28 32 43 -17 27 18 19 23 42 -23 -24 41 25 -27 -28 -29 29 49 -32 36 -34 -35 35 -37 -38 60 40 -41 54 -43 -44 45 -46 -47 -48 48 -50 -51 -52 -53 -54 -55 -56 -57 -58 -59 -60 -61 -62 -63
leaf_value=0.0063330320941423456 -0.036976548970850259 0.023946843027632711 0.024893739082293059 0.043923697878425302 0.046182269160447181 -0.025496609829391583 -0.00087505649881902074 -0.0018332338693642153 -0.034848879353645106 -0.008772885715749237 -0.031590304031642279 -0.016893444110259656 0.066606536327252705 -0.010758065839436377 -0.046558806356505333 0.019059630197441339 0.0089308296113768844 0.0061952333458299607 -0.0037195030163493167 0.010511392781695704 0.028043755590729871 -0.024893997029548184 -0.029111870249468309 0.037836482493102189 0.0093729919743203733 -0.014566306137116534 0.026411300110225445 -0.029355486945904331 -0.014918344286715854 0.11716966361794164 -0.048076310712135591 0.0026587210144983515 0.043432194852841687 0.037752209342302834 0.056009175709340053 0.00051039986454483072 0.17458876595846773 0.012073665457970197 -0.034821343599885909 -0.019199365047553988 -0.014134093554609865 0.14132950247567866 -0.0073620020873332 0.031558104652596862 0.013348477555638713 -0.0062509167884816259 -0.0013189767312483038 -0.018325811837376128 -0.018070361956654676 0.029120892062244653 0.042685937255448475 0.0025780704817341634 0.015556794822869575 0.026724306965166131 0.063070676988433702 0.11222128905994966 0.039616131806444917 -0.025615853787148403 0.086891004538868707 0.011382500996094953 0.0049110405663937394 0.036801519531567017
leaf_weight=345.5332936309278 2013.4694693759084 1031.1869125366211 215.39649630524218 607.54248489066958 333.01865863800049 551.63783979974687 1284.2590174935758 948.73596583679318 1422.464536242187 349.56724886223674 588.61549887061119 1274.7163503039628 34.462143553420901 1521.8730733059347 68.536854088306427 427.80640609562397 701.08887812867761 1132.6056098043919 1369.9605440013111 1269.2081107478589 845.30584481358528 852.20790041424334 393.0703331194818 60.912775430828333 2199.5149379074574 862.89971836656332 1528.6332921907306 91.88259219378233 148.06097735278308 25.116882558912039 3623.7094251513481 49.065917119383812 108.28132423199713 579.57607243955135 121.0134290009737 190.26742068119347 8.0758986156433803 643.67051635310054 894.29648671671748 359.81529637612402 665.10408122092485 26.346785560250282 191.06824796646833 1185.1849652994424 1400.7088758572936 166.92853899672627 752.8149005305022 256.90588365122676 902.22306236252189 378.22349618375301 1019.9543858021498 2937.8643556423485 427.19743848219514 2479.5212303139269 30.310203690081835 16.987567871809006 205.27205689996481 155.70888439938426 30.14992643892765 685.55670599639416 905.70230926945806 501.36060085892677
leaf_count=2704 100212 4605 5203 2676 2680 15598 7719 8433 41791 2956 13185 22276 500 15373 458 7468 5440 11576 21970 19818 5999 16560 7397 764 12260 8031 8347 778 1603 257 205647 1674 1262 4285 1079 1947 131 3249 31461 12451 22238 270 3192 5975 6703 870 14414 2552 14140 3431 4808 28094 4686 17794 730 375 1721 1741 342 5632 5764 2452
internal_value=-0.000535045 0.00681067 -0.0365558 0.0133086 -0.00147188 -0.00290209 0.0112142 -0.00629153 -0.0179018 0.00872615 -0.00237872 -0.00580639 0.00866638 0.00591248 0.0229084 -0.00398555 0.0184317 -0.00357028 -0.000489376 0.00731955 0.0103569 -0.0107832 -0.00290118 0.0158899 0.00983674 0.00262759 0.014376 0.0213377 0.00281219 0.0213063 -0.0433986 -0.0352122 -0.000896558 0.026017 -0.00184337 0.0220861 0.0269577 0.00885952 -0.0185576 -0.00268806 -0.0242997 0.0690847 0.0215163 0.018383 0.0105539 0.0268903 -0.0115434 -0.00580729 -0.00716011 0.0346039 0.0332651 -0.00197285 0.0289725 0.0228022 -0.0107691 0.0131225 0.0121086 0.008228 0.0122837 0.00328431 0.0149557 0.0229009
internal_weight=46398.2 38538.9 7859.24 21596.2 16942.8 16182.5 19545 12515.6 3154.72 16116.1 9360.87 7375.76 3666.94 12494.1 3428.9 1732.26 3622.06 6787.15 5512.43 3134.55 1985.11 2377.88 1525.68 1764.59 7926.04 3062.41 4863.63 3272.49 2741.83 551.401 5694.32 2070.61 4568.02 925.109 2190.43 311.281 57.1418 3334.99 2164.92 575.212 1589.71 87.2596 1036.37 2821.36 1469.25 1352.11 1304.45 1879.15 1844.69 403.34 2051.14 4459.74 760.216 3180.61 695.414 1677.33 1660.34 1455.07 1299.36 942.463 2050.73 1145.03
internal_count=785747 406000 379747 145614 260386 253020 136201 214890 79271 119519 135619 117995 38130 92551 16682 37480 26968 104810 82534 47001 17624 35533 18973 25031 47822 20291 27531 24012 31141 5291 307664 102017 44729 6989 25850 3026 1805 19184 72083 17654 54429 1034 9191 14006 7161 6845 30012 22824 22324 3688 9413 43467 7366 23234 22968 23997 23622 21901 20160 8184 11465 5701
is_linear=0
shrinkage=0.05


Tree=33
num_leaves=63
num_cat=0
split_feature=0 36 36 39 49 54 41 48 35 48 50 49 35 17 43 54 49 49 48 48 49 27 49 29 41 37 5 35 29 49 41 39 49 49 12 38 49 49 23 39 5 49 39 49 49 49 36 35 35 49 49 49 49 41 53 37 49 48 54 38 23 3
split_gain=4569.43 818.955 441.726 326.188 216.802 237.758 214.106 248.831 211.567 208.769 208.28 203.256 171.612 170.78 162.102 153.2 150.64 247.757 172.963 150.518 170.284 150.477 154.526 141.168 137.557 198.587 186.603 157.886 130.12 148.873 213.404 207.016 158.966 141.349 129.116 125.085 119.015 121.626 112.06 111.974 109.091 108.914 107.909 122.487 212.399 134.731 115.73 108.544 106.926 105.12 110.116 117 98.3449 97.8047 97.4519 124.218 96.5194 124.037 142.895 95.5836 100.142 93.211
threshold=287.52116394042974 225.58824157714847 281.47059631347662 -41.427743911743157 254.46063232421878 -1.0000000180025095e-35 11.766399860382082 0.12764942646026614 5.9736292362213144 1.0000000180025095e-35 82.059875488281264 254.46063232421878 10.794273853302004 0.44061279296875006 -0.74278259277343739 0.98296290636062633 269.73658752441412 261.09867858886724 -0.49165731668472284 -0.038633346557617181 256.32855224609381 -0.1172809600830078 265.99908447265631 28.935934066772464 5.1459679603576669 263.81626892089849 265.66770935058599 -0.53562742471694935 8.4606561660766619 276.75975036621099 29.746066093444828 -17.941901206970211 278.97543334960943 266.77218627929693 -52.220033645629876 -35.647056579589837 257.70365905761724 286.04714965820318 -29.653016090393063 -49.468404769897454 219.31372833251956 270.49778747558599 -31.137981414794918 259.72676086425787 270.65731811523443 273.35858154296881 242.64705657958987 0.059718310832977302 15.077417850494387 258.98173522949224 261.09867858886724 263.43424987792974 261.09867858886724 24.292182922363285 1089.1666564941409 291.76107788085943 268.11450195312506 0.95832794904708873 -0.91597560048103321 -3.0000076293945308 -20.552845954895016 288.04304504394537
decision_type=2 2 2 2 2 2 2 2 2 2 2 2 2 2 2 2 2 2 2 2 2 2 2 2 2 2 2 2 2 2 2 2 2 2 2 2 2 2 2 2 2 2 2 2 2 2 2 2 2 2 2 2 2 2 2 2 2 2 2 2 2 2
left_child=1 4 34 10 -1 8 9 -8 -6 11 21 -5 -7 16 -12 24 17 23 -19 -10 -21 22 -3 -14 26 -26 36 -28 38 31 32 33 -31 -30 -2 -11 -13 42 -9 -23 -35 -18 -38 -44 -45 -46 -47 -48 -40 -37 -51 -52 -15 -22 -4 61 57 58 -42 60 -33 -56
right_child=2 3 54 6 5 12 7 28 19 35 14 15 13 52 -16 -17 41 18 -20 20 53 39 -24 -25 25 -27 27 -29 29 30 -32 59 -34 40 -36 49 37 -39 48 -41 56 -43 43 44 45 46 47 -49 -50 50 51 -53 -54 -55 55 -57 -58 -59 -60 -61 -62 -63
leaf_value=0.043313858693078314 -0.029417916484364339 0.053326105306092622 -0.044095171707851613 0.068880169730579185 0.039197803298064118 0.041902330926562564 -0.021301772482061967 -0.025768602709687956 -0.015196746638180762 -0.021376995479168399 -0.013199142455530423 -0.057853502371175418 0.031494483368656449 0.058648363436339238 0.020996823004411757 -0.030375124948562395 0.072399180586370973 0.026720760026762977 -0.028794649857777035 -0.014292266211968717 0.03062034036487939 -0.037403823478465763 -0.004130227278580356 -0.0024082923755647996 0.0061664766006164955 -0.020404234453558746 0.010954846780261283 -0.015138112481968287 -0.020685801599239741 0.066631958407307831 -0.030153457372406708 -0.024607777350379514 0.018551304559521736 0.10162177373801258 -0.0039564528781523313 -0.011897852869423499 0.032162229734357686 -0.018592690909159413 0.028603613061712097 -0.014066674960105134 -0.034827838327066742 0.022398031299225837 0.040097193339115642 -0.0022943420117242232 0.043591350488668655 0.030961728192654636 0.041014152327343165 -0.01664821274342097 -0.02647237435014704 0.083181902989955842 -0.026131550696315609 0.031130878489836318 0.013415146891475063 0.0087142098252119687 0.021071743487672403 -0.041977752096076092 -0.0054252455525024834 -0.053299655579495897 0.06901165564863275 -0.044297393949815238 0.014268024029119419 0.1910797162374806
leaf_weight=848.16851844638586 937.61881946772337 128.864421678707 5500.6320165898651 129.11327409744263 493.85772579535842 1121.5857345722616 1260.7311020828784 689.8320986200124 778.03631142899394 141.70077174529433 543.72140983492136 53.536275248974562 953.39630626142025 380.65036401897669 955.72721148654819 285.39629757404327 162.07425575703382 186.72488935664296 564.33973747864366 601.01223301142454 737.52839082106948 625.55981903150678 1273.3684984501451 452.91144755482674 2439.2728517726064 988.05355354771018 1274.0415198616683 1063.8345078267157 1290.8705213814974 202.17449345812201 195.42361813038588 176.43596931546926 1148.4331485368311 26.908130832016468 1061.7390089016408 156.7057549469173 1146.563184030354 227.19883132725954 236.98758748546243 2882.1377968192101 42.538643341511488 332.00724527984858 409.22329942882061 1509.2933368384838 563.57016680389643 447.49633714556694 103.85879018902779 381.03469566628337 140.2947208173573 95.05924391373992 94.65484269335866 1549.0809154715389 175.59798777103424 1648.2102340273559 22.486760770902038 47.640446603298187 1253.3381515853107 37.553024735301733 149.80442999303341 77.723116144537926 2710.5097521692514 12.569012882187961
leaf_count=4034 35858 987 310050 555 2195 5044 17845 10446 4292 3016 9572 334 5224 1910 15133 3101 762 947 3860 3494 4108 18846 19750 2392 20691 16224 10989 15314 20819 2292 2646 2091 10465 177 30315 1032 8037 2174 1966 65379 627 1786 1759 8344 2731 2071 604 2732 1451 663 1007 15956 806 9993 367 2286 16328 556 1614 470 18479 502
internal_value=-0.00058299 0.0063971 -0.0360636 0.0022474 0.0191977 0.0168159 0.00506003 -0.00059207 0.00842778 0.00923225 -0.00771328 0.00651425 0.0250672 0.0191807 0.00859688 0.00577499 0.0138965 0.00819304 -0.0149928 0.00439142 0.00949406 -0.0126943 0.00114998 0.0205759 0.00674766 -0.00149351 0.0106817 -0.000918576 0.00252404 0.00490443 0.0186824 0.00120996 0.0257486 -0.00853718 -0.0158969 0.0239369 0.016283 0.0171119 -0.013786 -0.0182286 0.00184747 0.0388 0.0188904 0.0144339 0.0109393 0.0242909 0.012625 -0.00429758 0.00812327 0.0273245 0.0308593 0.0278334 0.044369 0.0154863 -0.0432852 0.0105891 3.7413e-05 0.0298185 0.0460465 0.010419 0.0118921 0.082027
internal_weight=46126.4 38543.7 7582.69 29107.6 9436.1 8587.93 22698.2 9639.56 4258.64 13058.7 6409.38 11021.5 4329.29 3207.7 1499.45 10892.4 2651.45 2157.37 751.065 3764.79 2986.75 4909.93 1402.23 1406.31 10607 3427.33 7179.65 2337.88 8378.83 7311.71 1546.03 5765.68 1350.61 2801.01 1999.36 2037.2 4841.77 4788.24 1067.11 3507.7 1510.14 494.082 4561.04 3414.48 3005.25 1495.96 932.39 484.893 377.282 1895.5 1738.8 1643.74 556.248 2385.74 5583.33 82.6962 1483.23 229.896 192.343 2964.67 2886.95 35.0558
internal_count=785498 406120 379378 355273 50847 46813 225606 108272 24082 117334 129667 95660 22731 17687 24705 95105 14971 12423 4807 21887 17595 104962 20737 7616 92004 36915 55089 26303 90427 76564 15403 61161 12757 40121 66173 21674 28786 28452 13863 84225 19302 2548 26278 18241 16482 8138 5407 3336 3417 18658 17626 16963 2716 14101 313205 3155 19125 2797 2241 21040 20570 869
is_linear=0
shrinkage=0.05


Tree=34
num_leaves=63
num_cat=0
split_feature=37 5 38 39 39 24 41 55 48 50 27 49 49 49 49 48 39 48 49 48 49 5 49 55 49 43 41 23 40 35 45 49 48 49 48 49 49 29 49 48 40 48 48 38 53 5 48 1 53 53 49 35 45 49 1 11 48 48 54 0 49 49
split_gain=4276.16 749.905 357.055 324.558 225.158 213.428 212.663 248.217 212.389 208.424 178.115 164.397 184.526 178.237 172.285 163.253 165.467 159.731 159.461 318.293 198.256 171.359 186.074 168.692 152.379 141.036 139.084 124.516 130.735 122.378 118.191 117.302 117.286 127.881 154.271 114.682 261.228 149.077 167.702 124.032 113.688 113.593 142.637 110.546 103.814 103.172 102.839 102.651 100.27 99.5643 98.9544 97.9709 95.4177 94.6328 91.7421 91.5433 90.4256 88.1754 87.7906 86.3093 86.1324 124.179
threshold=287.38925170898443 230.21923828125003 -40.352943420410149 -41.427743911743157 -1.2745085358619688 14.433798789978029 10.955697536468508 0.37940952181816107 1.0000000180025095e-35 82.059875488281264 -0.1172809600830078 273.35858154296881 280.31988525390631 270.65731811523443 260.66418457031256 -0.47515141963958735 -21.665216445922848 -0.57137185335159291 286.04714965820318 -0.60007590055465687 288.57763671875006 270.48266601562506 285.09815979003912 0.91597560048103344 265.99908447265631 -0.53422546386718739 2.7746309041976933 -9.0357642173767072 18.509819030761722 -3.0548431873321529 -10.584798812866209 276.94873046875006 -0.50290912389755238 276.13734436035162 -0.07752364873886107 269.97990417480474 259.93206787109381 24.770523071289066 255.32789611816409 0.95832794904708873 27.176460266113285 0.53181481361389171 0.8994269371032716 -35.882347106933587 812.47619628906261 246.68986511230472 -0.07752364873886107 288.95602416992193 111.95833206176759 14.083333492279055 273.86521911621099 0.1622966602444649 4.9188890457153329 280.13768005371099 290.70118713378912 290.12712097167974 -0.15365490317344663 -0.016086071729660031 0.60355338454246532 284.84210205078131 289.98133850097662 286.08425903320318
decision_type=2 2 2 2 2 2 2 2 2 2 2 2 2 2 2 2 2 2 2 2 2 2 2 2 2 2 2 2 2 2 2 2 2 2 2 2 2 2 2 2 2 2 2 2 2 2 2 2 2 2 2 2 2 2 2 2 2 2 2 2 2 2
left_child=1 4 54 9 5 48 8 30 11 10 24 13 31 14 49 16 17 -16 19 -14 -20 22 23 46 -3 -11 -15 28 41 -23 -8 32 50 45 56 36 37 39 -39 -29 -40 -7 -43 -10 59 58 -21 55 -1 -5 51 -13 -32 -50 -2 -4 -35 -12 -34 -27 61 -45
right_child=2 3 47 6 -6 27 7 -9 43 25 57 12 18 26 15 -17 -18 -19 20 21 -22 29 -24 -25 -26 44 -28 35 -30 -31 52 -33 33 34 -36 -37 -38 38 40 -41 -42 42 -44 60 -46 -47 -48 -49 53 -51 -52 -53 -54 -55 -56 -57 -58 -59 -60 -61 -62 -63
leaf_value=0.015768715067872901 -0.034934445111825141 0.052915824479776143 -0.010726054540591131 -0.0085110312741503488 0.038913840922161602 -0.0045119588749382702 -0.022605543944790214 -0.026950164895337199 -0.02027801304844816 -0.014659366966813879 -0.030272898432611491 0.059193029928528929 -0.023878100845733673 0.045694601770528066 0.10891938029813764 -0.0083186296177614801 -0.015122464429698491 0.023636647835080626 -0.0211028598568191 -0.00081760365711875749 0.022103105015527688 0.11860558474472825 0.093913230188900743 0.070875961187022024 -0.0040825078627894536 0.026732078849561882 0.01223572677162978 0.026091933157505961 -0.01866061110528559 -0.0030962089600889793 0.0049386591361995653 -0.029674277977372144 -0.019390429198723358 0.023183125382950358 -0.053280627959768879 0.034381062375396551 -0.0089900364619700714 0.037545754888783964 0.013945848125479247 0.078078386486540183 -0.023218925525217565 0.028643455367488455 -0.0059787690803885553 0.032485121357067742 0.05893694289574164 -0.031135425300174921 0.066226051093437918 -0.029880568677912347 0.035075554863408936 0.027266231300645934 0.052084213816610631 -0.047982007153525907 -0.013326936804212595 0.0001365022999601748 -0.048132392858918835 0.033988332230169803 0.10531466218887545 -0.01374080833344634 0.041891081453821387 -0.0051284153635437228 0.098901453201838019 -0.0068650631900910369
leaf_weight=2282.7989965323359 2236.2742443233728 129.02922142855823 691.33743364363909 234.34461616538465 977.00701521337032 1218.7286493219435 492.90636811219156 889.17340657487512 126.08651193790138 476.82755226269364 1293.4672849532217 31.80771604180336 330.72519936971366 594.21082459762692 61.186007553711534 1970.8909412808716 264.57132184132934 534.79109735973179 760.32475601322949 287.27290980145335 407.9753305464983 21.989755783230066 160.39814537763596 189.25590838491917 1285.2813789322972 458.75399551913142 650.73824853263795 1295.373690135777 649.32348349690437 340.61593616008759 5972.665157046169 669.99127153679729 132.14311170205474 150.13925581797957 55.168230887502432 615.4154321923852 1127.240922190249 313.40858785808086 394.86999066919088 125.88405199348927 429.6994598954916 860.62569141760468 454.62940070033073 1305.014493342489 136.42951657995582 613.36597868055105 71.417903687804937 648.73778301477432 1741.4984325431287 1142.5458914190531 152.0130606610328 64.688713423907757 812.22427645511925 218.07047624513507 3202.1893385257572 137.17722273990512 43.142834093421698 2142.5640178397298 104.78591891378164 396.09944315627217 42.130492616444826 236.88299199193716
leaf_count=11920 112610 943 19702 1463 4829 8705 7696 14148 2864 8251 36092 181 3768 3164 580 18162 1645 5059 9781 2364 4176 181 1120 1142 20881 6176 5868 6366 5864 3929 67731 7475 903 1039 615 2861 6730 1522 2183 567 2572 5791 3809 12653 1356 7228 524 30738 8539 6453 1299 724 11683 1226 199407 3797 278 52337 718 9449 401 3138
internal_value=-0.000553272 0.00588123 -0.0367843 0.00105283 0.0158523 0.013931 0.00418507 -0.00201217 0.0084923 -0.00882086 -0.013817 0.00571808 -0.00125772 0.011586 0.00666947 -0.000385342 0.0177841 0.0323922 0.0076269 0.0189976 -0.00601515 0.0322382 0.046548 0.032683 0.00111752 0.00768528 0.0282056 0.00885303 0.00135631 0.00428424 0.00103466 -0.0125767 -0.00407412 -0.0110902 0.0204664 0.0144004 0.0110649 0.0198983 0.00641207 0.0306965 -0.00542145 0.00648556 0.016676 0.0247804 0.0184335 -0.0203107 0.0125313 -0.0149856 0.0228907 0.021177 0.0269462 -0.0126543 0.00275207 0.0311874 -0.0427055 -0.00332269 0.0415158 -0.0199642 0.00771237 0.0119694 0.028367 0.0264397
internal_weight=45856.3 38940.6 6915.72 26236 12704.6 11727.6 19917.6 8166.97 11750.6 6318.45 4850.34 10040.5 4587.22 5453.28 4208.33 2831.44 860.548 595.977 2569.98 1401.68 1168.3 1070.95 708.345 547.947 1414.31 1468.11 1244.95 7485.2 3183.31 362.606 7277.8 2017.25 1347.25 1098.75 248.45 4301.89 3686.48 2559.24 1137.98 1421.26 824.569 2533.98 1315.26 1710.11 991.283 850.295 358.691 1477.25 4242.37 1376.89 248.509 96.4964 6784.89 1959.57 5438.46 828.515 193.282 3436.03 236.929 854.853 1584.03 1541.9
internal_count=785376 419122 366254 345638 73484 68655 210153 101258 108895 135485 110253 89839 47445 42394 33362 25446 7284 5639 26985 13028 13957 9260 5150 4030 21824 25232 9032 46970 24169 4110 87110 20460 12985 10781 1932 22801 19940 13210 6277 6933 4755 18305 9600 19056 16981 8849 2888 54237 21685 7916 2204 905 79414 9765 312017 23499 1317 88429 1621 15625 16192 15791
is_linear=0
shrinkage=0.05


Tree=35
num_leaves=63
num_cat=0
split_feature=1 38 49 36 50 36 38 41 40 53 54 41 53 49 36 36 49 53 49 49 54 36 35 29 17 39 41 36 40 11 49 42 36 41 48 49 54 49 49 55 35 11 40 48 52 41 48 40 52 40 29 22 49 55 55 40 40 48 38 50 48 41
split_gain=3942 775.361 300.481 290.287 276.056 266.784 254.759 254.232 225.951 158.391 142.74 139.774 133.707 123.702 150.752 117.466 117.078 112.624 108.614 132.501 101.426 91.8989 90.976 89.6122 218.111 107.273 88.5107 94.1501 86.7605 87.7059 82.9876 98.4146 82.7951 91.418 82.7873 83.7794 98.2209 82.6719 194.659 111.58 102.527 94.7838 115.944 88.3802 109.615 87.1591 83.9044 113.913 81.484 80.5504 79.9144 79.3291 78.39 120.733 103.797 88.9071 77.661 77.0269 89.6717 78.0324 77.0016 76.7887
threshold=287.41619873046881 -12.588233947753904 254.46063232421878 209.11765289306643 82.059875488281264 285.58824157714849 -37.647056579589837 5.1459679603576669 0.78430938720703136 91.166667938232436 0.91597560048103344 -0.62865552306175221 812.47619628906261 290.50280761718756 278.52941894531256 267.94117736816412 266.37236022949224 1089.1666564941409 256.32855224609381 256.94619750976568 0.98296290636062633 230.88235473632815 -0.65229985117912281 18.315771102905277 -22.315292358398434 -34.37908744812011 24.292182922363285 213.23529815673831 9.254890441894533 243.90852355957034 273.45858764648443 -3.2898406982421871 224.41176605224612 1.977247476577759 -0.016086071729660031 265.41934204101568 -0.37940952181816096 267.78880310058599 260.24180603027349 -0.12940952181816107 6.1465306282043466 227.02115631103518 10.647064208984377 -0.25980782508850092 21.918452262878422 20.04865646362305 -0.043153882026672356 1.7450942993164065 41.086523056030281 25.823532104492191 4.6416101455688485 -22.603533744812008 270.49778747558599 0.78656607866287243 1.0000000180025095e-35 -2.4313888549804683 13.843116760253908 0.80511206388473522 -1.117652893066406 126.96470260620119 0.69629311561584484 1.7879408597946169
decision_type=2 2 2 2 2 2 2 2 2 2 2 2 2 2 2 2 2 2 2 2 2 2 2 2 2 2 2 2 2 2 2 2 2 2 2 2 2 2 2 2 2 2 2 2 2 2 2 2 2 2 2 2 2 2 2 2 2 2 2 2 2 2
left_child=1 4 10 -4 6 17 11 32 30 37 48 16 22 23 15 -15 -1 -2 57 -20 21 26 -6 25 -25 34 -21 -28 29 -27 52 -32 -5 -34 -10 -36 56 38 46 41 -41 -39 45 -40 -45 -43 -9 -48 -3 -49 -13 -33 53 -8 -54 -55 -37 58 -11 -59 -29 -56
right_child=5 2 3 7 12 -7 8 9 13 18 -12 50 -14 14 -16 -17 -18 -19 19 20 -22 -23 -24 24 -26 28 27 60 -30 -31 31 51 33 -35 35 36 -38 39 43 40 -42 42 -44 44 -46 -47 47 49 -50 -51 -52 -53 54 55 61 -57 -58 59 -60 -61 -62 -63
leaf_value=0.05947497965647091 -0.025540621795806757 0.046328719195622467 0.037147611976252069 0.04049123542821547 0.023833738635063082 -0.045646415500454188 -0.0063741614471076874 -0.019199556999891239 -0.031802224293910039 -0.0038340215505299107 -0.023001992542054123 -0.033058043462963975 0.031794368244095532 -0.040735894042845729 -0.038939985411232683 0.099002832858930967 -0.0072926539286746056 0.043362564116399993 0.043133175306199617 0.020342263561143499 0.043495889210743446 0.0028051004996800903 0.0022026885564611393 0.036370432873547152 -0.02060374804150927 0.0551267244959492 0.032790128430743588 -0.015867919802551613 -0.018844383736246299 0.00021737430085771797 0.028545848271738002 -0.0015375014111007673 0.034575514573907472 0.012886626152804677 -0.037441388482940208 -0.00033829155890919166 -0.018686322432056313 0.052240959297257895 0.0053562252512074559 0.023590952101903991 -0.0078066809696363875 0.035487781449287624 -0.0007299499973446277 -0.028873762978096504 0.0066133946817303144 -0.0033429425279494166 0.08828777923076557 0.012456200568536096 -0.010594381647066204 -0.012366094048544694 -0.012539698428868574 -0.047997546508395827 0.10659054412004361 -0.013448394829565696 0.036048272592928851 0.030002191757800431 0.05859576999795188 -0.040371684216943329 0.060598061222727984 0.038349343370858636 0.0092809449979662194 0.0040257279752513907
leaf_weight=71.655245700851083 2000.952561173588 948.89633607491851 966.71188087761402 518.69528825953603 574.25451692938805 3991.6127044875175 893.2053009532392 294.16667395457625 810.27991469576955 386.59999435395002 90.413186941295862 1328.7372414004058 556.40222863294184 18.595959426835179 44.380178730934858 78.624730922281742 784.38533210940659 61.116337947547436 351.91257679834962 2750.4680461250246 242.01361106336117 2443.9039874821901 3165.8860603310168 329.38008433952928 342.81501369923353 76.591931886970997 262.27123461663723 483.62281286716461 649.91005565598607 1439.9713207725435 268.78905269876122 2576.0049794781953 657.66776721924543 1859.6049312762916 307.27475320920348 738.2158349622041 1153.4453899171203 162.0495532527566 378.59077673405409 318.61115166917443 1413.5859473273158 591.32254201732576 842.62907186895609 1109.6065735928714 270.68808519095182 191.25020818412304 44.678673516958952 1669.108386579901 67.329741194844246 406.41150806471705 738.18544066883624 95.27665925770998 37.271145649254322 148.02985100820661 401.25315676257014 575.15666790120304 60.47948943823576 220.62122061103582 62.766875430941582 36.719283293932676 821.19325828924775 350.94570714794099
leaf_count=507 89917 4546 4722 2314 5424 257686 7985 1898 20134 2515 495 42836 5026 321 613 753 11332 1035 2085 15903 1427 21941 48618 3220 6073 604 1114 3359 10711 19912 2289 33204 2921 9039 7263 15779 22300 698 2673 2137 11328 4366 6988 10114 2270 1543 216 10979 339 2594 19737 1010 421 1124 2744 4692 671 1532 262 205 5992 3452
internal_value=-0.000532197 0.00522868 0.0118474 0.0104273 -0.00218954 -0.0381021 -0.00552487 0.00905262 -0.00214719 0.0064996 0.0372011 -0.0186936 0.00892591 -0.00876536 0.0374177 0.0722742 -0.00170384 -0.0234984 0.0113968 0.0131957 0.0116913 0.010553 0.00552388 -0.00987219 0.00731398 -0.0120785 0.0149385 0.00545424 -0.00355965 0.0029905 0.00534256 -0.000292798 0.0223012 0.0185531 -0.0180907 -0.0131735 -0.0093536 0.00136728 -0.00339275 0.00701157 -0.00203157 0.0157761 0.0121402 -0.0160446 -0.0219144 0.0259981 0.0058242 0.00929611 0.0425573 0.0075957 -0.0257301 -0.00319459 0.0122292 0.00592168 0.0251435 0.0211082 0.00412436 -0.00732605 0.00516575 -0.0291392 -4.03417e-05 0.0211078
internal_weight=45533.2 39479.5 20864.1 19757.5 18615.4 6053.68 14318.9 18790.8 11395.9 15754.8 1106.64 2922.96 4296.54 6049.96 141.601 97.2207 856.041 2062.07 8062.09 7355.39 7003.47 6761.46 3740.14 5908.36 672.195 5236.17 4317.56 1567.09 2166.47 1516.56 5345.93 2940.07 3035.97 2517.27 3069.7 2259.42 1952.14 7692.7 4173.25 3519.45 1732.2 1787.25 1625.2 1758.89 1380.29 782.573 2414.37 2120.2 1016.23 2075.52 2066.92 2671.28 2405.86 1616.39 789.47 723.187 798.695 706.707 449.367 257.341 1304.82 752.199
internal_count=785908 437270 138515 133135 298755 348638 239687 128413 165275 114139 5380 74412 59068 108354 1687 1074 11839 90952 56335 51821 49736 48309 54042 106667 9293 97374 26368 10465 31227 20516 56921 36503 14274 11960 66147 46013 38750 57804 30744 27060 13465 13595 12897 15057 12384 5909 15687 13789 4885 13573 62573 34214 20418 13801 6617 5816 16450 4514 2777 1737 9351 6196
is_linear=0
shrinkage=0.05


Tree=36
num_leaves=63
num_cat=0
split_feature=0 5 36 53 20 29 51 38 40 53 22 35 49 49 53 49 29 49 49 49 35 54 51 38 51 47 29 49 11 51 13 36 45 42 40 49 54 17 34 54 51 5 5 49 49 49 49 40 49 47 36 49 55 37 49 31 40 49 55 46 49 54
split_gain=3718.52 633.071 421.733 239.304 222.54 194.542 190.018 145.996 170.226 132.186 127.497 124.008 129.869 115.945 106.946 100.036 141.217 103.15 144.056 99.9159 96.5381 134.664 143.862 114.901 172.467 139.232 106.244 95.7181 140.901 104.822 91.7653 95.6151 90.7565 90.7432 82.5504 95.8929 79.9663 78.5844 117.238 74.625 74.2606 90.2628 74.2508 73.384 214.031 117.421 143.773 73.0801 138.579 95.9489 100.503 90.9939 78.9091 127.804 106.882 96.6387 87.1378 80.0802 74.6603 72.8648 72.1198 77.3345
threshold=287.52116394042974 232.56377410888675 285.58824157714849 545.16665649414074 -1.0157171487808225 17.05646896362305 8.1276984214782733 -15.294105529785154 3.7255096435546879 1089.1666564941409 -4.6827046871185294 3.7675304412841801 258.72836303710943 256.60597229003912 105.66666793823244 255.32789611816409 31.354249954223636 269.73658752441412 261.09867858886724 247.43756103515628 -0.76137718558311451 -1.0000000180025095e-35 63.55516433715821 -39.529411315917962 62.528821945190437 -0.87350952625274647 17.840677261352543 260.66418457031256 251.37928009033206 71.68945693969728 -51.119155883789055 281.47059631347662 1.6992340087890627 1.3408355712890627 -3.2156906127929683 266.77218627929693 0.98296290636062633 -33.732913970947259 2.1284575462341313 -0.91597560048103321 30.196672439575199 222.76506042480472 211.81697845458987 284.16561889648443 286.04714965820318 274.21087646484381 269.73658752441412 0.64706420898437511 263.73217773437506 2.358024120330811 277.35295104980474 259.93206787109381 1.0000000180025095e-35 267.12054443359381 265.41934204101568 21.300905227661136 5.0392150878906259 290.36918640136724 0.12940952181816107 6.4088649749755868 286.41694641113287 0.98296290636062633
decision_type=2 2 2 2 2 2 2 2 2 2 2 2 2 2 2 2 2 2 2 2 2 2 2 2 2 2 2 2 2 2 2 2 2 2 2 2 2 2 2 2 2 2 2 2 2 2 2 2 2 2 2 2 2 2 2 2 2 2 2 2 2 2
left_child=1 4 9 6 5 11 19 13 27 30 -7 -1 36 -8 -14 -12 17 18 40 -3 21 22 -15 24 -22 33 47 59 -29 43 -2 -32 34 -26 35 -23 39 -21 -39 -13 41 42 -17 45 -45 46 -30 48 51 50 -50 -25 54 56 -49 57 -54 -56 -51 -9 61 -10
right_child=2 3 -4 -5 -6 10 7 8 60 -11 15 12 14 20 -16 16 -18 -19 -20 37 23 32 -24 26 25 -27 -28 28 29 -31 31 -33 -34 -35 -36 -37 -38 38 -40 -41 -42 -43 -44 44 -46 -47 -48 52 49 58 -52 -53 53 -55 55 -57 -58 -59 -60 -61 -62 -63
leaf_value=0.040100859808043898 -0.033240693220416055 0.0711420025007857 -0.045095996191383721 0.015447305953842767 0.036916523664178282 -0.0028658489817118614 -0.042967544334607526 0.028441251777078225 -0.0033069473072349499 0.034183075839756695 0.037756167052556751 0.014146359142269908 0.0064580018821236056 -0.026851752379015898 0.019031249359524768 0.04912442286630108 -0.023865016789845168 0.046804580045702947 -0.019590466303231965 -0.022988819164556622 -0.024490130424923838 0.089235442955252944 0.042074314104699369 0.00057865314966785563 0.2130387581023393 0.0086650276216242838 0.020351637334368504 -0.0095683093061573604 0.0090366238409934265 -0.016154982581155105 -0.0059212257191874175 -0.030257854512775958 0.064616830066249228 0.038870888593383085 0.032783824686493233 -0.00023332278159581314 -0.020238572090734822 0.011773747333476756 -0.011596677461064119 0.04086962446555633 0.041890493425372502 0.06652955174573047 -0.0060232315677026041 0.091957632882175983 0.0071731976025853211 -0.002915600348643365 0.048869402294244718 -0.03326193740216727 7.9500623178938338e-05 0.038146687557240815 -0.028685560740259092 0.060381359700733488 0.015485417549627654 -0.029686350314736876 0.0035644177474646087 -0.023199068981130347 -0.026148227914341095 0.051512366308800031 -0.010502057707645984 0.096405382622650068 0.038826261170076579 0.050170076217420603
leaf_weight=534.4060993976891 1126.1719024553895 37.58417546749115 3895.5605705305934 2478.4550862777978 987.05608289688826 2730.4092502593994 170.67682250775397 605.30099207535386 3000.1826457921416 108.15540100075305 357.33896271139383 375.8831973709166 3549.2664347887039 373.58851753920317 3230.7129840143025 71.865477621555328 278.55382449179888 217.18247906863689 313.76482083648443 1012.1513600517064 1113.0773378368467 31.417992297559977 94.94314750470221 104.0035472754389 15.212012784555556 141.00096003338695 534.57856739871204 611.14878594875336 481.8147553075105 200.14461705088615 1092.9965405836701 639.87049956060946 99.136228127405047 14.710622318089007 393.62811662256718 640.56548505090177 75.658741518855095 662.14798837900162 2830.849632775411 856.57137998566031 267.25463277101517 61.756976149976254 405.04666604846716 132.81754228286445 169.34321890026331 474.63421569392085 427.56149180419743 246.76043582893908 2324.8828214611858 259.95025826618075 349.27990577369928 163.7659961078316 369.71763329766691 815.56313482299447 1755.4337232932448 336.27149437554181 190.39984093979001 91.62657774426043 113.21257357671857 42.18490407243371 111.54570278525352 69.163471303880215
leaf_count=2360 54150 167 261122 25806 4965 21177 3328 2965 33916 1453 1701 2024 21948 4243 18338 316 1438 951 1782 22544 32001 173 710 688 173 2443 6278 3779 3726 1424 32613 29899 762 242 2801 7389 385 4843 36788 4526 1281 296 2070 831 1322 3779 2673 5927 27606 2567 7973 1192 4839 20199 31185 5009 4153 1019 1355 274 938 657
internal_value=-0.000378164 0.00567992 -0.0342785 0.00073167 0.0140086 0.0123117 -0.000955914 0.00146273 0.00748895 -0.0200764 0.00413172 0.0167735 0.0152322 -0.00208558 0.0124493 0.0138167 0.00852122 0.0152693 0.0091525 -0.0100439 -0.00142562 0.00975204 -0.0128846 -0.00346783 -0.0173092 0.0294537 -0.0011463 0.0157378 0.0112963 0.0180563 -0.022129 -0.0149077 0.0188579 0.127414 0.0146008 0.00394971 0.0296564 -0.0107212 -0.00716648 0.0327194 0.0203428 0.00965217 0.00228692 0.022117 0.044441 0.0172432 0.0277648 -0.00276019 0.00266702 -0.00036333 -0.00367758 0.0371536 -0.00748768 -0.0170566 -0.00207067 0.00145457 0.00133296 0.00594296 0.0233873 0.0328692 -0.00066667 -0.00210192
internal_weight=45265.9 38403.2 6862.75 24090.4 14312.7 13325.7 21612 17069.2 6325.84 2967.19 4703.17 8622.5 8088.09 10743.4 6779.98 1972.76 1615.42 1336.87 1119.69 4542.73 10572.7 1633.28 468.532 8939.45 1284 170.924 7655.45 3144.95 2497.46 1886.32 2859.04 1732.87 1164.75 29.9226 1065.61 671.983 1308.11 4505.15 3493 1232.45 805.924 538.669 476.912 1686.17 302.161 1384.01 909.376 7120.87 3315.1 3047.33 2674.16 267.77 3805.77 1375.68 2430.09 2183.33 560.117 1847.06 373.163 647.486 3180.89 3069.35
internal_count=785482 406245 379237 320687 85558 80593 294881 230539 56284 118115 31012 49581 47221 174255 40286 9835 8134 6696 5745 64342 170927 16078 4953 154849 34859 2858 119990 20773 17534 13755 116662 62512 11125 415 10363 7562 6935 64175 41631 6550 3963 2682 2386 12331 2153 10178 6399 113712 41381 39501 35579 1880 72331 29191 43140 37213 8992 32204 3922 3239 35511 34573
is_linear=0
shrinkage=0.05


Tree=37
num_leaves=63
num_cat=0
split_feature=37 17 38 17 50 49 39 28 42 52 49 49 23 49 47 45 3 23 48 3 49 49 49 52 48 17 51 29 35 17 49 44 48 50 49 6 50 23 39 49 29 43 48 24 29 35 48 24 49 49 48 49 29 2 43 48 45 48 29 49 42 49
split_gain=3455.89 624.678 303.539 282.983 225.658 221.561 209.065 172.526 163.78 143.779 139.041 135.63 164.376 124.983 134.773 124.065 122.782 123.033 116.003 114.665 104.421 206.621 153.258 191.468 148.093 135.813 103.747 101.533 126.041 200.939 103.95 108.373 97.2658 94.0384 91.85 86.0579 101.585 143.59 83.7868 83.3383 81.9279 106.37 141.706 80.1856 79.9917 79.805 93.8305 105.954 88.6406 97.0793 79.3622 113.483 119.192 78.3644 76.6877 75.0717 74.97 84.9945 73.8618 138.323 73.2909 72.4509
threshold=287.92665100097662 -16.313554763793942 -40.235282897949212 -0.37291717529296869 82.059875488281264 247.43756103515628 -42.283224105834954 -0.26692008972167963 6.8806152343750009 5.1606376171112069 276.94873046875006 270.65731811523443 -26.987300872802731 265.70214843750006 2.5512099266052251 -11.547155380249022 256.56687927246099 -4.3606848716735831 -0.37975081801414484 262.74612426757818 256.32855224609381 261.09867858886724 262.42489624023443 57.570123672485359 0.9657111167907716 -7.798686981201171 62.29881668090821 15.661855697631838 5.6375126838684091 -29.145763397216793 267.56375122070318 -4.3761272430419913 -0.46758335828781122 16.846404075622562 290.50280761718756 291.42237854003912 222.99001312255862 -46.588294982910149 1.0000000180025095e-35 290.36918640136724 -1.1367893218994138 0.35296630859375006 -0.57820284366607655 27.88590240478516 23.727355957031254 4.7603943347930917 0.75721126794815075 22.029056549072269 267.04945373535162 263.06666564941412 -0.23977020382881162 263.73217773437506 1.6641530990600588 287.34085083007818 -1.4252929687499998 -0.47515141963958735 1.3454093933105471 -0.25980782508850092 27.275884628295902 255.32789611816409 -25.998664855957028 272.85017395019537
decision_type=2 2 2 2 2 2 2 2 2 2 2 2 2 2 2 2 2 2 2 2 2 2 2 2 2 2 2 2 2 2 2 2 2 2 2 2 2 2 2 2 2 2 2 2 2 2 2 2 2 2 2 2 2 2 2 2 2 2 2 2 2 2
left_child=1 4 35 5 6 26 7 10 16 -6 18 15 -13 50 27 -10 17 20 -1 -16 -7 33 23 -23 25 -24 -3 28 29 56 55 -32 -17 -22 -30 36 -2 -38 60 61 -12 -42 -43 -29 -35 -27 47 -47 49 -48 51 52 -8 -4 -11 -31 -15 -58 -19 -60 -5 -9
right_child=2 3 53 38 9 8 13 39 11 54 40 12 -14 14 19 32 -18 58 -20 -21 21 22 24 -25 -26 45 -28 43 34 30 31 -33 -34 44 -36 -37 37 -39 -40 -41 41 42 -44 -45 -46 46 48 -49 -50 -51 -52 -53 -54 -55 -56 -57 57 -59 59 -61 -62 -63
leaf_value=0.035134496983696938 -0.035899573121966323 0.043900409332936076 0.00025578139282556088 0.0795370040526025 0.039554214509490267 -0.013732156927736515 0.048937691416428265 -0.012411371634531055 -0.024114061288436604 -0.010842278951366975 -0.023243673484719771 0.010352623970506087 0.041440599032572474 -0.011012843628555704 -0.0047091481862736161 0.038190668249743397 0.03108403409329993 0.024994922105545953 -0.010384421391618355 0.041946793094958836 0.00030755506819340052 -0.028771513306895809 -0.0058157382065829166 0.082222033100812816 -0.046389300263088774 0.026678633295213378 -0.036255564362751666 0.027719700410029014 -0.014333388449921184 0.11292917190424967 0.025368360164785154 -0.0005352490796934013 0.008613286212124158 0.022690000692789231 0.03753267215758202 -0.047513525027389723 0.0042292167877292048 0.26344994743880606 0.053052604382633886 0.032137106729986042 -0.028382297132564401 0.16349582656504821 0.007398494077734072 -0.018327355423990402 -0.0085798368189702583 0.005423242853145608 0.070663373658386916 -0.017813908007236645 0.024487927805637431 -0.022070535713444292 -0.026344003164761372 -0.019902142158001367 -0.016003591334048856 -0.025954811978467503 0.0084120359796665042 0.031990836103171064 -0.0061564402663128919 0.065123234743249478 0.042329826960789588 -0.012368243004333141 0.02150683248934767 -0.029519526588631603
leaf_weight=366.30346313957125 1720.4753121733665 557.70940496399999 546.19215665385127 55.814242020249367 328.81699573248625 933.78609887324274 165.2181762047112 951.0408632569015 258.46356265246868 628.96019374579191 563.64357843436301 806.79686753079295 898.9847534224391 1816.6774084540084 208.91379173658788 316.3777484819293 430.55133654735982 1036.7459963262081 226.52118723560125 356.26742811687291 854.78675921075046 678.86033529601991 3000.7751576602459 41.213189981877804 157.36026350036263 495.93153150007129 43.51866340637207 486.90963728353381 2109.7635802365839 42.182500552386045 766.93608252331614 852.70855299569666 2288.9873057194054 2122.021465010941 88.958845792338252 2886.462800398469 60.854643234051764 5.8563691973686209 258.34756672382355 68.901577775366604 53.472798684611917 23.806854549795389 37.34803969040513 117.32479108870029 226.33287573233247 2710.7287463620305 32.650960996747017 598.95289580523968 946.90976138412952 208.0626237615943 737.22255378589034 403.14187405444682 123.44711218588054 596.72612126171589 2908.8361901268363 89.294709254056215 100.46981208957732 71.643909178674221 159.53499586880207 419.52351912111044 2163.3872211650014 1771.6365739209577
leaf_count=3982 99302 2635 15140 255 2469 7249 949 27863 2323 10141 11516 6641 5509 26664 3344 1903 4034 4834 4080 3645 5867 5940 30907 296 1790 2182 198 4756 37955 243 5865 8817 17144 13288 907 203761 2309 217 1524 1554 1458 533 984 1608 2252 16497 270 4226 6014 1870 13098 3907 1829 30548 40928 701 1291 671 762 2253 10159 53621
internal_value=-0.000563765 0.00477659 -0.0365264 0.0101541 -0.00263767 0.00820034 -0.00588017 -0.0152165 0.00728436 0.00792838 5.30321e-05 0.0155752 0.0267367 -0.00143713 0.00127547 0.00892713 0.00476781 0.00399303 0.0177415 0.0247009 0.0023767 0.00362248 -0.000307696 -0.0224188 0.00164555 0.00259111 0.0380985 -0.000748044 -0.00273482 0.00285036 0.0152015 0.0117307 0.012205 0.0145075 -0.0122349 -0.0421748 -0.0335522 0.0269855 0.0261036 -0.0221693 -0.0154071 0.0231267 0.0681653 0.0187787 0.0196762 0.00764335 0.00554427 0.00121802 0.0176007 -0.00949189 -0.0149297 -0.00276607 0.0211657 -0.013429 0.00498895 0.0579587 -0.00802479 0.0235144 0.0170056 0.00270149 0.0229663 -0.0235436
internal_weight=44986.1 39169.5 5816.57 22703.1 16466.4 20225.6 12599.8 4062.67 19624.3 3866.61 1271.1 4569.61 1705.78 8537.08 7108.05 2863.83 15054.7 14624.2 592.825 565.181 13008.4 12074.6 8871.45 720.074 8151.37 7994.01 601.228 6542.87 5938.64 3739.91 1751.12 1619.64 2605.37 3203.14 2198.72 4673.65 1787.19 66.711 2477.55 2791.58 678.271 114.628 61.1549 604.234 2348.35 4993.24 4497.3 3309.68 1187.62 240.714 1429.03 691.807 288.665 1142.92 3537.8 131.477 1988.79 172.114 1615.8 579.059 2219.2 2722.68
internal_count=785478 434201 351277 158822 275379 146884 221841 105591 144051 53538 22553 33520 12150 116250 96467 21370 110531 106497 8062 6989 98648 91399 69992 6236 63756 61966 2833 89478 83114 44252 15626 14682 19047 21407 38862 305589 101828 2526 11938 83038 14491 2975 1517 6364 15540 31059 28877 20723 8154 2140 19783 6685 2778 45688 51069 944 28626 1962 7849 3015 10414 81484
is_linear=0
shrinkage=0.05


Tree=38
num_leaves=63
num_cat=0
split_feature=1 36 39 36 51 49 36 29 50 49 5 49 42 47 22 35 49 40 55 35 41 40 52 6 50 47 29 55 49 23 49 49 49 5 52 49 5 49 49 47 41 49 40 23 11 23 5 24 41 42 51 38 11 49 47 38 49 29 49 49 49 50
split_gain=3232.85 579.564 291.909 268.758 173.806 168.031 182.226 177.727 137.523 139.15 127.183 126.492 121.593 173.26 121.618 120.999 115.244 114.96 105.753 132.368 105.083 104.141 102.244 100.045 99.462 88.1286 87.493 87.1724 106.551 92.142 86.0092 83.2002 108.937 88.688 82.6551 103.08 103.329 82.5644 94.8985 82.5 81.9932 97.8769 249.032 451.48 81.2003 81.1799 80.6937 80.2671 84.1648 79.3716 79.026 76.5533 69.8591 66.703 65.5046 65.2994 64.7631 67.3417 63.5136 152.566 98.2041 138.63
threshold=287.41619873046881 225.58824157714847 -48.901952743530266 285.58824157714849 6.3526408672332773 254.46063232421878 209.11765289306643 17.05646896362305 104.96093368530275 269.97990417480474 225.14548492431643 259.31796264648443 8.386817932128908 -0.45807838439941401 -24.679888725280758 -1.6928170919418333 247.43756103515628 0.31372833251953131 -0.6035533845424651 6.1465306282043466 21.296781539916996 19.470581054687504 27.083936691284183 284.53353881835943 106.65961074829103 -5.2547500133514395 7.9045171737670907 -0.91597560048103321 263.06666564941412 -7.0733015537261954 289.66523742675787 256.32855224609381 256.94619750976568 211.81697845458987 23.392936706542972 276.94873046875006 286.07608032226568 263.73217773437506 284.34808349609381 1.5975269079208376 -0.52142748236656178 285.28050231933599 -2.6666717529296871 -46.682836532592766 288.01518249511724 -5.7618849277496329 232.56377410888675 -0.14736080169677732 1.6942637562751772 5.3638763427734384 62.528821945190437 -4.7058792114257804 288.88053894042974 270.83627319335943 0.44793140888214117 -2.8235244750976558 286.04714965820318 -1.1367893218994138 261.09867858886724 256.60597229003912 265.70214843750006 62.104207992553718
decision_type=2 2 2 2 2 2 2 2 2 2 2 2 2 2 2 2 2 2 2 2 2 2 2 2 2 2 2 2 2 2 2 2 2 2 2 2 2 2 2 2 2 2 2 2 2 2 2 2 2 2 2 2 2 2 2 2 2 2 2 2 2 2
left_child=1 5 15 24 16 55 -7 18 9 11 20 21 23 14 17 -3 -4 37 26 -20 -6 -9 -10 58 -2 -19 -8 28 29 -13 46 -23 -33 -34 35 36 -26 -14 -39 47 41 42 -5 -44 -15 -11 -18 50 -49 -21 -25 -28 -17 -16 -37 -1 57 -40 59 -12 61 -60
right_child=3 2 4 40 10 6 7 8 22 45 12 27 13 44 53 52 30 25 19 49 -22 31 -24 39 34 -27 51 -29 -30 -31 -32 32 33 -35 -36 54 -38 38 56 -41 -42 -43 43 -45 -46 -47 -48 48 -50 -51 -52 -53 -54 -55 -56 -57 -58 -59 60 -61 -62 -63
leaf_value=0.013526904054748682 -0.026174796752095261 0.065779034820243193 0.060930453540975829 -0.0034213613551918477 0.02780581520619263 0.034234839182131077 -0.020674331676873162 0.028794922616202062 0.041173217884851468 -0.0045581048701198021 -0.011796631566391533 -0.0081518466698508162 0.062064403006012639 0.020277072873002296 0.011363910998249887 -0.026764351414751354 0.0042612232893660491 -0.030830270491619727 0.031469511945658578 0.0030498694351634007 -0.0040514122804240068 -0.020072791213707926 -0.0077861331883033362 -0.005915277962012782 0.029290658604043729 -0.0032076834900564479 0.10205419196368866 -0.030322305847127858 -0.038683961447366771 0.066203398603598848 0.044707266451251004 0.039617523748994937 0.041206650057831563 -0.01418078568080538 -0.027553222709479432 -0.0086743853773496426 0.19126707202056256 -0.00081599250010019235 0.038449509239487742 0.018499655203748622 -0.04700337417370979 -0.041412114161160869 0.023221798787408876 0.76856069562145379 0.11852376815770725 0.050249228336810725 -0.012938771662666144 -0.037784341127708398 -0.010233290761939132 0.020291178157066093 0.045962622602676556 0.036903029996797058 0.0080073363615845994 0.046999673765906337 0.10198861124191022 0.04574209493875369 0.0035195781930692873 0.1219924982462382 -0.020763266750465467 0.015915737758872728 0.0024872207056501174 0.0091849717043067224
leaf_weight=214.55067626386881 1670.4317238684744 39.538851356133819 61.069295324385166 80.17613532487303 938.83254970982671 921.7646310031414 60.325296256691217 300.92336566001177 342.85245413705707 106.92936442792416 655.34576190635562 86.447978142648935 80.055189916864038 1938.974329341203 380.69860915839672 1290.1550819016993 868.23605075106025 348.70405826531351 851.49505314975977 1909.0875068902969 357.39432217180729 484.91114659979939 154.77682170644403 495.59098388813436 22.814354745671153 1679.5586352590472 49.527381233870983 680.26637734100223 94.842773169279099 80.430253643542528 75.236403653398156 186.40746128559113 86.754777610301971 432.99823162332177 103.11541507393122 99.804607486352324 17.321422781795263 612.28759863600135 82.898561798036098 229.29172026924789 3272.1684208009392 149.29099374357611 6.084271552041173 3.0503804469481093 21.261692963540554 183.52161332964897 3177.3982570953667 454.23115235008299 711.25083396956325 1026.408882625401 86.17243218049407 503.00388283282518 162.65971055068076 200.45939449220896 15.441221559420226 589.48575274646282 76.210860330611467 34.020693607628345 1115.7226265929639 2050.9721059259027 11151.863449072465 591.15332913585007
leaf_count=1018 80957 546 266 5365 5438 4676 319 1632 1818 740 6611 775 481 20623 2900 38653 6373 6542 3866 9573 3007 2946 894 8483 650 28438 369 4436 865 438 1041 996 379 2654 4762 3713 537 5990 441 4839 241611 10325 430 180 395 784 45034 14544 16957 6043 927 2650 4916 1290 491 3018 814 304 12766 15565 125994 6021
internal_value=-0.000574745 0.0044239 0.00103335 -0.036702 0.00216308 0.0152935 0.013237 0.0106976 0.00177548 -0.00263927 0.00378384 -0.00654275 0.00292492 0.00944455 0.00277104 -0.0205225 -0.00725197 -0.00139452 0.0172313 0.014113 0.0190222 0.00251419 0.0259455 0.000897432 -0.0217084 -0.00795663 0.0365006 -0.0208879 0.00363422 0.0276851 -0.0082624 -0.00412561 0.00682511 -0.00493577 0.00715362 0.030186 0.0991949 0.0136366 0.00882311 -0.00969893 -0.04494 -0.0166431 0.0247605 0.272117 0.0213427 0.0300719 -0.00924747 -0.0133994 -0.0209709 0.00907837 0.00176902 0.042743 -0.0228713 0.0236558 0.00615281 0.0371457 0.0393823 0.0627585 0.00224302 0.00920508 0.000777745 -0.0103911
internal_weight=44754.7 39315 29967.2 5439.7 28474.9 9347.71 8543.68 7621.91 3222.06 2724.43 24293 2433.98 22996.7 5455.13 3494.89 1492.35 4181.94 2913.74 4399.85 3786.99 1296.23 1491.99 497.629 17541.6 1928.93 2028.26 612.857 941.987 261.721 166.878 4120.87 1191.07 706.16 519.753 258.497 155.382 40.1358 885.473 805.418 1976.54 3510.77 238.602 89.3108 9.13465 1960.24 290.451 4045.63 1747.25 1165.48 2935.5 581.763 552.531 1452.81 581.158 115.246 804.036 193.13 116.919 15565.1 2706.32 12858.7 1706.88
internal_count=786109 437088 386199 349021 342084 50889 46853 42177 19357 16645 289370 15121 280925 68218 47200 44115 52714 43010 22820 19482 8445 8607 2712 212707 91110 34980 3338 6514 2078 1213 52448 6975 4029 3033 10153 5391 1187 8030 7549 45750 257911 16300 5975 610 21018 1524 51407 40911 31501 15616 9410 3019 43569 4190 4204 4036 1559 745 166957 22176 144781 18787
is_linear=0
shrinkage=0.05


Tree=39
num_leaves=63
num_cat=0
split_feature=1 17 39 49 41 36 41 38 29 40 43 4 39 40 39 48 54 47 11 29 49 49 48 49 51 33 38 37 49 49 52 17 43 49 49 51 49 48 51 40 48 48 49 48 49 48 34 53 5 49 49 48 40 5 48 41 47 39 49 40 54 49
split_gain=3061.87 609.043 264.829 242.002 195.764 188.609 180.707 192.31 338.285 154.279 143.837 142.158 144.986 164.65 220.797 177.361 154.236 125.475 132.675 120.622 113.995 145.795 156.367 197.183 110.266 106.536 105.077 100.857 99.1783 145.731 155.976 101.489 98.893 96.5718 169.833 95.0483 92.3581 131.861 91.686 85.2722 112.967 93.4246 95.5166 83.3747 85.5684 84.7469 82.782 82.4183 81.9359 105.459 154.823 81.5696 80.5659 80.4951 95.0395 79.8703 77.2738 77.148 78.3458 76.3928 75.832 75.65
threshold=288.12187194824224 -17.056587219238278 -2.0842412710189815 247.43756103515628 3.1113551855087285 285.58824157714849 1.0000000180025095e-35 -33.529396057128899 3.4783353805541997 -2.3529586791992183 -2.3036041259765621 260.62001037597662 -28.762531280517575 13.843116760253908 -8.8888878822326642 0.11192005872726442 -1.0000000180025095e-35 -4.4585323333740225 289.21701049804693 5.0169582366943368 276.94873046875006 269.73658752441412 -0.29509925842285151 268.95562744140631 36.701768875122077 23.331644058227543 -7.8235244750976554 260.43936157226568 261.09867858886724 267.04945373535162 45.53399848937989 -9.1633796691894513 -6.5614471435546866 286.52598571777349 284.34808349609381 24.208659172058109 258.98173522949224 -0.032680213451385491 62.29881668090821 25.823532104492191 0.93061417341232311 0.9657111167907716 263.73217773437506 -0.3497984111309051 259.31796264648443 -0.5229169726371764 18.397102355957035 859.75000000000011 237.715934753418 255.95982360839847 259.93206787109381 -0.55223670601844776 17.627441406250004 225.84973907470706 -0.20123150944709775 6.7867329120635995 1.4013633728027346 -4.3369648456573477 255.32789611816409 -0.62744903564453114 -0.98296290636062611 259.72676086425787
decision_type=2 2 2 2 2 2 2 2 2 2 2 2 2 2 2 2 2 2 2 2 2 2 2 2 2 2 2 2 2 2 2 2 2 2 2 2 2 2 2 2 2 2 2 2 2 2 2 2 2 2 2 2 2 2 2 2 2 2 2 2 2 2
left_child=1 6 3 38 -5 -2 9 8 59 33 52 12 25 15 47 16 19 -9 32 53 21 22 23 43 56 -6 -22 28 48 30 -30 -31 -19 34 -1 -24 37 -21 -3 40 -16 -42 -43 44 45 -18 -23 -15 -17 -50 -51 -36 -10 55 -55 -14 -12 -41 -59 -8 -61 -57
right_child=5 2 -4 4 11 -7 7 17 10 -11 24 -13 13 14 39 27 20 18 -20 36 26 46 35 -25 -26 -27 -28 -29 29 31 -32 -33 -34 -35 51 -37 -38 -39 -40 57 41 42 -44 -45 -46 -47 -48 -49 49 50 -52 -53 -54 54 -56 61 -58 58 -60 60 -62 -63
leaf_value=7.6761473309011842e-06 -0.02390055573737606 0.044123923781881784 0.028808287727438715 0.022044025485536318 -0.0016203225566039569 -0.045355408397327573 -0.016685197693320383 -0.023821654727872184 -0.031572451584260912 0.028279250297292974 -0.0081410088411396457 0.052718964076588486 0.033113156492104917 -0.013197023052666576 0.0082150836438755221 0.022437588852244339 0.011174506498200109 -0.022436788576681736 0.055915478665735575 -0.0078424507725412904 -0.043771460711766817 0.033834702809548096 -0.02068600049322665 -0.062962021007452088 0.030150986530389935 -0.029777642123817467 0.011016813528115364 0.062008890419890265 -0.018929249521232757 -0.00015600807288772484 0.08189328907624549 0.023021834586242945 0.00032130702161770562 -0.012386500540259693 -0.022576787863414667 0.01284200386745277 -0.028480250742293885 0.11542943711795633 -0.027798312406302851 -0.030155026778319813 0.057332222887116847 0.036157416762295981 -0.042144136327274165 0.083226751965265022 0.016120036522669592 0.09917408005935191 -0.039860242490212805 0.042858369448673939 0.1083632988350294 -0.0089088593570464791 0.084504016882256505 0.041469297176496223 0.073251232582293643 -0.01671749790451171 0.01161598345132629 -0.061469980446108144 0.023680149715308775 0.038313299037042475 -0.0061085672140835136 0.0079365154351074153 -0.03981189706991 0.0090264748442101216
leaf_weight=1735.1572508336976 1502.2335039526224 573.3435349650681 1614.0447845757008 1938.0638891942799 2379.0816494040191 3220.1225083637983 768.85199515987188 613.91203560121357 379.43653990328312 661.94011441152543 834.55914590135217 157.1833482645452 352.17376060783863 2329.7322441209108 2010.174620769918 924.38815609365702 47.391176380217075 509.26247284561396 103.31272682733834 107.56982838734984 168.41987030208111 937.44478813931346 572.77991305664182 70.235130924731493 389.74733196943998 391.16867060773075 182.17028764262795 127.46791563928127 504.83574697002769 629.98075469583273 41.514908909797668 1886.8731832504272 7616.7328445203602 874.61885229684412 56.459753476083279 335.02086857333779 647.72751915827394 27.173576481640339 48.023062594234943 230.8563596457243 237.68300180137157 112.00387527793646 59.710756473243237 55.159023687243462 1097.893286768347 64.725492864847183 39.721295960247517 67.4726832062006 67.113084960728884 94.750051874667406 83.400999814271927 416.12574189715087 19.260916084051132 696.41774946451187 514.71323446929455 46.057115636765957 247.3219335982576 129.37435054779053 426.38036139309406 89.250082167796791 1217.0762314973399 219.03833514451981
leaf_count=18856 76800 2766 8071 9854 26260 249741 22842 12360 11577 6162 21339 1813 1542 24679 10861 5261 256 11112 2222 845 1677 5586 3569 615 6731 5519 935 1094 4431 5958 327 10503 108401 13447 725 1967 5321 247 215 1733 1150 588 446 278 6519 283 275 498 433 902 532 3550 192 4436 3239 215 6272 596 2346 2604 44915 1131
internal_value=-0.000465516 0.00405329 0.00927079 0.00781305 0.0069036 -0.0385304 -0.00328283 -0.00611131 -0.0152907 0.0063779 0.000130928 0.00536514 0.00497164 0.00678488 -0.000140825 0.010466 0.00501933 -0.00201584 -0.000389112 -0.00421709 0.0117724 0.01472 0.00769841 0.0185826 0.00734814 -0.00559623 -0.0153029 0.0181881 0.0168685 0.0121391 -0.0112682 0.0172203 -0.00110496 0.00167456 0.00724499 -0.0083126 -0.0206454 0.0170177 0.0385653 0.0084414 0.0130907 0.0370305 0.00892942 0.0231095 0.020369 0.0619771 0.030839 -0.0116193 0.0292542 0.0549457 0.0348222 0.0338177 -0.0265085 0.00281346 -0.00467618 0.0175087 -0.000866577 -0.00585969 0.00423242 -0.0291899 -0.0365497 -0.00322143
internal_weight=44501.8 39779.5 23246.5 21632.4 21011 4722.36 16533 12788.7 3945.5 3744.3 1870.33 19073 18915.8 16145.5 5603.39 10542.2 6181.83 8843.22 8229.31 2610.87 3570.96 3220.37 2243.2 1335.4 1471.63 2770.25 350.59 4360.32 4232.86 3063.2 546.351 2516.85 8126 3082.36 2207.74 907.801 782.471 134.743 621.367 3206.18 2419.57 409.398 171.715 1265.17 1210.01 112.117 977.166 2397.2 1169.65 245.264 178.151 472.585 398.697 1828.4 1211.13 617.269 1081.88 786.611 555.755 2075.18 1306.33 265.095
internal_count=785620 459079 165772 157701 154720 326541 293307 250567 116472 42740 46111 144866 143053 111274 42897 68377 38936 134095 121735 16976 21960 19348 13487 7951 34342 31779 2612 29441 28347 21219 4758 16461 119513 36578 23131 5536 6413 1092 2981 17720 13045 2184 1034 7336 7058 539 5861 25177 7128 1867 1434 4275 11769 10563 7675 2888 27611 4675 2942 70361 47519 1346
is_linear=0
shrinkage=0.05


Tree=40
num_leaves=63
num_cat=0
split_feature=37 36 36 39 53 49 26 40 51 38 49 41 55 49 5 45 40 50 24 44 51 29 35 36 41 38 50 49 39 36 29 37 49 39 52 49 2 36 26 45 38 29 52 40 41 40 49 49 49 55 29 36 49 49 51 53 49 49 39 51 49 35
split_gain=2863.58 478.252 344.764 243.3 169.923 156.525 156.121 183.077 144.674 143.792 136.839 136.686 183.518 135.067 142.269 130.278 124.062 123.964 121.16 116.679 116.293 115.229 111.542 109.033 107.455 105.868 103.564 101.913 129.332 97.8545 113.127 108.198 92.7975 90.0187 86.4984 88.289 94.9758 85.5833 84.7169 83.5807 82.2336 81.958 80.1843 79.8965 79.6817 79.273 79.1929 135.201 152.176 134.685 126.952 96.9041 87.005 84.7014 93.0479 81.294 80.6987 78.9605 78.4594 78.2693 78.1441 122.339
threshold=287.60711669921881 220.29412078857425 285.58824157714849 -41.266523361206048 545.16665649414074 254.46063232421878 1.0000000180025095e-35 5.3529357910156259 50.025959014892585 0.64705657958984386 247.43756103515628 8.3977231979370135 0.37940952181816107 255.59030914306643 256.52972412109381 -9.7524280548095685 -2.2941284179687496 129.50785064697268 25.033315658569339 -6.1366901397705069 30.910787582397464 31.354249954223636 -1.0316952466964719 237.94117736816409 -0.42216905951499933 -11.294120788574217 195.26495361328128 273.60411071777349 -13.768336772918699 236.17646789550784 8.3222141265869158 264.89834594726568 272.85017395019537 -23.653595924377438 23.392936706542972 276.94873046875006 286.57925415039068 276.76470947265631 -2.2751493453979488 4.9188890457153329 -40.235282897949212 1.1582479476928713 14.536789417266847 -0.56863403320312489 -0.52142748236656178 25.823532104492191 259.72676086425787 270.65731811523443 274.50689697265631 0.37940952181816107 2.9862976074218754 234.41176605224612 261.33148193359381 263.06666564941412 55.620832443237312 13.111111164093019 268.64752197265631 275.32183837890631 -49.934637069702141 71.68945693969728 256.60597229003912 15.931064128875734
decision_type=2 2 2 2 2 2 2 2 2 2 2 2 2 2 2 2 2 2 2 2 2 2 2 2 2 2 2 2 2 2 2 2 2 2 2 2 2 2 2 2 2 2 2 2 2 2 2 2 2 2 2 2 2 2 2 2 2 2 2 2 2 2
left_child=1 5 17 6 10 -1 16 32 26 21 20 13 15 -12 33 -13 22 40 27 -16 -5 -7 38 25 -21 -14 -9 28 60 57 -31 -32 41 59 35 36 -19 -33 58 45 -2 -8 -6 -18 -4 -20 49 52 -49 50 -35 -50 -48 54 -54 -51 -55 -29 -3 -15 61 -17
right_child=2 3 44 4 42 9 7 8 -10 -11 11 12 23 14 19 18 43 34 39 24 -22 -23 -24 -25 -26 -27 -28 29 -30 30 31 37 -34 46 -36 -37 -38 -39 -40 -41 -42 -43 -44 -45 -46 -47 47 48 51 55 -52 -53 53 56 -56 -57 -58 -59 -60 -61 -62 -63
leaf_value=0.044055957682043539 -0.032423563182810124 0.091848406588651899 -0.017750134217266025 0.045215836711880203 0.030289603792386845 0.015233303661054704 0.01244839992147332 -0.0062689032036611914 0.03765815708657072 0.043721388762968771 -0.050391783967681437 -0.020038540413838676 0.039097744002432711 0.022214782475508201 0.013216693998314539 0.077284176398010787 0.033155723632685756 -0.0015511114722340168 0.0030044485615732838 0.005406468231452459 -0.02292201823411838 -0.010840785027146846 -0.016168491738619669 -0.029766422129007632 -0.013474347908930553 -0.010195764767531333 0.079777229713135014 0.087277613741115562 0.011204649111302558 -0.010665911691295639 -0.010887867974239502 0.036310250563737122 -0.02508053377138322 0.042256970357447854 -0.025545663045913665 0.018254773859900118 0.17926166367431842 -0.0072470846737269683 0.039314299693392063 -0.021698410598739264 -0.011508273424699875 -0.016469645117005889 0.010749091512967823 -0.035941616996640502 -0.046302004951644826 -0.026258752472200893 0.009679852009942095 0.033284408390980458 0.022451653204407812 -0.015784175835827734 -0.047201532035084322 -0.013032332437427919 -0.046132916497008965 0.0066257593901303639 0.044175511903133242 0.046245177288068588 -0.031066970327597806 0.025590634728978007 -0.0031911415096335933 -0.014712109936037488 -0.0065914399106528111 -0.0019251449326546011
leaf_weight=511.79375038668513 1018.5266873389482 22.732372641563416 265.31483681499958 322.83503310009837 764.81377140060067 4488.4332402013242 364.49780105613172 1353.4575268197805 244.56474067829549 406.0336080044508 102.1765882410109 644.36908591911197 118.76614242047071 2248.9904745779932 1263.679406484589 72.985665291547775 459.42921813763678 11.579749703407289 1688.2443632315844 1385.5266575217247 77.690102804452181 467.89484024047852 700.23623120039701 737.92110446840525 1652.1538508338854 1314.4953659437597 35.896824752911925 56.2029699832201 2426.8842753097415 525.55124608613551 240.11893982440233 581.39454789273441 1955.7769232466817 62.724707126617432 87.748044377192855 133.43555359169841 19.480526736006141 139.9120536968112 202.31224129442126 650.27171493135393 872.57870879769325 747.45402465760708 1674.3041208628565 46.026686461642385 3093.8261932563037 268.19662330299616 529.50437071919441 629.65440591797233 311.75947972387075 61.088741160929203 107.84438968077302 502.57348606735468 280.65587219595909 447.99486836418509 31.749278858304024 390.26690709963441 207.89882491156459 673.74710803478956 485.62026250828058 153.27794689685106 2778.7230058219284 146.78793295286596
leaf_count=2737 55956 265 17295 1491 5382 21911 8012 30759 3047 2435 783 9577 1752 16923 11996 618 7275 209 17257 11911 352 2332 10990 14696 24922 11683 396 432 14021 8031 2736 6455 54846 277 3593 3625 528 1477 2045 7883 33449 19694 13887 1526 246054 3508 2437 3216 1425 281 535 3277 1838 2595 158 1774 1253 4247 6855 1086 36079 1652
internal_value=-0.00029576 0.00449531 -0.0340496 0.00214836 0.00430661 0.0176368 -0.00641994 -0.0113228 0.00219651 0.0151153 0.00302029 0.002525 -0.000877038 0.00681123 0.00738049 0.00176859 0.00560892 -0.0183814 0.00313963 0.000448875 0.0319991 0.0127718 -0.00200563 -0.0141508 -0.00486256 -0.0061111 -0.00404572 0.00631462 0.00262371 0.0153472 0.00798719 0.0181837 -0.0185234 0.0123781 0.0145431 0.0359279 0.111852 0.0278614 0.0119494 -0.00616874 -0.022773 -0.00699031 0.0168762 0.0268637 -0.0440469 -0.00100707 0.00733545 0.00390837 0.0148253 0.023546 -0.0143043 0.000552367 -0.00661628 -0.0155277 -0.036955 0.0378498 -0.00532172 0.0303403 0.00105881 0.0198586 -0.00432141 0.0243799
internal_weight=44268.4 38765.9 5502.49 32891.7 26273.7 5874.16 6618 4701.65 1633.92 5362.36 23834.6 23434.1 13064.6 10369.5 10267.3 10893.4 1916.36 2143.35 10249 4301.36 400.525 4956.33 1410.9 2171.18 3037.68 1433.26 1389.35 7642.31 5425.38 2216.93 1486.98 961.426 3067.73 5965.98 252.244 164.496 31.0603 721.307 710.665 2606.71 1891.11 1111.95 2439.12 505.456 3359.14 1956.44 3563.72 2941.79 1443.99 621.925 170.569 814.333 1497.8 968.299 312.405 451.356 655.894 729.95 508.353 2402.27 2998.5 219.774
internal_count=785737 425028 360709 395613 249903 29415 145710 116754 34202 26678 230634 228791 142104 86687 85904 113973 28956 97360 104396 48829 1843 24243 20155 28131 36833 13435 31155 75748 52370 23378 18699 10668 82552 37075 7955 4362 737 7932 9165 28648 89405 27706 19269 8801 263349 20765 19066 16199 7918 2867 812 4702 8281 5844 1996 2055 3848 4679 7120 18009 38349 2270
is_linear=0
shrinkage=0.05


Tree=41
num_leaves=63
num_cat=0
split_feature=1 17 5 42 53 41 38 29 1 53 3 49 49 51 29 44 49 49 23 53 49 4 41 39 9 39 40 5 49 23 49 27 49 49 38 29 11 41 49 42 4 38 49 40 23 52 40 54 54 49 28 49 49 41 40 51 40 54 38 49 49 49
split_gain=2682.41 489.312 227.477 179.493 176.151 159.583 191.729 197.913 151.321 132.553 127.407 119.662 131.693 165.935 124.544 110.594 108.721 123.817 116.588 104.808 97.1859 136.066 96.9311 108.015 91.3165 87.8363 109.106 87.4213 122.253 119.47 114.153 99.0784 109.306 103.155 86.6924 86.692 121.202 117.353 101.073 83.2417 81.6595 80.7388 89.2309 79.1279 79.1063 77.5584 75.4784 75.2622 141.241 130.546 99.543 92.9994 78.2592 76.1941 75.1088 73.7833 72.7859 70.8295 70.2683 68.7068 129.987 83.4943
threshold=288.12187194824224 -16.313554763793942 216.1795349121094 7.0202407836914071 545.16665649414074 0.11619454994797708 -36.352928161621087 4.7146072387695321 290.85476684570318 1089.1666564941409 256.56687927246099 261.09867858886724 262.42489624023443 55.01201248168946 24.770523071289066 -5.8112545013427725 270.65731811523443 254.46063232421878 -24.578768730163571 625.08334350585949 289.56823730468756 279.19839477539068 7.6736869812011728 1.0000000180025095e-35 291.48149108886724 -24.645606994628903 0.96078491210937511 237.1656188964844 271.22605895996099 -24.578768730163571 273.35858154296881 16.068514823913578 271.42791748046881 276.05895996093756 -6.2352981567382804 15.661855697631838 264.82698059082037 2.8830794095993046 286.04714965820318 6.1290054321289071 248.09886169433597 -13.176475524902342 284.34808349609381 -1.9019622802734373 -2.7883545160293575 4.3194870948791513 -2.4313888549804683 0.78656607866287243 1.0000000180025095e-35 254.46063232421878 33.410676956176765 259.72676086425787 260.24180603027349 10.700314521789553 -0.88235473632812489 23.82463359832764 -2.5686340332031246 0.78656607866287243 -43.941177368164055 285.67515563964849 284.50169372558599 288.57763671875006
decision_type=2 2 2 2 2 2 2 2 2 2 2 2 2 2 2 2 2 2 2 2 2 2 2 2 2 2 2 2 2 2 2 2 2 2 2 2 2 2 2 2 2 2 2 2 2 2 2 2 2 2 2 2 2 2 2 2 2 2 2 2 2 2
left_child=1 4 22 10 5 15 7 -7 9 58 11 14 13 19 25 56 17 -5 -18 -13 35 39 -3 47 45 26 -4 28 -14 -30 -29 32 -31 -33 -15 37 -37 38 46 -22 -38 -39 -43 59 -16 -11 -8 48 49 -24 -50 -51 -49 -54 -45 -9 -1 -28 -2 60 -17 -61
right_child=8 2 3 16 -6 6 20 55 -10 24 -12 12 27 34 44 43 18 -19 -20 -21 21 -23 23 -25 -26 -27 57 30 29 31 -32 33 -34 -35 -36 36 40 41 -40 -41 -42 42 -44 54 -46 -47 -48 52 50 51 -52 -53 53 -55 -56 -57 -58 -59 -60 61 -62 -63
leaf_value=0.016011914948967941 -0.038829089493941059 0.037182868361345982 0.031697627422496502 0.04687707538079075 0.011313622473164463 -0.031691806795661193 -0.012852754340088876 -0.013910323938671821 -0.044959988380761054 0.1922585478866124 0.029088661590760963 -0.034785147680690617 -0.0024935300332226641 0.098268873032999471 -0.02131539394196022 -0.0010445695300871341 0.013104228914038521 0.0060630429822439253 0.03955037152331551 0.05900227214827574 0.069657656178757119 -0.023797110828243304 0.043028608401263012 0.04949358097040725 -0.020687423692455895 0.013997100120127526 -0.033089238565094777 0.0021350423863867223 -0.0053943805179860671 0.090532431878576236 -0.021039478646358512 -0.023741634333774405 0.022331077528589347 0.020766729079946769 -0.0060646587955232832 -0.018162686233455259 0.12107853482565306 -0.01283594726293402 -0.02552847545181558 0.0028901513560974663 0.017963822353507512 -0.0019241183693112437 0.04942654280251263 0.035752042371484202 0.023427041196671553 0.017016226055430985 0.013631646480773529 0.021750909926011638 0.042390623636442359 -0.020180206723400936 0.0032794423848138236 0.010178017598446261 0.023686246092986387 -0.027137648478449412 -0.050217775616131201 0.01314929048448165 0.060974458185539586 0.035845634016914693 -0.018285345270166661 -0.026026725562261061 0.039627338760773061 0.0046973368129057079
leaf_weight=417.81603507883847 809.50506505835801 643.85607042722404 119.05152247846127 199.70575330406427 1961.5714938314632 1449.8712235139683 336.38729710504413 637.6438551126048 2676.7075214022771 15.207876130938532 467.80993867293 601.16571291349828 3255.7053037118167 40.081603113561869 493.15670675039291 1577.5191276492551 934.97972637601197 2673.2273715119809 751.87492262199521 31.34136825427413 136.12224653922021 101.95693957991898 226.11328563839197 223.35940889269114 20.993394019082189 3978.1354327835143 287.06987484917045 1249.5749816726893 722.8859181702137 61.412242844700813 924.54259154200554 245.97753090038896 1354.612606856972 276.53535698726773 39.562112808227539 281.07666774652898 19.796870797872543 4918.2132494505495 253.74825917184353 71.047280706465244 637.02445453219116 784.78054266422987 94.820100301876664 242.23941205814481 123.53683187812567 10.795884709805248 1343.272702364251 225.04467695206404 687.80301657319069 348.94497451931238 213.08669479936361 910.57456345483661 96.854905165731907 309.0475089289248 28.382966140285134 416.43932764325291 114.72344290092587 42.821270786225796 856.78289607260376 516.62779354117811 224.39393947180361 386.59580130781978
leaf_count=2931 61724 3102 639 1046 25023 57922 3195 19049 215624 304 4515 5563 24944 347 4490 17918 7305 20184 4306 219 1521 1689 1272 1452 1134 22597 4143 12377 5927 345 9172 2110 7444 1697 226 5563 174 97154 4718 1128 6907 10954 1140 2468 595 375 13220 1053 3161 1787 1061 4180 441 1567 910 9103 821 449 47313 8008 2058 6093
internal_value=-0.000445275 0.00365468 0.00844468 0.00617693 -0.00277625 -0.00461997 -0.00747159 -0.019706 -0.0375332 -0.0259301 0.00342505 0.00255804 -0.000960165 -0.0215735 0.00869871 0.004713 0.0148162 0.00890014 0.024892 -0.0301379 -0.00405951 0.0234888 0.0194631 0.0159427 0.0568811 0.0116312 -0.00933375 0.000854116 0.00400445 0.0119534 -0.00771991 0.0184224 0.0252889 -0.000185974 0.0464424 -0.00504184 0.00931366 -0.00678335 0.00388418 0.0467602 0.0210717 -0.0103407 0.00361143 0.000957528 -0.0123525 0.119504 0.00832759 0.0134592 0.0175195 0.00804735 0.0331397 0.00176739 -0.00189836 -0.0150102 0.0267355 -0.00321981 0.0256981 -0.0241412 -0.0282658 -0.00162131 0.00402034 -0.0128763
internal_weight=44101.5 39711.5 22759.5 18874.8 16952.1 14990.5 11482.2 2503.95 4389.99 1713.29 14315 13847.2 8803.4 712.151 5043.77 3508.3 4559.79 2872.93 1686.85 632.507 8978.25 309.126 3884.69 3240.83 46.9972 4427.08 448.943 8091.25 5917.13 2661.42 2174.12 1938.54 1416.02 522.513 79.6437 8669.12 937.898 7731.22 1933.41 207.17 656.821 5797.81 879.601 2975.76 616.694 26.0038 1679.66 3017.47 2386.52 1485.63 900.89 1259.52 630.947 405.902 270.622 1054.08 532.539 329.891 1666.29 2705.14 1801.91 903.224
internal_count=785857 459383 159716 140640 299667 274644 233437 86074 326474 110850 107799 103284 70371 6355 32913 41207 32841 21230 11611 5782 147363 4338 19076 15974 1813 27828 5231 64016 42467 17523 21549 11596 7789 3807 573 143025 12644 130381 21133 2649 7081 109248 12094 37455 5085 679 16415 14522 11461 7239 4222 5967 3061 2008 3378 28152 3752 4592 109037 34077 19976 14101
is_linear=0
shrinkage=0.05


Tree=42
num_leaves=63
num_cat=0
split_feature=1 17 23 49 50 38 1 53 4 41 54 52 29 49 41 52 35 53 51 35 48 44 49 49 14 4 24 5 48 38 17 25 32 48 48 49 49 52 54 49 43 49 38 49 47 49 51 49 29 29 49 49 49 5 41 49 23 48 49 46 49 24
split_gain=2515.72 441.378 234.998 184.878 174.355 192.337 152.496 152.055 136.668 132.705 118.72 121.606 118.264 124.399 112.087 107.919 107.133 102.335 94.9186 94.4886 118.996 92.3513 89.7791 101.695 89.6923 89.0219 80.3855 94.1368 78.1867 78.0372 77.3316 90.1043 84.194 68.596 96.7494 99.8137 75.0067 72.8393 92.8063 70.2347 67.9742 67.9306 66.4409 66.0869 65.3361 64.4883 79.4833 76.1686 64.149 63.7156 63.4928 62.5727 96.0529 62.3222 100.424 83.6724 104.533 79.3176 84.5709 67.3164 80.7195 61.1044
threshold=288.12187194824224 -16.313554763793942 -1.2585433125495908 247.43756103515628 82.059875488281264 -37.647056579589837 291.15071105957037 123.83333206176759 253.336784362793 2.7746309041976933 -1.0000000180025095e-35 38.534135818481452 15.661855697631838 290.50280761718756 28.167270660400394 5.1606376171112069 -1.0316952466964719 1089.1666564941409 63.49690246582032 -0.76137718558311451 1.0000000180025095e-35 -8.6880893707275373 266.53407287597662 267.93310546875006 -49.891138076782219 267.12425231933599 13.047713279724123 227.79909515380862 -0.47515141963958735 -39.882347106933587 -8.1291046142578107 16.232443809509281 3.0281046628952031 0.5229582190513612 -0.48803782463073725 269.73658752441412 274.91055297851568 37.524606704711921 0.78656607866287243 286.52598571777349 -3.3036117553710933 276.94873046875006 -21.235290527343746 254.46063232421878 -0.44054174423217768 288.19223022460943 36.701768875122077 267.04945373535162 -2.6497731208801265 7.7820682525634775 275.32183837890631 275.32183837890631 287.85705566406256 272.73497009277349 -0.52142748236656178 265.70214843750006 -37.483966827392571 0.086114823818206801 286.04714965820318 1.7558927536010744 267.78880310058599 5.3451433181762704
decision_type=2 2 2 2 2 2 2 2 2 2 2 2 2 2 2 2 2 2 2 2 2 2 2 2 2 2 2 2 2 2 2 2 2 2 2 2 2 2 2 2 2 2 2 2 2 2 2 2 2 2 2 2 2 2 2 2 2 2 2 2 2 2
left_child=1 4 3 18 5 16 17 8 30 21 11 -9 13 40 22 50 24 29 -3 -17 61 28 -14 44 -1 -22 27 -12 -7 -2 31 -5 -32 34 36 -36 -34 38 -37 -40 -11 -29 -43 -35 -24 46 -27 -48 -26 -18 -6 -25 -53 55 -55 56 -23 58 59 -57 -61 -21
right_child=6 2 -4 7 15 9 -8 10 -10 12 26 -13 14 -15 -16 19 49 -19 -20 20 25 53 23 51 48 45 -28 41 -30 -31 32 -33 33 43 35 37 -38 -39 39 -41 -42 42 -44 -45 -46 -47 47 -49 -50 -51 -52 52 -54 54 -56 57 -58 -59 -60 60 -62 -63
leaf_value=0.09082170500923209 -0.035024298013779022 0.039284711126582467 0.033793486109660494 6.0739004361005706e-05 0.050799421195737632 0.043695551995613063 -0.045341604457646068 0.0087790383937814201 0.029037449112204614 -0.02428659640744555 0.039780446592779836 -0.014594223239449158 -0.017905667524646833 0.037537289732392266 -0.023060097923472283 0.022157777486487656 -0.026340957660602279 0.041727566345459717 -0.040017645690289899 -0.0054708747859760695 -0.0068402440840150836 0.057098567328907612 0.12018443269270591 -0.0074828684616128757 -0.011317508976899392 0.002097871622376291 0.010319545251327715 0.021959325408662234 0.0090814067387483457 -0.012054998747657624 0.029987473489704347 -0.018147737487558692 0.026610698327029166 0.039910987889477306 -0.010794065157242076 0.00072213057725656045 -0.013143292904298918 -0.027687085681010432 0.036285186964376166 -0.034041312040158728 -0.0082891379705401225 0.061333350826896116 -0.014637642362833079 0.0068681502217143075 0.025402006899227017 -0.0048639974966084125 -0.020131738010510453 0.040615925312631564 0.029022477793676695 -0.0062739425836313978 0.011187662812294273 0.04456264783081712 -0.022695265925325628 0.0048941244673879449 -0.023995306241338554 0.023348368615322329 -0.020584341343809858 0.059802281188404874 -0.026777128866205265 0.058280275240261338 -0.015892023585028728 -0.032096783474929301
leaf_weight=27.122780973091722 1254.5217970414087 573.37312817201018 851.03191827982664 2594.2529530841857 200.5457701832056 255.29709943570197 2406.41490881145 4075.6187046095729 468.2763994820416 780.20551997795701 648.89399435184896 644.48607585579157 129.09854171797633 137.32291131652892 196.75432972796261 579.91357645764947 1770.0525058247149 53.820207333192229 40.390861131250858 1185.3119290526956 567.41746364533901 48.983283748850226 45.403016705065966 145.74229366146028 438.74261579569429 278.76389681175351 2230.7972080726177 1261.1673879809678 451.95154343545437 524.33520229626447 303.97264762036502 920.49165394343436 483.88609709218144 158.49524204060435 2235.1512934789062 879.92748178169131 157.19958599843085 143.44600676745176 370.10997635126114 39.268845081329346 4459.0876113269478 32.692471830174327 240.43541270680726 3343.2325525768101 30.326027764007449 249.29051453899592 57.272460457868874 521.0717267068103 127.09946597740054 509.40890906192362 204.13297476433218 276.31610036641359 65.707241654396057 726.44083466939628 513.42044251039624 755.06044640205801 373.60724816471338 88.357168069109321 133.58171658031642 43.034346731379628 248.43442194163799 263.35339093580842
leaf_count=354 96764 2916 4678 22346 1276 2075 203633 28577 4182 18794 2981 4513 2799 1733 3405 5625 63013 1974 192 18483 8869 370 331 1867 7712 5466 16457 7776 3815 24388 1383 13118 2500 846 13772 5229 905 805 1977 233 83292 283 1779 21887 414 4253 1172 7811 1472 13930 1898 2331 577 6808 10950 5831 2486 727 1963 301 2224 5049
internal_value=-0.000458046 0.00346267 0.00801662 0.00701244 -0.00265919 -0.00554 -0.0370656 0.00623038 0.00255369 -0.00223622 0.0111 0.00558764 -0.00664637 -0.0094401 0.0102433 0.00630261 -0.0169314 -0.0261987 0.0340659 0.00362304 0.000180726 0.00535932 0.0197043 0.0283208 0.00200114 0.00926135 0.0169947 0.0238153 0.0215762 -0.0282539 0.00148728 -0.00470796 0.00417065 0.00316593 -0.00105811 -0.00419035 0.0168627 0.00611171 0.00987211 0.0295393 -0.0106714 0.0170633 -0.00554417 0.00836374 0.0822284 0.0175191 0.0240292 0.0346002 -0.00225634 -0.0218564 0.030818 0.0199513 0.0316415 0.0014461 -0.00706885 0.00768915 -0.01158 0.0141087 0.0106875 0.0154696 -0.00494074 -0.0103112
internal_weight=43819.3 39580.2 22696.6 21845.6 16883.6 12776.6 4239.09 21231.8 12097.7 9904.13 9134.09 4720.1 6265.96 5376.62 889.348 4107.07 2872.43 1832.68 613.764 3702.39 3122.48 3638.17 692.593 563.495 592.965 1673.82 4413.99 2183.19 707.249 1778.86 11629.4 3514.74 8114.69 7810.72 4308.99 3667.9 641.086 1432.75 1289.31 409.379 5239.29 1534.3 273.128 3501.73 75.729 1106.4 857.108 578.344 565.842 2279.46 404.679 487.766 342.023 2930.92 1239.86 1691.06 422.591 1268.47 1180.11 1046.53 291.469 1448.67
internal_count=785570 458811 159335 154657 299476 239574 326759 151549 89183 153093 62366 33090 115543 103819 11724 59902 86481 123126 3108 56728 51103 37550 8319 5520 9538 27571 29276 12819 5890 121152 85001 35464 49537 48154 25421 22016 3405 8244 7439 2210 102086 9838 2062 22733 745 18702 14449 8983 9184 76943 3174 4775 2908 31660 17758 13902 2856 11046 10319 8356 2525 23532
is_linear=0
shrinkage=0.05


Tree=43
num_leaves=63
num_cat=0
split_feature=2 38 50 37 36 41 41 49 38 12 36 48 49 49 37 40 54 40 29 53 24 29 41 29 49 48 54 23 36 52 11 49 11 48 48 31 51 52 37 35 51 49 49 48 51 54 52 40 29 40 49 49 49 49 54 48 54 49 36 42 38 48
split_gain=2325.56 450.134 214.676 211.688 197.646 164.154 136.589 133.521 120.327 115.427 115.265 105.659 259.897 210.783 104.613 155.485 105.843 102.935 101.429 97.3182 94.0031 105.613 113.486 96.6556 86.7603 85.0178 84.7459 131.238 83.7188 79.876 78.0274 77.708 76.8923 75.3656 100.217 74.5771 125.461 315.498 74.2985 73.756 73.1727 71.9565 149.781 138.047 127.549 106.154 83.2812 77.3544 70.9363 69.2542 69.0302 162.602 155.192 146.86 153.286 96.6865 68.6419 67.1413 66.9036 66.4771 66.3792 65.3966
threshold=288.02078247070318 -12.941169738769529 222.99001312255862 286.18373107910162 214.41176605224612 3.8332159519195561 2.6681184768676762 247.43756103515628 -41.294120788574212 -50.996305465698235 286.76470947265631 0.17304420471191409 265.41934204101568 273.35858154296881 281.03123474121099 -0.72549438476562489 -0.91597560048103321 -1.5490112304687498 5.0169582366943368 90.055557250976577 23.638015747070316 4.2133684158325204 6.412973403930665 18.315771102905277 254.46063232421878 0.30385869741439825 -1.0000000180025095e-35 -26.987300872802731 203.82353210449222 9.8019967079162615 256.69876098632818 289.66523742675787 289.99116516113287 0.8446832299232484 0.8529149889945985 -0.54727116227149952 46.128787994384773 33.815084457397468 271.88453674316412 -3.0548431873321529 37.148876190185554 267.78880310058599 258.38572692871099 -0.038633346557617181 41.671886444091804 0.12940952181816109 37.740104675292976 19.470581054687504 31.354249954223636 -4.0196228027343741 286.31919860839849 284.50169372558599 276.94873046875006 288.78967285156256 -0.37940952181816096 -0.55223670601844776 -1.0000000180025095e-35 284.34808349609381 242.05882263183597 -12.573532104492186 -40.941184997558587 0.52739697694778453
decision_type=2 2 2 2 2 2 2 2 2 2 2 2 2 2 2 2 2 2 2 2 2 2 2 2 2 2 2 2 2 2 2 2 2 2 2 2 2 2 2 2 2 2 2 2 2 2 2 2 2 2 2 2 2 2 2 2 2 2 2 2 2 2
left_child=1 2 3 6 24 -6 14 40 -5 -8 -2 13 -13 18 17 50 -17 26 -11 41 21 25 -23 29 -3 -14 -1 49 -26 -24 -20 58 39 -22 -35 36 -12 -38 -36 -10 -7 42 43 -9 -44 -46 -43 -45 61 57 51 52 55 -52 -55 -16 -33 -28 -15 -21 -25 -30
right_child=10 4 -4 8 5 7 9 19 32 11 35 12 20 31 15 16 -18 -19 30 59 33 22 23 60 28 -27 27 -29 48 -31 -32 56 -34 34 38 -37 37 -39 -40 -41 -42 46 44 47 45 -47 -48 -49 -50 -51 53 -53 -54 54 -56 -57 -58 -59 -60 -61 -62 -63
leaf_value=-0.0087037692775865875 -0.025763693789888249 0.055154108074713881 0.025933826740264773 -0.028895753650492063 0.020104638786605261 0.03862189609702233 -0.030382973605001674 -0.05555023894000255 0.1131976761946322 0.0053658933194027638 -0.025107435663478034 -0.026215623591804467 0.030162491374776952 0.014435402503490078 0.08510559549862412 0.14773209629221262 -0.040309722847374621 0.023920232011702056 0.0031675617770364262 0.046952671767758664 -0.022532628761336548 0.066234921454710743 -0.0056502127061670362 -0.030706991403226153 0.044815562743581033 -0.026737996814380022 -0.031595344745348884 -0.023791994423729038 0.013032007773155453 0.013896433503311975 -0.030776141412602171 0.096523783667874896 0.024899945123512675 0.068610296541531335 0.020032346175065285 -0.04730881736871783 0.46948522086374783 -0.044686880969284713 -0.024323671612129904 -0.012558793920483978 -0.0079152198123400939 0.0072934237755966974 -0.016089495790274837 0.022389709107375061 -0.0090561492521938052 0.049200708695990802 -0.018722371004645126 -0.0021169289083681217 -0.0033859434698431767 0.01985965393231922 -0.030401867522660428 0.045145250272928192 -0.026804814378246996 0.086134796148309906 -0.0033328296849803986 0.008238932639513542 -0.038384815351684143 0.029362632099699245 -0.027632558907865576 0.0070461344684975323 0.053171467438862523 0.032940028124072269
leaf_weight=803.555708296597 1132.6520402617753 170.38782391697168 640.66838916111737 1147.3311960110441 1910.7196784466505 423.25603885948658 429.12114027328789 79.8892214410007 11.772448029369114 1888.5422731153667 141.07211841084063 740.80049920268357 83.400538645684719 100.67271030507982 43.213991491124034 7.6657680105417958 314.3520442340523 965.37291114963591 286.24550469405949 105.71284739673138 462.23925839923322 96.849859433248639 720.94955284520984 26.853212017565966 267.31205484271049 308.39931529015303 135.98398837819695 239.28342605754733 1296.860329285264 1900.186938021332 414.41953220032156 24.888801800087094 166.09108108468354 56.456719042733312 183.33929874747992 2297.3497193213552 4.6119981966912738 8.4490612298250181 194.63557790964842 1214.3686890611425 105.52719942480326 3265.6455892808735 2289.7501386031508 769.23650889843702 169.21553634293377 145.37283569574356 339.60942145250738 553.83572868257761 417.92794759571552 1401.5978319700807 412.47835430502892 241.46122802607715 368.30733830854297 61.767067512497306 212.86762261390686 767.32075289264321 15.178903568536041 67.641400884836912 1544.4156314972788 8139.8214123621583 193.91568822786212 604.93687675893307
leaf_count=6451 74724 1114 8248 54435 9017 2124 13999 578 175 25446 11960 16106 1288 1586 329 152 10844 7265 4198 575 6066 1445 12801 455 1696 6400 1059 1768 5906 29790 9534 335 5456 431 2549 213613 333 721 2465 37170 485 25428 18862 4672 1353 987 2652 4004 2016 10242 6957 2355 6766 695 3220 8545 256 550 31809 57745 1738 2626
internal_value=-0.000373113 0.00308833 -0.00251432 -0.00351278 0.0081161 0.00623552 -0.00134822 0.00461837 -0.0169067 -0.00503293 -0.0389551 -0.00385594 0.00110283 -0.00961944 0.00454911 -0.00347413 -0.0358333 0.00994341 -0.000661908 0.00379421 0.00589026 0.00975901 0.01301 0.0111962 0.0205951 -0.0146259 0.00484804 0.0107519 0.018319 0.00852008 -0.016909 -0.0233825 -0.00702665 -0.00847969 0.00647277 -0.0450499 -0.0113814 0.136873 -0.00280848 -0.0113514 0.0293347 -0.000282269 -0.00489313 0.00827727 -0.011988 0.0178646 0.00484278 0.0121313 0.0152657 0.0159012 0.00147043 0.00776459 0.000107942 -0.01154 0.016789 0.0123371 0.0454162 -0.011346 -0.0250582 0.00755776 0.0429689 0.0193645
internal_weight=43533.8 39949.6 18894.6 18253.9 21055 18297.6 15714.4 16386.9 2539.56 9671.51 3584.13 9242.39 4968.03 4274.36 6042.87 2429.43 322.018 3613.44 2589.21 15858.1 4227.23 3330.56 2938.76 2841.91 2757.43 391.8 2648.06 1844.51 2587.04 2621.14 700.665 1685.16 1392.23 896.671 434.432 2451.48 154.133 13.0611 377.975 1226.14 528.783 7612.55 4007.3 1402.96 2604.34 314.588 3605.26 1323.07 2319.73 1605.22 2107.42 1420.3 1178.84 687.113 274.635 810.535 40.0677 203.625 1645.09 8245.53 220.769 1901.8
internal_count=784570 483219 341379 333131 141840 128482 235895 119465 97236 168697 301351 154698 81534 73164 67198 39863 10996 27335 39178 116856 65428 53917 46229 44784 13358 7688 20070 13619 12244 42591 13732 33986 42801 11511 5445 226627 13014 1054 5014 37345 2609 58536 30456 9254 21202 2340 28080 8676 10548 11851 28867 17995 15640 10872 3915 8874 591 1609 33395 58320 2193 8532
is_linear=0
shrinkage=0.05


Tree=44
num_leaves=63
num_cat=0
split_feature=2 17 5 35 35 29 38 49 41 45 50 36 27 35 36 49 49 49 44 16 54 49 29 49 55 49 54 52 49 49 52 49 5 55 23 55 36 50 45 28 5 55 35 49 40 49 4 36 49 49 38 55 49 49 41 50 36 43 40 49 54 41
split_gain=2197.88 420.342 206.365 196.832 167.622 176.379 172.304 140.732 139.343 124.876 119.589 118.795 118.721 107.197 113.952 106.263 102.397 95.5748 94.8512 94.7315 94.3144 145.023 95.3503 93.9222 131.887 119.106 118.933 209.534 123.257 197.082 121.756 263.988 241.117 130.397 113.29 135.765 138.472 109.834 101.954 92.2923 91.2024 91.1931 107.802 94.9665 186.03 140.784 127.301 90.8562 90.5561 88.1506 86.2586 98.0759 124.127 121.595 138.19 100.806 84.9999 84.8929 80.6627 80.0287 84.8314 140.451
threshold=288.02078247070318 -20.705263137817379 218.3474044799805 3.5785672664642338 -0.8988763391971587 10.901385307312013 -35.647056579589837 265.99908447265631 3.3023456335067753 11.443775177001955 126.96470260620119 286.76470947265631 -2.7429928779602046 5.312911033630372 207.94117736816409 254.46063232421878 290.50280761718756 247.43756103515628 -6.6335525512695304 -23.171203613281246 -1.0000000180025095e-35 259.72676086425787 28.935934066772464 282.31869506835943 0.78656607866287243 276.47534179687506 -1.0000000180025095e-35 45.53399848937989 272.37759399414068 272.51168823242193 57.570123672485359 263.06666564941412 241.09019470214847 0.60355338454246532 -12.714762687683104 -0.37940952181816096 237.94117736816409 60.130428314208991 -11.547155380249022 19.113986968994144 229.01564025878909 0.60355338454246532 10.539787292480471 258.38572692871099 18.098022460937504 266.77218627929693 231.77297973632815 234.41176605224612 263.99104309082037 258.72836303710943 -1.7647018432617185 1.0000000180025095e-35 278.97543334960943 276.75975036621099 33.642942428588874 21.337301254272464 267.94117736816412 0.29206848144531256 -2.5686340332031246 260.24180603027349 0.78656607866287243 9.1554088592529315
decision_type=2 2 2 2 2 2 2 2 2 2 2 2 2 2 2 2 2 2 2 2 2 2 2 2 2 2 2 2 2 2 2 2 2 2 2 2 2 2 2 2 2 2 2 2 2 2 2 2 2 2 2 2 2 2 2 2 2 2 2 2 2 2
left_child=1 4 13 19 12 6 10 -7 18 17 -6 -2 -1 -3 -15 -16 -10 -5 58 -4 21 -17 59 25 -25 26 27 38 30 -30 33 32 39 34 37 40 -37 -28 -19 -32 -36 43 49 44 -40 46 48 -21 -45 -43 51 52 53 -27 55 -55 -18 -12 -8 -22 -61 -62
right_child=11 2 3 9 5 7 8 -9 16 -11 57 -13 -14 14 15 20 56 23 -20 47 22 -23 -24 24 -26 50 28 -29 29 -31 31 -33 -34 -35 35 36 -38 -39 41 -41 -42 42 -44 45 -46 -47 -48 -49 -50 -51 -52 -53 -54 54 -56 -57 -58 -59 -60 60 61 -63
leaf_value=-0.0036008221541673048 -0.025281254009381894 0.044592271383974903 0.043597559689130816 0.026609184234769385 -0.021822545900558859 -0.02811388293758298 -0.006179428483064478 0.011148103249670589 -0.011631154060358365 -0.015028761237584114 -0.010155009278934625 -0.045128388057955729 0.020407222221944354 0.03309839849119612 0.037616258516095208 -0.022005589432816497 -0.036227702623523643 -0.030255577588183903 -0.0024150088000184887 0.032157225478691875 0.038252540314751345 0.0096523763605600669 -0.0045271906127137759 0.019931085182129462 -0.030015878829224005 -0.055344801634306412 -0.015898995264914652 -0.032283994427855442 0.10683748115204612 0.018398911696081661 0.070849560940159567 -0.018019224988418223 0.18790058168214471 0.016775844930336493 0.0062343430211154885 -0.023098250786941839 0.056463617048960892 0.0091882467404010987 0.031607096255352969 -0.0093416429729197645 0.033359725544539358 -0.052813960480894068 -0.04091156792989456 0.013896159467906222 -0.0057296823287298019 0.0091436680561452766 -0.026611083340582511 0.0087450783031201903 -0.026088054532699179 0.0018169016798058092 0.054236888476705915 -0.031685123193898955 -0.024330415067970977 -0.0029025884013878936 -0.04001880070506067 0.068434537599593961 0.061334279634956329 0.035736479008494741 0.025908266180070746 0.027116856549654924 0.035082268258845341 -0.021149428787347969
leaf_weight=963.52359632402658 1110.2404363267124 304.24727701768279 293.86518621724099 435.83811623230577 2926.3252525664866 258.03730917349458 273.10668249614537 1976.4283103775233 4001.5622038338333 961.57308846712112 283.97426185384393 2349.36210374441 1106.0415025912225 666.08107277005911 336.99638561159372 533.42763761803508 30.157140826806426 251.66335246711969 1899.3625036040321 522.80844258330762 489.61838859319687 1124.0357635114342 453.29847941175103 1321.7883801870048 146.85056572780013 48.12921335734427 1570.7594891516492 513.46672261506319 68.285417206585407 813.03522109985352 112.55766812898219 142.75124595593661 36.11628825776279 1346.5560901425779 821.49001320451498 460.44084695354104 62.059155814349651 604.06589676812291 816.25836640223861 52.669359980151057 497.57479666173458 80.668532142415643 230.52946494519711 535.74805030226707 564.22636905685067 2082.2180515546352 692.89383021835238 1998.3089571958408 192.48116137459874 872.24996314477175 45.928144976496696 531.05436028726399 341.7705961316824 70.567851210944355 56.267381239682436 166.04507526662201 85.965393686667085 156.20640495792031 692.40784544497728 555.19182198867202 170.88386417552829 317.12169074267149
leaf_count=13098 75031 1587 2086 2169 105747 6156 2300 29046 80849 11734 7257 226918 10665 3825 1885 2776 536 2836 22127 2345 2240 5423 2241 11229 1870 649 17963 4157 408 7179 603 1205 291 10299 5082 2511 366 6076 5517 387 2827 620 2886 3295 4549 18879 8452 11343 1623 6156 206 5412 3311 720 981 1605 1065 3152 7464 2580 769 1689
internal_value=-0.000526781 0.00278279 0.00668424 0.00445807 -0.00395676 -0.00612551 -0.00887612 0.00661411 -0.00439641 0.00248904 -0.0181676 -0.0387591 0.00922984 0.0158398 0.0139572 0.0107542 -0.010288 0.00350469 0.00407154 0.0167316 0.00826971 -0.000536225 0.0156185 0.00288114 0.0149368 0.00167509 0.00305491 -0.00156715 0.00784817 0.0252512 0.00516068 0.0339925 0.0708686 0.00331078 -0.00120359 0.00792213 -0.0136484 -0.00893092 0.000928856 0.045287 0.0164665 0.00222235 -0.0102302 0.00523986 0.016347 0.000863129 -0.0112694 0.0136001 0.00332777 -0.00280783 -0.0130247 -0.0155697 -0.00303536 0.0183072 0.0304105 0.0471588 0.0359973 0.00613045 0.0168319 0.0215761 0.0137492 -0.0014589
internal_weight=43425.2 39965.6 25312.5 20361.6 14653.1 12583.5 10349.1 2234.47 6982.56 17546.6 3366.51 3459.6 2069.57 4950.9 4646.66 3980.57 4117.68 16585 2864.88 2814.98 3643.58 1657.46 1986.11 16149.2 1468.64 14680.5 13420.8 6832.4 6588.36 881.321 5707.04 344.095 201.343 5362.95 4016.39 1841.56 522.5 2174.83 6318.94 165.227 1319.06 6067.27 1183.45 4883.83 1380.48 3503.34 1421.12 2521.12 728.229 952.918 1259.76 1213.83 682.78 341.01 292.88 236.613 116.123 440.181 965.515 1532.82 1043.2 488.006
internal_count=786253 484304 194842 169827 289462 265699 230497 35202 114341 154053 116156 301949 23763 25015 23428 19603 82450 142319 31891 15774 17718 8199 9519 140150 13099 127051 114167 58970 55197 7587 47610 2486 1281 45124 34825 10786 2877 24039 54813 990 7909 51977 9662 42315 10066 32249 13370 13688 4918 6776 12884 12678 7266 3955 3306 2325 1601 10409 9764 7278 5038 2458
is_linear=0
shrinkage=0.05


Tree=45
num_leaves=63
num_cat=0
split_feature=36 17 5 35 50 41 41 29 38 45 17 29 35 36 43 47 54 40 4 48 53 40 48 28 5 17 48 48 48 48 53 20 53 5 29 48 37 24 36 48 53 44 48 35 50 50 5 15 5 17 8 41 35 46 36 37 29 47 54 40 22 48
split_gain=2081.3 413.259 236.168 220.929 211.732 152.19 145.129 166.084 137.183 122.74 105.064 104.701 99.2384 115.076 93.2109 90.9989 88.2876 86.7508 86.5399 86.0485 85.5292 79.9639 84.8594 108.684 86.909 84.2655 79.9486 77.6028 78.7628 99.9124 74.5692 74.4834 73.8696 71.4969 76.3193 65.0321 64.1481 63.4196 78.7373 62.3926 61.6066 60.7753 66.833 67.4158 60.7222 82.9452 60.1305 86.1448 84.772 90.1966 85.304 66.9372 59.7695 59.5357 59.516 73.2522 59.5056 58.907 57.5206 62.7495 56.9408 61.5477
threshold=285.00000000000006 -29.145763397216793 218.3474044799805 4.0307462215423593 82.059875488281264 -0.32824517786502833 -0.14935698360204694 7.7820682525634775 -33.176475524902337 11.443775177001955 -14.7785587310791 -1.2529420852661131 5.312911033630372 207.94117736816409 -0.78395843505859364 1.4465465545654299 -1.0000000180025095e-35 -0.17647552490234372 263.89553833007818 0.95832794904708873 19.250000000000004 15.862731933593752 0.5229582190513612 12.688873291015627 246.68986511230472 -9.1633796691894513 0.11192005872726442 0.13631474971771243 -0.45884189009666437 -0.60007590055465687 1089.1666564941409 -20.07082366943359 812.47619628906261 253.7664489746094 1.7416391372680666 0.33345443010330206 245.6899108886719 10.73093891143799 227.35294342041018 -0.060937255620956414 956.33334350585949 -6.5133686065673819 -0.47515141963958735 1.769125819206238 222.99001312255862 227.77883148193362 225.14548492431643 -7.2283477783203116 236.061637878418 -9.1633796691894513 262.79360961914068 10.832485675811769 0.54603824019432079 6.8533954620361337 237.35294342041018 255.6318054199219 22.1867790222168 7.3394865989685067 0.91597560048103344 1.0980300903320315 -6.5605096817016593 0.96787995100021373
decision_type=2 2 2 2 2 2 2 2 2 2 2 2 2 2 2 2 2 2 2 2 2 2 2 2 2 2 2 2 2 2 2 2 2 2 2 2 2 2 2 2 2 2 2 2 2 2 2 2 2 2 2 2 2 2 2 2 2 2 2 2 2 2
left_child=1 4 12 27 6 -2 11 8 -8 10 18 16 -3 -14 -6 32 -1 41 37 56 -12 22 23 26 25 -24 46 28 29 31 35 -4 44 34 -30 -23 -25 38 -5 -20 -40 42 43 -10 -16 -46 -22 48 49 50 -48 -50 -31 -7 -54 -56 -9 -27 -28 -60 61 -37
right_child=5 2 3 9 14 53 7 19 17 -11 20 -13 13 -15 15 -17 -18 -19 39 -21 21 30 24 36 -26 57 58 -29 33 52 -32 -33 -34 -35 -36 60 -38 -39 40 -41 -42 -43 -44 -45 45 -47 47 -49 51 -51 -52 -53 54 -55 55 -57 -58 -59 59 -61 -62 -63
leaf_value=-0.022564157599830974 -0.0093976864578555128 0.043225011499318754 0.011614241352940549 0.086771693930564928 -0.015414172025474474 -0.044065504016330893 -0.028015780341564912 0.00082133720690943934 0.059519904418534567 -0.016267560843494101 -0.0031992146834177513 0.03114823575904152 0.032953646729636035 0.010460616168609884 -0.00014295827251735858 0.044819205693339796 0.0034675573796172257 -0.018908959067595221 -0.019602288690247591 -0.039127355633595776 0.016867182572144351 -0.025950739652252947 -0.0012160114655105135 -0.00096525369911360306 0.069326385840054544 0.018779942903449337 0.014147745192196332 0.092715427976984538 0.019146768404888527 0.046227343709315936 0.053847877264130664 -0.033593500785759033 0.029990838020292405 -0.00069644625926167754 -0.0069858774325564869 -0.0033363187246614199 -0.027976307590275057 -0.013483327622405753 -0.0039084189091134532 0.012354295903597799 0.043998255410949393 -0.014912743275285405 2.4902224840916772e-05 -0.008174946819437463 0.14425847248226595 0.020592708116482668 0.054743012041004194 -0.016445139471316605 0.0012211725932795901 0.007529368939194485 -0.016917118569186682 -0.033129836876611911 0.038821784257090618 0.17567115790256185 -0.0095716225898812846 0.023860157952300357 0.048111667060353976 0.076879998176107689 0.0025098251492948701 0.057436368173538671 0.011650010191566843 -0.051893273521425642
leaf_weight=437.41554846428335 363.37085444759578 302.67914880439639 394.47781542129815 25.422266185283661 412.00985598750412 2757.5964255221188 2257.5512024033815 1322.4420719835907 121.1300719352439 967.02527672983706 3003.5250222785398 255.21244329959154 663.48247534781694 3977.4145996365696 1451.7829917836934 177.77738610375673 1275.4489062055945 1035.733784542419 179.66820807941258 131.40189934428781 812.14287380129099 270.75339858978987 614.62545850686729 704.67169734463096 75.278476120904088 1759.0515783522278 901.49409319460392 30.075394028797746 1455.6853451654315 312.32332824263722 59.411011382937431 118.47567074000835 305.54890265315771 1481.6687470935285 345.74663307052106 1388.2392563633621 319.45302441157401 2164.9036583574489 1594.2542539685965 1019.0908395247534 70.057160880416632 284.98246036749333 300.58564309775829 52.813864092342556 14.829992912709711 158.22758470661938 215.96005937457085 543.88737025111914 985.10075054317713 821.63789348676801 51.416753313504159 165.66671374626458 344.66956513002515 3.0860163280740371 233.51409243792295 549.20528462808579 70.043345991522074 44.736352041363716 73.728849846869707 176.41854850854725 709.99857300519943 68.479466713964939
leaf_count=5970 22540 1601 3563 207 7980 258446 100158 29293 1297 12770 23872 2792 3871 19623 30014 2288 14808 28654 3825 3365 4330 2223 6716 4352 736 10706 6667 356 7888 1850 342 884 3079 13092 1665 13101 3437 40615 24227 15117 472 4536 4055 859 282 3146 1689 2931 7525 5346 569 2139 1629 170 1168 4138 542 255 411 1188 3916 752
internal_value=-0.00050893 0.00255638 0.00549809 0.00352725 -0.00621052 -0.0398161 -0.0104018 -0.0145214 -0.0198125 0.00110494 0.00199763 0.00127139 0.0154855 0.0136763 0.0063372 0.0105882 -0.00318018 -0.00949682 -0.00416839 -0.000449729 0.00426119 0.00634326 0.00871211 0.00538194 0.0164197 0.0147728 0.00856872 0.0126289 0.0121689 0.0201208 -0.0014982 0.00117271 0.00743571 0.00743944 0.0141312 -0.00284721 -0.00939075 -0.00781728 -0.000557891 0.00756469 -0.00189185 0.00333835 0.0142992 0.038966 0.00319425 0.0311901 0.0048967 0.00140428 0.00573867 0.015738 0.0409627 -0.00372407 0.0268717 -0.0438199 0.0215096 0.0138862 0.00320009 0.0202209 0.020034 0.0412472 3.98106e-05 -0.00561895
internal_weight=43184.5 40060.5 29995.5 25051.9 10064.9 3124.05 7544.76 5576.68 4052.8 19786.1 18819.1 1968.08 4943.58 4640.9 2520.18 2108.17 1712.86 1795.25 5053.4 1523.89 13765.7 10762.2 8265.27 5771.58 2493.69 2418.41 4747.45 5265.84 5235.77 1952.67 2496.88 512.953 1930.39 3283.1 1801.43 2437.47 1024.12 3854.64 1689.73 1198.76 1664.31 759.512 474.53 173.944 1624.84 173.058 3595.81 2783.67 2239.78 1089.01 267.377 1150.77 1439.71 2760.68 1127.39 782.719 1392.49 1803.79 1151.64 250.147 2166.72 1456.72
internal_count=786038 504882 261764 236669 243118 281156 196329 172759 139559 200436 187666 23570 25095 23494 46789 38809 20778 39401 84463 33200 103203 79331 58997 40584 18413 17677 32795 36233 35877 13232 20334 4447 36521 22645 9553 19992 7789 65521 24906 18942 24699 10747 6211 2156 33442 3428 24529 20199 17268 7604 2258 9664 8785 258616 6935 5306 29835 10961 8266 1599 17769 13853
is_linear=0
shrinkage=0.05


Tree=46
num_leaves=63
num_cat=0
split_feature=1 39 39 49 53 40 48 49 49 48 49 36 29 49 49 49 49 48 49 40 49 47 48 49 49 48 49 48 47 47 49 49 52 11 41 48 48 16 47 5 48 24 29 41 48 48 5 42 50 16 48 49 49 23 51 17 49 49 52 42 41 24
split_gain=1941.11 334.872 184.354 183.323 166.498 159.795 323.283 218.703 171.804 201.595 149.213 142.57 137.637 114.027 281.651 176.814 220.837 184.211 151.807 122.204 112.32 160.744 156.004 111.488 110.101 104.942 127.289 221.36 132.381 104.653 100.843 98.3871 98.8304 163.734 95.2413 101.306 94.6748 166.64 126.594 117.244 99.0226 185.15 174.2 93.4653 137.024 99.2994 107.475 105.085 91.8154 93.5879 83.1431 82.26 88.9804 87.6268 79.8945 79.0637 78.7199 91.312 104.9 87.686 77.6925 73.7824
threshold=288.75051879882818 -35.649965286254876 -1.2745085358619688 247.43756103515628 57.361110687255866 -0.52941894531249989 -0.016086071729660031 265.41934204101568 270.26141357421881 -0.57137185335159291 263.73217773437506 285.58824157714849 3.5945463180541997 286.41694641113287 284.50169372558599 276.94873046875006 276.13734436035162 -0.5229169726371764 288.57763671875006 -2.5686340332031246 267.93310546875006 1.7672219276428225 0.8994269371032716 256.94619750976568 264.80390930175787 0.29535478353500372 276.58561706542974 0.13203227519989016 -0.065603494644165025 -2.9631891250610347 273.35858154296881 280.13768005371099 88.222122192382827 281.48335266113287 3.6238193511962895 0.8446832299232484 0.88486921787261974 -45.62733078002929 0.33579997718334204 239.36711120605472 0.95832794904708873 20.046859741210941 11.298805236816408 11.766399860382082 0.11192005872726442 0.22238975763320926 225.14548492431643 8.7295074462890643 82.059875488281264 -30.881849288940426 0.8529149889945985 260.66418457031256 288.40032958984381 -7.7348318099975577 36.701768875122077 -34.631246566772454 269.73658752441412 259.31796264648443 10.089985847473146 6.8806152343750009 -0.070205312222242341 -0.42258262634277338
decision_type=2 2 2 2 2 2 2 2 2 2 2 2 2 2 2 2 2 2 2 2 2 2 2 2 2 2 2 2 2 2 2 2 2 2 2 2 2 2 2 2 2 2 2 2 2 2 2 2 2 2 2 2 2 2 2 2 2 2 2 2 2 2
left_child=1 5 3 54 56 10 8 -8 9 24 23 -2 25 14 15 16 17 30 -15 -19 21 36 34 -1 -7 26 27 28 29 -9 -12 -17 55 -34 -22 48 37 38 -14 -39 41 42 -38 45 -45 46 -6 51 -36 -50 -37 53 -53 -48 -3 -33 57 -5 -59 -58 -21 -13
right_child=11 2 -4 4 43 6 7 12 -10 -11 13 61 20 18 -16 31 -18 19 -20 60 22 -23 -24 -25 -26 -27 -28 -29 -30 -31 -32 32 33 -35 35 50 40 39 -40 -41 -42 -43 -44 44 -46 -47 47 -49 49 -51 -52 52 -54 -55 -56 -57 59 58 -60 -61 -62 -63
leaf_value=-0.043794236408611714 -0.02174826520860039 0.041644457574021611 0.02899092162537888 0.0042560142280314911 0.023882906119581649 -0.0063147794730348114 -0.033378481931252729 0.024928930341284364 -0.03580380311898089 -0.014644774740521178 0.013329120925803295 -0.010982836117714265 0.054941967229775859 -0.033747931065318308 0.038332959644853559 -0.039622553730637236 0.044759245776243434 -0.019602566431601336 0.0022175527131745474 0.044840652174171394 0.10306149189052967 -0.032934698477059189 -0.019769198705430716 0.050822641925694072 0.11914206824060801 -0.03054562718078048 -0.015343790190046599 -0.014554556844015505 0.010006705462803384 0.20995986760718402 0.077233290725639434 -0.025545869594575978 0.14851875084040672 -0.027309141783172404 -0.0019703015496172972 0.083987149077893619 0.034199112638562873 0.094120886485891592 0.34535835083873012 -0.018063774232268081 -0.008783198032244699 0.049561696240596982 0.25559112624252722 -0.011991804174647083 0.006430643202479951 0.039248190008042666 0.023407526227217229 0.019101431325290616 0.030852843578431866 -0.01451422141469441 0.020047643503265145 -0.00095327357855987257 0.040747230720616694 -0.031697858958417743 -0.0034563346698064123 0.0098592813083423023 -0.00022481149361501746 -0.017181043781277255 -0.00019472880578425092 0.01634069701285961 0.0013421193995913933 -0.046414472719937594
leaf_weight=35.791505610570312 1051.7527654999867 477.13866851851344 830.32195477187634 1880.5545308832079 1223.8481856808066 27.945646621286869 510.56664636638016 10.144237427972255 1373.2295370688662 636.08350326679647 148.10540656466037 157.7767189797014 8.8028024127706868 500.37884759157896 541.66035002656281 337.38982700835913 337.7778673665598 789.55957724992186 709.31025718711317 124.73076853621751 25.883142251521349 76.330317312851548 638.71013984270394 239.242471344769 46.732982579618692 536.57950265984982 320.84480553492904 77.406848034821451 20.993768960237503 30.980028265155852 105.85953030269593 415.88129444140941 25.952694108709693 27.031277641654015 1892.8839131630957 66.50941111240536 13.083957913331686 29.400542814284563 6.540413247421383 112.05171092692763 25.680080098100007 67.407340103760362 27.68679404258728 1164.9568486958742 7556.7311309445649 310.88409668393433 743.39747215993702 1493.3983952105045 479.16807662881911 149.03609948046505 215.83853545319289 3517.406578428112 132.75189994834363 79.895522207021713 123.6397495418787 253.97995591815561 2743.6259151371196 1959.7722022905946 1695.0220635402948 1126.9749517198652 579.93397895991802 2137.2411667434499
leaf_count=413 64790 2573 4794 13152 5584 579 13714 228 46115 16969 1463 14428 276 10877 7262 7638 3225 11257 14351 1310 836 1750 14451 1704 632 17303 8768 2229 605 747 872 9465 229 469 42452 575 341 287 193 2395 598 672 460 11357 61849 2638 3928 10526 7591 2109 3739 28179 1210 390 601 2945 22067 17582 14230 10314 9560 225689
internal_value=-0.000425538 0.00266027 0.00579529 0.00506102 0.00442103 -0.00407311 -0.00877252 -0.00225708 -0.0254755 -0.0055207 0.00267405 -0.0369925 0.00103134 0.000661613 0.00503113 -0.000702225 0.00774827 0.000597161 -0.0126593 -0.00609416 0.00533391 0.0316386 0.00255037 0.0385097 0.0721946 -0.0155196 0.00199389 0.0418628 0.112166 0.164318 0.0399661 -0.0173282 -0.00692227 0.0588152 0.00758895 0.00670748 0.0485966 0.02223 0.178739 0.00525356 0.0794813 0.100434 0.184543 0.00748963 0.00396995 0.0115818 0.0103856 0.00761723 0.00352665 0.0200899 0.0351091 0.00378339 0.000563324 0.0180599 0.0323627 -0.0121219 -0.000871637 -0.0046966 -0.00930312 0.00459845 0.00904168 -0.0439786
internal_weight=43006.2 39659.4 27060.3 26230 25629.2 12599.1 7426.52 5342.53 2083.99 710.762 5172.59 3346.77 4831.96 4897.55 3687.86 3146.2 2085.97 1748.19 1209.69 1494.22 3835.01 366.984 3468.03 275.034 74.6786 996.949 460.37 139.525 62.118 41.1243 253.965 1060.24 722.845 52.984 2829.32 2803.44 290.654 156.795 15.3432 141.452 133.858 108.178 40.7708 16223.3 8721.69 7501.58 7190.7 5966.85 2521.09 628.204 282.348 4473.45 3650.16 823.293 600.778 669.861 9405.95 5535.35 3654.79 3870.6 704.665 2295.02
internal_count=785535 480628 210974 206180 203006 269654 186614 122319 64295 18180 83040 304907 108605 80923 55695 48433 27687 24462 25228 22127 78725 6972 71753 2117 1211 29880 12577 3809 1580 975 2335 20746 13108 698 57302 56466 5222 3151 469 2682 2071 1473 801 125661 73206 52455 49817 44233 52152 9700 4314 33707 29389 4318 3174 12410 77345 44964 31812 32381 10870 240117
is_linear=0
shrinkage=0.05


Tree=47
num_leaves=63
num_cat=0
split_feature=2 18 53 49 18 3 42 50 37 24 48 49 49 54 53 49 29 40 31 40 44 32 38 49 24 54 8 49 24 48 55 29 48 54 32 29 52 31 51 52 14 49 23 52 35 16 55 48 3 35 54 48 48 52 49 49 49 48 54 51 40 40
split_gain=1821.99 320.139 160.446 188.905 129.091 115.423 110.06 107.342 106.603 128.999 175.823 130.482 125.322 116.228 105.974 152.91 105.727 179.185 91.4837 100.005 90.3135 87.1355 85.5443 82.2168 78.3507 77.1282 76.3916 77.7128 74.6722 73.3991 71.7223 70.9249 104.945 68.7356 67.9917 74.4644 67.2495 66.5644 98.2228 185.946 65.6163 65.3179 92.2602 68.4315 64.3827 63.9867 62.924 94.0248 104.692 70.9105 61.3594 60.4418 59.1444 58.9682 57.2461 158.98 91.53 93.0476 87.2975 132.365 84.4368 80.1352
threshold=288.20547485351568 -35.032426834106438 155.58333587646487 254.46063232421878 -50.316331863403313 207.9305114746094 11.629913330078127 126.96470260620119 283.43136596679693 4.7598085403442392 0.18936437368392947 265.41934204101568 266.53407287597662 0.12940952181816109 1089.1666564941409 278.14425659179693 3.3729181289672856 -0.94118499755859364 0.29843775928020483 -1.5490112304687498 -5.2107849121093741 10.276367187500002 -0.94116973876953114 269.68820190429693 11.40896797180176 -1.0000000180025095e-35 271.57748413085943 271.58435058593756 -0.14736080169677732 0.01708924770355225 0.37940952181816107 8.4606561660766619 0.32534402608871466 0.91597560048103344 16.140801429748539 16.001280784606937 31.671311378479007 -0.66114744544029225 62.29881668090821 39.807723999023445 -51.563173294067376 256.32855224609381 -19.018526077270504 23.573870658874515 -1.6928170919418333 -37.004583358764641 0.98296290636062633 -0.52717256546020497 261.03756713867193 12.631475925445558 -0.91597560048103321 -0.26709595322608942 -0.47145682573318476 23.859390258789066 269.73658752441412 261.09867858886724 274.13537597656256 0.086114823818206801 1.0000000180025095e-35 42.205757141113288 3.6666641235351567 25.823532104492191
decision_type=2 2 2 2 2 2 2 2 2 2 2 2 2 2 2 2 2 2 2 2 2 2 2 2 2 2 2 2 2 2 2 2 2 2 2 2 2 2 2 2 2 2 2 2 2 2 2 2 2 2 2 2 2 2 2 2 2 2 2 2 2 2
left_child=1 4 3 33 18 -5 46 8 9 12 -11 -12 13 -6 20 -16 17 45 19 44 40 -18 24 52 29 -21 27 -14 -17 51 53 32 -13 36 -33 -36 -3 38 -22 -40 -2 43 -43 -26 -1 -10 54 -48 49 -49 -19 -4 -8 -9 55 58 -56 60 61 -60 -58 -7
right_child=14 2 22 5 7 6 23 30 16 10 11 31 26 -15 15 28 21 50 -20 25 37 -23 -24 -25 41 -27 -28 -29 -30 -31 -32 34 -34 -35 35 -37 -38 -39 39 -41 -42 42 -44 -45 -46 -47 47 48 -50 -51 -52 -53 -54 -55 56 -57 57 -59 59 -61 -62 -63
leaf_value=0.0724442302264902 -0.035403061698144181 0.039165679795887254 0.016908334432914392 0.031030024668145997 -0.006498810865429955 -0.00093926938405286911 0.035377995232243407 0.036253279825757122 -0.012120059284543423 -0.021826649775611755 -0.028981521141538159 0.025553477907104397 0.080673515590925116 0.053245312229183252 0.21187306043541351 0.18426477926667806 0.029519888373810279 -0.0070924732888653398 -0.021473540635877645 0.24045758448257915 -0.019468788670759792 -0.0054301153653527863 0.025477764471681659 0.028379298463408149 0.0030506656445652546 0.044213604509129527 0.0019179292332948174 0.0029575745814408934 -0.0328994054227634 0.032852605125914341 -0.0022384174510293388 0.029327657365478627 -0.018015852566631893 -0.020996021128635616 -0.0074333551811930024 0.018640219567990963 -0.013617394249324838 -0.044916432741940952 0.46026876185965188 -0.050558750721068885 0.00073007098058093056 -0.00177652505242699 0.013237315093790621 -0.033402164707654808 -0.010419592424599894 0.012000872201127902 -0.003349008036059785 0.040817839734411936 0.12709349811281867 -0.035284803900804483 -0.041317011398253785 0.0035770007379460132 -0.0029664875633671367 0.0083235148909298739 0.010862108060991568 -0.010890247350106026 -0.0050846287202358162 0.0069045645757994482 0.0061202736103700217 0.047089737043010178 -0.034154125616107714 -0.035554060375501469
leaf_weight=27.720443184487522 290.3648542240262 558.42473774030805 2317.8848149646074 328.3519756346941 119.37599233351648 2078.8527048118412 120.70443014800549 361.09256644267589 1119.0779839726165 1245.3247502185404 316.14143701829016 183.41836379468441 63.478704260662198 255.94709780625999 9.7846598727628571 4.4554767645895472 232.63867876771837 161.23198657855392 1405.9980332171544 7.9207373941317227 138.19859676342458 764.02464147936553 910.63680594414473 607.58921165578067 325.19671342894435 13.609625445678828 2880.3986971080303 65.213169852271676 35.482641349546611 477.93237752839923 537.97196958214045 397.63432374224067 560.75042166002095 63.85245206952095 565.49415984563529 530.9324617087841 67.65586980432272 2313.3513891641051 3.1255216756835571 4.1427269820123911 221.48026035074145 1728.8788805194199 2506.9345152676105 213.12083030492067 151.84862778522074 364.49306631926447 266.34480227530003 172.38037221319973 30.052385233342648 37.217809928581119 697.56783764902502 1342.7492119316012 602.73739428259432 396.49466768093407 2241.688299536705 3856.234320923686 1443.8132119961083 1487.3701652977616 1848.5339792817831 220.68474535271525 302.06443559192121 181.82565960846841
leaf_count=415 21307 3116 16037 1975 1164 14906 812 4612 28423 26904 7136 2812 425 1989 239 274 7680 5562 55645 195 12514 20774 4559 4901 2240 393 34026 495 2332 3790 7730 6253 10402 365 8380 5067 375 245492 137 385 13305 20778 15767 1507 3848 5317 2224 1258 213 397 31157 8991 5991 5892 17477 35923 12206 13248 11809 1359 3298 1414
internal_value=-0.000226014 0.0026176 0.00582055 0.002811 -0.00366619 0.00169454 0.00107302 -0.00185825 -0.00353021 -9.93275e-05 -0.00642264 0.00108723 0.00699988 0.034243 -0.0376642 0.0347273 -0.0109119 -0.0167155 -0.0169619 0.0145814 -0.0388758 0.00272783 0.0108806 0.0148195 0.00938919 0.116409 0.00360186 0.0412918 -0.00867268 0.0144243 0.0117222 0.00533432 -0.00727714 0.0284218 0.0116159 0.00519248 0.0334618 -0.0428535 -0.0100465 0.169109 -0.0197679 0.00502438 0.0071093 -0.0113811 0.00237226 -0.00619388 -0.000218501 0.0170959 0.0398181 0.0273045 -0.0348917 0.0120183 0.00343119 0.0216358 -0.000859813 -0.00350679 0.00309795 -0.00228512 0.00306896 0.0104897 -0.0101141 -0.00372333
internal_weight=42785.9 39765.5 26339.7 16516.4 13425.8 15826.4 15498.1 11818.7 10523.1 7184.11 3799.7 2554.37 3384.41 375.323 3020.39 49.7228 3339.03 2342.37 1607.1 201.099 2970.66 996.663 9823.33 1331.03 8912.7 21.5304 3009.09 128.692 39.9381 4138.57 1295.56 2238.23 744.169 689.933 1494.06 1096.43 626.081 2458.82 145.467 7.26825 511.845 4774.13 4235.81 538.318 179.569 1483.57 14167.1 505.995 239.651 209.598 858.8 3660.63 723.442 757.587 13661.1 8186.13 5474.94 3233.25 4329.9 2069.22 1745.88 2260.68
internal_count=785617 489632 206936 133267 282696 129411 127436 222200 203966 105053 66954 40050 38099 3153 295985 2845 98913 70459 60496 4851 293140 28454 73669 11704 69110 588 34946 920 2606 28818 18234 32914 13214 3856 19700 13447 3491 258528 13036 522 34612 40292 36545 3747 4263 33740 115732 4092 1868 1655 36719 25028 6803 10504 111640 65411 46229 28752 29488 13168 15504 16320
is_linear=0
shrinkage=0.05


Tree=48
num_leaves=63
num_cat=0
split_feature=36 39 36 53 36 51 49 41 54 40 48 17 49 49 41 49 49 39 43 28 49 48 49 28 49 11 39 49 48 35 24 52 40 39 48 41 48 49 49 49 48 54 23 48 17 41 33 48 49 49 51 48 24 49 48 17 49 48 40 45 49 49
split_gain=1743.23 360.636 238.671 155.651 157.639 211.96 130.565 128.742 119.3 108.531 108.382 112.077 142.052 105.524 101.482 100.258 107.281 110.334 93.822 89.9424 126.469 98.7092 94.4085 96.9047 89.7146 121.767 341.2 88.8405 104.447 114.278 87.1983 83.3337 82.8784 105.576 93.3919 97.5542 88.8823 114.402 94.3065 86.7388 95.4395 82.3999 117.224 81.1136 80.5757 80.4765 76.9029 127.313 76.7717 135.452 102.058 94.8467 75.0473 74.97 104.508 129.679 78.7458 74.0295 73.2669 73.2461 72.3606 88.1963
threshold=285.58824157714849 -48.901952743530266 221.47058868408206 545.16665649414074 278.52941894531256 62.29881668090821 254.46063232421878 2.7746309041976933 -0.37940952181816096 -1.5490112304687498 0.9702095389366151 -14.7785587310791 290.50280761718756 286.93914794921881 -0.52142748236656178 255.59030914306643 269.73658752441412 -1.2745085358619688 -6.5614471435546866 31.029472351074222 258.11538696289068 -0.58530998229980458 265.21868896484381 17.202222824096683 285.28050231933599 290.94960021972662 -46.103120803833001 266.77218627929693 0.10494250059127809 6.1465306282043466 0.34212017059326177 14.536789417266847 10.470588684082033 -6.9694988727569571 0.11755901575088502 20.04865646362305 0.70040506124496471 256.94619750976568 255.95982360839847 274.91055297851568 -0.48803782463073725 -1.0000000180025095e-35 -23.112153053283688 0.93061417341232311 -8.4754066467285138 -0.62865552306175221 17.434023857116703 0.15471708774566653 264.55642700195318 258.98173522949224 30.686654090881351 -0.52717256546020497 24.555786132812504 284.16561889648443 -0.28530356287956232 -11.373033523559569 284.91346740722662 0.91809886693954479 -1.9804077148437498 16.108370780944828 254.46063232421878 270.65731811523443
decision_type=2 2 2 2 2 2 2 2 2 2 2 2 2 2 2 2 2 2 2 2 2 2 2 2 2 2 2 2 2 2 2 2 2 2 2 2 2 2 2 2 2 2 2 2 2 2 2 2 2 2 2 2 2 2 2 2 2 2 2 2 2 2
left_child=1 30 6 4 7 45 -3 9 27 41 11 12 18 -7 24 -10 17 19 -9 20 57 -22 23 -23 25 -2 -27 -8 29 -29 58 -5 34 36 39 59 37 38 46 40 48 -4 -43 -35 -44 -6 47 -34 49 51 -50 -13 -30 -41 -55 -56 -57 -17 -1 -36 -42 -62
right_child=14 2 3 31 5 13 8 10 15 -11 -12 32 -14 -15 -16 16 -18 -19 -20 -21 21 22 -24 -25 -26 26 -28 28 52 -31 -32 -33 33 43 35 -37 -38 -39 -40 53 60 42 44 -45 -46 -47 -48 -49 50 -51 -52 -53 -54 54 55 56 -58 -59 -60 -61 61 -63
leaf_value=-0.0026193854603530123 -0.0021499271595552105 0.03607751789783982 -0.0082735453188789096 0.023567850193327234 -0.004537015344253729 0.049815041260648861 -0.010001250433929047 -0.026407455335472646 0.078526754342330085 0.01864355036383503 -0.036277557179938927 -0.0082291209045287222 0.043798200081410915 -0.0080720337643126715 -0.043913091935068337 0.046831532830051259 0.032126748943642196 0.028809726576957642 -0.0041048999280399899 -0.018064453067125865 0.044900297685584616 0.020574678681903089 -0.028485996694308947 -0.010061681203696557 -0.039737860845814932 -0.016362088529408333 0.42058886484115821 0.042546183234239664 0.042499972509735778 -0.017669420693320947 -0.021435765114602157 0.0063479363333072292 -0.033232929681741817 0.0079794139135685414 0.020106774291020826 -0.0068428435126164202 0.0016728958583578934 -0.02093185745782317 0.035287911208995798 -0.020622446661520893 0.031254897525942807 0.011742698162775116 -0.03958788645968328 0.054542185831778084 0.026758297766820177 -0.02456496953254398 -0.022864142098457579 0.07767410048820475 0.049099823646590213 -0.018958932159037246 -0.00037261155520512299 0.08504800561132432 0.0096623559118884095 -0.020730309781658168 0.11418390511899118 0.068208406927749252 -0.0093002628520829581 -0.00059777269976372884 0.067696458834123036 -0.021333189010656343 -0.0048935544514433476 0.016712549096783262
leaf_weight=222.46547956392169 110.06721904408187 523.43231708928943 1057.1184906251729 1051.6358686704189 788.37460256181657 191.46130049973726 1008.1993728280067 505.15963607095182 62.434036135673523 1747.7794298045337 206.94855371303856 45.541932452470064 148.44847042113543 133.70804917719215 2275.7559871710837 299.1657043620944 699.53208291903138 622.94386959075928 7089.3727381164208 355.30964475125074 124.31792342662811 510.01078879833221 262.99893138557673 522.59655208513141 135.26423739548773 13.138029607944192 6.7698389273136845 95.892679821699858 278.88049234449863 441.83251441270113 1894.1349353790283 2116.7761876676232 47.048729404807091 766.89158170670271 2135.4273059014231 477.71550108864903 2070.1057216841727 1380.9055934436619 183.42719935625792 672.16576365567744 191.96051093935966 2361.1005921382457 194.5404363758862 106.52280665934086 59.838981851935387 1378.763482500799 265.45763305015862 57.499437429010868 330.96276176348329 234.73737443424761 152.17921414598823 67.862727046012878 462.6216779500246 178.21216887421906 38.635380728170276 45.430824961513281 117.57916157133877 113.47916252166033 44.447669803164899 112.23602073825896 2294.9037750903517 594.72281154990196
leaf_count=5265 5798 3059 9882 8363 11812 3128 5557 13414 292 16160 2904 276 1811 2449 248769 1389 3229 3719 128464 1884 575 2435 1387 3226 10967 1214 345 438 1315 2210 92657 21275 284 4141 15708 4240 19295 13773 1212 5283 953 19789 1435 519 266 48144 1965 279 2128 1631 932 302 2154 1522 297 223 867 565 1557 1446 15832 3983
internal_value=-0.000339571 0.00220259 0.00333299 0.00155154 0.000380065 -0.0116309 0.0121512 0.00153415 0.0100141 0.00838763 -0.000276381 9.04327e-05 -0.00464154 0.0260122 -0.0405018 0.0157223 0.0146053 0.0102447 -0.00558838 0.00495883 0.00942272 0.00234184 -0.00174179 0.0050698 -0.0112329 0.0184321 0.132227 0.00109823 0.00984608 -0.00693116 -0.0176655 0.0120634 0.00300571 -0.00209243 0.0062394 0.0136764 -0.00552783 -0.013234 0.00597354 0.00215704 0.00558382 0.00350687 0.00826825 0.0136583 -0.0239809 -0.0172791 -0.00855881 0.0277638 0.0206187 0.00271857 0.0335171 0.047589 0.0220127 -0.0105885 0.00716688 0.0318221 0.0123014 0.0337883 0.00908995 0.0180375 0.00152804 -0.000446737
internal_weight=42684.8 40143.9 37982.8 31599.2 28430.7 2492.31 6383.65 25938.4 5860.22 5420.38 20518.1 20311.1 7742.98 325.169 2541 3572.79 3510.35 2810.82 7594.53 2187.88 1832.57 1419.92 1295.61 1032.61 265.239 129.975 19.9079 2287.43 1279.23 537.725 2161.05 3168.41 12568.1 4877.86 7690.27 2725.38 4004.44 1934.34 553.433 4964.89 3912.87 3672.6 2615.48 873.414 254.379 2167.14 370.006 104.548 831.284 348.142 483.142 113.405 741.502 1052.02 379.858 201.645 163.01 412.645 266.913 2247.66 3081.59 2889.63
internal_count=786393 519300 419821 386387 356749 65533 33434 291216 30375 47532 243684 240780 143689 5577 267093 18701 18409 15180 141878 11461 9577 7623 7048 5661 18324 7357 1559 11674 6117 2648 99479 29638 97091 41468 55623 21394 36808 17513 3740 34229 26037 31372 21490 4660 1701 59956 2528 563 5269 2209 3060 578 3469 8192 2909 1387 1090 1954 6822 17154 20768 19815
is_linear=0
shrinkage=0.05


Tree=49
num_leaves=63
num_cat=0
split_feature=36 12 36 51 41 31 42 47 5 49 11 36 49 54 48 49 49 49 48 24 19 49 49 49 10 23 29 41 41 48 49 45 29 49 49 48 26 5 54 48 34 49 23 37 17 41 49 35 5 41 41 28 17 36 50 29 49 49 29 49 49 49
split_gain=1587.82 328.111 231.512 139.096 123.253 120.551 116.987 130.864 108.458 101.141 98.4078 94.0388 93.5931 101.485 96.8021 138.499 95.4677 103.549 200.321 93.4622 92.9375 90.4509 85.0134 85.0079 191.739 237.593 83.0013 82.8424 78.6124 85.6809 281.782 94.5681 85.9361 105.665 111.334 91.7408 84.9506 84.5168 83.4511 78.3611 76.9809 76.1982 73.6579 87.3929 72.6547 89.2172 71.2936 93.8945 71.4818 70.0517 69.8414 69.318 79.5126 68.5368 72.4489 103.863 68.2879 70.5856 66.4336 66.3881 64.6501 164.993
threshold=285.00000000000006 -50.698369979858391 225.58824157714847 6.3526408672332773 5.8005323410034189 -0.54727116227149952 8.386817932128908 -2.4360113143920894 224.38174438476565 285.28050231933599 288.60450744628912 204.41176605224612 254.46063232421878 1.0000000180025095e-35 -0.071447014808654771 256.32855224609381 269.73658752441412 259.93206787109381 -0.12414410710334776 0.61008453369140636 -23.020147323608395 275.76867675781256 261.63801574707037 284.34808349609381 290.53582763671881 -46.286939620971673 4.8646564483642587 21.296781539916996 -0.62865552306175221 0.01708924770355225 273.35858154296881 4.6640853881835946 1.7416391372680666 272.51168823242193 263.73217773437506 -0.55223670601844776 -2.3997435569763179 238.26190948486331 -1.0000000180025095e-35 0.52739697694778453 3.8880109786987309 258.72836303710943 -13.941028118133543 272.34568786621099 -11.373033523559569 11.906797409057619 256.60597229003912 12.167063713073732 283.59516906738287 12.189298152923586 23.447105407714847 33.410676956176765 1.0000000180025095e-35 286.76470947265631 205.75521087646487 2.6333522796630864 289.56823730468756 254.46063232421878 -0.2802662849426269 259.93206787109381 258.38572692871099 259.51712036132818
decision_type=2 2 2 2 2 2 2 2 2 2 2 2 2 2 2 2 2 2 2 2 2 2 2 2 2 2 2 2 2 2 2 2 2 2 2 2 2 2 2 2 2 2 2 2 2 2 2 2 2 2 2 2 2 2 2 2 2 2 2 2 2 2
left_child=1 19 4 56 -3 9 8 20 27 23 -9 -6 -13 14 26 -16 17 51 49 -1 -8 -18 39 -2 -25 -26 59 -5 36 30 32 46 33 34 -30 -36 -10 40 -34 -20 -32 -40 43 -43 45 -42 47 -31 -48 -19 -17 52 -15 54 -7 -56 57 -4 -39 -14 -52 -62
right_child=5 2 3 6 11 53 7 10 28 -11 -12 12 13 16 15 50 21 18 22 -21 -22 -23 -24 24 25 -27 -28 -29 29 31 37 -33 38 -35 35 -37 -38 58 41 -41 44 42 -44 -45 -46 -47 48 -49 -50 -51 60 -53 -54 -55 55 -57 -58 -59 -60 -61 61 -63
leaf_value=0.0140920157033397 0.00074845256288247558 0.028516571917858047 0.038603820320840233 0.023839828160319841 0.036922376176500855 -0.029220070458977412 -0.0094947381345163173 0.012074560566791391 -0.0038151875992001715 -0.0362607788860431 0.057052937065145498 0.025738394830337148 -0.054995641189578184 0.016247431295998635 -0.017260456400718081 0.022478731849184863 0.04043467598446044 0.034786680238948646 -0.015995878443667035 -0.023007930917202424 0.023178643048172076 0.0049256148096300193 -0.032580925979487911 0.022050694021852869 -0.010794342229273094 0.51251718857816164 -0.029592871925109093 -0.0070929097312086038 0.025612812148577413 0.069618898417331154 0.027921434113822807 -0.0098260292554242443 -0.015253149595131937 0.041913545821314901 0.057523333746229588 -0.005647701013712484 0.015818393421309512 -0.012927041212639229 0.060003634219417491 0.039954728745165133 0.084151719543193365 0.014085913978710278 -0.019016174805716685 -0.030952298828014757 -0.021028215426898617 -0.042545964598759617 0.0065223060949351278 -0.023768756682851517 -0.017212089414186379 -0.0035185285706274046 0.027330182379918491 -0.0061133580094299795 0.051743629271189209 -0.04574798657997426 0.0077525705091481475 0.27461074932051194 0.033916463408946843 -0.0095167575230530235 -0.029047364638858254 0.0083288187202094251 -0.044348103941181438 0.0062987433896003033
leaf_weight=190.25859401281923 109.90484259556979 816.44384319335222 77.691030662506819 813.98002242483199 274.7519451379776 503.86961685679853 1247.5150424279273 3831.4089483059943 906.38268312253058 149.27225665282458 125.59433636255562 626.10112225264311 46.52994229644537 949.00280486419797 600.85944804921746 730.67962568253279 487.7302844747901 331.55312682688236 194.28316554427147 1575.4300704775378 263.6359951607883 283.62973713874817 466.01532457768917 26.179277244955301 3.7624956397339702 5.1211597649380547 447.50878261402249 294.85561822727323 511.22630877234042 29.102485021576285 175.13097443059087 1476.2450104793534 938.95764643326402 235.57661569863558 60.62149178609252 1106.7265024958178 1404.9275367632508 1282.106549013406 58.370180577039719 92.314084693789482 38.636033900082111 859.34981945157051 325.0767075419426 123.14419184345752 334.21151225455105 21.69808997027576 6274.2952174469829 358.15674426592886 334.12733073625714 186.49027771875262 255.94108663126826 268.0593754760921 189.22272743284702 1877.3634823001921 17.570300864055756 4.6009701909497371 96.699690820649266 3989.3639518227428 1274.3830258557573 374.62483657896519 183.01927702873945 1324.8701741583645
leaf_count=5388 6383 4123 485 4718 1916 38807 20406 43533 10736 11604 3978 3449 213 5090 3552 3923 2362 1576 1069 77032 1914 1320 3241 707 343 180 2506 2491 2959 205 804 22349 10028 1616 501 11731 11892 25355 300 594 411 8759 1799 3226 2509 412 77353 3693 12446 1124 1379 1450 868 221940 885 264 1855 54933 27976 1919 1211 7966
internal_value=-0.000458817 0.00205952 0.00303857 0.00084384 0.00997861 -0.0375802 0.00226865 0.00872214 0.000434256 -0.00737197 0.0135022 0.00815799 0.00717483 0.00560681 0.000150147 0.00428932 0.0118796 0.00741372 -0.00293163 -0.0190103 -0.00379453 0.027378 -0.0194025 0.0223746 0.0901619 0.290879 -0.0145992 0.0156144 -0.000494243 -0.00175288 -0.00570506 0.00167369 0.00272485 0.0105553 0.00615441 -0.00236717 0.00811906 -0.017082 -0.00377814 0.00202603 0.000333801 0.00410987 0.00161476 0.0084409 -0.0119118 0.0385872 0.00410038 -0.0167507 0.00532228 0.0209972 0.00948007 0.0167613 0.0221484 -0.0412785 -0.0253277 0.0631308 -0.00761018 -0.00859753 -0.0209629 0.00133262 0.00409528 0.000151509
internal_weight=42462.2 39764.5 37998.8 28869.2 9129.63 2697.64 24705.4 5468.15 19237.3 294.24 3957 8313.19 8038.44 7412.33 3964.03 3095.37 3448.3 2676.94 1270.66 1765.69 1511.15 771.36 752.613 144.968 35.0629 8.88366 868.664 1108.84 18128.5 15817.1 7345.22 8471.93 4219.05 1914.15 1678.57 1167.35 2311.31 3126.17 2304.9 286.597 569.677 1365.94 1307.57 982.494 394.546 60.3341 6995.68 387.259 6608.42 518.043 2494.51 1406.28 1138.23 2403.4 526.041 22.1713 4163.75 4067.05 2556.49 421.155 1763.83 1507.89
internal_count=785757 504644 422224 371373 50851 281113 314100 69831 244269 19217 47511 46728 44812 41363 22669 18031 18694 15012 7604 82420 22320 3682 4904 7613 1230 523 4638 7209 237060 214432 98386 116046 40919 16807 15191 12232 22628 57467 24112 1663 4136 14084 13784 11985 3332 823 93697 3898 89799 2700 14479 7408 5958 261896 39956 1149 57273 55418 53331 2132 10556 9177
is_linear=0
shrinkage=0.05


Tree=50
num_leaves=63
num_cat=0
split_feature=1 5 39 2 42 47 19 11 39 49 49 49 49 50 29 41 55 17 49 29 29 24 52 49 4 54 33 47 29 39 54 49 34 54 49 54 49 52 23 38 27 17 49 39 55 28 55 54 49 41 35 35 54 23 46 54 39 41 5 49 49 38
split_gain=1470.2 247.739 169.22 134.171 108.931 147.022 126.147 117.276 93.7372 95.2308 118.844 87.8515 126.007 144.335 106.135 79.6528 136.909 281.094 124.031 124.36 116.38 108.723 93.7679 93.2431 96.0348 78.6974 78.6743 77.3157 76.8843 76.5073 131.339 87.0242 74.9595 74.2772 217.569 98.0881 151.656 120.655 89.3132 84.0328 73.7492 70.1155 70.7551 71.0375 68.937 69.8155 106.961 86.6337 93.1277 84.5617 73.356 68.4843 66.7771 65.7961 65.7599 126.355 91.1655 65.4185 103.56 133.783 109.408 82.0657
threshold=288.66120910644537 220.15905761718753 -49.558462142944329 291.20854187011724 8.386817932128908 -3.0682443380355831 -24.13625335693359 289.68383789062506 1.0000000180025095e-35 255.32789611816409 255.95982360839847 261.09867858886724 265.70214843750006 94.038017272949233 24.770523071289066 -0.62865552306175221 1.0000000180025095e-35 -34.631246566772454 276.94873046875006 11.496726036071779 -2.7378983497619624 24.079050064086918 39.807723999023445 290.03321838378912 281.74607849121099 1.0000000180025095e-35 -0.066690884530544267 1.078674912452698 3.9535198211669926 -20.599854469299313 1.0000000180025095e-35 259.93206787109381 5.2346725463867196 0.91597560048103344 259.93206787109381 -0.6035533845424651 259.31796264648443 45.53399848937989 -7.0733015537261954 -7.8235244750976554 20.529102325439457 -29.145763397216793 269.73658752441412 -26.570807456970211 -0.91597560048103321 23.298627853393558 -0.12940952181816107 -1.0000000180025095e-35 259.72676086425787 12.189298152923586 6.2356228828430185 5.8891959190368661 -0.37940952181816096 -1.2585433125495908 2.0683498382568364 1.0000000180025095e-35 -6.2992000579833975 2.5136741399765019 234.2858810424805 271.22605895996099 267.31149291992193 -7.3529434204101554
decision_type=2 2 2 2 2 2 2 2 2 2 2 2 2 2 2 2 2 2 2 2 2 2 2 2 2 2 2 2 2 2 2 2 2 2 2 2 2 2 2 2 2 2 2 2 2 2 2 2 2 2 2 2 2 2 2 2 2 2 2 2 2 2
left_child=1 8 27 -2 11 6 26 41 9 -1 -11 14 13 52 29 20 21 -18 19 22 -14 23 57 54 -25 -15 -6 -3 -20 30 -4 -32 -12 35 -35 36 37 39 40 -31 -37 -7 -43 -44 -34 46 -46 48 -48 -49 -50 -38 -13 -47 55 -17 -57 -19 59 61 -60 -59
right_child=3 2 4 -5 5 7 -8 -9 -10 10 32 12 15 25 -16 16 17 18 28 -21 -22 -23 -24 24 -26 -27 -28 -29 -30 33 31 -33 44 34 -36 38 51 -39 -40 -41 -42 42 43 -45 45 53 47 49 50 -51 -52 -53 -54 -55 -56 56 -58 58 60 -61 -62 -63
leaf_value=0.030720229321538357 -0.024225356308493606 -0.0095134205646780906 -0.021110980094496912 -0.045507996611844501 0.039356053622200841 0.00089162309104629358 0.012145303318403716 0.092177421493401024 0.046350854403298385 -0.022858173081710755 0.032281490845287406 -0.034828243242059596 -0.0035846841615256291 -0.013123732358950519 -0.022826446201535837 0.0079305124508662651 -0.028100043054180797 0.018972372269767095 -0.0082053796093412186 -0.036376496517763472 0.017948756712294758 -0.0088776265622737844 -0.018879989837823807 0.053230052603372303 -0.0055748234812355467 0.030353930166503867 -0.016626972377704358 -0.036682959052125257 -0.036144500374057024 0.0487161796953871 0.0011153720509358275 0.044746972731923046 0.02387432773650891 -0.027717133522184668 0.052403760380120193 0.023384323091762551 -5.4712832881760007e-05 -0.041147462420827903 0.04667902561696316 0.01230531479689973 -0.0097805425680152942 0.0061915009339471158 0.01144528542087798 0.02941386602209688 0.027363820536524138 -0.0096279027761521849 -0.061390816586623188 0.023169461643853435 0.042508853109749084 -0.0054155875897994119 -0.0079102555197983811 -0.044344372536397815 -0.013189568687065079 0.01998312158473195 0.0090219758734683807 -0.021356264702400568 0.050198331050245106 0.024822957620233118 0.035331669441859857 0.036565897339218049 -0.0091046045754558502 -0.016475499551297994
leaf_weight=527.80181127786636 1563.1165464785881 907.98427174240351 552.30493200290948 1407.2115218760446 65.924686949700117 1607.0490494929254 700.2099591344595 43.495761502534151 188.26670196652412 286.77848779410124 358.12404282949865 461.53949686791748 1185.8611921230331 169.85056514665484 306.74339909665287 1217.6097956635058 1262.2826626766473 923.44046633597463 1817.7707637771964 190.63091456517577 1332.5496449926868 1506.3890061387792 370.41744068451226 201.80310629215091 105.84430157020688 268.78445991780609 1305.9496111245826 367.95496369805187 284.8181368354708 192.97290848568082 419.21280185133219 157.11263469606638 628.93497612327337 336.56520567461848 113.24055135250092 848.59102577716112 165.90460424870253 90.959605284035206 328.53576885163784 886.08426649495959 208.8882656507194 1940.5101961847395 1268.8126576133072 970.98046412318945 698.01771165151149 976.85442699491978 73.701755702495575 761.44599602371454 80.811964588239789 391.87394027411938 672.39145465008914 184.1785628721118 1567.1871448419988 232.19138865172863 3345.2290846705437 788.51328221615404 47.177169874310493 192.34353713877499 153.96057257056236 439.96521682292223 1381.2587646283209 321.11728719249368
leaf_count=3111 138368 38144 7675 169704 533 27805 4714 809 1489 1540 1843 5440 16253 1571 3564 17092 44495 6488 22105 2467 12362 16697 3080 1835 2636 2478 22958 14726 4490 1474 5092 1508 3419 1818 599 4215 754 512 1506 4951 1688 18516 13106 6495 3449 5252 355 3609 373 1998 3411 1331 19014 1129 43373 13885 214 1665 2359 2489 18160 2044
internal_value=-0.000387295 0.00217102 0.000510178 -0.0343081 0.00121717 0.00631714 -0.00512295 0.0103826 0.0116397 0.010491 0.00842222 -0.000439578 -0.00192757 -0.0124893 0.00562764 -0.000400847 -0.00182183 -0.00663026 -0.00216973 0.0030272 0.00780916 0.00307022 0.00501307 0.00622436 0.0329986 0.0135183 -0.0139367 -0.0173486 -0.01199 0.0075739 -0.00368748 0.0130098 0.0102626 0.0113612 -0.00754635 0.0142877 0.0055163 0.0141551 0.0239077 0.0188168 0.0168331 0.00976781 0.0131801 0.0192349 0.00851653 0.00603175 0.0105339 0.00460144 -0.00774959 0.0134569 -0.00250074 -0.0233555 -0.0181124 -0.00394125 0.00469857 -0.00234511 -0.0173168 0.00760691 0.00338962 0.0163324 -0.00464828 -0.00100501
internal_weight=42354 39383.7 33506.5 2970.33 32230.6 7902.93 2072.08 5830.85 5877.19 5688.93 5161.13 24327.6 19536.3 2467.36 4791.29 17069 14550.6 7338.01 6075.72 3973.13 2518.41 7212.57 3782.5 5706.18 307.647 438.635 1371.87 1275.94 2102.59 4484.55 1128.63 576.325 4874.35 3355.92 449.806 2906.12 1520.1 1170.02 1386.02 1079.06 1057.48 5787.35 4180.3 2239.79 4516.22 3887.29 2678.24 1980.23 826.905 1153.32 753.203 350.083 2028.73 1209.05 5398.53 2053.3 835.69 3412.09 2488.65 953.426 1535.22 513.461
internal_count=786235 478163 447185 308072 394315 94936 28205 66731 30978 29489 26378 299379 262692 28503 36687 234189 205574 109842 65347 38752 28615 95732 36285 79035 4471 4049 23491 52870 26595 33123 14275 6600 24838 18848 2417 16431 9022 6937 7409 6425 5903 65922 38117 19601 22995 19576 13195 9746 4139 5607 3784 2085 24454 6381 74564 31191 14099 33205 26717 6198 20519 3709
is_linear=0
shrinkage=0.05


Tree=51
num_leaves=63
num_cat=0
split_feature=36 12 36 53 41 36 48 49 49 49 52 23 42 49 22 38 29 52 5 38 17 24 40 52 50 49 49 55 48 54 52 49 49 49 46 49 34 24 4 49 48 47 38 23 45 5 35 42 47 53 52 49 49 54 5 47 31 49 49 52 48 54
split_gain=1420.32 295.459 205.385 143.029 134.581 132.729 123.74 106.02 104.137 104.052 114.845 113.594 95.6769 116.064 105.169 94.5217 92.1904 89.2462 79.378 169.495 131.178 77.1321 86.3227 73.0491 71.625 69.7093 91.2353 78.9334 132.518 78.5249 68.0443 65.2888 71.9961 68.5924 64.9957 64.7575 64.225 61.6323 61.2745 59.4326 99.8108 59.0103 73.2756 73.15 69.697 64.4701 65.8259 58.7638 58.5733 56.9031 55.8119 54.3787 57.7866 67.088 53.793 53.742 84.5313 53.0945 56.3555 82.5945 52.4598 52.3778
threshold=285.58824157714849 -50.50468444824218 222.05882263183597 545.16665649414074 -0.52142748236656178 279.11766052246099 0.96787995100021373 285.28050231933599 254.46063232421878 289.42092895507818 6.6415228843688974 -12.098024368286131 10.569992065429689 284.25558471679693 -32.909820556640618 0.64705657958984386 20.288356781005863 49.095659255981452 288.89036560058599 -44.352928161621087 -44.15728569030761 0.11173629760742189 -1.5490112304687498 57.570123672485359 104.96093368530275 265.70214843750006 258.72836303710943 -0.91597560048103321 0.91453474760055553 -0.37940952181816096 14.536789417266847 256.32855224609381 256.94619750976568 255.59030914306643 6.8533954620361337 288.06623840332037 2.1284575462341313 14.433798789978029 207.11548614501956 286.04714965820318 0.72963708639144909 1.2718615531921389 -42.588233947753899 -41.869806289672844 -1.3907718658447263 267.14198303222662 -0.8988763391971587 4.2739639282226571 -0.77952885627746571 15.916666507720949 30.842178344726566 257.70365905761724 263.06666564941412 0.12940952181816109 257.62951660156256 -5.2547500133514395 -0.33814032375812525 275.76867675781256 286.31919860839849 18.305440902709964 0.79310560226440441 1.0000000180025095e-35
decision_type=2 2 2 2 2 2 2 2 2 2 2 2 2 2 2 2 2 2 2 2 2 2 2 2 2 2 2 2 2 2 2 2 2 2 2 2 2 2 2 2 2 2 2 2 2 2 2 2 2 2 2 2 2 2 2 2 2 2 2 2 2 2
left_child=1 21 8 5 7 6 9 18 -3 10 11 36 38 14 55 16 47 41 -2 -20 -21 22 -1 37 25 26 31 28 -28 -27 -5 33 -33 61 -6 48 54 -11 -12 50 -41 45 -43 57 -45 -7 -47 -10 -19 -35 -15 -32 53 -53 -4 56 -14 -44 59 -59 -39 -18
right_child=4 2 3 30 34 17 -8 -9 15 23 12 -13 13 39 -16 -17 24 35 19 20 -22 -23 -24 -25 -26 29 27 -29 -30 -31 51 32 -34 49 -36 -37 -38 60 -40 40 -42 42 43 44 -46 46 -48 -49 -50 -51 -52 52 -54 -55 -56 -57 -58 58 -60 -61 -62 -63
leaf_value=0.0005293171515193799 0.0051689862021080911 0.031989257276404816 0.023187077387247151 0.02105475184333537 -0.043498290999688348 0.050127751044122829 -0.031765603644219695 -0.038179299358424068 0.0070570063773205769 0.042884600326975185 0.080108718446858171 0.010523281048087909 0.11598789565664842 0.061769043659213763 0.01715215568556764 0.035268959132651635 -0.009308453056820265 0.10725147612892663 -0.013576040094737464 0.36493398976125779 0.061057653687561768 -0.020723710975616448 0.10495061304076587 -0.034367908118349305 0.019766421147039113 0.0016957231939240026 0.058659045407162651 -0.037021503687291395 -0.037861488369869467 0.061655896074315202 -0.030830951342802324 0.038935893366496457 -0.00012426926286678028 0.012166184204948955 0.21429933016102423 -0.020251100362712958 -0.013927685093216485 -0.034359787903000746 0.00074282384338391315 -0.0055014046940938619 0.065981124893952789 -0.029270206093048274 -0.024200096631792282 0.077469985809841546 -0.014028788890766811 -0.0058584336354264681 -0.026605229471425962 0.01997799545669264 0.021998061950391772 -0.03792708772149278 0.005957049401003469 0.0025356350192575917 0.0042481697770142815 0.052578524679547656 -0.0062582013558975377 0.0015769879441443161 -0.032403435027862144 0.051386837677304412 0.041129227673696755 0.23401741282927718 0.025260951498511826 0.058951035180045241
leaf_weight=144.04943533428013 102.80310706142336 529.46777687221766 223.31570084951818 1106.8983631590381 2013.2999658305198 33.567807303741574 285.54335724934936 123.10510331671685 2178.2685004845262 305.00591574050486 24.354293443262577 792.35533563047647 10.079487243667243 197.28060883190483 1286.4785767570138 321.60646523535252 69.494790371507406 23.062385483644903 16.207507121376697 7.5902056070044637 6.6744156964123231 1711.7118370430544 22.94432841334492 49.333329349756241 356.67062025517225 190.97923799604177 65.577155005186796 393.91468228772283 77.691204678267241 76.46652490273118 96.807396351359785 165.32470741868019 411.88758973404765 73.51332002133131 2.4479066580533972 84.128205980174243 2765.8110407497734 56.069306768476963 16949.226604216732 174.36037207487971 67.831087993457913 121.94831193517894 18.003888445906341 24.097661158069968 152.6638841945678 567.69910986162722 1170.8660535290837 1476.3463255502284 159.39188238978386 247.74709575250745 57.951131345704198 126.07732730265707 1775.3403958827257 142.86252557113767 507.83211003709584 1589.0937226321548 200.5346142873168 13.908081542700531 51.03762611374259 11.156929485499857 107.89144112914801 47.18504673987627
leaf_count=3489 5254 3195 1159 8949 248123 650 4214 10925 10510 4304 111 4630 99 2037 11024 2391 376 318 1528 189 374 87594 511 622 1755 974 363 2350 647 387 795 821 2218 396 134 1633 38955 678 183616 2534 729 4560 643 265 2366 9167 46028 7660 2508 1457 524 980 19391 972 5642 24581 4093 407 1486 288 1046 213
internal_value=-0.000393547 0.00179663 0.00275327 0.00105592 -0.0388454 -9.30153e-05 0.000965344 -0.00472448 0.0107115 0.00133381 0.000871285 -0.00657057 0.00242405 0.00984771 0.00623519 0.00888042 0.00742498 -0.0112577 0.0261774 0.0970531 0.22275 -0.0175593 0.0148764 0.0235066 -0.000721778 -0.00473739 -0.00879931 -0.0254627 0.00631813 0.0188392 0.0109896 1.8371e-05 0.0110633 -0.014539 -0.0431852 0.0160404 -0.0104438 0.0295948 0.000856701 0.0322611 0.0145189 -0.0146191 0.00291422 0.0174041 -0.00155489 -0.0185056 -0.0198307 0.0122767 0.0327742 -0.0264644 0.0490968 0.00578606 0.00752007 0.0291187 0.00273532 -0.00156855 -0.0253018 0.0530149 0.071282 0.132679 0.00487257 0.0182955
internal_weight=42162.8 39890.7 38012 31329.9 2272.13 28081.9 25650.3 256.38 6682.14 25364.8 24846.5 4289.31 20557.2 3583.61 3086.19 6152.67 5831.07 2431.53 133.275 30.4721 14.2646 1878.71 166.994 518.3 2176.45 1819.78 1552.34 537.183 143.268 267.446 3247.99 1015.15 577.212 437.94 2015.75 266.582 3496.96 468.967 16973.6 497.423 242.191 2164.95 392.816 270.868 176.762 1772.13 1738.57 3654.61 182.454 321.26 255.232 2141.09 2044.28 268.94 731.148 1799.71 210.614 94.1065 76.1026 25.065 163.961 116.68
internal_count=785838 519311 427717 392004 266527 360917 290598 18270 35713 286384 279734 50386 229348 45621 39797 32518 30127 70319 7345 2091 563 91594 4000 6650 11957 10202 8841 3360 1010 1361 31087 5481 3039 2442 248257 4459 45756 6028 183727 5824 3263 65860 10015 5455 2631 55845 55195 18170 2826 1853 2561 22138 21343 1952 6801 28773 4192 2824 2181 695 1724 589
is_linear=0
shrinkage=0.05


Tree=52
num_leaves=63
num_cat=0
split_feature=36 12 5 42 53 41 47 11 49 49 49 51 55 49 49 28 35 36 51 23 49 47 47 39 49 49 52 29 28 17 47 45 15 53 38 41 17 49 28 29 55 30 11 23 34 49 35 5 5 35 55 5 29 32 55 33 55 49 41 39 20 49
split_gain=1322.57 277.809 191.356 145.761 114.246 112.887 109.649 109.344 95.9999 113.302 106.066 110.613 87.469 85.3592 88.0301 97.4572 85.2912 84.0369 207.925 83.8728 120.177 100.343 81.7494 80.064 79.9931 78.4721 79.4971 74.4272 74.1488 74.0219 72.3485 82.5992 71.6398 69.4448 69.221 68.1115 90.7288 104.723 83.9365 74.5324 70.9646 112.453 102.77 87.6179 70.5572 70.7987 70.0733 94.7148 65.3846 64.8131 64.7612 64.4742 63.7911 63.3533 76.2463 63.1235 62.1815 76.5648 69.6308 60.6008 59.6628 59.1135
threshold=285.58824157714849 -50.895061492919915 220.15905761718753 7.5998916625976571 805.25000000000011 -0.42216905951499933 -0.45807838439941401 287.15733337402349 261.09867858886724 256.60597229003912 265.70214843750006 46.128787994384773 0.78656607866287243 285.28050231933599 284.34808349609381 -2.2616453170776363 -1.6928170919418333 280.88236999511724 62.29881668090821 -24.578768730163571 270.65731811523443 -5.2547500133514395 -0.87350952625274647 -1.2745085358619688 247.43756103515628 290.03321838378912 57.570123672485359 16.347610473632816 23.298627853393558 -2.8064270019531246 1.4465465545654299 -1.5186290740966795 -24.959926605224606 75.375000000000014 -44.764709472656243 0.25006235390901571 -7.798686981201171 268.59339904785162 -1.2752251625061033 18.772079467773441 -0.7865660786628722 12.129281044006349 269.87863159179693 -47.61304855346679 34.095308303833015 273.15556335449224 -0.76137718558311451 272.31756591796881 261.36715698242193 23.926195144653324 -0.7865660786628722 277.75044250488287 3.7105216979980473 23.951581954956058 0.37940952181816107 -0.31894196569919581 -0.37940952181816096 247.43756103515628 11.215202331542971 -36.271606445312493 -42.67527770996093 267.04945373535162
decision_type=2 2 2 2 2 2 2 2 2 2 2 2 2 2 2 2 2 2 2 2 2 2 2 2 2 2 2 2 2 2 2 2 2 2 2 2 2 2 2 2 2 2 2 2 2 2 2 2 2 2 2 2 2 2 2 2 2 2 2 2 2 2
left_child=1 16 23 4 8 13 19 -8 9 24 11 12 -10 14 -2 -16 -1 25 30 21 27 55 34 28 52 35 53 -21 56 -26 51 -32 -13 -11 -20 38 37 40 46 -39 43 42 48 -37 45 -41 -12 -48 -42 61 -30 -19 -4 54 -27 -5 -3 -58 -59 -24 -14 -38
right_child=5 2 3 6 -6 -7 7 -9 10 33 17 32 60 -15 15 -17 -18 18 22 20 -22 -23 59 -25 29 26 -28 -29 50 -31 31 -33 -34 -35 -36 36 49 39 -40 44 41 -43 -44 -45 -46 -47 47 -49 -50 -51 -52 -53 -54 -55 -56 -57 57 58 -60 -61 -62 -63
leaf_value=0.10820066452878947 -0.0032303886356021502 0.026087132625251926 0.057963378674108293 0.085194269111246654 0.015580850232001675 -0.042582365970772168 0.011860081647432599 0.057874982203826197 -0.026027109663081416 0.0015184538620742157 0.0078633723422298716 -0.028924020661593837 0.037514937172425239 -0.037974511571995939 0.02310988331766398 0.19907811631723424 -0.019466598171422642 0.022001297971499176 0.21044749556300379 0.011746578028809728 0.035284180943479203 0.0012477408405747908 0.0047736307261074945 0.025634730398605862 -0.020257436039475739 0.049461377779453058 -0.054395402498220613 -0.015088260933191593 0.010144473446891351 0.016979525469140472 0.088644921897956225 -0.0042414191571815826 0.026186675695982022 0.016333001576616987 0.054382124825486093 0.13450348083888039 -0.02356572826628155 -0.0099017997729334579 0.023148483387664356 -0.019561167433672262 0.023555444032709552 -0.029148332062624311 -0.016041710235612353 0.021374239780758281 -0.037471546467542381 0.029521610657087034 0.0070945667785625418 -0.033761013302433356 0.113604577421964 -0.01368100659111951 -0.00860360865309703 -0.02627213940125267 0.002367705655865724 -0.039170948710546646 -0.0079418504264896408 -0.025614295477960854 0.047271481738432472 0.015071618969652209 -0.002113042611352034 0.067324274682667259 -0.0090730247791840392 0.0077909618750001053
leaf_weight=13.186927180737255 108.40080954832956 710.58499586954713 67.761053310707211 13.198929445818065 980.87060668319464 1923.4713013060391 3071.5051431562752 134.76859894953668 1248.7909413091838 1426.5211218539625 1212.2465471783653 77.052892702631652 77.394049840047956 125.27820525644347 20.849979488644749 12.637546360027043 1649.4364536944777 73.231005497276783 10.325147975236176 886.29163337126374 404.17097503319383 3354.9118367806077 172.24720941204578 782.50833047181368 849.8508872911334 237.57917659077793 31.376795862801373 364.71844769641757 891.43936448916793 158.32320533692837 26.739797896705568 228.08051705174148 251.25606554560363 1775.7575925299898 22.781767184846103 18.097609399817884 158.30768814682961 6092.8351702066138 568.19433338008821 95.478370515629649 315.40161474049091 232.47330671176314 198.50164644047618 315.3025407847017 65.958822079002857 318.72346575185657 282.43503261357546 285.010089260526 21.534777207300067 471.42274488136172 953.09614094719291 1246.8999509075657 216.28555077314377 31.24495117738843 76.466296251863241 489.55148604977876 126.27246849983931 1306.4793522246182 1074.0776088759303 49.950887336395681 613.31607274897397 2972.3413869999349
leaf_count=180 6597 3540 363 114 8248 247319 30966 4015 17089 10854 10660 1334 916 11643 842 315 85152 2091 135 5579 2359 49027 3770 4874 9200 2711 413 2977 4948 847 446 6139 2038 12472 533 396 1228 99337 5446 1225 3360 4242 4739 4132 1226 2790 2021 3859 257 4072 5159 44640 1096 272 1341 8720 826 6189 5426 435 5304 17488
internal_value=-0.000528923 0.00155289 0.00242509 0.000918386 -0.00112452 -0.0383522 0.00644192 0.0137942 -0.00184977 0.00469057 -0.00347392 -0.013587 -0.0181302 -0.00789716 0.0186592 0.0895169 -0.018454 -0.00202523 -0.0121008 0.00216581 0.0115811 -0.00187393 0.0297565 0.0107503 -0.00780655 -0.000708107 0.0218046 0.00392317 0.00844942 -0.0144098 -0.018886 0.00550569 0.0132524 0.00973356 0.103055 -0.00133051 -0.00294367 -0.00601633 0.00641714 -0.00840713 0.0082528 -0.000110222 0.0124974 0.0275151 0.0105589 0.0182075 0.00107539 -0.0134259 0.0293108 0.00360271 0.000457089 -0.0235943 0.0156304 0.0287289 0.0354844 -0.0227052 0.0130314 0.00933062 0.00731811 0.0188352 -0.00385284 0.00620535
internal_weight=41991.2 39800.6 38137.9 32293.5 23574.4 2190.64 8719.12 3206.27 22593.5 4494.5 18099 2267.81 1939.5 267.167 141.888 33.4875 1662.62 15831.2 1830.26 5512.84 1655.18 3857.66 255.305 5844.46 1292.22 14000.9 376.667 1251.01 5061.95 1008.17 1574.95 254.82 328.309 3202.28 33.1069 13624.3 11276.4 7674.31 2347.89 6573 1101.31 767.911 535.438 333.4 480.161 414.202 1779.69 567.445 336.936 3602.07 1844.54 1320.13 284.047 345.29 314.045 502.75 3217.41 2506.83 2380.56 222.198 690.71 3130.65
internal_count=785932 519216 433884 402922 299165 266716 103757 34981 290917 34832 256085 26681 23309 19397 7754 1157 85332 229404 58189 68776 10915 57861 4873 30962 11506 171215 4737 8556 26088 10047 53316 6585 3372 23326 668 166478 144492 121704 21986 104578 17126 12598 8356 4528 5241 4015 16540 5880 3617 22788 10107 46731 1459 4324 4052 8834 15981 12441 11615 4205 6220 18716
is_linear=0
shrinkage=0.05


Tree=53
num_leaves=63
num_cat=0
split_feature=36 12 36 53 52 49 41 35 26 5 36 51 35 48 49 37 41 49 49 49 14 29 49 52 52 19 42 49 49 40 54 49 40 42 47 42 22 54 54 14 49 4 20 49 49 46 29 29 55 28 49 49 27 20 50 48 48 29 11 49 49 40
split_gain=1268.77 245.222 179.428 130.744 104.554 102.426 94.469 83.7002 82.7374 89.3403 81.8788 83.4514 79.5884 108.103 147.12 93.2246 112.709 95.9999 83.6515 135.643 76.0326 84.8285 72.3173 90.0973 75.2025 64.861 72.5342 63.9141 65.0457 103.792 63.2727 68.9282 63.0943 61.8043 62.8593 71.0788 70.0976 61.2475 61.217 61.1942 73.8145 168.697 63.7171 72.9225 145.029 61.1617 60.4088 60.0884 58.885 72.9936 58.2513 79.331 56.0541 55.9467 77.2907 62.3898 57.5718 59.5362 54.8514 54.0486 53.4633 72.0153
threshold=285.58824157714849 -50.895061492919915 217.94117736816409 139.66666412353518 4.8759970664978036 254.46063232421878 -0.32824517786502833 -1.6928170919418333 23.727094650268558 222.76506042480472 279.11766052246099 40.069252014160163 -1.1785276532173155 0.034703314304351814 260.66418457031256 279.35729980468756 4.1273305416107187 274.21087646484381 275.10462951660162 275.32183837890631 1.0000000180025095e-35 31.354249954223636 247.43756103515628 23.263384819030765 7.4514698982238778 -45.467800140380852 15.692214965820314 285.28050231933599 284.34808349609381 -3.0392150878906246 -1.0000000180025095e-35 268.11450195312506 -0.52941894531249989 4.1132049560546884 -2.9631891250610347 15.692214965820314 -24.679888725280758 -1.0000000180025095e-35 0.37940952181816107 -41.080640792846673 275.89672851562506 251.63771057128909 -43.094369888305657 285.67515563964849 284.05564880371099 6.8533954620361337 3.892328262329102 -2.7378983497619624 -0.7865660786628722 23.298627853393558 276.75975036621099 278.97543334960943 4.5017871856689462 -22.164389610290524 222.99001312255862 0.10494250059127809 0.32932555675506597 11.928644180297853 278.43545532226568 265.41934204101568 265.99908447265631 0.78430938720703136
decision_type=2 2 2 2 2 2 2 2 2 2 2 2 2 2 2 2 2 2 2 2 2 2 2 2 2 2 2 2 2 2 2 2 2 2 2 2 2 2 2 2 2 2 2 2 2 2 2 2 2 2 2 2 2 2 2 2 2 2 2 2 2 2
left_child=1 7 5 10 60 -3 27 -1 9 37 22 -12 47 14 46 16 -16 30 53 -20 21 48 23 -4 -24 -21 39 28 -2 -30 31 -18 -17 -26 36 -36 -35 -6 -37 42 41 -41 -27 44 -44 -8 -14 -11 -7 -50 -42 -52 -33 54 55 -15 57 -55 -56 -57 -5 -62
right_child=6 2 3 4 8 20 45 -9 -10 12 11 -13 13 18 15 32 17 -19 19 25 -22 -23 24 -25 33 26 -28 -29 29 -31 -32 52 -34 34 35 38 -38 -39 -40 40 50 -43 43 -45 -46 -47 -48 -49 49 -51 51 -53 -54 56 58 59 -58 -59 -60 -61 61 -63
leaf_value=0.1027314547499163 -0.007022673573618252 0.039530883510201814 0.036006926607851465 0.044766275937205918 0.0089330151600938278 0.022538802881150597 -0.042671934338973906 -0.01842011661682064 -0.0095787278107464756 0.010611061197469917 -0.019652464477084797 0.010984108045915118 0.028019697588905088 0.038747307413171179 0.007984599108372346 -0.010994261995593318 -0.042802287687319529 -0.024907585246313386 0.12680706186700305 -0.0043640922948108372 0.027118200775209645 -0.015003622516252322 -0.0062922684712917636 -0.039686107036148284 -0.0021215086997618195 0.023514856045130414 0.053288511217057168 -0.036596684036436115 0.017414194850930993 0.20839734489511216 0.0063581571024880785 0.019075817164656589 -0.037827465574438876 -0.017026739572323941 0.0049258239855311942 0.034878812960397944 0.007490750351970674 0.03582543385501849 0.0050291065178691245 -0.008900282391564842 -0.030996231001264186 0.1478168800101913 0.030962365311205071 0.026632114694748157 0.25831393228840804 0.18460124844479681 -0.0028120782863617008 0.041067348832858543 0.01080585658898265 -0.010373023183936908 0.045918364569661169 0.0073300998734993558 -0.024939473450556943 0.0081273499574005641 0.016785327423840816 -0.026975409936128708 0.014346194609140992 -0.02764150984559037 0.10652419389461079 -0.0039323287984419841 0.038380760199613569 0.0018039068214748353
leaf_weight=14.383115963079034 110.13061450049281 314.19564161449671 247.26603376865387 200.5161115359515 498.00935389846563 708.85400260984898 1828.4289963971823 1617.6479339813814 1075.1787408106029 614.77793890889734 1080.3722974387929 279.85347728431225 517.48802352882922 68.965295852161944 1752.1812588013709 992.15444974694401 162.50208732672036 665.01286143623292 26.838455189019442 405.17940947134048 551.62202777713537 384.74703742563725 4885.2268770048395 46.745534103363752 6922.8019690206274 135.50159267056733 133.13066689670086 127.60327020660043 25.340607298538089 9.8906323048286122 861.43087973445654 150.21991893090308 281.15024156402797 611.2388514271006 3661.423443694599 406.72444747481495 557.38375191017985 368.30345000699162 297.32923137955368 37.989539824426174 85.149967925623059 31.336030643433332 14.166146141476931 25.425840070471168 13.894560019485651 2.9650162467733017 229.25116727128625 219.86700815986842 1831.3296590745449 523.02735497057438 149.99807275645435 1188.6317505566403 139.51058364473283 295.38932527601719 62.18013141490519 346.44900449924171 1230.4230126924813 191.92051171325147 23.449874774552882 958.54443588573486 209.24836178962141 377.07367758639157
leaf_count=185 6998 2163 1286 1209 2710 3352 245797 84865 10847 6855 36965 5806 2739 708 11860 18912 1916 8621 253 11846 3470 1910 57130 227 72427 3212 1457 12475 967 254 8847 1313 11061 10879 44353 4930 4121 1828 3285 296 1151 304 300 404 245 134 1894 1695 8516 2554 1744 14134 1906 1885 715 7124 7956 1398 314 15981 1703 2877
internal_value=-0.000380181 0.00162624 0.0024403 0.00121248 0.00474635 0.0120422 -0.038214 -0.0173524 0.00374624 0.00485887 -0.0015293 -0.0133493 0.00374031 0.00262797 -0.0021481 -0.00523738 -0.00125052 -0.00942851 0.00769136 0.0150743 0.00988274 0.00712533 -0.000617657 0.0239723 -0.00103455 0.0137238 0.0177612 -0.0107735 0.0118948 0.0710298 -0.00159257 -0.0167374 -0.0169191 0.00102738 0.00496643 0.00772353 -0.00533293 0.020366 0.022273 0.0149494 0.0115565 0.0619378 0.0417551 0.0879645 0.143538 -0.042304 0.0185543 0.018634 0.00990478 0.00610091 0.00910332 0.011654 -0.00211836 0.00246958 -0.00472805 -0.00760044 0.00858553 -0.00595974 0.0413604 -0.0100498 0.0224794 0.0148576
internal_weight=41785 39680.6 38048.6 33734.8 14738.4 4313.78 2104.36 1632.03 13951.6 12876.4 18996.4 1360.23 12010.1 11175.5 5750.9 5004.16 3730.86 1978.68 5424.56 2247.24 3999.58 3447.96 17636.1 294.012 17342.1 2220.4 1815.22 272.965 145.362 35.2312 1313.66 452.233 1273.3 12456.9 5534.1 4365.48 1168.62 866.313 704.054 1682.09 1493.11 69.3256 188.988 53.4865 28.0607 1831.39 746.739 834.645 3063.21 2354.36 1423.78 1338.63 289.731 3177.32 1459.59 1373.96 1717.73 487.31 85.63 1304.99 786.838 586.322
internal_count=785269 518644 433594 411629 170220 21965 266625 85050 164431 153584 241409 42771 149046 140496 69069 64436 34463 22603 71427 35346 19802 16332 198638 1513 197125 35093 23247 20694 8219 1221 13982 5135 29973 139995 67568 52568 15000 4538 8215 21790 17629 600 4161 949 545 245931 4633 8550 14422 11070 17029 15878 3219 36081 24842 23813 11239 3283 1029 23105 5789 4580
is_linear=0
shrinkage=0.05


Tree=54
num_leaves=63
num_cat=0
split_feature=36 0 53 50 24 17 49 29 46 52 40 48 53 28 36 52 49 49 48 49 41 49 49 54 35 37 54 49 52 55 40 43 48 54 35 17 54 37 37 38 52 48 49 49 34 48 35 48 48 48 49 49 49 38 29 29 4 49 48 49 49 49
split_gain=1209.11 247.661 142.416 138.249 121.832 108.106 107.908 92.6514 103.659 90.524 86.4651 82.4499 78.3441 84.8646 100.947 78.2789 74.4146 264.667 122.789 181.787 129.626 96.3797 124.486 175.586 88.8387 108.771 146.653 80.4378 145.945 88.9179 95.4545 73.3769 75.5789 112.59 73.3059 70.9998 69.4855 115.167 67.3042 67.1319 66.9913 66.7607 139.8 142.715 127.854 107.838 166.909 94.753 169.636 89.1984 97.5237 180.642 117.522 102.237 102.165 96.0523 82.2493 81.7819 81.3554 79.051 234.029 134.474
threshold=286.76470947265631 284.53353881835943 57.361110687255866 126.96470260620119 0.11173629760742189 -0.37291717529296869 254.46063232421878 3.3729181289672856 0.48938989639282232 6.9437274932861337 -1.9804077148437498 0.96787995100021373 1089.1666564941409 24.796339035034183 226.76470184326175 23.263384819030765 284.16561889648443 286.04714965820318 0.68585610389709484 287.93347167968756 20.364076614379886 261.09867858886724 259.93206787109381 -0.6035533845424651 5.9736292362213144 250.22149658203128 0.91597560048103344 263.43424987792974 39.519203186035163 0.78656607866287243 -0.25491333007812494 0.081367492675781264 -0.58530998229980458 -1.0000000180025095e-35 -0.42913483083248133 -3.9566383361816402 0.12940952181816109 259.28831481933599 291.82643127441412 -35.882347106933587 25.382464408874515 0.22238975763320926 276.94873046875006 280.31988525390631 11.271496772766115 0.30385869741439825 11.316497325897219 -0.50290912389755238 -0.47515141963958735 -0.51488128304481495 275.76867675781256 273.35858154296881 270.65731811523443 -32.352943420410149 -2.4841780662536617 3.1530771255493169 246.87280273437503 273.86521911621099 -0.44147184491157526 276.75975036621099 278.97543334960943 277.24395751953131
decision_type=2 2 2 2 2 2 2 2 2 2 2 2 2 2 2 2 2 2 2 2 2 2 2 2 2 2 2 2 2 2 2 2 2 2 2 2 2 2 2 2 2 2 2 2 2 2 2 2 2 2 2 2 2 2 2 2 2 2 2 2 2 2
left_child=1 2 6 4 10 11 40 8 -6 -8 -3 12 13 14 -4 38 21 36 19 -19 -20 22 24 -24 -16 26 -26 28 29 -23 -31 -12 33 -33 -2 41 37 -18 -5 -10 -1 42 44 -44 49 46 -43 -45 -49 57 51 52 -51 54 -52 58 -53 -29 -54 -47 61 -61
right_child=34 3 5 15 7 -7 9 -9 39 -11 31 -13 -14 -15 16 -17 17 18 20 -21 -22 27 23 -25 25 -27 -28 35 -30 30 -32 32 -34 -35 -36 -37 -38 -39 -40 -41 -42 45 43 47 -46 59 -48 48 -50 50 53 56 55 -55 -56 -57 -58 -59 -60 60 -62 -63
leaf_value=0.033389906741255561 -0.0091766390110538231 -0.0020406178166554002 0.012906566516892939 0.035774776878128738 -0.036330847066515279 0.019105918793444913 -0.0082791964864596512 -0.0063183909626758922 -0.023960624452876868 0.0010725880510471762 -0.010529835052532792 -0.022311772772587321 0.021762683808880731 -0.0080880075680472268 0.022699073835927553 -0.0059165790798577029 0.070685227703485495 -0.029214145002016842 0.051053814118953267 0.0084087972119403897 -0.000475127385376597 -0.036001946419228832 -0.02052235313213668 0.050575112727628872 0.015314267015048819 -0.023246433622202287 -0.043232057395397448 0.013131762442661458 0.045149351581197567 0.057473238668832853 -0.022722849637500001 0.23147030092078819 0.038309756964282328 0.018406112944937825 -0.044799519353500905 0.022353977481851035 0.050107701743817457 0.0064417150713894714 -0.042235311713661357 -0.00072938526331227068 -0.022267339002468804 0.11524220980822614 -0.033577171009915183 -0.022655492971923423 -0.023716031039861557 -0.00063841671432015559 0.00024971493937004226 0.083269287263918579 -0.0012730272545800599 -0.0034357909720486909 -0.026688972843496417 0.0048387719136476397 0.0040191719834721468 0.00047295791761353586 0.075469468077337912 -0.011505136797057515 -0.03567525231554252 0.061593844960070844 0.04374077584449082 0.18961478179686 -0.0013574255036067659 0.047209038656259882
leaf_weight=337.79159851372242 159.46966228727251 938.66327615547925 3620.0120283551514 325.07382592186332 824.48682038811967 1404.910386249423 3762.1459760917351 1520.800035034772 691.65365731250495 8289.3276676069945 47.723298647906631 277.17873694561422 685.32562661916018 1241.7523234896362 526.29825515672565 288.58227700926363 89.571279618889093 550.05871744547039 215.760328207165 771.24379054177552 280.99587356485426 460.17647527437657 113.71638491377234 367.43400950729847 826.29669282771647 403.81763016525656 122.86769658699632 617.44581948034465 84.55402518901974 59.502556063234806 98.57380205206573 14.367723100818695 68.249812978785485 10.907475563697515 1530.0762893161736 376.32368709519506 395.89200227614492 315.41611652635038 30.219396046362817 565.00687025720254 64.367072569206357 56.528340716846287 666.57672348245978 269.8300758767873 464.22251899726689 2210.1180105404928 71.430748075246811 75.296239278279245 279.90778832882643 1619.913882878609 30.363018227741122 167.92858653329313 194.34002486336976 181.00732072629035 126.16919027920812 179.57650442793965 493.19969310890883 101.34345830511302 382.85198031552136 17.824540132656693 518.0353255495429 236.9824326056987
leaf_count=2112 14800 20074 19804 6544 45023 7491 40446 66087 44611 84284 1694 2897 4199 10893 2689 8862 539 7781 2179 9821 2387 6267 970 2395 5153 6944 778 4983 791 342 1173 195 1441 272 221713 2101 2746 3855 1622 14483 388 724 9952 3522 7060 28690 878 790 3949 18255 257 1084 1632 1589 1135 1858 6779 804 2931 259 6610 3120
internal_value=-4.85354e-06 0.00174397 0.00328471 -0.00829539 -0.0112829 0.00568116 -0.000996574 -0.0156993 -0.0225543 -0.00184679 0.00344762 0.0047763 0.00514137 0.00456841 0.00541158 0.0134276 0.00360512 0.0112634 0.000713737 -0.00725365 0.0219059 0.00198772 0.0110788 0.0337717 0.00526876 -0.00151149 0.00773555 -0.00014961 -0.0164622 -0.0248884 0.00746428 0.0399196 0.0656626 0.139523 -0.0414372 0.00107823 0.0352118 0.0206505 0.0291396 -0.0135156 0.0244817 0.00018473 -0.00296246 -0.0174831 0.00115197 0.0061029 0.0510498 -0.000319342 0.0166483 0.00397168 0.000565959 -0.00226705 0.00416362 0.0260626 0.0556535 0.0204307 -0.0253846 0.0199645 0.0303665 0.00417483 0.0179394 0.0571708
internal_weight=41717.5 40027.9 34702.2 5325.73 4681.86 22248.6 12453.6 3601.95 2081.15 12051.5 1079.91 20843.7 20566.5 19881.2 18639.4 643.875 15019.4 2618.94 1818.06 1321.3 496.756 12400.5 2360.43 481.15 1879.28 1352.98 949.164 10040 702.807 618.253 158.076 141.248 93.525 25.2752 1689.55 9337.22 800.879 404.987 355.293 1256.66 402.159 8960.89 5849.97 1291.61 4558.36 3110.92 127.959 625.034 355.204 4094.14 3375.35 3037.81 2376.68 337.54 156.532 756.769 661.128 718.789 577.192 2982.96 772.842 254.807
internal_count=785707 549194 338286 210908 193880 211056 127230 170204 104117 124730 23676 203565 200668 196469 185576 17028 165772 29308 22168 17602 4566 136464 18929 3365 15564 12875 5931 117535 8573 7782 1515 3602 1908 467 236513 108962 7140 4394 8166 59094 2500 106861 66580 18213 48367 40281 1602 8261 4739 41307 35520 32539 24676 2981 1392 6421 7863 5787 4563 38679 9989 3379
is_linear=0
shrinkage=0.05


Tree=55
num_leaves=63
num_cat=0
split_feature=36 17 50 35 36 19 25 43 45 24 29 40 48 49 49 49 49 55 22 48 40 49 54 36 41 48 49 41 54 35 29 49 48 49 54 49 49 48 40 48 49 49 52 48 49 49 49 49 48 23 29 48 49 48 51 49 11 29 40 40 49 49
split_gain=1125.69 206.001 178.259 137.108 154.995 101.305 98.4762 89.3941 84.3006 93.39 80.0568 105.107 117.569 114.022 79.936 77.7658 88.7554 91.4966 89.1808 87.4758 81.9607 76.419 75.7686 74.4538 74.2773 73.8528 147.492 127.779 109.587 122.457 91.4767 89.4876 172.791 198.771 124.719 206.409 120.669 105.326 87.603 94.5058 89.7247 182.442 109.335 89.052 93.6774 85.0464 93.5334 167.951 112.133 81.7542 79.5956 121.938 91.8237 85.9251 75.286 73.7103 72.6142 72.0976 72.8965 80.9378 72.3912 70.9694
threshold=285.58824157714849 -29.145763397216793 82.059875488281264 4.0307462215423593 215.00000000000003 -53.724378585815423 -0.62112236022949208 -1.8719024658203123 9.6741275787353533 15.209947586059572 16.347610473632816 -0.72549438476562489 0.15471708774566653 263.73217773437506 254.46063232421878 286.04714965820318 284.34808349609381 0.98296290636062633 -42.971712112426751 -0.50290912389755238 -1.1764755249023435 271.58435058593756 -0.91597560048103321 203.82353210449222 1.977247476577759 -0.060937255620956414 274.21087646484381 13.750423908233644 -1.0000000180025095e-35 10.924011230468752 8.4606561660766619 269.73658752441412 -0.41664040088653559 270.15548706054693 0.37940952181816107 267.78880310058599 266.37236022949224 -0.55829647183418263 25.823532104492191 0.70040506124496471 270.26141357421881 256.94619750976568 44.719711303710945 0.9702095389366151 255.59030914306643 274.13537597656256 273.86521911621099 273.35858154296881 -0.22978341579437253 -23.112153053283688 12.858610153198244 0.1492651700973511 256.60597229003912 0.52739697694778453 74.316799163818374 285.28050231933599 254.76325225830081 3.5945463180541997 -0.52941894531249989 -2.5686340332031246 288.19223022460943 282.94137573242193
decision_type=2 2 2 2 2 2 2 2 2 2 2 2 2 2 2 2 2 2 2 2 2 2 2 2 2 2 2 2 2 2 2 2 2 2 2 2 2 2 2 2 2 2 2 2 2 2 2 2 2 2 2 2 2 2 2 2 2 2 2 2 2 2
left_child=1 2 5 15 14 -1 55 -4 25 56 11 13 21 -7 -5 16 17 20 -18 -19 -3 -13 -17 -16 -22 26 28 -27 29 -6 49 34 33 -33 36 -36 -30 -38 39 40 41 42 50 -41 -45 46 47 48 -34 -29 51 -32 -52 -54 -43 -2 -10 58 59 -9 -59 -42
right_child=6 3 7 4 8 10 -8 57 9 -11 -12 12 -14 -15 23 22 18 19 -20 -21 24 -23 -24 -25 -26 27 -28 30 31 -31 38 32 45 -35 35 -37 37 -39 -40 43 61 54 -44 44 -46 -47 -48 -49 -50 -51 52 -53 53 -55 -56 -57 -58 60 -60 -61 -62 -63
leaf_value=-0.032016064711627185 0.015301791320214593 0.00087899753090711944 -0.024349835659209521 0.048075996626437877 -0.0026846278681537279 0.043767311298330995 -0.041832181171698138 -0.0011129847171615893 0.013940526235218255 -0.020691514541712905 0.013464985896286072 -0.008908184875563779 -0.0073276512219741302 -0.004071627530582835 0.039422034670389683 0.06231294238187382 0.11504744336696902 0.017158590805182571 0.028289918579818964 0.068640451399646446 0.033205497259917761 -0.035458332674288301 -0.013335264213533732 0.0086432781447024938 0.010537945150179496 0.012659712594713525 -0.017079953983612839 -0.021543384926639129 0.0042327547177585072 -0.03949704617725739 -0.02209106382872739 0.092773356728609813 0.096577382629933234 -0.0094352209196500933 0.0028688918778341553 -0.048799695939760759 0.12319070228917472 0.033637072119267863 -0.013289940634955786 0.010473253521634696 0.015362450492541681 -0.017510599777118226 -0.046337685118570095 0.0686744611145884 -0.033023862178918888 -0.030282711522994717 0.14554427783559812 -0.056864128350318968 0.023180197570919752 0.0067984094867935751 -0.003486381808853928 0.061604116678477594 0.096020940858083034 0.01884116226016825 0.026424052118844688 -0.035535348846510349 -0.01808503178861184 0.029924466067002026 -0.012282660979157554 0.026941775277819741 -0.0061233488430075039 -0.018202870346231397
leaf_weight=434.24445834103972 143.00599319534376 1855.4059524163604 212.40634695440531 154.62281162291765 1543.1063758926466 129.78631356079131 1672.4032874023542 606.46711525507271 507.81518180295825 929.03798299096525 442.15970235224813 398.7699914695695 1972.2311965245754 3090.908805183135 213.53281853348017 35.656801651231945 32.129342154599726 241.86961395014077 379.38453343696892 125.23596719093621 451.23337476234883 846.02236616238952 461.66769930440933 2460.7588263228536 1815.2823035139591 3027.0382270915434 1430.2184083657339 776.50514831766486 415.36156208068132 264.65489964000881 58.279162090271711 54.04952572658658 125.43713190034032 396.70098699256778 985.61067290231586 240.44859348423779 40.24959684163332 178.17754683084786 794.48792889527977 4475.4861192023382 1021.9554671114311 1838.270856872201 79.634418284520507 25.506275542080402 201.75971150584519 28.70373229123652 28.725432815030217 31.884822009131312 88.929918516427279 378.46003380417824 582.43060971796513 171.83086941018701 44.687584858387709 186.83795411512256 102.96981636807323 142.20708235818893 271.69724804162979 615.53233787231147 507.98085499275476 446.25813967268914 180.00123898964375 186.16984183527529
leaf_count=32907 9511 11854 4548 1216 12085 842 242108 7640 3675 12239 5183 13148 62451 55247 1696 342 351 1454 2307 660 2519 37676 5819 11565 11827 32502 17627 11020 3344 3578 374 336 825 3891 8571 2796 279 1671 7137 41066 9814 18293 516 125 2159 240 223 417 580 2536 3874 946 277 1031 903 15115 4116 10067 15757 8101 3426 1545
internal_value=-0.000188911 0.00163973 -0.00461435 0.003718 0.00211931 -0.00859384 -0.0372011 0.0067171 0.00067251 -0.00998369 -0.00711548 -0.008529 -0.0149215 -0.00214383 0.0131218 0.0109274 0.0128392 0.0108019 0.0350636 0.0347213 0.0086716 -0.026953 -0.0079115 0.0111009 0.0150508 0.00159183 -0.00312263 0.00356929 0.00139157 -0.00807394 0.00105063 0.00793693 0.0224615 0.00282062 0.00204515 -0.00726409 0.0200538 0.0501391 0.00262367 0.00403226 -0.00135005 -0.0058989 0.0101349 0.00892278 -0.0216102 0.0516143 0.0601632 0.0502035 0.0661286 -0.0122563 0.0144422 0.0404069 0.00710187 0.0337379 -0.0151802 -0.0100456 0.00277809 0.00951767 0.00327329 0.0107796 0.0217681 0.0101901
internal_weight=41580.3 39622.7 9882.77 29739.9 24342 7314.12 1957.62 2568.65 21513.1 1708.55 6879.88 6437.72 3217.02 3220.7 2828.91 5397.87 4900.54 4489.03 411.514 367.106 4121.92 1244.79 497.325 2674.29 2266.52 19804.6 5852.26 13952.3 4422.04 1807.76 10925.3 2614.28 754.432 450.751 1859.85 1226.06 633.789 218.427 9770.31 8975.82 4273.07 3064.94 1123.7 4702.75 227.266 303.681 274.977 246.252 214.367 1154.97 1044.07 230.11 813.956 231.526 1941.24 285.213 779.512 2356.24 1560.71 1052.73 795.534 1208.13
internal_count=785948 519214 256993 262221 225088 207454 266734 49539 210611 20030 174547 169364 113275 56089 14477 37133 30972 28314 2658 2114 26200 50824 6161 13261 14346 190581 56463 134118 38836 15663 101616 23173 6512 4227 16661 11367 5294 1950 88060 80923 37573 26214 7018 43350 2284 2285 2045 1822 1405 13556 6502 1320 5182 1308 19196 24626 7791 44991 31498 15741 13493 11359
is_linear=0
shrinkage=0.05


Tree=56
num_leaves=63
num_cat=0
split_feature=36 17 53 41 48 39 35 13 28 48 53 49 49 29 29 48 43 49 49 41 48 37 35 48 31 47 42 52 49 42 5 45 49 49 49 54 49 48 55 48 29 49 49 49 48 48 48 47 49 1 48 5 29 48 54 53 45 25 38 29 54 49
split_gain=1069.97 219.951 144.34 117.477 157.678 115.575 125.072 106.423 96.205 94.3821 90.3159 87.9609 82.3073 79.8991 78.086 96.0378 82.9908 77.3907 111.064 76.9354 113.716 97.1756 76.0616 75.7196 74.3947 73.4981 73.24 68.9822 104.098 66.5033 83.1455 78.4047 78.213 81.9961 72.07 65.0539 75.0686 60.0988 65.1218 79.9221 59.8334 59.5431 117.363 83.6233 69.357 58.2823 58.0448 57.0537 68.9719 56.9752 62.9247 56.7932 56.4859 56.3573 56.0536 58.7462 54.9876 56.3339 54.0989 90.6223 85.7511 63.412
threshold=286.76470947265631 -29.145763397216793 545.16665649414074 0.062216864898800857 -0.025937020778656002 -2.7966600656509395 2.9858546257019047 -51.119155883789055 -1.4238147735595701 0.95832794904708873 19.250000000000004 247.43756103515628 270.83627319335943 -0.061377525329589837 3.3729181289672856 0.29535478353500372 -2.9801788330078121 255.32789611816409 255.95982360839847 5.2999279499053964 -0.57820284366607655 271.88453674316412 -1.0316952466964719 -0.26709595322608942 -0.14989630132913587 -2.4360113143920894 10.808547973632814 35.329317092895515 256.32855224609381 8.7295074462890643 236.061637878418 -11.547155380249022 289.56823730468756 275.89672851562506 275.56561279296881 -1.0000000180025095e-35 266.37236022949224 -0.7354452610015868 0.98296290636062633 -0.50290912389755238 7.652031898498536 276.94873046875006 275.56561279296881 284.91346740722662 -0.68788152933120716 0.9657111167907716 -0.11090746521949767 -4.4585323333740225 275.10462951660162 270.84428405761724 0.2540810108184815 260.28181457519537 13.110123634338381 -0.47145682573318476 -0.37940952181816096 42.100000381469734 1.2835063934326174 -2.5685839653015132 -24.352958679199215 7.652031898498536 -0.7865660786628722 280.31988525390631
decision_type=2 2 2 2 2 2 2 2 2 2 2 2 2 2 2 2 2 2 2 2 2 2 2 2 2 2 2 2 2 2 2 2 2 2 2 2 2 2 2 2 2 2 2 2 2 2 2 2 2 2 2 2 2 2 2 2 2 2 2 2 2 2
left_child=1 2 3 8 12 6 23 -6 22 14 -8 52 19 26 15 49 -16 -7 -19 20 -5 -22 35 37 -2 -18 -14 29 -29 30 -13 47 33 34 -32 -1 -37 -3 -39 -40 -4 42 -10 -43 -45 -33 -44 -31 -49 -9 -51 -41 -12 -28 -20 -56 57 -38 59 -35 -60 -61
right_child=24 5 40 4 7 17 10 9 41 -11 11 27 13 -15 16 -17 25 18 54 -21 21 -23 -24 -25 -26 -27 53 28 -30 31 32 45 -34 58 -36 36 56 38 39 51 -42 43 46 44 -46 -47 -48 48 -50 50 -52 -53 -54 -55 55 -57 -58 -59 60 61 -62 -63
leaf_value=-0.016196359650711339 -0.011799409273745206 -0.026940661829378328 0.0056118863759064275 0.15291626606055286 -0.026117054820082215 0.044770259926653955 -0.0046168468341410713 0.079501310376996731 0.0095068487926438586 -0.038119660053611726 0.039854256687195361 0.0050174640642597227 -0.025017317949658682 -0.037330122824867883 -0.024883795707258145 -0.036179427444197547 -0.013916177267441619 -0.033423550167073317 -0.00087517133391529483 -0.032651536110101714 0.054678853487574876 -0.0091210469599751817 -0.017803046308408423 0.0013315566370847745 -0.044946759997310855 0.011348143079623266 0.029430694189083853 -0.048935566021320868 -0.0029970509006639811 -0.031937470253177308 -0.00084734559924575653 0.014030877066444384 0.046731611128620343 -0.022267591982841589 0.065272510410448931 0.066894330891664841 -0.014309970779973646 0.014830313643915904 0.017533652420065333 0.044853693959790414 0.033886411077821386 -0.021154843857514101 0.045278061526274609 0.091396476914347144 0.013293117794951499 -0.036074829522001237 0.11852878719875969 -0.011264927009826694 0.05164681968682662 -0.0068716986166229427 0.10300971051650286 0.12050654547801376 -0.003243450726943679 -0.015820880162878245 0.0052025301229761201 0.028206277053050368 0.041473162819243653 0.012593959415571883 0.0095259422897366712 0.068024162251169654 -0.029078490830364456 0.0050284631130829106
leaf_weight=324.73771553207189 193.14918478531763 78.317016967572272 1073.5370159880258 12.872770178131757 503.12655185442418 198.76501509547234 5040.1297908127308 22.005858249031007 168.83640616340563 166.7253020266071 258.56336695700884 8264.9348970977589 700.85871449299157 858.29756757197902 216.40655349427834 291.29178806580603 339.02257778961211 125.7544873803854 403.85784051567316 176.85957834869623 72.305603951215744 341.90998761728406 649.45783843193203 1308.9422755031846 1369.2673937692307 1908.0362461414188 129.44827396329492 130.50020541623235 2240.781168426387 176.77547352481633 3252.7376810545102 2754.2045120215043 76.70139642432332 194.25027313595638 41.741512964479625 54.098386853002012 320.85013017430902 2184.6835316023789 139.93808422842994 61.058853190392256 226.60338037647307 164.55796841857955 65.304322930984199 34.709624718874693 156.97090014209971 59.285908359102905 46.161346454173326 155.43864191137254 60.531909124925733 384.37088370323181 13.486196493264286 41.784201631322503 107.69390628486872 146.87200922891498 415.95394679903984 834.03055183589458 98.963416391052306 494.36754745151848 179.11768722161651 61.909873647615314 730.54748120903969 112.60844998341054
leaf_count=5061 19258 801 18962 451 39838 1455 50882 366 2499 4902 1545 54470 30936 43472 6144 13462 8719 618 1942 5779 578 10500 10815 9117 217171 44648 2284 1133 19908 2736 41957 28462 869 4959 506 298 4855 14576 909 303 2694 2625 570 392 2554 776 252 1497 565 13740 516 232 558 2677 2270 4636 940 5725 2463 968 9747 1458
internal_value=-0.000260086 0.00133112 -0.00501777 -0.0073 -0.0109878 0.00350427 0.00267079 -0.00467874 0.00168559 -0.00145064 0.00132878 0.00291783 -0.0209308 -0.0261991 0.000475145 -0.0141198 0.00468842 0.0151798 0.0118748 -0.00491975 0.00656414 0.00201588 -0.00384252 0.0110782 -0.040849 0.00753642 -0.0164223 0.00243725 -0.00552521 0.00360849 0.00200835 0.0100537 -0.00334051 -0.00418036 -9.59776e-06 0.00316958 0.00966445 0.0161695 0.0175604 0.0421269 0.0105399 0.0185553 0.035795 0.0049904 0.0274361 0.012975 0.0756134 -0.0108734 0.00636789 0.00118473 -0.00314704 0.0755908 0.0271819 0.00537821 0.0153192 0.0205514 0.00627777 0.00200522 -0.0149283 0.00122605 -0.0214771 0.027376
internal_weight=41417 39854.6 10163.1 8862.91 6283.9 29691.5 27713.2 3844.47 2579.02 3341.35 23898.5 18858.3 2439.42 1835.48 3174.62 711.155 2463.47 1978.36 1779.6 603.948 427.088 414.216 1942.48 3814.72 1562.42 2247.06 977.179 18492.1 2371.28 16120.8 12914.5 3206.24 4649.61 4572.91 3294.48 1293.02 968.279 2505.78 2427.46 242.781 1300.14 636.541 280.302 356.238 191.681 2813.49 111.466 392.746 215.971 419.863 397.857 102.843 366.257 276.32 1653.84 1249.98 914.181 815.218 1278.43 368.769 909.665 174.518
internal_count=786001 549572 287254 265598 229012 262318 251397 132335 36586 92497 225459 174577 96677 79369 87595 28084 59511 10921 9466 17308 11529 11078 27694 25938 236429 53367 35897 172474 21041 151433 117397 34036 62927 62058 42463 16879 11818 16821 16020 1444 21656 8892 3321 5571 2946 29238 822 4798 2062 14622 14256 535 2103 4961 8848 6906 11520 10580 19595 7385 12210 2426
is_linear=0
shrinkage=0.05


Tree=57
num_leaves=63
num_cat=0
split_feature=1 39 5 34 50 25 5 48 42 49 22 49 49 47 29 49 46 45 47 48 47 48 35 49 45 49 55 48 35 5 35 39 5 16 3 49 49 49 54 52 49 29 41 29 35 5 26 41 54 49 49 54 13 38 49 49 10 48 48 51 39 17
split_gain=951.385 220.593 135.461 99.2467 99.1714 95.6747 106.512 103.884 112.394 101.213 102.23 90.1766 80.2293 76.0181 83.6793 124.842 91.4233 75.2455 109.971 75.8354 74.0436 71.4986 67.0598 67.0089 67.408 65.4982 65.3233 75.274 90.6236 110.555 186.984 93.5223 87.14 92.2236 106.991 84.9231 101.305 103.677 235.061 105.254 95.595 88.6605 84.0751 90.076 77.7887 70.5766 67.4884 66.8088 66.5779 65.6 127.646 85.4434 93.8896 85.6191 73.3359 64.869 100.888 65.2793 113.357 64.2094 84.1597 64.1259
threshold=290.70118713378912 -47.984022140502923 218.3474044799805 5.2346725463867196 222.99001312255862 24.03156661987305 230.21923828125003 0.95832794904708873 9.4939575195312518 284.25558471679693 -33.276494979858391 270.65731811523443 286.04714965820318 1.7053138613700869 3.6545486450195317 276.94873046875006 1.5434522628784182 5.1664371490478525 2.5512099266052251 0.81332153081893932 -2.9631891250610347 -0.74852561950683583 -1.3467702865600584 285.83421325683599 -5.7686328887939444 287.60899353027349 0.98296290636062633 1.0000000180025095e-35 5.1550817489624032 262.52239990234381 -0.76137718558311451 -30.774875640869137 249.41485595703128 -8.7254409790039045 237.029167175293 267.04945373535162 261.33148193359381 259.93206787109381 1.0000000180025095e-35 39.519203186035163 256.94619750976568 19.254547119140629 11.766399860382082 8.4606561660766619 15.077417850494387 232.56377410888675 -2.2751493453979488 11.906797409057619 -0.91597560048103321 275.89672851562506 275.10462951660162 -0.98296290636062611 -40.010955810546868 -10.352943420410154 289.89614868164068 268.95562744140631 250.13603210449222 0.87896132469177257 0.8446832299232484 50.025959014892585 -32.965145111083977 -5.6594009399414054
decision_type=2 2 2 2 2 2 2 2 2 2 2 2 2 2 2 2 2 2 2 2 2 2 2 2 2 2 2 2 2 2 2 2 2 2 2 2 2 2 2 2 2 2 2 2 2 2 2 2 2 2 2 2 2 2 2 2 2 2 2 2 2 2
left_child=1 13 3 -3 5 6 -4 8 21 10 20 -12 23 14 15 22 -16 18 25 -20 -10 -8 -1 -11 -25 -7 27 28 29 31 46 -23 33 34 47 36 37 40 -39 -40 44 42 49 -44 -29 61 -31 -30 -45 50 51 52 -37 -53 -51 -50 -57 58 -58 -38 -61 -42
right_child=-2 2 4 -5 -6 17 7 -9 9 12 11 -13 -14 -15 16 -17 -18 -19 19 -21 -22 26 -24 24 -26 -27 -28 35 32 30 -32 -33 -34 -35 -36 41 59 38 39 -41 45 -43 43 48 -46 -47 -48 -49 55 54 -52 53 -54 -55 -56 56 57 -59 -60 60 -62 -63
leaf_value=0.048595895906253052 -0.039349356965440341 0.038432768218253803 0.00745548621105063 0.0080619677917226108 0.015814285276398225 -0.0074494052330238468 -0.026066831076288002 -0.027708161048176055 -0.016457185094529064 0.031828031833944691 0.0035666007068853346 0.025184032995159325 0.0083800650941540794 -0.033768281000294463 0.027736468737713571 -0.027577760352808872 -0.010772604892286522 -0.02565479906756702 -0.0058291658488735382 0.03578496435183616 0.0022778957300866542 0.018964071949813581 -0.0040923016138087517 0.15120983033543656 0.028744732773112819 -0.049491094050069212 0.012453568931917831 0.054979672923976701 0.0526572168434776 -0.0046667048886999902 -0.018868977884497186 -0.00060718945743600558 -0.03258901182677925 -0.033316222849978809 -0.0086235810943956943 0.1772072574508643 -0.030290292026308358 -0.05173404031153947 0.046011735750894817 0.15578613698563781 0.045894960948457603 0.03654831868693665 -0.01786271557322015 -0.019729426540905155 -0.00032973727018220466 -0.033838142761258599 0.016087713655768276 -0.011793033405806976 0.021024013126551198 0.0003049224344619554 0.074447196611471742 0.00076863866830819067 0.033200554502148996 0.050290410890402294 0.041285969523304461 -0.024327724084523123 0.0073724447634944141 -0.017100587623421305 0.06994429026615287 -0.045582576787455288 0.0485424935873362 -0.027806555121763665
leaf_weight=68.732412334531546 1515.5483807735145 286.44964315369725 5526.5927557460964 4414.4370954744518 1068.3497699745931 1984.3963102269918 299.51213840721175 340.03856196859851 739.59319148212671 326.20071731042117 1253.1938347406685 784.36373323015869 450.9710992872715 386.23901023576036 268.25769546907395 913.32168002054095 362.25110416579992 508.80016988143325 191.79651373624802 255.08137855306268 1837.8866421012208 818.654027688317 497.64681727206334 25.203858668915927 20.275731552392244 97.179036054760218 807.62504236353561 83.741291880607605 126.87406162172556 914.61058549117297 1939.9780600406229 2399.570725698024 492.31203522766009 308.35520897805691 1167.6652762833983 15.839086483698336 550.01115148561075 60.515557277947664 132.84826031466946 26.131463981699198 62.621696084737778 210.53112298063934 667.41992773022503 292.55630580615252 263.92724740505219 329.7143339253962 685.09748760331422 58.864593103528023 525.51741386251524 1097.56237156922 104.38281769491732 496.90228920755908 39.658360367640853 105.8781237192452 121.22414887137711 321.34639910981059 1132.9400715478696 241.51285045826808 77.322125051636249 38.116795348934829 63.000020943582058 55.822569005191326
leaf_count=1229 221593 1660 32841 23098 9528 19991 6450 6619 16045 3239 10519 5705 6558 15999 13116 61030 16449 7348 1814 2170 27035 6781 26092 227 285 901 11082 590 911 14694 51459 13959 12926 2243 15708 311 11032 983 1352 199 455 1998 12125 3689 2422 4554 6952 751 3925 25882 982 9207 414 557 3871 2428 15560 4786 898 955 538 316
internal_value=-0.000468413 0.00101425 0.00197863 0.00991262 0.000832659 0.000324185 0.00122501 -0.00027772 0.000135475 0.00639856 0.00351849 0.0118883 0.0225556 -0.0133743 -0.00964153 -0.0161409 0.00561155 -0.008111 -0.00458067 0.0179245 -0.00309803 -0.00185194 0.00230162 0.0397552 0.0966124 -0.00941214 -0.00142118 -0.00212026 -0.00518223 -0.00233563 -0.00843351 0.00437136 -0.0141128 -0.00863906 -0.0030167 0.00171396 -0.00816381 0.00170851 0.0321318 0.0640553 -0.00668247 0.00473396 0.00345575 -0.00148292 0.0129924 -0.0219457 0.00422167 0.0322315 0.00273606 0.0115777 0.0230785 0.014933 0.0743004 0.00946712 0.00438102 0.00559532 0.00102257 0.00663379 0.0113701 -0.023558 0.0130613 0.0111596
internal_weight=41259 39743.4 37247 4700.89 32546.1 31477.7 28440.5 22913.9 22573.9 5437.69 4615.04 2037.56 822.651 2496.45 2110.21 1479.7 630.509 3037.25 2528.45 446.878 2577.48 17136.2 566.379 371.68 45.4796 2081.58 16836.7 16029 8911.98 6757.91 3539.69 3218.22 2154.07 1661.76 1353.4 7117.04 1666.45 1015.32 219.495 158.98 795.827 5450.59 5240.06 3258.62 347.669 448.159 1599.71 185.739 2591.2 1981.45 762.661 658.278 55.4974 602.78 1218.79 2298.64 1773.12 1451.78 1210.26 651.128 101.117 118.444
internal_count=785036 563443 429528 24758 404770 395242 363018 330177 323558 69613 59304 16224 10309 133915 117916 88351 29565 32224 24876 3984 43080 253945 27321 3751 512 20892 247495 236413 126384 93845 73105 20740 32539 19613 17370 110029 23396 10871 2534 1551 8337 86633 84635 43411 3012 5325 21646 1662 31286 41224 11471 10489 725 9764 29753 27597 23672 21244 16458 12525 1493 771
is_linear=0
shrinkage=0.05


Tree=58
num_leaves=63
num_cat=0
split_feature=36 38 53 50 36 41 48 48 5 41 41 41 36 49 49 40 49 47 16 49 40 48 41 54 17 54 48 49 48 49 48 49 49 49 48 55 10 4 54 48 48 35 36 41 48 48 20 34 5 55 49 47 47 49 54 52 49 48 52 3 35 5
split_gain=950.917 190.895 145.39 117.173 99.3456 93.2272 89.777 106.816 86.5034 76.9249 74.1905 72.0295 69.0425 83.12 323.311 189.038 105.149 97.0412 118.024 83.5603 133.799 131.077 193.19 146.168 123.435 114.868 89.902 96.7846 106.763 100.158 102.677 108.275 145.123 100.318 122.47 87.7392 88.4922 109.262 83.7089 111.961 78.0633 75.8558 73.4628 76.6723 70.1284 74.3619 68.4028 68.284 93.0784 72.981 109.157 86.8221 67.7115 65.3139 128.264 144.266 98.7294 82.3842 79.5733 65.247 77.9187 65.17
threshold=286.76470947265631 -40.352943420410149 19.250000000000004 61.314470291137702 220.29412078857425 23.847252845764164 0.83399277925491344 0.9032464623451234 224.38174438476565 -0.32824517786502833 -0.73347115516662587 7.6736869812011728 226.76470184326175 284.25558471679693 286.04714965820318 5.9608001708984384 288.57763671875006 1.1912486553192141 -37.713048934936516 273.35858154296881 2.1764755249023442 0.034703314304351814 4.1989862918853769 -1.0000000180025095e-35 -26.623605728149411 -0.91597560048103321 -0.55223670601844776 269.73658752441412 -0.48176059126853937 260.66418457031256 -0.42335101962089533 267.78880310058599 265.21868896484381 263.73217773437506 -0.49531143903732294 -0.91597560048103321 274.58529663085943 263.38981628417974 -1.0000000180025095e-35 -0.18589657545089719 0.68585610389709484 -0.42913483083248133 266.76470947265631 -0.32824517786502833 -0.07752364873886107 -0.58530998229980458 -26.334311485290524 -3.1432356834411617 272.31756591796881 0.98296290636062633 285.83421325683599 -0.73301148414611805 3.7038197517395024 278.19204711914068 -0.37940952181816096 4.7667446136474618 269.10101318359381 0.76453781127929699 45.53399848937989 284.16279602050787 13.613859653472902 272.31756591796881
decision_type=2 2 2 2 2 2 2 2 2 2 2 2 2 2 2 2 2 2 2 2 2 2 2 2 2 2 2 2 2 2 2 2 2 2 2 2 2 2 2 2 2 2 2 2 2 2 2 2 2 2 2 2 2 2 2 2 2 2 2 2 2 2
left_child=1 3 -3 10 11 8 46 61 -6 -2 -1 -4 -10 19 17 16 -16 47 -19 20 25 22 23 -21 -25 -14 -27 29 -29 38 31 32 33 34 -31 -23 37 52 -28 -40 -17 -18 -30 -44 45 -26 -7 -15 49 50 -49 -52 -37 54 55 -5 -57 58 -58 60 -42 -8
right_child=9 2 4 53 5 6 7 -9 12 -11 -12 -13 13 14 15 40 41 18 -20 21 -22 35 -24 24 44 26 27 28 42 30 -32 -33 -34 -35 -36 36 -38 -39 39 -41 59 -43 43 -45 -46 -47 -48 48 -50 -51 51 -53 -54 -55 -56 56 57 -59 -60 -61 -62 -63
leaf_value=-0.0012563031481720814 -0.0092754025390892041 -0.0040715670144511476 0.025798134202590729 0.21854944206231824 0.014702323834267634 -0.032047996524674376 0.037023485254814296 -0.0039411522054017588 0.014250543720190939 -0.044224953286423618 -0.02571419941587267 0.0079852615853626269 0.052959791591622542 0.093100609476464133 -0.0180160935537482 -0.0088018485803486712 0.026701131564038017 0.16447966060064714 0.04683075513952794 -0.022366252438534705 -0.0021087894588275933 -0.020610686736166246 -0.0286477016471028 -0.0041844647288541408 -0.026324514500273469 0.031472280290720092 -0.0075156424813431662 -0.0089973312134403113 0.035522365243750693 -0.022962861617122729 -0.014614641860081969 -0.022874152613826398 0.050563550587227238 -0.028092367326352369 0.058165404367977895 0.01845754387660958 -0.0030001931769605122 0.053651591581462738 0.041805329848418907 -0.002509106672149636 0.10758377549970484 -0.0047922674771617435 0.040187465378662329 -0.025208598932091621 -0.026321458398754456 0.040201129890529798 -0.0079400717893354632 0.029045916978730959 0.0024470006059583971 -0.050353766405254144 0.14018139081212194 0.023716784812782801 -0.0230380250397271 -0.010092763695666486 -0.0037010870457986076 -0.038905974847368324 0.02067264759025016 -0.038746494846796223 0.11026508655698614 -0.011765574338562821 0.031770424050168632 -0.033025496988899374
leaf_weight=410.67325271107256 179.62494161259383 7414.0375135783106 670.24118003249168 11.85243149846792 1647.0438914475963 381.80230663530529 286.32792566344142 1051.0224551297724 1235.7362068556249 1274.9492639927194 1265.6209610067308 3703.0744919329882 146.53390265163034 33.570781256072223 1208.4108993783593 162.70874545769766 269.65533173689619 23.734880646225065 209.30216333456337 634.89114912832156 5730.345098878257 273.81148289470002 1051.8696993878111 949.05437430366874 46.978122279979289 371.45428332779557 285.44359106104821 267.6049998505041 633.61930498667061 79.393354478292167 1189.5376864592545 203.46935133170336 229.09324393048882 171.12837579660118 112.34315328206867 565.51248335652053 718.2215788597241 195.19895820692182 382.51028900779784 227.1890847152099 36.809936057776213 657.17362902406603 72.963194059208035 116.2014767290093 55.779842557385564 396.8932347074151 1282.8917029798031 466.83028720272705 409.38890685793012 24.620676858350635 42.846387796103954 25.541581768542528 118.99712478928268 551.23997801914811 315.70829401118681 33.196764934808016 40.4772390415892 18.578373149037361 63.922305328305811 77.543900624383241 427.4646029388532 37.558986408635974
leaf_count=8353 16903 88820 3642 110 9331 5176 2687 12021 6960 219386 84540 19416 1670 261 23620 2624 2844 486 1617 8571 72607 4954 18529 15181 440 2586 1986 2391 4902 523 12730 2043 1871 1527 679 5985 16652 1879 1750 1256 620 16119 690 2457 420 2593 12171 4539 8063 439 403 290 1587 24233 9374 1307 1780 465 645 3381 4430 354
internal_value=-0.000202335 0.00125166 0.0021898 -0.0115548 0.00375825 0.00255205 -0.00565996 0.00379531 0.00367723 -0.039909 -0.0197223 0.0107152 0.00279304 0.00205951 0.00840146 -0.000888698 -0.00829888 0.0297489 0.0588133 0.000361934 0.00295476 -0.00492957 -0.01118 -0.00236166 0.0064053 0.00941928 0.00794986 0.00574925 0.0184364 0.000945982 -0.00531551 0.00859106 0.0194064 -0.000264602 0.0245722 0.00554083 0.010022 0.0206537 0.0148307 0.0252927 0.0215696 0.00437055 0.027359 1.5486e-05 0.0265198 0.0331602 -0.0134693 0.0229947 0.0205664 0.0338165 0.0376884 0.0966841 0.0112438 0.00167358 0.0150819 0.0503735 0.0376103 0.0582651 0.0755288 0.0306902 0.0377813 0.0289004
internal_weight=41177.2 39722.6 37011.4 2711.27 29597.3 25224 3039.6 1374.91 22184.4 1454.57 1676.29 4373.32 20537.4 19301.6 4075.6 2839.77 2135.24 1235.84 233.037 15226 10218.8 5007.21 3135.47 2083.6 1448.71 4488.49 4341.95 3970.5 1090.39 2880.11 1984.97 795.427 591.958 362.865 191.737 1871.74 1597.93 879.709 895.143 609.699 704.527 926.829 822.784 189.165 499.651 443.871 1664.69 1002.8 969.228 559.839 535.218 68.388 684.51 1034.98 483.735 168.027 156.175 122.978 104.4 541.818 464.275 323.887
internal_count=785869 549580 418773 130807 329953 306895 32409 15062 274486 236289 92893 23058 265155 258195 69736 53638 42583 16098 2103 188459 111668 76791 45734 27205 18634 39061 37391 34805 10440 24365 19373 6643 4600 2729 1202 31057 26103 9451 4992 3006 11055 18963 8049 3147 3453 3033 17347 13995 13734 5671 5232 693 7572 37914 13681 4307 4197 2890 2425 8431 5050 3041
is_linear=0
shrinkage=0.05


Tree=59
num_leaves=63
num_cat=0
split_feature=36 12 53 36 51 49 36 51 49 48 35 49 49 51 48 52 4 42 29 36 22 35 22 48 29 5 14 49 32 36 51 24 44 48 49 23 10 0 52 11 50 49 11 2 48 41 29 41 48 23 35 41 53 49 49 49 48 49 39 32 49 48
split_gain=900.264 173.312 116.571 140.925 120.42 114.55 103.527 82.4749 80.2338 91.3361 105.074 84.3944 149.382 118.218 155.111 91.2923 99.0733 92.1797 85.8698 78.0647 81.5677 76.5497 102.935 87.09 83.2154 92.6141 82.7548 78.9464 76.1812 71.3495 67.2863 65.8488 65.6747 63.3828 63.0583 101.746 79.1097 74.2199 63.0222 63.8022 62.6294 62.6056 62.1023 62.0212 60.4426 57.878 63.537 63.2287 57.5037 82.6486 56.7352 56.7293 55.6999 75.402 66.8777 55.2557 54.8011 54.3499 54.1018 53.9366 53.9176 53.6997
threshold=286.76470947265631 -50.316331863403313 545.16665649414074 279.11766052246099 56.739677429199226 247.43756103515628 207.94117736816409 8.1276984214782733 256.32855224609381 -0.047472476959228509 13.444588184356691 261.09867858886724 265.70214843750006 39.430601119995124 -0.091793358325958238 41.086523056030281 253.336784362793 4.1132049560546884 8.0376853942871112 227.94117736816409 -41.977895736694329 5.8891959190368661 -17.462843894958493 -0.038633346557617181 16.001280784606937 232.0131759643555 -8.2784805297851545 259.93206787109381 -0.23043952882289884 224.41176605224612 37.148876190185554 0.34212017059326177 1.4651660919189455 0.14038562774658206 285.28050231933599 -46.588294982910149 290.53582763671881 291.33755493164068 14.536789417266847 291.83064270019537 126.96470260620119 259.93206787109381 288.51582336425787 286.82205200195318 -0.48803782463073725 -1.0944099426269529 3.4783353805541997 6.412973403930665 -0.45884189009666437 -30.85687160491943 0.58176955580711376 11.906797409057619 13.111111164093019 254.46063232421878 286.64465332031256 267.04945373535162 0.96387076377868663 266.37236022949224 -43.561368942260735 34.458843231201179 286.52598571777349 0.68933624029159557
decision_type=2 2 2 2 2 2 2 2 2 2 2 2 2 2 2 2 2 2 2 2 2 2 2 2 2 2 2 2 2 2 2 2 2 2 2 2 2 2 2 2 2 2 2 2 2 2 2 2 2 2 2 2 2 2 2 2 2 2 2 2 2 2
left_child=1 31 3 5 45 30 -7 52 9 -9 33 21 13 14 19 17 -17 32 50 -13 -21 48 41 26 25 -25 -24 -27 34 55 -3 44 -14 -11 35 -2 -37 -38 39 43 -33 -23 56 57 -1 -5 -47 -48 -10 -50 60 -43 53 -8 -55 -19 -31 -4 -34 -16 -18 -15
right_child=28 2 38 4 -6 6 7 8 11 10 -12 12 15 61 59 16 18 29 -20 20 -22 22 23 24 -26 27 -28 -29 -30 42 -32 40 58 -35 -36 36 37 -39 -40 -41 -42 51 -44 -45 -46 46 47 -49 49 -51 -52 -53 -54 54 -56 -57 -58 -59 -60 -61 -62 -63
leaf_value=0.040910593955246259 -0.023847230892155565 0.034263177837898465 0.034498064730999499 -0.0025443586957640003 0.016117780790343463 0.023120223715862226 0.05879364072008763 -0.050596766338641255 0.045770204934802966 0.0055468341810016161 -0.0093685980539593185 0.021889520274860279 -0.001823976337742812 0.0023757577577260807 -0.033761345532966246 -0.020727758878734889 0.025919046538231929 -0.020801798450154951 0.03094147984840917 0.039250163142857925 -0.014854001686488089 -0.018719944621540412 0.01599586185582293 0.044782389501920455 0.0079941766102713859 -0.016748467919666107 -0.039131675446444351 0.055263650581207857 -0.044177858326336174 0.0069447968616859791 -0.010895185422893486 -0.020651134035234404 -0.010203117563698134 0.085742092857105656 -0.038209419026118886 0.0030086710878601216 0.21824197939670295 0.0070408928562439646 0.0053670064349892448 -0.054822582619064392 0.010191435507014368 0.047637986139254747 0.040499670484624495 0.08800718748129667 -0.011281922365868238 -0.029160675353249694 0.034096623986847631 -0.014267295477941999 0.066287055252614413 0.010959836581687974 -0.017321064934398552 -0.011271842648735715 -0.00036062599642896885 -0.013030485632173617 0.022598424198952926 0.026816681895393581 -0.034078979615602766 0.011974216005511785 0.012762098685704487 0.014032871701652806 -0.023498395486747509 0.039453683012790598
leaf_weight=98.841236784122884 50.344882270786911 410.8911356665194 381.96833976451308 641.89971473114565 361.49981251126155 539.09567879885435 39.340268280357122 121.61179396230727 192.59485993720591 50.962713561952114 1195.1146153705195 251.14809088967741 5450.3335780724883 530.74214238859713 855.0839703604579 769.42543284688145 199.67798987962306 66.31361336261034 219.21595083549619 76.690441666170955 760.13204754702747 568.42518019862473 118.21085321158171 376.4499974809587 1562.4946857690811 143.50942028686404 160.51514688134193 51.795763298869133 1222.1600102554075 5582.4330065045506 103.20714881643653 1469.1150957127102 306.43524515535682 47.699162729084492 89.803113864734769 15.632764775305985 13.629728729370983 5.9869601442478588 2464.1818361640908 28.765029196161777 185.36250252323225 76.91550269536674 136.30535388831049 33.120351400226355 126.41923322482035 874.48719199979678 77.328039927408099 536.02328230720013 73.68088123947382 804.51555973291397 392.9165659956634 87.196360709145665 4067.3638318479061 2294.4506586482748 139.7303028749302 749.13457268103957 82.61095673404634 896.26539370510727 1572.3519967980683 63.407216612249613 76.282952578738332 119.67020879872143
leaf_count=2432 4793 2536 2239 11319 7538 3665 282 1395 947 497 8950 1292 57201 4543 12063 6213 1562 480 2136 1147 6987 8619 711 1846 9434 884 861 290 218445 68736 551 94028 6751 281 11266 1013 371 352 24666 592 7267 727 4449 580 4288 44738 2638 18338 440 3814 6616 1446 43568 25570 1879 3973 1379 6820 14398 731 716 1447
internal_value=-0.000314266 0.00107553 0.00181277 0.000883446 -0.0105643 0.00178922 0.00140067 0.00101592 0.00237784 -0.00916865 -0.00527451 0.00310494 0.00163272 -0.00932676 -0.0153317 0.00349884 -0.00759472 0.00481735 0.00378346 -0.00255832 -0.00989564 0.00948096 0.00555015 0.0105338 0.0139665 0.0302878 -0.0157515 0.00234945 -0.0397555 0.0090956 0.0251975 -0.0137425 0.000954908 0.0443181 -0.00894052 0.0217676 0.0869167 0.153784 0.0101129 0.0188394 -0.0171956 -0.0108659 0.00714901 0.0204552 0.0116194 -0.0150933 -0.0205073 -0.00816983 0.021028 0.0156018 -0.00511723 0.0163379 -0.00395879 -0.00987546 -0.0109853 0.0229443 0.00634656 0.0187049 0.00901641 -0.0304619 0.0122587 0.00919777
internal_weight=41058.9 39661.4 37781.6 33977.3 2491.24 31486.1 30972 30432.9 23892 1415.39 1293.78 22476.6 18260.3 2656.87 2006.46 15603.4 1657.52 13945.9 888.093 1087.97 836.822 4216.3 3145.51 2412.98 2134.25 571.755 278.726 195.305 1397.56 6616.8 514.098 1879.74 7329.12 98.6619 175.397 85.5943 35.2495 19.6167 3804.3 1340.12 1654.48 732.537 5801.35 1311.35 225.26 2129.74 1487.84 613.351 1070.79 878.196 668.878 164.112 6540.89 2473.52 2434.18 815.448 5665.04 1278.23 1878.79 918.491 275.961 650.412
internal_count=785736 549496 441481 406584 84571 322013 318926 315261 243962 11123 9728 232839 202820 28210 22220 174610 17243 157367 11030 9426 8134 30019 24818 14026 12454 3020 1572 1174 236240 79017 3087 108015 78350 778 17795 6529 1736 723 34897 10231 101295 10792 74564 9639 6720 77033 65714 20976 5201 4254 8894 2173 71299 27731 27449 4453 70115 9059 21149 12794 2278 5990
is_linear=0
shrinkage=0.05


Tree=60
num_leaves=63
num_cat=0
split_feature=36 18 39 40 48 17 50 29 41 5 48 49 34 36 29 40 48 33 40 54 42 24 49 24 36 29 53 51 49 49 48 51 45 19 42 11 24 48 48 49 54 43 52 49 54 49 5 49 22 2 49 49 54 48 48 49 48 40 49 22 24 8
split_gain=818.061 164.886 120.257 103.46 103.024 96.4427 110.926 126.873 103.468 94.0758 91.8781 126.363 112.57 164.144 91.6696 126.534 111.293 90.0295 87.8448 94.9804 91.3314 86.2115 84.2887 83.8685 81.0863 129.517 73.1007 66.6274 65.439 117.172 86.7385 73.1837 70.8063 69.6283 64.9594 80.0985 63.6502 101.502 81.0127 91.6518 64.1147 63.4712 62.0734 61.7586 103.736 69.3635 116.5 98.7943 77.6424 87.2755 61.7135 97.2983 60.3603 59.9549 64.1452 59.8012 63.3249 59.6252 62.411 109.508 86.8618 79.0457
threshold=286.76470947265631 -52.127094268798821 -4.3369648456573477 21.882347106933597 0.9702095389366151 -20.705263137817379 126.96470260620119 18.772079467773441 0.16170756518840793 247.76972961425784 0.16143232583999637 265.41934204101568 5.9994366168975839 269.11766052246099 3.0403270721435551 1.3137207031250002 0.30385869741439825 2.0879266262054448 -2.2941284179687496 -1.0000000180025095e-35 7.4490127563476571 -0.23053073883056638 255.32789611816409 21.684013366699222 209.11765289306643 28.935934066772464 19.250000000000004 50.025959014892585 261.09867858886724 268.59339904785162 0.32932555675506597 30.910787582397464 -0.77013778686523426 -1.6548686623573301 15.692214965820314 242.24576568603518 11.835068702697756 0.31050783395767217 0.1227008104324341 274.21087646484381 0.91597560048103344 -4.2396392822265616 23.263384819030765 266.77218627929693 0.12940952181816109 268.43287658691412 226.45742797851565 271.58435058593756 -27.581456184387203 246.20001220703128 286.31919860839849 284.34808349609381 0.98296290636062633 0.2540810108184815 0.31050783395767217 287.73089599609381 0.8111555576324464 -2.4313888549804683 271.58435058593756 -31.379947662353512 2.9644708633422856 271.57748413085943
decision_type=2 2 2 2 2 2 2 2 2 2 2 2 2 2 2 2 2 2 2 2 2 2 2 2 2 2 2 2 2 2 2 2 2 2 2 2 2 2 2 2 2 2 2 2 2 2 2 2 2 2 2 2 2 2 2 2 2 2 2 2 2 2
left_child=1 -1 3 4 5 6 7 8 18 -9 12 -12 13 57 16 53 -13 -7 19 27 -20 -2 -4 41 -24 28 -19 -3 31 -30 32 33 -31 -26 35 -28 38 52 39 -37 43 -17 -8 -39 45 46 -45 -47 -49 -50 51 -21 -38 -16 -55 56 -46 -10 59 61 -60 -59
right_child=21 2 22 -5 -6 17 42 9 10 -11 11 14 -14 -15 15 23 -18 26 20 50 -22 -23 24 -25 25 -27 34 -29 29 30 -32 -33 -34 -35 -36 36 37 40 -40 -41 -42 -43 -44 44 55 47 -48 48 49 -51 -52 -53 -54 54 -56 -57 -58 58 60 -61 -62 -63
leaf_value=-0.017919339619450407 -0.0061957901741568665 -0.024159963587734215 0.033740411546653561 -0.014177574531272129 -0.031792678956486756 0.014912031807735551 0.021464457709748919 0.10674126018807127 -0.021423566634057895 0.01600574156137563 -0.034481336740721992 0.020478379688640112 -0.027631417828435902 -0.02289037413758202 0.0032069161142973496 -0.025591214605493153 -0.038964649910046167 -0.0034270428747204922 0.014146042362509282 0.0023257693546060916 0.085080225077734981 -0.043580958567805549 0.025106907911867479 -0.019956626947044996 0.00070334084345452887 -0.018666623810419534 0.0080750755660882207 0.01888612580502402 -0.021951269940485848 0.023826588862309594 0.042307250532576973 0.041863611595307521 -0.024445042962586185 0.040142321756051667 0.017929157080817971 0.0069083244015608267 -0.02121247035324797 -0.010979910110061726 0.021163275795554617 -0.010100953701252798 0.048793399909206725 0.0069782502407936351 0.0014801697496013865 0.087212174120376323 -0.0058476888764989014 -0.019053436997123311 0.016439292809869634 -0.003970692433754675 0.014942656645986006 0.065031222178074374 -0.010140783861154927 0.031919650872116213 0.018547087418644019 0.12828749998987346 0.04197973676238323 0.041114178846345203 -0.041720523745854873 0.044827630342777355 0.0068096371718111663 -0.015034625353711424 -0.022747091554108839 0.0095272383998371273
leaf_weight=1118.9876069789752 177.66977055557072 566.1328944247216 359.10969860851765 1128.2634831126779 234.83758438378572 1621.0707662785426 720.54680893709883 30.524632535874844 288.29437502846122 445.40916555840522 273.14019713876769 110.0200090049766 954.56478919135407 1234.9141964521259 44.961059276945889 159.74512432981282 276.96986904693767 3937.0255373828113 581.69522001035511 1142.6159728206694 49.217888366430998 1167.7663031127304 553.6559959128499 392.08892433065921 459.357915379107 500.37469530850649 5604.31897248514 106.86077130632475 347.31005538254976 149.69129077345133 191.27687070518732 263.52958704531193 154.24728181958199 147.95779386907816 818.26550270058215 2623.2674551317468 970.16353651322424 952.91082664206624 628.82745690876618 1134.4712005336769 67.442275520414114 2352.5076242103241 843.37752214958891 74.186240199953318 410.41391430981457 287.82129325903952 268.95862890407443 298.50909556914121 303.53917268104851 121.88992102444172 542.65199492964894 366.93478481704369 105.87436709366739 33.948414468672127 58.842127833515406 48.604338899254799 175.68361889384687 256.00692883320153 590.84279214218259 264.08067500405014 429.10257880110294 416.72521770838648
leaf_count=76297 18560 8581 2371 11938 3402 9108 9939 264 2772 4676 8950 3368 26223 58922 707 4942 11842 34518 7425 13618 321 217862 3800 5894 2213 2484 31466 1192 1849 706 836 1251 699 781 7167 19137 11539 12448 5383 10188 703 55334 13208 456 4593 3024 2545 3432 2092 1195 9685 2893 918 670 932 331 2022 1969 7346 2051 9182 6024
internal_value=-0.000302081 0.00100079 0.00155105 0.000719719 0.00121088 0.00143893 -0.00183555 -0.00347191 -0.00451949 0.0218252 -0.00756634 -0.00175143 -0.012421 -0.00824872 0.00085564 0.00377144 -0.0220652 0.00360547 0.00286748 -0.00102473 0.0196797 -0.0386441 0.0109503 0.00155062 0.00799291 0.00371271 0.0026322 -0.0173249 0.0102484 0.000314 0.0159293 0.0198597 -0.000671019 0.0103117 0.00423376 0.00343767 0.000370181 -0.00412012 0.00455281 0.00177318 0.000591735 0.00490728 0.0106875 -0.000513044 0.0045 0.0123141 0.03174 0.00572573 0.0155774 0.0292936 0.00432071 0.00951932 -0.0173004 0.0505948 0.0735564 -0.0121809 -0.0166006 -0.000194933 0.00293274 0.0122501 -0.00562521 0.0229607
internal_weight=40940 39594.6 38475.6 35349.1 34220.8 33986 13532.7 11968.8 11492.9 475.934 8136.75 3702.22 4434.53 3479.97 3429.08 3042.09 386.99 20453.2 3356.11 2725.2 630.913 1345.44 3126.51 2904.34 2767.4 2213.75 18832.2 672.994 1713.37 842.525 495.215 870.845 303.939 607.316 14895.1 14076.9 8472.56 4086 4386.57 3757.74 3009.96 2512.25 1563.92 2942.52 1989.61 1354.9 343.145 1011.76 723.938 425.429 2052.2 1509.55 1076.04 137.752 92.7905 634.702 586.098 2245.05 1956.76 936.813 1019.95 672.732
internal_count=786244 549822 473525 456535 444597 441195 278930 255783 250843 4940 207128 92639 114489 88266 83689 68479 15210 162265 43715 35969 7746 236422 16990 66170 14619 10819 153157 9773 8335 4090 2241 4245 1405 2994 118639 111472 80006 45298 34708 29325 32841 60276 23147 32138 19690 12744 3001 9743 6719 3287 26196 16511 12457 2309 1602 6946 6615 29344 26572 10044 16528 7993
is_linear=0
shrinkage=0.05


Tree=61
num_leaves=63
num_cat=0
split_feature=2 39 30 40 41 40 48 55 49 38 41 41 49 4 49 48 28 54 32 38 40 39 48 41 40 48 5 40 41 42 48 49 30 40 2 5 49 37 48 45 37 54 38 7 49 48 40 49 11 49 55 40 49 49 49 11 49 54 49 41 40 40
split_gain=760.576 137.893 101.694 113.461 102.728 114.317 87.408 94.4887 181.289 181.193 177.141 101.459 113.153 190.689 94.864 98.9569 90.451 107.334 90.2187 87.2052 92.1102 138.665 120.048 128.198 82.0291 81.4279 80.6793 80.1819 106.26 74.9702 85.9184 83.8899 74.104 73.9472 72.0621 70.0768 98.3528 96.3859 74.7852 67.9561 67.6322 74.1831 66.4281 64.3545 63.4285 95.8397 61.3688 60.7898 60.5295 59.6882 59.5545 93.4813 91.6685 111.87 60.1663 64.0501 59.8612 58.0028 63.4214 56.1818 68.687 63.2495
threshold=289.00509643554693 -28.334059715270993 24.555786132812504 13.588233947753908 0.11619454994797708 -1.8235321044921873 0.95832794904708873 1.0000000180025095e-35 265.41934204101568 -33.176475524902337 5.2234389781951913 20.6625509262085 266.37236022949224 274.49189758300787 268.95562744140631 -0.57137185335159291 4.2110939025878915 -0.98296290636062611 7.2547228336334237 0.64705657958984386 13.843116760253908 -8.2694282531738263 0.11192005872726442 13.920842647552492 -0.56863403320312489 0.33345443010330206 227.79909515380862 7.8039398193359384 19.757202148437504 7.0202407836914071 -0.39966389536857599 269.68820190429693 6.0450153350830087 -0.88235473632812489 291.20854187011724 232.56377410888675 255.95982360839847 261.01306152343756 0.51866769790649425 1.5416965484619143 276.01307678222662 -1.0000000180025095e-35 -25.41176605224609 287.35142517089849 271.42791748046881 -0.63968896865844715 16.50980377197266 274.13537597656256 288.01518249511724 274.68690490722662 -0.7865660786628722 28.66666412353516 260.66418457031256 268.43287658691412 258.98173522949224 233.60381317138675 270.83627319335943 -0.7865660786628722 278.19204711914068 -0.73347115516662587 -3.2941131591796871 -2.7254943847656246
decision_type=2 2 2 2 2 2 2 2 2 2 2 2 2 2 2 2 2 2 2 2 2 2 2 2 2 2 2 2 2 2 2 2 2 2 2 2 2 2 2 2 2 2 2 2 2 2 2 2 2 2 2 2 2 2 2 2 2 2 2 2 2 2
left_child=1 2 3 4 5 42 7 8 -6 24 14 12 13 -10 15 -11 17 32 -18 20 22 25 23 26 -9 -22 -3 28 -24 -28 -31 -32 43 -7 -2 38 -37 57 -29 -5 41 -17 59 -14 45 -12 -4 -33 -16 -49 51 52 54 -54 -23 -56 -55 58 -38 60 -1 -61
right_child=34 19 46 39 6 33 -8 9 11 10 44 -13 16 -15 48 40 18 -19 -20 -21 21 50 27 -25 -26 -27 29 35 -30 30 31 47 -34 -35 -36 36 37 -39 -40 -41 -42 -43 -44 -45 -46 -47 -48 49 -50 -51 -52 -53 53 56 55 -57 -58 -59 -60 61 -62 -63
leaf_value=-0.0031994934421753045 -0.02179927423835307 0.011496156191473032 -0.029096082675661324 0.010042787949351385 -0.029796079764289076 0.044896794141311584 -0.034544619966430962 -0.0097287155079506978 -0.016305293833116824 0.086740339419616508 0.070373200547857825 -0.020670589731491777 0.055503790620658203 0.14958203907923248 -0.003324532633493553 -0.0098947160382428408 0.040752399025382108 -0.020282633191192813 0.00661217735240981 0.031143608905211353 -0.03049074095894861 0.020968735086567408 0.027935015393951403 -0.015523081123909056 -0.032753599050596688 -0.0063744914202024583 -0.003180712022018182 0.0016326620633227006 -0.0047203617006556465 0.020101506914667489 -0.013957656253235876 0.032301624327584849 -0.023918687440080917 -0.047411532423355024 -0.042939375960372034 0.047120480219131844 -0.028044708424646448 0.045743836196237335 0.0229834958124914 0.047253676960374802 -0.013167215190948066 0.029234318106784975 0.019581983386304024 -0.0072178811523196107 -0.022499111932306661 -0.0084265845045454809 -0.0015127644979797748 -0.046903965870006392 0.036704667402512568 0.0093325847542681771 -0.00065142412398728306 -0.0069737865521640107 -0.021862277400806068 0.050513269678704099 0.071158410938995303 0.012962913901033407 -0.0090315316421409816 -1.3776059713553819e-05 0.051723462959996372 -0.025710570385296339 0.014296287495596119 0.0023863656706252516
leaf_weight=1400.2764042718336 716.22843369236216 2653.3261192068458 544.61400509439409 603.12888582423329 434.77211374696344 241.19700743257999 236.11214241897687 690.26015289127827 33.546053629368544 49.236079569905996 39.980366393923759 387.30153479939327 124.17752536199987 35.823202579747885 1950.3081631539389 154.14023499935865 205.37096599582583 635.06152212340385 3350.6823453125544 287.61625348776579 410.10456596128643 534.72463596239686 1243.0133803114295 905.49208571948111 879.94980844203383 2389.0724489800632 3788.2243454121053 669.34248191490769 311.55644453316927 913.44957402162254 571.90536650083959 239.74133495427668 75.52777157118544 23.840507462155074 922.12089460436255 105.14374942518771 362.61279891431332 95.744083490222692 1059.0734748579562 154.02991928160191 183.27887823153287 565.58160200156271 496.03949461504817 60.978849989827722 1096.4149437127635 1106.7701999526471 320.20843126997352 58.130955696105957 99.245120924431831 250.54645915143192 2203.0795701257885 467.79116969555616 237.71723544970155 121.79300851747394 145.57302645593882 70.022984102368355 64.593671284615993 1065.7597972694784 26.756901383399963 396.96275681862608 935.93759371852502 404.30166478129104
leaf_count=21286 94969 13554 8401 8263 12219 2847 7612 30405 719 306 547 5935 1989 928 23058 1187 5406 23964 71413 2466 4435 2598 8719 8375 53636 26381 26500 3829 2143 5633 3951 1505 1330 1160 169800 622 3591 1014 5835 1913 2585 3762 2802 3170 22221 19934 3656 446 2916 1647 11924 2610 1651 572 629 326 341 9049 228 8398 9957 6673
internal_value=-0.000321269 0.00107486 -0.00215639 -0.00130798 -0.00218724 0.00489182 -0.00441388 -0.00382875 0.00114928 -0.00773164 -0.00327086 0.00389029 0.00599428 0.0693611 0.00467241 0.0177127 0.00500688 -0.00919352 0.00858386 0.00379876 0.00342361 -0.00144184 0.0056812 0.00235936 -0.0226319 -0.00990774 0.0042699 0.0119905 0.0213904 0.000976591 0.00872022 -0.000559437 0.017821 0.0365935 -0.0336977 0.00767279 0.00032248 -0.00285026 0.0147152 0.0176127 0.013949 0.0208542 0.00257942 0.0348472 -0.0139005 -0.00567931 -0.0188831 0.0134126 -0.00138621 -0.00125803 0.00472091 0.011928 0.0194569 0.000876538 0.0299591 0.0522572 0.0298776 -0.00604764 -0.0225632 -0.000108708 0.00380969 -0.0115334
internal_weight=40805.3 39167 17915.1 17050.2 16293.1 3898.56 12394.5 12158.4 5343.24 6815.17 5244.96 4908.47 4521.17 69.3693 3001.79 952.237 4451.8 895.746 3556.05 21251.9 20964.3 6644.47 14319.8 9380.82 1570.21 2799.18 8475.32 4939 1554.57 5822 2033.77 1120.32 260.684 265.038 1638.35 3384.43 1656.02 1550.87 1728.42 757.159 903.001 719.722 3633.52 185.156 2243.17 1146.75 864.822 548.419 2049.55 308.677 3845.3 1642.22 1174.42 424.104 750.321 215.596 186.387 1455.13 389.37 3137.48 2336.21 801.264
internal_count=785941 521172 370598 358541 348365 53123 295242 287630 127073 160557 76516 114854 108919 1647 33814 7840 107272 30453 76819 150574 148108 51467 96641 61611 84041 30816 53236 35030 10862 39682 13182 7549 6489 4007 264769 24168 14504 13882 9664 10176 7534 4949 49116 5159 42702 20481 12057 3598 25974 2093 20651 8727 6117 2564 3553 955 913 12868 3819 46314 31243 15071
is_linear=0
shrinkage=0.05


Tree=62
num_leaves=63
num_cat=0
split_feature=36 53 17 13 49 39 35 40 49 52 45 48 41 49 5 34 24 22 49 49 39 47 36 46 40 23 49 48 37 52 16 54 24 49 49 54 49 17 49 48 54 52 49 9 49 23 17 29 17 11 47 29 49 49 55 52 34 49 3 25 40 49
split_gain=756.206 138.326 167.449 95.3414 94.0947 84.7724 85.7798 76.156 74.7496 74.1253 68.6981 77.9793 127.048 103.93 89.003 87.3999 77.5841 71.9227 109.589 87.0961 104.059 119.814 94.5116 83.5932 74.4862 78.3628 74.7596 88.7872 78.8093 67.5846 67.3882 91.4389 67.2136 64.5438 63.2901 61.781 85.0369 139.53 78.5471 78.9157 61.6662 77.0483 61.0024 71.255 60.9151 82.4529 63.9357 60.8175 78.1484 60.722 82.2068 60.535 88.8442 100.035 144.08 59.6335 58.7026 58.2067 57.9619 56.5793 56.5123 55.9417
threshold=286.76470947265631 545.16665649414074 -29.145763397216793 -53.770162582397454 247.43756103515628 1.0000000180025095e-35 2.8723957538604741 -1.1764755249023435 271.42791748046881 14.536789417266847 6.0477619171142587 0.12764942646026614 13.750423908233644 257.70365905761724 252.14149475097659 11.801896572113039 15.209947586059572 -19.038021087646481 266.77218627929693 268.43287658691412 -32.602762222290032 -0.048317104578018182 224.41176605224612 5.2415313720703134 15.549011230468752 -8.3960647583007795 259.31796264648443 0.68585610389709484 254.31735992431643 12.597424983978273 -51.069786071777337 -0.6035533845424651 -0.42258262634277338 269.97990417480474 289.66523742675787 0.37940952181816107 269.68820190429693 -3.1217651367187496 272.51168823242193 -0.10015028715133666 1.0000000180025095e-35 39.807723999023445 289.77156066894537 271.48347473144537 285.28050231933599 -46.682836532592766 -44.15728569030761 2.6333522796630864 -4.2366523742675772 259.18824768066412 -2.0979536771774288 24.770523071289066 255.32789611816409 256.32855224609381 -0.91597560048103321 13.974009513854982 17.183919906616214 289.56823730468756 207.9305114746094 16.72428131103516 4.6666641235351571 259.51712036132818
decision_type=2 2 2 2 2 2 2 2 2 2 2 2 2 2 2 2 2 2 2 2 2 2 2 2 2 2 2 2 2 2 2 2 2 2 2 2 2 2 2 2 2 2 2 2 2 2 2 2 2 2 2 2 2 2 2 2 2 2 2 2 2 2
left_child=1 2 3 -1 47 6 7 8 -6 30 11 12 13 -8 -15 42 49 18 40 20 21 -20 -22 -21 26 -26 27 -19 61 57 31 -3 44 -25 -16 -14 -37 38 56 -40 -17 -42 43 60 45 -2 -47 -4 55 50 -12 -27 -53 -54 -55 -49 -38 -5 -18 -43 -13 -28
right_child=32 9 4 29 5 -7 10 -9 -10 -11 16 15 35 14 34 17 58 24 19 23 22 -23 -24 33 25 51 28 -29 -30 -31 -32 -33 -34 -35 -36 36 37 -39 39 -41 41 59 -44 -45 -46 46 -48 48 -50 -51 -52 52 53 54 -56 -57 -58 -59 -60 -61 -62 -63
leaf_value=-0.033861439241981532 -0.023661703033562614 0.22367373469585661 0.069460011133718372 -0.012798822614783604 -0.010438215311982472 0.038777334277248721 -0.038532177842411676 0.018999113291244075 0.0095338610191680866 0.0044545863435588333 -0.023376158508366142 0.044589358544982201 -0.026302857721006545 0.0033780926419759178 -0.014047162336089264 -0.030364807077100955 0.037620748385021122 0.015449474113028286 0.083638816676372033 -0.0082074935104043383 0.071547170546892261 -0.023667067815146554 -0.014426996278017712 -0.035471729210795638 -0.0093843743442945191 0.013441063918282675 -0.055616739609069349 0.056631327596838338 0.069895057442315264 -0.0016241610653565668 0.017195039993807726 0.022649386032937407 -0.043026486758837357 0.017940354769774354 0.085117186144378007 -0.024528887526196516 0.10978226157500084 -0.062117045373305084 -0.052175704476833611 0.062375829451453493 -0.010705878747623507 0.14853429713709573 0.069228299305813132 0.00086788174190066648 -0.039649012393710499 0.14914263810230266 0.016643935529280045 0.014442524192701631 0.035580161777281155 -0.014116599720440298 0.012931649176362246 0.026237534866826936 -0.031405996767369784 0.034555608103462851 -0.010128554521025538 -0.042426256941586804 0.022870073802584032 0.012310386999162877 -0.015424922702441921 0.017459924433496556 0.012075356580631379 0.0066714762676062167
leaf_weight=302.01726221432909 44.503784025553614 9.3684019139036554 62.201769135892391 3006.734644358512 691.95791387744248 150.40365045517683 171.00236033461988 1157.8457890171558 1450.6818468086421 2549.0366353048012 184.67167081311345 250.4838487803936 757.96459499001503 5740.0433607934974 1027.472219823394 483.65624203905463 53.10283687710762 503.49158222228289 108.92396531160921 1502.2511601755396 39.723329830914736 34.175393868237734 163.69110633525997 62.332073230296373 1235.3325755670667 1336.043958928436 36.712046679109335 176.85458121076226 48.720044087618589 5024.1184112499468 1441.148124482017 14.278503193054346 1095.7082659015432 610.87381163425744 16.346298444084823 193.58272864855826 51.934706227853894 37.948583744466305 31.62894956022501 28.657248426228762 440.21113506238908 13.088922958821056 53.913447376340628 489.58045735629275 78.770358009263873 16.864218182861805 19.787222762592137 123.64813213050365 243.71833195537329 460.66691610682756 1000.6695854105055 246.14954586327076 307.10962126776576 243.63099828734994 695.07745308056474 73.500053364783525 31.040286280214787 249.99614327261224 1703.0284819193184 22.192264644429088 286.49827592819929 1988.4996379539371
leaf_count=30390 4407 180 428 92128 4203 1463 1394 7842 10688 28518 1438 1936 8473 41939 16799 8765 240 2627 1098 19220 235 572 2248 874 11171 6870 209 828 428 134280 11608 419 220256 6732 253 1986 377 172 499 281 8032 172 651 9057 10390 494 1224 648 1654 7944 7559 1442 1852 1265 3823 368 203 8471 21983 367 2158 11637
internal_value=-0.00040814 0.000808606 -0.000188653 -0.00626735 0.00175642 0.001347 0.00113188 0.00866716 0.00308395 0.00960538 4.43742e-05 0.00119001 -0.00256367 -3.45676e-05 0.00093585 0.00385789 -0.00651089 0.00243856 -0.00340891 0.00206208 0.0253438 0.0580117 0.00236228 -0.0016463 0.00542431 0.00112149 0.0117722 0.0261546 0.0070541 -0.00526094 0.0185688 0.102291 -0.0386069 0.0129949 -0.0124942 -0.0180918 -0.00148606 0.0231301 0.0457113 0.00227676 -0.0177943 -0.0050079 0.0173865 0.0146639 -0.00832694 0.0220747 0.0776098 0.0231768 0.0166468 0.00128817 0.00727503 0.00571066 -0.00121185 -0.00663532 0.00146871 -0.00675908 0.0772691 -0.0108714 -0.0138209 0.066087 0.027242 0.00554235
internal_weight=40675.3 39419.6 35405.8 8582.87 26822.9 26319.9 26169.5 3300.49 2142.64 4013.83 22869 19466.8 8087.62 6954.86 6783.86 11379.2 3402.14 10298.7 3481.12 2521.97 346.514 143.099 203.414 2175.46 6817.62 4063.34 2754.28 680.346 2073.93 8280.85 1464.8 23.6469 1255.63 673.206 1043.82 1132.76 374.793 181.21 143.261 60.2862 959.149 475.492 1080.48 1026.56 159.926 81.1552 36.6514 503.068 440.867 1646.01 1185.34 2828.01 1491.97 1245.82 938.708 197.148 82.975 3256.73 1756.13 35.2812 536.982 2025.21
internal_count=785868 549097 508372 265269 243103 240005 238542 22733 14891 40725 215809 176645 72376 60385 58991 104269 39164 90467 48315 30979 4153 1670 2483 26826 42152 26423 15729 3455 12274 234879 12207 599 236771 7606 17052 11991 3518 1532 1360 780 17336 8571 13802 13151 16515 6125 1718 3098 2670 16941 8997 15252 8382 6940 5088 1016 580 100599 22223 539 4094 11846
is_linear=0
shrinkage=0.05


Tree=63
num_leaves=63
num_cat=0
split_feature=36 12 39 42 11 48 36 41 41 52 40 48 40 5 41 33 53 42 55 51 48 41 5 2 45 45 23 10 41 40 8 40 3 37 53 45 41 46 11 40 40 51 40 48 48 35 28 52 42 40 39 17 40 45 35 41 55 40 17 40 24 46
split_gain=702.054 151.18 102.301 98.6753 84.4419 87.7663 87.9416 105.943 77.936 76.8442 74.8772 73.9536 67.0626 57.8549 58.9224 55.636 53.1061 57.0181 56.8832 65.3163 54.3654 67.2937 59.4194 69.1632 56.6473 55.2043 53.0432 60.871 54.6387 52.133 50.4882 63.3856 48.259 85.9129 49.3987 47.6131 65.8906 47.398 47.1626 46.0589 44.7278 72.661 43.6142 42.4452 55.275 42.2796 58.5839 49.0205 41.6691 41.6377 41.1504 41.4466 60.8771 40.858 40.5682 46.002 42.2203 39.8514 39.4883 155.831 39.3088 39.1949
threshold=286.76470947265631 -52.127094268798821 -2.0842412710189815 5.2663574218750009 288.96626281738287 0.9657111167907716 235.00000000000003 1.0215427875518801 -0.32824517786502833 36.353063583374031 -2.2941284179687496 -0.69827961921691883 -2.8039245605468746 283.91111755371099 -0.32824517786502833 0.51700773835182201 137.81944274902347 -9.1454620361328107 0.98296290636062633 24.662490844726566 0.53181481361389171 13.920842647552492 257.05027770996099 264.00822448730474 3.6459016799926762 5.7221317291259775 -49.916667938232415 288.38050842285162 -0.14935698360204694 -2.7254943847656246 289.40516662597662 -1.5490112304687498 274.65451049804693 282.02978515625006 547.66665649414074 -11.547155380249022 6.6042132377624521 6.8533954620361337 241.36444854736331 11.980407714843752 -2.7254943847656246 43.73332595825196 28.66666412353516 0.074240803718566908 -0.47515141963958735 -0.8988763391971587 -1.8946175575256345 92.846775054931655 22.131034851074222 0.68627929687500011 -6.2992000579833975 -45.83818054199218 9.1176452636718768 1.7864922881126406 15.931064128875734 0.40087740123271948 1.0000000180025095e-35 -3.1176452636718746 -32.190612792968743 -1.5490112304687498 7.194934844970704 0.87364864349365245
decision_type=2 2 2 2 2 2 2 2 2 2 2 2 2 2 2 2 2 2 2 2 2 2 2 2 2 2 2 2 2 2 2 2 2 2 2 2 2 2 2 2 2 2 2 2 2 2 2 2 2 2 2 2 2 2 2 2 2 2 2 2 2 2
left_child=1 15 3 11 5 6 9 12 40 35 -9 32 -8 16 29 30 18 38 20 -20 21 22 23 -13 -23 42 -6 -28 -29 53 31 -1 -3 34 -34 36 -5 -16 39 -18 -2 -42 50 44 -14 47 -47 -19 -37 -12 51 52 -22 -15 55 57 60 -24 -10 -60 -57 -51
right_child=8 2 -4 4 26 -7 7 10 58 -11 49 13 43 14 37 -17 17 45 19 -21 25 24 54 -25 -26 -27 27 28 -30 -31 -32 -33 33 -35 -36 48 -38 -39 -40 -41 41 -43 -44 -45 -46 46 -48 -49 -50 61 -52 -53 -54 -55 -56 56 -58 -59 59 -61 -62 -63
leaf_value=0.021141717857359296 -0.020272946768213604 -0.034069274914508285 0.014908881492644938 0.037314752771187336 0.052582920159522019 -0.027538595463256016 0.0035410970626962358 -0.027928727081651235 -0.044009265246021244 -0.0079023825682573833 0.0055922512964261652 -0.0009251223964905006 0.044273418390038205 -0.0080825264319079031 -0.023296329688668276 -0.020694996637114056 0.051992006269576577 0.010263427750028517 0.028110977544725958 -0.017744263715686194 0.14537086674709099 -0.0077634761495911035 -0.012418654199235791 0.02451303776365556 -0.026900147145665149 -0.010475238856214172 0.12579326311958383 0.13757906013775253 0.0012777404162425021 0.056275655285532328 -0.043267520237902257 0.15406686902094419 0.007385211237156946 -0.028162811723607434 0.080889624744523644 0.011789792321497202 -0.012328017860773187 0.10187689220805903 0.0086732828842618504 -0.0050638380952252038 -0.0021564917703525421 0.15074612699317144 -0.018138040958348933 0.076977924461470768 0.01013223457064307 -0.024328181110602521 0.0013618178003838607 0.06823626133290106 0.031339280121292105 -0.010687410310349154 0.017217098675925167 0.0024276291791254052 0.00063571264604411412 0.086003665682885311 0.090440427997775741 0.016665956668823464 -0.024594799518011773 0.0060092890444180796 0.53197044807511495 -0.020831561455898699 -0.017628484961234737 -0.00012664799032581283
leaf_weight=39.32609383109957 130.9175837864168 262.07734056189656 1348.9661349952221 80.921989515423775 139.18088918970898 220.36464375723153 644.31981351412833 265.07737164385617 1026.3757914076559 576.62553907372057 1786.119183095172 3764.0000343304127 194.57349657919258 225.91701288893819 603.6921212640591 999.69786669593304 141.33883358724415 659.65986767131835 300.44807443907484 104.72633514786139 12.576163218356671 1256.768196746707 573.6246748957783 287.62280861055478 558.59133713878691 745.39419849682599 11.291854258626698 7.6442188499495378 192.72892117872834 43.457537477836013 19.433916267938912 11.617932262364773 172.43807794898748 221.23050482477993 26.350345084443688 3802.6326844859868 384.17058812454343 7.6586445188149801 541.16787271946669 47.178404334932566 27.410157133825123 10.843630131799726 199.63528896868229 40.044505153782666 303.43383024260402 228.13398789195344 8143.1113634128124 38.5979920392856 293.61981234699488 1308.2969114454463 647.12619763612747 2546.1808570916764 17.203543804585934 12.15999444760382 10.147638365626333 144.88774688960984 689.19496709201485 600.5088692526333 1.4588656541891403 10.106343903578814 197.39410114008933 2674.8471520598978
leaf_count=1333 13907 3627 8106 404 6154 3070 4785 2553 217827 4127 20219 29294 1735 7049 38531 73152 778 6506 3339 1147 347 10756 7367 3966 5926 10488 186 296 8959 999 1566 276 1686 7564 215 25838 3962 210 6940 400 2758 314 1770 295 2624 2858 85215 274 2430 25714 3278 29272 237 156 107 3978 21205 7150 164 1445 4148 45104
internal_value=-0.000285008 0.000866455 0.00138428 0.00089061 0.00441334 0.00373831 0.00429619 0.000736779 -0.0378449 0.00929567 -0.00194485 -0.00100428 0.0144227 -0.000530177 -0.0130119 -0.01767 -3.3867e-05 0.00272949 -0.00217345 0.0162587 -0.00278306 -0.00517494 -0.00271957 0.000880721 -0.0136519 0.00185522 0.0286078 0.0128428 0.00647762 0.00591553 0.0252992 0.0514557 -0.0172326 -0.00672711 0.0171286 0.0114698 -0.00369062 -0.0217282 0.0161759 0.0377132 -0.00637555 0.0411861 0.00454053 0.0274536 0.0234713 0.00164767 0.000661711 0.013468 0.0131911 -0.000750987 0.00594522 0.00311353 0.0617583 -0.00327699 -0.00930288 -0.00976178 -0.0174659 -0.00299371 -0.042974 0.0489003 -0.00311166 -0.00359542
internal_weight=40582.2 39375.1 38305.1 36956.1 12925.9 12575 12354.7 7216.71 1207.11 5137.97 6034.34 24030.2 1182.37 23348.1 892.885 1070.08 22455.2 9799.19 12656 405.174 12250.9 8082.74 6267.38 4051.62 1815.36 4168.12 350.846 211.665 200.373 281.535 70.3779 50.944 682.096 420.019 198.788 4561.35 465.093 611.351 729.685 188.517 169.171 38.2538 3422.72 538.052 498.007 9069.5 8371.25 698.258 4096.25 5769.26 3223.09 2575.96 29.7797 238.077 2215.76 2205.61 1031.48 1174.13 1037.94 11.5652 342.282 3983.14
internal_count=786086 549671 473344 465238 158455 142860 139790 103029 236415 36761 93590 306783 9439 293691 46945 76327 246746 102971 143775 4486 139289 93897 77215 33260 16682 45392 15595 9441 9255 8204 3175 1609 13092 9465 1901 32634 4366 38741 8118 1178 16979 3072 34904 4654 4359 94853 88073 6780 28268 91037 33134 29856 584 7205 43955 43848 29331 14517 219436 1609 8126 70818
is_linear=0
shrinkage=0.05


Tree=64
num_leaves=63
num_cat=0
split_feature=36 39 53 36 40 48 49 41 49 51 49 48 34 48 23 49 48 29 47 48 48 40 49 48 49 39 49 51 49 41 54 49 41 49 54 17 40 49 17 48 54 35 48 13 49 49 49 23 39 29 48 29 49 29 49 17 33 46 17 42 51 17
split_gain=650.063 157.825 107.698 99.346 77.192 78.5707 72.5514 72.4302 66.382 70.6813 78.0064 85.2878 172.182 83.5334 76.7141 72.9589 101.12 67.7769 66.1009 65.5976 172.94 125.984 104.587 97.5276 88.1206 189.289 102.218 92.1645 84.618 83.4186 90.0633 80.447 73.2035 69.5453 105.171 67.7177 126.957 72.2903 67.2634 63.6459 95.2016 72.8118 62.8943 61.6069 61.2366 60.0423 68.1038 59.4657 58.5536 60.413 69.953 79.5403 57.8287 74.0479 69.6728 64.9008 59.9713 55.9417 55.8909 55.8294 55.2627 56.6294
threshold=286.76470947265631 -48.901952743530266 1089.1666564941409 215.00000000000003 25.823532104492191 -0.74852561950683583 254.46063232421878 -0.32824517786502833 247.43756103515628 8.1276984214782733 256.32855224609381 0.14038562774658206 16.474584579467777 0.9702095389366151 -9.6628408432006818 258.72836303710943 0.8994269371032716 3.3183870315551762 1.7053138613700869 0.8446832299232484 0.8732551932334901 12.372558593750002 260.66418457031256 1.0000000180025095e-35 267.04945373535162 -25.587512016296383 286.08425903320318 71.68945693969728 260.66418457031256 11.0813364982605 0.98296290636062633 274.91055297851568 9.3735165596008319 271.22605895996099 0.60355338454246532 -30.528387069702145 -0.52941894531249989 263.06666564941412 -17.056587219238278 -0.40797063708305353 0.60355338454246532 1.2597224116325381 0.95832794904708873 -53.770162582397454 277.81459045410162 285.28050231933599 285.09815979003912 -22.06993198394775 1.0000000180025095e-35 31.354249954223636 0.55724394321441661 4.9409637451171884 267.56375122070318 8.4606561660766619 277.57534790039068 -11.004549026489256 16.064103126525882 1.7558927536010744 -36.877807617187493 5.3638763427734384 62.29881668090821 -4.2366523742675772
decision_type=2 2 2 2 2 2 2 2 2 2 2 2 2 2 2 2 2 2 2 2 2 2 2 2 2 2 2 2 2 2 2 2 2 2 2 2 2 2 2 2 2 2 2 2 2 2 2 2 2 2 2 2 2 2 2 2 2 2 2 2 2 2
left_child=1 18 3 6 5 44 -3 45 17 58 11 -11 -13 15 -14 16 -12 -7 43 21 38 23 -23 29 25 -25 32 -27 -22 30 35 33 -26 -31 -35 36 37 -17 -21 40 41 -37 -18 -1 -5 46 -2 -36 49 50 51 -8 55 56 -55 -34 -54 -39 -10 -42 61 -19
right_child=7 2 -4 4 -6 8 48 -9 9 10 13 12 14 -15 -16 19 42 60 -20 20 28 22 -24 24 26 27 -28 -29 -30 31 -32 -33 52 34 47 39 -38 57 -40 -41 59 -43 -44 -45 -46 -47 -48 -49 -50 -51 -52 -53 53 54 -56 -57 -58 -59 -60 -61 -62 -63
leaf_value=-0.030013982089014048 0.004807024718269437 0.044756907549841886 0.01842216359036708 0.037701087892519053 -0.015470500405203076 0.057917521200261848 0.021605587995852962 -0.042397580675469476 -0.018973685587988391 -0.036262395110001552 0.020380536598263634 0.052447265682438175 -0.034432589688296183 -0.033735763216718256 0.0013628199485714375 0.073027283720720745 -0.027725338538356837 -0.0047525498705653473 -0.036181787284148718 0.02952178770091253 0.027533547951961019 -0.03679381410337558 -0.0058105716803622618 -0.030644114324163054 0.023720543644307927 0.0048353744960593923 -0.0031366510718030187 0.064095509908178125 0.0010754592488563016 -0.014871721961516898 -0.027357043966368833 -0.041955852606770344 -0.007173297461160473 -0.018039951316961029 -0.0058628585635789182 0.026505827056891036 -0.026078377281062177 0.0018420828553684086 0.084550862396163357 -0.00019008757664178591 -0.024921509389036072 0.0080195937173060047 0.036264441480671747 -0.0050062239001538106 -0.029513657672683664 -0.039334610153703709 0.13850255744397363 0.082687918421737422 0.038636280366144318 -0.012143433951864216 0.023151004394791352 -0.0045839360922841762 0.0035155899337005712 0.0074523922255437056 0.028938346752653062 0.071297758419682764 -0.025769620738312477 -0.02272110433448014 -0.0026860041990258363 0.012791567298312011 -0.048555832102519472 0.037686620639168125
leaf_weight=300.70832063583657 79.378246967680752 143.77558436244726 905.67611598689109 37.820249900221825 765.26105755753815 93.335320830345154 415.60655851662159 994.74181519867852 581.28587949788198 265.48814557678998 1091.8059088899754 116.88433587457985 259.28253476321697 159.98408249113709 354.0859801620245 33.621230850927532 196.40731659159064 155.46368042379618 270.60455504059792 148.08492328552529 359.03127470239997 314.30185203254223 2041.6621742066927 447.78599616140127 1250.9443980455399 588.59783982671797 1167.9022188596427 73.842487592250109 1908.9107945668511 628.04592923261225 274.25374648300931 205.56536080408841 40.493196706287563 91.436938812956214 26.511520773172379 669.20519079593942 564.93713343562558 2156.8354993849061 88.848341078497469 4102.4776132027619 304.20200572768226 2610.3996903914958 47.732094783335924 1360.5048815500923 325.76295725954697 76.657909232191741 10.824160214513538 66.554856147617102 149.30648608505726 372.52050935477018 659.04620160162449 958.62996719777584 847.42879774654284 1206.2552700890228 549.04151654755697 75.437578048557043 220.25517626479268 259.70695535605773 5608.7092446899042 144.86717157345265 36.169851936399937 158.9942570105195
leaf_count=30823 6005 1301 5708 414 7184 559 2213 219428 20650 2565 8246 916 3344 2380 1884 225 1809 807 11620 1743 2390 2938 20650 10995 19985 4343 23302 432 25408 7992 4132 3771 646 1211 409 4342 24836 34499 606 31634 3385 20964 448 73747 7092 10690 287 363 1513 1859 2979 4513 13607 13092 6093 460 2354 5337 60434 1160 166 1025
internal_value=-0.000421332 0.000669387 0.00139061 0.000967082 0.000228317 0.000592847 0.0101978 -0.037284 0.000850697 0.000585529 0.00173035 -0.0119933 -0.00317007 0.00227776 -0.0137686 0.00251005 0.0138756 0.0200526 -0.013266 0.00186303 0.00951037 0.000949233 -0.00994395 0.00232852 0.0072876 -0.00553305 0.00994427 0.0114411 0.00526396 -0.000313884 0.000940276 -0.0140126 0.0135905 -0.00694332 0.0200448 0.00165579 -0.00471133 0.000215295 0.0501573 0.00410722 0.00883534 0.0117917 -0.0152146 -0.00953306 -0.0225219 -0.00679947 0.0208503 0.0574627 0.00825314 0.00636753 0.00975895 0.00333649 0.00927868 0.00785735 0.014173 0.0438888 -0.00252573 -0.000797734 -0.00421554 -0.0127555 0.00997311 0.0167053
internal_weight=40419.9 39258.3 37326.5 36420.8 33721.9 32956.7 2698.89 1161.6 32593.1 32149.1 25959.1 995.741 730.253 24963.4 613.369 24803.4 1335.95 443.963 1931.82 23467.4 2504.88 20962.6 2355.96 18606.6 6467.98 1110.23 5357.76 662.44 2267.94 12138.6 11120.5 1018.11 4189.86 812.549 184.503 10846.3 3015.1 2450.16 236.933 7831.15 3728.67 3279.6 244.139 1661.21 363.583 166.86 90.2024 93.0664 2555.11 2405.8 2033.28 1374.24 2938.91 2822.98 1755.3 115.931 1067.68 2416.54 6190 449.069 350.628 314.458
internal_count=785913 549503 433313 427605 413227 406043 14378 236410 398537 395980 314896 8709 6144 306187 5228 303807 10503 2557 116190 293304 30147 263157 23588 239569 95309 15770 79539 4775 27798 144260 130514 13746 56237 9975 1983 126382 64897 40061 2349 61485 29851 25306 2257 104570 7506 16982 6292 772 13077 11564 9705 6726 36252 35146 19185 1106 15961 39836 81084 4545 1998 1832
is_linear=0
shrinkage=0.05


Tree=65
num_leaves=63
num_cat=0
split_feature=36 17 50 29 41 5 23 34 48 48 31 36 28 48 48 48 23 4 49 11 44 53 49 49 5 41 51 33 5 46 54 40 18 45 44 49 39 29 40 11 54 49 49 29 48 54 48 48 46 49 47 54 49 49 49 48 49 29 29 10 5 49
split_gain=619.764 118.058 116.574 94.0692 120.15 82.6247 79.971 80.6969 133.9 118.039 77.2725 74.9753 79.009 99.353 96.8225 90.9905 85.0821 96.6959 74.2579 141.559 87 70.8769 70.6672 66.1371 66.2774 64.829 63.7301 63.0489 75.7589 62.6576 60.4901 105.827 81.1958 66.2183 65.5816 64.7898 59.971 86.6941 57.3767 95.6551 56.8456 62.1777 67.7576 62.549 74.0088 71.5704 61.9047 59.3121 57.4465 65.753 56.7952 56.3946 92.9334 87.2805 79.0217 97.1727 121.21 75.613 65.1783 65.775 55.8923 61.7836
threshold=286.76470947265631 -21.121566772460934 82.059875488281264 15.661855697631838 0.16170756518840793 248.351921081543 -1.2585433125495908 12.398332595825197 0.33345443010330206 0.1227008104324341 -0.14989630132913587 212.64705657958987 24.796339035034183 0.9702095389366151 0.83399277925491344 0.90872198343276989 -17.974797248840328 253.336784362793 289.56823730468756 273.10688781738287 -4.6861305236816397 812.47619628906261 282.31869506835943 279.70571899414068 243.79042053222659 18.908981323242191 41.671886444091804 2.0412582159042363 251.08115386962893 10.223447799682619 -1.0000000180025095e-35 -2.3529586791992183 -48.034250259399407 1.0719127655029299 -3.5129642486572261 267.31149291992193 -28.762531280517575 11.928644180297853 -1.2352905273437498 256.69876098632818 0.37940952181816107 265.70214843750006 272.37759399414068 -0.24235677719116208 -0.49165731668472284 -0.37940952181816096 0.11755901575088502 -0.47858285903930659 3.6981229782104497 261.91014099121099 -3.7114353179931636 -1.0000000180025095e-35 276.94873046875006 254.46063232421878 258.72836303710943 -0.10015028715133666 263.43424987792974 3.9535198211669926 0.54795837402343761 224.66025543212893 211.81697845458987 261.63801574707037
decision_type=2 2 2 2 2 2 2 2 2 2 2 2 2 2 2 2 2 2 2 2 2 2 2 2 2 2 2 2 2 2 2 2 2 2 2 2 2 2 2 2 2 2 2 2 2 2 2 2 2 2 2 2 2 2 2 2 2 2 2 2 2 2
left_child=1 2 3 4 30 -5 7 9 36 27 -2 -10 13 16 -14 -16 17 -13 20 -20 25 -4 23 24 60 29 -19 38 51 40 31 -1 -33 34 -32 -36 -9 -38 39 -3 41 47 50 44 45 -44 -45 -6 49 -42 -43 53 54 -29 -53 -56 -57 -55 -58 -60 -18 -62
right_child=10 6 21 5 18 -7 -8 8 11 -11 -12 12 14 -15 15 -17 22 26 19 -21 -22 -23 -24 -25 -26 -27 -28 28 -30 -31 33 32 -34 -35 35 -37 37 -39 -40 -41 48 42 43 46 -46 -47 -48 -49 -50 -51 -52 52 -54 57 55 56 58 -59 59 -61 61 -63
leaf_value=-0.021771140987329126 -0.0059039565693870116 -0.02811786962785753 0.0019603028590480464 0.074254696463061792 0.011190585516859929 0.0067187973276079619 0.019780174920868365 -0.026201851276101747 0.020125532997419412 0.021383875893515692 -0.042436634899091941 -0.0057290313500126932 -0.018947293605194128 -0.035051440487013731 0.032262254668626859 -0.0047293175717697039 0.060013662338724606 0.0092398679069304133 0.27376241148720076 0.0059383916534939685 -0.018061689511857736 0.021112438970077477 0.038665781528273796 -0.032514323244665598 0.063802525346113068 -0.029598684811608773 0.054240733406966127 0.024809196069008041 -0.015989346716196846 0.11285072228205983 0.016140651400967827 0.12558734245241512 0.012585137347866829 0.024214042853140067 0.035845700555372929 -0.0081058034354211557 0.0024348750615687288 -0.014811522567976618 0.0266035344047055 0.012852791930932393 0.032878062221292463 -0.027940176374848403 0.12992810283968753 -0.023169951925955293 -0.011931585457047224 0.029086851745865908 0.0045620576106554468 -0.039650989476681761 0.0067788383444893534 -0.020547874704173078 0.025582430312351936 0.043656338540252249 -0.012005068399250734 0.0021215698418152341 0.012483967198814897 -0.034850245983889284 -0.038290685994934702 -0.01381818257204798 -0.052459895134588957 0.024894275359521552 0.013309191167067191 0.00083138006153457827
leaf_weight=513.23951196437702 170.85224635293707 168.88792835921049 3100.5852868198417 47.982702510431409 88.086378703825176 806.32040455332026 688.46737492084503 430.46940801478922 586.95926325023174 1076.6856079725549 947.22641699900851 2428.9571054885164 928.00109968148172 159.28107771184295 216.59073817543685 715.06986528076231 51.228817351162434 336.08425458241254 4.9860787689685813 470.36394069949165 2946.7539798240177 572.2221194258891 195.09140903502703 98.936560321599245 54.157678684219718 277.43035396607593 102.72327289450914 295.14630316197872 535.22421191865578 11.351942919194697 545.18400559900329 18.434625596739352 115.45403554756194 404.72895067278296 90.718541652429849 1107.3483180492185 1453.9127184338868 1460.7972016409039 524.30696325283498 910.5131135112606 60.936547965742648 55.628565531689674 20.989133676979691 395.94503630092368 99.438300651498139 108.81873182673007 409.20871452335268 164.47876993846148 308.44516910612583 1048.8278826861642 454.74176635500044 167.91531198471785 542.88594693597406 2074.8115508244373 2902.9547903183848 265.97043225541711 61.565638463944197 1159.940776460804 30.269548714160919 298.31153137981892 2113.6515654288232 1869.535470681265
leaf_count=8080 19229 1032 62876 523 1047 10238 4755 6564 2774 10371 216952 29645 8382 1929 1799 6858 233 5096 50 19217 112944 5520 894 604 471 7107 1213 1922 6153 148 5518 335 1562 3750 764 18193 11211 11370 2760 5334 650 2018 333 16181 2278 1954 19254 4572 5040 28959 11557 845 4899 13806 18666 1556 405 10009 139 2234 11963 12175
internal_value=-0.000148474 0.000899691 -0.00273016 -0.00539534 -0.00679323 0.010512 0.00297638 0.00249866 -0.000137847 0.00565839 -0.0368541 0.00279577 0.0016984 0.00401101 -0.00751599 0.00387041 0.00486916 -0.00182665 -0.0103243 0.00874767 -0.0117296 0.0049442 0.00925058 0.00788016 0.00885764 -0.0064051 0.0197744 0.00395481 0.00220797 -0.00441105 0.001957 -0.0114439 0.028144 0.00599432 0.00176426 -0.00477776 -0.00878148 -0.00620869 0.0130337 0.00644234 -0.00482502 0.00108034 0.00484069 -0.00251487 0.0205273 0.0453923 -0.00907553 -0.0219191 -0.012309 -0.0176143 0.0197487 0.00345668 0.00732232 -0.00121932 0.0101376 0.00855621 -0.00882192 -0.00359422 0.00892208 0.0177683 0.00812006 0.00745265
internal_weight=40272 39154 14248.6 10575.8 9721.54 854.303 24905.3 24216.8 13201.4 11015.4 1118.08 9856.27 9269.31 7409.65 1859.66 931.661 7250.37 2867.76 6926.43 475.35 6451.08 3672.81 4382.6 4187.51 4088.57 3504.33 438.808 9938.7 8335 3226.9 2795.11 647.128 133.889 2147.98 1743.25 1198.07 3345.18 2914.71 1603.71 1079.4 3215.54 1797.34 1544.77 1034.4 229.246 129.808 805.154 252.565 1418.21 1109.76 510.37 7799.77 4269.87 3529.9 3726.99 3559.07 656.117 3234.75 390.147 328.581 4034.42 3983.19
internal_count=784916 548735 350668 282272 271511 10761 198067 193312 113181 80131 236181 84036 81262 64223 17039 8657 62294 35954 233309 19267 214042 68396 26340 25446 24842 101098 6309 69760 60634 93991 38202 9977 1897 28225 24475 18957 29145 22581 9126 6366 93843 59194 53575 40000 4565 2287 35435 5619 34649 29609 13575 54481 28744 25737 23845 23000 4334 23815 2778 2373 24371 24138
is_linear=0
shrinkage=0.05


Tree=66
num_leaves=63
num_cat=0
split_feature=36 13 53 36 51 49 38 53 48 48 49 35 49 49 48 48 49 49 48 48 49 49 54 49 23 48 48 36 37 49 48 35 5 49 39 51 48 48 39 41 39 30 49 48 35 51 51 48 49 54 48 5 41 51 11 44 40 49 54 49 49 49
split_gain=591.26 109.89 96.7188 115.309 99.0061 94.2973 75.6706 73.308 71.7626 76.8414 107.841 201.452 86.9978 123.222 135.475 129.609 96.1216 146.408 162.733 146.233 150.856 264.817 113.672 86.9181 212.81 125.395 167.419 86.3944 86.0202 85.0974 128.342 118.554 80.0187 78.4132 124.788 86.1491 82.8452 74.1942 81.3619 69.5594 81.431 90.4473 80.1989 68.159 67.9704 66.8075 66.5047 79.7298 74.8236 66.6142 137.678 69.4815 66.4826 64.6328 64.427 63.965 63.3266 66.6769 62.383 98.6174 72.4297 131.118
threshold=286.76470947265631 -53.770162582397454 545.16665649414074 280.88236999511724 56.739677429199226 247.43756103515628 0.64705657958984386 13.111111164093019 -0.74852561950683583 -0.47515141963958735 268.95562744140631 3.3917257785797124 270.65731811523443 272.51168823242193 0.2540810108184815 0.80511206388473522 261.09867858886724 265.70214843750006 0.73976010084152233 0.81332153081893932 268.43287658691412 268.30914306640631 -0.37940952181816096 267.93310546875006 -12.098024368286131 0.95832794904708873 0.94973194599151622 216.17646789550784 277.40377807617193 256.32855224609381 -0.047472476959228509 13.444588184356691 243.27687072753909 265.41934204101568 -22.190997123718258 21.627277374267582 -0.63968896865844715 -0.61567881703376759 -14.402323722839354 16.686756134033207 -29.985479354858395 3.613982200622559 288.97158813476568 -0.57137185335159291 -0.42913483083248133 62.29881668090821 49.253993988037116 -0.091793358325958238 261.91014099121099 1.0000000180025095e-35 0.92611247301101696 241.09019470214847 17.866619110107425 19.807122230529789 277.42353820800787 -6.3845748901367179 -2.5686340332031246 276.94873046875006 -0.7865660786628722 258.38572692871099 259.51712036132818 259.31796264648443
decision_type=2 2 2 2 2 2 2 2 2 2 2 2 2 2 2 2 2 2 2 2 2 2 2 2 2 2 2 2 2 2 2 2 2 2 2 2 2 2 2 2 2 2 2 2 2 2 2 2 2 2 2 2 2 2 2 2 2 2 2 2 2 2
left_child=1 -1 3 5 -5 45 7 53 -9 10 33 55 16 15 39 -14 29 22 27 20 21 -20 -18 25 -25 26 28 -19 -21 30 -11 -32 -13 37 36 -36 -35 -10 43 40 41 42 54 -39 -2 -3 47 48 -24 50 -49 -51 -30 -7 56 -12 -15 -58 59 -31 61 -60
right_child=44 2 -4 4 -6 6 -8 8 9 12 11 32 13 14 -16 -17 17 18 19 23 -22 -23 46 24 -26 -27 -28 -29 52 58 31 -33 -34 34 35 -37 -38 38 -40 -41 -42 -43 -44 -45 -46 -47 -48 49 -50 51 -52 -53 -54 -55 -56 -57 57 -59 60 -61 -62 -63
leaf_value=-0.027794404910224155 -0.0041336710018919807 0.028862170002371193 0.0084781807256037386 -0.015820122197343196 0.015085307650693361 -0.0088807065230224243 0.028007553319922242 -0.025428214870189588 -0.029507561055926536 -0.056621029372720434 0.029281121540858969 -0.0028456358909783354 0.0227640750696077 -0.0076660043048336294 0.0087620804179327598 -0.01535814594395736 -0.036512213943142906 0.015999838680897899 0.030402170728104208 0.012286061699435823 0.021878054453581874 0.21778056963148493 0.029819907309575563 -0.032774638434988158 0.027138378428958738 -0.03960042037438187 0.11036654555244152 -0.010421732484661812 0.18353108800940721 0.013134240903265929 0.046171198459636284 -0.0076198619804879568 -0.030858996982522376 0.10891896778154608 0.032259911162785863 -0.0263109743496177 0.040925139014761802 0.050681778187973363 0.038296795949350163 -0.03265197818293622 0.0062614707616620788 -0.021618777320059342 0.0332000846770895 -0.0031895858598348357 -0.0414761945069715 -0.034447678074066915 0.01638566550717762 0.083637901638368664 -0.010534081255622446 -0.042140075132381147 -0.052879291564419575 -0.0089086320057865723 0.03064171879791619 0.002800665012067844 -0.011302640467311711 0.0068264069365073293 0.056745927326023994 0.0033093837734924796 0.0077378532583253353 -0.021759384651649172 0.017862606782508811 -0.031028346870962148
leaf_weight=331.51436244463548 140.01137704914436 439.51240302994847 4000.5519625325687 1746.1035620183684 304.29964636871591 3502.3744995552115 250.98270533978939 244.9623303944245 109.40905636176467 122.82980914786458 440.27144390624017 572.58884000964463 1383.7822444578633 235.8258990328759 3628.4656247673556 265.77797426190227 551.1529053831473 347.03567688167095 48.371007735840976 444.34859814681113 198.93777088075876 30.901966356672347 149.41212974861264 363.16784737631679 250.4111516289413 80.928724226541817 54.334390471689403 2852.2376456540078 13.297231502830984 364.27244476787746 111.39252990111709 1273.3527046050876 459.48093353118747 51.926114864647388 134.15454762615263 118.00342021137476 326.3931707944721 67.105227937921882 245.47867976874113 206.14554498158395 1534.7101052068174 852.91629468416795 149.684550604783 469.58610284607857 939.83119333535433 46.034395143389702 205.24596527125686 39.523832948878407 496.86710729915649 432.3509269580245 34.667911767959595 247.24311032053083 15.28219304140657 1789.0063607515767 1171.7073450079188 1134.1265671998262 112.65186114609241 121.16447087563574 1864.4186270358041 455.92480547912419 1401.9623628016561 247.01826447620988
leaf_count=33377 14951 2850 39591 88869 9363 44471 2329 4916 1215 1597 5757 4486 13327 1665 54338 3874 7675 1523 596 3935 1745 282 1064 5210 1243 1601 424 36915 303 2356 926 9769 10963 329 767 593 3387 423 1292 2172 11100 18907 2786 3723 221569 250 1835 319 5030 4280 769 5715 242 20537 22233 12946 724 1201 13573 4562 9014 2035
internal_value=-0.000136332 0.000870529 0.00111537 0.000269235 -0.0112335 0.000989148 0.000660131 0.000445804 0.0015101 0.00175923 0.00802647 0.00185122 0.000602034 0.00417713 0.00161535 0.0166218 -0.00211875 -0.0061344 -0.00118465 0.012404 0.0451198 0.103445 -0.0169206 0.00495426 -0.0083232 0.0183493 0.027244 -0.0075557 0.0176941 0.00259437 -0.00763769 -0.00329277 -0.0153173 0.0186014 0.032097 0.00485025 0.0502576 0.00905795 0.0144525 -0.00429864 -0.00289989 -0.0082177 -0.00183591 0.00354622 -0.0366344 0.0228598 -0.0101942 -0.0140908 -0.00120472 -0.025139 0.0198469 -0.0300501 0.101777 -0.00493126 -0.00503105 0.0131057 0.0106159 0.0290549 0.0061539 -0.00626215 0.00905241 0.00320257
internal_weight=40223.4 39143.6 38812.1 34811.5 2050.4 32761.1 32275.6 32024.6 26733.2 26488.2 4128.52 2606.47 22359.7 9662.83 8013.27 1649.56 12696.9 6855.72 4699.25 1499.98 278.211 79.273 2156.46 1221.77 613.579 608.191 527.262 3199.27 472.928 5841.17 1507.58 1384.75 1032.07 1522.06 630.477 252.158 378.319 891.579 782.17 4384.81 4178.66 2643.95 1791.03 536.691 1079.84 485.547 1605.31 1400.07 646.279 753.786 74.1917 679.594 28.5794 5291.38 1641.35 1574.4 469.642 233.816 4333.6 820.197 3513.4 2111.44
internal_count=785819 549299 515922 476331 98232 378099 374999 372670 307662 302746 45881 34152 256865 132327 115126 17201 124538 80706 54019 15581 2623 878 26687 12958 6453 6505 4904 38438 4480 43832 12292 10695 15449 11729 5076 1360 3716 6653 5438 60788 58616 47516 28609 4146 236520 3100 19012 17177 6094 11083 1088 9995 545 65008 25823 18703 3590 1925 31540 6918 24622 15608
is_linear=0
shrinkage=0.05


Tree=67
num_leaves=63
num_cat=0
split_feature=36 13 5 53 48 48 52 42 41 40 40 41 39 49 52 49 48 48 17 49 49 49 40 48 54 49 49 29 49 29 2 37 54 41 49 39 46 36 45 17 2 51 40 49 54 49 49 46 43 54 49 46 45 29 38 29 49 48 29 48 29 32
split_gain=534.705 124.129 89.798 81.1514 89.602 75.5175 73.3293 79.0956 84.4393 94.3177 91.8825 71.7138 69.5542 69.0433 68.2963 66.7575 64.2729 61.236 61.5899 86.5995 62.4849 58.3734 66.6621 57.9368 57.5994 147.158 76.8035 61.8306 60.5776 83.1006 58.6466 56.7181 55.3784 55.0864 53.0142 53.0093 95.2654 52.9962 52.8408 52.5851 77.0867 52.4936 51.7976 50.6673 50.5951 74.0757 98.1923 71.8498 73.4344 66.6667 61.753 58.8712 67.5481 56.0375 50.4851 60.744 51.5423 49.3863 48.7526 48.3601 69.1118 47.527
threshold=286.76470947265631 -54.09258842468261 211.81697845458987 1089.1666564941409 -0.74852561950683583 0.50687783956527721 5.4319210052490243 4.1132049560546884 0.9034126102924348 -2.0588378906249996 -2.8823547363281246 -0.070205312222242341 -9.4981851577758771 288.57763671875006 57.570123672485359 254.46063232421878 -0.48176059126853937 0.9657111167907716 -20.292682647705075 269.73658752441412 256.94619750976568 266.37236022949224 0.78430938720703136 0.062224745750427253 1.0000000180025095e-35 263.73217773437506 276.05895996093756 5.5258207321167001 280.13768005371099 4.6416101455688485 273.25801086425787 287.71604919433599 0.78656607866287243 8.2887921333313006 281.83038330078131 -26.570807456970211 3.7690010070800786 233.23529815673831 -9.7524280548095685 -19.8611946105957 280.19735717773443 30.686654090881351 4.6666641235351571 268.30914306640631 0.37940952181816107 265.70214843750006 272.01187133789068 4.5509929656982431 8.5010833740234393 1.0000000180025095e-35 284.25558471679693 7.1175088882446298 -4.9962959289550772 -0.2056622505187988 -34.588233947753899 8.0376853942871112 274.91055297851568 -0.47515141963958735 -0.061377525329589837 0.82493221759796154 16.689404487609867 7.345790147781373
decision_type=2 2 2 2 2 2 2 2 2 2 2 2 2 2 2 2 2 2 2 2 2 2 2 2 2 2 2 2 2 2 2 2 2 2 2 2 2 2 2 2 2 2 2 2 2 2 2 2 2 2 2 2 2 2 2 2 2 2 2 2 2 2
left_child=1 -1 5 4 34 16 12 31 10 -10 -9 -2 13 15 17 -6 -3 18 44 20 -20 42 -23 57 26 37 -16 -27 29 -28 -29 -8 -21 -18 41 36 -22 -26 -37 -33 -41 -4 -5 -14 45 49 47 48 -47 -11 -48 -46 -53 -52 55 56 -24 -12 -51 60 -40 -42
right_child=11 2 3 21 6 -7 7 8 9 14 23 -13 43 -15 24 -17 33 -19 19 32 35 22 54 -25 25 27 28 30 -30 -31 -32 39 -34 -35 -36 38 -38 -39 59 40 61 -43 -44 -45 51 46 50 -49 -50 58 53 52 -54 -55 -56 -57 -58 -59 -60 -61 -62 -63
leaf_value=-0.032239341683961656 -0.0069528033778711862 0.027427182009778436 -0.025759185143238689 0.004664757727379884 0.041660336935206183 0.02848235434616081 -0.00043472932911170747 0.0033096764046692223 -0.018247562926320703 -0.033545976970103135 0.044652106732261033 -0.041598546299030287 -0.00086500198481057685 0.021604571523217493 -0.035635187310454654 -0.012050598685429915 0.019586030806932254 -0.020818188586883682 0.01531315243239185 0.011683484274417746 0.031178094652531581 0.027375790981668979 0.073889183851248583 0.081262495892706108 0.026563368980800431 -0.032597053190738287 -0.048801922561680866 -0.0099223706596222334 -0.012250995476969138 0.10009303756639149 0.061926337707693173 -0.018363968468437408 0.030130344716328295 -0.008193386930430915 -0.041127486928018528 -0.023363360530134408 -0.017392914136828499 0.099456681579482037 0.00075972504595123939 -0.0050946551518381497 0.059325797650976092 0.030309510658267143 0.052289522226021012 0.027343001125267764 -0.0089553307453490629 0.037222758087399152 -0.0095329747690564015 -0.022586527846643212 -0.0096109045957148784 0.086841348702066126 0.054816758613886768 0.12391404507736013 0.011831379828076097 0.0067843311350466659 -0.012059706344903475 0.099223316347448257 -0.020621052963680102 0.014277619244008846 -0.0010434520491994241 0.014204404386548847 -0.023924627689804606 0.23325620893790133
leaf_weight=283.16132834507152 180.78453093068674 257.41823751479387 106.32026086049154 88.212672371417284 58.994540547020733 504.2208781670779 17397.186176646035 672.84638361819088 512.93898187018931 213.54782500397414 211.30093984585255 859.36362440441735 534.55308249220252 171.40570170432329 319.04735179292038 2985.8042189162225 242.63460700958967 229.55530274100602 880.25064842961729 2246.5328964488581 319.28530355356634 269.20317664276809 20.081536740064621 50.510252096690238 62.938762184232473 176.79251794191077 13.318592146504669 90.422226373106241 118.0870649786666 31.615876050665975 41.408076034858823 694.75966065982357 496.8279652139172 674.71567793935537 206.97197553887963 271.05085427686572 147.63267822377384 41.295333817601204 1621.3013562019914 44.968970396090299 11.514761618804188 68.731501187197864 161.83879586681724 226.70737205818295 1489.4772188528441 509.7379184323363 710.39393547968939 74.167368086986244 100.14327873941511 19.30217582732439 67.776385198812932 16.692034061998129 69.04751699604094 583.44666981743649 375.1086794976145 23.143447618931532 51.223700443282723 364.96201415173709 86.481015616096556 476.06369167938828 343.66986160539091 5.9608112792484453
leaf_count=29817 20675 1423 1997 459 416 2823 196460 5916 5467 5440 2403 215393 3088 4738 3500 50134 1432 3631 6010 18100 3634 2226 132 475 351 2727 348 982 1869 330 435 51170 3507 3756 6539 2725 2212 343 11302 1035 482 784 858 1089 34505 10897 20506 1342 2249 92 1431 188 1004 19317 2404 175 690 4099 1461 3595 2909 236
internal_value=-0.000194699 0.000745472 0.000985813 0.000475075 8.89853e-05 0.0122965 0.000345933 0.00114568 0.00401678 0.00274403 0.0161411 -0.0355769 -0.00605496 -0.00927175 0.00365134 -0.0110099 0.00534939 0.00473461 0.00528063 0.00816192 0.00352416 0.0146072 0.00753944 0.0299158 -0.00963023 0.0040767 -0.0213692 -0.0132714 0.0065505 0.0559605 0.0126454 -0.00101778 0.0150242 -0.000845869 -0.0239978 0.000259848 0.0158206 0.0554422 -0.00241913 -0.0144137 0.0295369 -0.00374464 0.0354886 0.00753549 0.000306194 0.00493021 0.00842641 0.0238816 0.0295326 -0.0174668 0.000662014 -0.0066362 0.033652 0.0117833 -0.00383299 0.0288399 0.00599566 0.0254152 0.0149928 -9.34968e-05 -0.00355752 0.118652
internal_weight=40184.9 39144.7 38861.5 37182.6 36193.7 1678.99 35811.7 31834.3 13679.9 12380.2 1299.62 1040.15 3977.46 3216.2 11867.3 3044.8 1174.77 10972.4 10742.8 6802.62 4059.25 988.812 738.761 626.773 894.926 412.857 482.069 308.623 163.022 44.9345 131.83 18154.4 2743.36 917.35 382.024 3179 466.918 104.234 2712.09 757.204 62.4445 175.052 250.051 761.26 3940.21 2365 2045.67 684.049 609.881 319.331 1361.62 1575.22 85.7396 651.223 469.557 94.4487 71.3052 576.263 105.783 2441.03 1964.97 17.4756
internal_count=785733 549665 519848 510414 503470 9434 494150 434685 185302 172409 12893 236068 59465 55288 166942 50550 6611 156057 152426 53994 32387 6944 5627 6977 10885 4838 6047 4144 2547 678 1417 249383 21607 5188 9320 26377 5846 694 20531 52923 1753 2781 1317 4177 98432 62735 55742 14488 13146 6993 41254 35697 1192 20748 3401 997 822 6502 1553 17806 14211 718
is_linear=0
shrinkage=0.05


Tree=68
num_leaves=63
num_cat=0
split_feature=36 36 18 35 24 50 5 38 36 48 35 26 29 45 43 40 16 42 35 37 28 48 48 5 40 23 48 28 40 53 55 42 47 17 23 51 38 42 11 48 42 52 36 51 35 47 53 48 42 44 47 44 35 11 46 1 5 2 29 43 23 26
split_gain=507.52 103.674 88.3361 74.3479 68.1716 65.7198 65.5093 55.7524 53.3078 53.0803 56.1924 93.2044 73.0766 65.3592 55.306 64.3081 66.8984 52.0439 52.5618 51.7791 50.6793 50.1588 55.8148 51.7812 80.9534 65.2222 66.7688 65.4432 57.798 50.877 47.4878 47.245 46.469 80.548 66.1986 63.0073 57.9134 49.3591 89.8622 131.142 46.8874 46.9692 45.9546 45.4986 44.9327 44.6487 42.4132 41.8228 41.766 41.3444 42.9281 39.0437 48.0884 57.2537 54.7193 44.4068 38.1963 37.9864 58.6429 37.7314 37.7151 37.6434
threshold=286.76470947265631 225.58824157714847 -53.147569656372063 5.7194383144378671 -0.42258262634277338 222.99001312255862 225.84973907470706 -3.0000076293945308 199.70588684082034 -0.74852561950683583 -0.8988763391971587 -2.2751493453979488 -2.073426246643066 -7.5165948867797843 -8.074546813964842 0.96078491210937511 -14.559633255004881 6.1290054321289071 21.892853736877445 273.59840393066412 18.328046798706058 0.52739697694778453 -0.48803782463073725 211.81697845458987 28.66666412353516 -7.0733015537261954 0.93061417341232311 18.708705902099613 15.862731933593752 155.58333587646487 0.91597560048103344 -2.0650177001953121 0.073668956756591811 -37.085937499999993 -46.487100601196282 50.025959014892585 -38.117637634277337 11.629913330078127 288.12213134765631 -0.25980782508850092 0.47230529785156256 22.81533241271973 277.94117736816412 50.025959014892585 -1.6928170919418333 -0.69097113609313954 1089.1666564941409 0.65393865108490001 -2.0650177001953121 -2.1638469696044917 1.4465465545654299 -3.9637279510498042 0.40641292929649359 289.21701049804693 0.98338270187377941 288.20376586914068 274.73927307128912 287.12023925781256 3.7707633972167973 2.7269058227539067 -13.333340644836424 1.3251247406005862
decision_type=2 2 2 2 2 2 2 2 2 2 2 2 2 2 2 2 2 2 2 2 2 2 2 2 2 2 2 2 2 2 2 2 2 2 2 2 2 2 2 2 2 2 2 2 2 2 2 2 2 2 2 2 2 2 2 2 2 2 2 2 2 2
left_child=1 3 -3 -1 -2 6 20 9 -5 43 11 44 13 -12 15 19 -17 21 -19 -14 60 22 30 -23 25 28 27 -27 -25 -24 -10 -28 33 34 35 51 61 59 -39 -40 45 -42 -38 46 -11 -37 -8 -29 -32 50 -20 52 54 -54 -16 -55 -15 -7 -59 -34 -4 -35
right_child=4 2 5 8 -6 57 7 -9 17 10 12 -13 14 56 32 16 -18 18 49 -21 -22 23 29 24 -26 26 31 47 -30 -31 48 -33 37 36 -36 40 42 38 39 -41 41 -43 -44 -45 -46 -47 -48 -49 -50 -51 -52 -53 53 55 -56 -57 -58 58 -60 -61 -62 -63
leaf_value=0.021199671436684608 -0.0041269309124127539 -0.018017060707985214 0.0068257448633289256 0.051258638830182918 -0.040686976692319604 0.010199997591541181 -0.033105798656025497 -0.037472108493398097 0.038384713021622309 0.0042518853922974206 0.032537507952308017 0.019829906869133523 0.018827517447576287 -0.010334548657179135 0.075386346253466102 -0.030606752911185964 -0.0073471395806955879 0.017232076358666498 -0.010120256710367165 -0.011983514138803917 -0.0052885898629482257 0.022162381825064713 -0.010417420889270392 0.010820836435870722 -0.014429027989154559 0.052902858820624024 -0.0031291637872981194 0.04241823766513915 -0.016271516545449709 0.003362533118793018 0.040987027148378916 0.050551020561054039 0.0027117677468433635 0.094786338054818065 -0.023173312473768862 0.14482678029615861 -0.00038636902707788991 0.011847615837411701 0.30289194593655477 0.022352166335049575 0.079672750499393888 -0.00015599287136711738 -0.02485971909992828 0.015728164006199322 -0.016745111418778734 0.029212606704672989 0.08965196729301024 0.0010169794794307127 -0.0084538563104654529 0.019218224281555805 0.039024330860474035 -0.025862389489263407 -0.018207218996449583 0.049216744559162841 -0.028443099256178925 -0.0026674162019363398 -0.0315742446848995 0.019998908358793008 0.1482816421534002 -0.0069524918472430646 0.024453652748630306 0.018817440095215555
leaf_weight=698.39928223192692 149.88220512401313 712.11946194292977 741.80974924657494 59.734771423041821 854.06406902638264 992.87075927155092 265.50751333078369 105.82823451608419 139.27517400681973 911.64481198275462 66.940161122009158 844.88538142479956 317.39780944772065 537.45753655955195 38.183297500945628 442.93498428724706 1023.3881329251453 1235.1830208823085 540.7449711766094 239.06328480318189 464.92647982388735 440.32353892177343 1759.5171701423824 397.92244424298406 497.3092645816505 78.392165951430798 51.946258656680584 67.183542490005493 389.60905633866787 1081.5805409140885 54.27629479020834 194.32289434969425 7114.2032965221442 24.099387532565743 761.70994701096788 13.611365994904189 10066.763422483578 772.13607884291559 6.5694502573460367 11.385111034847794 21.190219961106777 141.26032549375668 195.54078881721944 68.499475554097444 353.6274979445152 21.606959639117122 7.227822868153452 662.69257858768106 200.55459208786488 222.44690888002515 48.413905680179596 260.977410081774 380.90692368708551 64.615339759737253 19.005338741932064 113.99897088296711 349.20254489732906 29.660898575093597 12.733318975195287 1177.0636314749718 513.44235268607736 50.426148370839655
leaf_count=3938 16434 59150 4984 643 219636 9365 7524 594 803 12102 450 7351 2071 4520 665 14422 11829 7167 3943 3529 4181 2375 9935 2124 3014 347 315 334 3011 5719 252 990 114568 907 26995 167 118668 8646 177 401 725 4720 5877 1054 4128 653 78 3520 1041 1204 358 17670 14260 1932 454 9003 8984 1116 274 10208 2679 1897
internal_value=-0.000126745 0.000775096 -0.0006154 0.0055452 -0.0352288 -0.00019596 -0.000645343 -0.00125269 0.00419899 -0.00110904 -0.000855225 0.00697042 -0.0015367 -0.0151029 -0.000980955 -0.00888122 -0.0143732 0.0038503 0.0107371 0.00559068 0.00881312 0.0015068 -0.00272551 0.00643265 0.00347196 0.00830475 0.0164353 0.00949056 -0.00258234 -0.00517152 0.0149077 0.0392281 -0.000229116 -0.00224832 -0.0118958 -0.00390756 -0.00053376 0.00247769 0.014419 0.125 0.0215954 0.010257 -0.000852691 -0.0207027 -0.00161651 0.0738958 -0.0298526 0.00482788 0.00207653 0.000852479 -0.00608182 -0.00965122 -0.00279103 -0.00725474 0.040881 0.0161021 -0.0186996 0.0121791 0.0585293 0.00133979 0.0140362 0.0433836
internal_weight=40080.2 39076.3 30256.4 8819.83 1003.95 29544.3 28509 26788.9 8121.43 26683 26341.8 2110.16 24231.6 953.6 23278 2022.78 1466.32 8061.69 2046.79 556.461 1720.18 6014.91 3235.2 2779.7 2339.38 1842.07 1054.54 808.268 787.532 2841.1 394.106 246.269 21255.3 12173.9 1837.07 1075.36 10336.8 9081.36 790.091 17.9546 197.669 162.451 10262.3 341.235 1265.27 35.2183 272.735 729.876 254.831 811.606 589.159 877.687 616.71 559.521 57.1886 178.614 886.66 1035.26 42.3942 8291.27 1255.25 74.5255
internal_count=786081 550011 498978 51033 236070 439828 429073 417229 47095 416635 407979 23581 384398 13954 370444 31851 26251 46452 12672 5600 11844 33780 17750 16030 13655 10641 5506 4201 5135 15654 2096 1305 338593 204593 77244 50249 127349 134000 9224 578 6265 5445 124545 8656 16230 820 7602 3854 1293 5505 4301 43984 26314 25195 1119 10935 13504 10755 1390 124776 7663 2804
is_linear=0
shrinkage=0.05


Tree=69
num_leaves=63
num_cat=0
split_feature=36 13 50 49 53 48 36 51 41 40 37 41 40 54 37 17 52 23 49 48 35 49 29 51 38 49 29 51 48 48 41 5 48 40 45 35 49 51 48 36 54 49 17 49 49 41 49 48 45 48 49 52 29 48 25 49 36 49 23 23 35 48
split_gain=481.744 95.7636 85.4273 83.6819 75.4306 82.1413 73.0574 126.087 79.6253 88.0347 71.3397 69.7787 69.2695 83.695 72.4958 65.1611 64.9852 87.8218 79.9699 76.709 81.6187 66.745 64.552 65.7915 62.5472 83.4325 101.457 63.8433 59.9779 61.6027 173.015 108.908 109.781 97.4873 93.2054 89.1457 84.259 96.6177 88.1792 106.807 83.8964 113.37 138.343 96.5291 93.0733 86.0128 81.5249 109.655 76.6254 74.9167 93.0596 89.2021 72.584 121.954 75.1624 74.5289 83.3216 71.3832 71.2657 70.3079 70.0617 68.6
threshold=286.76470947265631 -54.556138992309563 222.99001312255862 247.43756103515628 1324.3750000000002 -0.74852561950683583 280.88236999511724 49.140419006347663 1.977247476577759 -1.2941207885742185 286.18373107910162 -0.32824517786502833 -1.9804077148437498 -1.0000000180025095e-35 259.28831481933599 -3.9566383361816402 6.6415228843688974 -12.098024368286131 256.32855224609381 -0.051667749881744378 12.015593051910402 256.94619750976568 3.3183870315551762 63.49690246582032 -1.9411773681640623 255.59030914306643 24.770523071289066 42.687715530395515 0.9702095389366151 0.70040506124496471 13.920842647552492 251.08115386962893 0.17304420471191409 5.4313735961914071 -4.9962959289550772 5.6375126838684091 267.04945373535162 43.73332595825196 0.10494250059127809 217.35294342041018 -1.0000000180025095e-35 284.16561889648443 -11.373033523559569 275.89672851562506 286.04714965820318 7.6736869812011728 271.58435058593756 -0.57137185335159291 10.474720954895021 0.11755901575088502 270.49778747558599 57.570123672485359 3.5945463180541997 0.29535478353500372 4.0437030792236337 270.26141357421881 245.58824157714847 288.54876708984381 -30.85687160491943 -15.753283977508543 3.7027579545974736 0.34924721717834478
decision_type=2 2 2 2 2 2 2 2 2 2 2 2 2 2 2 2 2 2 2 2 2 2 2 2 2 2 2 2 2 2 2 2 2 2 2 2 2 2 2 2 2 2 2 2 2 2 2 2 2 2 2 2 2 2 2 2 2 2 2 2 2 2
left_child=1 -1 3 22 5 -5 8 -8 12 15 -9 -2 13 -7 -15 -10 17 -11 19 -18 -21 -20 -3 -24 -22 -26 -27 -28 29 30 31 40 35 -31 -35 46 37 59 -38 -40 41 -23 44 49 45 -43 47 -33 -36 -42 51 -51 53 54 -34 -54 -57 -46 -49 -32 -45 -61
right_child=11 2 -4 4 -6 6 7 10 9 16 -12 -13 -14 14 -16 -17 18 -19 21 20 24 28 23 -25 25 26 27 -29 -30 33 36 32 52 34 48 -37 38 -39 39 -41 43 42 -44 60 57 -47 -48 58 -50 50 -52 -53 55 -55 -56 56 -58 -59 -60 61 -62 -63
leaf_value=-0.032099252851960879 -0.0045837931320306504 0.056820532844722771 0.013199516813274838 -0.023692935585432125 0.019649676240473941 -0.0096896055156110716 -0.014626195148437885 0.033033407043970058 -0.01870809579084963 -0.010381116208353573 -0.0067633462343078994 -0.040826618315833618 0.015035801559098193 -0.029933614105406365 0.0091156348592001304 0.012781280381145427 -0.050561569763338213 0.0043882112755420878 0.017427027395794221 0.042334851082385626 -0.018505859358482896 -0.0027729289782768658 0.018223943412288866 -0.054227022735443324 0.025475134018509683 0.02317455817749604 -0.04841942248477682 0.02161227247298031 -0.027984776290921578 -0.021377944144335408 -0.038087957600926203 0.11471935612379117 0.10911272999496198 -0.010233179893938524 0.011798472864254277 -0.024054568798030751 -0.019030527101570757 0.0076915485274508498 0.029796812257504135 -0.0020638181301129146 0.012902064147930154 0.059871355629790839 0.0062554660591051386 0.037200005354157878 -0.026718661701254309 0.17027362732524851 -0.013093488580552494 0.017668063177551416 -0.01850893242445786 0.011436608514488043 0.075749301259365409 0.096441657400012523 -0.018667063005691494 -0.034930529033696055 0.0010636266464455855 0.10402019757875439 0.020007397310545225 0.10844291254580643 -0.018617840847669365 -0.0011410643033312616 -0.01284083232797127 -0.027512160895953347
leaf_weight=220.23424780508503 158.80469651473686 100.26590779796243 1376.1580605776981 362.80496538616717 493.98701419029385 1002.0282350368798 1763.1405948232859 247.40805457998067 998.91999371536076 2878.0123434714042 206.68329948140308 811.2156823114492 1622.3039743104018 124.7336847037077 2523.1131607359275 196.62308894470334 106.29870222508907 1547.8341599702835 695.78461954835802 80.613755186088383 793.98296874715015 2482.9770930185914 355.44558702781796 34.363766368478537 241.89254906773567 120.38935868442059 165.14354215562344 40.53076346218586 168.96792797464877 298.99644013959914 453.90997021086514 24.273110784590244 26.660159550607204 621.06557399779558 4461.2566182329319 731.80906713847071 640.08754482120275 343.96940676216036 299.25112210214138 2174.2405600147322 2919.7413471639156 41.360124505124986 259.10883929021657 80.843164790421724 31.205013258382678 30.764349421486259 838.32416770560667 436.83643515408039 218.77994844224304 262.16162095312029 107.40163345634937 34.980005560442805 121.54498989414424 181.53789340285584 40.615896365139633 30.945474365726113 637.35573668312281 14.220038209110497 196.03987280838192 493.86255662888288 518.98573844879866 492.57226395234466
leaf_count=24912 16906 736 13116 9246 3426 10969 91102 2367 10623 47893 11953 219442 20089 781 23224 1176 1469 8888 5236 748 7516 19110 2303 169 1399 531 881 202 2810 7961 9131 370 748 8152 46435 20257 7047 3127 1287 23598 19533 302 1964 489 516 309 23160 7976 3153 2646 917 208 3417 6154 846 373 12910 145 1642 3570 4847 3588
internal_value=-8.71386e-05 0.000778228 0.000964869 0.000514915 0.000242527 -2.05967e-05 0.000217494 -0.00857519 0.000793347 -0.00024808 0.0149196 -0.0348932 0.00643935 0.00261839 0.00727612 -0.0135292 0.000331689 -0.0052159 0.001401 -0.00957043 -0.00654988 0.00219461 0.0210403 0.011837 -0.00944338 0.00322564 -0.0132803 -0.0346188 0.00168302 0.00192698 0.000251264 0.00400665 -0.00349494 0.00639975 0.00796649 -0.00975499 -0.00745419 -0.0161172 -0.00248965 0.00179079 0.00761819 0.00110457 0.0266655 0.0123649 0.0716545 0.106963 -0.00275751 0.0104281 0.0103817 0.015696 0.0358611 0.0214435 0.00992899 -0.0136208 0.0438813 0.0173475 0.0238976 0.0155929 0.00642814 -0.0218029 -0.00609648 -0.0143094
internal_weight=39985.4 39015.3 38795.1 37419 36928.9 36434.9 36072.1 2217.23 33854.9 28582.7 454.091 970.02 5272.18 3649.88 2647.85 1195.54 27387.1 4425.85 22961.3 1548.85 1442.55 21412.4 490.075 389.809 1361.94 567.956 326.064 205.674 20716.7 20547.7 14947.6 10049.7 3265.94 5600.1 5301.1 2227.28 4897.89 1784.31 3113.58 2473.49 6783.75 2859.64 376.658 3924.11 117.55 72.1245 1495.47 657.149 4680.04 3324.28 404.543 297.142 1038.66 248.814 67.2761 789.846 668.301 45.4251 632.876 1440.34 599.829 986.435
internal_count=786001 549653 524741 511625 508417 504991 495745 105422 390323 335260 14320 236348 55063 34974 24005 11799 323461 56781 266680 12746 11277 253934 3208 2472 10529 3013 1614 1083 248698 245888 180187 128839 77853 65701 57740 53405 51348 19416 31932 24885 50986 22346 3236 28640 1272 611 33148 9988 49588 23304 3771 2854 24448 7748 1594 16700 13283 661 9618 16289 5336 7158
is_linear=0
shrinkage=0.05


Tree=70
num_leaves=63
num_cat=0
split_feature=1 39 53 47 40 20 37 38 35 29 52 42 29 36 36 54 40 48 42 36 36 25 48 7 5 24 54 35 29 45 35 40 35 52 54 25 5 35 48 48 23 55 29 48 41 5 52 53 53 52 5 27 47 43 41 29 40 1 40 54 54 39
split_gain=462.157 96.9775 69.7494 68.7873 73.9592 58.1955 55.2023 60.2804 52.728 70.0565 54.782 52.5633 60.6686 51.7104 50.7445 49.749 48.5772 53.8185 42.6584 41.4344 41.3055 41.1374 55.5513 100.06 45.2605 77.6296 53.0327 67.2233 44.646 41.072 40.9809 44.0859 59.2188 40.0962 39.5903 39.509 39.258 95.3287 102.016 63.3881 55.2245 105.844 68.2436 60.1258 54.4039 58.1987 51.2033 49.4743 71.1468 58.2848 48.508 60.2509 46.2634 55.6596 46.2031 74.6016 57.4638 56.1968 50.7299 47.5808 44.4328 48.0452
threshold=291.15071105957037 -48.901952743530266 152.00000000000003 1.1912486553192141 4.0980377197265634 -2.3472344875335689 288.23165893554693 -43.411750793457024 -0.8988763391971587 -2.7378983497619624 4.8759970664978036 -9.1454620361328107 -2.3995833396911617 286.76470947265631 204.41176605224612 0.12940952181816109 -0.039237976074218743 -0.25980782508850092 28.639678955078129 286.17646789550787 279.70588684082037 23.063892364501957 1.0000000180025095e-35 281.61912536621099 246.68986511230472 5.3451433181762704 -1.0000000180025095e-35 10.539787292480471 -1.0156388282775877 -6.727214813232421 -1.8744184374809263 -1.6078414916992185 0.11419131606817247 100.17806625366212 -1.0000000180025095e-35 -0.28494548797607416 270.05357360839849 6.1465306282043466 -0.038633346557617181 0.13631474971771243 -16.888421058654782 0.37940952181816107 16.001280784606937 0.63953983783721935 11.215202331542971 248.351921081543 6.6415228843688974 -8.958333492279051 -24.833333015441891 19.516024589538578 232.56377410888675 8.2634849548339862 -5.5953731536865225 -5.1458587646484366 -0.42216905951499933 3.3183870315551762 -0.72549438476562489 287.29382324218756 -1.6862716674804685 -0.98296290636062611 -1.0000000180025095e-35 -9.4981851577758771
decision_type=2 2 2 2 2 2 2 2 2 2 2 2 2 2 2 2 2 2 2 2 2 2 2 2 2 2 2 2 2 2 2 2 2 2 2 2 2 2 2 2 2 2 2 2 2 2 2 2 2 2 2 2 2 2 2 2 2 2 2 2 2 2
left_child=1 3 14 4 16 8 -6 -8 9 33 20 15 29 -2 -3 -12 17 19 36 30 -10 22 23 24 26 -26 27 -14 -24 -13 -1 -32 -33 -4 -22 -25 37 39 44 -16 46 42 43 50 45 60 -40 48 -44 -50 51 -42 -48 -54 57 56 -56 58 -38 -58 61 -39
right_child=13 2 5 -5 6 -7 7 -9 10 -11 11 12 21 -15 18 -17 -18 -19 -20 -21 34 -23 28 35 25 -27 -28 -29 -30 -31 31 32 -34 -35 -36 -37 54 38 40 -41 41 -43 47 -45 -46 -47 52 -49 49 -51 -52 -53 53 -55 55 -57 59 -59 -60 -61 -62 -63
leaf_value=0.06888541950644772 -0.018821416277708069 0.028073533611927333 0.0024041290628106764 -0.029551983767548667 -0.0042751690916220629 0.017911465746125857 0.0020813405916856897 0.062352797229247074 0.011358021363482941 0.031523263063819147 0.00052450160120403829 0.03877184098331396 0.0032674901522053339 -0.044386169513774699 0.0051682807108330217 0.030260685712434413 -0.023677449624231576 -0.026224784478584173 0.018814624223449213 -0.028106604328478321 0.0011734415273304839 -0.0057863502778387407 0.057652349800318248 -0.0036055653325506101 0.0010952346003220716 -0.024813217231964193 0.012511492544025999 -0.030108322307924897 0.0059596599535771087 -0.026546007614510921 -0.0056290491301846587 0.16288564574335648 0.023277000795481454 0.073899612210745078 0.07779105437323619 -0.027371834766441745 -0.0030649628477966507 -0.0018884927971877883 -0.014278812125808726 0.052909171203247743 0.050936706578384096 0.071036271477766283 -0.021028360020904319 0.019919938118241387 -0.01947767615252663 -0.024534114867555294 -0.021301528871302454 -0.0033522820848065505 -0.00083205695839553824 0.061629490504467532 -0.011341019883979273 0.0053684284783053361 -0.011575393237188852 0.0042369886374327911 -0.008434311806516423 -0.00051210100923503499 0.016026444766788796 0.041782250702707718 0.047622973265553842 -0.035046741785916762 0.0054805186278294631 -0.029430967008694211
leaf_weight=31.224251793697476 298.58285013027489 154.68194237351418 661.91731588635594 375.79850327852182 189.6550237396732 710.48829559609294 75.690260990755633 91.799756210064515 761.77381610218436 370.83051215438172 261.97168110869825 26.308406386524439 972.42521984688938 586.04406059952453 5011.8827393399552 303.72929749055766 490.23503264342435 168.5600920622237 277.44630659930408 69.265703200595453 26.147434970829636 1674.965877732262 42.122372918296605 286.97503478289582 1373.1000920245424 366.24122016318142 1428.54091145657 178.57253827154636 4992.783609858714 282.48802524572238 198.33265596954152 8.1463386816903931 112.39957037102431 20.209115478210151 47.471155737061054 447.64147085207514 1115.0701748719439 477.42139838449657 948.43084007920697 70.507294886512682 79.815263167023659 57.458387855440378 71.346686583012342 867.9314138032496 1048.2484428584576 331.7595127010718 262.28174789808691 3087.5012037735432 58.672392308712006 102.76192352548242 408.62871656939387 795.83030733093619 724.99601743090898 2394.9650120707229 644.88932389882393 1094.685843304731 50.157098463736475 82.904339095577598 51.648596150800586 502.15633966261521 950.5488945748657 236.90872724354267
leaf_count=323 33882 1424 9200 20919 7363 4139 8825 4363 4710 3122 2722 173 5859 169540 38502 3010 43564 13802 4547 12155 450 14711 746 5529 12777 7905 8861 2150 65185 4405 7717 178 6955 152 699 19621 12580 4487 15263 776 367 387 505 4739 13414 9459 4242 20789 413 628 2672 4423 12307 31784 19691 27135 1784 5910 269 32559 7647 1282
internal_value=-2.06553e-05 0.000789759 0.00133985 -0.0105085 -0.00552242 0.0039392 0.0141979 0.0351156 0.0032558 0.0140315 0.00241367 0.00159395 0.000895922 -0.0357575 -0.000463558 0.0164901 -0.0120548 -0.00236348 -0.000665979 0.00722728 0.0148143 0.00147021 0.00267501 -0.00102843 0.00187324 -0.00436013 0.0060763 -0.00191063 0.00639212 -0.0209811 0.0142179 0.00886489 0.0327116 0.0045223 0.0505784 -0.0180876 -0.000917023 3.03528e-05 -0.00225387 0.00583058 0.000216428 0.00352775 0.00281894 0.00975407 -0.0102537 -0.00541109 -0.00401188 -0.0016764 0.0205517 0.0389282 0.00288382 0.00952199 -0.00113288 0.000562611 -0.0057289 -0.0099459 -0.0185719 0.00200536 -0.000821097 -0.0304086 -0.00160045 -0.011023
internal_weight=39894 39009.3 37198.2 1811.11 1435.31 15236.7 357.145 167.49 14526.2 1052.96 13473.3 12637.9 12072.2 884.627 21961.5 565.701 1078.16 587.929 21806.9 419.369 835.392 11763.4 10088.4 5053.5 4318.88 1739.34 2579.54 1151 5034.91 308.796 350.103 318.879 120.546 682.126 73.6186 734.617 21529.4 17987.9 12905.5 5082.39 9860.62 5529.95 5472.49 2152.21 3044.89 1996.64 4330.67 3320.28 232.781 161.434 1284.27 875.646 3382.24 3119.96 3541.51 2291.89 1197.2 1249.62 1166.72 552.313 1664.88 714.33
internal_count=785697 582275 456111 126164 105245 176126 20551 13188 171987 12474 159513 153654 147922 203422 279985 5732 84694 41130 278561 27328 5859 143344 128633 62702 37552 20682 16870 8009 65931 4578 15173 14850 7133 9352 1149 25150 274014 174086 134808 39278 98519 34923 34536 12201 36289 22875 63596 22335 1546 1041 7462 4790 48333 44091 99928 81169 54034 18759 12849 34343 13416 5769
is_linear=0
shrinkage=0.05


Tree=71
num_leaves=63
num_cat=0
split_feature=1 20 42 48 39 36 47 52 21 49 39 37 48 36 11 39 42 49 17 36 8 36 48 47 47 54 49 53 47 49 38 42 45 35 51 25 43 49 53 14 48 44 47 25 34 29 13 54 38 48 33 48 48 29 49 48 13 48 49 49 17 48
split_gain=424.752 82.5465 76.8556 66.631 64.2316 61.8332 73.6767 64.1124 61.9798 59.5469 85.7331 70.4703 56.927 57.5428 56.9023 58.4286 55.0816 80.7148 71.3528 63.4347 54.2176 54.1344 53.391 52.4747 52.0556 55.4457 50.4484 127.257 50.3499 49.7951 82.3886 49.148 46.1144 45.17 42.8686 42.8385 40.8183 40.3164 39.9425 48.216 39.4647 38.8199 68.0827 93.6886 81.7227 65.1092 53.5899 46.7451 37.735 37.4897 37.313 43.5891 41.0196 58.3397 50.7648 45.857 35.491 35.2182 35.0852 35.979 36.5949 34.5107
threshold=290.70118713378912 -1.0157171487808225 3.9683380126953129 0.96387076377868663 -48.442987442016594 228.529411315918 -3.0682443380355831 57.570123672485359 -24.505388259887692 269.73658752441412 -26.570807456970211 252.32026672363284 -0.37438794970512385 246.76470184326175 288.96626281738287 -49.468404769897454 -8.2926330566406232 284.16561889648443 -5.3756484985351554 274.41175842285162 288.03538513183599 286.76470947265631 0.92005395889282238 6.3749313354492196 2.4523838758468632 0.78656607866287243 278.19204711914068 1089.1666564941409 1.2290768623352053 258.38572692871099 -2.8235244750976558 16.19577789306641 10.474720954895021 5.5587663650512704 4.0560500621795663 5.0751008987426767 8.929725646972658 284.25558471679693 805.25000000000011 -41.830804824829094 -0.74852561950683583 -6.7657489776611319 -0.070645213127136217 1.9690389633178713 1.9892296791076662 3.6545486450195317 -45.353353500366204 -1.0000000180025095e-35 -4.5294113159179679 0.82003378868103038 1.2344670295715334 -0.47858285903930659 -0.19414439797401425 5.0169582366943368 276.13734436035162 -0.25980782508850092 -20.980083465576168 0.65393865108490001 261.63801574707037 263.43424987792974 1.1571083068847658 -0.45456704497337336
decision_type=2 2 2 2 2 2 2 2 2 2 2 2 2 2 2 2 2 2 2 2 2 2 2 2 2 2 2 2 2 2 2 2 2 2 2 2 2 2 2 2 2 2 2 2 2 2 2 2 2 2 2 2 2 2 2 2 2 2 2 2 2 2
left_child=1 2 4 5 24 7 8 9 12 11 -11 29 13 33 15 -8 17 18 -6 -19 -16 -2 48 38 25 26 27 49 -13 30 36 34 -25 61 -17 -28 -4 56 40 -40 -18 42 45 44 46 -22 -44 -47 -10 -1 51 -36 53 54 55 -52 -33 -38 -3 60 -60 -7
right_child=21 58 3 -5 16 6 14 -9 22 10 -12 28 -14 -15 20 31 23 19 -20 -21 41 -23 -24 32 -26 -27 35 -29 -30 -31 -32 37 -34 -35 50 -37 57 -39 39 -41 -42 -43 43 -45 -46 47 -48 -49 -50 -51 52 -53 -54 -55 -56 -57 -58 -59 59 -61 -62 -63
leaf_value=0.012154787941854138 -0.017714703663842129 0.025678469168336659 0.0044314683576686499 -0.018157958511530896 -0.0065070229904338377 0.026257588314125408 -0.019410188077928138 -0.017651947333180335 0.0091658150398925796 -0.0073971021792075993 0.025155365746484328 0.045729950683643342 -0.019012864065060475 -0.028064352400296456 0.063998409439701365 -0.012411443519806295 -0.024475217401258711 0.024082137924876051 0.014324981173464419 0.098899121029141168 -0.014390112225846699 -0.042083506638916593 0.078463696218885923 0.02198842640424464 -0.038054916950358134 -0.031667308658280595 -0.027500042595780667 0.16350357038679919 -0.016789480558686756 -0.0021118168277933585 0.024344628174210736 0.0049467751273535292 -0.01852155807422725 -0.013954607191902788 0.022779961883399258 0.0051015447971408528 -0.053777921757538455 0.027356123978536814 0.040617534407100857 0.0038848042289798866 -0.0025614182451988328 -0.0036257113932948327 0.026092721096660609 0.014141367437226155 0.25593793443238255 0.077045554875746589 0.2118426498939644 -0.016685526922060091 -0.038785679969001521 -0.029081980514413054 0.0072847925999094303 0.0037559627635260456 0.004113960916540791 -0.02424974049063236 -0.013761136880067673 -0.016061775521629063 0.049307670516049167 0.0049060367536305242 0.0042877736591621189 0.017129430290630465 -0.058823562495422435 0.089720799684377739
leaf_weight=311.17832284630276 364.27008248912171 456.00192753970623 318.04361875727773 371.53949324972928 824.84791514789686 69.082947115413845 304.19510693103075 223.94693438895047 353.99931195750833 251.78573885839432 1028.4066879525781 167.89164873491973 1017.5540126333944 69.873114613816142 60.784251632168889 529.08577362634242 207.91237337421626 128.61904569342732 819.34905005432665 36.334861738141626 101.59609627583995 608.76490368228406 25.327939480543137 384.12360583990812 176.92605045065284 208.82972467527725 257.73267680360004 13.076504557859151 39.847100926563144 1567.4255980290473 582.87319996953011 1009.1566649451852 85.974549809470773 45.91974691580981 435.59260300127789 165.44245958281681 66.318775609135628 313.14838616270572 103.6505310931243 646.85920190205798 17371.14356418699 184.60716146975756 13.895828519947829 32.782694756519049 9.6973055428825301 45.805711989756674 5.3888085391372469 18.74530628696084 46.40645244717598 66.980446634348482 1279.3734035752714 975.22299232054502 3413.4920403743163 320.63889737427235 595.2266776394099 251.71073495224118 47.196278095245361 41.60558070614934 55.258123978972435 156.23478459566832 39.30874090641737 31.049339289776981
leaf_count=18355 40910 3361 2070 5724 12660 704 13718 1425 3059 1696 5560 1276 23004 1764 1200 7669 5387 971 5245 382 5421 181111 196 2546 8183 20042 24928 176 297 10246 3226 13219 1044 938 4216 10731 431 3062 1696 4582 223363 12221 635 1788 358 1831 100 829 277 3558 11989 8947 46256 5727 10357 2369 311 392 321 1003 294 232
internal_value=-0.000332515 0.00048612 0.000171829 0.00277295 -0.00176822 0.00326221 0.00136665 0.00839285 -0.00838742 0.00982798 0.018753 0.00572392 -0.0140648 0.00925315 0.00299363 0.00214838 -0.0011134 0.00721928 0.00387414 0.0405623 0.0199128 -0.0329607 0.00806164 -0.00191528 -0.0130125 -0.0086825 -0.00278878 0.0101536 0.0337379 0.00346499 0.0121296 0.00286355 0.0145797 0.0271063 0.00132976 -0.0147543 -0.00458477 0.0115996 -0.00233833 0.00895785 -0.0028206 0.0134168 0.0272212 0.0720422 0.137536 0.0105591 0.0779978 0.0498265 0.00360831 0.00485083 0.00232962 0.00962967 0.000572246 -0.00436844 -0.00137042 0.00344661 0.00692875 -0.0311549 0.0174169 0.00239579 -0.0219458 0.0459365
internal_weight=39755.1 38782 38075.2 16266.2 21809 15894.7 11606.6 4288.14 1659.21 4064.2 1280.19 2784.01 1233.48 215.925 9947.34 9474.04 20608.8 1809.15 1644.2 164.954 473.303 973.035 425.734 18799.7 1200.17 1023.24 814.41 391.235 207.739 2576.27 1008.84 9169.84 470.098 146.052 7800.34 423.175 425.968 1369.5 18329.6 750.51 17579.1 412.519 227.912 61.7646 28.9819 166.147 19.2846 64.551 400.406 378.159 7271.26 1410.82 5860.44 2446.95 2126.31 1531.08 1056.35 107.924 706.804 250.802 94.5669 100.132
internal_count=785589 563568 558589 214740 343849 209016 182397 26619 30174 25194 7256 17938 26642 3638 152223 127840 257876 19258 17905 1353 24383 222021 3532 238618 85973 77790 57748 22089 1573 16365 6119 114122 3590 1874 97530 35659 2893 16592 235028 6278 228750 23183 10962 2881 1093 8081 735 2660 3336 21913 89861 13163 76698 30442 24715 14358 13530 823 4979 1618 615 936
is_linear=0
shrinkage=0.05


Tree=72
num_leaves=63
num_cat=0
split_feature=1 12 42 5 35 11 17 28 19 52 47 42 47 53 54 47 43 52 42 50 27 11 50 1 24 19 55 27 55 32 23 42 43 25 19 29 35 40 47 22 40 24 55 35 28 40 11 5 47 35 45 45 43 43 40 37 29 35 54 17 54 5
split_gain=394.016 79.3575 75.8134 79.3271 97.2144 64.2163 61.8838 82.1892 58.5097 57.6785 55.1979 51.1377 48.7732 48.0928 44.2053 54.5874 48.4994 51.8082 42.4412 40.6625 40.6446 42.5666 41.2 48.5147 40.3009 40.0319 39.4618 56.8096 47.7765 52.3086 41.2392 39.7516 41.3167 38.2482 54.1406 38.2111 34.5108 34.0652 33.6694 33.5732 33.0851 35.0701 39.9947 32.8965 66.9292 66.3296 62.9508 57.2801 71.5627 59.1841 51.8004 50.8656 37.3721 36.9042 60.9645 47.654 46.2131 64.9139 75.7952 70.6196 56.238 74.7195
threshold=290.85476684570318 -49.746589660644524 7.5998916625976571 230.21923828125003 4.7603943347930917 287.80949401855474 -5.0978469848632804 1.592099189758301 -33.131856918334954 42.129280090332038 -2.1591138839721675 5.2663574218750009 -5.5953731536865225 224.02777862548831 1.0000000180025095e-35 -2.8623459339141841 -1.2767486572265623 23.263384819030765 28.639678955078129 222.99001312255862 15.507133483886721 242.24576568603518 123.18079376220705 265.01083374023443 -0.14736080169677732 1.0000000180025095e-35 -0.91597560048103321 25.143560409545902 -0.12940952181816107 19.93973541259766 -9.0357642173767072 -5.8234329223632804 2.1403656005859379 21.761487960815433 -2.8856743574142452 -4.1651387214660636 -1.6928170919418333 10.156875610351564 0.97744774818420421 -13.346693515777586 -3.4901962280273433 2.8565826416015629 0.78656607866287243 -0.76137718558311451 -1.9789280891418455 -3.1176452636718746 275.57345581054693 283.59516906738287 1.9669194221496584 -0.42913483083248133 -1.1688930392265318 2.1630644798278813 -1.6824798583984373 -8.074546813964842 0.96078491210937511 273.59840393066412 8.0376853942871112 10.794273853302004 -0.91597560048103321 -35.432252883911126 -0.7865660786628722 232.0131759643555
decision_type=2 2 2 2 2 2 2 2 2 2 2 2 2 2 2 2 2 2 2 2 2 2 2 2 2 2 2 2 2 2 2 2 2 2 2 2 2 2 2 2 2 2 2 2 2 2 2 2 2 2 2 2 2 2 2 2 2 2 2 2 2 2
left_child=1 14 3 4 -3 8 19 -8 12 13 -7 -2 24 25 15 -1 -17 36 35 43 21 -10 23 -22 -4 26 30 28 29 -28 -6 -30 -33 -11 -35 -14 -18 -20 -25 -31 -37 -42 -43 45 -45 51 -47 53 49 -49 -50 -5 -53 54 55 -46 57 58 -55 -60 61 -58
right_child=11 2 5 6 9 10 7 -9 20 33 -12 -13 18 -15 -16 16 17 -19 37 -21 22 -23 -24 38 -26 -27 27 -29 31 39 -32 32 -34 34 -36 40 -38 -39 -40 -41 41 42 -44 44 47 46 -48 48 50 -51 -52 52 -54 56 -56 -57 60 -59 59 -61 -62 -63
leaf_value=-0.026618328852959946 -0.03969951089404667 0.02221154327143084 0.058683918703017562 -0.0052083403785273229 -0.0040661357341765028 -0.013316038168207357 0.038529584223158088 -0.02862905440564259 0.027862641508322572 -0.00052322941269593336 0.044654805057711099 -0.012293360177337235 0.074501777635374786 0.0094168587015730013 -0.017349159702641288 -0.021415215447817607 0.096183578864765584 -0.013302810528259913 0.015642196092067458 0.011161206228630637 -0.0051623804262893834 0.0093331691038568906 0.024796057627840484 0.005567728606262764 -0.023957695948526703 0.026697799078138348 0.021893487906406987 -0.010972887141814394 0.0098350292869412385 -0.0118484263831381 0.016456941547697026 -0.0099330204615114825 0.0044014586306577331 -0.036773739424449128 0.0044950734189565375 -0.021837999399425198 0.016990881361296981 0.081264942082636737 0.0887933650488857 0.0071601668633410375 0.0090657328054396299 0.00056322468861734151 -0.017103631797469841 -0.024384969312301729 0.02112579886704306 -0.015347538733219604 0.023997672089515146 0.048308241937915393 0.086482115343936003 -0.025316739626368153 0.0024112781877119035 0.012364859319816254 0.081009070068869649 0.016634114409996622 -0.016700460025865838 -0.01119548410561565 0.026193020626814618 -0.017485473783520413 -0.015910486104586778 -0.00099686333623668472 0.0055569681299666709 -0.017440851597060384
leaf_weight=178.93459982494824 674.04276340687647 638.64584542065859 15.579872429370878 1261.161485618446 375.28177805617452 53.409056597389281 51.63984343688935 386.72066330909729 346.03388058766723 398.17957962863147 177.62493421602994 227.71201812126674 17.178400758653879 2316.6410063449293 906.69804379204288 148.76787948491983 14.225197208113967 165.46791717014275 239.02172683551908 593.96352606569417 1025.7169699966908 2971.7635979074985 154.11239664256573 25.053514244034886 277.69462451525033 149.5198867470026 483.40327727049589 1162.6717029772699 524.74507924169302 306.46203408017755 703.86234770528972 1589.8900319114327 735.12283923104405 238.90300380811095 119.08860968053341 168.67218698747456 417.99773289076984 21.55999057367444 23.599496243521571 959.79530648514628 926.85408564191312 1845.07588695921 387.65542782191187 356.52525725727901 237.0277253780514 124.92455679550767 545.93891074554995 28.570677975891158 24.911835938226432 611.68008676171303 69.269195654196665 66.857925062999129 28.187587768770754 520.38073877780698 937.57175466557965 219.78777476912364 118.44282180070877 720.60376502131112 933.42131675290875 5305.8684263988398 3824.2088031193707 571.61029534973204
leaf_count=7011 191500 3372 121 20979 3458 1516 242 2312 1840 2244 4327 24564 110 13245 60217 8394 320 10967 2264 6734 10093 22062 1151 272 5593 1443 2665 7835 3442 2678 4004 9488 4261 1756 573 1209 26769 314 158 5398 8749 30525 7042 6957 1659 896 5658 822 748 51708 3356 549 257 8693 20989 3452 864 13384 33203 55831 45506 7979
internal_value=-0.000106 0.00065433 0.00115839 -9.75098e-05 0.00329488 0.00524621 -0.0021675 -0.0207176 0.00453477 0.00209441 0.0312535 -0.0327789 4.10605e-05 0.00317335 -0.00950285 -0.00181506 0.00413056 0.010489 0.00163581 -0.00169199 0.00838897 0.0112657 0.000619633 -0.00284834 -0.0195675 0.00110433 0.000544972 -0.00109842 0.00139771 0.0079013 0.00931986 -0.00259528 -0.00540074 -0.0111858 -0.0230454 0.000121911 0.0195972 0.0210717 0.0459369 0.00255967 -0.000261991 0.000889828 -0.00250416 -0.00215448 -0.00298963 0.00381119 0.016671 -0.00244953 -0.0160452 -0.0220313 0.0246489 -0.00255007 0.0327226 -0.00170376 -0.00940278 0.00557505 -0.000808737 -0.00321973 -0.00169895 -0.003228 0.00318635 -0.0099514
internal_weight=39651.9 38750.2 36918.1 28241.5 10702.2 8676.61 17539.3 438.361 8445.57 10063.6 231.034 901.755 3899.29 9307.4 1832.09 925.393 746.459 597.691 3606.02 17100.9 4546.28 3317.8 1228.48 1074.37 293.274 6990.75 6841.23 5762.09 4599.42 1749.66 1079.14 2849.76 2325.01 756.171 357.992 3345.44 432.223 260.582 48.653 1266.26 3328.26 3159.59 2232.73 16507 14479.9 2027.07 670.863 14123.4 734.432 640.251 94.181 1356.21 95.0455 13388.9 1394.39 456.816 11994.5 7480.27 6759.67 6239.29 4514.26 690.053
internal_count=785728 569664 455986 358640 65862 97346 292778 2554 91503 62490 5843 216064 55927 57917 113678 53461 46450 38056 50213 290224 35576 23902 11674 10523 5714 44672 43229 35767 27932 10741 7462 17191 13749 4573 2329 47635 27089 2578 430 8076 47525 46316 37567 283490 255151 28339 6554 248194 56634 52530 4104 21785 806 191560 26100 5111 165460 111111 97727 89034 54349 8843
is_linear=0
shrinkage=0.05


Tree=73
num_leaves=63
num_cat=0
split_feature=1 39 47 23 48 28 48 49 48 24 49 49 48 49 32 29 49 49 48 5 49 49 49 49 55 48 51 39 48 29 23 49 48 48 23 5 43 49 49 46 40 48 48 29 49 48 49 49 49 36 48 53 44 49 48 48 49 49 44 55 5 33
split_gain=399.127 84.8009 64.1242 63.0088 94.6481 77.0803 77.491 74.2999 67.7151 106.018 99.5385 199.064 100.294 100.128 89.7425 103.841 88.8288 128.953 123.952 88.4304 86.8157 170.125 132.791 99.3511 93.1171 104.123 104.051 87.3187 82.0226 93.895 80.1589 80.0741 78.9641 77.6644 76.2878 75.6707 75.3266 74.5426 74.6528 74.5152 73.9834 75.0157 73.7929 84.0185 94.4352 101.671 76.34 88.5074 72.8718 70.4017 70.3332 67.4533 66.946 65.4728 98.0738 79.6546 69.5266 65.106 59.8472 57.3528 62.4724 68.3155
threshold=290.85476684570318 -49.468404769897454 1.1138217449188235 -4.3606848716735831 0.9702095389366151 24.796339035034183 0.83034712076187145 259.72676086425787 1.0000000180025095e-35 11.835068702697756 276.94873046875006 280.31988525390631 -0.55223670601844776 264.55642700195318 10.276367187500002 7.1702222824096689 276.05895996093756 275.10462951660162 -0.07752364873886107 249.41485595703128 286.04714965820318 284.34808349609381 288.57763671875006 282.94137573242193 0.98296290636062633 -0.50290912389755238 80.382499694824233 -34.717504501342766 0.32099205255508428 11.928644180297853 -16.888421058654782 272.37759399414068 0.66979008913040172 -0.48176059126853937 -30.4776496887207 288.89036560058599 11.167251586914064 267.04945373535162 267.56375122070318 1.5872707366943362 -1.1764755249023435 -0.15365490317344663 -0.25980782508850092 1.5809564590454104 263.73217773437506 -0.28530356287956232 274.13537597656256 272.63078308105474 282.48001098632818 213.82353210449222 -0.51876229047775257 10.916666507720949 -1.4595680236816404 274.13537597656256 -0.032680213451385491 -0.57820284366607655 273.86521911621099 276.47534179687506 -4.6073951721191397 0.98296290636062633 272.31756591796881 -3.2023745775222774
decision_type=2 2 2 2 2 2 2 2 2 2 2 2 2 2 2 2 2 2 2 2 2 2 2 2 2 2 2 2 2 2 2 2 2 2 2 2 2 2 2 2 2 2 2 2 2 2 2 2 2 2 2 2 2 2 2 2 2 2 2 2 2 2
left_child=1 2 -1 4 5 8 -7 -8 9 10 12 34 13 -3 32 30 17 19 40 51 21 23 33 24 26 -26 -13 -24 29 -17 -16 -15 37 -22 -12 36 59 -10 -39 -33 41 57 43 44 -21 50 47 -44 -28 -30 -46 -14 -29 54 55 -11 -57 -18 -2 60 -23 -62
right_child=58 3 -4 -5 -6 6 7 -9 14 53 11 20 16 31 15 28 18 -19 -20 42 22 35 27 -25 25 -27 48 52 49 -31 -32 39 -34 -35 -36 -37 -38 38 -40 -41 -42 -43 46 -45 45 -47 -48 -49 -50 -51 -52 -53 -54 -55 -56 56 -58 -59 -60 -61 61 -63
leaf_value=-0.0057505247924872147 -0.012151979121459254 -0.015283881343946155 -0.031388441953403533 0.0080114223620686414 -0.030553538568318651 -0.024467243604386221 -0.015738800264788296 0.017921323234683106 -0.0067104654625404466 0.029854061112289415 -0.040371601904529736 -0.012424012340078462 -0.0087800617893536281 0.052260972004465014 -0.01447598035469029 0.0041465490119112205 -0.0097040221656439982 -0.029022656491899852 -0.049452850142686494 0.035823612180742814 -0.0053082183037381388 0.02907647384511728 -0.00089765905255442162 -0.02468358435028159 0.00067209316273803932 0.084821520062501363 0.011975279879794368 0.06683341133043566 0.036671082775717657 -0.019793397901506499 0.022392874344309612 0.02831083467405018 -0.022949425018978228 -0.032628945813977094 -0.012345146850684418 0.12708899729812081 0.062519490117613208 0.10057539728790321 0.015873442257865498 -0.01880797756799479 0.0002898197536132595 0.097592966859241875 -0.013457497259939397 -0.017264129077892116 0.021602572323898714 0.046945218571155245 -0.042828378450072972 0.043885367508817844 0.12552515720490662 0.0044992050012435392 -0.0074626937728897629 0.0078475168799643415 -0.00792561265684384 -0.037411463164476001 0.07650674662134245 -0.018135753648718771 0.069081099655241771 0.04504575794855939 -0.041572495854921031 -0.047159212544124286 0.067520502537156787 -0.0049899084632167448
leaf_weight=1126.1728067717049 237.42240124451928 163.62118838354945 311.31102385604754 3008.335379242897 244.18202692759223 599.40653938800097 342.04849988035858 314.85485946200788 392.89698806288652 104.25447694212198 472.54530420107767 470.35316097200848 705.1252360381186 229.3616681592539 1368.1328015299514 880.39749544858932 71.493487120140344 360.41474292404018 56.570596325211227 226.23900960246101 469.4704661804717 495.58733786363155 717.58623689669184 472.55228032195009 78.01973077096045 69.51365191093646 34.648440338671207 92.670747306197882 173.06880478560925 765.87907722219825 165.2301086448133 311.65478822821751 157.66298254393041 583.33250494697131 499.41973514296114 16.539415643783286 91.382001047953963 26.309319485910237 2313.6469595306553 114.81927496800199 158.73022793116979 50.857985751470551 881.0806435958948 516.51442934991792 252.56287666317075 112.81556614721194 203.24325292976573 72.855859027476981 23.859111666679382 9741.1869586654939 1183.310183114605 4518.2575924014673 44.242555420845747 251.29072148632258 32.423710785806179 971.29278814326972 23.400718133896589 225.78157025249675 635.61709011928178 35.772783659398556 35.944412695709616 337.33400221867487
leaf_count=85900 27366 1391 19417 16974 3749 7009 3596 3699 7432 929 14114 9398 4935 1582 23239 8268 1324 5622 814 1281 10460 3792 20932 11422 1700 501 404 631 787 6485 815 2677 6736 12276 4106 613 615 359 47028 1346 2064 330 13989 10273 2333 1003 3403 1665 226 108247 17779 29041 297 4353 363 11295 273 1448 188591 806 391 6255
internal_value=-0.000138777 0.000614088 -0.0113028 0.00107295 0.000464825 0.000687074 -0.0114674 0.000394552 0.00115229 -0.00106038 0.000126244 -0.00564146 0.00291768 0.0197077 0.00348322 0.00172297 0.00148387 0.000282367 0.0207452 0.0015003 -0.000785126 0.00607555 -0.00856019 -0.00709295 0.00519647 0.040321 -0.00460202 0.00608392 0.00334461 -0.00699077 -0.0105031 0.0284375 0.0114571 -0.020446 -0.0259709 0.0210178 0.0192564 0.013442 0.0168258 0.0156251 0.0285799 0.0414787 -0.0047136 0.000483977 0.00564878 0.00124071 -0.0150058 -0.009078 0.0582804 0.00506082 -0.00235026 0.00560289 0.0426756 -0.014325 -0.00919727 -0.0117259 -0.0160839 0.0318787 -0.0335716 0.0148862 0.0174407 0.0019924
internal_weight=39642.5 38769.5 1437.48 37332 34323.6 34079.5 1256.31 656.903 32823.2 16838.7 15456.1 5040.77 10415.3 819.457 15984.4 13093.9 9595.85 9032.42 563.434 8672 4068.81 2161.51 1907.3 1148.95 676.394 147.533 528.861 854.5 11560.5 1646.28 1533.36 655.836 2890.52 1052.8 971.965 1012.56 996.021 2732.85 2339.96 426.474 506.863 348.133 3448.62 2291.44 1774.93 1548.69 1157.18 953.937 58.5076 9914.26 1435.87 5223.38 136.913 1382.66 1131.37 1098.95 994.694 297.275 873.039 904.639 868.866 373.278
internal_count=786149 570192 105317 464875 447901 444152 14304 7295 429848 220452 203239 98939 104300 6996 209396 147841 97304 91324 5980 85702 80719 36123 44596 23651 12229 2201 10028 21860 123787 14753 24054 5605 61555 22736 18220 12472 11859 54819 47387 4023 5166 3102 51726 32669 22396 21115 19057 15654 630 109034 20112 33976 928 17213 12860 12497 11568 2772 215957 11244 10438 6646
is_linear=0
shrinkage=0.05


Tree=74
num_leaves=63
num_cat=0
split_feature=1 38 49 53 54 53 44 43 50 54 49 49 49 49 49 49 49 54 53 54 48 48 41 49 49 54 48 29 48 48 26 54 35 48 24 5 17 49 48 51 48 24 35 40 29 50 48 35 48 48 29 17 10 50 52 5 48 48 24 48 29 49
split_gain=365.443 80.8767 129.056 93.5679 100.729 72.5165 60.2667 56.9089 54.9166 53.5281 53.0949 77.9737 51.2114 51.0083 65.8564 68.0505 102.008 172.626 109.663 83.2091 92.0605 103.953 88.4287 86.0943 114.903 94.6758 84.4399 73.4954 71.2449 70.5612 67.2835 65.6588 141.194 65.5587 87.6254 112.148 74.8435 74.2444 74.2301 71.2825 68.7868 67.7134 67.1432 66.323 63.8978 68.2743 60.9485 85.5298 60.4924 108.88 78.4 76.1521 59.3241 59.179 58.3457 58.1007 71.3133 85.6298 67.6356 102.792 69.3746 57.6343
threshold=291.15071105957037 -42.823524475097649 276.94873046875006 805.25000000000011 -0.6035533845424651 23.166666984558109 -4.6073951721191397 -0.53422546386718739 406.11505126953131 -0.6035533845424651 266.37236022949224 265.41934204101568 274.31605529785162 247.43756103515628 256.32855224609381 261.09867858886724 265.70214843750006 -0.37940952181816096 239.70833587646487 -1.0000000180025095e-35 -0.53677642345428456 -0.30635160207748408 6.9840204715728769 258.38572692871099 259.51712036132818 -0.6035533845424651 -0.25243204832077021 4.2855558395385751 -0.091793358325958238 -0.20686483383178708 2.8714599609375004 -0.6035533845424651 9.5091361999511737 1.0000000180025095e-35 2.9644708633422856 263.05389404296881 -28.811759948730465 274.21087646484381 -0.58530998229980458 24.759103775024418 0.9657111167907716 11.130758285522463 11.316497325897219 24.705894470214847 13.110123634338381 126.96470260620119 -0.047472476959228509 13.273918151855471 -0.18589657545089719 -0.051667749881744378 18.772079467773441 1.0000000180025095e-35 244.016716003418 126.96470260620119 6.9437274932861337 224.38174438476565 0.5229582190513612 0.90872198343276989 23.638015747070316 0.8446832299232484 19.733339309692386 272.37759399414068
decision_type=2 2 2 2 2 2 2 2 2 2 2 2 2 2 2 2 2 2 2 2 2 2 2 2 2 2 2 2 2 2 2 2 2 2 2 2 2 2 2 2 2 2 2 2 2 2 2 2 2 2 2 2 2 2 2 2 2 2 2 2 2 2
left_child=1 2 3 7 -5 -3 -2 -1 -4 -9 11 -11 -12 44 46 19 17 53 28 23 -21 22 -22 29 31 27 -23 30 -19 -16 -26 32 -25 34 36 37 -18 38 61 41 55 -40 52 -42 45 -7 -15 -48 -28 -50 -51 54 -39 -17 -52 56 -35 -58 60 -60 -57 -36
right_child=6 5 8 4 -6 13 -8 9 -10 10 12 -13 -14 14 15 16 33 18 -20 20 21 26 -24 24 25 -27 48 -29 -30 -31 -32 -33 -34 40 35 -37 -38 42 39 -41 43 -43 -44 -45 -46 -47 47 -49 49 50 51 -53 -54 -55 -56 58 57 -59 59 -61 -62 -63
leaf_value=-0.018667752043518709 -0.010869896790811072 -0.0030711694552253647 -0.024374332284996067 0.15957882714749749 0.016993387097422555 0.045140166572953805 -0.042512237940745892 0.045184792256039767 0.19757165974612043 0.0017264765719165792 -0.022876760250532514 0.11853065346963183 0.020655487894865154 -0.043110443269223246 -0.040855234238523566 -0.039321050875913109 -0.0010751005385254313 -0.00099779298465110734 0.012941868603142987 -0.070017555814077981 0.048270630093381228 -0.053004477494513105 -0.028783305619914042 0.057171211734939012 -0.0269710009325385 0.018617854944242816 0.045757761947180092 -0.03745293953364056 -0.023058193471227312 0.019794126569247037 0.032058481527057307 -0.04950551343892557 -0.02746211562671283 0.0054599394415700006 0.056541036104732517 -0.028993995675778841 0.010890579694446338 0.0098154822837882953 0.014208894535634118 -0.010283469656307803 -0.033713990564160988 -0.010059296310728652 -0.045841484977970665 0.067197356341088602 -0.0092072173956230467 -0.036390573378875322 0.037986354692550114 -0.0088535142790620424 -0.02630508899917515 0.025448647327739778 0.033833273621899043 0.030896424996334406 -0.014070062122897582 0.0058491539765089043 -0.0075916057480967195 0.0060286719888518955 0.037220403161458866 -0.013169827233332154 -0.019306334364289093 0.0092930095788427251 0.046945858793698003 0.00014952401875058374
leaf_weight=261.09289489639923 204.93849871540442 8042.3509953673929 850.57095625973307 19.341933036223054 34.443918978329748 216.2654440626502 566.2932036514394 89.989912911551073 2.7962414503563187 39.415368116693571 184.64858812349848 22.41249361471273 106.54002053290606 115.23527727555484 51.8994848895818 468.21875926339999 2919.6535148341209 973.57873793225735 860.64294806821272 32.154411557130516 329.71060819923878 50.383750658482313 41.974556962028146 60.234460098668933 84.694892504252493 505.06352260801941 128.39410939067602 181.14996438194066 586.44493146589957 631.34200830245391 112.25715562794358 181.22314197383821 270.97832260932773 728.35028548259288 108.48745593056083 446.22393285296857 2365.7225390959065 345.68656412512064 1016.5643446389586 962.76296477019787 171.53583454829641 400.74707185383886 129.07272287737578 17.990296738222241 118.83986468613148 29.137112133204937 105.57628890685737 1267.748502176255 183.99776789546013 827.17491493117996 96.859624775126576 217.32067036628723 1048.2160605727695 85.79810449667275 694.30889505892992 6866.6151112914085 500.01222158223391 101.4072432834655 671.90578960999846 590.13875069282949 105.17938977992162 77.805435146205127
leaf_count=13696 24689 104542 83320 204 678 1625 178804 4417 213 2128 15544 585 6776 1589 399 6877 61152 8823 7926 272 1550 239 248 415 385 3177 601 2250 9350 4449 615 1684 2773 3846 650 15738 16444 1767 9114 8395 3325 4368 2603 199 728 169 813 9742 972 6490 712 1624 13930 722 5245 107181 2578 577 8055 6291 889 666
internal_value=-2.34264e-05 0.00065511 -0.0103116 0.00470405 0.0682685 0.00113107 -0.034104 -0.000151612 -0.0236471 0.0107612 0.001986 0.0440678 -0.00694919 0.00229313 0.00205731 0.00261713 0.00147825 -0.00714848 -0.00138617 0.00810304 0.0140612 0.0151131 0.0395689 0.000644628 -0.00647493 0.0044534 0.0109784 -0.0144673 -0.00929075 0.0151872 0.00667415 -0.0253095 -0.0120707 0.00278926 -9.43709e-05 -0.00519273 0.00428071 -0.00259557 0.00259437 0.00021532 0.00569295 0.00734702 -0.0113411 -0.0241352 0.0208865 0.0354599 -0.00818335 -0.00525263 0.0124792 0.0103636 0.0140391 0.00468085 -0.00814647 -0.0323257 -0.00252012 0.00628406 0.0159816 0.0287239 0.0047179 -0.00593313 0.00664597 0.0329891
internal_weight=39507.5 38736.3 1611.25 757.885 53.7859 37125 771.232 704.099 853.367 443.006 353.016 61.8279 291.189 29082.7 28718.4 27229.9 22548.8 2974.68 2420.67 4681.12 2602.28 2570.12 371.685 2078.84 1395.6 883.166 2198.44 378.102 1560.02 683.241 196.952 512.436 331.213 19574.1 9820.94 4535.57 5285.38 4089.34 2566.37 2380.07 9753.13 1417.31 1522.98 189.526 364.242 245.403 1488.56 1373.32 2148.06 2019.66 1835.66 1008.49 1393.9 554.017 791.169 9563.61 1329.77 601.419 8233.84 1262.04 6971.79 186.293
internal_count=785828 582335 127561 44028 882 454774 203493 43146 83533 29450 25033 2713 22320 350232 347710 335566 301466 33698 26099 34100 17953 17681 1798 16147 11299 6427 15883 3250 18173 4848 1000 4872 3188 267768 134827 57231 77596 41493 23193 21877 132941 13482 18300 3524 2522 1794 12144 10555 15644 15043 14071 7581 15697 7599 5957 129417 7001 3155 122416 14346 108070 1316
is_linear=0
shrinkage=0.05


Tree=75
num_leaves=63
num_cat=0
split_feature=1 53 38 52 49 37 49 50 49 0 44 3 23 49 49 54 48 48 50 52 49 48 48 35 49 24 52 39 5 54 49 49 49 49 48 40 48 48 48 23 41 5 55 42 42 49 48 54 39 52 29 48 55 48 49 49 54 49 52 48 48 49
split_gain=335.369 63.9493 68.7652 92.6073 90.5622 75.446 60.8075 65.5096 57.7663 66.2831 50.726 50.3993 50.218 48.9605 129.387 190.685 112.698 149.056 110.499 104.95 100.738 82.9575 81.1142 80.7242 83.453 103.804 89.2552 83.5573 80.2708 106.12 102.383 99.0532 78.1831 76.4095 98.398 127.517 109.232 83.2991 171.169 80.5497 77.0243 94.3311 141.315 75.4409 76.9254 77.4727 84.5079 75.0435 117.869 101.007 82.3779 79.7324 126.123 92.7854 104.157 123.267 80.0896 121.109 120.605 80.6315 81.3757 92.238
threshold=290.70118713378912 545.16665649414074 -42.705879211425774 39.807723999023445 266.37236022949224 287.49818420410162 247.43756103515628 124.68043136596681 272.37759399414068 288.62599182128912 -4.6073951721191397 283.54026794433599 -1.2585433125495908 267.04945373535162 261.09867858886724 -0.37940952181816096 -0.091793358325958238 0.55724394321441661 55.074535369873054 49.095659255981452 266.37236022949224 0.9657111167907716 1.0000000180025095e-35 12.785192966461183 275.10462951660162 3.3643245697021489 39.807723999023445 -34.717504501342766 236.56761169433597 0.37940952181816107 274.68690490722662 272.37759399414068 275.56561279296881 267.93310546875006 0.8994269371032716 7.3725357055664071 0.95832794904708873 0.89009976387023937 0.8446832299232484 -26.508326530456539 13.920842647552492 224.38174438476565 -0.6035533845424651 -3.5868148803710933 2.6427536010742192 276.94873046875006 -0.07752364873886107 -1.0000000180025095e-35 -20.599854469299313 88.222122192382827 31.354249954223636 -0.53677642345428456 0.91597560048103344 -0.48803782463073725 258.98173522949224 258.72836303710943 0.60355338454246532 260.66418457031256 49.095659255981452 -0.39245748519897455 -0.33470275998115534 260.66418457031256
decision_type=2 2 2 2 2 2 2 2 2 2 2 2 2 2 2 2 2 2 2 2 2 2 2 2 2 2 2 2 2 2 2 2 2 2 2 2 2 2 2 2 2 2 2 2 2 2 2 2 2 2 2 2 2 2 2 2 2 2 2 2 2 2
left_child=1 2 3 4 5 -1 7 -4 -5 11 -2 -10 13 14 47 -16 20 19 -19 -18 -17 22 23 24 26 32 28 -27 31 -30 -31 -15 -26 34 35 -24 -36 38 40 -40 -35 42 -42 -34 45 46 -45 48 -8 -50 51 -49 53 -53 55 -55 57 -56 59 -58 -61 -62
right_child=10 -3 6 8 -6 -7 12 -9 9 -11 -12 -13 -14 21 15 16 17 18 -20 -21 -22 -23 33 -25 25 27 -28 -29 29 30 -32 -33 43 37 36 -37 -38 -39 39 -41 41 -43 -44 44 -46 -47 -48 50 49 -51 -52 52 -54 54 56 -57 58 -59 -60 60 61 -63
leaf_value=0.051878201777177772 -0.012030880926567226 0.0063474232131566465 0.023094146704565527 -0.026546005292570458 -0.021580337337516464 -0.041036907348653444 -0.023242614325103203 -0.051768223466113684 0.02366857542891378 -0.032673126804212527 -0.038929715343301759 0.089701359918593584 0.014468181765808606 0.0073716810622004988 -0.02886039069463377 -0.00010130471786857228 -0.038727135002645165 -0.013759918498623486 0.025611476156384733 0.049029806448408236 0.037736292309887648 -0.030753313757319767 0.05362931717423302 -0.020191462854973852 -0.037038346676410171 -0.032844064490981088 -0.019968755218436739 -0.0076738563836467634 0.0090281303154655032 -0.013179664546462994 0.066980763963058312 0.037172738225733575 0.031968983302010978 0.0092084053372952848 0.056967022302880192 -0.0068250223054803858 -0.042774676879602784 -0.0088485943658849816 0.024496345622578991 0.077103569878556419 0.041559139465326737 -0.0046457863574927418 -0.00023720167519964493 0.034005101882551583 0.0066249970121327996 -0.012395257712998292 -0.053458121418961516 -0.065217737173518073 0.002132391243750018 -0.046938764823043662 -0.024630575224427742 -0.074841832357252475 0.058462450223130791 0.0056492059111654148 0.051205442995203444 -0.034470934926976719 -0.057374211734632308 -0.054665082938207966 0.082844834096023001 0.043835626144882039 -0.0051977454547762177 0.044627057065904835
leaf_weight=79.296656981110573 245.77411240339279 4064.3934608798008 435.81964524462819 48.960816268343478 1020.1004745704122 30.156116651371121 634.64520704140887 31.322766153141856 65.522139376029372 28.132292673224583 610.96222448558547 51.694889346370474 581.59349577501416 911.17211438342929 1002.6631408673711 1801.1667567407712 573.14076011371799 538.53379866760224 266.35446201241575 36.222308054799214 194.94796211202629 202.53058837424032 112.80939287785441 557.89239585027099 141.46712906239554 501.03300173906609 353.17707227962092 964.3549364823848 1868.6406579862814 1105.7253835084848 41.321955258026719 401.78711089957505 184.82256653276272 3377.1203536528628 227.19784796331078 384.64375979080796 31.221853420138359 1215.6410884391516 303.05054781842045 95.754380121827126 299.8142538741231 3446.4075649334118 621.35216867178679 174.99273828510195 1717.6694014072418 1484.9791108288337 32.793078482151031 36.000493771396577 2988.1967344582081 108.6810949742794 196.53148282505572 33.806555585935712 126.73015756160021 1438.4303601840511 286.18392503261566 220.84724054229446 45.588184203952551 29.828144354745746 56.351987748173997 152.76486154645681 543.7026257335674 112.02681811340153
leaf_count=1269 28483 44936 2944 2060 92484 3536 11614 184 742 4478 193661 1077 4288 5157 15497 15886 9256 8931 3508 416 2303 4204 1396 7125 2056 16536 3446 9450 23872 15549 418 2217 1750 63406 1576 3136 557 18732 4068 545 1538 43639 3204 1843 28561 31691 582 377 18471 683 1333 207 631 11455 1716 1371 245 501 322 704 3541 865
internal_value=-0.000271552 0.000414854 -0.000282934 -0.011458 -0.0169429 0.0262785 0.000162254 0.0180745 0.0204263 0.0362489 -0.0312132 0.0527903 -9.31323e-05 -0.000356279 -0.00298529 -0.00969214 -0.00405658 -0.0148549 -0.000731096 -0.0335106 0.00359406 0.0010904 0.00140413 -0.00168713 -0.000642664 -0.00500123 0.00420027 -0.0162798 0.00617223 0.00167956 -0.0102919 0.0164913 -0.000578227 0.00459526 0.0198869 0.00688444 0.0449164 0.00336026 0.00518277 0.0371275 0.00353781 -0.00084684 0.0133664 0.000856416 -0.000829676 -0.00839402 0.0202015 0.00123671 -0.00361251 0.0004103 0.0067555 0.00875674 0.00963097 0.0075113 0.00847608 0.000309278 0.0195251 0.0412124 0.0119974 0.0073229 0.0109709 0.00331448
internal_weight=39476.4 38619.7 34555.3 1323.86 1129.55 109.453 33231.5 467.142 194.31 145.349 856.736 117.217 32764.3 32182.7 11423.3 4413.03 3410.37 1414.25 804.888 609.363 1996.11 20759.4 20556.8 10441.8 9883.94 5202.11 4681.82 1465.39 4328.65 3015.69 1147.05 1312.96 3736.72 10115 755.873 497.453 258.42 9359.14 8143.5 398.805 7744.69 4367.57 921.166 3595.26 3410.43 1692.76 207.786 7010.32 3731.52 3096.88 3278.79 3082.26 3046.26 2919.53 2885.72 1659.28 1226.45 316.012 910.434 854.082 808.494 655.729
internal_count=786229 564085 519149 105646 97289 4805 413503 3128 8357 6297 222144 1819 410375 406087 109833 55797 40300 22111 12439 9672 18189 296254 292050 150253 143128 92469 50659 25986 47213 39839 15967 7374 66483 141797 6665 4532 2133 135132 116400 4613 111787 48381 4742 64427 62677 34116 2425 54036 30768 19154 23268 21935 21558 20927 20720 12826 7894 2217 5677 5355 5110 4406
is_linear=0
shrinkage=0.05


Tree=76
num_leaves=63
num_cat=0
split_feature=1 23 48 42 53 28 36 51 48 32 23 40 48 40 29 50 44 48 44 48 17 48 35 5 35 14 40 4 26 40 24 23 20 46 29 11 16 11 17 20 39 36 5 11 17 36 36 38 19 28 31 28 36 35 45 45 5 11 0 51 44 20
split_gain=315.455 61.1858 79.1284 68.7173 51.718 54.7844 59.1129 92.9781 61.3354 79.5079 76.0819 75.6 58.3792 56.1692 106.995 77.3532 51.7377 51.2861 51.2811 47.3829 47.0339 46.8428 51.0044 71.7097 68.9844 76.2584 70.4786 68.6076 66.089 70.1332 59.3552 54.405 46.7006 64.3103 61.8448 56.6082 48.406 45.6643 43.5642 43.261 43.1974 42.5765 41.8425 71.5339 44.8101 42.3006 41.6323 39.2859 51.5798 38.4377 38.2014 42.2712 37.9392 37.8522 37.4011 38.8047 37.361 39.2202 41.4817 36.9951 36.6801 36.6641
threshold=290.77198791503912 -4.3606848716735831 0.96787995100021373 7.5998916625976571 805.25000000000011 26.710615158081058 281.47059631347662 50.025959014892585 0.69629311561584484 15.921707153320314 -12.098024368286131 5.6862564086914071 0.71838957071304332 -1.1372604370117185 3.2083749771118169 205.75521087646487 3.1649208068847661 0.83399277925491344 -4.6073951721191397 0.97297734022140514 -35.926530838012688 0.086114823818206801 -1.3467702865600584 265.66770935058599 4.7603943347930917 -31.429016113281246 -1.2941207885742185 276.70735168457037 0.070651531219482436 -2.1372680664062496 -2.4233279228210445 -34.108169555664055 -23.769522666931149 -0.63931655883789051 -0.73326015472412098 289.37577819824224 -46.054412841796868 225.28047943115237 -34.027200698852532 -49.502565383911126 1.0000000180025095e-35 280.29412841796881 257.62951660156256 271.72805786132818 -23.518072128295895 222.05882263183597 238.529411315918 -41.705886840820305 -48.817296981811516 -2.4635481834411617 7.1833696365356454 6.1279802322387704 215.58823394775393 -0.76137718558311451 8.5204343795776385 -4.9962959289550772 230.21923828125003 290.47320556640631 288.72499084472662 37.540472030639656 -0.98529052734374989 -55.737583160400384
decision_type=2 2 2 2 2 2 2 2 2 2 2 2 2 2 2 2 2 2 2 2 2 2 2 2 2 2 2 2 2 2 2 2 2 2 2 2 2 2 2 2 2 2 2 2 2 2 2 2 2 2 2 2 2 2 2 2 2 2 2 2 2 2
left_child=1 2 3 4 5 6 8 13 9 16 42 -10 59 20 -15 50 21 -7 61 37 -8 22 27 24 25 -24 -27 -1 29 49 -29 -26 33 34 -5 39 -37 40 47 -35 -3 -32 45 44 60 -11 -12 48 -9 -25 51 -16 -14 -51 55 -54 -23 -58 -59 -13 -44 -2
right_child=18 19 -4 32 -6 17 7 38 11 10 46 12 52 14 15 -17 -18 -19 -20 -21 -22 56 23 28 31 26 -28 30 -30 -31 41 -33 -34 35 -36 36 -38 -39 -40 -41 -42 -43 43 -45 -46 -47 -48 -49 -50 53 -52 -53 54 -55 -56 -57 57 58 -60 -61 -62 -63
leaf_value=-0.0089984222240941727 -0.036850857793543794 0.0032259882880587387 -0.023116909068623952 0.018734506622394991 0.0091434928640032626 -0.030299059994411421 -0.0107799887704942 -0.013796339790146937 -0.020537229959375396 -0.000626399330428904 -0.0020996911314911035 0.019668837568178738 0.036073560990727047 -0.041784946366700181 0.016988673712578728 0.14171290990567489 0.0082367146680351402 -0.0011109283213561261 -0.0389284778090477 0.04407074611563877 0.019276984258358054 0.019558607373798047 0.024966579889439081 -0.035750814796873413 -0.025662581164027122 -0.010677388801316282 0.0064751326102040624 -0.00058915364673679804 -0.025875513587091961 0.0099843415988587429 0.042451619699330145 -0.0042726525774117261 0.0097558234862409332 -0.011382872966279468 -0.019645002863787137 0.0026988948061129375 0.047322074717423869 0.028694533161625319 0.050395010867192329 0.0038060230344925737 0.033257193500980484 -0.0043469654049307707 0.024778915747067351 -0.016273294605370244 -0.014948614355995047 -0.021610666761305557 0.037574561070625262 -0.021859980427907336 0.037079501387318851 0.0042885141582542519 -0.015619118858842996 0.21529681199172709 -0.014981400874190224 -0.01808738155384065 -0.011732224141287337 0.0068441496520260676 0.0017756147965539504 0.21248761364820595 0.031085744206508933 0.066745506767335372 0.094328972050452223 0.0037982800905453093
leaf_weight=332.28433041647077 88.310798046179116 2584.2247158922255 365.86955412686802 128.65445388481021 1185.1533520352095 316.6980660893023 687.4176984608639 81.229695326182991 280.20626973500475 289.95969366282225 1590.3713819235563 185.4360928311944 95.193284533917904 407.09155592788011 65.344032467575744 8.6558436125051212 1656.6592899272218 286.77288556098938 576.00186873693019 85.775700893253088 160.55417081224732 366.98599083907902 378.76228755805641 166.23280998691916 328.06979506555945 876.25007840059698 1891.9673759210855 210.61150663997978 614.63499530544505 452.84534471808001 258.00181614421308 3167.1336185131222 2526.313619017601 514.82241092482582 570.04843047726899 111.65613675722852 133.3632894596085 212.36305303499103 65.83232086407952 5243.7066562501714 125.56172253936529 59.881047122180462 43.294678488746285 189.76674376800656 32.275913811288774 1398.3003371413797 68.991560533642769 91.421418481739238 128.83578836964443 311.07475629635155 367.06509122159332 2.8024705501738927 216.12862356007099 481.63828921411186 340.13665192760527 3528.5135987955146 2207.2726854272187 4.3368551032617679 11.529938602354376 53.851697006262839 33.723744758404791 149.18105913582258
leaf_count=2799 12895 14014 6719 1338 12193 4195 39468 8068 7278 1568 9205 1704 428 54629 4928 259 19363 3474 191043 503 3061 1964 4252 2137 9019 6076 11547 2677 24670 6614 2299 27202 16310 18433 12136 6967 3481 1054 981 66366 1522 818 596 2491 401 20151 470 3270 3468 2361 25051 156 2133 8482 4957 35181 34824 117 610 409 303 15042
internal_value=-5.48078e-05 0.000594914 1.58879e-05 0.000256291 -0.00106035 -0.00154813 -0.00117688 -0.00926467 -0.000421474 -0.00178881 -0.00835375 0.0046478 0.00624467 -0.0141964 -0.0232719 -0.00629268 -5.10062e-05 -0.0164287 -0.0308676 0.00744246 -0.00508903 -0.00118388 -0.00280449 -0.00395718 -0.00144532 0.00392474 0.00104568 0.00880386 -0.0121905 -0.0062326 0.0199968 -0.00628037 0.00396246 0.00177874 -0.0125781 0.00344961 0.0269871 0.00636729 0.0135458 0.00244811 0.00461753 0.033636 -0.0149531 0.00228485 0.0345072 -0.0180066 -0.000450149 0.00549949 0.0174064 -0.0138908 -0.00923634 0.0251439 0.00486969 -0.00930668 0.0041425 0.00558445 0.00477851 0.00233868 0.0806681 0.0302634 0.0552325 -0.011317
internal_weight=39393.1 38579.6 35571.6 35205.8 25977.2 24792 24188.6 2066.25 22122.3 17422.9 3646.68 4699.47 4419.26 1698.93 850.959 443.867 13776.2 603.471 813.494 3007.93 847.972 12119.5 9529.39 8668.61 6642.18 3146.98 2768.22 860.779 2026.43 1411.79 528.494 3495.2 9228.56 6702.25 698.703 6003.55 245.019 2922.15 367.319 5758.53 2709.79 317.883 1987.32 299.061 109.294 1688.26 1659.36 301.487 210.065 958.946 435.212 68.1465 4179.97 792.713 4084.78 3744.64 2590.13 2223.14 15.8668 239.288 77.0184 237.492
internal_count=786130 567150 550057 543338 418307 406114 398445 143339 255106 203016 35185 52090 44812 127552 85023 30394 167831 7669 218980 17093 42529 148468 110953 102360 58096 21875 17623 8593 44264 19594 5794 36221 125031 108721 13474 95247 10448 16590 15787 84799 15536 3117 25510 3791 1300 21719 9675 14806 11536 12980 30135 5084 42699 10843 42271 37314 37515 35551 727 2113 899 27937
is_linear=0
shrinkage=0.05


Tree=77
num_leaves=63
num_cat=0
split_feature=2 18 49 49 49 42 47 5 35 17 49 49 19 49 26 27 32 41 5 40 37 44 50 40 11 46 4 43 40 23 42 23 43 43 26 8 17 47 37 52 39 49 49 17 49 40 49 17 50 41 49 35 40 35 49 49 49 49 11 21 28 35
split_gain=303.23 68.2708 99.4502 82.7213 149.678 62.3606 58.8923 56.6761 80.6161 60.7998 77.8879 55.3751 54.5953 79.0743 54.4158 131.754 50.6258 49.8703 54.9157 50.0219 66.2744 82.2812 49.4478 47.7728 50.3116 47.3818 46.5171 46.1823 50.0517 44.7287 55.8184 44.1731 59.4397 40.4711 39.1805 49.9746 57.7272 38.6579 38.5628 37.749 45.3295 51.9122 38.1686 115.425 80.4616 100.536 83.5454 45.3625 44.0133 58.9744 53.6137 54.5133 43.5403 56.8758 41.2053 56.1726 51.6328 57.3345 37.5561 43.8862 35.8628 59.9984
threshold=291.20854187011724 -47.550430297851555 276.94873046875006 285.23387145996099 286.08425903320318 11.629913330078127 -3.4302330017089839 230.21923828125003 4.6814219951629648 -4.806591033935546 268.43287658691412 284.25558471679693 -26.707867622375485 270.65731811523443 0.17668390274047854 -0.75206470489501942 -0.64499217271804798 -0.62865552306175221 283.59516906738287 -2.5686340332031246 288.03558349609381 1.2060203552246096 222.99001312255862 -3.2941131591796871 284.76037597656256 6.8533954620361337 238.92312622070315 -11.422637939453123 0.92156982421875011 -47.796451568603509 7.1580047607421884 -46.487100601196282 -0.62936401367187489 -2.8351440429687496 4.8343992233276376 290.17045593261724 -21.517942428588864 -1.6821478605270384 278.07189941406256 45.833921432495124 -2.0842412710189815 256.32855224609381 255.32789611816409 -4.2366523742675772 256.32855224609381 28.66666412353516 256.94619750976568 -0.70683670043945301 46.03111648559571 26.331639289855961 258.38572692871099 11.458680629730226 10.156875610351564 35.414936065673835 259.51712036132818 259.93206787109381 263.43424987792974 263.06666564941412 290.94960021972662 -34.695999145507805 22.072401046752933 21.542327880859379
decision_type=2 2 2 2 2 2 2 2 2 2 2 2 2 2 2 2 2 2 2 2 2 2 2 2 2 2 2 2 2 2 2 2 2 2 2 2 2 2 2 2 2 2 2 2 2 2 2 2 2 2 2 2 2 2 2 2 2 2 2 2 2 2
left_child=1 2 6 -4 14 7 16 8 -3 17 -11 12 37 -14 15 -5 -1 23 19 20 -19 -22 33 -9 -25 29 39 28 38 30 -20 32 -29 -8 -6 -36 -37 -7 -21 42 41 -41 43 -10 45 47 60 -44 49 50 51 -48 -45 -54 -52 -56 57 -57 59 -26 61 -46
right_child=-2 5 3 4 34 11 22 9 26 10 -12 -13 13 -15 -16 -17 -18 18 25 27 21 -23 -24 24 58 -27 -28 31 -30 -31 -32 -33 -34 -35 35 36 -38 -39 -40 40 -42 -43 44 52 46 -47 48 -49 -50 -51 54 -53 53 -55 55 56 -58 -59 -60 -61 -62 -63
leaf_value=0.09162780839887015 -0.037992192586339679 0.020305978359849548 -0.025774889756496385 0.010342907339386349 -0.022040767163656726 -0.0067202687221049121 -0.023887318805778782 -0.00069295303641450439 -0.023084094006251693 -0.038615763644890277 0.01248628146569967 0.020663006052530117 0.0049341486299419495 0.03342137535779837 0.016171256770800651 0.15672509414199953 -0.029314564750964989 -0.016468525274325574 -0.00085555286702875531 0.019550689204896454 -0.0059560773250715952 0.22632704858046587 0.046204302981894617 0.0081552126678166165 0.018729578646020022 0.099986680285280891 0.037414367647892029 -0.01538040576804532 -0.02146880463095888 -0.022624117550682984 0.12232103287413508 -0.00069836946887131407 0.031685167151276859 0.0069796765825648425 -0.014141942451123614 0.016764944968681382 0.14940173823977271 0.0058003861673972049 -0.028749800970665318 -0.052101303391475833 0.029081150677067631 -0.0084855249291606542 -0.012954977692487447 0.049923147709616866 0.04545908592960006 -0.047919812849875926 -0.022922690244228463 0.017683662156759507 0.0063194931191620013 -0.01023592017080073 -0.019601186459034636 0.039023448898200405 0.0066735607269306045 0.04492922110931629 0.027256804473718546 -0.0096224978270910907 0.0031896676061754256 -0.071499812504600982 0.11989731337015846 0.08163809521102551 0.035424444716055423 -0.0081815666377666723
leaf_weight=9.0938603915274125 523.39444668474607 635.04666328243911 854.39077172987163 33.438636977225542 473.10483294609003 1130.4169238535687 116.89349258481525 1469.5863625335041 174.68394955433905 233.53363116458058 109.53942843899131 603.50506424345076 845.86444371566176 342.12726710550487 86.114900908665732 28.450870204949751 178.38994466606528 720.50047520268708 46.385259998030961 160.69431128911674 9.5535027738660556 6.3442057410720727 73.961138809332624 975.42083553597331 153.01451700227335 8.5883572334423643 91.794434680137783 94.717331599676982 522.58885801164433 556.33841197798029 11.471984879113732 14307.411404367536 229.92453603167087 1160.0736972696614 205.69452941208147 105.79791939188726 8.8929064106196147 1355.9971390832216 55.630285425111651 78.387551788240671 67.424606136977673 526.04648348875344 428.83600322902203 120.17612785100937 76.157806664705276 169.86702598631382 44.775045171380043 168.1897661536932 3106.6771178701892 1337.6457271557301 236.06094116903841 171.72903099469841 379.44214073941112 130.59725616127253 206.5557627491653 407.66285143792629 2369.2193432520144 41.221755973994732 12.425619649235157 33.858036465011537 263.26981845125556 165.23464472964406
leaf_count=101 169523 3421 56855 1484 46645 17415 5888 21043 1113 1351 646 5623 6223 2095 5827 670 6094 8867 2451 1290 434 160 1309 6564 3758 197 742 3778 12457 45898 275 181249 5224 55294 8297 12729 325 15357 1240 547 350 3164 3005 954 322 1231 245 771 18371 9116 1436 891 2174 962 1164 2945 14488 353 430 235 1740 775
internal_value=-0.000189205 0.000321709 -0.00651796 -0.0145102 -0.00428765 0.000966075 0.00281187 0.000187844 0.00299475 -0.00143454 -0.0222994 0.00662632 0.00432086 0.0131381 0.0418731 0.0776354 -0.0234483 -0.00106508 -0.00207359 -0.00151031 -0.0142404 0.0867398 0.00645629 0.00531565 0.0128325 -0.016642 0.00197321 -0.00090043 -0.0130963 -0.0182728 0.023568 -0.000284543 0.0179533 0.00415411 -0.0128977 0.000603622 0.0270493 0.000108028 0.00712968 0.0016683 -0.00980428 -0.0141419 0.00243925 0.0128799 0.00152512 -0.0139802 0.00293631 -0.00432368 0.00167967 -0.00131406 0.00211807 0.0262124 0.0228484 0.016469 0.000518264 0.0020885 0.000243759 -0.0153048 0.0357244 0.0301275 0.0226614 0.00874172
internal_weight=39249.8 38726.4 3334.3 1795.89 941.495 35392.1 1538.41 31114.2 11396.7 19717.5 343.073 4277.91 3674.41 1187.99 148.004 61.8895 187.484 19374.5 16730.1 16107.4 736.398 15.8977 1350.93 2644.31 1174.72 622.784 10761.7 15371 738.913 614.196 57.8572 14632.1 324.642 1276.97 793.49 320.385 114.691 2486.41 216.325 10669.9 671.859 604.434 9998 804.899 9193.1 766.893 8426.21 597.026 7921.55 4814.87 3477.22 216.504 630.216 510.039 3260.72 3024.66 2818.1 448.885 199.298 186.873 504.662 241.392
internal_count=785581 616058 201518 132832 75977 414540 68686 367827 70280 297547 1997 46713 41090 8318 7981 2154 6195 295550 263520 214699 9461 594 62491 32030 10987 48821 66859 205238 14987 48624 2726 190251 9002 61182 67996 21351 13054 32772 2530 66117 4061 3711 62056 5203 56853 5007 51846 3776 49009 30638 21522 1136 4090 3136 20386 18950 17786 3298 4423 3993 2837 1097
is_linear=0
shrinkage=0.05


Tree=78
num_leaves=63
num_cat=0
split_feature=2 38 50 50 41 39 28 52 5 47 17 1 41 40 44 45 54 10 40 41 54 25 11 47 3 33 54 45 47 23 41 8 38 39 39 45 46 13 40 38 39 52 54 53 47 38 53 41 11 38 52 29 29 29 41 43 9 46 52 17 24 47
split_gain=277.86 77.5363 62.8817 57.3644 56.7219 54.2266 47.2726 54.1914 44.8553 43.4074 48.8576 39.3444 38.4222 70.0134 60.8438 86.0112 66.2099 69.6959 51.4187 55.4733 41.8859 41.3738 41.8818 65.3694 48.4824 39.39 38.3989 37.1514 39.2007 123.907 47.0762 40.9769 36.3328 54.5904 35.1216 35.023 43.809 34.951 34.0717 33.7694 32.8355 31.5205 31.0387 31.6403 42.8228 30.3662 30.2695 33.4044 48.9533 52.8079 35.9822 29.9495 38.2858 33.5931 32.1456 39.4602 49.7647 112.412 29.6286 33.6881 29.445 31.1251
threshold=291.20854187011724 -40.647064208984368 82.059875488281264 6.9124355316162118 -1.0944099426269529 -2.0842412710189815 24.796339035034183 4.4918646812438974 224.38174438476565 -1.0299366712570188 -51.662767410278313 286.14884948730474 2.9944320917129521 -1.1764755249023435 -3.4604015350341792 1.5416965484619143 -1.0000000180025095e-35 284.98680114746099 -1.8235321044921873 0.79496634006500255 0.37940952181816107 -0.099399089813232408 290.12712097167974 0.14361494779586795 278.74166870117193 -0.31894196569919581 -1.0000000180025095e-35 10.474720954895021 -2.9631891250610347 -28.326768875122067 12.473973274230959 282.47364807128912 -9.764701843261717 -34.717504501342766 -41.266523361206048 3.006564855575562 4.5509929656982431 -38.039072036743157 -2.8039245605468746 -21.941177368164059 -21.148875236511227 35.553066253662116 -0.6035533845424651 98.833332061767592 -5.2547500133514395 -44.764709472656243 391.44444274902349 -1.3788399696350095 278.43545532226568 -28.294128417968746 5.1606376171112069 5.4359502792358407 -0.46271467208862299 -1.848520755767822 12.623340129852297 -1.8719024658203123 284.61366271972662 3.0685133934021001 14.06256675720215 -19.434148788452145 5.1768341064453134 8.8935022354125994
decision_type=2 2 2 2 2 2 2 2 2 2 2 2 2 2 2 2 2 2 2 2 2 2 2 2 2 2 2 2 2 2 2 2 2 2 2 2 2 2 2 2 2 2 2 2 2 2 2 2 2 2 2 2 2 2 2 2 2 2 2 2 2 2
left_child=1 2 4 -3 26 6 8 -8 32 10 -4 45 14 25 18 46 58 20 19 38 -18 -20 24 -24 -23 -14 -1 28 29 30 31 41 40 -34 -29 36 -9 -19 -10 -26 -5 -15 -31 -44 -45 -12 -16 -48 49 -49 -50 52 53 -6 55 -53 57 -57 59 -17 -35 -62
right_child=-2 3 9 5 51 -7 7 35 12 -11 11 -13 13 27 15 16 17 37 21 -21 -22 22 23 -25 39 -27 -28 34 -30 42 -32 -33 33 60 -36 -37 -38 -39 -40 -41 -42 -43 43 44 -46 -47 47 48 50 -51 -52 54 -54 -55 -56 56 -58 -59 -60 -61 61 -63
leaf_value=-0.032759121892694171 -0.037221718748182094 -0.0054654693825970102 0.17055462459859894 0.016470669055234099 -0.029128111383004536 0.012306962682622047 0.02334649936687816 -0.012641081874578221 0.0032807129308505358 -0.0011443157816331407 0.10416806997617629 -0.013997284264326211 0.046802159323136763 0.016705317497636405 -0.007609430669610999 -0.019492215204757198 0.039210440543046392 0.14899072531266774 0.039818144266279887 -0.010676294658552334 0.010396362477211278 0.017271737687263006 0.023278604243239732 0.17558104438694647 -0.016312323770179129 -0.019775088541185534 0.010060239797755948 -0.033329293325127025 0.0016213854481893508 -0.00092884018448354054 -0.022296183815903849 -0.022810880941898357 -0.020700565046826967 0.020076590283452038 -0.0052693016902694689 -0.020999686151633026 0.0051812241536926696 0.042707788837972743 0.020904706186661411 0.075954217323346951 0.067189182997933625 -0.03171671683282902 0.0011934683866913764 0.047418441246834753 0.010262930790842254 0.026435647356799003 0.022595920988399243 0.06449673301771551 0.046744192716263205 0.0015797723438965216 -0.022948481264236459 -0.031582555941876249 -0.03118794392744785 0.001401468569846683 -0.017502329909598956 -0.021923114639317089 0.011191492216491957 0.21233107918883953 -0.019034670896069909 0.027783801973489702 0.0042436239323248651 0.046659798955775315
leaf_weight=62.409355964511633 504.29903549142182 3395.2917339846026 6.1420811151619992 301.35413549933583 149.7576769720763 1093.9090329706669 141.46344204619527 792.76801422052085 763.8859708334785 657.27128478954546 18.43126960657537 38.583122775657102 23.096512347459793 229.18766334746033 2177.7978660806548 60.7139449599199 161.7347488515079 14.751677971100436 177.52002655155957 470.00155017524958 572.82531471922994 752.4784202510491 23.896071302238852 9.9909825611393881 177.01954990811646 583.05158016714267 325.0728013087064 147.95794099662453 13938.593939448241 1225.0886076614261 932.32422155048698 153.05128921894357 200.19593316316605 342.35205341875553 452.776631786488 444.15854851715267 610.21134655363858 16.262856591492891 427.82735839649104 10.505389053374527 35.691266044974327 39.383594091050327 320.65133005008101 118.13096932321787 225.7282012347132 39.467516993172467 186.84724338725209 44.264811549335718 20.17316715605557 135.25967215001583 226.07631754712202 36.178355128737167 588.12768963887356 226.20728131197393 240.50000699516386 9.9385231118649262 77.494182554306462 10.565814278088508 199.39002359029837 99.332951696589589 3642.6191080622375 43.769928175956011
leaf_count=2268 169914 43132 366 2302 10447 7062 1078 6416 6415 35469 221 2315 220 3200 35387 965 1232 363 1525 4944 4709 4979 1466 344 6235 5961 11012 4144 185280 9485 20292 5438 1169 1905 5987 5119 5344 188 4005 159 203 543 2696 899 1616 512 1904 332 202 854 4857 2778 83285 19287 14783 362 9487 274 1964 515 19465 206
internal_value=-0.000347391 0.00013377 -0.00840746 0.000720993 -0.0136833 0.00136205 0.000984026 -0.00647909 0.00148401 0.0035777 0.0338206 0.025116 0.000655306 -0.00052761 0.00388819 -0.000141965 0.0115292 0.0198405 0.00949754 0.00387059 0.0167406 0.0176183 0.0135718 0.0681822 0.0116031 -0.0172382 0.00316359 4.19901e-05 0.000469316 -0.00448151 -0.0160265 -0.00216236 0.0060427 0.00478354 -0.0121803 -0.00876328 -0.00488945 0.0932599 0.00960776 -0.0111434 0.0218415 0.00960466 0.00379075 0.0124918 0.0230275 0.0511807 -0.00484742 0.00497121 -0.00276324 0.017093 -0.0172391 -0.0185594 -0.0232215 -0.0107593 -0.00656318 0.0130443 0.0295193 0.0987873 -0.00617334 0.0098496 0.0060499 0.00474725
internal_weight=39151.8 38647.5 2486.15 36161.4 1726.25 32766.1 31672.2 1988.6 29683.6 759.895 102.624 96.4819 25117.6 18389 6728.56 3915.43 1125.01 765.575 2813.13 1661.71 734.56 1151.41 973.89 33.8871 940.003 606.148 387.482 17782.9 17182.1 3243.55 1353.95 421.623 4565.98 4228.94 600.735 1847.14 1402.98 31.0145 1191.71 187.525 337.045 268.571 1889.6 664.511 343.859 57.8988 2790.42 612.621 425.774 179.524 246.249 1338.77 964.093 375.965 374.677 134.177 97.9985 20.5043 359.437 160.047 4028.74 3686.39
internal_count=785486 615572 192866 422706 153983 379574 372512 17957 354555 38883 3414 3048 329305 245761 83544 53472 9936 6492 30072 15364 5941 14708 13183 1810 11373 6181 13280 239580 229449 44169 29473 9181 25250 22745 10131 16879 11760 551 10420 6394 2505 3743 14696 5211 2515 733 43536 8149 6245 1186 5059 140703 113019 29734 27684 12901 10123 636 3444 1480 21576 19671
is_linear=0
shrinkage=0.05


Tree=79
num_leaves=63
num_cat=0
split_feature=36 13 5 42 47 22 41 11 36 41 40 40 34 31 42 55 48 48 5 38 48 17 52 51 46 42 3 11 40 44 42 48 48 41 29 48 46 17 45 40 47 17 44 47 21 40 40 48 41 29 34 11 48 28 48 48 35 5 41 14 40 26
split_gain=270.344 81.0519 56.3371 56.3307 54.9299 87.1859 72.0119 63.7139 63.7616 53.1787 91.7638 53.0332 52.2758 50.7295 48.3456 65.8215 79.07 64.8628 47.4086 46.1903 44.114 43.4072 41.6799 41.8528 43.972 46.5246 40.6977 50.5178 40.1553 45.0699 38.5128 37.1147 61.691 44.4454 35.3905 46.4804 52.2311 40.6765 35.2202 40.2571 38.8089 46.3322 34.9928 66.3616 40.1139 38.5528 34.3077 50.9776 89.0745 70.6887 58.0992 57.6218 51.9314 48.526 43.2651 47.3212 45.2409 111.75 69.1169 67.8232 64.4846 52.9495
threshold=287.94117736816412 -53.878637313842766 216.1795349121094 5.2663574218750009 -2.6776723861694331 -24.679888725280758 13.568869590759279 288.70011901855474 226.76470184326175 0.72283315658569347 -2.0588378906249996 -2.5686340332031246 5.2346725463867196 -0.14989630132913587 2.6427536010742192 -0.91597560048103321 0.90872198343276989 -0.48480302095413202 273.15235900878912 -11.647056579589842 -0.69827961921691883 -46.051902770996087 68.036495208740249 62.528821945190437 0.70477962493896495 10.345108032226564 274.65451049804693 281.72741699218756 -2.4902038574218746 -1.1407985687255857 23.419822692871097 -0.37975081801414484 -0.41664040088653559 8.1805844306945819 17.05646896362305 0.5229582190513612 6.2171306610107431 -12.131832122802733 16.108370780944828 1.6666641235351565 8.8935022354125994 -9.5348014831542951 2.8845443725585942 1.7672219276428225 -16.599841117858883 10.823524475097658 27.176460266113285 0.52739697694778453 17.155890464782718 3.0403270721435551 12.398332595825197 231.29206085205081 0.79746490716934215 7.7137422561645517 0.086114823818206801 0.5143646001815797 -0.8988763391971587 264.63125610351568 3.4296780824661259 -30.26047325134277 -0.64706420898437489 -2.0308923721313472
decision_type=2 2 2 2 2 2 2 2 2 2 2 2 2 2 2 2 2 2 2 2 2 2 2 2 2 2 2 2 2 2 2 2 2 2 2 2 2 2 2 2 2 2 2 2 2 2 2 2 2 2 2 2 2 2 2 2 2 2 2 2 2 2
left_child=1 -1 12 20 5 6 18 8 34 11 -11 -10 -3 28 15 16 -14 -17 -5 -7 26 -12 23 -9 -25 -26 -4 -28 -2 -30 -23 32 -19 -33 35 36 37 -6 40 -40 42 -42 46 -44 -45 -46 47 48 54 -49 52 -52 53 -51 56 -56 61 58 59 -58 -59 -22
right_child=13 2 3 4 7 19 -8 22 9 10 21 -13 14 -15 -16 17 -18 31 -20 -21 38 30 -24 24 25 -27 27 -29 29 -31 -32 33 -34 -35 -36 -37 -38 -39 39 -41 41 -43 43 44 45 -47 -48 49 -50 50 51 -53 -54 -55 55 -57 57 60 -60 -61 -62 -63
leaf_value=-0.026988603900281183 -0.017870540197299428 0.033556345357378996 -0.031735636300218223 0.0061743098863892738 0.053917061476486894 0.061297657032249979 -0.019761385961545721 0.021899815080871882 0.0041697620425489813 -0.022951764239611632 -0.030974978494901925 0.02756056075817382 0.062922223126288812 -0.041079744316357095 0.016129918917557589 0.024548567948915155 0.0076842572453341019 -0.0039173468057990381 -0.02617748055474994 0.0041279275889445763 -0.0016269408027892813 0.0011808046914522326 -0.045294069932645488 0.023110830051300477 0.071466748036851449 0.27405440803838882 0.014579311934016662 -0.021392290442031277 0.14751478299711354 -0.0034060474554129649 0.019356944626182478 0.018457413381922343 -0.080356981044204717 -0.0055860215627241382 -0.001793176093620924 0.042000793344183149 -0.022132366493679317 0.013806591180293495 0.0042931238390836977 -0.029236723255819455 -0.022566596298472321 0.048281995969507968 0.011383379033559606 -0.012031723910705538 0.024554328905441604 -0.015068091055103195 -0.016734366685730428 -0.036358521443981877 -0.015238079223872436 0.013521693588413326 0.014415019821954422 -0.00029054987620648592 -0.01224521613410749 0.058439639287873657 0.0056678004388212968 -0.029948829859846034 0.030983777673694493 -0.010409963025517367 -0.0054382896287143 0.0026996353820280729 -0.032095052867143752 0.018999090896791949
leaf_weight=269.61602741340175 77.720569598022848 171.72502139210701 225.38683499349281 652.16949083283544 68.671777883544564 36.139498874545097 974.62977514765225 433.99614057852887 726.3226923327893 406.71882666926831 100.97076463792473 363.64977222215384 88.779545724391937 473.75276508531533 774.21263288706541 215.52711735665798 239.7075921036303 71.4843720048666 137.03430741885677 1579.74802990444 1089.1573647721671 5942.9317103144713 21.837607424939051 11.893093459308149 6.4708352328743768 5.0423308834433556 178.4546420359984 215.42964076460339 8.6552149702329206 11.545757895568384 306.46411507483572 219.10631121601909 41.846882708370686 1565.7466243207455 308.34435554966331 163.18349621072412 94.628142334520817 794.33103597350419 145.28724117856473 233.22071045916528 32.219135348219424 81.316671706736088 1428.8851636075415 688.21700742165558 175.67419663444161 94.37210926041007 380.65817419998348 115.78038974502124 1405.5906725684181 124.14441333594732 780.89591129124165 4532.8163456502371 75.521131322020665 116.60282965912484 2230.9627961588558 97.327244034735486 251.10349820437841 1347.4949053386226 3444.9073790102266 1359.279357150197 459.80953180976212 435.58940697507933
leaf_count=38502 11648 1190 3600 9596 425 469 20461 23010 5325 4028 4625 2888 483 186997 4414 1164 1314 356 5289 10192 17224 80127 1066 512 300 154 1803 9127 844 2323 3969 1202 201 8543 2470 910 581 4262 1260 3858 724 504 18185 14691 1059 970 3651 7914 12630 6579 4331 58374 4511 3000 44959 2611 2450 41958 33286 8321 34526 4158
internal_value=-0.000176568 0.000329729 0.000522192 -7.57041e-05 0.00250964 -0.00298374 -0.0106703 0.00441279 0.00349435 0.00172525 7.20975e-05 0.0119737 0.00667761 -0.0343082 0.00524254 0.00179109 0.0226133 -0.00144485 0.00055687 0.00540653 -0.00163732 0.0015467 0.0221903 0.0254122 0.0905391 0.160192 -0.0147909 -0.00509487 -0.00154677 0.0612568 0.00207214 -0.00439624 -0.0321422 -0.00263448 0.0132079 0.0173348 0.0131316 0.0169983 -0.00125176 -0.0163666 -0.000976022 0.0281766 -0.00113642 0.00455634 -0.00562359 0.0107076 -0.00188115 -0.0015647 -0.0034035 0.00231442 0.00310973 0.00187056 0.0239294 0.0352771 -0.00185113 0.00417895 -0.00352506 -0.00525598 -0.00144101 0.00710992 -0.015927 0.0042655
internal_weight=39110.7 38539 38269.4 34881.3 13135.2 3379.72 1763.83 9755.46 9276.22 7847.06 6757.09 1089.97 3388.14 571.674 3216.41 2442.2 328.487 2113.71 789.204 1615.89 21746.1 6350.37 479.24 457.402 23.4063 11.5132 619.271 393.884 97.9215 20.201 6249.4 1898.18 113.331 1784.85 1429.16 1120.81 957.631 863.003 21126.8 378.508 20748.3 113.536 20634.8 2387.15 958.263 270.046 18247.6 17867 12121.2 5745.76 5629.98 5313.71 316.268 240.747 10715.6 2328.29 8387.34 6862.59 5055.29 1610.38 1807.3 1524.75
internal_count=786104 584292 545790 526923 180659 46007 35346 134652 109610 100962 92749 8213 18867 201812 17677 13263 1797 11466 14885 10661 346264 88721 25042 23976 966 454 14530 10930 14815 3167 84096 10302 557 9745 8648 6178 5268 4687 331734 5118 326616 1228 325388 34905 16720 2029 290483 286832 202123 84709 76795 62705 14090 9579 189493 47570 141923 120541 44057 10771 76484 21382
is_linear=0
shrinkage=0.05


Tree=80
num_leaves=63
num_cat=0
split_feature=1 51 49 49 49 48 49 49 29 49 48 48 49 36 41 48 0 52 47 29 5 23 55 41 23 29 41 5 49 48 36 33 49 48 49 52 53 22 48 49 48 48 39 48 49 49 49 39 49 36 49 49 36 49 46 46 5 40 52 40 49 55
split_gain=258.245 50.3304 79.1528 74.5942 254.201 87.5079 92.1789 86.2888 242.304 124.509 199.993 168.401 91.7836 83.7329 82.5251 84.8847 81.6905 103.33 79.7066 81.1269 76.2127 76.0877 73.3942 73.3553 72.2755 76.9676 71.0291 98.6471 70.8189 70.1021 67.9712 60.379 64.7209 114.354 58.6248 90.0916 58.4388 57.7357 57.4894 120.736 62.9394 146.691 71.8216 65.6042 69.61 170.673 104.161 58.176 75.0929 71.5704 56.3682 98.9561 98.9185 66.3088 63.6205 58.2633 74.2515 55.7382 54.1464 78.7347 64.4039 53.4243
threshold=290.85476684570318 6.3526408672332773 254.46063232421878 286.04714965820318 284.34808349609381 0.68585610389709484 288.57763671875006 276.94873046875006 8.4606561660766619 276.75975036621099 0.28312796354293829 0.32932555675506597 279.88751220703131 280.29412841796881 12.623340129852297 0.5229582190513612 281.41226196289068 68.036495208740249 1.3126982450485232 -0.36545133590698237 211.81697845458987 -40.540731430053704 0.98296290636062633 10.437663078308107 -45.238752365112298 -1.2529420852661131 26.90389442443848 277.75044250488287 289.56823730468756 -0.50290912389755238 283.82353210449224 32.910820007324226 278.97543334960943 0.45948058366775518 258.38572692871099 41.086523056030281 145.33333587646487 -48.873931884765618 -0.50290912389755238 273.86521911621099 0.01708924770355225 0.062224745750427253 -29.985479354858395 0.79310560226440441 275.89672851562506 275.10462951660162 274.21087646484381 -44.158311843872063 275.32183837890631 265.00000000000006 268.43287658691412 267.93310546875006 231.47058868408206 272.51168823242193 0.95734310150146495 1.5666089057922366 227.79909515380862 6.3529434204101571 43.120061874389656 9.823524475097658 278.50158691406256 0.98296290636062633
decision_type=2 2 2 2 2 2 2 2 2 2 2 2 2 2 2 2 2 2 2 2 2 2 2 2 2 2 2 2 2 2 2 2 2 2 2 2 2 2 2 2 2 2 2 2 2 2 2 2 2 2 2 2 2 2 2 2 2 2 2 2 2 2
left_child=1 2 -1 4 7 6 -5 9 12 14 -11 -12 -9 31 38 34 17 22 19 24 -17 -19 -14 30 25 37 27 -7 -4 -24 -8 32 33 -10 35 -16 -26 -6 39 50 -40 42 -42 44 45 46 -43 -47 -49 -50 51 61 -53 -52 -54 -55 -57 -15 59 60 -35 -3
right_child=-2 3 28 5 18 26 23 8 13 10 11 -13 16 57 15 20 -18 21 -20 -21 -22 -23 29 -25 36 -27 -28 -29 -30 -31 -32 -33 -34 58 -36 -37 -38 -39 40 -41 41 43 -44 -45 -46 47 -48 48 49 -51 53 52 54 55 -56 56 -58 -59 -60 -61 -62 -63
leaf_value=0.030659012891603395 -0.030115288705023974 0.02126977501502969 -0.0060698175544622208 -0.017887310974174991 -0.044379363048237308 0.023110376507530991 0.0095931769803537861 -0.025451721318715329 -0.032697005784172617 0.012367375761883881 0.22405094105702178 0.035223545927481607 -0.0084329523849755814 0.21448256529374321 0.0082703722915184862 0.02423664869440607 -0.020312132998863797 0.10340278228030349 0.043862668499869986 0.0024525940048524598 0.00066724331557102524 0.019095786425395153 -0.012723984197574057 -0.033081907695085323 0.0014981347670506519 0.10783933977857559 -0.033854971525778842 -0.0070461262916853996 0.033236650644435706 0.079114494796237611 -0.025452537816158655 -0.02963425125605983 0.0051702201576107566 0.037665261423944968 -0.010666615528648274 -0.036766714891587282 0.033456266820093693 0.054183323044638645 0.00081388505088565103 0.041818253117437448 0.1579999814055181 0.011051017103789995 0.046321152966231544 -0.021317323299552406 -0.023510565991580301 -0.0095942109234498987 -0.052034922954743358 0.14256215597595365 0.019887099888802318 0.098229235777143001 -0.015317749943857257 -0.019297120279944076 0.20008817524877789 0.025860962822378347 0.07078895081535215 0.06478228173612742 -0.035950334967405392 0.054468554755903377 0.100441047399283 0.0069902854924221158 0.11818093982232258 -0.0059520161560534775
leaf_weight=158.47176901809871 711.70329409861006 509.27534540486522 5188.2944052498788 1625.6093630171381 19.771913051372394 612.03791860770434 952.61740980390459 1075.3590855593793 55.710101648233831 137.9202783156652 24.105790133122355 23.14332051970996 863.69985986221582 6.070540598826482 939.67569876089692 361.66550819575787 694.73313381895423 37.596569191664457 309.80033985129558 618.63269936759025 6638.8292404490057 92.871974157169461 36.036049640737474 146.93468596506864 252.19601844972931 52.159655223367736 102.07156641595066 486.93492339504883 117.18199931737036 49.077715493738651 161.86358227161691 89.583670286461711 753.37545193126425 67.798959167674184 3064.37692697905 125.92115351650864 330.51908598118462 59.782799614127725 7582.6681020292453 295.17175663658418 22.175736418692395 1572.4202800861094 41.038200624287128 172.84514806908555 137.25894085108303 25.287290222942829 68.271474120905623 30.378345450386405 66.117344651371241 52.145206505432725 443.30672764708288 17.374950401484966 16.161630201619118 268.62032099091448 23.127965563209727 22.695914626121521 94.31839930661954 52.580926324008033 39.176378775388002 110.5375556293875 39.194565668702126 278.96685584168881
leaf_count=1110 215762 3836 84722 41759 1041 6655 18934 28361 845 1708 367 274 10234 171 6804 2182 30679 440 3298 15073 70181 782 501 2344 2517 1472 862 15828 3473 377 19701 1356 8040 697 32584 819 2880 978 85251 3761 400 29211 222 6144 3339 714 1301 240 459 287 4764 86 292 2110 368 111 1153 1853 283 1349 518 2046
internal_value=-0.000272482 0.000281871 -0.00416158 0.00102096 0.00191924 -0.00529885 -0.0100172 0.000762276 -0.00595593 0.00194633 0.0427815 0.13156 -0.0139257 0.0127494 0.00161571 -0.0014689 -0.00693893 0.0016694 0.0210172 0.0157079 0.00188491 0.0433902 -0.0040675 0.000125184 0.0271859 0.060636 0.0060429 0.00974858 -0.00520166 0.0402313 0.00450325 0.00979087 0.0131047 0.0322382 -0.00715374 0.00294836 0.019625 0.0296873 0.00454026 0.0123345 0.00296953 0.0104403 0.0854986 0.00820717 0.0108217 0.0134186 0.00842592 0.060515 0.0724422 0.0544303 0.00713521 0.0162236 0.0800442 -0.00212822 0.123976 0.0130338 -0.0164124 0.0710303 0.0463303 0.0365851 0.0671603 0.0116357
internal_weight=39025.2 38313.5 5463.95 32849.6 28761.5 4088.07 2887.03 27118.7 4063.4 23055.3 185.169 47.2491 2849.37 1214.03 22870.1 11130.5 1774.02 1079.28 1642.86 1333.06 7000.49 130.469 948.814 1261.42 714.429 131.714 1201.04 1098.97 5305.48 85.1138 1114.48 1155.38 1065.79 312.418 4129.97 1065.6 582.715 79.5547 11739.6 1969.02 9770.61 2187.94 63.2139 2124.72 1951.88 1814.62 1640.69 173.928 148.641 118.263 1673.85 844.907 56.6645 828.941 39.2896 385.635 117.014 58.6515 256.707 217.531 106.994 788.242
internal_count=785909 570147 89305 480842 374759 106083 82738 347500 86486 261014 2349 641 71374 15112 258665 112570 43013 12334 27259 23961 72363 1222 11112 40979 8888 3491 23345 22483 88195 878 38635 13088 11732 3692 40207 7623 5397 2019 146095 18527 127568 42317 622 41695 35551 32212 30512 1700 986 746 14766 6628 746 8138 660 3374 1264 2024 2847 2564 1215 5882
is_linear=0
shrinkage=0.05


Tree=81
num_leaves=63
num_cat=0
split_feature=36 25 39 49 16 50 49 29 51 36 42 36 41 29 40 40 46 49 55 39 54 41 46 48 11 40 50 34 51 49 49 46 49 49 48 49 51 55 40 41 16 42 48 49 39 55 48 53 49 9 39 54 35 5 51 49 27 49 8 35 48 48
split_gain=241.836 67.4271 63.7829 60.2147 59.3332 50.1162 57.6954 50.8921 48.0209 47.677 48.876 51.2933 67.0885 64.3535 55.9378 55.3862 41.0934 51.6785 88.1547 88.0023 87.7493 85.6536 66.7604 60.4223 85.0138 55.9918 52.0869 49.6596 46.7696 45.8538 86.6903 41.6463 40.9698 59.6091 57.9977 55.3212 75.5078 73.9302 70.6562 55.194 55.4179 52.5473 50.082 58.2004 63.055 59.5659 47.9195 45.4947 43.9035 42.4368 49.0573 39.8773 39.2699 38.6281 50.9986 38.6103 73.0269 43.1972 38.2521 42.158 38.0859 47.0596
threshold=287.35295104980474 -0.62112236022949208 -54.390699386596673 285.28050231933599 -45.307552337646477 222.99001312255862 247.43756103515628 2.6333522796630864 43.426412582397468 199.70588684082034 4.1132049560546884 228.529411315918 1.5168278217315676 16.347610473632816 -1.9019622802734373 -2.8039245605468746 -0.11098575592041014 270.49778747558599 0.37940952181816107 -28.762531280517575 -0.6035533845424651 11.906797409057619 2.8652629852294926 -0.56490284204483021 254.06922912597659 2.4313735961914067 62.202312469482429 5.7365484237670907 42.205757141113288 272.85017395019537 271.22605895996099 3.9908370971679692 256.32855224609381 261.09867858886724 0.97297734022140514 263.43424987792974 58.513553619384773 0.78656607866287243 0.92156982421875011 33.642942428588874 -1.2570953369140623 -8.2926330566406232 -0.047472476959228509 255.59030914306643 -2.7966600656509395 -0.91597560048103321 -0.53158730268478382 75.375000000000014 263.06666564941412 286.86491394042974 -39.844596862792962 1.0000000180025095e-35 5.9736292362213144 223.57719421386722 25.753327369689945 284.16561889648443 7.0299053192138681 285.67515563964849 277.54234313964849 8.3454699516296404 0.96787995100021373 0.40739011764526373
decision_type=2 2 2 2 2 2 2 2 2 2 2 2 2 2 2 2 2 2 2 2 2 2 2 2 2 2 2 2 2 2 2 2 2 2 2 2 2 2 2 2 2 2 2 2 2 2 2 2 2 2 2 2 2 2 2 2 2 2 2 2 2 2
left_child=2 3 -1 4 -2 6 7 -4 -9 -8 32 13 15 -12 -14 -13 58 23 19 20 21 26 -22 24 -18 -20 29 -26 -24 30 -19 -21 34 46 42 36 37 39 -39 48 -41 49 -11 44 -44 -45 -34 -48 53 50 -37 -38 -49 54 -35 -31 57 -57 59 -16 61 -43
right_child=1 -3 5 -5 -6 -7 9 8 -10 10 11 12 14 -15 16 -17 17 18 25 31 22 -23 28 -25 27 -27 -28 -29 -30 55 -32 -33 33 35 -36 41 51 38 -40 40 -42 60 43 45 -46 -47 47 52 -50 -51 -52 -53 -54 -55 -56 56 -58 -59 -60 -61 -62 -63
leaf_value=-0.026834979401624423 -0.013970837417691851 -0.039353000489091725 0.064046803310795736 -0.036098708553705332 0.080251558221866359 0.0099215510408928523 0.048247685617312359 0.019852093956552033 -0.024332752112992087 -0.050376330166016337 0.011386676580362442 -0.00042307485294675875 -0.01977300871676977 -0.0020297486704885181 0.0090949060612730923 0.016835457075105361 -0.043313326886325748 0.028543812320195552 -0.00057777307759995919 0.01565290885462611 -0.012987792866691697 0.0039629852808270418 0.0018552627103256203 -0.005165115098942144 0.086329561535161331 -0.025247566145155661 0.01028939524809692 -0.0017688212947616915 0.031200141266493342 0.017892495205499272 0.20236086167852388 0.040948809947809237 -0.060173867411793397 -0.022151503169876022 0.045012525012219529 -0.0050260871179819205 -0.029854715590940242 0.037533000972097615 -0.028407386058127034 0.075126144277205847 -0.024772408083057536 -0.0044543177083364886 -0.0066879773244801809 -0.053160577225774996 0.036784054149561145 -0.012708539056509538 -0.0011205797737195442 0.022167505201694138 -0.062253331836950559 0.084283456116496513 0.014574120563844356 0.04322279658418534 0.0061037468279449688 -0.033930385337193079 0.030625928184740737 0.12070035905704386 0.20958968216109419 0.031251043554288205 -0.020132061274428056 -0.0120493212014521 -0.032406586399711695 0.0017661048798729637
leaf_weight=213.51051317132078 32.766840596450493 494.797661510529 52.561014030128717 56.324197926092893 34.092159305000678 1380.7080653579906 51.117587231099606 337.86449459567666 75.174788000062108 82.288134643808007 2690.1216338211671 854.84709366573952 397.15397340524942 1338.5223352592438 424.45421968679875 1019.0294796423987 26.636740002781153 14.232729646842929 1108.9992257410195 435.98579819407314 704.84460925054736 320.018399290042 649.66158084524795 3074.0218949026894 54.209317925618961 290.18688322487287 83.271278973901644 22.69159550126642 171.65811455715448 63.764495050068945 14.462771434104068 259.59072461538017 28.429433396086097 171.90227392315865 45.098237074911594 532.1450331537053 24.234746643574908 103.1347555690445 67.025572054553777 26.606882609426975 29.029053546488285 8997.7814716016874 458.38336174329743 118.62698555830866 101.97018958255649 390.80298388935626 1697.6197879782412 496.51520172599703 85.748954984825104 17.877469788305461 797.94621780980378 81.271222065901384 1627.6575408943463 378.56727661425248 62.382774006575346 18.021714269882068 8.3917347397655231 53.759995133848861 465.34721696958877 530.23143325652927 106.2364711118862 4592.3840882908553
leaf_count=29356 4763 202030 461 11625 1747 13247 666 2378 393 1179 16333 7923 4710 9424 3977 13744 218 285 22896 3764 24731 6679 10881 45522 543 6608 2279 469 2195 2402 349 2227 239 1212 263 10660 287 788 847 377 160 160316 3835 1199 717 3001 12446 2711 1576 943 6510 741 12016 5724 414 494 336 2104 18165 8314 2045 71152
internal_value=-8.32348e-05 -0.0311123 0.000417079 0.0019884 0.0340742 0.000569746 0.000218228 0.0177072 0.0118103 -6.29793e-06 -7.44071e-05 0.00209844 0.000339741 0.00692905 -0.00141812 0.00896226 -0.000589217 0.000910598 0.00455265 0.00967738 0.00457625 0.021206 -0.00169924 -0.00389975 0.0336689 -0.00569421 0.042769 0.0603339 0.00798842 0.0584358 0.116149 0.0250934 -0.00162718 -0.0010874 -0.0106108 -0.00242587 -0.0136367 -0.0182105 0.0115593 -0.0249268 0.0230023 -0.0016584 -0.0127882 -0.00989695 0.00122283 -0.0221283 0.00450059 0.00498169 -0.0287438 0.00776096 0.00673244 0.0264369 0.00985857 -0.0240552 -0.00809853 0.04693 0.0700245 0.0537084 -0.00837794 -0.00264858 -0.00258543 -0.00235231
internal_weight=38944.7 617.981 38326.7 123.183 66.859 38113.2 36732.5 465.6 413.039 36266.9 36215.8 15094.1 11065.5 4028.64 9191.6 1873.88 8794.44 7374.41 4196.85 2797.66 2102.09 575.923 1526.16 3177.56 103.538 1399.19 255.905 76.9009 821.32 172.633 28.6955 695.577 21121.7 19924.5 1197.17 16074.3 1029.9 924.398 170.16 754.237 55.6359 15044.4 1152.07 1069.78 560.354 509.43 3850.22 3821.79 698.601 1347.97 1330.09 105.506 2124.17 612.852 234.285 143.938 80.1734 71.7817 1420.03 954.686 13696.4 13590.2
internal_count=785596 220165 565431 18135 6510 536075 522828 3232 2771 519596 518930 217572 191815 25757 170148 21667 165438 134982 88230 58726 52735 14928 37807 46752 1230 29504 8249 1012 13076 5970 634 5991 301358 291164 10194 263752 12126 11098 1635 9463 537 251626 9931 8752 4552 4200 27412 27173 8926 18113 17170 1028 14727 7350 1626 5336 2934 2598 30456 12291 233513 231468
is_linear=0
shrinkage=0.05


Tree=82
num_leaves=63
num_cat=0
split_feature=36 39 41 39 40 16 43 53 52 4 46 40 44 40 53 45 41 47 38 50 16 10 52 41 40 40 52 36 47 14 37 23 3 37 43 14 40 36 5 40 16 23 45 46 41 50 38 24 50 5 50 16 40 43 12 38 41 47 44 12 38 45
split_gain=230.942 56.2615 53.2689 48.2287 79.4966 40.8695 46.1977 38.8647 47.0983 38.3175 36.3871 39.0564 36.08 42.4511 34.5023 33.6688 56.4316 48.0618 32.5895 56.4436 53.502 47.942 35.6795 34.616 63.1557 48.8875 47.5418 37.9668 108.592 83.0735 50.7076 53.2654 37.6876 36.4545 57.449 37.2145 35.5711 55.403 58.1842 54.7802 49.8812 58.9975 44.1096 60.2884 43.5897 62.5823 38.1938 42.8692 40.4425 37.9394 70.0158 61.4186 47.174 41.6627 36.0012 35.7164 35.2046 34.4204 40.2847 33.6063 33.2667 33.4339
threshold=286.76470947265631 -54.390699386596673 -0.070205312222242341 -4.3369648456573477 21.882347106933597 -31.602724075317379 -7.2629013061523429 13.111111164093019 9.6946706771850604 207.11548614501956 -1.0995130538940427 0.17646789550781253 -1.0998802185058592 -3.0392150878906246 17.888889312744144 12.60835647583008 4.8298299312591562 8.8935022354125994 -41.705886840820305 94.038017272949233 -51.069786071777337 291.93989562988287 6.6951441764831552 -0.14935698360204694 -2.5686340332031246 -1.8235321044921873 23.392936706542972 281.47059631347662 1.3126982450485232 -38.001497268676751 288.33334350585943 -49.456022262573235 286.53428649902349 288.62382507324224 -0.70399475097656239 -29.902641296386715 0.78430938720703136 230.88235473632815 225.84973907470706 2.1372528076171879 -5.1181564331054679 -8.3960647583007795 -6.727214813232421 0.80393314361572277 23.847252845764164 112.07171630859376 -6.2352981567382804 18.877817153930668 112.07171630859376 263.53910827636724 106.65961074829103 -28.399984359741207 -0.45098876953124994 -0.56446838378906239 -48.870338439941399 -38.352928161621087 21.609538078308109 2.6617431640625004 -6.5133686065673819 -34.270801544189446 -6.2352981567382804 4.6640853881835946
decision_type=2 2 2 2 2 2 2 2 2 2 2 2 2 2 2 2 2 2 2 2 2 2 2 2 2 2 2 2 2 2 2 2 2 2 2 2 2 2 2 2 2 2 2 2 2 2 2 2 2 2 2 2 2 2 2 2 2 2 2 2 2 2
left_child=1 -1 12 4 7 -4 -7 8 -3 -9 -5 -12 13 -2 -14 17 -17 18 19 -11 21 22 -21 25 33 -20 27 30 -29 32 36 -32 -30 -25 -35 -36 42 44 39 -39 41 54 43 -26 46 -46 47 -38 -48 51 57 -44 -53 -52 -40 -55 -50 58 -51 -27 61 -56
right_child=2 3 5 10 -6 6 -8 9 -10 15 11 -13 14 -15 -16 16 -18 -19 23 20 -22 -23 -24 24 26 59 -28 28 29 -31 31 -33 -34 34 35 -37 37 38 40 -41 -42 -43 49 -45 45 -47 48 -49 56 50 53 52 -54 55 60 -57 -58 -59 -60 -61 -62 -63
leaf_value=-0.026032798995327018 -0.01580120882684536 -0.0081596405637307506 -0.037916716458576957 0.016863501443008844 -0.013433226387133249 -0.05070879408972321 0.33768943642436233 0.02618634474746323 0.001730943956415771 -0.012739912218819463 0.027334693197628979 0.0018079764151289262 0.033008752666656919 0.076389996969441487 -0.035516691169536423 0.017399581109020488 -0.015706447250651099 0.033081836825135831 0.0052821106881804289 0.1280717488850534 0.0046682337254598302 0.23509086351879663 -0.005750825669061873 -0.015437175368104622 0.047013319421227495 0.049930260977315087 -0.0023138979403780602 -0.031508066385985516 0.051600435378442458 -0.026157615938390721 0.04981214086990475 0.005623095362408753 0.15413828968259485 0.17511845085442837 -0.040758672674431062 0.12543823863595568 0.031304905571494131 -0.032022626648256267 -0.016174269392643031 0.031618252654138888 -0.026703087238821633 0.03735833390902376 0.030019251617719768 0.0050118726119421832 -0.0058355177337106635 0.027166123649383658 0.0086824045243582889 -0.0092192977713983909 -0.019366317796429198 0.0012128292106043308 -0.035921280173908395 -0.001040480282923342 0.013890693794920412 0.10408661159905107 0.0013020203782381904 0.02874688060396486 0.024229450304650825 0.030488057342048104 -0.022028353711614442 -0.0081226450584025219 -0.015743138407432761 -0.0093361568623447667
leaf_weight=200.58300393843092 24.32077744952403 2677.6494877648074 515.71419601328671 674.95554312318563 1067.3712440170348 1.5172741699498149 1.5454100735951204 151.59071247279644 2186.5466412880924 995.05616530310363 161.37893664836884 2096.6183212324977 23.716857097810134 25.662325428100303 81.462163030402735 160.83176277391613 644.70928442664444 118.23527765087783 2684.563723240979 8.4449975313618832 393.06610629498027 4.1682310076430431 12.142196367727591 721.92704392038286 156.30428341217339 103.6126395133324 6351.0875394407194 237.55231700115837 38.355043495073915 33.517537030857056 117.64519776869565 162.243007756304 11.693292017094789 6.4189863339997855 13.459064600523565 4.4925837377086255 323.2876717178151 39.864519177004695 412.51044552633539 222.76990692131221 198.69079560786486 97.32005574926734 293.94325094576925 188.43849756196141 1197.1790832448751 163.24311381205916 2703.3752000713721 81.767654582858086 236.68478016741574 337.29962563049048 21.101603604853153 1181.5752403447405 957.82062835525721 18.535437945276499 5518.5020092912018 103.97690378595144 57.571238096803427 51.8317601531744 416.90587693499401 32.827890306711197 360.06872641295195 852.69217102043331
leaf_count=26489 3573 44229 215097 3726 11816 171 255 752 32375 60878 1353 11890 3045 2346 11693 1271 8319 943 25900 75 11605 323 975 8296 1293 666 77055 16576 1030 554 6360 5971 566 162 844 38 2755 213 17081 1632 1146 481 3508 1573 8812 945 15133 755 1160 7084 303 7733 6547 322 78194 1187 291 670 11124 198 2310 15761
internal_value=-0.000132649 0.000378358 -0.0291475 0.00051753 3.30183e-06 -0.0368352 0.145274 0.000424312 -0.00371364 0.0011136 0.00667723 0.00363237 -0.00344385 0.0315316 -0.0200649 0.00098276 -0.0090966 0.00127023 0.0011365 -0.00626406 0.0091584 0.0804531 0.049144 0.00152793 0.000909447 0.006766 0.00137106 0.0027646 -0.0142628 0.0347604 0.00309652 0.024197 0.0755574 -0.0134068 0.0467387 0.000833805 0.00273181 0.00145031 -0.00117096 0.0219584 -0.00198746 -0.00130928 0.00701715 0.0240551 0.00568918 -0.0018755 0.0087136 0.0231244 0.00676634 0.0052809 -0.00319497 0.00858875 0.0056443 0.0289687 -0.00183605 0.0401454 -0.0108368 -0.00892566 -0.0116343 0.0359626 -0.000957365 -0.000121746
internal_weight=38939.9 38266 673.939 38065.4 35132.5 518.777 3.06268 34065.1 4864.2 29200.9 2932.95 2258 155.162 49.9831 105.179 29049.3 805.541 28243.8 28125.5 1412.88 417.822 24.7554 20.5872 26712.7 23891.7 2821 23145.4 16794.3 321.118 83.5659 16473.1 279.888 50.0483 746.298 24.3706 17.9516 16193.3 12465.5 7702.42 262.634 7439.78 7241.09 3727.73 344.743 4763.11 1360.42 3402.69 405.055 2997.63 3382.99 949.651 2433.34 2139.4 143.614 7143.77 122.512 294.256 806.037 754.206 136.441 6731.26 6371.19
internal_count=785428 549248 236180 522759 505790 215523 426 493974 76604 417370 16969 13243 20657 5919 14738 416618 9590 407028 406085 73856 12978 1373 1050 332229 305465 26764 296125 219070 18726 2150 200344 12331 1596 9340 1044 882 188013 146669 116818 1845 114973 113827 41344 2866 29851 9757 20094 3510 16584 38478 20690 17788 14280 1812 113346 1509 1451 18878 18208 864 96265 93955
is_linear=0
shrinkage=0.05


Tree=83
num_leaves=63
num_cat=0
split_feature=2 49 29 51 48 41 49 49 5 48 49 54 49 48 49 54 54 48 40 36 54 17 49 5 5 2 49 49 55 5 51 49 41 49 39 40 39 48 48 35 49 48 48 30 11 48 11 29 48 49 48 48 5 51 48 12 42 23 54 29 48 49
split_gain=224.44 56.2117 52.6918 48.8536 46.5437 100.148 92.3872 160.638 100.98 96.4734 85.2866 80.5488 80.3309 142.569 98.7818 102.687 90.9039 224.111 133.901 111.019 103.393 90.4133 79.6213 84.9926 75.394 73.2647 68.1073 131.519 109.458 156.774 114.542 87.7698 97.7768 81.9527 79.2501 99.6109 101.167 74.2425 74.1296 72.266 68.4618 84.6816 105.32 84.7548 75.1894 70.0481 67.5132 74.6115 88.1322 63.2544 62.7155 104.474 84.2118 64.0528 62.5636 61.8562 68.5911 60.5316 60.0732 59.9064 59.4766 63.3876
threshold=291.20854187011724 247.43756103515628 2.6333522796630864 37.148876190185554 1.0000000180025095e-35 14.268213272094728 276.94873046875006 280.31988525390631 222.76506042480472 -0.55223670601844776 261.91014099121099 -1.0000000180025095e-35 286.41694641113287 -0.60007590055465687 288.57763671875006 -0.37940952181816096 -1.0000000180025095e-35 -0.5924580693244933 0.27452087402343756 267.94117736816412 0.37940952181816107 -7.4937171936035147 257.70365905761724 234.2858810424805 238.26190948486331 285.08073425292974 267.04945373535162 261.09867858886724 -0.6035533845424651 273.15235900878912 46.128787994384773 265.41934204101568 11.766399860382082 262.42489624023443 -19.02614593505859 16.50980377197266 -7.6092963218688956 0.49165558815002447 0.96787995100021373 30.215231895446781 268.11450195312506 0.8994269371032716 0.8446832299232484 23.638015747070316 227.02115631103518 0.92260730266571056 292.15977478027349 14.724085807800295 0.94973194599151622 274.13537597656256 0.95832794904708873 0.8994269371032716 232.56377410888675 43.426412582397468 -0.07752364873886107 -47.550430297851555 11.629913330078127 -49.364648818969719 1.0000000180025095e-35 10.531147956848146 0.89009976387023937 290.95030212402349
decision_type=2 2 2 2 2 2 2 2 2 2 2 2 2 2 2 2 2 2 2 2 2 2 2 2 2 2 2 2 2 2 2 2 2 2 2 2 2 2 2 2 2 2 2 2 2 2 2 2 2 2 2 2 2 2 2 2 2 2 2 2 2 2
left_child=1 2 -1 -4 5 6 9 8 -8 10 -3 -7 13 -9 -14 25 17 -15 20 21 -18 24 23 -11 -19 -16 27 34 29 30 39 -31 -33 -32 58 -36 -37 -30 40 -29 50 42 43 55 -45 -43 47 48 -47 -13 51 52 53 -28 -26 -42 -57 -22 -6 -53 61 -44
right_child=-2 4 3 -5 26 11 7 12 -10 22 -12 49 14 16 15 -17 18 19 -20 -21 57 -23 -24 -25 54 -27 38 28 37 31 33 32 -34 -35 35 36 -38 -39 -40 -41 41 45 60 44 -46 46 -48 -49 -50 -51 -52 59 -54 -55 -56 56 -58 -59 -60 -61 -62 -63
leaf_value=0.063891598282530285 -0.035772101458687727 -0.037091414196046966 0.021006902526558097 -0.018956356591639696 -0.024740229407779521 -0.039181023278163994 0.045319836785710756 -0.01762515988938556 -0.027335200458870834 0.036650126244292952 0.021052066377912848 -0.00082555452348546325 -0.022203027700197685 0.15537780535700152 0.047850162561127514 -0.0080913034216721722 0.057273042916175299 0.067205738612307955 -0.031090065550978336 -0.030837395759592403 -0.054514606571707862 -0.022734601701864254 0.00089656160087942893 -0.049946678701848976 0.0032172681381990409 -0.017385125426318964 0.017155678786608328 -0.020917406304013553 -0.01598633025545786 -0.037989040770718373 0.086126927560878863 0.25275562141767138 0.071955626529009803 0.01059887388361002 0.014607344700062317 -0.017004616866451841 0.0046283764361501681 -0.046519020605801736 -0.028025490333156284 0.01246700349861736 -0.0051545855205434562 -0.021232824732221919 0.039562693357335157 0.015340335939872175 -0.013899705549768016 0.0078983628570811638 0.12024098587076562 0.014805216830276547 -0.041422982441317618 -0.056962032488411141 -0.040582546168509426 -0.010551337320507902 -0.010147004981364924 0.077696074834332329 0.072262400027733265 0.0054928486024833356 0.019914685937283624 0.020448765578709442 0.00030851598909486426 0.056474576106338173 -9.2846649363890796e-06 -0.022697504295222808
leaf_weight=54.205220006406307 433.15474302484654 67.894607708556578 322.45348292216659 100.24987166374922 427.90686480421573 302.7034451784566 50.241727624088526 600.47995814424939 993.75101943383925 35.333002092316747 887.44608624489047 470.42821455746889 870.3430724828504 22.286261358065531 164.78764028195292 708.2354247213807 211.91939197829925 69.206891240552068 112.83305744244717 286.07229750067927 28.026407738681883 180.88692888710648 10347.738769040443 143.05391090828925 323.41077282000333 58.254925861023366 283.85431999340653 742.36990500916727 724.37652782071382 13.63229999411851 46.098583777435124 9.1613656480330956 40.694064446724951 162.59691388509236 1702.7445752322674 711.41984230093658 2248.6099219843745 274.55885878414847 176.40314588090405 207.38532388955355 1119.1035368721932 584.657324380707 433.15017154044472 277.12978906929493 1063.8407863909379 182.69956655637361 11.828979648184029 398.1230388302356 179.6235130331479 56.17314369417727 44.183617006754503 39.05357404705137 295.03464906732552 51.63879119977355 36.513384862802923 5830.2387031838298 960.24200198147446 687.87839166866615 543.21942285541445 227.75028933375143 180.33585606515408 45.141699138097465
leaf_count=478 169895 668 2312 546 9081 4815 258 16158 27970 282 8846 4611 28288 199 1809 28821 3249 456 4825 16601 2472 1112 120071 2300 4051 6077 1747 11729 12141 1100 392 385 806 1783 9292 6908 12704 5698 4503 2624 73412 13323 6754 1228 11043 3913 1443 5099 5012 985 1014 749 4776 326 428 83121 11174 9517 8765 1527 2607 1406
internal_value=1.81641e-05 0.000421549 0.0174806 0.0115291 0.000207199 -0.00166425 -0.000831156 -0.0062213 -0.0238387 0.00170636 0.0169199 -0.018628 -0.00200395 0.00368936 -0.0100923 0.00122606 0.0102226 -0.00124261 0.0203407 -0.00513784 0.0265952 0.00691414 0.000325597 -0.0327945 0.0194117 0.0308118 0.00184536 -0.00179663 -0.0121014 -0.0020651 -0.00625776 0.0744376 0.105179 0.0272822 0.00226551 0.00497184 -0.000570943 -0.0243783 0.00415535 -0.0136277 0.00462037 0.00353793 0.00514205 0.00376661 -0.00785685 -0.00817639 0.00170809 -0.000135731 -0.0165529 -0.00681369 0.0175728 0.0204363 0.00933841 0.026474 0.0102217 0.00573722 0.00753224 0.0175141 -0.0107287 0.0466636 0.0244604 0.0336865
internal_weight=38864.8 38431.6 476.909 422.703 37954.7 17715.9 16886.6 5405.13 1043.99 11481.5 955.341 829.305 4361.13 2559.51 1801.62 931.278 1959.03 918.377 1040.66 896.09 927.824 610.018 10526.1 178.387 429.131 223.043 20238.8 7854.77 2220.87 1221.94 1158.45 63.4877 49.8554 208.695 5633.9 4662.77 2960.03 998.935 12384 949.755 12207.6 11266.1 9909.18 9250.55 1340.97 1356.93 772.275 760.446 362.323 526.601 941.515 897.332 630.528 335.493 359.924 7909.58 6790.48 715.905 971.126 266.804 658.628 478.292
internal_count=785685 615790 3336 2858 612454 294869 284458 152291 28228 132167 9514 10411 124063 59068 64995 36707 42910 22847 20063 22648 15238 6047 122653 2582 4935 7886 317585 83408 36658 18819 16528 2291 1191 2175 46750 28904 19612 17839 234177 14353 229674 219535 190745 179978 12271 28790 15467 14024 8925 5596 10139 9125 6849 2073 4479 167707 94295 11989 17846 2276 10767 8160
is_linear=0
shrinkage=0.05


Tree=84
num_leaves=63
num_cat=0
split_feature=36 13 53 52 49 49 40 39 49 49 48 49 53 41 11 41 49 51 44 11 49 4 48 55 55 23 52 48 29 34 49 5 49 10 44 47 49 48 40 40 37 48 41 48 48 40 29 5 49 48 49 48 49 49 29 23 41 39 36 52 49 49
split_gain=205.027 60.5776 48.9727 52.722 54.2063 51.8092 51.5566 44.8182 42.1605 228.263 107.256 74.4746 73.2916 67.6958 72.5736 70.5345 63.3011 62.5311 65.1835 62.4472 61.4259 53.4322 52.7902 55.6716 50.9926 51.6889 72.4366 58.9778 67.272 100.636 84.1117 50.9661 109.372 89.6696 60.0955 123.629 45.0747 44.5887 44.0544 41.9113 41.369 44.8702 41.059 40.5923 86.3551 85.1586 72.2422 70.9258 70.7767 60.3405 185.412 96.1751 124.694 71.9645 87.6653 61.5307 60.4334 52.8885 46.7178 45.5977 62.8912 98.1362
threshold=289.11766052246099 -54.556138992309563 1089.1666564941409 6.6415228843688974 254.46063232421878 266.37236022949224 0.78430938720703136 1.0000000180025095e-35 286.04714965820318 284.25558471679693 0.68585610389709484 289.42092895507818 18.433333396911625 26.90389442443848 281.26124572753912 20.364076614379886 283.03953552246099 21.383964538574222 -0.83753776550292958 288.01518249511724 291.06811523437506 272.39001464843756 -0.56490284204483021 0.78656607866287243 0.98296290636062633 -40.365167617797844 35.329317092895515 0.94973194599151622 3.7707633972167973 8.9946470260620135 285.83421325683599 277.75044250488287 286.93914794921881 281.26799011230474 -8.4944629669189435 -0.37701225280761713 284.37030029296881 -0.52717256546020497 -0.88235473632812489 3.0784301757812504 277.07698059082037 -0.58530998229980458 8.8203821182250994 0.91263091564178478 0.83399277925491344 9.5490112304687518 21.483678817749027 224.38174438476565 282.31869506835943 0.93061417341232311 275.32183837890631 0.95489680767059337 269.73658752441412 263.06666564941412 20.288356781005863 -7.0733015537261954 33.642942428588874 -3.5671762228012081 237.35294342041018 42.129280090332038 267.78880310058599 267.56375122070318
decision_type=2 2 2 2 2 2 2 2 2 2 2 2 2 2 2 2 2 2 2 2 2 2 2 2 2 2 2 2 2 2 2 2 2 2 2 2 2 2 2 2 2 2 2 2 2 2 2 2 2 2 2 2 2 2 2 2 2 2 2 2 2 2
left_child=1 -1 3 4 -3 42 -7 8 9 16 11 17 -11 14 -12 39 43 -10 31 24 22 -18 -13 -24 25 26 27 28 30 -30 38 -19 34 -34 35 -33 -31 -27 -14 -16 -32 -42 -4 44 46 -45 47 48 -5 53 51 52 -51 54 -47 -53 -57 -48 -52 60 61 -46
right_child=-2 2 5 7 -6 6 -8 -9 10 12 13 20 19 -15 15 -17 21 18 -20 -21 -22 -23 23 -25 -26 37 -28 -29 29 36 40 32 33 -35 -36 -37 -38 -39 -40 -41 41 -43 -44 45 59 49 57 -49 -50 50 58 55 -54 -55 -56 56 -58 -59 -60 -61 -62 -63
leaf_value=-0.027511559318867781 -0.037199566271044239 0.02437001192733243 9.7243248572539021e-05 0.0069758543537660521 -0.0051461882216189952 0.021377292926594946 -0.0053048279989178371 0.03597960881077971 -0.024233284592029388 -0.007589934469618748 0.027972977428617759 -0.013288747312363675 0.042841846163172735 -0.031572276096920225 -0.039273375673029104 -0.024300288371674306 -0.001890959466320786 -0.010230635084749981 -0.023065816961368328 -0.0091230344029107468 -0.018262647518374975 -0.02973030277101232 0.021543274726310836 0.12439484445862142 -0.042629063628126719 -0.023587861673769112 -0.010754119551861493 -0.023758835901532369 0.1932353507001944 0.14112502575779171 0.16058805605681126 -0.011054603088631251 0.081927554561308263 -0.0071468130770560153 0.047192738952895011 0.28361295020812699 0.043374269961910211 0.024364274832659683 -0.01408875964712231 0.016240177945373319 0.12321099458330753 -0.038916459941609007 0.042473789982094542 -0.032441194151665596 0.022039925411424598 0.037074740281842745 -0.018370533035738205 7.8018871373178336e-05 0.063702099805315743 0.038134412826073015 0.050054060693286953 -0.017702236399886936 -0.035173411458004358 -0.034808179191454187 -0.016546848859333878 0.027468409457574224 -0.014726704486931043 0.0007205294831771447 0.15774020907790806 -0.011821028878933819 0.0033978101842839486 0.097644901669471956
leaf_weight=194.79328652052209 367.97242606140207 160.08982414612547 81.479658769443631 3481.8968367893249 5484.6505577517673 286.41270242177416 492.1099940307904 90.981699079275131 872.27383796265349 216.49372893362306 433.12245816551149 116.80079179583117 153.57225993252359 96.741609172895551 36.868662115652114 187.64830349129625 380.45662977918983 439.7952727752272 408.17908555874601 132.26468809170183 190.75841089512687 315.10532096447423 317.61613259278238 13.725405739620326 25.825659201480448 51.492213530465961 53.785473747178912 24.145541335456073 19.990967900957912 15.241064139176158 20.167067253030837 6.1059827115386716 31.436248393729329 279.11040791193955 57.157031796872616 8.5353910690173489 52.131618525832891 828.30747965816408 43.636679057963192 436.89821744442452 10.235536649124699 7.3193490589037529 191.51466411352158 262.13607444812078 622.77448539785109 108.93446030654013 829.71435517258942 16694.867254901561 55.869627133011818 278.85513140074909 18.373408127576113 583.35422469815239 73.243878194596618 262.69082750240341 253.83912138827145 193.31179334968328 151.25399956479669 644.63134710118175 22.290779940783978 151.26587757398374 470.90067795466166 46.097860151203349
leaf_count=36379 164428 1156 433 19397 93569 2948 3799 1213 28458 4000 3052 4069 1725 841 3001 2850 4184 6558 8967 11221 12008 13272 11471 205 594 755 909 495 443 335 128 318 322 10780 2613 213 965 5754 1379 19996 166 323 1009 7666 5959 899 8525 245719 263 1889 220 8126 1023 3597 2105 1077 908 3471 347 1574 5719 325
internal_value=-5.45565e-05 0.00030073 0.00044227 0.000141682 -0.00430908 0.0110835 0.00451133 0.000937224 0.000835976 0.00152714 -0.00400691 -0.00944998 0.0195322 0.00851926 0.0120628 0.00164411 0.000376977 -0.0139927 -0.00673238 0.0236151 0.00550003 -0.0145028 0.015615 0.0258038 0.0269311 0.0283345 0.0432315 0.0516129 0.0572595 0.0947193 0.0433294 0.0013769 0.0147286 0.00187007 0.0703448 0.160726 0.0654875 0.0215578 0.0302447 0.0119201 0.111735 0.0556134 0.0298258 0.000787581 0.00140934 -0.00568765 0.000662133 0.00144078 0.00787169 -0.00208408 0.00397474 0.000635584 0.0228849 -0.0148774 -0.000445238 -0.0078069 0.00894603 -0.0100233 0.109084 0.0139725 0.0173957 0.0272505
internal_weight=38839.3 38471.3 38276.5 37225 5644.74 1051.52 778.523 31580.2 31489.2 27556.5 3932.77 2741.49 1654.61 1191.28 1094.54 661.415 25901.9 2102.59 1230.32 1438.12 638.901 695.562 448.142 331.342 1305.85 1280.03 400.226 346.44 322.295 87.3637 234.931 822.14 382.345 310.547 71.7984 14.6414 67.3727 879.8 197.209 473.767 37.722 17.5549 272.994 25206.3 22998 2208.28 21707 20232.6 3537.77 1946.15 1320.68 1280.02 352.099 625.464 362.774 927.92 344.566 1474.35 40.6642 1291.04 1139.77 668.872
internal_count=786113 621685 585306 577117 94725 8189 6747 482392 481179 365457 115722 85982 29192 29740 28899 25847 336265 58229 29771 25192 27753 17456 15745 11676 13971 13377 6868 5959 5464 1743 3721 20804 14246 11102 3144 531 1300 6509 3104 22997 617 489 1442 318809 290952 27857 277375 265379 19660 20191 13590 13023 2912 6601 3004 10111 1985 11996 567 13577 12003 6284
is_linear=0
shrinkage=0.05


Tree=85
num_leaves=63
num_cat=0
split_feature=36 13 5 49 48 36 51 49 47 41 40 40 54 23 17 20 45 39 41 36 48 54 5 40 23 35 49 49 34 49 49 49 49 49 53 49 35 48 49 27 48 49 49 48 48 51 49 53 41 23 54 46 48 47 47 9 48 48 9 49 46 49
split_gain=187.033 58.2195 47.5621 47.4933 50.5189 46.9105 90.1968 63.8825 59.2669 54.0635 72.2211 65.3692 55.7697 72.7551 57.5419 47.8096 47.6752 67.1013 70.4085 65.2194 47.2898 69.2696 130.211 115.59 83.3586 69.915 116.827 63.8095 83.3738 59.5981 97.3346 58.645 122.803 78.0117 80.3186 63.5806 56.5776 64.68 79.9423 67.6689 61.2504 56.002 88.5543 53.373 63.5453 54.6311 53.4448 50.2733 49.2157 117.674 94.6374 96.6456 125.941 89.27 75.1554 71.285 66.7092 147.963 83.9044 63.6216 60.8584 61.0949
threshold=289.11766052246099 -54.556138992309563 289.45631408691412 275.10462951660162 -0.72268652915954579 280.88236999511724 62.29881668090821 270.49778747558599 -1.4672026634216306 1.977247476577759 -1.6078414916992185 -1.2941207885742185 -1.0000000180025095e-35 -23.112153053283688 -8.4754066467285138 -25.820116043090817 3.8358793258666997 -43.190996170043938 8.1805844306945819 270.29412841796881 -0.071447014808654771 -1.0000000180025095e-35 263.05389404296881 1.8823699951171877 -39.377450942993157 3.3347398042678837 274.91055297851568 267.56375122070318 2.7597278356552128 269.73658752441412 268.95562744140631 271.09448242187506 268.11450195312506 285.83421325683599 1089.1666564941409 286.04714965820318 18.057141304016117 -0.48480302095413202 274.13537597656256 13.566896438598635 -0.61567881703376759 260.66418457031256 268.11450195312506 -0.29509925842285151 -0.35931435227394098 6.3526408672332773 267.93310546875006 15.916666507720949 16.91430759429932 -18.475384712219235 -0.37940952181816096 2.9623703956604008 0.22238975763320926 -2.5949630737304683 -0.2369679659605026 252.62830352783206 0.8446832299232484 0.86708140373229992 262.26785278320318 258.72836303710943 0.43838119506835943 267.31149291992193
decision_type=2 2 2 2 2 2 2 2 2 2 2 2 2 2 2 2 2 2 2 2 2 2 2 2 2 2 2 2 2 2 2 2 2 2 2 2 2 2 2 2 2 2 2 2 2 2 2 2 2 2 2 2 2 2 2 2 2 2 2 2 2 2
left_child=1 -1 5 -4 -5 9 -7 -8 -9 10 12 -11 15 -14 -15 -3 20 -18 -19 -20 21 23 25 24 31 -23 29 28 -24 30 43 32 -13 34 -33 -35 37 40 39 -39 -31 47 -43 44 -27 -45 -47 -25 50 53 54 59 -53 -50 60 -51 -55 58 -58 -52 -22 -62
right_child=-2 2 3 4 -6 6 7 8 -10 11 -12 16 13 14 -16 -17 17 18 19 -21 48 22 27 41 -26 26 -28 -29 -30 36 -32 33 -34 35 -36 -37 -38 38 -40 -41 -42 42 -44 45 -46 46 -48 -49 49 55 51 52 -54 56 -56 -57 57 -59 -60 -61 61 -63
leaf_value=-0.027602124450924997 -0.036405823476113396 -0.011342141481644363 0.14162066525303632 0.36181326676508713 0.019165406073018434 -0.010690799945118063 -0.045277860444759399 0.090335304882565415 0.01610619494852604 -0.011509165253202638 0.015737376671432001 -0.026428454575034246 0.0076030890080079046 -0.037667532218338608 0.023436377540409802 0.016295613033462355 -0.020428685921099435 0.0083365661347154316 -0.0060573075507893512 0.080765549156609648 0.0090911118580169741 0.021467536889208334 0.066475456501330563 -0.037804268174958709 -0.0036543887698390499 0.0063672687102005856 -0.020348259951442113 -0.030961457782414915 -0.020491663188166285 0.066093275573464658 -0.047325472678224567 -0.023856670084602467 0.10461273388661976 0.11437924876631583 0.12749326042860271 0.014737866778835205 -0.044283247180164347 0.038316015074395915 -0.0014154900506016881 0.1143061442498047 -0.0049047516302425341 -0.051334597535991733 -0.016266328761656467 -0.045588342508089894 0.049749938159053111 0.003931442442730324 -0.058878737223554661 0.0087222418325915829 -0.016465006366522442 0.0044876346511079097 0.039606526457276831 -0.0075576556900057365 0.018173642232557994 -0.0072895744753952788 -0.0072630421899497425 0.062730559158900842 0.13174475278137679 0.00051057743655846821 0.035682165728132952 -0.010213808374910555 0.0026609916595444149 0.032647671752016098
leaf_weight=188.88414197124075 354.31056404637638 1016.5098796738312 9.7327856756746751 1.0917002173373465 73.468661230639555 2068.2568836732535 38.801776798442006 29.360281110508367 319.71028950787149 1233.3324717264622 1244.3955236384645 26.356644374318421 2940.7788898805156 159.05815073288977 50.845094367861748 184.94635995104909 555.91032863222063 1215.3740718662739 3657.7490805536509 21.758271299302578 1028.0101860049181 560.58565729670227 42.866255292668939 72.530999750830233 1175.0335979741067 1268.6796983424574 482.4829862783663 403.3837119564414 77.173942303285003 34.221066601574421 96.477517042309046 112.07801827741787 55.581206527072936 27.052337833214551 9.509557440876959 39.221186080947518 34.903334522619843 291.97302502486855 122.85192346572876 32.563892049714923 270.48815959505737 223.36816815612838 927.62597336154431 88.668300034478307 90.425758418161422 352.33073526620865 37.469390835613012 291.00373179465532 1353.893529992085 6072.5488394983113 66.924456391017884 765.65343499649316 1255.0021569281816 1601.5921483044513 354.25193934887648 52.993875039741397 26.528353476896882 930.8080417397432 158.79362123459578 1508.4197387224995 215.23669268842787 805.67731048259884
leaf_count=36138 164263 12234 1310 222 15223 141248 2025 700 12983 12664 16431 724 28060 1286 247 1142 16207 9769 39961 250 18036 3477 580 650 8081 9953 6722 15666 1992 239 1134 4473 1450 337 84 1385 225 2013 942 214 2695 3005 13219 839 727 2805 359 2435 22441 37895 548 6384 16499 19384 5391 448 231 12521 1191 29769 2942 13565
internal_value=-0.000244416 8.87779e-05 0.000225468 0.0377422 0.0241824 0.00014264 -0.00654143 0.0155843 0.0223496 0.00060219 0.00511517 -0.000236153 0.00207799 0.00557317 -0.0228663 -0.00708772 0.000245032 -0.00396699 -0.00209745 -0.00554389 0.00122437 -0.00213283 0.00192842 -0.0080168 0.00210043 0.00517768 0.00232712 -0.0214381 0.0105642 0.0063478 0.00162748 0.0271639 0.0624612 0.0117686 -0.0120194 0.0554107 0.017948 0.020836 0.0329369 0.0459408 0.00306884 -0.0176684 -0.0230719 0.00419764 0.00925366 -0.0101641 -0.00210616 -0.000560542 0.00272652 0.00061245 0.00631993 0.00118614 0.00842371 -0.00597563 0.0140019 0.00499151 -0.000750115 0.00863369 0.0494333 -0.00809732 0.0176785 0.0263257
internal_weight=38807.5 38453.2 38264.3 84.2931 74.5604 38180 2456.13 387.872 349.071 35723.9 5596.53 30127.4 4352.14 3150.68 209.903 1201.46 28894 5450.79 4894.88 3679.51 23443.2 7246.91 4287.55 2959.36 1444.83 3764.12 3203.54 523.424 120.04 2721.05 1934.05 269.799 81.9379 187.861 121.588 66.2735 787.001 752.098 447.389 324.537 304.709 1514.53 1150.99 1837.57 1359.11 478.468 389.8 363.535 16196.3 10197.2 5999.18 3596 2020.66 4071.62 2403.18 6125.54 2717.72 1116.13 185.322 1575.34 2048.92 1020.91
internal_count=786033 621770 585632 16755 15445 568877 156956 15708 13683 411921 59400 352521 42969 29593 1533 13376 339857 66187 49980 40211 273670 86425 50582 35843 16534 32344 28867 18238 2572 22145 15817 8453 2174 6279 4557 1722 6328 6103 3169 2227 2934 19309 16224 14683 10680 4003 3164 3085 187245 94111 93134 53200 22883 55768 39934 38343 33327 13943 1422 30317 34543 16507
is_linear=0
shrinkage=0.05


Tree=86
num_leaves=63
num_cat=0
split_feature=1 50 17 43 47 35 40 11 40 29 41 11 50 40 46 54 11 11 49 49 29 17 44 12 40 39 54 43 42 45 47 43 49 47 15 49 49 38 39 46 27 10 37 53 46 54 49 5 54 50 5 49 42 49 45 11 0 53 48 40 4 47
split_gain=186.324 49.8543 56.5164 77.9438 61.8084 74.4964 90.1806 68.4402 69.7224 88.9015 81.1007 56.5499 53.4953 51.3608 49.5705 48.6272 48.4797 50.6708 47.4786 45.9925 50.798 59.1588 45.3273 43.834 43.3926 42.7449 42.4913 47.8698 42.4549 40.917 39.9609 38.856 47.5502 39.9859 38.4203 43.7829 36.7352 38.9733 39.1038 36.2068 57.303 35.64 52.9427 37.6802 35.1049 73.3067 48.6605 72.7232 81.1108 78.6198 47.2986 62.444 43.9266 40.2756 39.8339 39.7253 37.5816 36.6762 34.5936 45.4312 33.5475 33.3686
threshold=292.33358764648443 222.99001312255862 -34.913860321044915 -2.1890258789062496 1.8975038528442385 -0.8988763391971587 3.5882263183593754 272.65019226074224 -0.68627929687499989 -1.9244556427001951 1.8368432521820071 284.28923034667974 44.713758468627937 -3.5686187744140621 1.0904650688171389 -0.91597560048103321 275.96595764160162 282.42173767089849 286.08425903320318 247.43756103515628 3.3183870315551762 -4.2366523742675772 7.3481006622314462 -52.683616638183587 0.27452087402343756 1.0000000180025095e-35 0.91597560048103344 0.036544799804687507 21.188232421875004 2.6175160408020024 -1.3168210983276365 2.8335952758789067 266.37236022949224 0.51882392168045055 -50.788124084472649 281.83038330078131 284.25558471679693 -41.529396057128899 -51.535223007202141 0.93289375305175792 6.9258375167846689 287.55883789062506 285.07263183593756 110.47916793823244 0.12608098983764651 -0.91597560048103321 287.14447021484381 275.86897277832037 -1.0000000180025095e-35 23.156226158142093 280.98770141601568 286.19183349609381 1.239433288574219 289.84396362304693 0.69949913024902355 287.27018737792974 290.73014831542974 278.20832824707037 -0.47858285903930659 -1.9804077148437498 228.28501892089847 0.10153931006789209
decision_type=2 2 2 2 2 2 2 2 2 2 2 2 2 2 2 2 2 2 2 2 2 2 2 2 2 2 2 2 2 2 2 2 2 2 2 2 2 2 2 2 2 2 2 2 2 2 2 2 2 2 2 2 2 2 2 2 2 2 2 2 2 2
left_child=1 2 3 -1 5 13 7 -7 9 -9 -10 19 36 29 26 -12 -15 -18 31 20 -4 60 44 -24 -17 28 27 -11 -21 -5 -30 32 33 -14 35 -3 -8 -38 39 40 -39 -19 -43 -44 -13 54 50 49 57 53 -47 55 -53 -48 56 -52 -46 -49 59 -29 -22 -61
right_child=-2 34 11 4 -6 6 12 8 10 14 15 22 18 16 -16 24 17 41 -20 25 21 -23 23 -25 -26 -27 -28 58 30 -31 -32 -33 -34 -35 -36 -37 37 38 -40 -41 -42 42 43 -45 45 46 47 48 -50 -51 51 52 -54 -55 -56 -57 -58 -59 -60 61 -62 -63
leaf_value=-0.027948070570308094 -0.035994386040323061 0.12415025083633076 0.050329997894308323 -0.0050278380152642757 0.017574727921856263 0.16482410137793216 -0.016940856705728497 -0.026615638926838048 -0.045160192922753854 -0.00066227026187611537 0.0085332964276159384 -0.014472245696874978 0.029895172620014277 -0.05392776503990665 -0.0088350777812724688 0.0038462526547793788 0.037034702443963154 -0.0013893417183934763 -0.0046339672434853154 -0.00036773312015770022 -0.047636517907623702 0.025570331468678289 -0.023802924621947261 0.14601413160944629 -0.02694684950649719 0.030760530215626219 -0.022725979844546454 0.0020184623215239645 0.0019658597265145164 0.089922507936744167 0.023202413004905345 -0.0044043285306074624 0.02359045538087455 0.1478753682268634 0.0083555606272595982 -0.017522472781965209 -0.023279785581191967 0.019005852875697393 0.0094573381343151051 0.00097272504952636426 0.29117960116465519 0.18685665316702083 0.062819328513216852 -0.016975566290856885 0.10344713619657775 0.0093315954335055542 0.035494550045502726 -0.0076083985703346542 -0.038721247473536231 -0.0019657979268694593 0.044649085260513276 0.037669114991732783 0.15844716240548209 0.13383552881718122 -0.0053892557552657891 -0.020361115519742266 -0.0034106122845674811 0.062991813844142916 0.010676781654266663 0.054012216353871968 0.0011442747531957619 0.12901429435107634
leaf_weight=336.00163677230012 358.62835899402853 15.020725344191307 87.610024799592793 648.60376069671474 337.87942400563043 5.3708546198904505 445.47214325226378 382.29284325928893 300.17377034004312 165.81046458263882 174.739035695442 119.09219969355036 13.955470470245929 23.205912336707115 520.04707065958064 142.57245274924207 243.80731899291277 260.31946907564998 295.93338329147082 28386.286527304444 52.584309555590153 207.21929982677102 5.5684208152815726 11.965938450652173 579.09770598867908 113.1882975846529 68.64716079540085 36.399696773150936 548.26905564777553 11.548210704699157 371.69082234520465 115.39713697414845 332.99469525343738 14.79596646025311 1389.7880547568202 8.5619993958389369 95.813549653859809 3.5626028592232597 267.9171324208146 5.7052433844655752 4.2299953387118876 5.6058093756437293 32.177373332437128 27.386389286024496 44.490406689466909 288.29541644616984 21.144840989960358 40.931464144261554 166.00088106049225 73.96505389304366 89.910430635325611 13.055577053455638 17.781538672279567 20.510733583243564 16.299223077949136 31.813367420807481 10.095190233434549 33.411302102264017 92.085743134841323 86.240696749882773 106.88976725190878 17.909312321222387
leaf_count=16211 148082 640 743 15876 11475 67 21102 17851 46194 10028 12821 3928 353 279 27806 10698 1506 3133 11517 269198 278 1612 706 580 54963 1520 3948 1111 7330 139 2934 3397 10055 342 14252 1104 12122 241 7575 300 202 100 2758 2324 795 7323 690 911 3888 1830 628 383 265 340 454 984 434 430 3685 2711 600 548
internal_value=-0.000121836 0.000213318 -0.000138999 -0.00453955 -0.0031735 -0.00446697 -0.00768093 -0.0134753 -0.0138485 -0.00614433 -0.0226656 0.000729437 0.00165599 0.00622481 0.00178366 -0.015133 0.0169116 0.0197992 0.0110999 0.000337104 0.0161246 0.00795227 0.0123993 0.092085 -0.0208634 9.3309e-05 0.0136062 0.0198658 -2.51357e-05 -0.00336685 0.0105461 0.0208583 0.0289171 0.0906097 0.00942941 0.0727142 -0.00721826 0.00426323 0.0136408 0.0966783 0.166748 0.00688893 0.0399564 0.026131 0.0109834 0.0144772 0.0101425 -0.0036081 -0.019283 0.0289757 0.0212453 0.0437588 0.107313 0.0839165 0.063203 0.0276582 0.0836846 0.0241209 0.0344971 0.0501038 -0.0149405 0.0669093
internal_weight=38743.8 38385.1 36971.8 6093.7 5757.7 5419.82 4167.16 2571.39 2566.02 1369.43 1196.58 30878.1 1595.78 1252.65 987.14 896.409 592.502 569.296 773.077 29873.7 454.303 366.693 1004.33 17.5344 721.67 29419.4 467.093 398.446 29306.2 660.152 919.96 477.143 361.746 28.7514 1413.37 23.5827 822.701 377.229 281.415 13.4978 7.7926 325.489 65.1696 59.5638 986.798 867.705 796.821 355.964 240.344 115.621 440.856 152.561 30.8371 41.6556 70.8848 121.724 54.5856 74.3428 232.635 140.55 159.474 104.15
internal_count=786300 638218 622222 313438 297227 285752 259637 192431 192364 67688 124676 308784 67206 26115 49837 78482 10100 9821 25664 284215 3233 2490 24569 1286 65661 280982 22031 18083 279462 16015 10264 14147 10750 695 15996 1744 41542 20440 8318 743 443 8315 5182 5082 23283 19355 17672 8089 5229 2860 9583 2260 648 1030 1683 1612 1229 1341 8055 4370 878 3259
is_linear=0
shrinkage=0.05


Tree=87
num_leaves=63
num_cat=0
split_feature=2 36 36 53 50 46 41 52 54 23 52 5 29 40 0 36 54 23 2 47 48 24 48 48 44 12 55 48 48 53 11 15 29 24 29 41 55 48 4 48 38 48 36 21 37 47 23 53 48 23 55 48 50 10 11 33 3 11 15 36 38 46
split_gain=168.193 50.1203 45.6486 41.5644 39.9684 46.6528 42.6413 39.1423 52.7658 72.1225 40.2021 51.5481 78.7814 51.4197 44.1106 50.2602 53.0094 56.3165 43.7141 41.2387 45.5901 97.3161 72.0087 59.1219 54.6791 46.4105 52.3959 42.1739 40.5199 38.6571 38.0813 41.3035 39.1989 37.8483 37.2921 55.4573 53.8285 51.2956 45.4883 49.1613 46.1042 43.8834 40.5334 57.7227 39.241 53.4961 41.5666 37.2842 36.9159 40.466 36.3424 44.6761 36.1371 40.6072 35.1566 34.9311 34.7744 33.7431 32.8795 32.4392 36.7275 31.9023
threshold=292.22308349609381 285.00000000000006 199.70588684082034 427.52499389648443 205.75521087646487 2.2705450057983403 -1.2326317429542539 6.6415228843688974 0.91597560048103344 -8.3960647583007795 36.042289733886726 251.08115386962893 1.6641530990600588 -1.1764755249023435 287.52116394042974 243.23529815673831 0.37940952181816107 -19.018526077270504 244.84070587158206 -4.4585323333740225 1.0000000180025095e-35 3.6799411773681645 0.096768677234649672 -0.37975081801414484 -5.7019577026367179 -32.722665786743157 1.0000000180025095e-35 0.95832794904708873 -0.47145682573318476 27.750000000000004 255.39424133300784 -7.2283477783203116 0.38385057449340826 26.641323089599613 3.3183870315551762 3.3023456335067753 -0.12940952181816107 0.18936437368392947 260.62001037597662 0.31050783395767217 -11.999992370605467 0.93061417341232311 270.88236999511724 -46.78382492065429 271.44154357910162 1.7053138613700869 -37.226037979125969 18.433333396911625 -0.41664040088653559 -40.723615646362298 0.98296290636062633 -0.50290912389755238 120.49063873291017 286.77874755859381 273.93620300292974 0.51700773835182201 258.24388122558599 221.62098693847659 -43.646194458007805 247.94117736816409 -25.764701843261715 -0.049131870269775384
decision_type=2 2 2 2 2 2 2 2 2 2 2 2 2 2 2 2 2 2 2 2 2 2 2 2 2 2 2 2 2 2 2 2 2 2 2 2 2 2 2 2 2 2 2 2 2 2 2 2 2 2 2 2 2 2 2 2 2 2 2 2 2 2
left_child=1 2 -1 7 6 -6 47 8 9 33 11 12 13 30 15 16 -12 -18 -19 28 21 23 25 24 -21 26 -22 34 55 -11 31 32 -9 -4 36 -36 -24 -37 40 42 -39 44 43 -40 45 -41 52 -3 50 58 -26 -52 -46 -54 -45 -13 -14 -10 -50 -28 -61 -38
right_child=-2 4 3 -5 5 -7 -8 10 57 29 14 19 56 -15 -16 -17 17 18 -20 20 22 -23 27 -25 48 -27 59 -29 -30 -31 -32 -33 -34 -35 35 37 61 38 39 41 -42 -43 -44 54 46 -47 -48 -49 49 -51 51 -53 53 -55 -56 -57 -58 -59 -60 60 -62 -63
leaf_value=0.0493785880162581 -0.040110533411611894 0.05664855188901146 -0.0041496743568494327 0.0041840959587523463 0.018261300135996746 0.20362065460580203 -0.021278569528684302 -0.046588073431547403 -0.051852485832640793 0.0014315401613806218 -0.015693618819818594 0.097971545530721238 0.00091577297804532856 0.018422353649083081 -0.031104128045083675 0.0026740475586051293 -0.020167391398530316 0.0074663215971348257 0.064157000313503174 0.014796360219290098 -0.037498917138617291 -0.019789099434335027 -0.026876001836341441 -0.0085685790201187693 -0.0078669648499848643 -0.023439511685972449 0.14045540870334336 -0.026524471682880132 -0.028614562817760061 0.022433884373952412 0.0087957791648044081 0.022062602242925777 0.012067354249005811 -0.024658815158346278 0.047665977936390318 -0.026071640503487911 -0.033497939404501173 -0.020690663036971795 0.15765688401903757 0.0095469243503049587 0.030411153324822429 0.043536781296453671 -0.0055579917013392106 0.073741836171172873 0.0035690756336887474 0.061789977295136536 -0.015070428764903755 -0.0039742115385193386 -0.014008548230680998 0.0015894554717981527 0.0014595415472881937 0.05339098171545386 0.011734822210273941 0.087003433548501166 -0.0062727248372249564 -0.019317453717250663 0.015460081245951308 -0.013529576499426569 0.076716622676562832 0.06149022238375184 -0.0022666260268252264 0.012511183449928602
leaf_weight=47.150901421904564 263.85103919403628 31.041763860266656 3568.3539840865415 5458.6302304239944 41.124134694924578 3.7000172854168332 598.8667827778263 106.23433146998286 62.712868735194206 518.22114345058799 1156.7501113787293 12.406243154779078 12166.869679657742 1227.0021477169357 150.84555868804455 1697.0343887503259 192.53852588683367 398.29324407316744 37.178863983601332 768.0702076787129 17.613882534205914 867.22409860510379 246.65190065628849 1615.6269425617065 1125.2240059247706 30.630365401506424 10.068029108457266 132.07358520734124 227.86663048435003 379.57391603663564 480.94623781694099 49.416546102613211 38.918812640011311 240.0885068513453 73.105658526066691 138.71870413981378 44.853553713764995 269.44483698531985 13.088727420195935 192.70348341017962 52.783985536545515 75.512502266326919 31.18129263445735 33.757225729525089 1311.4736757781357 65.709785755723715 297.01440460514277 138.62826465256512 13.010027414653448 90.863547554239631 168.83046328555793 54.87594728730619 50.242895014584064 27.852633906994015 23.137297788634896 12.999648525845258 425.34075943799689 683.0361862112768 42.969649173785001 101.56672151829116 29.048166795633733 235.47593896719627
leaf_count=672 126340 2177 61053 54684 4694 196 144967 752 345 2975 9191 121 100352 8136 8958 22995 1705 2186 190 11473 850 26816 10872 31739 23175 299 127 4974 7978 2170 2759 275 220 3455 758 3279 2086 5462 414 2833 571 2021 984 320 38674 553 3111 9768 611 1088 3777 731 749 861 335 388 7503 10319 638 2919 457 5083
internal_value=-0.000326595 -5.32507e-05 0.000212461 0.000150711 -0.0123329 0.0335618 -0.0150097 -0.000535532 -0.0043954 -0.00243733 0.00025467 0.00102675 0.00283987 0.0123233 -0.0046334 -0.00348658 -0.0093444 0.00235039 0.0123063 -0.00206375 -0.00145369 -0.00464696 0.00287244 -0.00126206 0.00395235 0.0328972 0.0437983 0.00116117 -0.0219367 0.010311 0.0012449 -0.0174197 -0.0308612 -0.00544259 0.00231005 0.00472099 -0.00983988 0.00350535 0.00518418 0.00784258 -0.0123197 0.00613953 0.0418566 0.0629824 0.00468762 0.0228314 0.00190769 0.00711695 -0.00161598 0.0221914 -0.00420763 0.0141985 0.00553669 0.0385792 0.0412023 0.0379573 0.00140705 -0.0167523 0.0556315 0.0539769 0.047311 0.00514959
internal_weight=38666 38402.2 37588.8 37541.7 813.361 44.8242 768.537 32083 5451.99 4706.24 26631 22998.4 14494.7 1902.52 3632.64 3481.8 1784.76 628.011 435.472 8503.68 8250.4 4746.69 3503.71 3879.47 2263.84 188.927 158.297 3314.78 253.273 897.795 675.516 194.57 145.153 3808.44 3182.71 2655.73 526.981 2582.62 2443.9 2121.67 322.229 2020.51 101.165 69.9833 1945 258.413 1686.58 169.67 1495.77 146.843 1348.93 223.706 1389.57 78.0955 56.8945 25.4059 12592.2 745.749 55.9797 140.683 130.615 280.329
internal_count=786164 659824 498022 497350 161802 4890 156912 442666 80317 69653 362349 317124 119997 12142 45225 36267 13272 4081 2376 197127 188640 100048 88592 73232 41493 4652 4353 83940 8487 5145 4006 1247 972 64508 78966 60925 18041 60167 56888 50855 6033 48802 2053 1069 46781 3386 43395 11945 30020 2337 27683 4508 40284 1610 655 509 107855 10664 1249 3503 3376 7169
is_linear=0
shrinkage=0.05


Tree=88
num_leaves=63
num_cat=0
split_feature=2 5 35 40 36 35 51 49 51 14 27 49 35 5 26 49 35 50 49 5 36 40 48 36 38 27 49 48 11 11 38 53 49 36 39 49 49 48 40 49 48 49 5 53 11 51 49 55 49 23 48 49 17 48 35 15 35 48 55 49 39 53
split_gain=163.109 51.2189 55.1501 73.5165 56.4359 54.3226 50.6642 81.8642 48.5527 48.1945 45.0878 44.1478 43.5126 103.032 44.8562 43.3624 42.8001 40.9521 42.09 60.1503 47.4722 43.3559 39.9536 37.6383 37.0831 36.988 40.9423 54.2326 40.1528 49.2557 80.8457 36.955 35.2628 35.1124 62.2274 52.7598 69.0029 72.2218 66.1297 94.1404 72.6816 67.683 55.3097 54.6995 64.1983 61.2519 55.7078 54.3441 51.5813 50.111 54.3213 90.1375 53.0917 48.7743 73.261 65.5781 48.1051 98.0392 91.5605 59.7903 55.267 51.5619
threshold=292.22308349609381 232.56377410888675 1.0000000180025095e-35 -2.3529586791992183 287.35295104980474 2.9292522668838505 6.3526408672332773 289.56823730468756 105.06754302978517 -45.239656448364251 13.780879974365236 286.04714965820318 -1.1785276532173155 262.52239990234381 -2.3997435569763179 285.09815979003912 -1.516543924808502 222.99001312255862 276.94873046875006 282.97074890136724 263.82353210449224 6.1568679809570321 -0.71015053987503041 199.70588684082034 -1.117652893066406 -1.963290214538574 289.42092895507818 -0.50290912389755238 290.74644470214849 288.60450744628912 -39.411750793457024 1324.3750000000002 276.94873046875006 236.76470184326175 -31.511981964111325 269.73658752441412 259.93206787109381 -0.47515141963958735 27.176460266113285 255.32789611816409 0.96214216947555553 256.32855224609381 216.1795349121094 239.70833587646487 255.39424133300784 40.069252014160163 267.04945373535162 -0.98296290636062611 256.94619750976568 -21.554071426391598 0.90872198343276989 270.83627319335943 -1.5885353088378904 0.096768677234649672 18.057141304016117 -9.271018981933592 5.1550817489624032 -0.047472476959228509 0.37940952181816107 257.70365905761724 -16.246913909912106 34.333333969116218
decision_type=2 2 2 2 2 2 2 2 2 2 2 2 2 2 2 2 2 2 2 2 2 2 2 2 2 2 2 2 2 2 2 2 2 2 2 2 2 2 2 2 2 2 2 2 2 2 2 2 2 2 2 2 2 2 2 2 2 2 2 2 2 2
left_child=1 5 3 12 6 -1 7 -4 23 11 -9 -5 14 -14 16 32 -3 22 19 -19 -20 -22 31 -7 -10 -15 -27 -28 29 -29 -31 -8 -11 34 -25 36 38 -38 40 -40 56 -41 -43 44 45 46 -39 -48 -44 -37 53 52 -52 54 55 -51 -36 59 60 61 -59 -58
right_child=-2 2 4 9 -6 8 17 10 24 15 -12 -13 13 25 -16 -17 -18 18 20 -21 21 -23 -24 33 -26 26 27 28 -30 30 -32 -33 -34 -35 35 49 37 43 39 41 -42 42 48 -45 -46 -47 47 -49 -50 50 51 -53 -54 -55 -56 -57 57 58 -60 -61 -62 -63
leaf_value=0.026341060079340051 -0.040102368303161356 0.0036951798371884824 -0.0098203284868632421 0.057299964884306664 -0.027689518799185173 0.04879637820121021 -0.024323941169819941 0.056300541753229599 -0.02159234966064677 0.015439365038917128 -0.019657331690660269 -0.035266868849298749 0.021888401086343951 -0.024529412153785922 0.01723855725906016 0.033191262953138373 -0.027446072936362555 0.014203070802220214 -0.028797145425718724 0.088320359346610575 -0.0014472805968413988 0.054503459361579965 -0.0012181655051786741 -0.013830566949195528 0.018950463009661498 -0.0093586448487037021 -0.015387475961074549 0.069109772132306235 -0.0516976261508095 0.06171221645227068 0.43255927942616551 0.066173585091055392 -0.014539718967305111 0.011835195814171267 0.032043239370334396 -0.0066146556937061764 0.012130837690700532 -0.022336386023945155 0.021665826137377563 -0.040186579044423125 0.033510589491307384 0.0061023026067028377 0.021886433640387178 0.0036719104092189669 0.032708875566622067 0.00834277025199728 0.048687275409480826 -0.008323312322673828 -0.044582246723189611 0.044442156238213959 -0.0095144350426816463 -0.046043952917959277 0.065381993943324612 0.020881913435787922 -0.03916351575641086 0.005475209293043644 -0.039236912912640275 -0.013606328794285858 0.057151787922486867 -0.036274212197692758 0.0085394118600378207 0.021766775524947348
leaf_weight=236.56808617617935 253.85248206078541 992.94725489267148 2724.0095048286021 112.38705184811261 215.26315096358303 44.144345197826624 262.89809567818884 73.729771869489923 338.85476587992162 253.00227886252105 26.579878282733262 14.548009120277127 261.71515414025635 425.48245815967675 594.15368798701093 180.51955246622674 124.12760387454182 513.92042380338535 124.91828572703525 28.914154218044132 168.29035041702446 43.592666096286848 16998.837671610527 603.62158808484674 67.663459196686745 531.31928431137931 26.003563720616512 17.289373694453396 4.4891617683460927 3.1191497291438308 2.7789788253139669 11.786549109034238 160.19775699835736 942.69600132957567 165.65264992415905 471.35687457583845 554.06877087242901 1269.1580503899604 212.9842964746058 208.19996631518006 253.49666353315115 318.44884533435106 37.769465398043394 816.17397454753518 79.698199238628149 293.0766294579953 44.80241934210062 623.85955795831978 128.45654237270355 121.08275710791349 58.700982499867678 104.32489394396544 39.640044704079628 1110.2254227567464 82.377017088234425 997.05920725315809 49.434427835047245 318.28606082126498 90.319501508027315 220.59722653403878 2452.5796535387635 115.72824354469776
leaf_count=1261 126549 17898 63404 2292 90204 655 9316 2952 2217 1694 318 1414 1541 10577 7531 2004 2256 4424 1274 584 3842 421 334980 4417 341 9300 913 286 853 435 117 134 1809 9117 1066 3001 3095 9802 1529 1622 1468 1968 237 4951 687 1940 271 4175 992 691 426 788 183 5562 511 5066 319 2721 618 1230 13178 912
internal_value=-0.000155221 0.00010908 -0.00123471 0.0043942 -0.00221853 0.00259262 -0.00195716 -0.0081868 0.00216812 0.0187265 0.0361734 0.0466909 0.000932196 -0.00607101 0.00613866 0.0127478 0.000234813 -0.000987933 0.00953583 0.0181509 -0.00434946 0.010064 -0.00152384 0.00270723 -0.0148441 -0.0133125 -0.00515421 0.0364607 0.0851746 0.111673 0.236442 -0.0204407 0.00381647 0.00254808 0.00180872 0.00264878 0.000588431 -0.004507 0.00469071 -0.0074066 0.00767985 -0.0163432 -0.00610094 -0.00745525 -0.0113857 -0.012961 -0.016183 -0.00450343 -0.0294794 0.00834557 0.0111512 -0.0136693 0.0206754 0.0133281 0.00634235 0.00969491 0.00576108 0.00442021 0.00761041 -0.0192415 0.00599556 0.00350791
internal_weight=38621.8 38367.9 24896.8 3704.08 21192.7 13471.1 20977.5 2824.32 13234.5 720.655 100.31 126.935 2983.43 1272.2 1711.23 593.72 1117.07 18153.2 879.636 542.835 336.801 211.883 17273.5 12828 406.518 1010.48 585 53.6802 27.6767 23.1875 5.89813 274.685 413.2 12783.9 11841.2 11237.6 8252.79 3680.84 4571.95 905.859 3666.09 692.875 484.675 3126.77 2310.59 2230.9 1937.82 668.662 166.226 2984.77 2513.41 202.666 98.341 2310.74 1200.52 1118.14 3412.6 3246.95 2861.19 385.76 2770.87 165.163
internal_count=786339 659790 572773 60920 511853 87017 421649 66674 85756 9213 3270 3706 51707 24022 27685 5507 20154 354975 10545 5008 5537 4263 344430 83198 2558 22481 11904 2604 1691 838 552 9450 3503 82543 73426 69009 52781 24921 27860 6348 21512 4819 3197 21826 16875 16188 14248 4446 1229 16228 13227 1397 609 11830 6268 5757 20044 18978 16517 2461 15899 1231
is_linear=0
shrinkage=0.05


Tree=89
num_leaves=63
num_cat=0
split_feature=3 39 42 44 44 35 49 12 45 49 42 49 48 48 35 52 4 49 28 39 48 49 55 48 55 48 48 48 4 49 3 48 23 49 49 48 54 49 41 49 35 42 49 49 50 55 30 52 52 49 54 41 54 48 25 6 48 40 23 16 6 49
split_gain=150.675 41.2088 37.2984 67.0088 49.555 68.663 48.2143 86.8238 80.1469 79.5241 58.812 54.6273 83.3159 81.7035 52.7144 47.4351 45.6303 46.6825 50.8503 50.2551 44.1145 63.34 93.2046 82.5023 59.4803 101.667 66.7438 58.1621 53.7933 51.6072 73.0158 69.9063 64.7813 51.0302 47.1167 57.999 44.692 54.4241 44.469 43.8725 63.6145 43.8054 43.6275 79.4599 57.2337 60.8431 51.8974 43.8625 49.7985 43.4626 96.912 99.1044 64.6361 50.7258 43.1039 42.9689 42.6827 42.4179 49.2054 41.9728 40.7134 54.5172
threshold=291.19337463378912 -54.390699386596673 2.9424819946289067 -0.55017471313476551 2.8845443725585942 1.5497511029243471 269.73658752441412 -31.535514831542965 -12.899168968200682 268.95562744140631 28.639678955078129 272.01187133789068 0.6732693910598756 -0.4372642040252685 1.5497511029243471 45.833921432495124 207.11548614501956 287.41973876953131 3.1821107864379887 -43.07189750671386 -0.47515141963958735 260.66418457031256 0.78656607866287243 -0.42335101962089533 -0.6035533845424651 0.95832794904708873 0.93628555536270153 0.91453474760055553 274.89315795898443 265.41934204101568 222.41785430908206 -0.63968896865844715 -47.706403732299798 263.06666564941412 267.78880310058599 -0.48803782463073725 -0.37940952181816096 261.91014099121099 36.865652084350593 271.58435058593756 16.158043861389164 6.7428894042968759 284.25558471679693 287.28868103027349 52.205410003662116 -0.12940952181816107 3.5515403747558598 11.179813385009767 30.842178344726566 267.78880310058599 0.60355338454246532 7.4771251678466806 0.98296290636062633 0.66015982627868663 1.7947168350219729 271.63761901855474 0.5143646001815797 10.647064208984377 -13.333340644836424 -10.751270294189451 272.57994079589849 268.70045471191412
decision_type=2 2 2 2 2 2 2 2 2 2 2 2 2 2 2 2 2 2 2 2 2 2 2 2 2 2 2 2 2 2 2 2 2 2 2 2 2 2 2 2 2 2 2 2 2 2 2 2 2 2 2 2 2 2 2 2 2 2 2 2 2 2
left_child=1 -1 4 6 -3 -6 8 10 -4 20 11 12 13 -8 -9 41 -7 19 -19 -18 29 -22 23 -23 25 26 27 28 36 -10 -31 -32 -33 -29 35 -34 -25 -38 -27 -14 -41 -16 44 47 -13 -46 -47 -44 -49 56 51 60 -52 -53 -50 -54 -26 58 -21 -43 -51 -62
right_child=-2 2 3 -5 5 16 7 14 9 -11 -12 42 39 -15 15 -17 17 18 -20 57 21 22 -24 24 49 38 -28 33 -30 30 31 32 34 -35 -36 -37 37 -39 -40 40 -42 59 43 -45 45 46 -48 48 54 50 52 53 55 -55 -56 -57 -58 -59 -60 -61 61 -63
leaf_value=-0.022662462603701968 -0.035869476645796143 -0.002243102195997564 -0.028779120962220968 0.017645663944363798 0.031464871646149827 0.039114640868244559 -0.015234510557969689 0.027384379548838989 0.0007695066283848075 -0.019735551097049036 0.020834521389013635 -0.012935525714628372 -0.040435217907734328 0.029206309938231263 0.0032956575618240443 -0.012515412849365488 -0.014310502758501762 -0.022473162132496935 0.050710009217850655 0.0021841711177825796 0.0044630590139973841 0.10981314326887302 -0.029928415277928302 0.018577495945405739 -0.010187591251171156 -0.040753038228578238 0.045900874337271982 0.044799932242573767 0.052575575396144707 -0.03492741583263264 0.1035218078096931 0.09819305233649156 0.014124335696868523 -0.043700428467024592 -0.0013980847151751732 0.071770777024175017 0.059630353868048547 -0.0097890576225810877 0.065900388074555699 0.10468690842316156 -0.02624243831772612 0.0100140522099781 -0.0030483159280624878 -0.0071540441170536324 0.015921238695783286 0.0013440619366260258 -0.027321653068857678 0.027287239317231135 0.024670366153561385 0.026194995916702768 -0.048446117862258109 -0.0042171546173642013 0.038184841808830555 0.065035424011782819 -0.022792566150209099 -0.04078388321043775 -0.037268481820963345 -0.0087065040060693086 0.021778248410397608 0.027725960461519844 0.07203165072294819 0.20192763589657556
leaf_weight=194.65352051414084 290.36801766324788 16255.170058400836 258.52717386512086 659.65865099267103 221.64021822519135 83.041911125183105 132.12376561900601 383.02823189646006 621.27222628658637 503.54691466910299 323.74135357607156 1675.9179257448995 101.83622478554025 476.10454194957856 1464.4407210852951 264.56192198209465 492.27415241335984 32.115486284601502 90.973908921005204 1208.8895485280082 3052.3760582739487 16.217609240673482 349.04433805216104 404.29273458942771 1199.8222142246086 141.44064402661752 117.22957723448053 19.80168716236949 69.358462110976689 48.751221597194672 29.818831890821457 27.302021080628037 118.6289596054703 91.803376078139991 163.3659790372476 69.019081506878138 30.450654240325093 387.8195589762181 10.498925456777213 14.566548557719214 25.54974321462214 1130.8071933137253 319.65537317143753 1052.1194229372777 449.29138297168538 519.58307299856097 226.81765656825155 521.40999196306802 84.092535102041438 19.598832789808512 103.54305962752551 149.25561041152105 51.777670938521624 32.135291837155819 110.94504875876009 25.814147911500186 165.58093907963485 545.99605240300298 435.95434604026377 474.98281702026725 24.049270716262981 12.162786111235617
leaf_count=37275 148343 296640 4089 5413 2241 410 2380 2149 4863 6394 5608 43022 2302 7987 11865 2141 14878 860 1253 12862 24177 161 4036 3880 16016 2814 1042 288 1704 228 193 610 941 1565 1623 411 295 4816 225 341 443 9497 7865 33612 7930 8906 5326 10862 1121 133 1492 2057 443 435 2307 462 2731 6972 2444 2444 549 121
internal_value=1.24699e-05 0.000284603 0.000401866 0.00199299 -0.00113663 0.00464495 0.00142145 0.00380653 -0.00137594 -0.000496514 0.000103118 -0.00107229 0.0115027 0.0195526 0.00981691 0.00779914 0.00258754 0.00150662 0.0316156 0.000125353 0.000786253 -0.000773212 -0.00544431 -0.00266298 -0.00325979 0.00499778 0.0102011 0.0060307 0.0102887 0.0101505 0.0229066 0.0298148 0.0240053 -0.0279981 0.0182349 0.0353274 0.00672306 -0.00473523 -0.0333834 -0.0229889 0.0212991 0.00954964 -0.00297427 0.00252482 -0.00697319 0.0013838 -0.00736693 0.0123533 0.019225 -0.00915155 0.0049488 0.0259787 -0.0225906 0.00805166 -0.00232842 0.0119126 -0.0134717 0.00336904 0.00737744 0.0152531 0.0842435 0.115661
internal_weight=38576.6 38286.2 38091.6 18725.5 19366.1 3110.89 18065.9 9751.58 8314.31 8055.78 6033.75 5710.01 750.181 608.228 3717.82 3334.79 2889.25 2806.2 123.089 2683.11 7552.23 6474.07 3421.7 3072.65 3056.44 1272.7 1120.76 1003.53 891.921 1078.16 456.886 408.135 378.316 111.605 351.014 187.648 822.563 418.27 151.94 141.953 40.1163 3070.23 4959.83 2088.22 2871.61 1195.69 746.401 1036.1 716.448 1783.74 418.337 237.202 181.135 181.391 195.038 77.5918 1365.4 2190.84 1644.84 1605.79 55.8109 36.2121
internal_count=786493 638150 600875 262315 338560 41920 256902 168108 88794 84705 140012 134404 13453 10367 28096 25947 39679 39269 2113 37156 78311 69442 45265 41229 41068 16629 13590 12548 10695 8869 4006 3778 3585 1853 2975 1352 8991 5111 3039 3086 784 23806 120951 55767 65184 22162 14232 22155 14290 24439 5692 3295 2397 2492 3428 905 18747 22278 15306 11941 803 670
is_linear=0
shrinkage=0.05


Tree=90
num_leaves=63
num_cat=0
split_feature=9 50 38 49 43 54 49 49 49 29 49 49 49 48 49 41 41 54 52 4 45 23 9 40 29 32 40 48 48 35 54 49 17 23 32 49 38 48 5 54 49 48 50 49 49 48 54 23 46 4 49 49 49 23 48 48 49 48 48 29 48 49
split_gain=143.29 41.3152 48.9334 96.4841 66.9411 65.1128 46.6626 51.7585 44.9858 46.2538 44.6752 123.703 78.7266 76.1551 99.0672 78.541 66.0012 70.505 65.0174 63.5824 62.0086 55.8735 55.0525 54.1052 46.7524 62.6112 45.5788 44.5522 58.6519 100.632 75.8288 75.8923 109.504 102.06 91.9203 79.1267 71.451 69.8309 64.1377 76.0821 57.6601 182.734 57.4882 66.5267 84.2589 85.4512 60.4348 95.301 64.0254 75.9912 59.4309 182.519 88.333 105.235 89.7922 95.0822 81.7656 78.0532 103.447 67.8766 67.3268 71.7677
threshold=293.48429870605474 222.99001312255862 -42.823524475097649 276.94873046875006 -0.53422546386718739 -0.6035533845424651 276.13734436035162 269.10101318359381 247.43756103515628 2.6333522796630864 284.16561889648443 286.04714965820318 283.03953552246099 0.68585610389709484 288.57763671875006 26.90389442443848 11.48729181289673 -0.37940952181816096 6.2030842304229745 278.61642456054693 -12.899168968200682 -49.736001968383782 288.26316833496099 5.4313735961914071 5.9888629913330087 14.709850788116457 12.372558593750002 -0.47145682573318476 0.01708924770355225 9.7191252708435076 0.37940952181816107 269.68820190429693 -1.5885353088378904 -24.102975845336911 18.777153015136722 262.42489624023443 -9.4705886840820295 0.062224745750427253 252.68643951416018 0.98296290636062633 258.98173522949224 -0.53158730268478382 46.628143310546882 275.10462951660162 275.32183837890631 0.93061417341232311 -0.6035533845424651 -26.987300872802731 2.8652629852294926 262.29345703125006 267.04945373535162 261.09867858886724 268.95562744140631 -8.3960647583007795 0.96036875247955333 0.77088505029678356 270.26141357421881 0.81332153081893932 0.87896132469177257 10.531147956848146 0.87896132469177257 272.51168823242193
decision_type=2 2 2 2 2 2 2 2 2 2 2 2 2 2 2 2 2 2 2 2 2 2 2 2 2 2 2 2 2 2 2 2 2 2 2 2 2 2 2 2 2 2 2 2 2 2 2 2 2 2 2 2 2 2 2 2 2 2 2 2 2 2
left_child=1 2 3 4 -1 6 7 -6 9 -4 12 18 20 14 21 19 17 -16 -12 24 -10 23 -20 -13 -15 -26 -27 40 29 38 -31 35 33 -33 36 -32 -35 -30 39 -29 41 -22 50 -44 -45 46 47 -46 -48 -50 51 -39 54 56 55 -52 -54 -57 -59 -60 61 -58
right_child=-2 -3 8 -5 5 -7 -8 -9 10 -11 11 13 -14 15 16 -17 -18 -19 22 -21 27 -23 -24 -25 25 26 -28 28 37 30 31 32 -34 34 -36 -37 -38 42 -40 -41 -42 -43 43 44 45 -47 48 -49 49 -51 52 -53 53 -55 -56 57 60 58 59 -61 -62 -63
leaf_value=-0.01681088576356202 -0.036435751489005359 0.0085889112203254361 0.062386306167291364 -0.020929516372725616 -0.016578820773672901 0.0054215048014739963 -0.042655065927686517 0.079616928744061968 -0.017286925810435987 0.010427103237504443 -0.011020432428584727 0.014163427740749135 -0.017584424853558968 -0.010732321964047928 0.028881896241836316 -0.032644370146745649 -0.029968273295276827 0.0010664834364724626 0.020397072927865464 -0.00099401781689338413 -0.04753712747158112 -0.015702357857693017 -0.016422258552592446 0.15043633924713784 0.071755690936418884 0.0077841168822474468 0.038081627658583729 0.0028887051786131998 0.042140848981589922 -0.031607211839954345 0.002877540705516509 -0.034934983302707862 -0.052998771229723275 0.10915262671434452 -0.040678939933739992 -0.043024284039406863 0.035169181840683642 -0.00015541968219132289 -0.0079541506176385429 -0.040527566359177279 0.0034158874924596302 0.066030844744988965 0.0019740732132978223 0.09286669912646936 0.005774932320865702 0.10107354931541881 -0.018168373844674061 0.06112647967899866 -0.0048202458600023965 0.035391480393192801 0.0008918505711593477 -0.023602624486581902 -0.026422477606961876 0.021953615011014109 -0.052895702793396983 0.070272698556245058 0.014008913991040782 -0.015446071590882982 -0.023177484169047989 0.043716077565723613 -0.023159430532184389 -0.0050893642002239276
leaf_weight=245.51446747477166 268.79038347583264 1413.1014052856481 47.939902525395155 794.81326782447286 17.125495742307976 366.47173155623022 12.031521159922702 76.211198182194494 530.50186299486086 401.94639157690108 218.61491477047093 55.091691069537774 678.79881765227765 87.393554172944278 315.87475733249448 101.05957684852183 121.41896606318187 817.22674718662165 1551.1547995968722 454.34061366633978 49.96429019421339 1509.9655616371892 108.6333169672871 8.3935624943114799 73.076587998308241 261.0154543928802 236.70563967060298 4205.9325580112636 102.23297973047011 533.50208816770464 171.50889582838863 60.86390245705843 57.370646111667156 41.299443637020886 32.000790321268141 207.44518079794943 155.54863131791353 3364.7297836731886 2724.3673305239063 103.38649634085596 4274.4851844242075 121.67829763144255 4858.3195609543473 34.191085159778595 186.03646113036666 26.917142555583268 241.87206291803159 133.61573466472328 258.63358058780432 215.28765638102777 498.09077169001102 1101.7411559459288 392.86603780742735 406.41800248622894 47.852244327310473 102.00570582784712 732.14623224060051 133.33885498857126 42.911617113742977 326.13614854216576 325.66202439460903 1499.0982729322277
leaf_count=14765 126432 15287 473 131124 2810 31541 278 3514 7835 2805 4143 3579 13768 1527 8238 906 1817 22967 16125 14075 437 32311 7976 332 873 2581 1493 27958 1299 9236 1624 1347 257 392 237 3218 811 27591 48843 956 47435 653 49632 265 3753 395 4033 877 2637 2626 5437 19607 5478 1917 1059 819 9320 1522 664 2207 6816 25505
internal_value=-5.67163e-05 0.000198767 -0.000122879 -0.00893087 0.00436338 0.0153811 0.0500205 0.0619669 0.000253915 0.0159639 5.1395e-05 0.00400942 -0.000757176 -0.000917997 -0.00541418 0.00955922 0.0050664 0.00882059 0.0146112 0.0133929 -0.00035356 -0.0137704 0.0179872 0.0321804 0.023324 0.0285383 0.022193 -3.00685e-05 -0.000904481 -0.00427996 -0.0172955 -0.006779 0.0101124 0.0226101 0.0379146 -0.0222498 0.0506912 0.00095802 -0.00194924 0.00184709 0.00455689 0.0329718 0.000675981 0.00448482 0.0156088 0.0131223 0.010836 0.0289121 0.00276372 0.0134467 -0.00185173 -0.00593912 0.00219933 -0.00189893 0.0141563 0.0170666 -0.00518532 0.0303966 0.0223001 0.0359379 -0.00192226 0.00117742
internal_weight=38542.7 38273.9 36860.8 1512.17 717.354 471.84 105.368 93.3367 35348.6 449.886 34898.7 5919.97 28978.8 4041.56 2827.97 1213.59 1254.52 1133.1 1878.4 1112.53 28300 1573.45 1659.79 63.4853 658.191 570.798 497.721 27769.5 23323.3 8293.23 1259.54 726.037 347.083 289.713 228.849 378.954 196.848 15030.1 7033.69 4309.32 4446.13 171.643 14927.9 5954.87 1096.55 1062.36 1035.45 319.652 715.793 473.921 8973 4466.47 4506.53 3356.19 1150.34 1102.48 2949.77 604.392 502.387 369.048 2556.91 2231.24
internal_count=786438 660006 644719 184032 52908 38143 6602 6324 460687 3278 457409 118943 338466 90699 69244 21455 33022 31205 28244 20549 324698 36222 24101 3911 6474 4947 4074 316863 268338 94879 17122 7886 3044 2787 1440 4842 1203 173459 77757 28914 48525 1090 172160 64218 14586 14321 13926 4630 9296 5263 107942 47198 60744 49036 11708 10649 47119 5212 4393 2871 41641 34825
is_linear=0
shrinkage=0.05


Tree=91
num_leaves=63
num_cat=0
split_feature=36 13 42 36 24 52 54 29 24 23 40 39 36 38 11 7 35 24 38 44 46 40 29 23 24 29 1 17 42 5 35 55 40 5 29 11 29 39 40 4 27 35 36 54 4 42 40 11 54 55 52 46 25 10 17 5 5 35 44 46 54 46
split_gain=133.17 47.0961 39.4704 54.5206 43.1411 43.917 59.0368 79.4724 42.8694 42.2306 40.5474 39.8812 37.3999 49.865 47.6799 49.1936 48.6757 51.1694 44.5655 43.3257 40.6704 35.964 50.0023 35.702 56.5955 67.1725 83.9774 56.7414 48.6814 47.8047 52.5489 71.3443 47.7208 48.416 47.5719 54.5911 44.1149 45.604 42.512 39.2076 37.9 63.6672 37.5603 39.8829 36.0569 35.8992 35.5542 35.4829 38.1611 34.8988 41.4144 34.8586 34.3922 42.9428 34.3738 34.2559 36.1542 35.3979 33.8618 34.9983 33.7589 33.6148
threshold=289.11766052246099 -54.556138992309563 2.4814987182617192 212.05882263183597 0.46148300170898443 57.570123672485359 1.0000000180025095e-35 8.6086158752441424 16.908154487609867 -19.018526077270504 -2.1372680664062496 -44.512708663940423 228.529411315918 -6.2352981567382804 288.96626281738287 284.30271911621099 1.4625608921051028 1.4752626419067385 -4.0588226318359366 -5.3027439117431632 5.5330476760864267 -0.49020385742187494 -0.78829574584960926 -13.941028118133543 15.017805099487306 13.110123634338381 244.96218872070315 -9.9152107238769513 -9.1454620361328107 249.96333312988284 -0.76137718558311451 0.12940952181816107 -0.56863403320312489 263.05389404296881 4.6416101455688485 282.83143615722662 -2.073426246643066 -31.137981414794918 10.313728332519533 242.55974578857425 -2.3887829780578609 -1.6928170919418333 242.64705657958987 0.37940952181816107 244.98658752441409 -1.5041503906249998 0.64706420898437511 283.21820068359381 -1.0000000180025095e-35 -0.91597560048103321 42.129280090332038 0.19221973419189456 7.2634038925170907 288.27938842773443 0.44061279296875006 288.89036560058599 275.48937988281256 -0.32882824540138239 -28.385232925415036 0.75904893875122081 0.78656607866287243 4.990553855895997
decision_type=2 2 2 2 2 2 2 2 2 2 2 2 2 2 2 2 2 2 2 2 2 2 2 2 2 2 2 2 2 2 2 2 2 2 2 2 2 2 2 2 2 2 2 2 2 2 2 2 2 2 2 2 2 2 2 2 2 2 2 2 2 2
left_child=1 -1 23 -4 10 12 -7 9 -9 -8 -5 21 13 20 15 18 -16 51 -14 52 46 22 -12 24 29 -26 -27 44 -25 47 40 34 36 -34 -32 38 45 55 -36 -29 41 -31 49 -44 -28 -33 -6 48 -3 50 54 -18 58 -54 -30 56 -38 -58 -19 -60 61 -46
right_child=-2 2 3 4 5 6 7 8 -10 -11 11 -13 14 -15 16 -17 17 19 -20 -21 -22 -23 -24 28 25 26 27 39 42 30 31 32 33 -35 35 -37 37 -39 -40 -41 -42 -43 43 -45 60 -47 -48 -49 -50 -51 -52 -53 53 -55 -56 -57 57 -59 59 -61 -62 -63
leaf_value=-0.026062957491659267 -0.033437627515562361 -0.0035462692735570506 0.015011322462757423 0.0038161811714434203 -0.02673745234217377 -0.019906851914217611 -0.021080354513029611 0.060208305266275956 0.01178244897102939 0.016237285154705624 0.028847083960424326 0.012359640070633678 0.00041968808573912076 0.0035883871191723159 -0.030909090818265483 -0.010452108132394382 -0.039226390377791062 0.12887750585485835 -0.029357447791332144 -0.0060992036934214436 -0.018585984511631681 -0.044030501091439307 0.098391066599634563 0.017917032295549012 -0.017443273951582922 -0.019224413773761519 -0.025617363863815846 0.019610306155074961 0.0087897080226448012 0.0054218450296712236 -0.0065200776864049086 0.011208003159978891 -0.009794688929748786 -0.037127570510368468 -0.0068378304473119614 0.027721343272197909 0.0092186505965521533 -0.022753064201503571 0.063826688856354424 0.084395136846993749 0.013209629185038822 -0.023798319482721507 -0.010597397881985805 0.057489668123880039 0.0079391979938349781 -0.033730483976013491 0.040335240961567799 0.062215369497894163 0.0079279925015359135 -0.0017919624443214757 -0.031542182490733525 0.10230306233948952 0.12901629310225055 0.032737496968902095 0.051198767606621204 0.096776075952365551 0.011532080796288056 -0.020388368027381785 -0.012875304389361616 0.028215638550985096 0.041582376963105711 -0.011033048546829431
leaf_weight=170.82011239987332 297.73696904222015 1179.7747738375328 749.67864186316729 1535.6173732540337 21.828160062432289 598.5327209912939 286.49349330808036 66.039201081264764 148.40136282332242 103.0925839394331 76.514585438650101 438.49282794445753 9082.7097931546159 4444.0332408007234 58.783301220042631 1280.3441656432115 5.2153469792101559 5.797616919502615 127.41579249501228 191.20661417825613 43.812389543280005 10.566400561947374 39.032461244845763 422.20257708802819 1314.1569183394313 552.53943141642958 126.48507254384458 179.17651608213782 876.35118358209729 675.22234177589417 827.22617156838533 54.553538556443527 304.58992143871728 346.12620474968571 310.46425577998161 288.22456094261725 511.99771192471962 249.46260054782033 22.850247738882899 26.854348443448544 632.51061965734698 257.51525970466901 34.311646036803722 57.636998377740383 600.91311493201647 239.75464320962783 208.31315391976386 25.950360593968071 1878.2432982460596 5067.2994071487337 60.660289239138365 26.241232209373266 12.500583288259802 157.54037565633189 50.535778667777777 9.3041907091392186 124.72438739147037 286.02782803133596 110.64740152994636 97.466018909937702 52.870397843420506 381.8183796039084
leaf_count=36211 164350 11776 4563 16793 144 7936 4863 500 1271 474 1736 3755 118209 27499 6116 44696 336 316 740 21428 510 574 866 2725 23396 7529 2821 2008 5342 12535 41157 900 8319 37404 5963 16091 7473 2327 234 299 7174 5274 245 395 8488 8957 2093 907 15946 30085 390 1309 208 8030 335 2329 1670 18887 7942 5657 738 6615
internal_value=-0.000128127 0.000132 0.000249894 0.00178358 0.00126647 0.000434773 -0.0087777 0.00225023 0.0266957 -0.0112053 0.00802878 0.0194862 0.00113268 0.00486465 -0.00044562 -0.00126887 0.0125334 0.0167432 7.74176e-06 0.0133471 0.025568 0.0442651 0.0523394 -0.00144526 -0.0031299 -0.00873279 -0.00277288 0.00387137 0.00149353 -0.000926215 -0.00387878 -0.00722367 -0.0130535 -0.0243335 0.00133351 0.0117861 -0.00807996 -0.0037655 -0.00199345 0.0280545 0.00376154 -0.00264542 0.000365457 0.0320822 -0.000416139 -0.0254006 0.0339736 0.00399531 0.00350125 -0.000116192 0.00848251 0.0788382 0.0230312 0.0398154 0.0111019 0.00131649 0.000353963 -0.0106958 0.00968921 0.00636887 0.00266186 0.000567955
internal_weight=38423.2 38125.5 37954.7 19926.3 19176.6 17076.4 1202.56 604.027 214.441 389.586 2100.22 564.606 15873.9 4717.99 11155.9 10490.5 665.398 606.615 9210.13 575.159 273.954 126.113 115.547 18028.3 11459.3 3234.81 1920.66 1368.12 6569 8224.52 5140.55 3575.31 2126.54 650.716 1448.77 621.539 1475.82 1181.52 333.315 206.031 1565.25 932.738 6146.8 91.9486 1162.09 294.308 230.141 3083.97 3058.02 6054.85 987.547 31.4566 383.952 170.041 926.887 932.054 922.75 410.752 213.911 208.113 1035.6 982.731
internal_count=785859 621509 585298 288564 284001 260277 15044 7108 1771 5337 23724 6931 245233 30246 214987 163645 51342 45226 118949 43581 2747 3176 2602 296734 257217 51894 28498 20969 39517 205323 176694 151711 88266 45723 63445 22288 42543 32686 6197 2307 24983 17809 36792 640 18662 9857 2237 28629 27722 36152 6067 1645 22153 8238 5677 30359 28030 20557 13915 13599 15841 15103
is_linear=0
shrinkage=0.05


Tree=92
num_leaves=63
num_cat=0
split_feature=2 42 15 46 49 49 42 49 48 16 21 29 24 25 29 5 49 49 47 20 42 53 40 38 54 53 27 29 25 35 11 33 51 35 40 48 35 23 24 48 49 29 48 24 42 49 49 29 49 29 34 5 49 49 47 47 5 35 49 35 54 27
split_gain=126.047 41.8141 48.2814 41.3524 42.0427 68.0113 71.1073 62.4552 61.6095 56.2076 41.0947 39.6014 68.2057 56.6881 54.0216 44.7031 51.0219 39.1073 38.5328 66.2343 42.1684 47.8858 41.0806 40.4824 36.9416 36.8801 36.5823 49.7911 43.0618 38.9546 53.426 47.3327 36.5784 35.0806 45.6575 42.1478 49.9968 33.7737 64.3557 77.4295 67.6933 64.8461 51.4705 50.5101 45.4494 42.9851 57.9531 40.1374 50.6907 37.9357 41.6524 36.3425 42.3974 75.0578 35.6391 34.3587 34.1287 51.1939 36.204 34.3568 33.245 32.927
threshold=291.26795959472662 2.4814987182617192 -0.56794357299804676 1.8858947753906252 276.94873046875006 280.56040954589849 -3.8903350830078121 276.05895996093756 -0.5229169726371764 -45.307552337646477 -8.1816248893737775 10.319821357727053 -0.42258262634277338 13.834418296813967 -1.2529420852661131 289.13659667968756 285.28050231933599 263.43424987792974 -1.986030578613281 -38.59826469421386 16.19577789306641 1324.3750000000002 -2.5686340332031246 -38.117637634277337 0.98296290636062633 346.58332824707037 2.2208557128906254 -3.0251984596252437 21.761487960815433 -1.0316952466964719 277.76313781738287 1.115472197532654 13.726248741149904 -1.3467702865600584 -4.0196228027343741 0.35908776521682745 16.601936340332035 -14.54692220687866 14.250883102416994 0.20595771074295047 276.75975036621099 10.319821357727053 0.31050783395767217 25.033315658569339 -12.573532104492186 270.65731811523443 271.22605895996099 18.772079467773441 287.93347167968756 4.4259672164917001 7.6471405029296884 238.26190948486331 277.57534790039068 278.81596374511724 0.63602602481842052 5.2277381420135507 252.14149475097659 2.2688194513320927 289.84396362304693 0.61532607674598705 -1.0000000180025095e-35 0.38648462295532232
decision_type=2 2 2 2 2 2 2 2 2 2 2 2 2 2 2 2 2 2 2 2 2 2 2 2 2 2 2 2 2 2 2 2 2 2 2 2 2 2 2 2 2 2 2 2 2 2 2 2 2 2 2 2 2 2 2 2 2 2 2 2 2 2
left_child=1 3 18 4 7 10 61 8 17 -8 -6 12 14 -13 15 25 -17 -1 19 -3 21 32 -22 -23 26 -11 27 -9 -28 -29 -31 -32 -20 34 -34 36 -35 38 39 56 -40 -42 45 47 -39 -41 -47 -43 -49 -44 -51 54 -53 -54 -52 -46 59 60 -59 -5 -58 -7
right_child=-2 2 -4 37 5 6 9 24 -10 11 -12 13 -14 -15 -16 16 -18 -19 20 -21 22 23 -24 -25 -26 -27 28 29 -30 30 31 -33 33 35 -36 -37 -38 44 40 42 41 43 49 -45 55 46 -48 48 -50 50 51 52 53 -55 -56 -57 57 58 -60 -61 -62 -63
leaf_value=-0.033379493825333263 -0.031359616913084407 -0.010958858629339201 0.026483712372570439 0.065489213488987799 -0.031995630201690932 0.041974190942369205 -0.031894015930240473 -0.02741709046097476 -0.004929761657513237 -0.0095027850040055265 0.021513096543942147 0.096236189881774695 -0.017971206863982698 0.006301293550819289 0.052960561861989434 0.11664868595842755 -0.043388996581208594 0.019058411781866996 -0.002372751437840187 0.001046711752495927 -0.0094470412543790541 0.075040693174780945 0.014144361726865718 0.015730499699718525 -0.05889458979400955 0.010786639392393452 -0.011450137849638976 0.0781883674167419 0.089172081635432388 0.059703976565660559 -0.0086523843989959343 0.11153062827004377 -0.0043229522691900293 0.0014305682378459468 0.036066149605575637 0.0082073917253981058 -0.019315275050162402 0.02820286217098136 -0.015221709875623258 -0.0059943593451703666 -0.021209479101320365 0.0092111212583243229 -0.027632496339156477 -0.012075402897780176 0.00064807767461418997 0.16638687698170185 0.04557819099851021 0.060433847482605066 -0.015630571947218792 0.059576470932539309 0.073077028812475575 -0.01525476272569239 0.12385488643848933 0.0097568888613373678 0.0077617608987629516 0.012991216852657734 -0.031919773373488024 -0.021690546259997619 0.066449466529789475 0.0020168096890666068 0.014427710344435072 0.0046178746742003823
leaf_weight=38.927560715470463 324.16154915699735 1550.828553283005 191.95524616539478 21.673184793442488 397.19796619622502 99.451870666933246 231.70818998070899 31.141504546743818 4351.0704506512266 775.34803890064359 39.445452354848385 19.225939832744189 965.65521513775457 197.66174301051069 46.261236103251576 15.911309070186691 7.2493041555862865 410.46085478516761 4236.195716638118 4432.0052722282708 216.00898140203208 34.581733729923144 1266.290116075892 171.20855940971524 15.105833442881702 314.95003439881839 109.52505835553166 51.502777397632599 11.775944463908671 75.617263495922089 83.80034432047978 9.0801753493724373 114.64348356262781 4875.1392349954695 179.57291170093231 2401.4891319433227 308.81205600686371 181.77682002261281 1422.5675931959413 35.811115911812522 246.09786333166994 492.59571452927776 59.741739432327449 228.4759673429653 3462.489259455353 10.885528441052882 112.74252672179136 88.862747123697773 29.06777955358848 46.527009321376681 40.730730810202658 169.32840293261688 15.684794601867905 177.88124780263752 42.864245994947851 673.46051310934126 46.192634032806382 493.93363998609129 11.932112867827525 1307.3796151740244 238.26148041919805 144.98119401396252
leaf_count=370 166645 41203 1695 105 17900 1098 45672 850 66819 12669 188 314 38691 2233 516 289 1437 3982 72588 37660 1502 403 17352 988 157 3877 2144 381 71 399 2669 733 1166 70431 1504 39750 2629 1214 26530 804 4487 8127 2676 2615 21225 159 3014 645 293 1276 295 5773 388 6399 369 3850 1260 13130 173 12415 5841 4113
internal_value=-0.000312987 -4.86895e-05 0.00152836 -0.00178943 -0.00434538 -0.00879976 -0.00595501 -0.00155062 -0.00310937 -0.0084024 -0.0271618 -0.00607849 -0.00815535 0.0142735 1.79363e-05 -0.00218169 0.0665567 0.0145161 0.00128626 -0.00206529 0.00273888 0.00178037 0.0107065 0.0256972 0.0177571 -0.00364186 0.020866 0.0317565 -0.0016817 0.0401327 0.0285006 0.00309693 0.00137414 0.00338851 0.0203283 0.00273147 0.000194722 0.000445223 -0.00221383 0.00295206 -0.00804697 0.00135912 0.0172151 0.00797899 0.00373337 0.0422427 0.0562155 0.0154839 0.0416853 0.0099961 0.0145558 0.00986434 0.0030178 0.0190023 0.0395859 0.00265792 -0.00184092 -0.010069 -0.0196115 0.00305187 0.00690132 0.0198169
internal_weight=38402.9 38078.8 19978.7 18100 8443.06 3255.05 2818.4 5188.01 4800.46 2573.97 436.643 2342.26 2125.38 216.888 1159.72 1113.46 23.1606 449.388 19786.8 5982.83 13803.9 12321.6 1482.3 205.79 387.549 1090.3 372.443 251.142 121.301 220.001 168.498 92.8805 12115.9 7879.66 294.216 7585.44 5183.95 9656.96 5339.24 2831.57 2507.67 1085.1 712.197 839.002 4317.73 159.439 123.628 610.526 117.931 552.758 493.016 446.489 362.894 193.566 83.595 4135.95 2119.37 790.32 505.866 1329.05 284.454 244.433
internal_count=786151 619506 288871 330635 207572 128997 110909 78575 71171 105698 18088 60026 57479 2547 18788 18272 1726 4352 287176 78863 208313 189459 18854 1391 7404 16546 7247 5032 2215 4182 3801 3402 188068 115480 2670 112810 73060 123063 96774 54077 42697 16167 21153 11680 26289 3977 3173 9065 938 17176 14500 13224 12560 6787 664 25075 32924 20404 13303 12520 7101 5211
is_linear=0
shrinkage=0.05


Tree=93
num_leaves=63
num_cat=0
split_feature=2 39 19 49 28 38 26 48 48 29 26 49 49 49 48 49 48 49 19 48 55 46 49 48 49 48 49 49 48 49 48 48 55 48 49 21 22 38 49 49 39 49 37 48 41 11 49 29 49 49 5 5 48 22 7 49 39 29 5 48 55 9
split_gain=125.034 37.3554 35.0525 59.2454 66.4134 78.7024 42.3374 59.6956 56.3427 93.7437 71.7815 75.9283 137.497 151.5 109.219 101.19 164.771 93.01 80.8553 92.1264 92.5746 79.0295 75.9372 144.354 75.4984 102.595 141.23 78.3041 77.7762 77.0599 143.436 118.512 123.785 89.6398 112.946 103.11 75.1284 103.134 93.2114 72.8124 71.6243 71.3997 119.895 144.369 109.99 84.0421 81.3623 68.2334 68.2217 103.484 98.7948 89.6582 67.9758 67.7484 86.1813 66.5769 65.6645 65.2016 64.5936 64.4286 76.7961 62.5939
threshold=292.69541931152349 -54.390699386596673 -3.5276044607162471 255.32789611816409 31.029472351074222 0.64705657958984386 24.933689117431644 0.9702095389366151 0.53731119632720958 3.2083749771118169 16.553675651550297 286.04714965820318 284.34808349609381 276.94873046875006 0.35908776521682745 276.75975036621099 0.28312796354293829 279.94920349121099 -36.719934463500969 -0.51098686456680287 0.91597560048103344 4.8778467178344735 280.13768005371099 0.10494250059127809 270.65731811523443 -0.42832165956497187 261.09867858886724 261.63801574707037 0.1445879936218262 273.35858154296881 -0.44147184491157526 -0.51098686456680287 0.91597560048103344 -0.10015028715133666 271.58435058593756 -44.411138534545891 -26.144196510314938 -9.176475524902342 272.63078308105474 288.57763671875006 -10.12708806991577 275.76867675781256 256.85911560058599 0.096768677234649672 4.1273305416107187 285.37142944335943 275.89672851562506 -3.2610373497009273 259.93206787109381 256.60597229003912 232.0131759643555 238.26190948486331 0.49165558815002447 -44.809949874877923 285.73371887207037 272.01187133789068 -13.768336772918699 -0.56511878967285145 239.36711120605472 -0.36422622203826899 0.78656607866287243 285.69386291503912
decision_type=2 2 2 2 2 2 2 2 2 2 2 2 2 2 2 2 2 2 2 2 2 2 2 2 2 2 2 2 2 2 2 2 2 2 2 2 2 2 2 2 2 2 2 2 2 2 2 2 2 2 2 2 2 2 2 2 2 2 2 2 2 2
left_child=1 -1 6 -4 -5 -6 7 8 10 -10 11 12 13 15 17 24 59 -15 -19 -20 22 -16 23 -21 25 -3 28 -28 40 30 55 57 41 36 52 -36 38 -38 -32 -13 -27 42 43 -33 47 -44 -46 -43 49 51 -51 -30 53 54 -35 -26 -12 -31 -59 60 -17 -49
right_child=-2 2 3 4 5 -7 -8 -9 9 -11 56 39 -14 14 21 16 -18 18 19 20 -22 -23 -24 -25 29 26 27 -29 48 31 33 32 -34 34 35 -37 37 -39 -40 -41 -42 44 45 -45 46 -47 -48 61 -50 50 -52 -53 -54 -55 -56 -57 -58 58 -60 -61 -62 -63
leaf_value=-0.020887611272925578 -0.04233447202933234 0.0069517038073299139 0.026200956029931135 0.0076260352274318335 -0.017462809335775181 0.032742226362524156 -0.0069234009073868008 -0.030892245476173308 -0.029151280877250899 0.0048842370512284647 -0.022033660471277146 -0.015199435316552497 0.015377526848024148 -0.024593327420332645 0.002839073078742808 0.051201956762188174 0.12729398664530253 -0.015401082610942071 -0.021417044911475065 -0.049020565303044321 0.069093795258944685 0.059556031080367201 0.0015416040255965024 0.12541437036842604 -0.015516300066734654 0.0048853747984293665 -0.046038819701895085 -0.0091222405066218974 0.018298862779622629 0.043666729001378017 0.0065450107054040281 0.0042503417781110577 -0.038858482437544216 0.15417939638703082 0.048485672535233941 -0.013126982184817997 0.091735663858626276 0.031405861051585854 0.080560028538728762 0.00090769226044103222 -0.017011275012235216 -0.040627756641185959 -0.025854539355849124 0.10584756641881317 0.023932621989001472 0.019569552869707324 -0.021153039655782489 0.026645826744514413 0.057034498521840366 0.030115719546517906 -0.032479514636978388 0.089550336126512406 -0.052725220292804943 0.027384416180467483 0.0037870263257101531 0.0087085033896613477 -0.0018407786384879714 0.039988758060081356 -0.017649128310932929 -0.041012906252799158 -0.0654527671642708 0.086642983420089942
leaf_weight=208.46215106989257 173.39786250225734 2708.2842920093099 310.53547478094697 2027.3231325000525 571.94033460691571 90.39893202111125 2139.8248231131583 152.32941528828815 207.48836406390183 8106.3109153077239 728.41239500697702 1503.9926739693619 1551.0022895119619 1108.6862099295249 238.6819614332635 93.156437444966286 40.756210395134985 966.20701473520603 207.08380096941255 18.053112589754164 75.828250699676573 82.699960188008845 384.63825802877545 34.575948090292513 494.21952958090696 1598.4099282021634 149.15606226550881 3885.5079533370445 163.68647430464625 217.08951845532283 250.90013469173573 381.11269410699606 232.15443691890687 24.292660946957767 80.000210082158446 449.12106846063398 114.49378822557628 185.79590276628733 51.221209402545355 1315.1797501097899 487.32064398750663 33.112881683977321 703.02284455997869 38.49860951397568 147.23649622732773 119.07427628349978 312.34256592509337 352.59261189773679 104.06972640322056 102.01989515498281 164.9664949082071 60.458757888525724 24.395389902521856 468.28883569675963 15.670710861915721 665.60131498880219 900.08623673394322 78.698498668149114 127.13312625174876 39.379920739447698 16.626294042449445 49.585656619281508
leaf_count=51148 104965 25515 2214 11019 3010 1200 23703 3511 17522 128906 10081 50508 30053 31146 6304 830 514 41127 2097 368 488 909 3368 317 7039 12061 3180 59837 891 2157 4053 2725 5473 436 3321 4264 680 944 731 63738 2855 901 12020 287 1251 7576 5629 2665 912 490 2228 438 1006 4214 964 6615 5516 491 3610 763 538 2365
internal_value=2.77135e-05 0.00022021 0.000336155 0.00552262 0.00313519 -0.0106106 -0.000109058 0.000335355 0.000481011 0.00403481 -0.000732629 -5.68341e-06 0.00108243 -0.000126111 -0.0101704 0.00192928 0.0381978 -0.0133444 -0.00594893 0.00673227 0.0180933 0.0174338 0.00924905 0.0655787 0.00147128 -0.0012634 -0.00457641 -0.010487 0.00431872 0.00606048 0.011884 0.000169526 -0.0041835 0.0212912 0.0125504 -0.00381149 0.0366972 0.0544083 0.0190934 -0.00768526 -0.000230669 -0.000415818 -0.00817523 0.0135717 0.010351 -0.0192752 -0.00670883 0.0283628 0.0202609 0.0124687 -0.00856085 0.0375175 0.0288039 0.0327172 0.0952065 -0.0016141 -0.0108729 0.0245503 0.00438838 0.0138538 0.0335349 0.034043
internal_weight=38332.6 38159.2 37950.7 3000.2 2689.66 662.339 34950.5 32810.7 32658.4 8313.8 24344.6 22716.1 19896.9 18345.9 3116.45 15229.5 189.919 2795.07 1686.39 720.179 513.096 321.382 437.267 52.6291 15039.5 9423.88 6715.6 4034.66 2680.93 5615.65 2824 2791.65 2368.73 1664.18 1061.77 529.121 602.411 300.29 302.121 2819.17 2085.73 2136.58 1241.71 419.611 894.87 822.097 459.579 435.291 595.201 491.132 266.986 224.145 532.648 508.252 39.9634 1159.82 1628.5 422.921 205.832 149.163 109.783 402.178
internal_count=785687 680722 629574 17443 15229 4210 612131 588428 584917 146428 438489 422892 308646 278593 86124 192469 2645 78911 47765 6638 4541 7213 4053 685 189824 108407 82892 63017 19875 81417 34267 47150 40892 20613 14205 7585 6408 1624 4784 114246 14916 35419 22608 3012 12811 19596 6880 5931 4959 4047 2718 1329 6620 5614 1400 13654 15597 6258 4101 2131 1368 5030
is_linear=0
shrinkage=0.05


Tree=94
num_leaves=63
num_cat=0
split_feature=1 39 53 17 48 49 40 49 39 49 49 35 23 54 52 19 29 48 54 40 37 49 5 17 17 31 48 48 48 38 17 54 23 52 39 49 41 49 48 41 54 35 41 48 54 48 48 16 45 49 49 47 37 49 49 49 48 49 43 11 49 51
split_gain=112.44 39.3402 36.3948 42.0635 44.6214 51.4756 40.1804 42.1972 60.3199 37.6925 147.65 86.9654 76.7067 86.5873 89.753 85.9139 88.8673 66.3429 50.7625 47.3346 59.3228 51.4207 52.4758 83.7282 56.4105 44.0934 43.7765 63.9983 43.5773 42.5616 51.7787 81.4738 53.8246 41.4443 42.5401 64.1112 46.5097 54.3391 41.8503 80.9464 68.0894 63.8893 59.3721 63.11 64.0254 56.7802 59.4246 55.2926 55.105 53.4946 61.0471 54.1647 52.0785 58.4908 49.8383 116.429 93.4288 103.343 71.467 55.6779 58.4842 60.5109
threshold=292.36662292480474 -1.2745085358619688 859.75000000000011 -47.792245864868157 -0.74852561950683583 281.83038330078131 25.823532104492191 255.32789611816409 -3.5671762228012081 259.31796264648443 259.51712036132818 5.6375126838684091 -19.552419662475582 0.91597560048103344 44.719711303710945 -3.5276044607162471 3.0403270721435551 0.9702095389366151 -1.0000000180025095e-35 18.098022460937504 232.37109375000003 255.95982360839847 234.2858810424805 -7.798686981201171 -6.2305984497070304 9.5184650421142596 0.89492958784103405 0.8446832299232484 0.93061417341232311 -2.8235244750976558 -9.1633796691894513 -0.91597560048103321 -7.7348318099975577 6.6415228843688974 -9.4981851577758771 268.43287658691412 17.155890464782718 289.15274047851568 0.01708924770355225 11.215202331542971 -1.0000000180025095e-35 9.2923502922058123 12.189298152923586 0.52739697694778453 0.12940952181816109 0.79310560226440441 0.77088505029678356 -45.946546554565423 -1.4712657928466795 274.21087646484381 268.64752197265631 1.1138217449188235 263.25708007812506 267.04945373535162 286.41694641113287 284.34808349609381 -0.032680213451385491 276.94873046875006 -0.027999877929687497 272.17567443847662 280.31988525390631 77.397277832031264
decision_type=2 2 2 2 2 2 2 2 2 2 2 2 2 2 2 2 2 2 2 2 2 2 2 2 2 2 2 2 2 2 2 2 2 2 2 2 2 2 2 2 2 2 2 2 2 2 2 2 2 2 2 2 2 2 2 2 2 2 2 2 2 2
left_child=1 2 3 -1 5 -5 9 8 -8 12 11 -11 26 14 19 16 -15 33 -16 21 28 29 24 -24 -23 -18 27 -6 -21 30 31 -14 -32 34 36 -36 37 -12 39 54 41 -41 45 -44 -45 46 48 -48 -40 50 -42 -52 -50 -54 55 56 57 -35 -56 -59 -61 -62
right_child=-2 -3 -4 4 6 -7 7 -9 -10 10 17 -13 13 15 18 -17 25 -19 -20 20 -22 22 23 -25 -26 -27 -28 -29 -30 -31 32 -33 -34 38 35 -37 -38 -39 42 40 49 -43 43 44 -46 -47 47 -49 52 -51 51 -53 53 -55 58 -57 -58 59 -60 60 61 -63
leaf_value=-0.013800984214610996 -0.032054242163772902 0.012698484630753883 0.0076948510896465957 0.00083721124725453025 -0.0061469793345221299 -0.039460217061044113 -0.028524081174566979 -0.013473185322730979 0.027629292403189072 0.0064846988127455849 -0.0049870270926889657 -0.049516097237340351 0.06792521998063375 0.033574686645318701 -0.035209242553533297 0.031181689961769395 -0.065658270533388977 -0.030854881470852885 0.015620566028869756 0.0059206156939064277 -0.015742914846760738 0.058363203733965412 0.022687345689652486 -0.03837033906444072 0.02497387340735881 -0.022693283242698106 -0.035922710713552901 0.085806529622146188 0.037619981825975604 0.028341781521952499 -0.016619407097536978 -0.01765124207133114 0.023557656328965046 0.0027086449489194396 -0.0090113093590032042 0.023883723632246959 -0.01736013984696164 0.029390628220501227 0.020798008545440685 0.001284014209594009 -0.015765089038236212 -0.039349611707134809 -0.0059506061749123318 0.0071510588766619965 -0.003621879928485121 -0.01915809026038548 0.21550641223496805 0.046866482685183564 0.022589926692775313 -0.045454289293602707 0.020504487622968349 -0.032678038851922116 -0.031944636616969245 0.0044603494393614653 -0.023503291657132813 0.017074965602884677 -0.037868530111347762 -0.00074101051049435312 0.00013088518642518192 -0.039154103916440669 -0.017470690126446246 0.031424263176340665
leaf_weight=586.18398456356954 275.6437930976972 599.8821085318923 1401.9793035672046 161.23867906886153 802.92173285142053 155.84418454254046 68.843406213447452 994.043856324628 156.63835397362709 97.491355248261243 2738.8259231745033 239.96865678322501 64.733560716733336 57.279577039182186 156.41630706004798 89.686383955180645 81.960202261805534 173.98866708762944 71.604004602879286 562.50520709529519 265.53716577216983 156.52759710326791 213.0243115182966 76.243319604545832 659.37106115743518 220.0155381783843 123.34908174106386 19.378919252194464 134.30291798710823 190.7176847755909 336.25292840227485 48.765351310372353 110.83999836817384 7373.2900626566261 287.18480592221022 305.88370494171977 774.09019618947059 119.98337258654647 809.76808168308344 134.56910021789372 338.30593322217464 344.10570651385933 2439.1429924615659 4119.8974424295593 2073.2315849006409 172.17289237992372 5.9039717395789912 27.502715713810176 374.65844295546412 71.422860628925264 343.8515560887754 55.620391891337931 117.76865676767193 1747.5366303808987 511.34870755462907 1067.2075131078018 163.28459981980268 637.10341330943629 854.17366235656664 276.78070052259136 475.0231557067018 73.001332399435341
leaf_count=96650 144778 4822 12986 2919 11811 6910 407 8277 1079 482 56646 2545 305 248 962 434 417 3705 414 2844 2619 984 1362 455 3496 1405 3058 247 636 1347 2167 371 728 80240 1743 1473 11662 5113 13562 1846 3551 6291 26870 55287 27148 8480 320 832 2326 1604 3001 595 5376 51539 19087 16955 2672 6106 24263 11915 15903 1196
internal_value=-0.000235447 -4.09313e-06 -0.000208328 -0.000516894 -0.000296439 -0.0189687 -0.000127302 -0.00904354 0.0104847 0.000194539 -0.000455191 -0.0333376 0.00448724 0.00790482 0.0109254 -0.0125952 -0.0235239 -7.2641e-05 -0.0192474 0.0133662 0.00436696 0.0180311 0.0248922 0.00659415 0.0313795 -0.0343545 -0.0081465 -0.00397994 0.0120304 0.00793862 0.000997301 0.0311569 -0.006659 0.000113112 -0.00446118 0.00795478 -0.00648808 -0.00354421 0.000898704 -0.00109478 -0.0129784 -0.0279263 0.00303162 0.00086168 0.00354468 0.00878577 0.0103462 0.0766703 0.00961974 -0.00413614 -0.000136204 0.0130996 0.00557869 0.00216187 0.000244074 0.00146007 -0.000391832 0.00030078 -0.00871943 -0.0118435 -0.0204195 -0.0109575
internal_weight=38185.8 37910.2 37310.3 35908.3 35322.1 317.083 35005 1219.53 225.482 33785.5 29344.1 337.46 4441.43 3495.78 3046.84 448.942 359.255 29006.6 228.02 2818.82 962.345 1856.48 1105.17 289.268 815.899 301.976 945.65 822.301 696.808 751.31 560.592 113.499 447.093 28832.6 4225.97 593.069 3632.9 2858.81 24606.7 12719.1 1287.88 478.675 11887.6 8632.27 6193.13 3255.31 3083.14 33.4067 3049.73 809.201 737.778 399.472 2239.96 1865.31 11431.2 10065.7 8998.48 8835.2 1365.52 1461.91 824.805 548.024
internal_count=785472 640694 635872 622886 526236 9829 516407 9763 1486 506644 470334 3027 36310 21194 18690 2504 2070 467307 1376 17314 6099 11215 6297 1817 4480 1822 15116 12058 3480 4918 3571 676 2895 463602 76637 3216 73421 61759 386965 195225 16888 8137 191740 109305 82435 82435 73955 1152 72803 8751 7147 3596 59241 56915 178337 134987 118032 115360 43350 35120 29014 17099
is_linear=0
shrinkage=0.05


Tree=95
num_leaves=63
num_cat=0
split_feature=3 17 50 43 47 3 11 49 49 49 40 49 36 29 47 29 49 49 54 11 21 52 54 49 49 36 52 49 29 40 5 5 10 52 55 29 28 49 49 49 52 38 24 17 5 39 3 11 36 52 49 44 11 11 7 35 38 3 49 43 49 36
split_gain=114.201 42.8637 79.7548 49.6968 50.1614 48.7874 48.0798 46.6105 98.2595 89.0083 74.2523 83.0955 65.6204 52.3279 63.093 58.6713 49.7825 54.3497 62.455 50.7315 47.0598 46.3383 55.9723 202.779 93.2862 80.6354 105.79 60.2072 53.4268 90.4816 58.2194 51.3619 51.061 47.8034 47.4427 46.0621 53.4039 45.8223 104.313 69.1214 66.5403 45.7902 58.9231 55.0069 54.8942 54.6062 50.0061 48.6203 45.9517 45.7511 45.7244 43.7183 43.0448 42.9659 47.7705 42.7989 42.7284 42.4191 42.1809 41.4284 39.9268 39.9236
threshold=291.67324829101568 -29.145763397216793 82.059875488281264 -1.0822906494140623 0.80012452602386486 275.81420898437506 286.07095336914068 284.34808349609381 276.94873046875006 287.14447021484381 1.0000000180025095e-35 276.75975036621099 282.05882263183599 3.7105216979980473 -1.986030578613281 -0.061377525329589837 276.05895996093756 263.73217773437506 0.12940952181816109 277.42353820800787 -44.303592681884759 36.353063583374031 0.37940952181816107 264.55642700195318 275.56561279296881 233.23529815673831 57.570123672485359 281.06625366210943 1.5809564590454104 -1.1764755249023435 235.474235534668 257.62951660156256 242.38101196289065 95.494766235351577 0.37940952181816107 8.3222141265869158 9.1190071105957049 287.97227478027349 280.31988525390631 282.31869506835943 42.129280090332038 -7.3529434204101554 14.622586250305178 -8.8059463500976545 230.8393478393555 -26.570807456970211 243.54915618896487 256.04776000976568 230.88235473632815 12.597424983978273 267.56375122070318 0.79287910461425792 292.29231262207037 287.91244506835943 287.35142517089849 0.51030245423316967 -6.0588302612304679 262.74612426757818 272.85017395019537 -2.5513610839843746 290.50280761718756 278.52941894531256
decision_type=2 2 2 2 2 2 2 2 2 2 2 2 2 2 2 2 2 2 2 2 2 2 2 2 2 2 2 2 2 2 2 2 2 2 2 2 2 2 2 2 2 2 2 2 2 2 2 2 2 2 2 2 2 2 2 2 2 2 2 2 2 2
left_child=1 2 7 -4 -5 6 21 8 10 13 16 58 52 15 -15 49 17 18 -1 -18 -13 28 24 25 31 -24 -27 34 29 55 41 -23 -31 -25 -26 53 -37 38 -6 40 -40 42 43 47 -45 -44 -47 -30 -43 -9 56 61 60 -10 -55 -3 -50 -29 59 -12 -11 -7
right_child=-2 5 3 4 37 51 -8 9 35 12 11 20 -14 14 -16 -17 19 -19 -20 -21 -22 22 23 33 27 26 -28 57 30 32 -32 -33 -34 -35 -36 36 -38 -39 39 -41 -42 48 45 44 -46 46 -48 -49 50 -51 -52 -53 -54 54 -56 -57 -58 -59 -60 -61 -62 -63
leaf_value=-0.049357865737299889 -0.037577793759821475 0.0079841795030590173 -0.014099332752618536 0.0038057215379325884 0.003369951438069254 0.014671266998561286 0.05012133481069584 -0.0066643806566980754 -0.031080379178694162 -0.0082479556514832835 -0.035154493231147381 0.006718435580844024 -0.025001369347277994 -0.014395944322881569 0.036620401222472419 -0.019301826130922975 0.073625865253908865 -0.0040922968878545308 0.042691870736176363 0.013671657832340398 0.16722130886167452 -0.01845922072087474 0.01129677534385698 -0.0044151934121865041 0.052141283007641814 0.0063067862425782752 0.079643775575117703 -0.017425919721985803 0.056739698744284195 0.042161789631480241 -0.0033946954481582194 0.022103402627909205 0.011051952242158932 -0.031478770511606628 0.0031622769329528152 0.12014308788884889 -0.0063738427932565553 -0.0045017143844525076 0.047841469857152513 0.046003176408194638 0.19465995054862215 0.0018808527416662498 -0.012708392334688996 0.021418457717174315 -0.0046014179302199488 0.0066868653820428827 0.070467740500977288 0.0043416721912612373 -0.0063765511181075821 0.024492692624220807 0.00086763172141699179 0.047746981851443847 0.059707446776397846 0.082904756623171982 -0.011790401264974519 -0.0068537756954001067 -0.037943484064419393 0.01532584459280022 -0.029215701088406345 -0.0046116939897882262 0.013566328912001078 -0.01721533497625537
leaf_weight=21.74208025180269 202.98021784226876 771.0560020711273 316.95118201489095 1959.3104243736016 133.71357979578897 578.28990793041885 49.022780400933698 195.71953568339814 784.31549098261166 980.87468349770643 128.588878368726 8.510928015457468 420.29012567468453 76.714394476381131 288.5882547023939 213.4121011152165 42.901476856321096 1133.9179320497205 120.86825433559716 198.72044299577828 9.8551861653104407 1466.0385216947179 305.6013247910887 504.12273523793556 106.41628757910803 79.556038337759674 128.76458595134318 243.80596577562392 141.99894082173705 140.05746266245842 7147.9656024216674 82.430068390909582 2263.6782770557329 241.24834818486124 92.344993450678885 8.629274453269316 249.64298251993023 103.17048563982826 13.679649029858412 103.9550219818484 17.705911392229609 9482.5829270631075 448.93366273585707 541.19821013975888 324.0838878613431 673.47359650023282 32.200707828626037 64.327709445729852 220.15190123394132 296.03393510857131 466.4952792506665 82.521872819517739 27.456072419183329 14.398526292527093 177.49726930819452 1314.5010344800539 208.93820858374238 166.29454044438899 345.22531945141964 812.83089525147807 266.81938118766993 118.23450023308396
leaf_count=556 129796 4829 7832 61739 2723 8411 1049 5707 30764 25997 6610 406 65071 1874 9411 18572 243 29578 1264 4784 181 12776 1696 4520 1123 774 808 2122 1097 744 100580 834 18158 2058 921 316 6063 2698 406 1861 163 57883 7140 3649 2402 7098 398 922 1479 7805 2640 2567 2376 661 32699 9602 1293 1480 19268 40441 4796 2152
internal_value=-0.000173546 2.64709e-05 -0.00288731 0.00447701 0.0070023 0.000995339 0.00064837 -0.0057457 -0.00915754 -0.000740455 -0.00401242 -0.0127584 -0.00786754 0.0105476 0.0259069 0.00259099 0.00350566 -0.000433504 0.0286582 0.0243169 0.0928437 0.000560682 -0.00489074 0.00348557 -0.00978023 0.0276488 0.0516369 0.00680083 0.00132901 0.00625268 0.000209962 -0.0162999 0.0128646 -0.0131746 0.0293855 -0.020924 -0.00214672 0.0238284 0.0346917 0.065637 0.130668 0.00225417 0.00876104 0.0172046 0.0116729 0.000924395 0.00959726 0.0404032 0.000858382 0.0120921 -0.00996768 0.0133355 -0.00222022 -0.0258918 -0.00468514 -0.001368 -0.0217475 -0.00414518 -0.0142658 -0.00878355 -0.00358297 0.00925854
internal_weight=38161.4 37958.4 9472.04 2648.49 2331.54 28486.3 27707.3 6823.55 4057.64 2765.91 2823.16 1305.01 1695.44 1070.47 365.303 705.166 1518.15 1276.53 142.61 241.622 18.3661 27658.3 3416.62 1259.29 2157.33 513.922 208.321 608.862 24241.6 4489.29 19752.4 1548.47 2403.74 745.371 198.761 1234.48 258.272 372.225 269.054 135.341 31.3856 12604.4 2226.22 1071.61 865.282 1154.61 705.674 206.327 10378.2 491.753 895.585 779.046 1275.15 976.211 191.896 2085.56 429.09 410.101 1286.65 941.42 1247.69 696.524
internal_count=785866 656070 392865 77422 69590 263205 250075 315443 173834 141609 103331 66906 98240 43369 11285 32084 36425 31398 1820 5027 587 249026 29112 9856 19256 3278 1582 5646 219914 33333 186581 13610 18902 6578 2044 70503 6379 7851 5153 2430 569 86001 22706 8070 6051 14636 7496 2019 63295 13512 5412 13130 33169 64124 33360 14431 2772 3602 66319 47051 30793 10563
is_linear=0
shrinkage=0.05


Tree=96
num_leaves=63
num_cat=0
split_feature=36 29 17 12 36 42 17 47 21 47 33 11 1 42 54 22 29 50 52 11 6 54 42 40 17 34 52 54 51 35 27 25 51 17 42 16 10 21 28 51 54 54 35 29 42 47 47 1 27 35 25 36 40 25 54 6 29 23 43 38 40 36
split_gain=105.806 41.4015 38.3785 35.0251 34.0494 33.1981 38.0643 32.0907 50.2193 46.379 53.3843 44.9866 44.4667 37.6974 37.695 33.9631 33.8872 32.2501 40.8659 35.5041 34.1557 33.7311 40.9244 34.6113 36.7291 38.9675 31.6529 40.5359 31.2295 30.8163 70.2489 34.4943 31.3269 30.1166 29.2227 47.1805 37.8098 31.0114 28.7082 28.5663 28.1739 28.0795 27.838 33.6018 36.5899 29.5892 27.4833 26.849 27.2531 26.4346 40.4433 30.7865 28.8524 53.3305 38.5353 35.6624 40.9423 34.5886 26.1717 25.3314 36.5643 26.902
threshold=287.35295104980474 -1.0156388282775877 -33.118404388427727 -58.007509231567376 199.11765289306643 2.9424819946289067 -0.70683670043945301 -1.986030578613281 -24.989085197448727 -4.4585323333740225 -0.066690884530544267 288.22511291503912 284.93038940429693 19.432098388671879 -0.37940952181816096 -51.116651535034173 0.11520576477050783 103.6449432373047 23.859390258789066 292.02886962890631 292.50770568847662 0.37940952181816107 14.365997314453127 5.1960754394531259 -51.662767410278313 4.0223865509033212 35.553066253662116 1.0000000180025095e-35 6.404710292816163 -1.6928170919418333 -2.3887829780578609 -2.9830412864685054 20.994540214538578 -30.528387069702145 -14.282424926757811 -3.0398559570312496 285.44047546386724 -50.462617874145501 20.448509216308597 46.128787994384773 -0.37940952181816096 -0.37940952181816096 -0.76137718558311451 -2.073426246643066 -0.79554748535156239 -0.30342006683349604 8.8935022354125994 286.75898742675787 2.6501522064208989 -1.1785276532173155 -2.5685839653015132 273.82353210449224 -1.8235321044921873 0.27588653564453131 0.78656607866287243 284.15930175781256 3.892328262329102 -41.243740081787102 -10.139907836914061 -13.176475524902342 3.1960754394531254 220.29412078857425
decision_type=2 2 2 2 2 2 2 2 2 2 2 2 2 2 2 2 2 2 2 2 2 2 2 2 2 2 2 2 2 2 2 2 2 2 2 2 2 2 2 2 2 2 2 2 2 2 2 2 2 2 2 2 2 2 2 2 2 2 2 2 2 2
left_child=3 2 -2 -1 -5 29 7 8 9 10 -7 13 15 28 -11 -13 -16 19 21 -14 -21 23 47 24 25 -19 38 -28 -9 31 -31 -6 -33 -15 35 36 -32 -38 59 -40 -17 -37 45 44 -44 -36 -45 -23 -49 50 -30 -52 -51 54 57 -55 -57 -54 -48 60 -10 -61
right_child=1 -3 -4 4 5 6 -8 11 26 14 -12 12 17 33 16 40 -18 18 -20 20 -22 22 -24 -25 -26 -27 27 -29 49 30 34 32 -34 -35 42 41 37 -39 39 -41 -42 -43 43 46 -46 -47 58 48 -50 52 51 -53 53 55 -56 56 -58 -59 -60 61 -62 -63
leaf_value=-0.040967515187300699 -0.0058222360342761216 -0.034720906592401173 0.17203183286237977 0.049642770498033333 -0.0032314140936020976 0.04482486252058563 0.016868561799429551 -0.0054526520010805095 -0.0052773382424137049 0.0041102152991684205 -0.019495231450751604 -0.0046710107166880255 -0.0023761130851353012 -0.0041875636109097508 0.004542878764403519 0.10155453044904127 -0.016493843644182396 7.628375212555677e-05 -0.016362863638154812 0.068360968243736761 0.0075225420167244622 -0.024202059620418312 0.16117621266965423 0.091287525243135922 -0.0040408870759020754 0.20773927478858767 -0.0227607168284093 0.015951055823951784 -0.0074223528005839369 -0.023804458475968418 -0.00031387477156726246 0.003003930474103828 0.031003493929466337 0.017877045994631573 -0.024671266596249214 0.0041252590518543091 -0.0051500140536338678 0.15142117189161236 -0.0079570816565307841 0.029445531303143986 0.033377331683050064 0.045037949731942389 0.0087248353604745862 -0.00202148333274129 -0.029505201791881475 0.01239489909633122 -0.00037253529495941671 0.10552721698066736 0.01709334726023945 -0.0054228360197557442 0.014639360266129824 0.051350072922462089 0.062957454327760579 0.0030431133769960911 -0.01228954218630428 -0.023289277605595196 0.0034256668269391807 0.019089438468888022 0.038335013623297914 0.018603099009021774 0.092701902580903495 0.0038267118248785127
leaf_weight=51.719820693600923 137.05919507390354 304.73459252610337 3.1018425622023633 34.798980258405209 332.01062477985397 33.671814067289233 402.35267789661884 1531.6714669363573 17.5365573130548 1016.5106798510533 769.22990420123097 21.710081822704524 428.56499494379386 207.02054863562807 277.6056316869799 30.979706744197756 616.71736240200698 4.5527984430082125 41.055646431050263 37.661381903919391 59.545368840917945 9.5341191161423904 10.206755899125708 14.954065374797208 69.481542435358278 4.4839039877988398 237.65730714425445 94.516641933470964 135.40322658605874 353.18034644238651 611.82506344513968 180.2973296190612 224.02174761355855 611.3484892337583 59.686047302791849 65.348944401368499 5.4397975589381531 7.5545942671596986 571.41054092161357 56.057561008259654 29.66223900206387 117.06893125735223 87.779542515054345 15906.13860587345 218.08826268115081 549.85946333454922 92.566048494074494 21.73928823438473 14.538201210787518 1233.9750560373068 181.92532277293503 83.241825491189957 74.742380172479898 7090.0530135831796 51.390545044559985 286.53723318316042 287.13485336909071 112.67014062590897 82.67150766775012 388.42680647596717 20.835115734487772 1488.1207455527037
leaf_count=10032 33441 186676 205 572 5535 312 2568 20833 151 22236 18255 631 34991 3305 3179 494 13366 254 2641 3829 11333 100 174 495 1957 163 1716 591 1131 6262 9615 3188 2753 5167 773 401 474 234 4340 346 405 632 1162 232802 6433 5073 986 678 394 12486 1089 742 1057 74028 596 11782 6947 783 517 2027 354 9996
internal_value=-0.000135866 -0.0243766 -0.00188623 0.000150528 0.00020708 0.000161291 0.0016562 0.00132126 -0.00183564 -0.00671392 -0.0167978 0.00271193 0.014199 0.00194014 -0.00247684 0.0489942 -0.00996386 0.0101987 0.0278217 0.00381189 0.0310935 0.0399565 0.0706364 0.0215698 0.00829187 0.103116 0.00276972 -0.0117457 0.00117452 -0.00131644 -0.00172309 0.00871103 0.0185177 0.0122954 -0.00128506 0.00801004 0.00147863 0.0858763 0.00466622 -0.00461556 0.0682065 0.0303815 -0.00172652 -0.00211678 -0.0185337 0.00876542 -0.00180453 0.0504642 0.0700874 0.00223886 0.0148107 0.0261637 0.00168767 0.00279797 0.0260668 0.00207291 -0.00991789 0.0365845 0.0178885 0.00770761 0.0479236 0.00688528
internal_weight=38101.4 444.896 140.161 37656.5 37604.8 37570 18676.4 18274.1 5588.3 2713.74 802.902 12685.8 798.67 11887.1 1910.83 82.352 894.323 716.318 190.546 525.772 97.2068 149.491 56.0184 93.4723 78.5182 9.0367 2874.56 332.174 11068.7 18893.5 18157.2 736.33 404.319 818.369 17804 807.237 624.819 12.9944 2542.39 627.468 60.6419 182.418 16996.8 16387.2 305.868 609.546 16081.4 45.8116 36.2775 9537.07 400.57 265.167 9136.5 7902.53 238.803 7663.73 573.672 187.413 175.238 1914.92 38.3717 1876.55
internal_count=785688 220322 33646 565366 555334 554762 277922 275354 76869 57348 18567 198485 58539 139946 38781 1530 16545 57009 6856 50153 15162 4215 1346 2869 2374 417 19521 2307 131474 276840 265364 11476 5941 8472 259102 11356 10323 708 17214 4686 899 1033 247746 241900 7595 5846 234305 1172 1072 110641 2962 1831 107679 95193 2436 92757 18729 1840 1503 12528 505 12023
is_linear=0
shrinkage=0.05


Tree=97
num_leaves=63
num_cat=0
split_feature=2 38 52 36 42 47 12 32 52 16 11 47 3 47 48 41 49 49 23 54 39 49 54 49 48 37 47 5 25 34 49 54 1 28 9 23 48 52 46 5 5 45 54 28 37 49 52 39 52 55 25 5 48 54 17 48 48 17 5 49 49 49
split_gain=98.9909 35.79 31.7787 30.3108 30.9623 45.6818 40.2021 45.0878 31.719 31.7316 46.1684 45.9685 35.6487 34.6381 30.6924 71.9164 69.6022 92.5334 91.3234 70.1194 63.1732 60.0809 140.773 119.294 88.69 69.2805 101.031 58.7375 58.2297 56.7966 54.9572 75.1918 74.5831 65.4268 68.9066 64.5751 56.7569 55.9244 53.8427 55.3188 53.1856 58.4994 51.7186 51.2034 50.6768 49.7091 62.7685 47.2683 47.1021 45.8896 44.9526 51.6007 65.5492 82.8069 55.2347 50.1786 47.2111 45.9064 43.9733 43.9286 55.3341 71.1947
threshold=292.69541931152349 -49.411766052246087 0.70361298322677623 199.11765289306643 11.629913330078127 -4.9458360671997061 -43.957788467407219 0.25661724805831915 68.036495208740249 -46.273460388183587 288.12213134765631 -0.0066298246383666984 291.08546447753912 -0.1914199888706207 0.52739697694778453 8.1805844306945819 276.94873046875006 280.31988525390631 -29.653016090393063 -0.98296290636062611 -46.29992485046386 285.67515563964849 -1.0000000180025095e-35 288.57763671875006 -0.57820284366607655 289.90196228027349 -0.13258600234985349 269.58532714843756 7.0570373535156259 12.398332595825197 275.76867675781256 0.12940952181816109 218.40579986572268 -2.7726707458496089 285.84252929687506 -48.067054748535149 -0.50708106160163868 88.222122192382827 1.7558927536010744 240.50944519042972 211.81697845458987 16.108370780944828 -0.98296290636062611 1.5062646865844729 267.12054443359381 258.38572692871099 41.616329193115241 -39.456792831420891 5.0382971763610849 0.78656607866287243 19.584112167358402 238.83087158203128 0.11192005872726442 0.91597560048103344 -11.004549026489256 -0.48480302095413202 -0.16959729790687558 1.1571083068847658 222.76506042480472 274.50689697265631 274.31605529785162 274.13537597656256
decision_type=2 2 2 2 2 2 2 2 2 2 2 2 2 2 2 2 2 2 2 2 2 2 2 2 2 2 2 2 2 2 2 2 2 2 2 2 2 2 2 2 2 2 2 2 2 2 2 2 2 2 2 2 2 2 2 2 2 2 2 2 2 2
left_child=1 -1 -3 -4 14 6 7 -6 9 12 -11 -12 -7 -14 15 16 19 18 -18 43 -19 22 27 42 -24 48 -27 -22 -16 -30 32 37 -21 -33 -35 -36 38 -32 49 -40 -31 -42 47 -5 -25 46 -17 -23 -26 -34 51 52 54 -54 -47 -56 -53 -57 -20 60 61 -38
right_child=-2 2 3 4 5 8 -8 -9 -10 10 11 -13 13 -15 28 45 17 20 58 30 21 23 24 44 25 26 -28 -29 29 40 31 33 36 34 35 -37 59 -39 39 -41 41 -43 -44 -45 -46 50 -48 -49 -50 -51 -52 56 53 -55 55 57 -58 -59 -60 -61 -62 -63
leaf_value=-0.022243700102724213 -0.040527982529347945 0.016093582666894923 0.047747863588697211 0.11640683677911215 0.039244973467936879 -0.014885350194206368 -0.00036289855604949828 -0.034975293285550255 -0.011547612427901673 0.0063971980348606853 0.022061930892484018 0.095001766949229127 0.022760341130707483 0.24847401486601936 -0.026643142945904943 0.0062152433847494915 -0.03510975265396523 -0.015113755095018239 0.044192982342528192 0.027110317203559005 0.00043712625892631244 -0.023200918285746719 -0.010473902195971399 0.08242692798951029 -0.018262880982401652 0.26677560379261173 0.052731380976417198 -0.034211862078221696 0.018499604661264709 0.018132451256321687 -0.029125702172953245 -0.035073517199675934 -0.031684064439040531 0.022483094317484503 0.041334374322514168 0.16528337332047316 -4.268563201036329e-05 0.074615701686534627 0.015286112145608509 -0.016492460431491551 0.00089288799663904059 -0.033418760500122963 -0.017647311639521952 0.024593790341316382 0.0074063095729410364 0.019645025596875126 -0.030906766196431963 0.094606391750498578 0.025855272714259421 0.019313052739123444 -0.01603188257564651 -0.026943916461632925 0.0007536552943133391 0.03228858827814967 0.0040688288117942542 -0.012023289213000769 -0.0077796053108737523 -0.057151310485922729 -0.0081970799189663886 -0.01650807874005129 0.033464355708802955 -0.033357634611016145
leaf_weight=180.15752162993886 151.35219903627876 307.86423532944173 33.157568283379078 21.735719379968941 22.988701454363763 230.17815673258156 458.01551217772067 186.19302556384355 260.62750438437797 3779.921498300042 131.92131363367662 25.830303094815463 5.469972548307851 2.4660074382554731 179.52222233091015 1305.1301553021185 437.65733971155714 675.42134105635341 44.463764227926731 275.18400153517723 314.13884490774944 14.854756464250384 213.44588615535758 23.133141841739416 65.394098503049463 6.8169380374019957 28.821972902398556 200.30425031750929 500.98988001421094 444.48063066601753 121.53847758134361 44.994384889025241 46.433444556314498 531.33294251188636 28.679437899729237 16.584395533893257 5459.1219672423322 14.54555156175047 239.65698930807412 319.52871132176369 9157.4561917040264 125.93314371490851 1029.0573606210528 50.390693144174293 836.53782744053751 179.10156935639679 124.75754596106708 19.949554299004376 808.13726855278946 882.59833973331843 1206.3746059909463 422.89306350471452 1063.2633233368397 258.85176164843142 530.57618763670325 1547.4059918783605 1338.5697006836999 58.483374606817961 403.72498812526464 451.35179583518766 118.77667389553972 165.21820454485714
leaf_count=66259 105108 2819 567 271 237 12279 5626 7143 3302 45306 4118 524 943 171 19437 9849 21964 73512 219 1904 2284 646 4280 131 975 347 2158 7085 23679 2573 2396 1029 651 4679 1743 558 67431 103 1294 3897 111603 2280 24924 1435 24488 2832 812 190 9538 8513 10563 11646 7686 1562 3534 11508 27232 366 3219 8195 1753 2875
internal_value=-0.000171843 -1.10135e-05 9.49548e-05 -3.6424e-05 -7.87236e-05 0.00354071 -0.00865738 -0.0268186 0.0053752 0.00643142 0.00750323 0.0340051 -0.0112931 0.0928981 -0.000649676 -0.00171027 0.000465254 -0.0041676 -0.0188638 0.00316549 -0.00109429 0.00156511 0.00860547 -0.00442672 0.0185309 0.0253404 0.0936733 -0.0130539 0.00158648 0.00208192 0.00275919 0.0156266 0.00153407 0.0229966 0.027528 0.0867485 0.00061796 -0.0180371 0.00938578 -0.00287273 0.0012364 0.000427436 -0.0156199 0.0522622 0.00942506 -0.00547617 0.00297635 0.0443253 0.0225525 0.0167642 -0.00730588 -0.00535616 -0.00195474 0.00692776 -0.00702637 -0.00926225 -0.0123806 -0.0136668 -0.00299958 -0.0014885 -0.000308113 -0.00102133
internal_weight=38129.5 37978.1 37798 37490.1 37456.9 5103.61 667.197 209.182 4436.41 4175.79 3937.67 157.752 238.114 7.93598 32353.3 21944.9 13909.5 5121.86 885.846 8787.67 4236.01 3560.59 1637.06 1923.53 1122.62 909.17 35.6389 514.443 10408.4 10228.9 8715.55 757.675 7957.87 621.591 576.597 45.2638 7682.69 136.084 1488.22 559.186 9727.87 9283.39 1063.86 72.1264 859.671 8035.41 1429.89 34.8043 873.531 929.032 6605.52 5399.14 3637.68 1322.12 2315.57 2136.47 1761.46 1605.89 448.189 6194.47 5743.12 5624.34
internal_count=786251 681143 614884 612065 611498 79649 13006 7380 66643 63341 49948 4642 13393 1114 531849 372277 284687 175960 25402 108727 150558 77046 26667 50379 17298 13018 2505 9369 159572 140135 107021 10508 96513 8009 6980 2301 94609 2499 14355 5191 116456 113883 25760 1706 24619 87590 10661 836 10513 9164 76929 66366 27488 9248 18240 15408 38878 11874 3438 80254 72059 70306
is_linear=0
shrinkage=0.05


Tree=98
num_leaves=63
num_cat=0
split_feature=1 48 29 48 48 48 48 48 48 55 49 48 5 49 49 48 55 49 49 55 49 49 49 49 29 49 36 41 49 44 48 51 51 10 48 36 49 23 40 40 48 48 39 49 49 48 5 40 45 49 29 48 49 48 49 48 55 48 48 41 48 49
split_gain=95.9771 28.0465 88.8498 78.3735 82.213 113.322 82.6527 68.5601 71.2898 113.485 99.6229 91.9313 61.7537 59.9382 96.1218 67.8957 57.0471 56.6099 142.776 58.0168 67.1504 105.443 56.6045 85.4244 64.7243 56.2724 57.8079 54.696 52.5522 51.5765 51.0445 73.9372 54.4216 49.1175 79.3097 48.5279 47.5446 56.389 47.0177 46.6509 46.3421 60.6288 46.1844 55.082 46.4213 69.0625 45.8937 41.6355 79.596 64.3998 135.882 133.202 100.602 93.4318 89.9058 136.076 83.3902 124.681 75.7232 79.2699 72.0892 93.435
threshold=292.93307495117193 0.95489680767059337 13.110123634338381 0.93061417341232311 0.91453474760055553 0.83848184347152721 0.8732551932334901 0.81332153081893932 0.70040506124496471 -0.91597560048103321 278.60643005371099 0.80160850286483776 272.31756591796881 268.95562744140631 258.98173522949224 0.87896132469177257 -0.91597560048103321 286.04714965820318 285.09815979003912 0.91597560048103344 285.83421325683599 285.67515563964849 263.06666564941412 274.68690490722662 15.661855697631838 288.57763671875006 284.41175842285162 8.2887921333313006 255.95982360839847 -1.9634666442871092 -0.44543808698654169 24.357283592224125 49.556632995605476 289.35025024414068 -0.7354452610015868 219.11765289306643 285.39907836914068 -48.157855987548821 3.6666641235351567 19.470581054687504 -0.24570572376251218 -0.22011756896972653 -6.2992000579833975 278.50158691406256 278.81596374511724 0.8994269371032716 221.06523132324222 10.313728332519533 2.8621921539306645 276.94873046875006 8.4606561660766619 0.44594246149063116 279.88751220703131 -0.58530998229980458 276.75975036621099 0.28312796354293829 0.91597560048103344 -0.24570572376251218 -0.46758335828781122 3.7572034597396855 -0.55223670601844776 264.55642700195318
decision_type=2 2 2 2 2 2 2 2 2 2 2 2 2 2 2 2 2 2 2 2 2 2 2 2 2 2 2 2 2 2 2 2 2 2 2 2 2 2 2 2 2 2 2 2 2 2 2 2 2 2 2 2 2 2 2 2 2 2 2 2 2 2
left_child=1 3 -3 4 5 7 12 8 17 10 11 -10 -7 14 35 -16 -9 18 47 20 21 36 24 -24 -6 29 27 40 -5 33 31 -22 -32 -19 -35 -8 37 -20 -11 -17 -27 -42 43 46 -45 -46 -15 49 -49 54 52 -52 -51 -54 60 -56 57 -55 59 -58 61 -1
right_child=-2 2 -4 28 22 6 13 16 9 38 -12 -13 -14 42 15 39 -18 25 19 -21 30 -23 23 -25 -26 26 -28 -29 -30 -31 32 -33 -34 34 -36 -37 -38 -39 -40 -41 41 -43 -44 44 45 -47 -48 48 -50 50 51 -53 53 56 55 -57 58 -59 -60 -61 -62 -63
leaf_value=-0.018259884717236132 -0.035296485871425386 -0.033293112614127311 -0.00090658943725734791 0.10088794404470791 0.047293738257174145 0.037445876038794026 0.013221170190518512 0.011219010701251371 -0.024107976056384144 -0.025238747911768014 -0.024867753865080177 0.11365098979129945 -0.0020052759175797196 0.052090116556410618 -0.040813647730207701 0.018647484395235319 -0.015408341053637538 -0.0080969016570089924 -0.046720019035139587 -0.0089788481028521654 0.1207273417083784 -0.019289373844140596 -0.044199451651906259 -0.00071314549315681258 -0.0096083791860652069 0.00073051639247235253 -0.025954734573752605 -0.015858061264463669 0.015915490516587028 -0.020945213691276842 -0.024133659457631837 0.016628467871432975 0.092228678551726506 0.32126455397036402 0.022606233462831485 -0.030971558575319375 0.051390616097156505 0.02583873989126742 0.015409044619004523 0.048254948823417486 0.089659462827259631 0.016904918062503337 0.05385617526850342 0.10146824598711456 0.01682679403157598 -0.030179720156975801 -0.036156573151264297 -0.0014612792248201276 -0.018514045025445933 -0.020461007479390132 -0.020620061064934955 0.041032542020048225 -0.024652384682620751 -0.022828726106001937 0.01333548378238344 0.11015188052837294 0.050834383676638395 0.0055964253993557493 -0.031167731337261462 -0.0045769221584538037 0.00080723470522546352 0.021823497411463902
leaf_weight=176.7978830098873 191.68936261441559 257.28986992419232 1197.0274018866476 18.805008181603625 58.812151525868103 427.2369661902776 105.69641134887934 242.12946408800781 22.112930651637726 74.016943376162089 349.43644628988113 26.773547856486402 129.18769940384664 15.899437021464108 39.425931006669998 489.28714111226145 1188.4628487271257 787.70512447459623 29.892694177804515 139.87577952246647 49.9981929626083 136.13962309551425 282.15758797689341 188.29679257771932 332.57546315249056 616.94913355214521 179.95483243279159 268.24011920741759 561.81140893010888 904.08689984004013 28.143214491894469 25.889918934786692 15.627889086841604 2.2763318285578853 94.673476044787094 150.67298120225314 174.24614509392995 256.8616589193698 1831.6972805637633 182.73240119405091 30.894869931507856 391.49117545154877 29.879350423812866 11.453442772268316 207.06994646962266 125.49474413821008 200.85331017058343 3702.7164427842945 839.42539613414556 1116.4968752261484 125.86434467881918 288.24143934296444 403.94971607369371 545.65089649322908 167.69681442971341 46.317206957610324 206.36065624875482 1316.6573480905499 53.297399386996403 93.918035320588388 15094.929508632049 818.26722655759659
leaf_count=1899 120156 10148 13607 137 762 3443 540 4051 292 4310 7585 245 4905 83 275 5349 18040 16373 2350 4536 573 4364 5068 5896 2654 13294 46076 4624 8318 35382 1127 289 169 192 10573 2002 2545 3524 25767 1523 489 9983 151 142 5567 4253 4383 32465 8863 37427 1681 3500 12956 16807 2235 512 4134 35220 1306 2004 200009 8642
internal_value=-5.9311e-06 0.000172674 -0.00663624 0.000444555 0.000149345 0.000525235 0.0117439 -0.000196711 0.000290487 0.00875709 -0.0155149 0.0513382 0.0282863 0.00583764 0.0134979 0.0229569 -0.0109016 -0.000379189 0.000405471 0.0204767 0.0262246 0.019374 -0.0151067 -0.0267943 -0.00105794 -0.00657099 0.000614701 0.00427132 0.0186676 -0.0125467 0.0604116 0.0852131 0.017412 -0.00396364 0.0296186 -0.0127517 0.0307917 0.0182749 0.0138303 0.0266982 0.00946647 0.0222265 -0.00671411 -0.00994145 0.00249722 -0.00091132 -0.0296834 -0.000282402 -0.00461277 0.000679206 -0.00488136 0.0222937 -0.00789323 -0.00253721 0.00209473 0.0342886 0.00149433 -0.00273206 0.023755 0.0335034 0.00166652 0.0147017
internal_weight=38067.5 37875.8 1454.32 36421.5 35840.9 34979.1 2114.89 32864.2 31433.6 2304.04 398.323 48.8865 556.425 1558.47 967.815 711.445 1430.59 29129.5 25853.3 856.675 716.799 597.14 861.842 470.454 391.388 3276.27 1487.53 1307.58 580.616 1788.74 119.659 75.8881 43.7711 884.655 96.9498 256.369 461 286.754 1905.71 672.02 1039.34 422.386 590.65 560.771 344.018 332.565 216.753 24996.6 4542.14 20454.4 4150.44 414.106 3736.33 2619.83 16304 214.014 2215.88 1862.31 353.576 300.279 16090 995.065
internal_count=785775 665619 23755 641864 633409 619029 32616 586413 564322 38199 8122 537 8348 24268 9689 7147 22091 526123 389137 19477 14941 12783 14380 10964 3416 136986 74466 28390 8455 62520 2158 862 1296 27138 10765 2542 8419 5874 30077 6872 23766 10472 14579 14428 9962 9820 4466 369660 41328 328332 115035 5181 109854 72427 213297 2747 59471 52027 7444 6138 210550 10541
is_linear=0
shrinkage=0.05


Tree=99
num_leaves=63
num_cat=0
split_feature=36 50 49 29 17 4 45 36 51 49 45 7 49 49 37 49 51 52 42 10 17 33 40 45 40 55 54 21 38 42 49 21 55 37 29 40 54 54 29 49 40 53 24 39 40 54 49 49 5 42 49 49 19 52 49 37 52 19 40 29 4 49
split_gain=96.337 38.5249 38.5403 46.8405 35.2815 36.3197 35.2078 33.5349 97.508 53.8424 48.7553 49.2208 44.6279 66.4296 56.1424 48.6038 41.6257 38.6502 37.3136 39.8603 37.2352 36.4424 44.195 40.4375 44.5511 43.0835 39.8978 59.3782 47.9341 41.339 43.8006 39.0842 39.0816 86.477 82.5801 78.1489 68.2406 85.9778 75.7546 76.1695 66.3881 63.4046 54.248 71.9324 62.9089 49.1936 57.2521 48.889 53.4332 47.7817 55.0686 65.1859 49.5634 47.3448 61.1313 56.4316 47.094 45.9724 48.6035 43.9975 42.8807 42.6399
threshold=290.29411315917974 222.99001312255862 247.43756103515628 2.6333522796630864 -4.2366523742675772 228.28501892089847 2.0647010803222661 280.88236999511724 50.025959014892585 271.42791748046881 0.15172386169433597 287.13392639160162 286.64465332031256 284.25558471679693 287.71604919433599 289.26409912109381 167.46450805664065 34.52357482910157 -3.2898406982421871 287.67015075683599 -48.612030029296868 2.5592532157897954 -1.6862716674804685 -9.7524280548095685 4.3529434204101571 0.78656607866287243 -1.0000000180025095e-35 -25.986227035522457 -9.764701843261717 -0.68327331542968739 263.73217773437506 -25.525630950927731 1.0000000180025095e-35 270.99128723144537 11.928644180297853 1.4705810546875002 -1.0000000180025095e-35 -0.7865660786628722 5.0169582366943368 258.72836303710943 3.8627319335937504 111.95833206176759 23.638015747070316 -27.864198684692379 16.50980377197266 -0.91597560048103321 272.85017395019537 290.50280761718756 230.21923828125003 10.123611450195314 271.58435058593756 272.51168823242193 -46.829156875610344 26.358554840087894 258.72836303710943 237.67610931396487 17.470466613769535 1.0000000180025095e-35 14.352943420410158 10.111855506896974 260.62001037597662 276.94873046875006
decision_type=2 2 2 2 2 2 2 2 2 2 2 2 2 2 2 2 2 2 2 2 2 2 2 2 2 2 2 2 2 2 2 2 2 2 2 2 2 2 2 2 2 2 2 2 2 2 2 2 2 2 2 2 2 2 2 2 2 2 2 2 2 2
left_child=1 2 3 -1 5 -5 -3 21 12 -10 11 16 13 20 -15 -14 -11 -12 19 -17 -9 22 26 24 25 -23 31 29 -29 -28 -31 -4 42 34 36 45 37 53 39 -39 -36 -38 47 44 -44 46 60 48 -25 -50 -51 -52 -53 54 55 -34 -49 58 59 -45 -35 -43
right_child=-2 6 7 4 -6 -7 -8 8 9 10 17 -13 15 14 -16 18 -18 -19 -20 -21 -22 23 -24 32 -26 -27 27 28 -30 30 -32 -33 33 35 40 -37 41 38 -40 -41 -42 61 43 57 -46 -47 -48 56 49 50 51 52 -54 -55 -56 -57 -58 -59 -60 -61 -62 -63
leaf_value=0.061894741593008666 -0.038417540743101976 0.012434764917094381 -0.011065024469668948 -0.039491236664532102 0.023283493124787353 0.0080854321999927654 -0.0065486091481666044 0.0097359216811490033 -0.033516628799587063 0.055629603845131707 0.057804996064703185 0.0030596450699998403 -0.031860840594444995 0.02991555538000748 -0.010932180278630946 -0.00078512629678149492 -0.015278270332989228 -0.018225508683010719 -0.0078743180510882811 0.27251465765371868 -0.017255925937971307 0.014575713479125672 0.009289943280803941 0.009904830063110881 -0.017795075013259106 -0.018850050434121756 0.023008110880688916 -0.031446545483832987 0.01841322113513864 0.032462787170156791 0.0019429756355164353 0.015371772940569729 -0.021155687538691379 0.01252024606421886 0.039502729512933349 -0.027845556018355023 -0.00050418277352608405 -0.049192634536955077 -0.028376959487569072 -0.0029607757082002473 -0.021168903049869892 0.013114264962686684 -0.02502590433669491 -0.016120838064867953 0.0010013847824377822 -0.0081646914907723585 -0.00077620587824232172 0.04227927191037853 -0.0013446433908178722 -0.0019664924932269847 0.055927881833511987 -0.0063101702215181453 0.020431178415062614 -0.011822982487032984 0.0043244499378678582 0.048448449526961312 -0.00333381537450188 0.037095098998583625 -0.0031264564316213295 0.013735164344535837 0.13242713603700118 -0.012090991898232191
leaf_weight=46.747485607862473 162.47884700552095 1106.6688445485197 1000.8254536567256 58.328124918043613 204.61004427447915 128.45761250611395 313.42350324103609 155.26853505847976 51.524196172016673 166.13535013888031 19.992221903870814 97.316140970215201 417.78534832817968 207.09863238874823 141.65753722854424 2.8959569970611474 23.642663205042481 101.9804598025512 295.33253870473709 2.4738021469675004 721.43567625479773 273.42055671010166 2168.9654728195164 2190.7920682649128 695.94348151050508 148.90235564298928 308.48703683912754 196.54607456550002 63.868201375007629 124.07693432830274 2237.965657443041 162.50563593953848 35.884152337908745 12.307589921168985 48.402361896820366 571.56814046693034 2688.4002773649991 94.880255830474198 487.10929371509701 1460.3812572387978 658.40583806019276 1986.6439162176102 593.23049246519804 144.7407411839813 381.44342314824462 1174.1566969901323 51.095675388351083 156.0744582505431 5304.2375661123078 705.40076243272051 94.70527494000271 251.98017226508819 554.74656647862867 338.75713477190584 964.65660067088902 154.48414978384972 88.776011983165517 82.242684688419104 3865.36618669983 836.81303971540183 18.915404936298728 183.2721932856366
leaf_count=476 125825 13974 12555 315 1719 742 2591 32253 3399 1690 1358 15756 43226 3914 21517 108 167 5852 42192 371 57328 3186 32610 12671 11788 1503 2388 1631 320 573 23632 1001 209 158 307 26038 23286 757 6052 10450 6691 14177 10089 951 4203 27473 1101 2208 83596 13165 1502 12348 6579 2846 8779 1230 1546 1018 31459 6233 376 2358
internal_value=6.95439e-07 0.000165726 -0.00014944 0.0145903 0.00894037 -0.00677147 0.00824501 -0.000329002 -0.00603297 0.0146522 0.0207193 0.0319706 -0.010934 -0.00513318 0.0133241 -0.020828 0.0467959 -0.00576355 -0.00549936 0.125122 -0.0124755 7.96642e-05 0.00351937 -0.000709535 -0.0100208 0.00279048 0.000462369 0.00357196 -0.0192181 0.00579432 0.00354617 -0.00737207 -0.000311809 -0.00259382 -0.000600555 -0.0125177 0.000781454 -0.00450266 -0.0111703 -0.0057812 -0.0170141 0.00462753 0.0013236 -0.00242856 -0.01484 -0.0055451 0.0318196 0.00369365 0.00310054 0.000943599 0.00849721 0.0166854 0.0120785 0.00461369 0.00943441 0.0353282 0.0257412 2.56279e-05 -0.000603368 0.00933257 0.0851618 0.0109854
internal_weight=37986.6 37824.2 36404.1 438.143 391.396 186.786 1420.09 35965.9 2404.54 460.591 409.067 287.094 1943.95 1225.46 348.756 718.488 189.778 121.973 300.702 5.36976 876.704 33561.4 6263.24 27298.1 1118.27 422.323 4094.27 2930.94 260.414 2670.53 2362.04 1163.33 26179.9 10929.3 9101.28 1828.04 8394.47 3536.15 2042.37 1555.26 706.808 4858.32 15250.5 5903.84 974.674 1256.48 82.3187 9346.71 9101.86 6911.07 1606.83 901.432 806.727 1493.78 1155.02 190.368 244.85 4929.16 4846.92 981.554 31.223 2169.92
internal_count=785816 659991 643426 3252 2776 1057 16565 640174 229131 28222 24823 17613 200909 115012 25431 85897 1857 7210 42671 479 89581 411043 74710 336333 16477 4689 42100 28544 1951 26593 24205 13556 319856 132288 77142 55146 70144 30323 17259 11207 6998 39821 187568 53953 14292 29108 1635 133615 129861 117190 33594 20429 18927 13064 10218 1439 3754 39661 38643 7184 534 16535
is_linear=0
shrinkage=0.05


Tree=100
num_leaves=63
num_cat=0
split_feature=9 42 44 47 54 35 43 17 23 17 40 46 48 50 12 0 28 51 47 25 48 37 52 5 25 47 4 35 25 40 50 46 39 39 43 14 52 39 29 5 11 48 48 50 42 44 54 47 40 35 37 23 46 48 48 50 11 25 40 38 47 5
split_gain=88.6709 33.4445 47.3826 38.3181 61.2145 88.4267 50.4549 42.5449 40.2123 37.3035 36.6509 36.3503 42.3308 43.6193 36.1639 35.7463 35.8927 34.1815 45.8999 42.9532 47.6666 37.7577 35.2893 33.7095 45.2624 50.7056 48.8617 39.4643 77.8532 35.5237 35.2489 73.6899 40.447 39.6184 40.2099 32.6619 31.8185 31.1026 31.0388 40.1507 35.8887 38.3998 61.6554 32.0835 30.1189 30.0848 29.5097 43.1035 44.9822 42.8213 49.4617 38.6257 39.8936 35.8475 33.1422 33.0303 31.252 31.0487 29.7375 29.4955 28.7456 28.011
threshold=294.38159179687506 4.1132049560546884 -0.6498126983642577 -0.36103302240371699 -0.91597560048103321 8.8607130050659197 -1.2767486572265623 -21.121566772460934 -41.404027938842766 -29.145763397216793 -3.2156906127929683 0.42792034149169927 -0.084319144487380968 83.181846618652358 -24.045583724975582 274.50080871582037 4.9256553649902353 50.025959014892585 0.48283958435058599 1.8373756408691408 -0.22978341579437253 281.30355834960943 34.52357482910157 283.91111755371099 -0.28494548797607416 1.7053138613700869 285.88661193847662 1.3798737525939944 0.16200160980224612 -3.0392150878906246 5.750455617904664 3.0129451751708989 -46.29992485046386 -45.39288139343261 -0.019638061523437497 -17.340881347656246 83.907512664794936 -35.649965286254876 5.4359502792358407 274.35581970214849 285.51704406738287 0.92260730266571056 0.94361287355422985 133.18571472167972 21.188232421875004 -1.3597373962402342 -1.0000000180025095e-35 -4.0538423061370841 5.1176452636718759 2.5604977607727055 271.44154357910162 -49.083070755004876 1.8575067520141604 -0.49165731668472284 -0.39966389536857599 99.196910858154311 279.05435180664068 8.4233255386352557 -0.76470947265624989 -11.647056579589842 0.77526974678039562 288.89036560058599
decision_type=2 2 2 2 2 2 2 2 2 2 2 2 2 2 2 2 2 2 2 2 2 2 2 2 2 2 2 2 2 2 2 2 2 2 2 2 2 2 2 2 2 2 2 2 2 2 2 2 2 2 2 2 2 2 2 2 2 2 2 2 2 2
left_child=1 23 3 4 5 11 7 -5 10 46 -8 15 -13 -14 -7 59 -17 19 -19 20 -12 -20 -23 -1 29 27 -27 -26 -29 -25 31 -28 -32 34 -34 -16 44 61 -21 43 60 -42 -43 -40 -11 -35 47 -6 53 50 54 52 -50 56 -48 -51 -49 -57 -52 -3 -41 -31
right_child=-2 2 -4 6 9 14 8 -9 -10 36 17 12 13 -15 35 16 -18 18 21 38 -22 22 -24 24 25 26 30 28 -30 37 32 -33 33 45 -36 -37 -38 -39 39 40 41 42 -44 -45 -46 -47 49 48 51 55 58 -53 -54 -55 -56 57 -58 -59 -60 -61 -62 -63
leaf_value=-0.00080380753148793615 -0.04158623258797052 0.078377723470371252 0.019215999980583643 -0.017234338965518525 -0.033973011212213911 -0.011263766655717239 -0.01125860895083141 0.0026033830933766826 0.0039310786027592507 -0.0011440169975085194 0.036053698697776623 -0.01922453899360493 0.057461153037104307 0.0085570937866670093 0.039407286462309538 -0.0072101287766954186 0.074289241092747912 0.016501984538115091 0.10377421609592702 -0.0083450688309488121 -0.0034249953322170708 0.095707219502698962 -0.0052486539924027614 -0.008669915397083899 -0.042267803244289186 -0.020164121554236535 0.50419776107709724 0.17588755780139101 -0.017016097383899243 0.0032148474918485465 -0.019907075790836337 0.040911019597412612 0.41207770153957296 0.091283649213592541 0.064681739203184013 0.003378668722400717 -0.017887900064285332 0.088376596786359674 -0.012064121153633468 0.027052898726122709 -0.005535215286594914 0.19307118759038755 -0.027028244732203496 0.066388164079172071 0.011025232325740902 -0.0090729921508518104 0.054255338641148843 -0.040025253277001585 0.055373620325535056 -0.029786496210124837 -0.0047934446250414015 0.003934284668022473 -0.01712560675608828 -0.017639913902620302 -0.0085005229786395027 -0.02486404067797357 0.043710470032774236 0.024510436388248361 -0.040336551309459644 0.019265560927366917 0.088906789612090115 0.0544319304547645
leaf_weight=20870.879808806349 128.64171200362034 28.802720102481544 379.01538339047693 443.87291011307389 89.258586804382503 447.63237390434369 126.87329805386253 691.0594196440652 3780.2645325645572 4777.8402275498956 294.48362180031836 29.238226629793644 172.99795301491395 61.9148539674934 68.989574830979109 176.12220086029265 14.631784665747544 111.08740466716699 36.235144350677729 259.45693067566026 103.27237774292007 13.72651233919896 23.433227049186826 257.28047743416391 185.80535257083829 56.84779531438835 1.2619311972521239 5.2976012508152044 412.38430887181312 127.10395364812575 21.17728441930376 2.6836059706984088 1.6040120027028026 18.299662946839817 1.7327931998297561 713.2753946390003 256.16684904554859 15.388812557561321 126.3673378592357 37.898733720183372 67.150819274131209 6.7335479696048406 6.0321880136616528 14.530467209406195 569.00657016597688 12.616423072759064 55.029759027063847 14.507968660444019 88.454191450495273 451.70167373330332 352.50363777088933 224.36833490873687 24.156772177200764 275.62376645056065 34.059840717352927 65.789537410717458 48.039969858946279 61.703060011263005 70.641340779606253 78.939366482198238 37.241150050424039 33.793068305007182
leaf_count=259291 89256 280 3077 9904 3905 8487 1946 6951 31102 45811 8160 448 3589 915 698 7897 691 3226 365 14275 3289 276 536 19305 53456 1378 329 641 107314 7958 4427 339 167 713 247 4641 2335 266 2616 597 3607 401 380 126 6492 1069 391 208 4138 18863 5193 4566 1076 12328 301 1554 1949 919 3822 467 557 6633
internal_value=-0.000145011 -4.10499e-06 0.00175047 0.00132148 -0.000714873 0.00758162 0.00437003 -0.00515517 0.00651293 -0.00270872 0.0142313 0.0240005 0.0375103 0.0445717 7.04015e-05 0.0120451 -0.00095872 0.017074 0.0367741 0.0132611 0.0258035 0.0674571 0.0320436 -0.00126363 -0.00958511 -0.0172732 0.0129684 -0.0230974 -0.0145694 0.00317703 0.0446904 0.189088 0.0344121 0.0679957 0.231676 0.00655611 -0.000673707 0.0204671 0.00427888 0.015346 0.0329015 0.00957649 0.0890677 -0.00397352 0.000151023 0.0503295 -0.0088527 -0.00131885 0.00299821 -0.0141292 -0.00359797 0.015927 0.0398214 -0.00988496 0.0302631 -0.023443 0.024288 -0.000968094 -0.0107271 0.035068 0.0577092 0.0139719
internal_weight=37962.9 37834.3 15810.1 15431.1 9251.4 1792.54 6179.72 1134.93 5044.79 7458.85 1264.52 562.647 264.151 234.913 1229.9 298.496 190.754 1137.65 184.482 953.167 397.756 73.3949 37.1597 22024.2 1153.28 719.711 116.224 603.487 417.682 433.566 59.3757 3.94554 55.4302 34.2529 3.33681 782.265 5603.01 176.286 555.411 295.954 155.056 79.9166 12.7657 140.898 5346.85 30.9161 1855.84 764.41 675.151 1091.43 512.235 336.979 112.611 338.172 89.0896 579.194 62.5479 127.493 423.145 107.742 75.1399 160.897
internal_count=786144 696888 233355 230278 141964 28113 88314 16855 71459 113851 40357 14287 4952 4504 13826 9335 8588 38411 4403 34008 11449 1177 812 463533 204242 170080 8669 161411 107955 34162 7291 668 6623 2196 414 5339 54638 14857 22559 8284 5542 4388 781 2742 52303 1782 59213 28170 24265 31043 9707 9780 5214 14485 692 21336 2157 2473 9015 747 1154 14591
is_linear=0
shrinkage=0.05


Tree=101
num_leaves=63
num_cat=0
split_feature=2 36 53 14 42 11 41 48 26 36 52 47 3 42 48 48 12 34 52 0 12 17 5 10 41 29 45 31 50 47 41 47 50 17 55 47 24 51 41 48 48 20 51 53 5 55 20 4 36 38 48 29 5 46 45 47 34 54 54 38 36 48
split_gain=77.8877 32.8294 31.2585 34.8212 33.1272 38.9712 38.3992 38.0419 43.0238 34.8837 47.7011 38.9885 40.0528 38.8976 35.3403 33.6978 31.8681 31.3378 31.2202 28.9313 28.9281 28.6971 27.6227 76.9518 42.9109 76.8949 53.2688 47.497 51.6589 39.6715 38.4295 47.826 40.4849 29.3488 27.3643 26.9486 26.494 36.9529 50.9085 32.3763 40.8794 37.1086 29.6249 28.5633 27.4796 26.9259 26.3973 26.3413 26.0003 27.7245 25.6528 56.2671 62.9227 47.3849 33.667 45.5753 37.4851 48.9904 31.1206 29.8098 64.4177 42.3826
threshold=292.93225097656256 199.70588684082034 545.16665649414074 -53.096855163574212 3.8901214599609379 290.81399536132818 1.5168278217315676 -0.48176059126853937 3.3642988204956059 234.41176605224612 36.353063583374031 -4.9458360671997061 244.19974517822268 26.524032592773441 0.9657111167907716 -0.69827961921691883 -35.39985275268554 -0.42608450353145594 4.2768795490264901 290.90032958984381 -19.756938934326168 -47.129571914672844 273.15235900878912 285.59059143066412 -0.52142748236656178 2.5379524230957036 6.0477619171142587 18.845360755920414 205.75521087646487 -0.69097113609313954 1.8368432521820071 -0.31770890951156611 4.1289961338043222 -35.432252883911126 0.91597560048103344 -7.5709824562072745 11.552154541015627 46.128787994384773 23.059545516967777 0.93061417341232311 0.91453474760055553 -20.07082366943359 48.27050971984864 17.208333015441898 221.87969207763675 0.98296290636062633 -51.967023849487298 282.32136535644537 223.82353210449222 -1.5294113159179685 0.22238975763320926 11.928644180297853 253.7664489746094 10.223447799682619 10.474720954895021 6.3749313354492196 13.867496013641359 0.78656607866287243 0.98296290636062633 -7.3529434204101554 230.88235473632815 -0.49165731668472284
decision_type=2 2 2 2 2 2 2 2 2 2 2 2 2 2 2 2 2 2 2 2 2 2 2 2 2 2 2 2 2 2 2 2 2 2 2 2 2 2 2 2 2 2 2 2 2 2 2 2 2 2 2 2 2 2 2 2 2 2 2 2 2 2
left_child=1 -1 3 -3 15 6 7 -6 20 10 13 -11 -13 14 16 17 -8 -5 -4 -7 -9 -14 23 30 -24 26 29 28 -27 34 31 -17 -32 -34 -26 -15 42 39 -39 40 -38 -41 43 -18 -45 -46 -25 -30 49 -43 51 52 59 -53 55 -52 57 -56 -55 -35 61 -61
right_child=-2 2 18 4 5 19 9 8 -10 11 -12 12 21 35 -16 22 36 -19 -20 -21 -22 -23 24 46 25 27 -28 -29 47 -31 32 -33 33 50 -36 -37 37 38 -40 41 -42 48 -44 44 45 -47 -48 -49 -50 -51 54 53 -54 58 56 -57 -58 -59 -60 60 -62 -63
leaf_value=0.046985174418486833 -0.040741190584154999 -0.022036788137570998 0.017463497685012319 -0.0026047563896287019 0.019078060851995 0.049790926889957114 -0.0093391472933631019 0.00014655992770578561 0.065115824163806124 -0.0190514666833086 -0.011058533226550211 -0.020650158499082236 -0.025379580792409085 -0.020728715483689375 -0.020640511053312244 -0.018652118794578419 -0.0015948094364920712 -0.028747766848265688 0.002667948211572319 0.0099088939182941042 0.041679873445872956 -0.00018864366754179894 0.0013523728169364951 0.00090413770483728647 -0.0016271863632693257 0.0028966260854502005 0.24839438079045173 -0.016533609516138189 0.024005915444548716 -0.026807737656144366 -0.012551788586379536 0.0094667577184054733 -0.026682428358645302 0.0039520767816581944 0.10892176133526812 0.030725056214384733 0.00099299995557486256 -0.0051619603897072016 0.040863024105676389 -0.031621309511116323 -0.025936147034420376 -0.010876419852613221 -0.015235931373107289 0.033643223679473346 0.010377525275691656 0.043143834750574039 0.054214245436958276 0.1330890925514468 0.050963763325363634 0.046892037498443229 0.0013591804062719772 -0.02697556818295814 -0.018219442940979512 -0.031159237957805275 -0.019239336339472637 0.021713663018061616 -0.013582084039482795 0.10016922509522122 0.02728679264815469 0.01536506791646166 -0.023587795092344897 -0.0038753163683976051
leaf_weight=37.151335544884205 117.63863934238907 187.28488004393876 395.07810807868373 238.63857135607395 537.97059145127423 67.55334140942432 403.43818804901093 1141.6041164770722 27.338342220522463 333.78883779142052 555.93824145849794 261.91940288711339 115.27641678904183 29.074640555307269 148.2089120298624 169.17717800289392 293.83216471597552 220.5896781925112 3655.5311683207983 139.12149087106809 43.522763594985008 5866.105260069482 1347.1185187812662 31.861342625576071 121.64662627072539 772.28297723142896 1.8221867009997357 374.97992398077622 10.719405501382427 716.89362195308786 811.77546616387554 1424.6441725341137 110.59862934425473 2425.4969826345332 5.8677887540543443 203.9699993445538 2420.8501451937482 105.06582871079445 140.328578915447 28.935976598411798 149.63983081653714 54.375372599810362 104.07240707054734 182.8858476690948 936.82721122726798 67.195217527449131 85.627697433694266 11.441227591014465 77.085631500929594 33.605288606137037 6073.2648599816021 404.302729758434 521.23131613875739 32.276783720590174 17.23319118283689 288.05430669826455 539.95019228453748 17.126076922751963 77.376451339572668 348.95485658943653 354.76232623681426 1592.0671489462256
leaf_count=664 95552 58471 3160 3285 6263 3049 4097 12948 162 9873 4130 2327 8097 692 1575 1551 1766 12214 47095 14335 224 107610 31013 3201 9148 48662 66 6957 130 103157 8764 11527 5530 25249 360 2024 17605 710 914 375 1235 399 555 1160 5304 360 3382 422 474 169 56349 4160 12112 332 379 2238 8197 211 434 1904 2124 9286
internal_value=-0.000119643 6.46872e-06 -3.96365e-05 -0.000536988 -0.000417211 0.00138835 0.00107599 0.00801225 0.00310235 0.00010564 0.00288475 -0.0024023 -0.00151217 0.00432573 0.00342097 -0.00178163 0.00413446 -0.0151625 0.00411104 0.0229447 0.00167184 -0.000674137 -0.00145283 -0.000552394 -0.00555655 -0.010174 -0.0216543 -0.0018665 0.00505643 -0.022237 -0.000863799 0.00648206 -0.00172377 -0.0010372 0.00345991 0.0243057 0.00531751 0.00256246 0.0211574 0.000911855 -0.000574667 0.020608 0.0105499 0.0123622 0.0158175 0.0125704 0.0397573 0.080324 0.0297637 0.0111889 -0.000813726 -0.0032811 -0.00173331 -0.0190691 0.00123416 0.00228088 -0.0103597 0.0402788 0.010083 8.67647e-05 -0.00399694 -0.000416301
internal_weight=38010 37892.4 37855.2 33804.6 33617.3 14469.5 14262.9 1750.44 1212.47 12512.4 5935.33 6577.09 6243.3 5379.39 5146.35 19147.8 4998.14 459.228 4050.61 206.675 1185.13 5981.38 18688.6 15325.8 3362.77 2015.65 846.23 1169.42 794.444 844.408 15208.3 1593.82 13614.5 12802.7 127.514 233.045 4594.7 3009.89 245.394 2764.49 2570.49 194.002 1584.81 1480.74 1186.91 1004.02 117.489 22.1606 165.066 87.9807 12692.1 5756.47 5242.51 513.956 6935.63 6361.32 574.309 34.3593 109.653 4721.28 2295.78 1941.02
internal_count=785718 690166 689502 639247 580776 208432 191048 19597 13334 171451 43544 127907 118034 39414 36698 372344 35123 15499 50255 17384 13172 115707 356845 156930 199915 168902 112731 56171 49214 112665 150347 13078 137269 128505 9508 2716 31026 21881 1624 20257 18840 1417 9145 8590 6824 5664 6583 552 1042 568 122975 55601 50675 4926 67374 58587 8787 590 766 38563 13314 11190
is_linear=0
shrinkage=0.05


Tree=102
num_leaves=63
num_cat=0
split_feature=36 17 43 50 2 47 45 36 25 54 41 17 45 48 44 42 5 38 52 5 54 34 48 40 17 39 40 29 48 54 39 29 23 55 38 37 48 23 48 48 15 17 41 48 55 48 45 36 5 54 17 5 41 48 48 11 48 53 17 11 48 47
split_gain=78.3388 34.7863 71.9631 64.2225 44.5386 43.7819 55.3293 38.3252 49.478 34.3985 51.0221 46.4336 55.0999 34.1324 33.6446 33.4581 38.8945 49.1552 37.4137 34.7093 35.7796 32.5424 34.4673 47.9005 66.8548 47.7442 63.1312 45.6009 62.8275 87.4245 87.2371 62.8195 53.6287 48.4124 43.1908 68.5971 42.1848 49.0273 39.4908 39.3388 37.5155 52.4408 43.2586 37.2157 46.705 37.4638 36.9466 39.0173 38.0452 53.0339 34.416 34.0596 46.717 33.9338 33.0978 32.3361 59.6016 32.2967 31.5227 31.4602 34.8628 30.6611
threshold=290.29411315917974 -28.811759948730465 -4.2396392822265616 73.106101989746108 277.18972778320318 1.8975038528442385 -1.3907718658447263 280.88236999511724 -0.28494548797607416 0.78656607866287243 -0.32824517786502833 -33.430528640747063 1.2272853851318362 0.96214216947555553 0.63569831848144542 8.7295074462890643 232.56377410888675 -6.2352981567382804 44.719711303710945 209.49958801269534 0.91597560048103344 3.8880109786987309 0.52739697694778453 27.176460266113285 0.44061279296875006 -5.6702983379364005 18.098022460937504 11.928644180297853 -0.056081563234329217 -1.0000000180025095e-35 -25.587512016296383 4.5004882812500009 -8.3960647583007795 0.37940952181816107 -7.1176528930664054 244.89833068847659 -0.091793358325958238 -9.6628408432006818 0.11755901575088502 0.93061417341232311 -4.9360046386718741 -2.4757156372070308 20.6625509262085 0.80160850286483776 -0.7865660786628722 0.66979008913040172 16.108370780944828 237.94117736816409 224.38174438476565 1.0000000180025095e-35 -7.798686981201171 222.76506042480472 6.7867329120635995 0.96787995100021373 0.9702095389366151 292.09611511230474 -0.74852561950683583 254.45833587646487 1.0000000180025095e-35 285.80342102050787 -0.091793358325958238 -1.986030578613281
decision_type=2 2 2 2 2 2 2 2 2 2 2 2 2 2 2 2 2 2 2 2 2 2 2 2 2 2 2 2 2 2 2 2 2 2 2 2 2 2 2 2 2 2 2 2 2 2 2 2 2 2 2 2 2 2 2 2 2 2 2 2 2 2
left_child=1 2 -1 5 15 7 -7 9 -9 13 11 12 59 61 -6 16 18 -18 21 -20 -21 -3 27 25 -25 26 46 28 29 31 -30 51 -29 -32 35 -33 57 -38 -34 43 -40 -42 -43 44 -27 -46 47 50 -49 -50 -24 52 -23 -41 -52 -10 -57 -31 -54 -11 -61 -4
right_child=-2 4 3 -5 14 6 -8 8 55 10 -12 -13 -14 -15 -16 -17 17 -19 19 20 -22 22 23 24 -26 39 -28 32 30 36 33 34 38 -35 -36 -37 37 -39 40 53 41 42 -44 -45 45 -47 -48 48 49 -51 54 -53 58 -55 -56 56 -58 -59 -60 60 -62 -63
leaf_value=-0.026107904688420121 -0.036519201103619052 0.016325203425588328 -0.01055550175300566 0.0044822726865001074 0.0072536071833255574 0.040381811742385754 0.00098738736309524067 -0.0022506600081776637 -0.025378437891629309 -0.0018157124705193096 -0.020498879949229901 -0.024126499585366831 0.068975298592471868 -0.041236487243291722 0.032200520641068223 0.0041362856938385942 -0.0015680295249891304 -0.014182120320155917 0.038625579688888557 -0.014373008160033566 0.017764308951613999 0.019519740912823845 -0.022915511892537228 -0.010057645854412893 0.040270402825684379 0.068141056330954575 -0.008402813390363249 -0.018305044663344792 -0.0094809406684939427 0.0049905840630075464 0.014764065613756178 0.066215884126851574 -0.021632421803740764 0.046352442608616005 -0.030224316598797148 -0.024715173136834582 0.018669541998985333 -0.037985706470046232 0.028643761657759077 0.056819670981572951 -0.021775528336017813 0.044544533615418123 0.0022030475774849376 0.0011370345667544536 0.037228266075200508 -0.0016560044679787174 -0.020167957030457942 0.076323263135290309 0.05033403638720392 -0.011999495587127769 0.010496820684033936 -0.014274894887242066 -0.0010722590158439907 0.016705378358780991 -0.029345619345828841 0.42327731151735765 0.0013673486300576931 0.023372586864215141 -0.050902982259894126 0.1139526617192463 -0.0071840957148733876 0.0016343508777153727
leaf_weight=314.31659382220823 147.19882446946576 402.16300102300011 633.29186826199293 2836.7605869828258 842.88349426211789 111.06748741911724 451.26562648545951 591.37673787306994 677.33328678831458 197.69483094383031 625.5554178613238 111.54176691919565 39.306184725835919 52.536497181048617 160.96076495340094 5199.786330724135 9095.2609049475286 843.98767513222992 37.492672067135572 729.88258019369096 98.268226303160191 278.17540201265365 86.393368065357208 770.55543993785977 72.166020721197128 51.464128032326698 729.48347747884691 681.2258486840874 354.31249866262078 1124.7079507689923 767.6892638579011 32.120822858065367 191.55963100865483 144.0554164275527 464.97850923612714 58.540688185021281 59.451963402330875 106.74976122379303 126.06140759959817 103.81931026279926 218.85316848754883 66.872904613614082 615.83886332064867 372.54229640588164 112.62015677988529 137.66463321819901 106.86026431340724 38.696522628422827 70.497415415709838 66.134803778491914 1826.1537757813931 325.4909156402573 121.35639712586999 107.11122862994671 53.65666252374649 0.8440765846753483 100.73886398121249 303.41578754037619 42.976515144109726 13.059164248406889 10.894465866964309 2781.9268681136891
leaf_count=12991 125601 2236 22988 85416 13161 1624 12421 28108 98997 1868 21249 874 261 2479 4140 49399 109628 5159 239 4756 540 1684 1064 5137 807 235 6373 6084 2598 6659 4208 255 1090 941 2989 652 424 583 722 488 1316 335 3822 1893 541 704 1392 330 833 788 10520 2048 692 568 537 317 41553 1585 204 259 196 68468
internal_value=-0.000114189 2.77635e-05 -0.00258052 -0.00177977 0.00091099 -0.00455606 0.00876826 -0.00583992 -0.0131546 -0.00359548 -0.0117752 0.00287505 0.0144165 -0.00124129 0.0112537 0.000529241 -0.000323403 -0.00263915 0.00158543 -0.0084293 -0.0105596 0.00235999 0.00183949 0.00505278 -0.00574783 0.0074089 0.00437825 -0.000645734 0.00227152 -0.00176433 0.0115732 -0.0112627 -0.00706846 0.019755 -0.0240688 0.00750115 0.00612142 -0.0177196 -0.000789973 0.017604 0.00309526 -0.000477058 0.00635048 0.0117087 0.0247607 0.0158407 0.00852502 0.00995677 0.0325576 0.0201624 0.00794143 -0.00199765 0.00703298 0.0364495 0.00935957 -0.0214332 0.0048731 0.00889598 -0.014104 0.0047413 0.0588579 -0.000626042
internal_weight=37897.6 37750.4 9549.51 9235.19 28200.9 6398.43 562.333 5836.1 1370.29 4465.81 998.052 372.496 260.955 3467.76 1003.84 27197.1 21997.3 9939.25 12058.1 865.643 828.151 11192.4 10790.3 4705.82 842.721 3863.1 2977.88 6084.43 4184.02 2917.96 1266.06 1323.64 1900.41 911.745 555.64 90.6615 1594.33 166.202 1219.19 885.222 1027.63 901.565 682.712 674.291 301.749 250.285 2248.39 2141.53 175.329 136.632 1966.2 767.999 442.508 210.931 1879.81 778.916 101.583 1428.12 164.333 221.648 23.9536 3415.22
internal_count=786029 660428 400069 387078 260359 301662 14045 287617 168975 118642 24707 3458 2584 93935 17301 243058 193659 114787 78872 5535 5296 73337 71101 32210 5944 26266 21837 38891 25522 17775 7747 8524 13369 5149 3896 907 9251 1007 7285 4429 6195 5473 4157 3373 1480 1245 15464 14072 1951 1621 12121 4628 2580 1056 11057 140867 41870 8244 896 2323 455 91456
is_linear=0
shrinkage=0.05


Tree=103
num_leaves=63
num_cat=0
split_feature=36 13 36 51 49 49 47 37 42 44 41 40 26 48 40 39 40 54 34 48 11 6 48 47 48 36 17 55 49 49 49 48 49 44 34 55 47 49 48 49 49 3 48 49 4 49 11 17 40 39 33 40 34 49 39 48 34 48 41 48 36 49
split_gain=80.0308 33.9569 29.66 27.6506 31.4351 29.1421 25.5415 57.1265 29.4623 38.8649 39.4926 58.0853 43.2657 51.4261 41.4472 40.4973 43.3915 38.9277 38.5968 34.3122 31.4093 36.5579 35.6665 29.6657 28.2377 30.2347 28.6228 29.6223 38.6979 27.8521 50.5572 42.9637 51.4985 34.6173 43.4527 39.5082 40.9183 35.5508 32.2365 36.9894 43.4774 30.7703 28.7825 38.1523 58.5895 57.6543 75.0218 72.9347 38.113 43.1627 44.0896 43.6926 44.3591 35.9681 35.7527 35.2619 31.6628 31.3384 27.2655 26.4591 26.3914 33.0448
threshold=290.29411315917974 -54.675817489624016 199.70588684082034 3.0675393342971806 289.56823730468756 254.46063232421878 8.8935022354125994 262.69790649414068 2.4814987182617192 -0.76698875427246083 1.5168278217315676 -1.7646942138671873 3.3642988204956059 -0.48176059126853937 -1.9804077148437498 -37.901239395141594 -0.52941894531249989 -0.91597560048103321 -0.64541047811508168 0.96787995100021373 289.21701049804693 284.00891113281256 0.92260730266571056 0.61588764190673839 0.15471708774566653 275.00000000000006 -28.811759948730465 0.91597560048103344 263.99104309082037 256.32855224609381 261.09867858886724 0.97297734022140514 247.43756103515628 2.6275386810302739 2.1284575462341313 -0.12940952181816107 1.829152584075928 287.53283691406256 0.48329061269760137 270.26141357421881 272.37759399414068 207.9305114746094 0.96214216947555553 259.93206787109381 237.03786468505862 259.31796264648443 234.69886016845706 -1.2947235107421873 18.098022460937504 -19.56281757354736 11.009481430053713 5.6862564086914071 5.3131453990936288 258.98173522949224 -4.3369648456573477 0.1227008104324341 11.526884555816652 0.83399277925491344 32.560398101806648 -0.72268652915954579 272.05882263183599 266.37236022949224
decision_type=2 2 2 2 2 2 2 2 2 2 2 2 2 2 2 2 2 2 2 2 2 2 2 2 2 2 2 2 2 2 2 2 2 2 2 2 2 2 2 2 2 2 2 2 2 2 2 2 2 2 2 2 2 2 2 2 2 2 2 2 2 2
left_child=1 -1 -3 4 5 -4 8 -8 29 10 12 18 13 14 59 16 -16 -15 -12 20 21 60 -22 -24 26 -26 27 28 -19 31 42 32 -5 -32 -35 36 37 58 39 -38 -41 -37 43 45 -45 48 47 57 49 50 53 52 -51 -31 -50 -53 -49 -47 -36 -10 -13 -62
right_child=-2 2 3 6 -6 -7 7 -9 9 -11 11 19 -14 17 15 -17 -18 24 -20 -21 22 -23 23 -25 25 -27 -28 -29 -30 30 33 -33 -34 34 35 41 38 -39 -40 40 -42 -43 -44 44 -46 46 -48 56 54 51 -52 55 -54 -55 -56 -57 -58 -59 -60 -61 61 -63
leaf_value=-0.023903711998518123 -0.037483594575698366 0.046262203492183587 0.031466016182300542 0.011837339720524191 0.036701259863257216 -0.0082618177227818598 0.031675744836128047 -0.021056392831793381 -0.022672153387660571 0.010678375467883446 0.037782509307395434 0.001062059716943003 0.060860212345405534 0.044751518957954275 0.059426160352039695 0.011475678767044922 -0.033744507996586806 0.052302134221885954 -0.018544435041619241 -0.019156134676126552 0.0093186087367107175 -0.0074107728494115207 0.045595783462608092 0.19638789213163585 0.12570599382807557 -0.00047322346721601603 0.0067566201464958177 -0.040428728679122727 -0.0064106491368749177 0.0039769575157078754 -0.003314083359018739 0.041633343909679918 -0.016140248833125256 0.021735965276548492 0.010935237312180053 0.03756768662878706 -0.030385386808758394 0.056987720695114409 -0.0089422367999638427 0.08651105227214044 0.012146660533013906 -0.0066160274289765704 0.030402720124123778 0.0046950333684705843 0.036518626006424103 0.0063446234130669745 -0.031528348987412663 0.0050406190933040725 -0.015233295773813098 0.028173561212691184 -0.022296287770065967 0.073806032963658952 -0.016279193158091895 0.063102163612589871 0.0084281107099719015 0.025139478565034984 -0.044742580382184698 0.051025807135703719 0.068115364696145181 0.012625428692756161 0.086082043949813641 0.012663370290676693
leaf_weight=147.33568707620725 142.53507861657999 34.835501588881016 47.500253778882325 203.11834317911416 41.902164301136509 1636.6244175385218 176.77376351132989 72.393687329953536 60.431188526097685 1119.3413277771324 32.205656072124839 12424.653718974907 36.687342730350792 49.701085883309133 131.53203349385876 121.67057983484119 13.808320100419222 29.084444963140413 546.38300189562142 213.54420271248091 530.27533392363694 1302.725770942634 32.16134680819232 3.6297646497841916 9.1709260232746619 9.8430232590762881 686.94254927383736 61.089778002351522 800.53027069440577 140.9871745374985 10295.637910950813 40.522933635860682 864.66918488265947 284.51036591560114 337.63211245578714 40.816864237189293 26.251566438935697 56.931694707367569 346.40569216443691 29.671799778472632 58.222160050994717 1138.9237911310047 109.36268895678222 463.18004758097231 210.29808795347344 81.059384856373072 273.47203397029079 57.302515961229801 322.72784578800201 98.469756238162518 150.10688416613266 41.775959003716707 130.49340699613094 31.462605544365942 315.94254020228982 341.34999091923237 72.158929273486137 76.072612062096596 22.219931722618639 437.13232272188179 16.406611524056643 232.70508620562032
leaf_count=41966 125803 659 358 1490 1828 29912 1143 1603 1069 9093 298 130785 255 720 3186 890 1142 203 6548 3755 40968 42331 2219 298 79 420 4093 1151 16047 1578 240748 230 8080 3157 5166 226 491 760 7003 337 884 16791 922 2879 1735 449 2571 356 2665 517 2579 256 665 194 1772 1781 470 357 308 5675 331 4058
internal_value=-8.81427e-05 5.3163e-05 0.000147104 0.00010431 -0.00607695 -0.00714131 0.000402223 0.0163548 0.000290454 0.00164163 0.0010728 0.000131409 0.00697071 0.00615068 0.0168664 0.032758 0.0505743 0.00117427 -0.0154091 0.000740756 0.00103292 0.000565282 0.0125793 0.0608884 -0.000182211 0.0603863 -0.000912189 -0.00682664 -0.00435231 -0.00124237 -0.000696663 -0.00890048 -0.0108183 -0.00206607 0.00342127 0.0008882 0.00892345 0.0202743 -0.00134874 0.0216958 0.0372511 -0.00508735 0.00523756 0.00425706 0.0146322 0.000981782 -0.0127948 0.00508114 0.00588592 0.0123189 -0.00248256 0.020119 0.00283852 0.0147641 -0.00352828 0.0304461 -0.0227074 0.0279762 0.014466 0.00833839 0.00138513 0.0174988
internal_weight=37863.3 37720.8 37573.4 37538.6 1726.03 1684.12 35812.6 249.167 35563.4 18901.7 17782.3 15334.7 2447.62 2410.94 764.574 267.011 145.34 1646.36 578.589 14756.1 14542.6 13976.5 566.066 35.7911 1596.66 19.0139 1577.65 890.704 829.615 16661.8 15553.4 1108.31 1067.79 12637.2 2341.59 2057.08 877.335 416.784 460.551 114.146 87.894 1179.74 2916.22 2806.86 673.478 2133.38 560.065 286.593 1573.32 934.646 322.557 612.089 228.963 172.45 638.67 383.126 129.461 157.132 359.852 497.564 12673.8 249.112
internal_count=786303 660500 618534 617875 32098 30270 585777 2746 583031 275614 266521 231591 34930 34675 11962 5218 4328 22713 6846 224745 220990 177505 43485 2517 21993 499 21494 17401 16250 307417 297617 9800 9570 275871 35123 31966 14949 6234 8715 1712 1221 17017 21746 20824 4614 16210 4203 1632 12007 7570 4351 3219 1182 1772 4437 2037 826 806 5474 6744 135174 4389
is_linear=0
shrinkage=0.05


Tree=104
num_leaves=63
num_cat=0
split_feature=10 52 36 50 4 49 17 43 47 45 54 49 41 49 45 40 7 34 48 54 37 47 29 29 44 52 44 23 49 49 5 49 54 55 55 48 5 21 29 49 34 49 55 48 53 54 52 48 36 49 49 23 46 54 40 48 39 47 37 48 46 48
split_gain=61.6094 34.2107 29.3925 27.9329 33.9633 30.3749 29.0991 48.5806 84.7506 73.8093 47.304 91.62 91.9487 48.1862 41.9805 41.9124 44.1229 40.9665 69.4478 56.1623 52.3911 46.4756 45.6408 43.9825 39.031 38.8897 38.812 38.7072 52.5904 38.4446 120.406 118.214 58.9172 56.2309 68.8003 78.5847 66.5596 52.9009 68.6926 54.0412 64.3388 58.595 76.0016 46.7944 43.0339 41.6577 52.4819 41.2413 58.19 47.4998 119.99 71.2188 78.9052 74.2307 69.3227 61.9488 50.1484 44.8795 42.0886 43.7229 42.0245 64.214
threshold=293.58676147460943 0.70361298322677623 199.11765289306643 222.99001312255862 288.63986206054693 278.00144958496099 -28.811759948730465 -2.9801788330078121 1.3126982450485232 -0.53537559509277333 0.37940952181816107 261.91014099121099 -0.32824517786502833 263.43424987792974 1.2835063934326174 -3.2156906127929683 288.10174560546881 11.526884555816652 0.11755901575088502 -0.91597560048103321 250.22149658203128 -0.49461191892623896 5.5258207321167001 13.62691116333008 3.1649208068847661 68.036495208740249 -6.8961849212646475 -40.540731430053704 284.34808349609381 266.63755798339849 220.15905761718753 263.06666564941412 -0.37940952181816096 0.12940952181816107 -0.7865660786628722 0.86708140373229992 255.50248718261722 -20.296152114868161 24.770523071289066 255.32789611816409 35.834171295166023 256.32855224609381 -0.91597560048103321 0.82493221759796154 212.86110687255862 0.12940952181816109 57.570123672485359 0.9657111167907716 247.35294342041018 268.95562744140631 270.26141357421881 -31.601368904113766 5.3820858001708993 1.0000000180025095e-35 11.980407714843752 0.52739697694778453 -6.9694988727569571 -4.4585323333740225 228.44952392578128 0.95832794904708873 3.0685133934021001 0.2540810108184815
decision_type=2 2 2 2 2 2 2 2 2 2 2 2 2 2 2 2 2 2 2 2 2 2 2 2 2 2 2 2 2 2 2 2 2 2 2 2 2 2 2 2 2 2 2 2 2 2 2 2 2 2 2 2 2 2 2 2 2 2 2 2 2 2
left_child=1 -1 -3 6 -5 -6 7 27 10 25 13 -12 14 -9 15 -13 -17 19 20 -8 23 -21 -20 24 -19 -10 -18 -4 -29 31 32 37 -31 34 35 43 -37 45 -39 40 44 -41 -43 -33 -40 -24 -47 49 -49 51 56 52 53 -32 60 -53 -51 -57 -56 -60 -52 -62
right_child=-2 2 3 4 5 -7 17 8 9 -11 11 12 -14 -15 -16 16 26 18 22 21 -22 -23 29 -25 -26 -27 -28 28 -30 30 47 33 -34 -35 -36 36 -38 38 39 41 -42 42 -44 -45 -46 46 -48 48 -50 50 54 55 -54 -55 58 57 -58 -59 59 -61 61 -63
leaf_value=0.016263023238272275 -0.029926226586724388 0.049786602867188536 -0.029252024119096144 0.0056141553882976397 0.16491390252502303 0.031359269404375605 0.013872299504671318 -0.036665501986444152 0.022818191787374521 0.00083770035150955999 0.045066582046758535 -0.012141385184239777 -0.017737452079076853 8.7935537715436824e-05 0.025949816739935946 0.0030103305698665934 0.20389247230900312 -0.0034760074120733647 -0.016420601601047784 -0.0027722952586474447 -0.024803791967691419 0.0037729838845999807 -0.024688114399420528 -0.024084600804603749 0.03492930794972391 0.077126674842883824 0.040948890678200525 -0.017271510281606894 0.038008581419547285 0.013913923022335876 0.060615381460681309 -0.011179675221047727 0.046713451882470163 0.052939261861337475 -0.044636897246516712 -0.03578534149632874 0.082828582296010644 0.0057076386076819891 0.0077583582612581158 -0.029185651637965711 0.042700032850701043 0.016586834653966463 -0.014104582608380618 0.038943944272665593 -0.052225671048182279 -0.0048784572140993339 0.082027053140330278 -0.043201233446162127 0.03920547717955021 -0.030845470942866493 -0.0035404599405457677 -0.02231400019867336 -0.032389759059613346 -0.034310094581550536 0.035989645279968389 0.037916258427497886 0.017481301636299223 0.0051927171493141083 -0.011573490358160439 0.031969755504593689 -0.022507313304640897 0.016308315922049194
leaf_weight=314.69997226656415 174.56484974030172 29.277315400540829 307.44709495140705 1395.793105918332 6.0059029619442326 14.622759839869103 967.72942580748349 91.139763315441087 371.94369206490228 694.31822214915883 76.750293694087304 597.82701845397241 1725.229095687333 4147.0217756375787 139.38367729389574 466.69353464851156 4.0525923231616607 893.31362335570157 425.85347547137644 4322.1712190025719 493.63489202992059 7280.6588212951319 362.65325785405003 252.15893638879061 71.446694469079375 36.169486014638096 37.206403724150732 150.00665240013041 60.326166122220457 526.78950282558799 160.48568940570112 98.34352275216952 184.99403845518827 24.547097939066589 257.04234977834858 244.83817617991008 12.427451385650782 3436.3282675314695 124.43812271952629 335.10805884934962 110.63083405420184 288.05905583500862 672.90860871784389 88.437181261368096 39.357540611177683 284.77278254786506 18.500840106979012 107.81631308794022 26.733960735378787 428.69798592431471 560.48205790761858 185.58400213439018 36.122017484158278 23.626790579408407 53.552422188222408 119.43052146025002 61.365150049328804 853.98778828606009 1119.5308300852776 60.780993018299341 117.0451491093263 1188.3759613912553
leaf_count=2835 119911 586 15969 13120 388 1623 10516 4083 9037 22315 1945 15595 118151 194191 1442 4420 93 6859 5551 39239 10268 60804 7953 2051 457 334 4157 3601 636 2561 1802 1240 915 349 4328 4204 269 22592 756 2575 880 2179 4998 849 258 5302 226 1830 890 5008 6286 2114 744 519 271 1015 310 6207 11780 679 1169 12575
internal_value=-0.000290964 -0.000153328 -0.000291937 -0.000331305 0.0065554 0.0702428 -0.000603576 -0.00308113 -0.0021636 0.0107565 -0.00411871 -0.00887028 -0.0102639 -0.000702431 9.09829e-05 -0.00316853 0.00739194 0.00021601 -0.00160952 0.00229999 -0.0110647 0.0013348 -0.00032993 -0.00549151 -0.000631847 0.0276313 0.0569537 -0.0179446 -0.00141647 0.000231097 0.00317354 -0.00244324 0.0224386 -0.0214456 -0.02405 -0.012133 -0.0300556 -1.25406e-05 0.00174837 -0.0069147 0.0132418 -0.0111826 -0.00490454 0.0125529 -0.00665487 -0.0132521 0.000423108 0.000486711 -0.0268277 0.00122632 -0.00180381 0.00911304 0.0351774 0.0484338 0.00183087 0.00416026 -0.024794 0.00920763 -0.00736418 -0.0093312 0.00791128 0.0128281
internal_weight=37761.2 37586.7 37272 37242.7 1416.42 20.6287 35826.3 8905.52 8387.74 1102.43 7285.3 3047.14 2970.39 4238.16 1245.16 1105.78 507.953 26920.8 14350.2 12570.6 1710.55 11602.8 12639.6 1216.92 964.76 408.113 41.259 517.78 210.333 12213.8 5815.4 6398.39 711.784 725.636 701.089 444.046 257.266 5672.76 5006.83 1570.5 274.426 1296.08 960.968 186.781 163.796 665.927 303.274 5103.62 134.55 4969.07 3589.83 1379.24 220.234 184.112 3099.77 1159 490.063 973.418 1233.86 1180.31 1865.9 1305.42
internal_count=785810 665899 663064 662478 15131 2011 647347 395969 375763 31686 344077 145803 143858 198274 25707 24265 8670 251378 140819 110559 19635 100043 121184 9367 7316 9371 4250 20206 4237 115633 56675 58958 3476 11239 10890 6562 4473 47719 34238 11646 1894 9752 7177 2089 1014 13481 5528 53199 2720 50479 38078 12401 3065 2321 32760 9336 5318 7222 12730 12459 20030 13744
is_linear=0
shrinkage=0.05


Tree=105
num_leaves=63
num_cat=0
split_feature=2 53 49 41 40 49 38 23 52 49 54 49 49 54 29 36 48 49 41 36 29 49 8 11 49 29 48 48 40 49 53 12 25 48 23 53 49 39 52 48 51 31 49 48 49 54 33 48 17 39 17 23 52 17 41 49 54 52 49 17 53 22
split_gain=67.935 27.5986 32.1892 58.0591 45.8028 35.57 29.478 30.7189 28.965 46.2676 38.9405 36.3063 120.601 79.7419 51.1494 50.5904 56.178 50.7712 50.3496 46.396 57.7448 57.9009 54.4141 41.656 41.0207 39.7192 63.3307 86.8428 50.2449 48.0884 37.1633 36.2976 35.0783 41.5443 35.0444 45.57 34.5557 61.0996 59.5449 55.2041 89.0806 51.5971 41.906 44.7063 41.6044 40.8224 40.7746 82.4617 81.963 46.653 45.8517 39.9678 36.655 35.078 34.5436 34.0755 34.6152 36.5795 33.6861 58.1233 35.3938 33.0675
threshold=292.93225097656256 1089.1666564941409 266.53407287597662 6.8871958255767831 4.3529434204101571 263.06666564941412 -34.588233947753899 -45.664100646972649 6.6415228843688974 254.46063232421878 -0.7865660786628722 286.04714965820318 285.09815979003912 0.37940952181816107 -2.7378983497619624 272.64704895019537 0.68227320909500133 286.64465332031256 26.90389442443848 278.52941894531256 16.001280784606937 287.85705566406256 288.71640014648443 283.21820068359381 288.63154602050787 -0.31980514526367182 -0.46314680576324457 -0.44543808698654169 -0.84313964843749989 285.67515563964849 -8.958333492279051 -53.147569656372063 4.0437030792236337 -0.18589657545089719 -12.098024368286131 27.750000000000004 256.32855224609381 -32.602762222290032 41.616329193115241 0.80160850286483776 50.025959014892585 36.357675552368171 256.94619750976568 0.95489680767059337 254.46063232421878 0.91597560048103344 17.434023857116703 -0.047472476959228509 -4.2366523742675772 -10.694987297058104 -9.1633796691894513 -2.7883545160293575 11.109360218048097 -2.8064270019531246 23.847252845764164 291.16110229492193 -0.37940952181816096 26.358554840087894 289.15274047851568 -32.515556335449212 -2.8749999999999996 -28.515878677368161
decision_type=2 2 2 2 2 2 2 2 2 2 2 2 2 2 2 2 2 2 2 2 2 2 2 2 2 2 2 2 2 2 2 2 2 2 2 2 2 2 2 2 2 2 2 2 2 2 2 2 2 2 2 2 2 2 2 2 2 2 2 2 2 2
left_child=1 8 4 -4 5 -3 7 -5 9 10 -1 12 31 18 -14 16 30 23 19 20 21 22 -13 -17 -19 28 -27 -28 29 -16 -15 -10 -29 -34 58 -36 37 -33 39 41 44 45 43 -38 51 46 47 48 -39 -48 -49 -41 -46 -47 -22 56 57 -23 60 -60 -11 -59
right_child=-2 2 3 6 -6 -7 -8 -9 11 34 -12 13 14 15 25 17 -18 24 -20 -21 54 55 -24 -25 -26 26 27 32 -30 -31 -32 36 33 -35 35 -37 42 38 -40 40 -42 -43 -44 -45 52 53 49 50 -50 -51 -52 -53 -54 -55 -56 -57 -58 61 59 -61 -62 -63
leaf_value=0.051558380659828498 -0.040483879211343277 -0.031824000624095843 0.016911669257459943 0.00029660503679044701 0.036463582407577626 0.028400517522863655 -0.016647380348553502 0.074683426867513295 -0.017017992879789699 -0.020779388010136745 0.00094129837968401602 -0.013666757080105849 -0.0121762330007437 0.03836105681481039 0.044602658885272255 -0.036603584129943564 0.021940977340047012 -0.023752956364944924 -0.029757446684594041 -0.0073786803650251684 0.052034442113620974 0.015976985304865406 0.04535900010038834 0.056486514217621901 -0.0012627270962172026 -0.026717628427186647 0.11285671951659089 -0.024660728630603077 0.089099986843636458 -0.0030140926158264006 -0.034331854673355144 -0.045725594554738187 0.072059218148190871 0.015958459632367909 -0.005451708671661031 0.012389221944133883 0.016500081402583435 -0.022115246177759749 -0.035099744104379819 -0.023757158975106499 0.053965258105483138 0.058847005705560979 0.00070899722804512418 -0.039310630002467171 -0.0053706083587051643 -0.047868453819436267 -0.024598159402041457 0.067539178840079248 0.042713449097824964 0.0068331002083723384 0.020765941218852512 0.044513707869295774 -0.041404306938722213 0.006757510492930368 0.010378996907701513 -0.014288038805758322 0.0043570546337859473 0.033775380827678489 -0.010854305396508772 0.046940644357277565 -0.0060578509741320979 0.093858914137184613
leaf_weight=68.288820276036859 104.15611829300178 55.866165260784328 373.64034601667663 60.481991001113784 190.24501117318869 43.692492279689759 337.94929691497236 18.012105985311791 297.13319894275628 467.42761735862587 85.658016124274582 482.52571101905778 111.03297581954394 18.29557478427887 173.55649280460784 15.595120145473627 54.942289824830368 325.6399118261179 123.69418275356293 736.41996530309552 108.33609441015869 279.53025803458877 42.482948942342773 52.383307852898724 537.23860398831312 76.014084465510678 25.267036257195286 44.391111604287289 42.100683322234545 76.347100000130013 450.82802582415752 92.078370250936132 37.680783668998629 265.65520469209878 836.04175548069179 625.85155317001045 636.15832037851214 170.51262539997697 141.10139278974384 45.594343897886574 41.645614951848984 42.243209652602673 23520.05885003577 38.026603284291923 100.73649580590427 69.94778909906745 175.92522693425417 85.25237169675529 68.278653342276812 358.91614807024598 135.95386891439557 40.462613474577665 235.72288455907255 50.682710260152817 92.06341053918004 106.16593949403614 344.51390133681707 91.823181888554245 99.471039993630257 77.314323038910516 3226.665971056791 30.508199006319046
leaf_count=490 95769 323 4479 895 985 219 2125 153 46259 13056 690 6912 1815 316 2025 239 637 18922 1100 63516 635 4578 2038 3556 37551 2817 333 4195 796 1720 8230 2825 337 5342 5072 3589 4730 1388 1172 274 275 347 321575 553 727 503 1741 522 783 2059 855 315 1910 241 543 1587 5625 1337 10481 966 80810 173
internal_value=-0.000158846 -4.73134e-05 0.00783052 0.00260233 0.022084 -0.00539376 -0.0102363 0.0173662 -0.000279888 -0.00362923 0.0233944 0.000311171 0.000957584 -0.00420501 0.0194717 -0.0134685 -0.0258945 -0.00647273 0.001323 0.00298414 0.0078204 0.00417224 -0.00889048 0.0351305 -0.00975027 0.0242138 0.0148786 0.0233557 0.0385684 0.0300554 -0.0314969 0.000358836 0.0168522 0.0229274 -0.00440935 0.00218618 0.000557046 -0.00601968 -0.00394588 -0.00123552 -0.015804 0.0046054 0.0010613 0.0133521 -0.0226808 0.00255125 0.005882 0.016797 -0.00357849 -0.00350558 0.0387922 0.00834272 -0.0306158 -0.0249174 0.032898 0.0122165 0.0159865 0.0259564 -0.00690025 0.0144214 -0.00792062 0.0487596
internal_weight=37762.2 37658.1 1079.89 790.084 289.804 99.5587 416.443 78.4941 36578.2 5486.72 153.947 31091.5 27198.5 3892.99 852.045 1454.92 524.066 930.857 2438.06 2314.37 1577.95 1377.55 525.009 67.9784 862.879 741.012 449.008 372.994 292.004 249.904 469.124 26346.4 347.727 303.336 5332.77 1461.89 26049.3 1855.05 1762.98 1621.87 464.162 1157.71 24194.2 674.185 422.516 1115.47 994.839 459.998 238.791 534.841 221.206 86.057 336.459 120.63 200.4 852.541 746.376 401.862 3870.88 176.785 3694.09 122.331
internal_count=786031 690262 9179 7652 1527 542 3173 1048 681083 115154 1180 565929 408434 157495 19380 69451 9183 60268 88044 86944 23428 22250 8950 3795 56473 17565 13024 10207 4541 3745 8546 389054 9874 5679 113974 8661 342795 15937 13112 11940 3501 8439 326858 5283 3226 8092 7348 3548 2171 3800 1377 589 2637 744 1178 13300 11713 6088 105313 11447 93866 1510
is_linear=0
shrinkage=0.05


Tree=106
num_leaves=63
num_cat=0
split_feature=2 35 26 25 3 38 35 40 30 22 15 19 49 49 54 0 35 49 39 11 23 48 29 40 35 52 38 3 49 4 40 29 10 48 32 29 5 54 29 49 52 49 51 54 52 49 5 49 36 27 3 49 28 52 5 37 22 51 5 49 49 48
split_gain=63.2497 34.1355 71.8721 38.4668 41.9205 34.0309 30.6386 34.3071 40.7529 44.9854 37.8492 37.9148 33.6949 58.3628 48.9367 30.3239 94.4322 62.7407 51.809 44.0091 42.0291 74.2439 52.7662 100.396 45.0011 37.6764 56.7621 33.1879 32.1472 42.2288 31.3163 31.2018 70.7974 55.3836 65.4296 66.964 60.5943 88.2924 103.241 54.9978 53.0042 80.7597 48.9414 63.1711 56.6904 69.5373 76.597 71.5951 49.4291 46.1032 44.8123 70.9146 75.7876 109.205 48.8193 44.3105 61.4346 42.1579 52.5031 39.8556 100.344 37.7627
threshold=292.69541931152349 -1.6928170919418333 -2.3997435569763179 -2.5685839653015132 277.51686096191412 -48.941184997558587 -0.8988763391971587 -2.5686340332031246 0.11173629760742189 -44.700094223022454 -39.496717453002923 -27.179452896118161 286.31919860839849 284.34808349609381 0.12940952181816109 283.82092285156256 1.3798737525939944 264.55642700195318 -48.533041000366204 285.80342102050787 -39.981685638427727 -0.63968896865844715 3.4783353805541997 0.31372833251953131 13.613859653472902 41.616329193115241 -30.823539733886715 285.58064270019537 289.98133850097662 279.71865844726568 -0.64706420898437489 1.5809564590454104 241.50628662109378 -0.060937255620956414 10.276367187500002 5.6151332855224618 247.76972961425784 -1.0000000180025095e-35 5.0169582366943368 281.42471313476568 41.086523056030281 263.73217773437506 43.73332595825196 -0.7865660786628722 36.042289733886726 278.19204711914068 214.94265747070315 280.31988525390631 230.88235473632815 5.78342628479004 263.85731506347662 265.21868896484381 18.708705902099613 34.799779891967781 230.21923828125003 250.22149658203128 -24.679888725280758 50.025959014892585 273.52867126464849 268.11450195312506 261.33148193359381 -0.12414410710334776
decision_type=2 2 2 2 2 2 2 2 2 2 2 2 2 2 2 2 2 2 2 2 2 2 2 2 2 2 2 2 2 2 2 2 2 2 2 2 2 2 2 2 2 2 2 2 2 2 2 2 2 2 2 2 2 2 2 2 2 2 2 2 2 2
left_child=1 3 -3 -1 -5 -4 -7 12 9 -9 -11 -12 13 -8 -15 18 30 -18 -10 31 22 27 23 -19 28 -23 -27 -22 -24 -30 -17 32 -20 36 -35 -36 37 38 59 61 57 -42 -37 44 48 46 -46 -47 -44 -38 51 52 -45 54 -54 -53 -57 58 -34 60 -33 -39
right_child=-2 2 5 4 -6 6 7 8 15 10 11 -13 -14 14 -16 16 17 20 19 -21 21 25 24 -25 -26 26 -28 -29 29 -31 -32 33 40 34 35 42 49 39 -40 -41 41 -43 43 50 45 47 -48 -49 -50 -51 -52 55 53 -55 -56 56 -58 -59 -60 -61 -62 -63
leaf_value=0.0021248421205581174 -0.037239345935208674 -0.021184745441183699 -0.021758593863547903 -0.0048243159629358032 0.032893001235347767 0.0093730918385320286 -0.0083661145301817102 0.026194956783702275 -0.01997727904865651 -0.025083878736463078 0.013576521049751733 -0.01796472822504484 -0.022832589169412429 -0.027001624270981562 0.026680846737744669 -0.015205360288433931 -0.041988742334305315 0.011754980803533911 0.036900842953944919 0.034885689006779928 0.040908917554531715 -0.026220145391061302 0.012715702401258862 -0.018054580059646313 -0.0013658159284874055 0.063896068233374945 -0.026489847917196149 0.2094420513752486 0.093168255992100851 0.021352015318159539 -0.04277080557242504 -0.0014230259897272963 0.0055307762272066401 0.01047467346263861 -0.01499352477794917 -0.00011511418989704798 -0.0082436893874715551 0.0066805845033771436 -0.024461238672162197 -0.040417791889829358 0.052059327374326995 -0.019543221761394121 0.024590980939437658 0.043080811335292346 0.055879827802016439 0.088749952573787899 -0.039688482490084831 -0.015922030657196717 -0.021452238751786812 -0.03099138910007266 0.0264330824908122 -0.014878864241560864 0.045012417594431017 -0.010296521650550833 -0.025527089744535953 -0.0063778567738896896 0.032660717927148017 0.02655983832045582 -0.021298317034665559 0.0058222908893930479 -0.047080088518879654 -0.011254089610413189
leaf_weight=676.39723963069264 112.84453451615991 396.17394107126165 175.14139890839579 102.52159657888114 261.76793092803564 913.87394381372724 1252.6958575500757 308.42301746289013 300.12643469567411 100.27407184278127 531.87811879219953 116.06969688460231 271.91676994465524 52.038905290304683 230.46800733928103 258.93497791822301 91.462153206346557 484.12951246683951 164.13214383646846 94.97234472585842 7.6052428372204286 317.74402694369201 739.48256944306195 678.03105369996047 640.34686751232948 31.63310691982042 38.523119818419218 4.7427853111876175 29.57399514853023 66.488813033676706 171.12824649398681 652.38472843542695 3315.2462952283677 1847.5972971981391 665.81572333490476 12114.603274411056 847.89307586103678 2790.8380376771092 736.79174791276455 68.745197317562997 43.549380241893232 411.3485003253445 188.97696590423584 227.04673706088215 22.903198052197695 26.690620243549347 247.93445006385446 42.112708551809192 84.288313496857882 302.09996496746317 414.10847564041615 377.83643282204866 188.69862477853894 313.75911837443709 28.192947246134281 261.86822660174221 163.82445096224546 221.2212729351595 192.96710069244727 824.07100443262607 147.56135785393417 328.0008097589016
leaf_count=12879 104860 7742 72188 830 5268 10085 18569 8789 12891 2542 5111 859 10461 1027 2284 19440 6405 30217 909 1530 138 5840 42115 61836 24500 287 508 395 495 7139 27745 4205 28143 21230 8614 118986 15869 20365 7925 939 253 3868 1122 1851 112 205 2469 381 1170 10400 3704 2314 1134 2321 452 3173 1656 1894 6285 5722 1042 2311
internal_value=0.000138 0.000250153 -3.97343e-06 0.00917949 0.0222783 0.000228017 0.000334995 9.95546e-05 0.000463937 0.0101262 0.00350248 0.0079264 -0.00660986 -0.00373648 0.0167923 0.000147048 -0.00420529 -0.00118655 0.000687681 0.000906388 4.17224e-05 -0.0150558 0.00233234 -0.0056366 0.00860732 -0.018898 0.0142647 0.105641 0.0162505 0.0434614 -0.026174 0.000792208 0.00468816 8.37959e-05 0.00158467 0.000515927 -0.00377377 -0.00160873 -0.00893779 0.00381937 0.00342461 -0.0126884 0.00121827 0.00745935 -0.00656395 -0.0202038 -0.0316068 0.024683 0.010389 -0.0142194 0.0118105 0.00793192 0.0189057 0.00856207 0.0358432 -0.00241598 0.00864583 0.00538999 0.00405506 -0.00189504 -0.00984512 0.00479444
internal_weight=37720.5 37607.7 36567 1040.69 364.29 36170.8 35995.7 35081.8 33274.7 1056.64 748.222 647.948 1807.12 1535.2 282.507 32218 3559.83 3129.76 28658.2 28358.1 3038.3 400.248 2638.05 1162.16 1475.89 387.9 70.1562 12.348 835.545 96.0628 430.063 28263.1 4348.46 23914.6 17216.3 15368.7 6698.39 5548.39 2360.81 3187.58 4184.33 454.898 14702.8 2588.24 612.906 339.641 270.838 68.8033 273.265 1149.99 1975.34 1561.23 757.697 530.651 216.892 803.529 425.693 3729.43 3508.21 1624.02 799.946 3118.84
internal_count=785999 681139 662162 18977 6098 654420 582232 572147 539806 17301 8512 5970 32341 21880 3311 522505 227060 179875 295445 282554 173470 7168 166302 92053 74249 6635 795 533 49749 7634 47185 281024 41352 239672 170894 149664 68778 42509 18894 23615 40443 4121 141050 22064 5459 3167 2581 586 2292 26269 16605 12901 5758 3907 1586 7143 4829 36322 34428 10969 5247 22676
is_linear=0
shrinkage=0.05


Tree=107
num_leaves=63
num_cat=0
split_feature=9 12 47 48 40 35 28 54 40 41 40 31 45 5 45 40 48 28 11 33 50 42 17 11 48 47 45 53 54 10 7 38 39 41 47 50 44 44 35 48 35 45 53 48 47 16 9 47 35 40 25 53 40 33 7 23 10 28 33 23 7 36
split_gain=63.6538 33.9237 77.1068 46.9468 42.5099 64.3534 51.347 63.333 89.2751 111.28 52.2828 46.9266 43.7807 44.0514 46.1041 42.6723 46.2803 65.4952 54.0009 93.0213 44.3982 42.2144 41.6239 40.2799 45.2787 42.0433 51.151 38.8743 47.1331 67.0506 38.6782 55.6968 47.4159 38.3968 38.0969 37.9531 37.461 36.8129 36.4238 58.0017 39.6089 36.2317 35.9238 35.2097 38.978 34.6338 33.9274 52.7855 33.0513 62.0241 58.5859 37.1206 32.7275 30.4736 30.005 56.6863 36.6336 32.2449 29.2205 29.0024 30.9872 39.1965
threshold=294.54258728027349 -35.032426834106438 -5.5953731536865225 0.95832794904708873 13.843116760253908 18.302968025207523 11.305820465087892 -0.6035533845424651 -0.52941894531249989 1.5168278217315676 -2.7254943847656246 12.546009063720705 0.14193153381347659 273.52867126464849 6.0477619171142587 0.56863403320312511 0.18936437368392947 3.4009666442871098 274.34906005859381 5.3379747867584237 150.68162536621097 16.19577789306641 -35.926530838012688 280.45155334472662 0.31050783395767217 0.36737355589866644 -3.5574932098388667 224.02777862548831 0.12940952181816109 282.87278747558599 287.02401733398443 -46.352943420410149 -52.678287506103509 5.5490233898162851 -4.2558701038360587 44.057172775268562 0.56628799438476574 3.1649208068847661 8.8607130050659197 0.49749177694320684 8.5501890182495135 -4.022106170654296 182.25000000000003 0.6928243637084962 -6.9151558876037589 -31.602724075317379 285.84252929687506 -0.39258989691734308 -1.6928170919418333 -3.2156906127929683 -2.5685839653015132 1089.1666564941409 5.8627319335937509 24.256022453308109 283.19827270507818 -44.683115005493157 278.99809265136724 4.701892852783204 -0.4162906259298324 -43.996652603149407 284.48193359375006 274.41175842285162
decision_type=2 2 2 2 2 2 2 2 2 2 2 2 2 2 2 2 2 2 2 2 2 2 2 2 2 2 2 2 2 2 2 2 2 2 2 2 2 2 2 2 2 2 2 2 2 2 2 2 2 2 2 2 2 2 2 2 2 2 2 2 2 2
left_child=1 2 58 4 5 6 7 10 36 -10 -4 12 30 14 42 -11 18 -18 19 33 23 27 53 24 -19 -25 -27 -3 29 41 31 -12 -32 45 -30 -8 48 -36 40 -40 54 -29 -14 -43 -45 -17 -38 -48 50 -50 -9 -51 -41 -6 55 56 -33 -57 -1 -52 61 -61
right_child=-2 21 3 -5 22 -7 35 8 9 15 11 -13 13 -15 -16 16 17 20 -20 -21 -22 -23 -24 25 -26 26 -28 28 34 -31 32 38 -34 -35 37 -37 46 -39 39 52 -42 43 -44 44 -46 -47 47 -49 49 51 59 -53 -54 -55 -56 57 -58 -59 -60 60 -62 -63
leaf_value=0.050199151878282139 -0.041117438457714345 -0.0006024522712192123 -0.016074205859107991 -0.02325021799961207 0.0046108244086398454 -0.017411035465442766 0.00055277901135754683 -0.0019683859007621793 -0.04680194518357144 0.0041932273751962837 0.11961380445566711 -0.011390797145363219 0.029628555680122012 -0.016117792907246371 -0.02758471222319497 0.10368204744671504 -0.035134853546814303 0.028067025483709304 -0.031994954477836283 -0.021160590645892204 0.024400115547498397 0.011629860791389128 0.021414892424139596 -0.011107944439681524 -0.024128015255363844 0.12119406745839363 0.009453530858879601 -0.013327923024034011 0.0369624240043636 0.058709460669503444 0.045716069759423307 0.16738547701963244 -0.0026357736599977302 -0.0026651995110568514 0.0055596818995347578 0.023119752762539653 0.0083628690567925899 0.024459797607727866 -0.017559550932307454 -0.005943884964811845 0.098661206065712881 -0.0023554936354718021 -0.0043423939912782209 0.061679094711934793 0.0071023624501361854 0.029050256231380633 0.21732666380845247 0.035110622888852375 -0.016092940901645557 -0.00076674135739597028 0.054927486709513085 0.029027018837079102 0.062745517026837658 -0.035733903532844384 0.010843012451103513 0.030170451734257919 0.06121240151071921 -0.029649005243358968 -0.027828943708956583 -0.012467556649821791 -0.020291953570397002 0.050892512253406012
leaf_weight=12.433998247608541 94.4566573802731 17210.598024744773 256.29827311739791 242.33961344539421 242.57857486617286 621.00177708815318 373.68272478762083 412.58625867671799 197.17044325778261 577.09030382812489 14.592413685750214 277.08362573891645 224.0141095975996 252.38431001763092 66.761564208660275 23.206325811333954 165.53552633011714 47.142252174671739 455.34801482927287 343.83530566329136 144.33749395993073 909.39194903336465 402.72676564659923 354.12529456662014 350.29047326813452 10.500739828916265 415.19581033161376 487.91239701025188 113.70494582504034 48.209713098825887 58.909059309866279 9.6109295384958369 364.00635945651447 53.028592199087143 2574.4811529479921 371.57084847224178 447.14400385692716 286.28851252701133 128.41046622395515 27.236582665704191 18.897720152512193 2136.0764541300014 119.25087800435722 33.822846937924623 998.58897712174803 47.086856273934245 4.2534910868853322 60.59241595614003 720.98326195642585 2478.1283866502927 75.584170059417374 109.15008161496371 47.729266572743654 57.994622994214296 222.27845872985199 243.4590215831995 52.526748707983643 24.824746339581907 342.52997112623416 35.888251341879368 40.723784108646214 76.314532842487097
leaf_count=107 82927 149096 6535 10379 4114 11031 12194 9092 38612 26021 208 7192 6272 26527 1727 259 25103 739 38403 8761 2940 7527 3922 24731 7549 158 32648 3569 761 437 13677 197 29129 588 19424 7148 5427 2389 2800 542 378 16000 2582 265 7640 412 290 2972 18216 79583 1930 1266 741 563 5410 2712 1272 585 9998 290 1392 705
internal_value=-0.000123461 -2.02572e-05 -0.00211949 -0.00145993 -0.00102435 -0.00175911 -0.000859024 -0.00179774 -0.00402506 -0.0104208 0.00527307 0.0078155 0.0106539 0.000316878 0.0104329 -0.00801912 -0.0109439 -0.00548628 -0.0197419 -0.0077985 -0.00177266 0.00105652 0.0109064 -0.00498157 -0.0179368 0.001621 0.0122099 0.000654031 0.00389173 0.000128083 0.0163013 0.0228371 0.00409929 0.0294565 0.00857922 0.0118043 0.00053936 0.00745109 0.0210149 0.0028424 0.0274807 -0.000644314 0.017827 0.00130882 0.00889035 0.0536889 0.0132644 0.0470629 -0.0011103 -0.00312385 0.00928027 0.000490175 0.0377893 -0.00317356 0.0250469 0.034602 0.0776344 0.0246353 -0.0250957 0.0295902 0.0170672 0.0306267
internal_weight=37613.9 37519.5 12720.4 12365.4 12123.1 11419.8 10798.8 10053.5 7645.24 3183.89 2408.27 2151.98 1874.89 662.411 410.027 2986.72 2409.63 1487.13 922.505 467.157 1321.59 24799.1 703.3 1177.25 397.433 779.822 425.697 23889.7 6679.08 3704.61 1212.48 789.566 422.915 123.322 2974.47 745.254 4461.35 2860.77 774.974 203.376 571.598 3656.4 343.265 3168.49 1032.41 70.2932 511.99 64.8459 3949.36 3308.26 641.097 2587.28 74.9658 300.573 552.7 330.421 62.1377 268.284 354.964 228.511 152.927 112.203
internal_count=786064 703137 496029 485924 475545 466946 455915 436573 328087 206924 108486 101951 94759 37108 10581 168312 142291 93868 48423 10020 68765 207108 8599 65825 8288 57537 32806 199581 50485 27911 57651 14845 42806 1259 22574 19342 121163 21813 14637 4083 10554 27474 8854 23905 7905 671 8689 3262 112474 99065 13409 80849 1283 4677 10176 4766 1469 3297 10105 4317 2387 995
is_linear=0
shrinkage=0.05


Tree=108
num_leaves=63
num_cat=0
split_feature=9 36 42 16 17 54 49 45 44 46 54 49 49 34 29 25 42 11 35 48 49 46 28 49 49 11 48 22 40 46 49 45 53 49 17 29 35 51 28 35 29 35 40 49 48 33 4 16 11 28 54 49 6 46 4 53 49 40 49 38 48 49
split_gain=56.6395 27.1866 27.8414 34.9351 46.7429 33.5515 32.9014 60.7848 54.1174 48.3602 42.3801 63.7193 74.2203 46.8325 35.9159 31.9996 28.4579 39.039 36.4206 35.6545 35.7175 32.4298 32.5024 27.3769 39.5068 53.9816 52.17 54.6977 37.3424 33.0455 32.3104 30.4104 27.2113 32.0718 32.8629 40.5763 35.5387 35.2179 29.6658 29.0424 73.9901 31.5251 39.2682 29.7039 67.309 38.7313 41.7417 28.8826 28.483 30.0225 28.008 35.1551 67.3104 38.6668 42.1213 35.6057 36.0897 34.9009 33.6614 53.7856 37.1609 34.5779
threshold=294.54258728027349 199.11765289306643 9.9098663330078143 -46.273460388183587 -45.287057876586907 -1.0000000180025095e-35 269.73658752441412 -12.899168968200682 -5.9198951721191397 5.1165428161621103 0.78656607866287243 264.80390930175787 263.43424987792974 -0.23787859082221982 6.0852251052856454 12.357468605041506 28.639678955078129 288.51582336425787 14.686331272125246 0.8994269371032716 289.84396362304693 0.75904893875122081 8.5729265213012713 284.16561889648443 274.13537597656256 269.41944885253912 -0.32840815186500544 -48.776727676391594 1.254905700683594 6.6091613769531259 269.97990417480474 -2.939740657806396 137.81944274902347 254.46063232421878 -4.2366523742675772 3.3729181289672856 7.8498969078063974 8.0063235759735125 31.029472351074222 -1.516543924808502 -2.7378983497619624 -0.42913483083248133 -1.6078414916992185 286.08425903320318 0.1492651700973511 23.775072097778324 284.97825622558599 0.42283630371093756 287.27018737792974 -3.1709814071655269 0.37940952181816107 283.36277770996099 274.50080871582037 3.0685133934021001 278.61642456054693 218.79166412353518 265.21868896484381 -0.94118499755859364 269.73658752441412 -6.7058792114257804 -0.50708106160163868 268.64752197265631
decision_type=2 2 2 2 2 2 2 2 2 2 2 2 2 2 2 2 2 2 2 2 2 2 2 2 2 2 2 2 2 2 2 2 2 2 2 2 2 2 2 2 2 2 2 2 2 2 2 2 2 2 2 2 2 2 2 2 2 2 2 2 2 2
left_child=1 -1 32 -4 5 -5 7 -6 16 10 -9 12 14 -13 -12 -16 17 19 -18 20 23 22 -19 24 26 -26 30 31 -29 -30 -8 -28 33 34 35 -3 -37 -38 -35 48 -41 42 -42 50 -45 46 -46 -40 49 -34 -43 52 55 57 -55 -52 -57 -54 59 61 -60 -58
right_child=-2 2 3 4 6 -7 8 9 -10 -11 11 13 -14 -15 15 -17 18 21 -20 -21 -22 -23 -24 -25 25 -27 27 28 29 -31 -32 -33 39 38 -36 36 37 -39 47 40 41 43 -44 44 45 -47 -48 -49 -50 -51 51 -53 53 54 -56 56 58 -59 60 -61 -62 -63
leaf_value=0.049464252626277856 -0.039606568355478142 0.04612363831201434 -0.012955848008838601 0.12350928741371825 -0.027441642279824915 0.0068909321677390308 0.05291327130718592 0.0072912604223786719 0.022856226222114001 -0.016396249102535225 -0.024716323892920097 0.035374530949574483 0.078649874881958806 -0.043122885769765466 0.076010039303707339 -0.0031018982803318533 0.012052484338462852 -0.0076492636952715286 0.063174339661168435 -0.02051619803423449 -0.036903149979257581 0.050460786038328209 0.095583393012211526 0.013156814640982173 0.010807596903276408 -0.013017939959176474 0.13868194988307128 0.03720837787175562 0.0011737222057361515 0.055246427837964268 -0.012069750645106226 0.016457385037111489 0.0043172038025283081 -0.0019639499179116898 0.021450724261469309 -0.07450636041979003 0.034400852584325924 -0.027573803382075848 -0.018229924529791424 -0.024911350705815381 0.0099588992152357166 -0.00057319723998080737 0.07687396332660025 -0.021431753784026175 0.010093858453304225 -0.021730261190598284 -0.019715953215826552 0.020693521591250156 -0.028957062028942521 0.027598065009032807 -0.00086420728057429435 0.023020161619898311 -0.0032707479848131946 -0.007033552536764149 0.038775848721270233 0.016855274040278059 0.014970632631227228 -0.030358444892499406 -0.035423089107538781 -0.045835680408265377 0.012558494815804851 -0.022057749327126216
leaf_weight=27.769201327115297 90.438253492291551 29.053378655808046 329.44424654101022 13.955420105252417 197.38405598280951 11.052163305226712 20.592548037879169 1779.5879871826619 447.63461006851867 330.64042226877064 92.354051818605512 21.722453897818923 31.698572188615799 151.66441580560058 20.393912809900939 34.246034432202578 285.07183652836829 66.709607577184215 39.690305206924677 175.33659314224496 55.380207479931414 75.892876647412777 8.6086080083623511 583.51404798729345 349.83106909226626 741.96629930660129 14.493892860598864 140.54205319657922 294.1511212810874 31.257500790059566 269.06459275167435 7.843013606965541 311.914541461505 16180.139733391232 284.21420847065747 23.761893970891833 34.616969538852572 67.85956625349354 458.89687779825181 280.27678268007003 531.72591893334175 6666.8780543817556 22.867589021101594 482.99748597689904 731.52424981462536 156.18141747731715 139.89039953640895 53.183501370251179 40.118816570611671 249.05147879291326 1073.3019516854547 244.83323228667723 212.13837726495694 178.91171826748177 69.740702144685201 1062.3448701770976 173.69474150799215 270.59676278184634 42.754806473851204 76.820178635418415 718.36747212475166 98.972762706689537
leaf_count=583 82735 192 19893 291 3453 289 194 20572 3426 4379 701 127 364 2264 233 370 3711 2181 510 3083 800 1952 186 6983 3191 12917 441 998 3857 314 3072 211 3753 350379 2143 135 291 642 4084 7329 6663 92394 186 30516 11495 1294 22800 494 3569 2292 9660 6304 6199 2664 1794 7161 1760 18016 427 442 5984 966
internal_value=-8.51753e-05 9.84113e-06 -2.66934e-05 0.00291605 0.00374705 0.0719695 0.00347483 -0.000744372 0.00658544 0.00139574 0.00415543 -0.0116946 0.00925808 -0.0332885 -0.00570594 0.026426 0.00428054 0.00267462 0.0183003 0.001282 0.00280555 0.0273933 0.00414987 0.00370194 0.000751233 -0.00538382 0.0093614 0.019334 0.01567 0.00636774 -0.00744992 0.095766 -0.000655931 -0.0019879 0.0113444 -0.00715207 -0.0194133 -0.00663853 -0.00233894 0.000993322 0.000505129 0.00105502 0.012718 0.000533392 -0.00603704 0.00119888 0.00530841 -0.0141874 0.0117425 0.0146532 0.00144486 0.00463116 0.00349928 -0.0102037 0.00581482 0.00658659 0.0102668 -0.0184547 0.00396467 -0.00888129 0.00986321 0.00153008
internal_weight=37707.6 37617.1 37589.4 6621.72 6292.28 25.0076 6267.27 2659.69 3607.58 2462.31 2131.67 352.079 178.693 173.387 146.994 54.6399 3159.95 2835.18 324.762 2683.97 2508.64 151.211 75.3182 2453.26 1869.74 1091.8 777.945 488.288 465.951 325.409 289.657 22.3369 30967.6 17131.7 439.506 155.292 126.238 102.477 16692.2 13835.9 13234.8 12954.5 554.594 12399.9 1510.59 1027.6 871.415 512.08 601.085 560.966 10889.4 4222.48 3977.64 731.388 248.652 3246.26 2172.95 482.735 1110.61 349.488 761.122 272.668
internal_count=786309 703574 702991 100963 81070 580 80490 32463 48027 29010 24631 4059 1668 2391 1304 603 44601 40380 4221 36061 32978 4319 2367 32178 25195 16108 9087 5821 5169 4171 3266 652 602028 358360 3403 1260 1068 933 354957 243668 234054 226725 6849 219876 66105 35589 34295 4578 9614 6045 153771 61377 55073 28673 4458 26400 16740 24215 9579 3168 6411 2726
is_linear=0
shrinkage=0.05


Tree=109
num_leaves=63
num_cat=0
split_feature=2 38 35 4 54 45 54 24 49 47 49 36 29 52 54 29 23 16 48 41 54 49 49 49 39 48 55 48 29 36 52 49 37 49 48 15 55 49 49 49 29 41 49 48 54 49 49 49 49 49 39 34 48 42 48 39 39 55 47 48 38 48
split_gain=49.1464 24.9745 25.5987 24.4371 62.1193 32.2393 40.2518 35.437 29.2105 27.8598 27.3165 50.2199 61.9284 54.7245 47.8054 40.5186 34.0616 29.8261 29.5459 66.7299 61.3406 58.8112 57.7341 105.928 93.6788 61.8976 59.3311 84.8318 60.3351 56.0138 82.5597 53.6089 53.2638 60.5583 117.173 127.36 68.6569 64.1724 234.691 83.652 64.9812 86.2489 101.123 114.862 64.2825 68.8794 62.6685 62.1355 66.8599 62.0433 74.8411 60.7731 76.8935 58.2319 65.432 58.1045 55.4982 54.1769 56.6127 51.5918 53.2645 51.4441
threshold=292.93225097656256 -49.411766052246087 -2.3315186500549312 207.11548614501956 0.91597560048103344 12.60835647583008 -0.37940952181816096 13.552688598632814 272.01187133789068 8.8935022354125994 254.46063232421878 221.47058868408206 2.6333522796630864 14.06256675720215 -0.7865660786628722 31.354249954223636 -1.2585433125495908 0.42283630371093756 1.0000000180025095e-35 13.920842647552492 0.12940952181816109 274.13537597656256 270.26141357421881 269.27120971679693 -6.9694988727569571 0.8994269371032716 -0.6035533845424651 0.64702248573303234 7.9045171737670907 227.94117736816409 95.494766235351577 268.95562744140631 246.47785186767581 275.89672851562506 0.10494250059127809 -32.674219131469719 1.0000000180025095e-35 276.75975036621099 277.24395751953131 277.57534790039068 4.2855558395385751 23.059545516967777 278.97543334960943 0.42884278297424322 0.37940952181816107 276.13734436035162 279.70571899414068 271.74914550781256 275.10462951660162 275.10462951660162 -31.876543998718258 9.101048946380617 0.53731119632720958 4.7096710205078134 0.31050783395767217 -17.941901206970211 -31.876543998718258 -0.91597560048103321 2.7723121643066411 0.20595771074295047 -28.588249206542965 0.51866769790649425
decision_type=2 2 2 2 2 2 2 2 2 2 2 2 2 2 2 2 2 2 2 2 2 2 2 2 2 2 2 2 2 2 2 2 2 2 2 2 2 2 2 2 2 2 2 2 2 2 2 2 2 2 2 2 2 2 2 2 2 2 2 2 2 2
left_child=1 2 -1 4 8 9 -7 -8 -3 10 11 -5 -13 14 -14 16 18 -17 19 -12 -21 -22 23 26 -25 29 27 -20 -29 30 -24 -30 -31 34 35 -34 53 44 -39 -40 -41 42 43 -42 45 -35 -44 -37 -49 -38 -51 59 -53 54 56 -56 -36 -55 -59 -48 -61 -45
right_child=-2 3 -4 5 -6 6 7 -9 -10 -11 15 12 13 -15 -16 17 -18 -19 22 20 21 -23 25 24 -26 -27 -28 28 31 32 -32 -33 33 37 36 47 49 38 39 40 41 -43 46 61 -46 -47 51 48 -50 50 -52 52 -54 57 55 -57 -58 58 -60 60 -62 -63
leaf_value=0.077669389367324093 -0.0368226838246066 0.030931244896901036 -0.023735565821723814 0.022822086295719954 -0.026528821725302694 -0.022717812653819201 0.01012364819186639 -0.014475855556757185 -0.014434708223474585 0.020165613222051015 -0.00078328880481511206 0.064681829735549742 0.036078640916852492 -0.031712423546290079 -0.012202968680142203 -0.017201741551030301 0.021002019832386126 0.032555802508193558 0.039193802732939202 -0.030863047207653 0.0035674662177054236 -0.056962000601957198 0.019388203844298995 -0.031735623956615153 0.013125628920630756 -0.0072686482825348384 -0.0045457215624156331 -0.027818099953138151 0.004349140324728099 -0.012169973832075133 -0.046604630133487819 -0.04200508485331321 0.084828607623522873 0.036641640837170225 0.055273922460016792 0.069921994982305669 -0.036087561034595809 0.12433804229714931 -0.039249924618534798 -0.0053444532140992261 -0.027164761234636937 -0.010610506416849901 -0.035172621952044444 0.086518525586198033 -0.050269105809423779 -0.022550612856873625 -0.018556756145533117 -0.036495952001173129 0.053691916968220038 -0.015646386792331303 0.10684843874830328 -0.013225595514036731 0.012464942800541267 0.06306977053902528 -0.01095595109208003 0.066520994631930744 -0.001948095852581243 0.012867321082179412 0.071253913366017302 0.028797549384250255 0.086628244233848337 0.03132874449345964
leaf_weight=6.4858812419697633 90.566819980624132 237.38249875977635 153.88977654057089 367.35599954985082 77.188593097031116 345.082957518287 317.63831246783957 271.56837847083807 41.718911826610565 174.76451259339228 15586.502309130912 31.22571624640841 87.232120981439948 150.85257792333141 124.35691439558286 476.58908471465111 194.86505881696939 32.149085327982903 163.975464963587 361.19475908903405 379.64038973022252 44.873068539425731 1031.7408443428576 486.09675524325576 152.99587894976139 1026.153199718392 3787.0086546455277 157.50341853220016 4318.2553238674882 467.99162645637989 49.674878180027008 63.287315113469958 111.5111525755492 72.478222953737713 91.994966582220513 34.193463141098619 146.50098049908411 40.129994465620257 114.7928666183725 1283.8262170891976 44.28526397049427 504.38949515810236 77.80380949418759 99.458896020893008 109.03304400318302 152.67781403270783 39.406540556345135 66.338973332196474 29.772561274468899 36.722795884590596 18.880255432799459 362.52104105055332 1481.7441244532238 76.14899071957916 471.24537496705307 25.509360287338495 78.557080507278442 478.38984716089908 45.462674140464514 152.75049525272334 53.854052876820788 73.373589755909052
leaf_count=122 95927 1959 70156 3026 794 5049 2648 4274 224 1369 275412 245 609 1335 1052 4026 1282 267 1745 6219 3927 816 5368 8354 733 28422 44340 5972 42502 2927 328 932 1714 1757 1610 247 3264 481 3161 61906 699 5482 1622 1164 2497 3549 635 494 183 738 184 6175 34152 829 10926 146 708 8132 416 8338 754 1486
internal_value=-3.451e-05 5.42406e-05 -0.0196346 0.000138712 0.0131708 1.33031e-05 -0.00915675 -0.00121439 0.0241501 0.000250695 0.000153789 0.0095258 -0.0028818 -0.00870267 0.00770216 -4.90978e-05 0.000156601 -0.0140574 3.86921e-05 -0.00149998 -0.0157174 -0.00283078 0.00143215 -0.00136546 -0.020996 0.00428596 0.000112249 0.00386298 0.00258664 0.00578243 0.0163568 0.0036796 0.00411103 0.00530646 0.0133513 0.0456035 0.00804364 0.00235387 0.0039838 0.0028575 0.0040157 0.00817435 0.0121467 0.0446796 -0.0187566 -0.0034965 0.00888879 0.0120357 -0.00855837 -0.0190205 0.0259473 0.0105288 0.00741504 0.0123597 0.00219667 -0.00697735 0.0289172 0.0236628 0.0179344 0.0338719 0.0438718 0.0630885
internal_weight=37631.6 37541 160.376 37380.6 356.29 37024.3 934.29 589.207 279.101 36090 35915.3 761.023 393.667 362.442 211.589 35154.3 34645.5 508.738 34450.6 16372.2 785.708 424.513 18078.4 9129.12 639.093 8949.31 8490.03 4703.02 4539.05 7923.16 1081.42 4381.54 6841.75 6373.75 1711.23 241.816 1469.41 4662.53 4328.34 4288.21 4173.41 2889.59 2385.2 217.118 334.189 225.156 2168.08 130.305 96.1115 202.104 55.6031 2090.28 1844.27 1267.31 667.307 496.755 170.552 600.002 523.853 246.011 206.605 172.832
internal_count=785810 689883 70278 619605 2977 616628 11971 6922 2183 604657 603288 6267 3241 2996 1661 597021 592728 4293 591446 286374 10962 4743 305072 104578 9087 200494 95491 51151 49406 172072 5696 43434 166376 163449 29591 2638 26953 133858 126055 125574 122413 60507 55025 3349 7803 5306 51676 924 677 4186 922 50054 40327 22767 13390 11072 2318 9377 8548 9727 9092 2650
is_linear=0
shrinkage=0.05


Tree=110
num_leaves=63
num_cat=0
split_feature=3 49 42 48 42 52 50 48 55 23 49 48 48 35 49 49 49 48 36 38 52 36 48 36 55 17 48 44 45 53 41 46 49 49 34 3 35 54 9 4 35 49 49 48 48 13 49 48 49 55 48 49 48 17 49 49 28 48 35 54 33 28
split_gain=49.2933 23.7025 29.4208 28.422 31.1427 23.4928 23.8669 35.2808 28.1849 40.9041 27.2785 30.7077 27.2724 52.4376 86.4302 59.2501 90.6588 153.533 83.2517 73.465 76.3314 67.3803 56.4379 49.6097 48.9211 79.34 44.7248 44.4531 46.5823 42.8237 42.3537 41.8943 38.7202 124.637 58.1602 65.2092 49.5646 37.6284 42.7611 59.2495 43.6383 35.9996 41.5289 32.4097 31.8267 31.5245 35.4989 89.2818 65.4285 116.791 81.0167 75.081 59.3827 70.8123 57.5284 57.1094 117.655 51.5917 64.4764 75.8579 60.2844 55.7834
threshold=292.90589904785162 292.19032287597662 -8.2926330566406232 0.83848184347152721 -0.24371337890624997 0.70361298322677623 222.99001312255862 -0.74852561950683583 0.37940952181816107 -11.522881507873533 281.83038330078131 -0.76294577121734608 -0.47515141963958735 1.2226300239562991 268.95562744140631 264.55642700195318 258.98173522949224 -0.53677642345428456 219.70588684082034 -16.17647552490234 22.285098075866703 243.23529815673831 -0.63968896865844715 214.41176605224612 0.91597560048103344 -23.518072128295895 -0.58530998229980458 -1.5336799621582029 4.9188890457153329 224.02777862548831 -0.62865552306175221 0.44727087020874029 269.73658752441412 270.15548706054693 13.027994632720949 241.67658233642581 3.4512126445770268 0.12940952181816109 268.98001098632818 277.34695434570318 5.2325968742370614 255.32789611816409 259.93206787109381 -0.6077212095260619 -0.61567881703376759 -50.921340942382805 270.65731811523443 -0.42832165956497187 261.09867858886724 -0.6035533845424651 -0.39245748519897455 261.33148193359381 0.95832794904708873 -0.99594497680664051 265.41934204101568 272.51168823242193 15.403091430664064 0.2540810108184815 12.785192966461183 0.98296290636062633 32.910820007324226 3.1821107864379887
decision_type=2 2 2 2 2 2 2 2 2 2 2 2 2 2 2 2 2 2 2 2 2 2 2 2 2 2 2 2 2 2 2 2 2 2 2 2 2 2 2 2 2 2 2 2 2 2 2 2 2 2 2 2 2 2 2 2 2 2 2 2 2 2
left_child=1 5 -3 -4 -5 -1 7 10 -8 -10 11 -7 13 27 15 16 17 -15 -18 22 21 23 -17 -21 45 -26 -22 31 -29 -20 -27 -9 -16 -34 35 -35 -37 38 40 -40 -24 -32 -43 -25 -41 -14 47 54 50 52 -49 -51 -50 -54 -47 56 -48 58 -57 -60 61 -59
right_child=-2 2 3 4 -6 6 8 12 9 -11 -12 -13 24 14 32 19 18 -19 29 20 26 -23 37 43 25 30 -28 28 -30 -31 41 -33 33 34 -36 36 -38 -39 39 44 -42 42 -44 -45 -46 46 55 48 49 51 -52 -53 53 -55 -56 57 -58 60 59 -61 -62 -63
leaf_value=0.013713953221354642 -0.042687642808865965 0.15950979352506445 -0.034030084443610463 0.10137281613865279 -0.0060497087456081247 0.010816676841711174 0.011763463900531561 0.036484918719082826 0.0018157400120588545 -0.044459046254602404 -0.032403439956081193 -0.042559848882863877 -0.012087219186244232 -0.065400885979436038 -0.06256114416308442 0.10183439408403239 0.03960969090879754 0.054984632900462849 -0.025064152382270711 0.00016903247501540527 0.02468520574767236 -0.031981333117880886 0.10610029239814744 0.081128742054686231 -0.039818892711409697 0.039668774413865723 -0.034400731330155553 -0.0013908361419248322 0.05243520409315542 0.0064666463156462326 0.026188095360064906 0.011677275614873492 0.14833560442199009 0.0096354081882732562 -0.048473326834659491 -0.0019979928993497892 -0.021351198033008254 0.013477731884905246 -0.0043029638878196224 0.0086791973291623532 0.024555292827692112 -0.043960362399277156 -0.0056881799067922019 0.030136658982561133 0.18328954716022341 0.044096298973249404 0.015759266091117181 -0.063481581219426902 0.0050077347844454763 -0.055613111444963587 0.0014202051787405277 -0.0094186022923010305 -0.026043008914998108 0.048565233909646489 0.0046974195032714675 -0.0015266114641367423 -0.013518482421786463 -0.0180707896575815 -0.032138991269191515 0.026993358545280122 -0.02367424461362911 0.0061875792684472249
leaf_weight=312.17220855568303 67.851801601180341 2.2999499068246214 121.43205267342273 7.8585021531325756 47.698134000238497 111.19464913598495 886.34429343708325 216.91835632512812 481.75173788802931 53.009689599275589 150.70035309024388 35.563542012241669 568.99572667950997 33.173316639848053 31.597573511535302 28.584037629887462 72.595324754714966 131.35352388396859 432.31181642884621 138.11786267906427 41.204817958176136 61.270129688084126 43.695978943258524 36.2460662946105 204.81086139328545 51.385624207556248 143.79462538473308 783.42090391751844 42.369234681129456 143.4058523477288 67.947023935616016 789.95237609226024 12.866952758282421 491.11736558470875 84.031536133959889 660.03395849576918 663.29810718842782 179.12346140202135 51.298194563714787 4.0349818348186091 26.269843591377139 86.889784909784794 384.68979539326392 222.1047178376466 7.3881096930708718 167.36412249784917 1589.6954633373534 48.405451993457973 2538.134192324942 89.58618991880212 7242.7076683084015 4848.0484150353004 286.76792165811639 35.770592510700226 207.55109437101055 5318.2234941358911 437.60169175220653 249.47763666213723 330.87209955789149 64.869817026890814 190.67450809571892 4732.8443649030523
leaf_count=3090 80359 91 13684 190 3685 2623 10019 3481 6288 286 8224 832 111310 381 608 217 468 719 4198 820 241 422 234 186 8013 300 816 27541 283 1090 503 13991 104 2930 1815 28902 17256 2264 729 173 308 687 3231 1424 398 1170 19024 294 30306 1910 58555 66976 5691 216 2979 117803 4437 16640 4409 522 2454 86673
internal_value=-0.000109074 -3.20844e-05 -0.0181685 -0.0204774 0.00914524 5.49847e-05 -6.01531e-05 -0.000313715 0.00629401 -0.00277137 -0.0174614 -0.00211792 -0.00016928 0.00304111 -0.00035491 0.00755206 -0.0024357 0.0307115 -0.0108477 0.0158098 0.00586311 0.0168173 0.0345913 0.0243586 -0.000770657 -0.0130013 -0.0212406 0.00996953 0.00137084 -0.0172101 -0.00370628 0.0170218 -0.00766376 -0.00675623 -0.00780736 -0.00592402 -0.0116985 0.028427 0.0486081 0.0186292 0.0754829 -0.0078374 -0.0127399 0.0372907 0.121612 -0.000434456 -0.000200816 -0.00181685 -0.0024157 -0.00559927 0.000989324 -0.0102567 0.00243971 -0.0177687 0.0222853 0.00173433 0.00943953 0.000299516 -0.00297546 -0.022446 0.00391698 0.0049729
internal_weight=37592.8 37524.9 179.289 176.989 55.5566 37345.6 37033.5 35612.4 1421.11 534.761 297.459 146.758 35314.9 5571.58 3738.92 1795.97 812.84 164.527 648.313 983.133 642.738 457.739 340.395 396.469 29743.3 795.723 184.999 1832.66 825.79 575.718 590.912 1006.87 1942.95 1911.35 1898.48 1814.45 1323.33 311.811 132.687 62.7213 69.9658 539.527 471.58 258.351 11.4231 28947.6 28378.6 15464.3 15089.4 7798.31 7291.11 4937.63 2860.67 322.539 374.915 12914.3 2027.3 10887 5713.97 395.742 5173 4982.32
internal_count=785473 705114 17650 17559 3875 687464 684374 667781 16593 6574 11679 3455 656102 111999 66703 15088 6856 1100 5756 8232 3909 2852 4323 2430 544103 12734 1057 45296 27824 5288 4721 17472 51615 51007 50903 49088 46158 4106 1842 1300 542 4421 3918 1610 571 531369 420059 168097 163948 105099 58849 68886 36213 5907 4149 251962 23461 228501 122734 4931 105767 103313
is_linear=0
shrinkage=0.05


Tree=111
num_leaves=63
num_cat=0
split_feature=8 35 28 45 41 40 54 40 26 36 5 35 49 12 35 50 49 26 49 5 49 49 37 5 42 54 54 40 45 3 27 54 5 0 46 29 49 25 34 38 41 36 28 35 25 23 35 13 53 22 19 23 49 53 55 29 49 36 54 45 3 25
split_gain=51.0897 27.8722 50.9462 46.7989 42.2047 63.8649 54.48 51.058 42.0174 41.5275 49.8085 40.0327 37.8408 30.9501 30.3184 45.226 30.416 28.1721 27.0768 26.678 32.7569 45.534 25.8335 30.4181 30.0444 27.1476 30.4678 29.8268 25.592 33.6872 38.7127 30.4329 33.7646 27.2199 48.7558 101.806 47.3255 44.3274 49.6458 51.7649 44.157 46.448 42.4056 35.2511 43.0751 35.5409 40.3986 44.5483 33.8168 33.4876 41.1257 32.2704 30.6858 35.6418 30.2615 83.9962 44.3858 46.64 46.0116 69.9171 63.9755 47.7766
threshold=294.35989379882818 -1.0316952466964719 -2.071412086486816 -6.3731393814086905 0.11619454994797708 -1.8235321044921873 0.12940952181816109 -1.8235321044921873 -2.3997435569763179 287.35295104980474 290.46449279785162 -1.6928170919418333 280.76860046386724 -34.270801544189446 0.20679100602865222 106.65961074829103 276.94873046875006 6.8456239700317392 263.73217773437506 271.87347412109381 285.28050231933599 276.47534179687506 256.85911560058599 258.71716308593756 -7.5941467285156241 0.98296290636062633 0.12940952181816109 -2.5686340332031246 10.474720954895021 207.9305114746094 21.473575592041019 -0.98296290636062611 229.01564025878909 284.15930175781256 0.48938989639282232 3.0403270721435551 264.55642700195318 0.20216083526611331 0.9148312807083131 -39.058815002441399 1.7879408597946169 278.52941894531256 -0.61228895187377919 1.506657660007477 1.7947168350219729 -52.463247299194329 2.8192918300628667 -50.921340942382805 26.444444656372074 -40.976968765258782 -45.467800140380852 -49.274822235107415 287.98866271972662 449.08332824707037 -0.6035533845424651 7.652031898498536 256.32855224609381 213.23529815673831 0.12940952181816109 -3.8564090728759761 280.38661193847662 12.533596992492678
decision_type=2 2 2 2 2 2 2 2 2 2 2 2 2 2 2 2 2 2 2 2 2 2 2 2 2 2 2 2 2 2 2 2 2 2 2 2 2 2 2 2 2 2 2 2 2 2 2 2 2 2 2 2 2 2 2 2 2 2 2 2 2 2
left_child=1 8 3 -3 5 22 -7 18 11 10 28 -1 17 14 16 -16 -8 -12 -6 20 21 -5 -4 24 -24 26 27 -25 33 -30 31 -31 -33 40 35 42 -36 38 -38 -40 41 48 -35 -39 45 46 47 -45 -9 50 -46 -37 53 -51 55 -42 -57 -58 59 -59 -60 -62
right_child=-2 2 4 19 7 6 13 9 -10 -11 12 -13 -14 -15 15 -17 -18 -19 -20 -21 -22 -23 23 25 -26 -27 -28 -29 29 30 -32 32 -34 34 36 51 37 43 39 -41 54 -43 -44 44 49 -47 -48 -49 -50 52 -52 -53 -54 -55 -56 56 57 58 60 -61 61 -63
leaf_value=0.0044453189911908475 -0.035358138737337723 0.027531702539758996 -0.036570416737641463 -0.016157237480972544 0.0075898192402873146 0.058760994323470053 0.041841314171028904 0.031836613746819807 0.0141799854501066 -0.024985854758034762 0.10550400451260628 -0.018422005556458784 0.023152781917990403 -0.025339167521405664 0.033659459627741244 0.17077640218691362 -0.014118682840060416 0.31600942228871282 -0.011621104970799569 -0.028576958895601592 -0.043233670898554462 0.02727571655048849 -0.0038362617627395166 -0.0060589199543337078 0.031317625259390025 0.015918582772912544 -0.0098538213330775764 0.022086041467943719 0.030104289442943345 -0.040056451576178161 -0.028324393094085045 0.0056302272699773406 -0.012559163974028734 0.0071524899722599069 -0.044111336780808801 0.026120462747141821 0.0081584411255468236 -0.029287539794854146 0.16860997009358847 0.03593638009758067 -0.016939401172525494 -0.032080389222487474 -0.030564373324303465 0.0027423113620984063 -0.0028996864151109173 0.01456042596308791 0.14982695109550223 0.22832537418174353 0.0089774681828821614 -0.017001536320353786 0.01599630009718047 -0.0046254743573994565 -0.038575449001759327 0.035642606990996868 -0.00053074177732528166 -0.0081164235740416295 0.021865841352221471 -0.0073415190580835236 -0.0015800762345216737 0.010688065693162765 0.10115230470971032 0.019805378453863941
leaf_weight=908.34884655766655 101.34653601993341 62.428856646642089 39.033433459699154 166.53376953210682 211.80416572338436 101.94398854178144 43.211828832048923 218.15563578857109 871.65142224240117 163.27597802161472 5.5485581114771803 242.48473945527803 11.560190964839419 40.865469554439187 26.182983885169961 7.8068544154521069 55.430278809915762 2.2274557376513258 1368.5414303591824 299.91664581868099 53.893141204025596 94.636511750519276 90.914924480952322 182.87417243368691 183.3637277954258 248.84939905203646 576.46853342180839 193.98849529214203 60.10482769459486 56.921950958203524 201.46345132216811 570.64311702456325 461.44047383312136 86.593627221998759 58.41689222806599 148.34683571773348 55.016673473990522 97.65693374548573 11.993961938191207 18.99626058829017 493.4925353769213 56.148388624424115 534.63523659523344 17.593435147544373 1102.3863098915317 156.92029349005315 11.049934632144867 2.4994828682392862 626.19252920337021 131.2350355766248 389.75310278136749 200.94672368559986 102.70792968431488 42.584117775782943 17077.220160903409 661.54810672719032 406.44083229824901 636.2700424217619 2917.5447360589169 3471.4695116323419 23.711880573071539 75.58975251019001
leaf_count=16707 92148 422 259 1306 1687 1708 818 1701 10658 111924 615 4668 2723 307 846 113 2124 173 31766 12835 492 713 592 3801 955 4930 11880 2842 323 820 3268 3965 9512 2564 3851 9946 2388 8592 514 287 8929 3111 45956 2445 66345 6804 393 135 5380 2265 10981 6575 2160 434 178670 5680 2480 7262 29434 32039 243 775
internal_value=9.42196e-05 0.000190192 -0.000135833 -0.0137161 0.000128991 0.00760408 0.0297515 -0.000277344 0.0058991 0.000164471 0.000296075 -0.000372908 0.0805196 0.0127061 0.0244283 0.0651528 0.0103955 0.165804 -0.00904638 -0.0179033 -0.00774271 -0.000419064 0.00357877 0.0046402 0.0196652 0.00121224 -0.00262658 0.00842858 0.000246331 -0.00648574 -0.00818995 -0.00446513 -0.00250218 0.000551098 -0.00382958 -0.0131641 0.000290528 0.00150237 0.0366693 0.0872843 0.0010718 0.0119553 -0.025307 3.01089e-05 0.0014933 0.0242437 0.0730351 0.030804 0.0148836 -0.000925759 0.00203602 0.00843249 -0.0169075 -0.0041042 0.000691389 0.00309416 0.00430091 0.00539169 0.00445187 0.00789537 -0.000236786 0.0392299
internal_weight=37538.8 37437.5 35415 677.409 34737.6 1790.93 275.441 32946.6 2022.49 31366.3 31203 1150.83 19.3362 173.497 132.632 33.9898 98.6421 7.77601 1580.35 614.98 315.063 261.17 1515.49 1476.46 274.279 1202.18 953.331 376.863 31183.7 1350.57 1290.47 1089.01 1032.08 29833.1 3169.33 970.522 2198.81 2140.39 86.0069 30.9902 26663.8 900.497 621.229 2054.39 1956.73 188.063 31.1429 20.0929 844.348 1768.67 1492.14 349.294 276.527 173.819 25763.3 8686.07 8192.57 7531.03 7124.59 4107.74 3016.85 99.3016
internal_count=786239 694091 662058 15768 646290 31175 5916 615115 32033 581662 469738 21375 3511 4208 3901 959 2942 788 33453 15346 2511 2019 25259 25000 1547 23453 18523 6643 466227 17888 17565 14297 13477 448339 172635 65041 107594 103743 3189 801 275704 10192 48520 100554 91962 9777 2973 2580 7081 82185 77326 16521 4859 2699 265512 86842 77913 72233 69753 39301 30452 1018
is_linear=0
shrinkage=0.05


Tree=112
num_leaves=63
num_cat=0
split_feature=2 49 41 29 28 20 52 29 17 49 39 52 29 47 49 49 25 40 49 49 55 17 55 29 1 50 53 53 38 49 40 40 41 45 27 17 49 5 24 11 44 45 1 5 38 39 46 53 44 49 49 49 39 49 49 55 39 40 55 42 5 11
split_gain=48.2771 25.1477 50.5448 56.8157 39.4836 47.8311 36.5174 41.4823 45.8418 32.0766 28.7252 45.2985 24.0828 23.7455 23.6484 40.4432 48.0887 30.8987 43.8163 36.5084 23.549 43.7317 23.4127 25.005 24.9804 23.3025 22.246 21.4941 28.0792 47.2149 25.0084 23.5575 26.4548 25.3132 29.8331 23.6078 43.9954 27.8868 56.0441 27.0086 34.7885 26.7533 42.5928 38.9248 25.2932 23.8916 22.9034 31.8609 22.6652 22.5829 94.2378 59.4932 83.7815 65.6278 92.6095 83.8679 64.625 64.2728 70.2355 63.4087 66.9939 136.344
threshold=292.93225097656256 254.46063232421878 33.642942428588874 2.6333522796630864 31.029472351074222 1.0000000180025095e-35 14.06256675720215 13.110123634338381 -4.2366523742675772 255.32789611816409 -2.0842412710189815 18.727226257324222 15.661855697631838 -2.5949630737304683 262.20222473144537 276.47534179687506 37.179399490356452 28.66666412353516 258.98173522949224 256.32855224609381 -0.6035533845424651 1.0000000180025095e-35 -0.37940952181816096 5.1025657653808603 218.40579986572268 106.65961074829103 29.666666984558109 1324.3750000000002 -39.058815002441399 276.94873046875006 -2.7254943847656246 25.823532104492191 33.642942428588874 -4.3777794837951651 25.143560409545902 -46.158905029296868 276.47534179687506 290.27154541015631 0.53796625137329113 291.49861145019537 -3.3457202911376949 -0.026453018188476559 291.02369689941412 287.62977600097662 -40.823524475097649 -55.445165634155266 0.11695766448974611 552.16665649414074 -4.6073951721191397 267.04945373535162 261.33148193359381 268.59339904785162 -10.12708806991577 269.73658752441412 268.95562744140631 0.98296290636062633 -28.334059715270993 11.784301757812502 -0.37940952181816096 7.0202407836914071 238.26190948486331 254.06922912597659
decision_type=2 2 2 2 2 2 2 2 2 2 2 2 2 2 2 2 2 2 2 2 2 2 2 2 2 2 2 2 2 2 2 2 2 2 2 2 2 2 2 2 2 2 2 2 2 2 2 2 2 2 2 2 2 2 2 2 2 2 2 2 2 2
left_child=1 2 3 -1 10 9 13 8 -8 -6 27 22 -9 -5 17 16 -16 18 25 -19 21 -21 -12 24 -24 -11 -18 31 30 -30 -29 35 -33 -34 -35 36 37 44 -39 -38 41 -41 43 -43 46 -37 47 -3 -40 50 -47 52 57 54 55 -53 -55 -51 -59 60 -58 -62
right_child=-2 4 -4 6 5 -7 7 12 -10 14 11 -13 -14 -15 15 -17 26 19 -20 20 -22 -23 23 -25 -26 -27 -28 28 29 -31 -32 32 33 34 -36 45 39 38 48 40 -42 42 -44 -45 -46 49 -48 -49 -50 51 -52 53 -54 56 -56 -57 59 58 -60 -61 61 -63
leaf_value=0.059808465493500287 -0.038402117543737034 0.024920211925814867 0.036461134220378839 0.033542015389014197 0.026780824113059199 0.033053489180445234 -0.024059663478934189 -0.069118356689148189 0.037886880081253335 -0.0023366509774653461 0.019193562358133898 0.028554211766770171 -0.020430622489785367 0.0027108347856519559 -0.014567530077965782 -0.040178623359121313 -0.002014236240648649 -0.055193065618914877 -0.049392452374175902 -0.025545718530368036 -0.045122217951775505 0.025091979832173147 0.027784464465139203 -0.017447349340849645 -0.020029045626999434 0.046170334379107773 0.05760252089664452 -0.036417278401637221 0.014978738944911403 -0.024567581750629425 0.047966690324774658 -0.023297647306339191 -0.03472979020767316 0.059894517400831654 0.00061797722367996173 -0.041788800341161607 -0.023007456950937064 0.37814087728151669 0.10260551078343803 0.011961704664996504 -0.023815300838892921 0.081537997626378644 -0.0030627242410355259 0.35812803545791938 -0.023055256708199939 0.0023445942643544361 0.0042638549164118363 0.15135227949120716 -0.050068404492730006 0.0083123660584895533 -0.0073456530200838857 -0.0013778448597399238 -0.013861611254795818 -0.00090778967459851723 -0.019630198204432858 0.061029854265306875 0.0063790631363378689 0.040388889154758412 -0.015472647387633119 0.012874618985907929 -0.02862286977000926 0.0035828484516630074
leaf_weight=41.416838242323138 81.419588683813345 27.608370966569055 138.00497490912676 85.645894095068797 47.138241937384009 59.485057424753904 55.790235173888505 30.970345965586603 64.269920654594898 134.57955352030694 127.43556164577603 228.28321226686239 141.17341891489923 230.60099138575606 86.396399498917162 50.967056019231677 22.162913536652923 99.710486786440015 44.356886381283402 158.17347685806453 70.74989752843976 58.371912263333797 80.290175624191761 192.20669831335545 41.404479779303074 30.340946042910218 53.231332965195179 10.03021112619899 302.19579890742898 100.60181565908715 70.455616526771337 231.3250852227211 42.513060759752989 24.125157713890076 176.64528207294643 33.752749960054643 424.04198482312495 1.3999117098865088 5.9771647242014287 79.324151167296804 77.581266329740174 3.0136676196707395 5.2923196166520938 2.2010378445265815 77.513887882698327 6113.0384986344725 300.58878841809928 6.0803314854274495 4.0972842289484097 1436.2099942913046 4255.5835851836018 957.86079322500154 337.16851616278291 11965.735782448028 943.58645260584308 57.040126181207597 3030.4420840423554 333.19081655051559 67.702910109423101 1933.7082153330557 477.32152049150318 1054.9816626077518
leaf_count=488 95515 3271 1231 690 259 927 631 270 581 1074 650 1368 936 1827 784 914 238 838 478 1184 432 421 622 1313 262 178 581 140 1627 780 1597 2128 486 181 1483 5519 55905 382 379 14713 51939 246 1441 265 3573 50540 27321 214 3454 18597 57590 10914 1767 288582 13136 431 18214 3112 919 14552 4400 10337
internal_value=5.73395e-05 0.000141193 0.00897933 0.00314333 -4.92946e-05 -0.0103011 -0.00071383 -0.013457 0.00910121 -0.0133133 0.000214099 0.0104722 -0.02919 0.0110605 -0.0156494 -0.00133838 0.010897 -0.0207556 -0.00527773 -0.0291254 -0.0200782 -0.0118958 0.00111926 -0.00621842 0.0115168 0.00658733 0.0400776 1.76718e-05 0.0104891 0.00510174 0.0374507 -0.000129071 -0.0111917 0.000319207 0.00774082 2.5298e-05 -0.00748657 0.0048205 0.0817047 -0.0162939 0.000710842 0.0218925 0.0968659 0.198282 0.00267816 0.0002563 0.00864535 0.0477394 0.0405129 0.000299352 -0.00163256 0.00118589 0.00904867 0.000348709 -0.00835411 0.00212963 0.00127191 0.0132535 0.030955 0.00528668 0.00207088 -0.00644942
internal_weight=37424.5 37343.1 787.873 649.868 36555.2 915.664 608.451 292.204 120.06 856.179 35639.6 669.62 172.144 316.247 809.041 212.758 161.791 596.283 209.277 387.006 287.295 216.545 441.337 313.901 121.695 164.92 75.3942 34969.9 483.283 402.798 80.4858 34486.7 474.609 243.284 200.77 34012 1014.72 423.266 11.4744 591.454 167.412 89.8312 10.507 5.21471 411.791 32997.3 334.277 33.6887 10.0744 32963.6 10368.6 22594.9 2174.27 20420.7 1958.49 1014.9 18462.2 1837.1 400.894 6496.45 4562.75 1532.3
internal_count=784827 689312 6654 5423 682658 8308 4935 2418 1212 7381 674350 4215 1206 2517 7122 2517 1603 4605 1730 2875 2037 1605 2847 2197 884 1252 819 670135 4144 2407 1737 665991 4278 2150 1664 661713 163103 38594 4215 124509 68604 16665 1952 511 34379 498610 30806 3485 3833 493091 108130 384961 24395 360566 24481 11345 336085 22628 4031 47503 32951 14737
is_linear=0
shrinkage=0.05


Tree=113
num_leaves=63
num_cat=0
split_feature=36 17 36 50 45 49 48 51 37 55 35 51 46 49 49 48 49 17 49 38 49 29 48 11 51 48 49 35 49 48 49 49 50 36 7 29 48 49 23 3 48 48 55 49 49 38 17 49 49 48 17 23 16 33 32 48 29 23 49 48 29 49
split_gain=45.9803 31.4912 21.3939 21.3172 28.7236 32.9755 28.5568 35.8023 29.6567 28.7114 49.102 38.3405 42.6248 36.8404 57.7292 82.7143 56.4838 54.4349 50.2889 29.7481 28.4069 37.3904 41.9384 33.3563 40.1162 27.0666 59.2322 57.0308 53.8316 51.9558 50.866 86.8624 90.4329 54.9468 51.9643 54.6273 87.0827 74.2016 68.4013 67.9095 51.237 48.2572 87.9136 49.2487 48.5736 55.3014 46.1157 45.5395 59.7339 97.3283 72.479 62.5448 69.3791 47.4024 44.0641 63.3532 52.6745 69.9734 44.0467 53.3276 44.0083 43.7099
threshold=290.29411315917974 -24.703363418579098 199.11765289306643 222.99001312255862 1.6992340087890627 288.40032958984381 -0.74852561950683583 30.066114425659183 254.31735992431643 0.98296290636062633 12.631475925445558 41.118635177612312 -0.63931655883789051 265.70214843750006 267.78880310058599 -0.49531143903732294 267.93310546875006 -39.424926757812493 263.43424987792974 -48.941184997558587 247.43756103515628 13.110123634338381 -0.45884189009666437 233.60381317138675 25.753327369689945 0.01708924770355225 257.70365905761724 9.9480543136596697 258.72836303710943 -0.043153882026672356 267.04945373535162 261.09867858886724 46.628143310546882 222.05882263183597 274.44673156738287 16.347610473632816 0.14038562774658206 258.98173522949224 -9.0357642173767072 221.35181427001956 0.96787995100021373 0.91809886693954479 -0.98296290636062611 259.31796264648443 256.32855224609381 -1.7647018432617185 1.1571083068847658 274.13537597656256 269.73658752441412 -0.48480302095413202 -1.5885353088378904 -24.102975845336911 -14.131805419921873 18.435933113098148 10.276367187500002 0.66979008913040172 6.0852251052856454 -48.249322891235344 289.56823730468756 0.90872198343276989 6.3849916458129892 266.37236022949224
decision_type=2 2 2 2 2 2 2 2 2 2 2 2 2 2 2 2 2 2 2 2 2 2 2 2 2 2 2 2 2 2 2 2 2 2 2 2 2 2 2 2 2 2 2 2 2 2 2 2 2 2 2 2 2 2 2 2 2 2 2 2 2 2
left_child=2 -2 -1 6 5 -5 7 -4 -9 19 11 12 -11 18 15 -15 -16 -18 -14 -8 21 22 -21 24 -23 26 29 -28 -29 -22 31 34 -33 -32 35 36 37 39 41 -27 54 42 -37 44 45 -44 61 48 49 -30 51 -50 -53 -54 55 -35 57 58 -56 -60 -57 -34
right_child=1 -3 3 4 -6 -7 9 8 -10 10 -12 -13 13 14 16 -17 17 -19 -20 20 25 23 -24 -25 -26 30 27 28 47 -31 33 32 46 40 -36 38 -38 -39 -40 -41 -42 -43 43 -45 -46 -47 -48 -49 50 -51 -52 52 53 -55 56 60 -58 -59 59 -61 -62 -63
leaf_value=0.045240945100483543 -0.033883696646121078 0.37711589704931547 -0.028552711659719471 0.012749185408631823 -0.006427202102653397 -0.01799736458696569 -0.02329768464787059 0.081764030358986536 -0.001817884332237526 0.0537035887350307 -0.028959833693426081 -0.0089416251923656303 0.034472433166135082 -0.007865789705437486 -0.060216569363247902 0.077641774880396336 -0.019182574419939577 0.020286524316616626 -0.019350130493861514 -0.038474946589699653 -0.044239643117980211 0.046237051233978109 0.029392827847022258 -0.035255935775443718 -0.02620469261615534 0.041168397372433212 -0.00064404915087020115 0.042091898168609983 0.0091353236003939089 0.027949110519259298 0.013473861163099397 -0.021112321366929736 0.0075579064473793103 0.009869742248187827 -0.033961216971858013 0.10361115143220051 0.015068468167190017 0.018706681179326484 0.002495483576382141 -0.038215729947538309 -0.031453439413176069 -0.032320147360922979 -0.031251564090993569 -0.038306224150925057 0.0057798229243669922 0.056327051933941746 -0.088704801072359563 -0.033290861957357684 -0.021276975335959538 -0.027978739188577264 -0.048843812144039635 0.089548732065720657 0.02444136966719072 -0.03569188118648297 0.010024547770979711 -0.032287039455991227 0.0015742690228575437 -0.018136588897733601 0.056291974605902767 0.28043035107275543 0.021706299083891125 -0.021004265631307983
leaf_weight=26.146453062072396 110.83857809467008 0.46803309064125542 192.22356568742543 983.8529162047198 351.79512106114998 95.685621505079325 141.22829150693724 11.915514476597307 97.088526950159576 62.02617938676849 88.97450349945575 232.40260246483376 57.328268586657941 43.638960586860776 27.217481891391799 80.368016103282571 105.79140841995832 501.35856112884358 178.62217331374995 25.015682384371758 140.0037520872429 42.539363097399473 252.75018633995205 63.352365456521511 34.699969083070755 30.782228536903858 12961.613457332714 46.708469634875655 253.61916814465076 30.323531583650038 1098.7062696814537 1087.5417023733607 688.96319953113561 2456.9650574375992 105.21735824929783 17.617248028516769 1301.7753335814923 127.21116842702031 2479.0377676319331 215.85368822515011 115.09358388191322 242.62261743098497 196.46450964733958 123.40653955098242 434.63176355045289 19.846028238534927 14.244791045784948 222.60114889126271 98.876651022583246 582.02330604055896 53.390309743583202 36.142511734738946 224.58312438800931 38.372083820402622 93.761196565872524 154.50544457067735 6993.1977119359653 676.74941323522944 16.51360540982569 3.1618600759538813 49.936812990577891 166.27582799387164
leaf_count=584 125601 227 8134 10831 2901 2728 55222 60 2893 800 1101 3830 427 249 323 398 8149 6339 1544 156 2227 365 2157 342 228 149 216181 388 2067 425 5420 22421 10246 76290 4885 164 10509 760 14450 1611 4267 3207 2615 1567 5160 106 69 4892 2265 9224 253 381 1457 317 5656 19701 100980 12834 1216 360 2782 2925
internal_value=-6.70631e-05 -0.0321555 2.87062e-05 -3.01359e-06 0.00598056 0.0100239 -0.000241999 -0.0155721 0.00731867 -0.000112049 0.00696462 0.00944482 0.0134899 0.0109814 0.0163497 0.047551 0.0102504 0.0134093 -0.006273 -0.00039748 -0.000302405 0.0126461 0.0232806 -0.00836432 0.0136924 -0.000463637 -0.00207387 -0.00172995 -0.0107738 -0.0313878 0.0007871 -0.00250101 -0.0115019 0.00283226 0.00082604 0.00153139 0.00896008 -0.01231 -0.0020113 -0.0283079 0.00172505 -0.0128103 -0.00683332 -0.00934604 -0.00385573 -0.0232164 0.00051874 -0.0124095 -0.00879786 -0.0167145 0.00585886 0.0131975 0.0245942 0.0156663 0.00209066 0.00764446 0.000191617 -0.0120449 0.0242971 0.0923112 -0.0190987 0.00200484
internal_weight=37405.7 111.307 37294.4 37268.2 1431.33 1079.54 35836.9 301.228 109.004 35535.7 1377.73 1288.75 1056.35 994.325 758.374 124.007 634.367 607.15 235.95 34157.9 34016.7 418.358 277.766 140.592 77.2393 33598.3 14688.3 14517.9 1556.32 170.327 18910.1 7251.49 1957.03 11658.6 5294.47 5189.25 1675.62 373.847 3513.63 246.636 10559.9 1034.59 791.966 774.349 650.942 216.311 869.484 1509.61 1287.01 835.642 451.365 397.974 299.098 262.955 10444.8 2661.41 7783.38 790.186 113.437 19.6755 204.442 855.239
internal_count=786016 125828 660188 659604 16460 13559 643144 11087 2953 632057 23160 22059 18229 17429 15458 647 14811 14488 1971 608897 553675 3248 2313 935 593 550427 240077 237425 21244 2652 310350 80844 35661 229506 45183 40298 13029 2520 27269 1760 224086 12819 9612 9448 7881 2721 13240 20856 15964 11291 4673 4420 2155 1774 219819 98773 121046 20066 7232 1576 22483 13171
is_linear=0
shrinkage=0.05


Tree=114
num_leaves=63
num_cat=0
split_feature=2 35 29 43 41 54 40 43 5 23 5 5 17 49 36 40 36 39 29 49 49 29 28 48 48 23 40 48 49 49 29 48 48 48 49 49 29 47 10 36 49 17 35 49 42 17 17 54 49 49 49 54 23 48 35 29 49 23 29 26 35 17
split_gain=38.8894 25.1066 47.4174 39.0867 37.3056 41.9448 58.1323 40.8088 38.22 37.4248 50.0282 34.6377 57.158 79.116 48.3904 42.5899 40.7764 39.5662 48.8236 37.8615 39.4397 35.0387 38.6478 35.0165 130.246 75.2754 61.7126 55.6984 54.9845 43.4149 70.9185 75.0474 45.9004 77.6925 78.1892 121.889 72.9393 65.8782 45.3596 43.8805 42.2966 60.1612 37.244 36.9634 36.7199 35.1392 44.3087 35.1344 34.6407 134.61 77.805 61.7699 46.4404 37.2442 42.9155 35.9723 33.3635 33.1334 46.1135 32.4915 41.0581 31.464
threshold=292.93225097656256 -0.8988763391971587 -2.073426246643066 11.975608825683596 0.16170756518840793 0.12940952181816109 -1.9019622802734373 0.081367492675781264 246.07427978515628 -26.508326530456539 258.71716308593756 230.21923828125003 -5.0978469848632804 268.43287658691412 236.76470184326175 -2.5686340332031246 228.529411315918 -31.511981964111325 3.7105216979980473 269.73658752441412 269.45588684082037 6.3849916458129892 7.827254295349122 0.83399277925491344 0.8994269371032716 -10.300547599792479 30.470588684082035 0.81775081157684337 263.06666564941412 258.72836303710943 19.254547119140629 0.77088505029678356 -0.47145682573318476 -0.065915763378143297 259.72676086425787 262.42489624023443 11.496726036071779 -1.0899019241333006 212.10852050781253 229.70588684082034 258.98173522949224 -1.2947235107421873 26.481211662292484 255.59030914306643 0.23274230957031253 -4.2366523742675772 -0.99594497680664051 -0.7865660786628722 276.05895996093756 276.47534179687506 272.51168823242193 0.91597560048103344 -2.7883545160293575 0.31050783395767217 32.316675186157234 22.1867790222168 285.57859802246099 -7.0733015537261954 20.288356781005863 -2.3997435569763179 -1.516543924808502 -36.153388977050774
decision_type=2 2 2 2 2 2 2 2 2 2 2 2 2 2 2 2 2 2 2 2 2 2 2 2 2 2 2 2 2 2 2 2 2 2 2 2 2 2 2 2 2 2 2 2 2 2 2 2 2 2 2 2 2 2 2 2 2 2 2 2 2 2
left_child=1 59 3 61 5 6 8 -8 -4 10 -7 14 15 -14 17 -13 -17 -6 -19 20 23 -21 -23 27 -25 -26 28 29 40 -20 31 32 -31 34 -34 37 47 -36 -32 -37 42 57 -27 -28 -44 -30 -47 -35 50 -50 52 -52 55 -51 -55 -24 -9 58 -42 60 -1 -3
right_child=-2 2 4 -5 11 9 7 56 -10 -11 -12 12 13 -15 -16 16 -18 18 19 21 -22 22 48 24 25 26 43 -29 45 30 38 -33 33 36 35 39 -38 -39 -40 -41 41 -43 44 -45 -46 46 -48 -49 49 53 51 -53 -54 54 -56 -57 -58 -59 -60 -61 -62 -63
leaf_value=0.0032758891165966617 -0.035712666768495036 -0.028815217090693953 -0.056669635812636246 0.024179174779026702 -0.012426808312727737 0.031810111107425314 0.020446396823015099 0.046817778073312659 0.013748614405990237 -0.027535247483142785 0.000185746625496113 -0.0175385534684343 -0.034278451776159007 0.0074920167900866782 0.014487858209997949 0.0075145781788835825 -0.0015108256907771275 0.010854503674583538 0.0038949503174259821 -0.0041971039814753391 -0.035154664346124312 0.046974747321671353 0.010629555725799466 0.034989557836896966 -0.02194181708477148 -0.027386458004169424 0.032290910730809634 -0.023089785750904986 0.033245808265257235 0.011852354641629915 0.021313409439909607 0.050207478624390567 -0.06708265207831042 0.035056326221518025 -0.035649550452565064 -0.044898857772378432 -0.0080961577171366293 0.025005879478641996 -0.025452098925379071 0.016460980340460469 0.043688109347062125 -0.016905671145444695 -0.0054150684839344805 -0.031187105522050097 0.024164082350857249 -0.052063331562489781 0.013728023230843501 0.00061107471492145176 0.10796099922434306 -0.016955057246139431 -0.041306927168709269 0.01285582502799648 0.049279030997378459 0.02497670192294979 -0.026085087498765858 -0.026259482694771005 0.12139531729514697 0.055402816624361861 -0.026121552736075238 0.011445505369556061 -0.022986631156252896 -0.0081809828228703793
leaf_weight=996.02437699446455 76.642535575898364 257.93612667027628 20.471477558836341 72.227655180729926 525.12437839899212 147.65531906159595 59.934903908870183 35.363484985777177 328.05589872284327 97.133533619344234 817.155396727263 392.77324525534641 302.3631268851459 181.35486083570868 704.27329934493173 1339.8379753236659 18971.880217266444 1261.0640758965164 1909.9666588231921 600.02856678515673 86.0364905372262 67.65695646032691 620.79455058835447 299.51749048568308 336.7469424456358 70.918107893317938 26.936556223779917 330.64505945704877 26.638027746230364 396.7309152521193 57.271164327859879 67.822646653279662 80.478386349976063 189.41642686538398 58.27624898403883 238.00910931266844 617.99661805853248 193.08550879172981 547.88740318082273 33.201338436454535 65.316824391484261 56.371719025075436 181.13658397831023 154.30606891587377 249.36922279372811 77.848682666197419 38.123676013201475 121.52934298291802 39.230469487607479 92.115968406200409 151.07127226889133 80.791236974298954 70.550415109843016 326.52026303112507 47.082845993340015 73.960047744214535 26.039256844902411 147.93197105079889 37.087877940386534 1056.447552114143 174.9640433313325 651.09239567420445
leaf_count=18234 95871 16831 110 505 3807 859 1565 313 5358 676 18005 8370 1865 1171 6384 10266 508879 7188 12084 3102 589 327 3428 1907 3305 330 240 2251 199 2243 402 386 433 1197 395 1667 4149 1211 3980 343 290 340 1143 1121 1340 756 254 827 204 576 1098 385 365 1554 288 508 210 699 282 12871 3725 6753
internal_value=-0.000132766 -5.96297e-05 -0.00038667 -0.011223 -7.46336e-05 0.00755085 0.0199894 0.0497961 0.00961245 0.0020473 0.00502556 -0.000433545 -0.00162776 -0.0186179 0.00179448 -0.00123082 -0.000915476 0.000955282 0.00164916 0.000339893 -0.00151996 0.0060799 0.0100082 -0.0010822 0.00493982 -0.0011882 0.00498565 -0.00328124 0.0100829 -0.00182954 -0.006032 -0.0014872 -0.00330501 -0.00723022 -0.0212051 -0.0141398 0.001842 0.0109434 -0.0210263 -0.0373872 0.0151341 0.0297599 0.00618781 -0.0217529 0.0117186 -0.0185407 -0.0304357 0.0215938 0.00834315 0.0190133 0.00293995 -0.0224342 0.0106275 0.0115207 0.0185417 0.00670254 0.0784441 0.0402683 0.0184052 0.00508774 -0.000648143 -0.0140359
internal_weight=37362.2 37285.6 35058.1 981.256 34076.9 1531.81 469.865 121.338 348.527 1061.94 964.811 32545.1 21188.2 483.718 11356.9 20704.5 20311.7 10652.6 10127.5 8866.41 6696.6 2169.8 1569.77 6610.57 1768.25 1468.73 1131.99 4842.32 950.743 4511.67 2601.71 1996.55 1928.72 1531.99 603.051 522.572 928.942 251.362 605.159 271.21 808.132 306.708 501.424 181.243 430.506 142.61 115.972 310.946 1502.12 504.95 997.168 231.863 765.305 465.719 373.603 694.755 61.4027 250.337 102.405 2227.44 1170.99 909.029
internal_count=786014 690143 655313 24089 631224 27096 7556 2088 5468 19540 18864 604128 530551 3036 73577 527515 519145 67193 63386 56198 44363 11835 8733 43774 12206 10299 6994 31568 5633 29317 17233 12851 12465 10222 4049 3616 6173 1606 4382 2010 4424 1611 2813 1361 2483 1209 1010 2024 8406 2622 5784 1483 4301 2418 1842 3936 523 1271 572 34830 21959 23584
is_linear=0
shrinkage=0.05


Tree=115
num_leaves=63
num_cat=0
split_feature=36 35 26 25 14 53 35 53 50 53 38 49 29 37 41 23 10 49 11 40 22 36 5 54 23 7 40 29 35 37 45 49 54 46 51 54 43 24 39 41 22 55 49 49 5 51 29 23 31 49 49 49 49 14 11 50 23 36 17 41 40 49
split_gain=42.4221 24.0321 46.5129 37.7367 33.4412 30.0467 29.9409 30.0567 28.1581 25.7959 23.0651 23.0235 22.5612 39.2467 26.7275 39.489 42.8528 39.1362 33.4314 30.1157 37.5708 33.6328 37.5536 42.6288 27.8847 26.7138 25.8365 27.3003 47.1676 66.738 30.0613 37.1464 38.3408 37.4155 27.6543 31.3155 30.6597 25.8827 71.6733 54.3442 39.1393 41.38 38.7923 58.948 51.718 51.2459 46.2512 44.8313 47.054 38.785 38.6138 33.8146 89.3738 33.2376 32.8396 32.3205 31.2342 37.1903 57.32 29.5251 29.3346 28.7033
threshold=290.29411315917974 -1.6928170919418333 -2.2751493453979488 -2.2424049377441402 -50.096837997436516 14.083333492279055 -0.76137718558311451 789.00000000000011 27.806752204895023 144.194450378418 -18.823524475097653 282.69186401367193 -2.073426246643066 262.15322875976568 0.11619454994797708 -51.223150253295891 289.43000793457037 273.45858764648443 257.98048400878912 -1.8235321044921873 -45.146564483642571 273.82353210449224 288.76321411132818 0.98296290636062633 -51.897068023681634 277.67611694335943 -1.8235321044921873 -0.41408395767211909 1.062945604324341 263.25708007812506 -9.7524280548095685 284.85789489746099 0.37940952181816107 4.5509929656982431 77.397277832031264 -0.91597560048103321 0.18980407714843753 25.033315658569339 -28.762531280517575 17.630353927612308 1.0000000180025095e-35 -0.91597560048103321 258.38572692871099 266.63755798339849 223.57719421386722 30.686654090881351 24.770523071289066 -12.714762687683104 29.292655944824222 255.95982360839847 254.46063232421878 256.32855224609381 255.59030914306643 -23.537546157836911 223.49978637695315 95.97998428344728 -5.7618849277496329 239.11765289306643 -10.632461547851561 33.642942428588874 16.862739562988285 261.09867858886724
decision_type=2 2 2 2 2 2 2 2 2 2 2 2 2 2 2 2 2 2 2 2 2 2 2 2 2 2 2 2 2 2 2 2 2 2 2 2 2 2 2 2 2 2 2 2 2 2 2 2 2 2 2 2 2 2 2 2 2 2 2 2 2 2
left_child=1 3 -3 4 -1 -5 7 10 -7 -6 -4 -11 13 -8 15 16 17 -14 -17 21 -21 -20 23 -23 -19 -22 -16 34 29 -29 31 32 -30 -34 36 -36 -28 59 -39 -40 41 51 46 44 45 -44 49 -46 -49 50 -43 52 -41 60 -55 -54 57 -53 -59 -32 -45 -47
right_child=-2 2 6 5 9 8 12 -9 -10 11 -12 -13 14 -15 26 18 -18 24 19 20 25 22 -24 -25 -26 -27 27 28 30 -31 37 -33 33 -35 35 -37 -38 38 39 40 -42 42 43 53 47 61 -48 48 -50 -51 -52 56 55 54 -56 -57 -58 58 -60 -61 -62 -63
leaf_value=0.070766823448636967 -0.031670449547199303 -0.015438821763443817 0.0043152195142223907 0.086396939125509914 -0.0076609895212221783 -0.0095866044211629555 0.019804054586164792 0.05066684228190857 0.034873341649992999 -0.0043232067802611322 0.031028517932508676 0.018752343821490117 -0.031365702521457525 -0.013558260780789517 -0.0068740030545134728 -0.032683244192476708 -0.026501510375184376 0.18058530450964175 0.012098139161307883 0.063683320232939503 0.029950860314117117 -0.016872441368670794 0.094050491521011345 0.015224152730498632 0.059496769145734145 -0.0093684601056738832 -0.0016602773426530255 0.039015652170684978 -0.018195945415252164 -0.036005320063608258 0.00080884401517523203 0.01601755098594727 -0.0033096299458545866 0.050687598106270465 0.063411367000239277 -0.025853286794213066 0.015672383029190742 -0.018294319801344865 0.05381578784321054 0.036442780224195691 0.039492966410290736 0.020422965198640484 -0.038680745656214884 0.094003992758392496 -0.021076337909108213 0.014348225250259545 -0.006783808848763475 -0.00045830132988023396 0.067190763085109864 0.021134133405063135 -0.021636629487298206 -0.0029053956917685772 -0.039481941832752568 0.012763980353962893 -0.0088323819258316061 0.01978539462784705 0.020590205561873406 0.010152159976999362 0.089550433153141651 0.03967711539785819 -0.00034273896777271053 -0.024945984144299747
leaf_weight=17.888962706550956 105.73194576811511 492.06934166071005 898.4287704952294 19.658327258192003 394.99568055360578 51.723167507210746 102.48899349756539 40.498953920090571 114.33579638460651 176.6013753847219 88.791261753998697 278.65843795868568 4.827888029394674 630.1415795040084 1433.7382083031698 55.132021810859442 10.138346981839275 10.901835276279602 554.84053176641464 46.643707361596171 101.60614455863833 355.34922726196237 9.2669937843456847 145.93213706102688 8.4315514061599934 75.146598674356937 392.14056793524651 35.499985262751579 678.44401222420856 179.73538630933035 23215.252110279689 138.50357650406659 257.57733942870982 36.645190304145217 10.928228848613797 97.341735303518362 730.287734698446 668.01499337004498 45.151362795382738 70.213022923097014 58.025734055787325 90.750574920326471 378.88545457459986 16.847676848992705 126.93013251759112 86.833627093583345 787.27116882242262 77.730036402121186 38.404933832585812 387.6230303235352 136.87501816265285 557.83764889463782 148.43541666306555 237.68248487263918 678.57291730493307 27.221682636067271 392.02937150374055 118.32823680341244 28.136400317773223 48.961668521165848 16.123575387522578 99.991111196577549
leaf_count=510 125853 9001 10482 300 7907 1015 758 261 1446 2071 529 4553 312 16811 28008 363 1915 557 3714 1253 607 7505 1246 2679 314 1944 15396 174 11543 24392 433623 1516 3403 360 179 2554 12050 10405 271 441 970 605 2640 189 2169 526 6176 675 421 2691 1068 5435 1142 1098 5904 181 2174 2161 355 433 236 649
internal_value=-4.42456e-05 4.56116e-05 -0.000171306 0.0074884 0.00311227 0.0279448 3.93242e-05 0.00844972 0.0210252 0.00168885 0.00671783 0.00980103 -0.000210201 -0.00889115 -2.26327e-05 0.0067973 0.0597747 0.0959772 0.0054452 0.00707627 0.0237677 0.00357633 -0.00568477 -0.00752854 0.127777 0.0132342 -0.000311586 -9.00599e-06 -0.000309755 -0.0236317 -0.000140453 -0.00820889 -0.0116586 0.00341568 0.00728908 -0.0168434 0.00961691 0.000173703 -0.00298887 -0.000769046 -0.00130944 -0.00183525 -0.00495886 -0.00990661 -0.0198256 -0.0281134 0.00124295 -0.000536438 0.0219127 0.011514 -0.00486816 0.00552001 -0.0112383 -0.00145531 -0.00323015 -0.0302972 0.00927834 0.00298192 0.0254049 0.000890646 0.0478666 -0.00668256
internal_weight=37319.2 37213.5 36159.6 1053.86 868.144 185.717 35667.5 1027.72 166.059 850.255 987.22 455.26 34639.8 732.631 33907.2 1378.22 34.2996 24.1613 1343.92 1288.79 223.396 1065.39 510.548 501.281 19.3334 176.753 32529 31095.2 29864.5 215.235 29649.3 1111.17 972.667 294.223 1230.7 108.27 1122.43 28538.1 5273.92 4605.9 4560.75 4502.72 3160.52 1758 808.775 565.71 1402.52 243.065 116.135 615.249 227.626 1342.2 245.87 949.227 916.255 175.657 1096.33 704.302 146.465 23264.2 32.9713 186.825
internal_count=786119 660266 642464 17802 15041 2761 633463 11272 2461 14531 11011 6624 622191 17569 604622 22409 3098 1183 19311 18948 3804 15144 11430 10184 871 2551 582213 554205 524026 24566 499460 16822 15306 3763 30179 2733 27446 482638 48582 38177 37906 36936 25047 14507 7080 3815 10540 3265 1096 4364 1673 11889 1764 7427 7002 1323 10125 7951 2516 434056 425 1175
is_linear=0
shrinkage=0.05


Tree=116
num_leaves=63
num_cat=0
split_feature=3 23 1 41 25 48 48 17 48 45 40 48 41 54 4 29 5 54 47 48 54 51 54 5 35 23 5 35 48 48 22 54 48 37 45 46 48 37 40 28 40 37 23 48 54 48 41 48 8 29 41 40 48 43 38 27 43 39 37 43 17 39
split_gain=40.4297 23.4069 34.4268 29.6756 27.7809 56.1943 77.2328 58.6392 47.5973 47.3901 54.4627 37.6379 50.906 37.0584 44.8536 63.3064 36.6361 36.5727 34.9905 34.3624 56.9705 33.9684 33.2715 49.6847 118.246 62.6448 47.8807 69.3858 53.008 97.7924 46.8596 41.5037 41.4698 41.9927 60.6554 60.5505 51.8979 36.8211 39.6435 40.3743 34.8131 33.522 46.2538 59.0536 51.9903 43.0256 42.7172 40.4824 77.1238 40.7222 33.3022 48.7615 33.096 32.5104 36.0761 32.3813 32.2412 30.8685 40.4769 37.5029 30.6374 30.3638
threshold=292.17703247070318 -1.2585433125495908 216.48224639892581 5.7153224945068368 25.699859619140629 0.83399277925491344 0.9032464623451234 -8.4754066467285138 0.9702095389366151 6.3866472244262704 30.470588684082035 1.0000000180025095e-35 13.920842647552492 0.98296290636062633 248.75048828125003 3.9535198211669926 222.76506042480472 -1.0000000180025095e-35 5.2277381420135507 0.93061417341232311 -0.37940952181816096 17.762765884399418 -1.0000000180025095e-35 252.68643951416018 3.3917257785797124 -26.987300872802731 263.05389404296881 -1.0316952466964719 -0.084319144487380968 -0.11090746521949767 -46.006879806518548 0.37940952181816107 -0.27623295783996576 288.52941894531256 2.8621921539306645 0.72637939453125011 -0.29509925842285151 271.44154357910162 -0.76470947265624989 -1.4238147735595701 -0.098037719726562486 287.81771850585943 -45.350187301635735 -0.48480302095413202 -0.6035533845424651 -0.34004548192024225 5.2999279499053964 -0.060937255620956414 233.02471923828128 5.0169582366943368 3.1113551855087285 -0.11766052246093749 0.92260730266571056 0.94943237304687511 -40.470603942871087 5.78342628479004 -1.1447906494140623 -18.479304313659664 243.21714019775393 1.7528839111328127 1.0000000180025095e-35 -39.844596862792962
decision_type=2 2 2 2 2 2 2 2 2 2 2 2 2 2 2 2 2 2 2 2 2 2 2 2 2 2 2 2 2 2 2 2 2 2 2 2 2 2 2 2 2 2 2 2 2 2 2 2 2 2 2 2 2 2 2 2 2 2 2 2 2 2
left_child=1 4 3 -3 8 18 7 -7 11 10 19 12 13 22 -15 -16 -9 -14 57 52 -21 -18 41 50 25 26 31 -28 29 32 -31 56 33 37 35 -35 -37 40 39 -39 -29 42 43 46 45 -45 53 49 -49 -44 -24 -52 -8 -1 -55 -51 -25 -6 -59 -60 -13 -26
right_child=-2 2 -4 -5 5 6 9 16 -10 -11 -12 60 17 14 15 -17 21 -19 -20 20 -22 -23 23 24 61 -27 27 28 -30 30 -32 -33 -34 34 -36 36 -38 38 -40 -41 -42 -43 47 44 -46 -47 -48 48 -50 55 51 -53 -54 54 -56 -57 -58 58 59 -61 -62 -63
leaf_value=0.022168267459032439 -0.034287441536427564 0.048689756819197266 0.062508057713215034 0.0039226508407328086 -0.026626973331071488 -0.0067041937994797773 0.00060181343318052105 0.024049260368043508 -0.029333263156988365 -0.029123613522167864 -0.025650507848154838 0.002080423434381955 -0.026530659548076846 -0.053445720524954013 -0.013034163946886125 0.1060615633375761 0.03115182104593079 -0.0050413656589945689 0.0082217486688872226 0.069684291076963903 0.0082658498911448077 0.10326039793470712 0.012937800416580825 0.065532533353882108 -0.033163271466198928 -0.027907872248350857 0.0093872034422354533 0.0065572931305495907 -0.03991572307569221 -0.019980737377425339 0.080809584182504321 0.0066560114578070014 -0.023756022336681559 -0.022064524584897299 0.20009529183537739 0.030659698688063081 0.21133030838388961 -0.01504122495829485 -0.028869892868806726 0.0047100807473804242 0.07279147248066796 -0.020242351261909566 -0.0031698517564322268 0.069660732269574824 -0.028418253532393314 0.0053746995584013097 -0.024154065360040975 0.063463088658733416 0.0028971407852153583 -0.047928471698686206 -0.010145432227619813 0.005599671468452902 -0.036234379806481351 0.14957979662373078 0.055154658851249372 -0.012668847220589214 0.021558782811452133 -0.011407586021831933 0.043569090438245223 -0.021350060542265938 0.021975022095076013 -0.01250069207387434
leaf_weight=64.853737406665459 85.487083620158955 40.109226766973734 29.94009866937995 480.43694629892707 306.04357734974474 131.02976579964161 308.86517632193863 226.87224207259715 133.64696146396454 158.7446631770581 173.70656371582299 15572.780258730287 314.27209945209324 67.412712104618549 247.03241003263975 11.686080833896993 33.281658127903938 535.13479737192392 238.35927008651197 40.735878041014075 516.24707202985883 32.069215212017298 1116.53757331823 58.510167919564992 265.32334199815523 171.71958566084504 1328.9298126366921 84.307179763913155 105.24082124535926 15.064378699869847 49.178213357517961 416.77884094341425 267.91496862471104 68.887139796162955 4.5403945705620563 112.90296146512264 4.1198398916749275 470.20498620928265 192.38958779990207 575.29462503339164 25.943975102156401 267.87670119554969 4338.8868560085539 30.157691509928554 106.16669947840273 190.0498012562748 24.127315724268556 59.170474156737328 470.62190385255963 73.974924441892654 585.94204488955438 3058.2516690872144 75.976605664938688 12.120084955357013 61.157668566564098 543.64591225702316 144.94367883680388 1370.1575083844364 65.831499068066478 33.601196203380823 195.95305614545941 538.97570006735623
leaf_count=1830 108148 406 186 4106 5203 1433 3000 1274 3880 2510 1653 313680 5630 660 8133 244 260 5951 2343 276 4686 288 6413 388 15380 1600 20689 588 4546 814 418 3477 13700 22567 191 17762 412 7670 13241 11881 277 47168 41161 916 4475 7053 1308 344 5556 566 4113 24307 620 341 938 7267 977 9114 846 528 977 10134
internal_value=5.82305e-05 0.000137064 0.0103708 0.00737205 -1.64633e-05 -0.00411767 0.00258366 0.0210889 0.000445044 -0.00356288 7.45152e-05 0.000566197 -0.00106 -0.000435553 -0.0171199 -0.00765472 0.033551 -0.0129922 -0.00976599 0.00481914 0.0127578 0.0665372 -9.34345e-05 0.00174481 -0.00178895 0.00165214 0.00294534 0.000553025 -0.0053883 -0.00344593 0.0571751 0.0156928 -0.00560172 -0.00244051 0.0195367 0.015127 0.0370203 -0.0055452 -0.00801125 -0.00417291 0.0221433 -0.00293845 -0.00216266 0.0125783 0.000322315 0.0141788 0.0372305 -0.00347555 0.00966152 -0.00487975 0.00538281 0.00306805 -0.0066705 0.0479525 0.0707725 -0.016892 0.034205 -0.0121806 -0.00917219 0.021631 0.00232765 -0.0193169
internal_weight=37330.1 37244.6 550.486 520.546 36694.2 3711.52 1697.53 423.253 32982.6 1274.28 1115.53 32849 17080.2 16230.8 326.131 258.718 292.223 849.407 2013.99 941.825 556.983 65.3509 15904.7 9661.9 4901.17 4096.87 3925.15 3304.92 1975.99 1870.75 64.2426 620.233 1806.51 1538.59 190.45 185.91 117.023 1348.14 1237.89 1045.5 110.251 6242.81 5974.93 488.633 326.374 220.207 162.259 5486.3 529.792 4956.51 4760.73 3644.19 384.842 138.131 73.2778 617.621 203.454 1775.63 1469.59 99.4327 15768.7 804.299
internal_count=786503 678355 4698 4512 673657 34034 16000 3255 639623 12745 10235 635743 321086 309505 9037 8377 1822 11581 18034 8582 4962 548 300468 181545 146712 121198 119598 114756 94067 89521 1232 4842 88289 74589 40932 40741 18174 33657 32792 19551 865 118923 71755 16861 12444 7969 4417 54894 5900 48994 34833 28420 3620 3109 1279 7833 1365 15691 10488 1374 314657 25514
is_linear=0
shrinkage=0.05


Tree=117
num_leaves=63
num_cat=0
split_feature=9 42 47 36 49 49 49 23 54 23 49 5 49 40 35 49 28 17 40 47 54 54 49 49 44 39 5 38 49 36 40 49 49 49 35 23 49 29 49 54 49 5 49 49 47 17 38 45 5 54 17 47 17 2 46 3 49 40 49 49 49 49
split_gain=37.3067 24.4659 30.7004 27.6743 31.9197 27.6332 28.279 42.2373 28.6274 26.6952 36.2974 45.3017 41.2044 38.8544 37.3279 34.9548 32.3794 30.6894 29.2349 56.2015 47.7268 61.291 49.9676 41.7009 43.9744 36.9035 35.4987 36.8977 38.7012 52.4557 35.4856 36.1055 33.4652 37.1623 30.1132 29.4435 51.2677 67.491 55.9617 123.84 75.8913 49.5603 48.8063 116.174 83.2694 45.9702 46.8979 40.4354 38.8828 37.1919 36.797 57.7349 36.3737 33.928 39.4205 33.6295 32.4374 31.4123 30.5767 29.9835 29.1322 67.3881
threshold=294.38159179687506 11.629913330078127 -7.5709824562072745 234.41176605224612 284.25558471679693 281.67518615722662 278.60643005371099 -33.419122695922844 0.91597560048103344 -4.3606848716735831 255.32789611816409 222.76506042480472 255.95982360839847 30.470588684082035 35.414936065673835 276.27717590332037 24.796339035034183 -1.2947235107421873 18.098022460937504 -8.5341539382934553 -0.6035533845424651 0.12940952181816109 259.51712036132818 260.66418457031256 3.4876232147216801 -8.2694282531738263 232.56377410888675 -6.2352981567382804 268.30914306640631 230.29412078857425 25.823532104492191 258.38572692871099 262.42489624023443 263.06666564941412 2.9292522668838505 -16.888421058654782 270.65731811523443 15.661855697631838 259.31796264648443 0.91597560048103344 255.95982360839847 223.57719421386722 263.43424987792974 268.59339904785162 2.1874421834945683 -4.2366523742675772 -7.1176528930664054 7.1417875289917001 213.5385665893555 0.91597560048103344 -3.6867256164550777 3.0238757133483891 -3.9566383361816402 236.33694458007815 2.469659805297852 217.6821212768555 285.78244018554693 11.784301757812502 275.89672851562506 268.64752197265631 261.33148193359381 259.93206787109381
decision_type=2 2 2 2 2 2 2 2 2 2 2 2 2 2 2 2 2 2 2 2 2 2 2 2 2 2 2 2 2 2 2 2 2 2 2 2 2 2 2 2 2 2 2 2 2 2 2 2 2 2 2 2 2 2 2 2 2 2 2 2 2 2
left_child=1 9 -3 -4 5 6 -5 8 -8 18 14 12 13 -12 16 -14 -11 -17 26 -20 -21 22 30 25 32 -24 34 60 29 -29 31 -22 -25 -34 -1 42 38 55 39 40 45 -41 49 44 -44 46 -37 -47 -40 -36 51 -50 57 -45 -55 -38 -57 -42 -39 -53 61 -28
right_child=-2 2 3 4 -6 -7 7 -9 -10 10 11 -13 15 -15 -16 17 -18 -19 19 20 21 -23 23 24 -26 -27 27 28 -30 -31 -32 -33 33 -35 35 36 37 58 48 41 52 -43 43 53 -46 47 -48 -49 50 -51 -52 59 -54 54 -56 56 -58 -59 -60 -61 -62 -63
leaf_value=0.022148208663510041 -0.034246611286488253 -0.014097925549247534 0.0093818937275229122 -0.0016244562626193896 0.010954098613132972 -0.020216022769048103 0.014490358159984874 0.067622860568900697 -0.04629259689149829 0.034896510054174899 -0.0059005943647204252 0.046490143032261316 0.0017685886075901988 -0.055311462802763535 0.045053508018510408 0.06014208657228462 -0.0063530997109457581 0.0069100124626878924 0.024525779287721285 -0.018121954640166797 0.0089081642132109035 -0.015344066591172746 -0.0036786147369773183 -0.054178034134214736 0.060293390941552429 0.052361568776736783 -0.00084882006625594324 -0.0022516425452589364 -0.0016227535327612477 -0.034812761157053417 -0.038918251305912401 -0.05929160535054645 0.0574862459883584 0.0015988489344891954 -0.024840937848455515 0.030145383359411429 -0.0065661325055490979 -0.039672184791275635 0.0131453157167205 0.0080513242658961943 0.05989192106720196 -0.04636403212937476 0.034422519372684951 -0.013417454234617425 -0.017209470609065504 0.024434605720201483 -0.027828643032516365 -0.02799905100860807 -0.0041073876545570523 0.019034499355917101 -0.012192974094992839 0.033805805432053464 0.0144098693587395 -0.0084504915390095445 0.013479598209882563 0.022487833404148165 -0.020271237981082622 0.027818830720408406 0.011757487482599197 -0.013588544981074917 -0.0015579397211470782 0.021000595935014549
leaf_weight=191.55554826464504 78.750410765875131 238.19222650304437 1720.1124622276984 2020.3879634053446 692.67890762526076 177.33739406615496 177.89524541283026 34.720090558752418 21.738396490458399 73.695865862071514 127.15257596224546 56.78701077401638 2119.9127530436963 57.905261069536209 103.19256270118058 49.017612054944038 134.21673381701112 60.487166933715343 143.04302755277604 755.12262738216668 143.40475862473249 612.71357545256615 41.702316513285041 25.114401901140809 34.620436319150031 99.396872565150261 1271.1323581246543 220.04480923712254 583.27658354863524 282.46892867237329 92.910708860494196 22.44377289712429 31.590986851602793 509.04263735003769 337.86433553043753 43.650492191314697 131.26394255459309 81.500261535868049 336.60936691239476 63.345681011676788 111.01496267318726 123.27394533902407 352.52093327045441 753.28565889038146 100.30843584798276 208.15919429436326 173.69697630032897 44.657214572653174 1094.5297334659845 56.356291457079351 1012.6220046468079 169.31005417741835 310.39508344419301 464.02181646367535 366.98295007925481 914.69509926624596 46.614022243767977 244.41978437267244 44.779206562787294 41.563126837834716 16144.258332720143 488.51618898997549
leaf_count=1049 89051 4801 14249 36959 13305 4896 4311 262 544 694 628 268 12844 413 891 246 738 282 1190 6820 1322 6434 388 273 405 459 15780 1361 3351 1788 1213 207 234 5915 3352 315 617 657 1642 289 583 741 2634 5314 1105 1442 1034 347 7232 426 6215 1192 1613 3907 2982 4569 248 1366 228 290 495958 5168
internal_value=0.000131152 0.000203957 0.00342703 0.00428862 0.00148488 -0.00121204 0.000282639 0.0167239 0.00787161 -0.000306384 0.00437412 0.00234786 0.00130966 -0.0213614 0.0204697 0.00319153 0.00826807 0.0307383 -0.000750551 -0.00590932 -0.00774775 -0.00289091 0.00473758 0.0113394 0.00559101 0.0357987 -0.000267342 -0.00143484 -0.0103846 -0.0205546 -0.0141799 -0.000321101 0.00224354 0.00486453 0.00256811 0.00207637 0.00420138 0.013173 0.00145198 0.00985451 0.0160557 -0.0278934 -0.00246504 0.000651311 0.0229853 0.00067644 -0.0161856 0.0151728 -0.00273439 -0.0185687 -0.00504035 0.00050806 0.0269155 -0.00573229 0.00123413 0.0171729 0.0204144 0.0378364 -0.021435 0.0244644 -0.000892074 0.00521705
internal_weight=37264 37185.2 5083.06 4844.87 3124.76 2432.08 2254.74 234.354 199.634 32102.2 2782.37 2471.26 2414.48 185.058 311.105 2229.42 207.913 109.505 29319.8 2511.11 2368.06 1612.94 1000.23 741.468 600.368 141.099 26808.7 18989.7 1085.79 502.514 258.759 165.849 565.748 540.634 7819 7627.44 5196.1 1218.85 3977.25 1322.61 1135.99 186.62 2431.34 2037.12 452.829 470.164 217.347 252.816 2654.63 394.221 2318.02 1305.4 665.83 1584.29 831.005 1092.57 961.309 355.435 126.279 210.873 17903.9 1759.65
internal_count=785037 695986 79327 74526 60277 46972 42076 5117 4855 616659 17004 14681 14413 1041 2323 13372 1432 528 599655 24860 23670 16850 10416 7674 6827 847 574795 523406 6500 3149 2742 1529 6422 6149 51389 50340 30620 6319 24301 7730 6700 1030 19720 15942 3739 3138 1349 1789 16571 3778 14929 8714 3562 12203 6889 5434 4817 1949 885 1482 516906 20948
is_linear=0
shrinkage=0.05


Tree=118
num_leaves=63
num_cat=0
split_feature=1 50 3 46 5 48 35 48 48 55 46 5 35 47 50 4 7 53 53 48 48 40 47 5 40 48 43 17 52 40 11 23 34 48 48 55 55 23 52 40 30 52 38 4 33 55 40 5 11 30 39 48 48 47 17 3 23 48 48 40 48 4
split_gain=31.5457 21.4488 23.6254 22.7 22.6523 38.6654 34.4209 34.334 44.4496 84.4496 29.3805 27.628 34.1823 26.5005 22.1182 21.797 21.2951 43.6907 52.6341 19.6662 104.739 57.8073 53.5794 52.3973 42.232 82.0526 39.3146 38.1409 32.2156 31.3503 31.2445 30.6185 30.0504 29.6804 56.6321 73.6087 48.9928 43.93 61.1093 52.3268 45.2328 37.2823 35.0828 52.3172 42.8464 34.3311 34.5558 33.3054 32.5696 31.2432 49.4707 49.3595 47.3421 37.1664 38.3847 33.1389 89.8435 46.6392 32.4416 50.3127 48.8864 81.4509
threshold=293.69381713867193 4.1289961338043222 266.56079101562506 0.58400440216064464 220.15905761718753 0.9702095389366151 5.312911033630372 0.97297734022140514 0.91066169738769542 -0.91597560048103321 1.6586999893188479 282.46647644042974 16.836189270019535 -0.89959621429443348 104.96093368530275 222.17572021484378 292.53961181640631 3.361111164093018 -2.388888835906982 0.8446832299232484 0.86708140373229992 19.470581054687504 -6.9151558876037589 250.52107238769534 9.5490112304687518 0.89492958784103405 1.3923187255859377 -1.2947235107421873 23.392936706542972 15.549011230468752 289.37577819824224 -5.0849182605743399 10.984889507293703 0.81332153081893932 0.74900639057159435 -0.98296290636062611 -0.91597560048103321 -21.068886756896969 38.203815460205085 7.3725357055664071 26.641323089599613 57.570123672485359 -10.058830261230467 240.13414001464847 15.631996631622316 -0.7865660786628722 10.980384826660158 260.82518005371099 287.27018737792974 16.447739601135257 -16.246913909912106 0.32099205255508428 0.01708924770355225 -0.37701225280761713 -41.82502365112304 255.44509887695315 -28.772323608398434 0.5229582190513612 -0.091793358325958238 5.5097961425781259 -0.11090746521949767 271.48072814941412
decision_type=2 2 2 2 2 2 2 2 2 2 2 2 2 2 2 2 2 2 2 2 2 2 2 2 2 2 2 2 2 2 2 2 2 2 2 2 2 2 2 2 2 2 2 2 2 2 2 2 2 2 2 2 2 2 2 2 2 2 2 2 2 2
left_child=1 2 -1 -4 6 19 -3 8 9 10 13 -7 -13 -8 -10 -11 -5 18 -18 21 23 33 -23 26 25 28 -21 31 -22 -25 -27 -26 -32 34 36 -36 -6 38 48 -40 -39 42 45 -44 -45 -37 -47 -48 -35 52 55 -52 53 54 -38 -51 -57 -58 60 -60 -55 -62
right_child=-2 4 3 16 5 11 7 -9 14 15 -12 12 -14 -15 -16 -17 17 -19 -20 20 24 22 -24 29 27 30 -28 -29 -30 -31 32 -33 -34 37 35 41 49 40 39 -41 -42 -43 43 44 -46 46 47 -49 -50 50 51 -53 -54 58 -56 56 57 -59 59 -61 61 -63
leaf_value=-0.008747028045032388 -0.033341711603867535 0.021122058521938387 -0.014650452366817321 0.0094417277342257362 -0.049113838963031869 -0.028201525572907948 0.031020370585855786 0.033784319240682308 -0.015481677481326603 0.00059062406324456203 0.049710927443837809 -0.03867662678219691 0.16868066605482543 -0.021485822482753221 0.011814083769825226 0.013728111944536242 0.08118758959171779 0.021426715730415821 0.7099315240935562 0.087896187352721894 0.039866650019369121 0.016938050793834092 -0.01823572492381861 -0.0046606917334124764 0.003332433508523669 -0.024096813195188506 0.025819503224174142 -0.062662689169604865 -0.012813478554150154 0.036130036148323282 -0.035109611223915579 0.035790288863288285 0.031218808131022815 -0.029055568055177394 -0.041143901905127761 0.0035703255854980988 -0.021818949894583411 -0.0058388310771948122 -0.033371611494525021 0.04847349631841244 0.032353232038802644 -0.013336402375915442 0.017650775479786478 0.019011495070015934 0.086274575429306138 0.014617249266455318 0.10304771069937076 0.01311293401895311 0.0056958987895470957 -0.015462669696981896 -0.012218173567534948 0.0078014448369680203 0.0042144840708443878 0.0012582941691814701 -0.0033695724151402806 -0.0085381645977903303 0.0080626002096360321 0.083681079178279702 -0.010706946387236517 0.043123381285103159 0.0012369569674596903 0.071227097914786541
leaf_weight=1348.5454558287747 71.519631925504655 257.34660187456757 116.26848380261799 334.85718965699198 51.567527143633924 166.05270372191444 74.63077587634325 85.200294617563486 483.73350683972239 3409.324629932642 122.43990198336542 3.8926748615340321 4.0607951832935214 35.443984892219305 87.666522607207298 347.94983513397165 0.76068487379234284 3.4796931772725657 0.59182987007079535 57.970002003828995 96.634821388404816 126.2715660687536 759.35947893373668 91.622832074644975 2356.3644390163827 461.78386190917809 45.544330388307571 21.431138720363379 41.477396204078104 96.943491013720632 25.09798189427238 74.969939980655909 53.426617848919705 437.70823061047122 65.022211991017684 516.0023294420098 298.14124603028176 294.77712624147534 29.213590781029779 58.908756773336791 105.19122603163123 116.1148647601367 285.68844844959676 39.044541384093463 60.147579465061426 93.820051664020866 26.815010251477361 16.708971775427926 79.699194315413479 1161.4299560550135 436.78923662938178 1043.34656951949 5820.0051994412788 8066.39421814651 5183.6177635855856 543.16080685844645 38.915954313240945 42.835293546319008 879.06848740042187 45.662153503857553 109.23598015122116 67.103670419834089
leaf_count=13773 86076 1880 11430 12451 1102 3604 505 552 3209 19613 687 794 126 213 481 2135 407 1554 311 457 3555 1123 8378 3697 32047 12195 336 133 1548 625 5861 388 5594 8216 1624 15486 19795 1886 1183 651 929 1983 1584 296 438 3943 347 370 7314 18171 3111 6559 158984 200607 62258 8282 524 441 20435 624 892 1899
internal_value=-0.000166773 -0.000102997 -0.00542035 0.00441865 0.000168063 -0.000339139 0.00332222 0.00233635 0.00174892 0.00361685 0.0328587 -0.0238412 0.0671936 0.0141134 -0.0112939 0.00180725 0.0109456 0.11516 0.356312 -0.000204265 0.00336514 -0.000658542 -0.0132207 0.0320008 0.000693968 -0.0103472 0.0605836 0.00374789 0.0240459 0.0163102 -0.0191387 0.00433327 0.010019 -0.000230839 0.000107833 0.0106173 -0.000430893 -0.00865359 -0.0171475 0.0213409 0.00420564 0.0135329 0.0165379 0.0285131 0.0597981 0.00948351 0.0316994 0.0685215 -0.0237026 -0.000325126 -0.00486619 0.00189364 0.000399536 -0.00111611 -0.00437299 -0.0104673 -0.00118309 0.0476845 0.000831373 -0.00804887 0.00182762 0.0278708
internal_weight=37274.8 37203.3 1804.5 455.958 35398.8 30495 4903.74 4646.39 4561.19 3989.79 232.515 174.006 7.95347 110.075 571.4 3757.27 339.689 4.83221 1.35251 30321 3423.27 26897.8 885.631 292.081 3131.19 678.421 103.514 2452.77 138.112 188.566 540.308 2431.33 78.5246 26012.1 25006.6 1219.36 23787.3 1005.5 605.53 88.1223 399.968 1154.34 1038.23 384.881 99.1921 653.346 137.344 43.524 517.407 23735.7 3266.48 1480.14 20469.2 14649.2 5481.76 1786.34 624.912 81.7512 9167.46 924.731 8242.73 176.34
internal_count=785672 699596 39926 26153 659670 630395 29275 27395 26843 23153 1405 4524 920 718 3690 21748 14723 2272 718 625871 66436 559435 9501 5115 61321 28753 793 32568 5103 4322 23650 32435 11455 549934 529755 26071 503684 20179 17364 1834 2815 24447 22464 2318 734 20146 4660 717 15530 502582 37088 9670 465494 306510 82053 27418 9247 965 224457 21059 203398 2791
is_linear=0
shrinkage=0.05


Tree=119
num_leaves=63
num_cat=0
split_feature=39 53 49 49 50 29 5 42 47 36 51 5 16 54 49 48 15 54 50 47 11 51 48 49 52 37 47 49 49 49 39 54 25 48 41 49 54 52 36 49 38 11 27 36 39 38 35 52 5 35 49 53 11 29 50 38 54 48 38 2 38 38
split_gain=33.2393 23.9336 36.8399 27.4094 46.1012 27.3047 32.3447 26.2394 29.1713 32.1039 30.8992 25.8219 24.8534 29.4041 22.0738 34.8737 51.9358 29.1058 34.3538 28.2099 45.5326 30.6217 26.0412 25.8104 32.9157 24.4783 51.5718 26.5344 30.8865 25.646 22.8118 23.2212 31.4108 33.2234 21.9472 23.0998 65.0666 33.4665 34.5822 30.7495 37.9925 33.8368 32.2494 28.958 32.8501 27.3162 25.122 32.1879 24.3561 28.0457 27.8332 23.8361 34.0701 22.164 25.3862 21.9892 22.2595 21.5545 20.5353 37.2082 20.4727 34.7351
threshold=-55.694984436035149 545.16665649414074 291.75315856933599 247.43756103515628 124.68043136596681 2.6333522796630864 220.15905761718753 16.19577789306641 -7.5709824562072745 225.00000762939456 23.477389335632328 237.715934753418 -52.34727478027343 -0.6035533845424651 267.04945373535162 0.86031579971313488 -20.884651184082028 -0.6035533845424651 40.111507415771491 -0.36103302240371699 288.88053894042974 33.63366889953614 -0.41664040088653559 260.24180603027349 13.015434265136721 289.16122436523443 -1.3542060852050779 271.74914550781256 268.30914306640631 286.52598571777349 -30.774875640869137 -0.37940952181816096 11.098007202148439 -0.37438794970512385 -1.0944099426269529 265.21868896484381 1.0000000180025095e-35 24.303702354431156 235.58823394775393 259.93206787109381 -25.41176605224609 233.60381317138675 16.909451484680179 279.11766052246099 -36.271606445312493 -29.88234710693359 5.8028364181518564 20.289227485656742 283.59516906738287 0.2933505922555924 282.69186401367193 547.66665649414074 276.70117187500006 -2.7378983497619624 145.82997131347659 -46.235298156738274 1.0000000180025095e-35 -0.31937581300735468 -19.470596313476559 272.33500671386724 -5.1176528930664054 -2.1764755249023433
decision_type=2 2 2 2 2 2 2 2 2 2 2 2 2 2 2 2 2 2 2 2 2 2 2 2 2 2 2 2 2 2 2 2 2 2 2 2 2 2 2 2 2 2 2 2 2 2 2 2 2 2 2 2 2 2 2 2 2 2 2 2 2 2
left_child=-1 3 12 4 5 -2 -7 -5 -9 10 11 -10 13 -3 15 -11 23 18 22 30 -21 57 -16 -17 -25 27 -27 28 -24 -29 31 32 33 -19 53 36 37 38 60 46 -41 -42 -43 51 48 -46 -38 -48 49 -45 55 52 -37 54 -14 56 -50 -22 -30 -60 -36 -62
right_child=1 2 -4 7 -6 6 -8 8 9 14 -12 -13 34 -15 17 16 -18 19 -20 20 21 -23 25 24 -26 26 -28 29 58 -31 -32 -33 -34 -35 35 43 39 -39 -40 40 41 42 -44 44 45 -47 47 -49 50 -51 -52 -53 -54 -55 -56 -57 -58 -59 59 -61 61 -63
leaf_value=-0.028073070564437769 0.059545866203709746 0.12775969363959622 -0.04333206795430844 -0.0012499279646962548 -0.049395005083492559 0.038630977086642787 0.0033681104175489482 -0.019571765665745481 0.020792208978227998 -0.01550440032808178 1.2793409939412142e-05 0.061048277026800137 -0.0025809223902261247 -0.0040838285380411198 0.10898493085279491 -0.042871064592622 0.14855623859164585 0.034208511931193931 0.0013694268371423209 0.0088787259000081969 0.1182671657819233 0.17340137989976823 -0.011452801757821172 -0.032336209443676975 0.085898876398628435 0.21522850272476726 -0.012328759869975822 0.0012145947877840626 0.0070802076835955871 0.054996504877937884 0.0080720215071990679 -0.013880335425057101 0.062135885225766074 -0.047309987579817497 0.05008713593814168 0.0051677764745720542 0.047898718472368124 -0.019449179752237578 -0.017928392127923597 -0.018481977804777953 0.006972456755730847 0.040488744652476261 0.094328702816900811 -0.0160905610538036 0.088543412853751641 0.015494279485957005 0.024833336106969237 -0.016008694181374152 0.10826264758840437 0.029986477826097441 -0.021955044799263072 -0.0028684182240636224 0.077206864781490789 0.037272991275808499 0.04917020821899909 0.0030514583784379524 -0.020029468612339237 -0.021567515826301828 0.047694611642075856 0.14777768060042359 -0.013459422415734126 0.041827426253489654
leaf_weight=107.69221876037773 34.335393527522683 8.7903294614516216 41.723457344807684 30333.305474315013 28.063075752928853 88.500358626246452 245.19869004376233 122.30829997139517 128.82869450934231 277.97521263896488 111.9827642608434 57.665848907083273 132.92757883039303 8.1496353211696242 9.8536351434886438 15.496112455148248 7.8182145822793236 24.914960704743862 202.10584941681009 358.25411082291976 4.879841980524362 6.8625929395202538 16.239174303598702 9.6938179712742585 14.987041388871146 5.0313076631864533 4.929094788269138 123.97416142665315 10.956925730686633 26.992057140916586 270.40409663785249 464.92106525297277 24.804623577394523 25.081178585649468 45.244603257626295 62.133685091510415 34.260664867179003 203.44084783137077 84.510294946434442 31.37729332811432 58.371917977929115 145.42308880202472 34.390726875513792 42.600778501713648 24.176387598272413 27.191056773997843 84.471239052538294 112.4754085438326 11.291170757496731 146.91427453141659 108.25264635478379 2223.4528271730524 22.304216551827267 93.040213671745732 28.838320918963291 52.316833703895099 4.8262879436952053 6.3312956045847395 25.365969723090529 14.650110841961576 65.76808699592948 50.013876898214221
leaf_count=67668 401 402 2707 623414 176 902 1638 3602 799 5535 717 388 1675 1191 125 573 100 612 3994 3615 144 177 363 314 396 365 240 2995 433 360 2694 10902 479 955 293 506 230 1837 710 559 350 848 268 871 206 267 498 751 592 2712 8014 19515 366 693 268 2110 759 295 349 248 363 281
internal_value=-0.000335113 -0.000254577 0.00340436 -0.000695457 0.0123784 0.0170887 0.0127202 -0.00085379 0.00420926 0.0055014 0.0207737 0.0332398 0.00389841 0.0643312 0.00316677 -0.00870883 0.0306493 0.00554671 0.0165286 0.00147314 0.0127851 0.090217 0.0294019 0.00770526 0.0394601 0.0259646 0.102617 0.0224652 0.0485979 0.0108305 -0.00378161 -0.00972036 0.0161358 -0.00668625 0.00363792 0.00265407 0.00936912 -0.00445226 0.00797351 0.021761 0.0332357 0.0400487 0.050786 0.000314065 0.0124306 0.0498753 0.00838278 0.00150862 0.00717819 0.0196289 -0.00617649 -0.00187819 0.0241969 0.0178284 0.00664485 0.0187828 0.0698463 0.039298 0.0677291 0.0843356 0.0215674 0.0104226
internal_weight=37199.1 37091.4 3988.68 33102.7 396.098 368.034 333.699 32706.6 2373.31 2251 298.477 186.495 3946.95 16.94 1952.52 325.97 47.9952 1626.55 440.098 1186.45 376.328 18.0737 237.992 40.177 24.6809 228.139 9.9604 218.178 67.2122 150.966 810.126 539.722 74.8008 49.9961 3930.01 3675.21 949.748 448.978 245.537 500.77 269.563 238.186 179.814 2725.46 417.569 51.3674 231.207 196.947 366.202 189.515 176.687 2307.89 84.4379 254.806 161.766 68.4343 16.1175 11.2111 50.973 40.0161 161.027 115.782
internal_count=785810 718142 49842 668300 3117 2941 2540 665183 41769 38167 1904 1187 47135 1593 36263 6918 1383 29345 9472 19873 4231 616 5478 1283 710 5353 605 4748 1393 3355 15642 12948 2046 1567 45542 42906 6988 3484 1647 3504 2025 1466 1116 35918 15531 473 1479 1249 15058 3583 11475 20387 872 2636 1943 3461 1351 439 1030 597 937 644
is_linear=0
shrinkage=0.05


Tree=120
num_leaves=63
num_cat=0
split_feature=9 53 11 3 1 18 38 41 11 11 0 39 19 53 0 27 41 24 42 11 52 36 52 4 48 51 5 35 28 50 36 17 16 52 43 55 28 51 16 47 55 5 5 48 47 23 50 23 41 23 52 47 13 52 11 38 39 23 55 48 32 48
split_gain=35.3506 24.115 23.7726 28.4373 30.3113 28.4029 23.5651 24.5992 25.245 23.5331 28.9928 25.2187 33.4575 25.8671 27.4943 24.6088 29.7111 29.5077 37.6054 24.1155 23.1447 22.1844 21.2755 21.1637 20.0388 45.2082 43.3902 18.9865 26.2283 18.852 18.7882 17.7626 52.2011 44.8402 32.7377 86.8272 35.5877 34.5621 44.146 39.1221 35.4461 32.3761 32.3042 57.9098 30.7764 30.7093 29.5308 33.933 32.7469 27.2807 33.4428 26.7099 31.2655 26.5004 45.4405 28.8744 26.1683 25.9583 41.0496 36.9381 27.8173 70.3479
threshold=294.54258728027349 734.65478515625011 291.83064270019537 288.04304504394537 289.74359130859381 -50.797880172729485 -47.294120788574212 -1.5381230711936948 286.69488525390631 290.61190795898443 290.65138244628912 -52.01452445983886 -53.628126144409173 7.8333334922790536 295.08934020996099 0.65222358703613292 2.8278938531875615 10.598522186279299 3.8173065185546879 292.61993408203131 10.980319499969484 199.11765289306643 4.2768795490264901 289.94992065429693 -0.74852561950683583 30.066114425659183 253.7664489746094 -0.42913483083248133 -2.1700916290283199 3.1326942443847661 280.88236999511724 -20.292682647705075 -24.810035705566403 36.353063583374031 -3.8460693359374996 0.98296290636062633 4.0746517181396493 49.556632995605476 -41.115377426147454 3.1664252281188969 0.78656607866287243 281.77020263671881 242.13864898681643 0.11755901575088502 -1.6821478605270384 -23.112153053283688 205.75521087646487 -48.712514877319329 -0.8428930640220641 -26.987300872802731 57.570123672485359 1.9669194221496584 -38.997512817382805 21.918452262878422 288.51582336425787 -39.882347106933587 -48.994911193847649 -37.226037979125969 0.98296290636062633 -0.48480302095413202 2.8626743555068974 -0.28530356287956232
decision_type=2 2 2 2 2 2 2 2 2 2 2 2 2 2 2 2 2 2 2 2 2 2 2 2 2 2 2 2 2 2 2 2 2 2 2 2 2 2 2 2 2 2 2 2 2 2 2 2 2 2 2 2 2 2 2 2 2 2 2 2 2 2
left_child=1 6 3 22 20 -4 7 8 -1 21 23 12 19 14 -13 -14 -17 -18 -19 -12 -5 -8 -3 30 25 -23 -27 28 -24 -26 -11 34 44 -34 35 -31 -37 39 40 41 53 57 45 -44 -33 -35 48 -48 -43 -45 -51 -50 -53 54 -39 -56 -55 60 -59 -60 -36 -62
right_child=-2 2 5 4 -6 -7 9 -9 -10 10 11 13 15 -15 -16 16 17 18 -20 -21 -22 24 27 -25 29 26 -28 -29 -30 31 -32 32 33 42 37 36 -38 38 -40 -41 -42 46 43 49 -46 -47 47 -49 51 50 -52 52 -54 56 55 -57 -58 58 59 -61 61 -63
leaf_value=0.044131955942527654 -0.036448687620594118 0.016076813510521825 0.022864697509090402 0.12706165503643088 -0.030840702339941285 -0.054637207286218584 0.04843592662838353 -0.018382466476729753 -0.030500240268144713 0.043423936941122065 -0.017992282122730616 0.030124439325831882 -0.050529836507904137 -0.010814094892524571 0.32858464264327614 0.29249937507816764 0.019862312817958361 0.33793685624497294 0.084968439124651074 0.049780007352932032 0.0082581429374663194 -0.029796655436759845 0.0074085674962215678 0.13922024954632506 -0.0064087317987355195 0.070126258446248702 -0.0055939615085373266 0.0014296965875224914 0.050599496960843232 -0.015815089739031059 0.0033958662032061732 -0.0012459961518301462 0.0014364803405287699 -0.023148132798557805 0.0052604332525906551 0.066153480576520776 -0.028701598403049769 0.026558334494272574 0.00080128096949722873 0.014764071456989328 -0.0080696378413972775 0.0010621127364878651 -0.0078898805720453609 0.0050051050609008149 0.024189815946068408 -0.0060454373108052538 0.10157732598606167 -0.00018092874554556784 -0.01913446598948048 0.0092228295379696255 0.065471731427801244 0.02817218412058789 -0.034547546543223104 -0.010775708379882129 0.21298968656623771 0.068346919563967809 0.027098705276384777 -0.0069978703447423803 0.004672548206503457 0.058445740558349682 -0.023642475405981384 0.00067316243963958476
leaf_weight=33.893097726628184 65.917804960219655 379.30190129671246 17.961957165389322 13.232872728025546 7.0740875002229577 34.581422641000245 23.479255298152566 302.66750153579051 17.02123055991251 74.69761010305956 33.848057130642701 31.012265827972445 2.9533071615733233 211.47604336740915 0.79131977952783827 1.8943149048718648 8.5075940783717652 2.0594401488197027 5.1253233739407733 21.440437454555649 5.9395906729623666 168.07218063017353 140.81270669423975 4.4079468570416784 1134.5486185404006 24.553277329541743 82.454257533070631 1697.365722007642 46.84305188478902 746.24053579336032 48.252099734148942 173.51174429617822 18238.219590399647 317.4305411875248 2067.8409362516832 47.852349635213614 12.463767445180563 27.991513595217839 1226.1397286739666 336.9765061151702 98.086399861844257 392.72172114695422 317.33296000957489 81.766368146985769 378.00086183089297 1515.9348163055256 12.461176928249186 23.916640787618235 813.30201077269157 43.858433664776385 66.479064963757992 65.17001176381018 28.58549365028739 54.361944112810306 6.5968817234970629 7.2337392996996623 283.15414765872993 2395.1108903319109 121.65027456171811 43.304792018607259 341.97224579553585 2284.9403386678314
leaf_count=278 83187 2179 1707 160 891 2071 566 116367 2213 2369 5382 7862 502 51542 219 326 1277 359 348 4021 1124 6598 1470 692 17208 155 2267 16107 309 23479 5177 2854 149116 3381 36359 574 540 542 17397 3954 2755 12006 2667 1117 5236 10024 299 440 61793 592 636 3018 413 3107 280 154 5880 27572 1261 219 14943 58342
internal_value=0.000134526 0.000199443 0.0051093 0.00587208 0.0576179 -0.0281432 -0.000131106 -0.0129734 0.0191816 7.02049e-07 0.0114054 0.00335595 0.0285327 -0.00449145 0.0375506 0.0830229 0.10545 0.0828704 0.157479 0.00828927 0.0902566 -0.00014904 0.00527228 0.0315741 -0.000182611 -0.013623 0.0117803 0.0030982 0.01819 -7.29193e-05 0.0277148 0.000147779 0.00100681 0.000600017 -0.00143934 -0.0111511 0.0465526 -0.00070256 0.00582377 -0.00194786 0.0187227 -0.00260338 -0.00591167 0.00522642 0.0161874 -0.00900661 -0.00975568 0.0346762 -0.0109992 0.026893 0.0431132 -0.0162213 0.00904931 0.0256505 0.0631933 0.137338 0.0209985 -0.00128611 -0.0053363 0.0187893 0.000922478 -0.00249225
internal_weight=37212.8 37146.9 2343.11 2290.57 26.2466 52.5434 34803.8 353.582 50.9143 34450.2 446.466 319.108 75.8285 243.28 31.8036 20.54 17.5867 15.6924 7.18476 55.2885 19.1725 34003.7 2264.32 127.358 33980.2 275.08 107.008 1885.02 187.656 33705.2 122.95 32570.6 21132.5 20581 11438.1 806.557 60.3161 10631.5 1703.56 8927.95 477.425 8590.98 2342.8 509.437 551.513 1833.37 1336.16 36.3778 1299.78 192.104 110.337 907.058 93.7555 379.338 41.8221 13.8306 337.516 7254.82 2560.07 164.955 4694.75 2626.91
internal_count=785883 702696 26018 22240 2175 3778 676678 118858 2491 557820 80076 71838 12215 59623 8081 2812 2310 1984 707 9403 1284 477744 20065 8238 477178 9020 2422 17886 1779 468158 7546 450950 175623 167533 275327 24593 1114 250734 30115 220619 12718 216665 18417 5012 8090 13405 77969 739 77230 2345 1228 65224 3431 9963 976 434 8987 138696 29052 1480 109644 73285
is_linear=0
shrinkage=0.05


Tree=121
num_leaves=63
num_cat=0
split_feature=2 36 50 54 49 49 38 54 36 41 55 48 48 33 39 49 49 37 54 5 29 49 36 41 41 17 49 36 38 50 54 48 49 49 27 49 49 7 49 39 38 36 49 8 49 49 49 49 37 49 48 49 49 49 0 48 49 49 39 17 46 39
split_gain=31.0061 20.1462 19.7949 28.9963 25.6191 86.5446 53.4901 46.2595 80.0372 48.1 42.8322 55.5466 56.0274 37.4668 32.9464 62.9433 39.0427 86.1719 41.1735 43.0817 38.0225 83.1323 36.6108 34.1426 33.3487 32.0303 42.9327 35.6033 82.0394 32.2695 30.5914 80.6012 81.8933 156.8 145.978 115.047 93.5423 138.768 70.2638 152.607 62.1449 61.0487 53.1657 60.6096 73.6011 124.354 49.255 72.2103 66.7746 48.8074 57.7869 48.766 83.499 47.8983 47.201 45.7491 43.9862 43.4285 87.4488 88.1628 65.8696 77.3398
threshold=293.50416564941412 199.11765289306643 9.5517249107360858 0.37940952181816107 286.08425903320318 285.09815979003912 -42.941184997558587 0.60355338454246532 272.64704895019537 26.90389442443848 0.91597560048103344 -0.091793358325958238 1.0000000180025095e-35 9.8705945014953631 -34.37908744812011 290.36918640136724 287.85705566406256 280.22875976562506 -1.0000000180025095e-35 278.89863586425787 16.001280784606937 287.93347167968756 242.64705657958987 23.847252845764164 20.364076614379886 -38.32276535034179 286.41694641113287 277.94117736816412 -26.705879211425778 47.853858947753913 -1.0000000180025095e-35 -0.20123150944709775 274.68690490722662 268.11450195312506 4.9488983154296884 264.80390930175787 269.97990417480474 269.01600646972662 267.04945373535162 -19.56281757354736 -7.3529434204101554 232.64705657958987 284.34808349609381 271.57748413085943 266.63755798339849 269.27120971679693 263.06666564941412 261.33148193359381 274.81845092773443 284.37030029296881 -0.25980782508850092 259.93206787109381 254.46063232421878 259.72676086425787 283.61671447753912 -0.18589657545089719 266.37236022949224 268.64752197265631 -13.182280540466307 -8.1291046142578107 4.7684202194213876 -27.026869773864743
decision_type=2 2 2 2 2 2 2 2 2 2 2 2 2 2 2 2 2 2 2 2 2 2 2 2 2 2 2 2 2 2 2 2 2 2 2 2 2 2 2 2 2 2 2 2 2 2 2 2 2 2 2 2 2 2 2 2 2 2 2 2 2 2
left_child=1 -1 3 -3 5 30 -6 9 -9 14 11 13 -13 -7 20 16 17 -16 22 -20 24 23 -18 -22 -8 26 -10 28 29 -27 31 32 33 35 36 46 37 -35 39 -33 53 55 43 -32 -45 -46 47 51 -48 -44 -51 52 -4 -41 -39 -42 -57 58 59 60 61 -40
right_child=-2 2 4 -5 6 10 7 8 25 -11 -12 12 -14 -15 15 -17 18 -19 19 -21 21 -23 -24 -25 -26 27 -28 -29 -30 -31 42 38 -34 34 -36 -37 -38 54 57 40 41 -43 49 44 45 -47 48 -49 -50 50 -52 -53 -54 -55 -56 56 -58 -59 -60 -61 -62 -63
leaf_value=0.046189355505947098 -0.041311015641867926 -1.0921261351397561e-05 0.01367712713123645 -0.0080956518348532774 -0.022410810372418256 0.029954525910951026 -0.00091733564674102382 -0.028488292006992228 0.15885917998259211 -0.03001292110330725 -0.010189416152732356 -0.050237231937467798 0.013021045491794858 0.10495739821984054 -0.009110512796741509 -0.038683310267964899 0.014774864210668712 0.076071641182223426 0.021277523177564813 -0.047550176605930465 0.069031638481648144 -0.01427788857374849 0.061213908923909856 0.018266259137582588 -0.028210463235517538 0.017673776933483307 0.011731285750843486 -0.022386434325591426 0.096987464299911466 -0.027769234545873562 0.0032709896865123073 -0.024909565014347063 -0.020787728622373932 0.0074182954686103399 -0.018231995334890255 -0.037820322333173478 0.012172728310771987 0.13419515507964361 0.031927977080324285 0.032930491762382448 0.05793614249707827 -0.035544765021611843 0.052069425045714081 0.0117294108054656 -0.034427758117061287 -0.0034859625372241662 0.097857202359182258 -0.05924293556592633 -0.047565001793495702 -0.03129367771414953 0.01801281204712436 0.0076541801659452229 -0.033111850696561772 -0.0089427095593161681 0.056447703286256472 5.3427020841041609e-05 -0.048956197611289637 0.0021392253184640136 -0.0054865115080181114 0.042459060034558654 -0.028671545523128918 -0.01427721183772118
leaf_weight=23.443995410576463 45.800217731506564 2780.5807991076726 148.18858313001692 1844.8959518097108 341.37266718951287 385.7858754688059 1516.2949803753872 392.27083384024445 5.0675902704242608 114.04339219350368 136.8060295265168 38.72022785426816 364.60894753818866 17.401680277660489 219.69254280207679 54.577650676481426 66.350449234247208 34.329212769400328 143.81973245553672 27.00458212569356 69.496568584349006 107.71962926583365 117.77499434165657 63.278173267841339 120.8408738898579 78.520556101575494 230.03387774596922 210.82521343702683 22.598507752642035 77.746811929158866 10379.526361861965 718.49474957882194 917.80141567165265 79.297365035861731 357.9355213008821 401.91378495690878 781.14270256191958 45.506397178862244 293.87184941087617 240.38467553071678 33.516208086162806 127.60165395028889 84.032348406268284 650.67740879429039 359.93938439263729 3318.5579764952417 24.644835136830807 64.254784558899701 11.613833424111361 69.771595747151878 400.67901657073526 425.2383141561877 267.4373085948173 95.398097520694137 34.188085365574807 2411.564848465845 46.667829105630517 3739.3728317112545 432.03474670834839 327.74613049486652 93.480610051658005 130.90845007169992
leaf_count=586 74399 60602 1242 42182 86702 7061 49800 7466 317 1107 5028 1123 9992 176 1942 440 360 399 996 450 418 1021 849 358 1760 1187 11379 5016 248 967 89203 19944 25429 479 4705 4391 8693 544 7140 1989 243 891 1592 15347 11497 106898 123 955 644 1866 5251 3146 2988 1144 1443 15908 489 69705 2429 2207 1639 1468
internal_value=-0.000196809 -0.00014608 -0.000175363 -0.00323556 0.000260569 0.000788025 -0.00347908 -0.0017192 -0.0107865 0.00175397 0.0156796 0.0200676 0.00694815 0.0331917 0.0031796 0.0127565 0.0173667 0.00240124 0.0280768 0.010397 -0.000204843 0.0183593 0.0444794 0.0448377 -0.00293191 0.000327403 0.0149026 -0.00846585 0.00794203 -0.00493523 0.000277455 -0.00158355 -0.00792125 -0.00345049 0.00894219 -0.015426 0.0192882 0.054247 0.00101186 -0.00424216 0.000782794 -0.00181328 0.0017711 0.00119814 -0.00377167 -0.0065136 -0.00586489 -0.008154 0.0512777 0.0169698 0.0107003 -0.00425003 -0.0164296 0.021034 0.100842 -8.58983e-05 -0.000876986 0.00485873 0.0128156 0.0221621 0.00932637 0.0176885
internal_weight=37165.1 37119.3 37095.8 4625.48 32470.4 28456.7 4013.66 3672.29 1017.06 2655.22 943.323 806.517 403.329 403.188 2541.18 663.549 608.972 254.022 354.95 170.824 1877.63 240.494 184.125 132.775 1637.14 624.793 235.101 389.691 178.866 156.267 27513.4 12250.2 3559.16 2641.36 1298.07 1343.29 940.135 158.992 8691.04 3673.63 2955.13 2619.35 15263.2 14708.7 4329.17 3678.5 941.378 905.119 36.2587 554.483 470.451 840.864 415.626 335.783 79.6945 2491.75 2458.23 5017.41 1278.04 846.007 518.261 424.78
internal_count=785963 711564 710978 102784 608194 435012 173182 86480 26580 59900 23380 18352 11115 7237 58793 5436 4996 2341 2655 1446 53357 1797 1209 776 51560 19114 11696 7418 2402 2154 411632 179978 54782 29353 15864 13489 11159 2466 125196 40608 20664 17531 231654 222945 133742 118395 9098 8331 767 8709 7117 7376 4230 3133 1987 16640 16397 84588 14883 12454 10247 8608
is_linear=0
shrinkage=0.05


Tree=122
num_leaves=63
num_cat=0
split_feature=2 35 26 47 25 23 41 40 17 1 45 49 49 41 54 49 49 36 53 23 26 53 40 26 0 22 17 49 41 38 49 49 37 31 41 35 49 17 49 42 47 18 47 23 49 54 43 28 42 5 41 49 54 47 49 46 40 49 21 43 46 49
split_gain=30.0632 18.17 52.1419 42.817 39.0278 32.7658 28.6944 33.7114 32.5534 28.9685 27.9027 26.9825 49.0345 25.7003 32.6059 37.0555 38.1252 27.7352 25.415 25.2947 27.6264 25.2558 24.5218 24.1947 24.0848 34.1441 23.7053 23.1142 22.2568 48.0417 28.3596 27.1203 24.781 21.6809 34.92 21.3529 31.4096 35.0872 21.3081 20.7003 44.281 38.2884 34.748 41.2378 29.0663 28.8126 26.5958 36.9047 23.6499 23.5745 52.6935 44.4791 42.4258 95.2054 81.2796 59.9051 43.2047 47.4763 60.7166 40.8277 44.0293 58.987
threshold=292.93225097656256 -1.6928170919418333 -2.2751493453979488 0.16343873739242556 -2.5685839653015132 -44.224159240722649 -0.73347115516662587 -2.5686340332031246 -4.2366523742675772 287.41619873046881 1.6992340087890627 272.85017395019537 276.47534179687506 -0.23868268728256223 0.12940952181816109 277.24395751953131 275.76867675781256 287.35295104980474 370.29167175292974 -46.967977523803704 0.070651531219482436 11.388888835906984 -2.8039245605468746 -1.1251268386840818 284.53353881835943 -38.770772933959954 -46.051902770996087 276.58561706542974 0.97942644357681286 -26.352943420410153 265.70214843750006 269.27120971679693 268.60566711425787 -2.8926048278808589 -2.26288890838623 -2.6504474878311153 288.78967285156256 -40.54822921752929 273.45858764648443 11.629913330078127 -1.508324861526489 -42.472171783447259 -8.5341539382934553 -24.102975845336911 267.78880310058599 -0.6035533845424651 11.167251586914064 3.9450702667236333 23.419822692871097 250.52107238769534 1.977247476577759 265.41934204101568 0.12940952181816109 0.067178636789321913 272.37759399414068 5.1165428161621103 5.8627319335937509 289.56823730468756 -30.12334060668945 -4.0399703979492179 3.0685133934021001 285.67515563964849
decision_type=2 2 2 2 2 2 2 2 2 2 2 2 2 2 2 2 2 2 2 2 2 2 2 2 2 2 2 2 2 2 2 2 2 2 2 2 2 2 2 2 2 2 2 2 2 2 2 2 2 2 2 2 2 2 2 2 2 2 2 2 2 2
left_child=1 3 22 4 10 11 9 8 28 18 33 -6 -13 14 23 16 -16 39 -4 21 -21 27 -3 -9 25 -7 -14 -11 29 32 -31 -32 -8 38 35 36 -35 -38 -1 42 41 -41 43 -15 -43 -46 49 -48 -42 50 -44 -51 54 -54 55 -53 57 -56 -59 -55 -61 -62
right_child=-2 2 6 -5 5 24 7 13 -10 19 -12 12 26 17 15 -17 -18 -19 -20 20 -22 -23 -24 -25 -26 -27 -28 -29 -30 30 31 -33 -34 34 -36 -37 37 -39 -40 40 48 44 46 -45 45 -47 47 -49 -50 51 -52 52 53 59 56 -57 -58 58 -60 60 61 -63
leaf_value=0.026583343976311638 -0.034772000288879744 -0.020141903026254643 0.0021287986964804383 -0.014586336640666171 0.01349349679558968 0.045917317883259978 0.08927832717063594 0.0062075603638152921 0.017594325027443389 0.21610123603741302 0.037744272530451185 0.14573585456408208 -0.046065114946562041 -0.025382787378500041 -0.0047179304494261373 -0.017456146087014627 0.052745486330981708 -0.020815708686001265 0.019220767783337863 0.049010891663440678 0.1892450877823591 -0.028927892005781376 0.018098946122725997 0.048976369699794756 -0.0147308699912191 0.0034320492351499611 0.061779119558002173 -0.023229243498711891 -0.021960210304956682 -0.036133144189929439 0.057948564560555804 0.007840898810308616 -0.017951177271053189 0.02312727011141804 -0.0092866461352201536 0.012568928360740451 0.18165555013654724 0.03722268299664943 -0.018525550505002968 -0.010185709726095428 0.0060013489774160484 -0.0049969141213042252 0.016580368153702337 0.02307438298240265 0.019809074772867606 0.0011286049145208944 0.006725913825348079 -0.018261342947726023 0.020555659079878337 -0.014239178820866128 0.0001052883509936657 0.019509084661828935 -0.017361888944584663 -0.019446474427134017 -0.010732919539132371 -0.031469169813744806 0.0049394657933969285 0.012113781207936767 0.18940377024159283 -0.005733786311005809 0.015420451916168205 -0.0073373466931269758
leaf_weight=30.42848366452381 62.141077700565802 436.73842704953859 1149.0665044542402 196.55683226883411 26.107689584605396 93.702898008748889 5.4509915523231021 54.20872979820706 110.41842973977327 2.2466041659936336 53.082634250167757 16.734595530666411 6.4061009753495481 51.994152192026377 62.001930165104568 121.74431060935603 54.008140813093632 160.38861746020848 268.27146098902449 39.863072976120748 3.8513282723724833 18.365518687642179 46.372815810143948 84.791473913588561 49.400727549102157 95.478200864046812 24.907562739914283 1.8311018213862551 322.25143300590571 32.833359636366367 29.958438090980053 273.81152840238065 466.53854578308528 30.26061218068935 137.24314874224365 97.431783814681694 8.2845558125991392 8.5389038962312025 187.48060249013361 849.13642707990948 1956.5004820757313 626.43914847914129 498.74493180192076 282.2259407620877 364.56158441584557 475.84548825956881 215.50548261543736 470.13595207640901 325.56127777229995 755.3333635267918 18051.291435161256 793.88781431841198 1130.1521898536594 242.93579425488133 1333.3346476542065 62.138641071971506 1281.1524193168734 165.55889724614099 4.9743368588387957 1012.4813288645819 891.27488877123687 418.39442733803298
leaf_count=309 95805 9287 10074 3509 431 839 37 673 810 195 492 335 443 1046 639 2481 381 113040 2068 2306 111 2703 523 784 1437 783 600 291 5355 221 167 1887 19579 563 2340 1952 307 107 4484 27222 28736 7288 2719 2003 3896 5320 1661 4305 4090 17991 152631 19397 47739 8211 60156 1519 30550 8585 39 43298 12453 7328
internal_value=-2.36501e-05 3.46045e-05 -0.000155525 0.00648021 0.0112645 0.0253802 6.63779e-05 -0.0002303 -0.00831865 0.00687347 0.00327812 0.0544094 0.0766417 7.58216e-05 0.0130596 0.0018127 0.022034 -7.50637e-05 0.00536394 0.0392132 0.0613658 -0.00393513 -0.0164712 0.0322969 0.0163573 0.0244753 0.0397165 0.108629 -0.0108489 -0.00642061 0.00801122 0.0127826 -0.0167128 -0.000383423 0.00877596 0.0259296 0.053577 0.108347 -0.0122266 2.8055e-05 0.00313462 -0.00173605 -0.000488335 0.015536 0.00315535 0.00923204 -0.000684316 -0.0104075 0.00807768 -0.000434082 0.000548245 -0.00268607 -0.00149658 -0.0052709 0.00233392 0.0158086 -0.00180777 -0.00755576 0.0172852 5.62789e-05 0.00209659 0.00815012
internal_weight=37128.8 37066.6 36004.6 1062.05 865.489 312.738 35521.5 34038 1241.26 1483.5 552.751 74.1559 48.0483 32796.7 376.755 237.754 116.01 32419.9 1417.34 66.1576 43.7144 22.4432 483.111 139 238.582 189.181 31.3137 4.07771 1130.84 808.593 336.603 303.77 471.99 499.668 281.759 144.516 47.0841 16.8235 217.909 32259.6 4598.04 2315.98 27661.5 334.22 1466.85 840.407 27327.3 685.641 2282.06 26641.7 18550 8091.62 7336.29 3695.24 3641.05 856.026 2785.02 1503.87 170.533 2565.09 2322.15 1309.67
internal_count=786531 690726 671795 18931 15422 4868 661985 644237 28056 17748 10554 1809 1378 616181 4958 3501 1020 611223 12142 5606 2417 3189 9810 1457 3059 1622 1043 486 27246 21891 2275 2054 19616 10062 5269 2929 977 414 4793 498183 76552 43726 421631 3049 16504 9216 418582 5966 32826 412616 155350 257266 239275 119029 120246 20916 99330 68780 8624 71290 63079 19781
is_linear=0
shrinkage=0.05


Tree=123
num_leaves=63
num_cat=0
split_feature=36 53 17 49 29 18 23 47 49 36 49 49 54 50 48 54 55 48 52 39 49 49 21 48 36 54 49 52 22 54 40 48 48 48 36 39 54 49 48 49 40 49 51 49 49 48 48 40 49 47 35 54 48 5 17 29 23 49 46 17 46 16
split_gain=33.9136 19.7209 18.8925 32.75 24.5517 18.1992 17.9637 22.4183 18.8992 25.4945 16.7507 74.2947 114.797 68.9884 63.1745 58.1372 104.193 91.7585 82.4993 76.4973 73.6193 82.6886 83.2887 74.7269 63.3157 107.955 87.836 61.371 47.9529 55.2839 59.8373 47.9197 53.5495 68.3809 47.5472 83.9898 47.9246 50.6905 47.5087 47.4825 76.4201 58.5517 48.2405 61.6549 84.9957 81.2334 65.397 47.0046 46.4779 49.5228 42.4836 42.3859 79.3796 50.4159 59.1332 47.212 47.0489 58.458 41.5592 40.944 40.4209 39.5558
threshold=290.88235473632818 1324.3750000000002 -41.314485549926751 265.41934204101568 5.8913326263427743 -58.007509231567376 -15.753283977508543 -2.5123047828674312 276.58561706542974 276.17646789550787 265.70214843750006 261.09867858886724 -0.37940952181816096 62.104207992553718 -0.53677642345428456 -1.0000000180025095e-35 0.91597560048103344 -0.48803782463073725 57.570123672485359 -20.599854469299313 258.98173522949224 258.72836303710943 -3.119073629379272 0.8994269371032716 236.76470184326175 0.60355338454246532 260.66418457031256 39.519203186035163 -23.650543212890621 -0.98296290636062611 0.39215850830078131 -0.10015028715133666 0.01708924770355225 0.096768677234649672 227.94117736816409 -31.137981414794918 0.12940952181816109 261.91014099121099 0.9702095389366151 254.46063232421878 30.470588684082035 255.32789611816409 24.759103775024418 259.31796264648443 259.51712036132818 -0.20686483383178708 -0.18589657545089719 9.1176452636718768 258.38572692871099 -6.3851170539855948 19.061566352844242 1.0000000180025095e-35 0.92611247301101696 240.50944519042972 -9.1633796691894513 31.354249954223636 -49.821004867553704 265.41934204101568 8.0962839126586932 1.1571083068847658 1.1655144691467287 -12.054220199584959
decision_type=2 2 2 2 2 2 2 2 2 2 2 2 2 2 2 2 2 2 2 2 2 2 2 2 2 2 2 2 2 2 2 2 2 2 2 2 2 2 2 2 2 2 2 2 2 2 2 2 2 2 2 2 2 2 2 2 2 2 2 2 2 2
left_child=1 5 -3 4 -4 -1 7 -5 -9 -10 11 14 28 31 -7 18 17 -17 19 47 21 23 -23 48 25 -22 -27 -26 -13 -30 -31 34 -33 -34 -14 36 -36 -38 -25 -21 41 -41 43 45 -45 -43 -47 -16 49 -19 -28 52 -35 -53 55 56 57 -55 -32 -51 -39 -48
right_child=-2 2 3 6 -6 10 -8 8 9 -11 -12 12 13 -15 15 16 -18 20 -20 39 24 22 -24 38 27 26 50 -29 29 30 58 32 33 51 35 -37 37 60 -40 40 -42 42 -44 44 -46 46 61 -49 -50 59 -52 53 -54 54 -56 -57 -58 -59 -60 -61 -62 -63
leaf_value=-0.033414099221629821 -0.034918198219997081 0.030315383574863915 -0.0054453081200021144 -0.032132266001993003 0.042574202966609555 -0.066455097667181121 -0.028360779652493059 0.022426118184201042 -0.027033992339344243 0.030782649281728275 0.00070386811907570499 -0.043527082867207662 0.012261057816573197 0.0073222206284338639 -0.0068966196608424724 -0.073941108094172411 0.051303185815802316 0.055555331741807323 -0.030818116004248775 0.015277872922706047 0.029971307043377846 -0.042332871944608247 0.04326730371606774 -0.021646343805799051 0.021381788566813126 -0.016665503846755695 0.0069559593915204422 0.077930249776603691 0.047907875811442811 0.02932435734085953 -0.036892212931762307 -0.060234414296818799 0.071997381170273198 0.058689358058146152 -0.030373316240878686 -0.02086516072229154 0.059856338031080383 0.033306710739201786 0.03262164759071956 -0.033858958039007479 -0.042014367708548828 -0.041154830565930861 0.013346864692810182 -0.051410589232625675 -0.0054337559418191775 0.076045346087437307 0.034567490975652565 -0.035868898025397049 0.031668121889631237 0.00091767723857830944 0.081362407589061422 -0.034096773647670067 -0.048280992008624082 -0.05056440822778302 0.065632569390597736 0.1064934761819552 -0.023980892273691028 0.23342166891511729 0.026988201311677715 0.051405516265872912 -0.0085741378197779061 0.0033520792699003633
leaf_weight=40.86617504170863 69.383118339959765 92.050104039924918 39.206327151507139 39.22312717884779 82.907613253220916 34.445496428757906 58.700254648923874 115.55774740874767 59.154418203979731 28.135784995742142 24821.814448606863 259.28760761709418 365.07593951374292 990.07500595739111 398.11665455941693 36.902521623298526 123.02115228027105 46.132011346518993 243.12908558547497 568.38766546733677 281.73980420455337 189.63676641450729 33.425702750682831 372.8803569568845 554.43910719885025 455.32294906303287 41.953199155628681 52.525609376956709 31.541995288804173 49.38872692361474 250.18915266171098 71.295532791060396 22.028643439058214 45.637606471776962 61.309296759078279 575.72589842323214 58.594448282616213 95.354649303597398 45.220750119537115 115.00604603439569 106.9345692768693 87.821269582957029 747.02190570533276 122.22626512870193 566.06796026974916 35.007721170783043 113.32485014665872 215.92445069504902 184.95878180442378 1118.4448832201888 35.347445081919432 345.71524786390364 27.973036545328796 3.297694409498944 27.253170747309923 7.8773526744917026 169.27073924121214 4.0226310738362372 28.345389191992581 41.65200780518353 145.55562563845888 971.56948281824589
leaf_count=15981 107291 1819 201 291 434 390 283 663 433 235 543152 7219 2257 10060 7356 228 692 243 2259 4385 1825 1430 189 3728 4119 2844 212 388 399 352 2903 1228 428 372 1576 4915 422 1697 301 751 886 545 4601 873 3540 188 1052 5316 1139 9137 237 4212 816 425 293 241 6362 131 294 654 2253 5908
internal_value=5.71572e-06 7.12925e-05 0.00978779 0.00531952 0.0271569 -6.60266e-05 -0.00354651 0.00247075 0.00916167 -0.00839826 -2.85819e-05 -0.00159949 -0.00751986 -0.00349516 0.00111125 0.0014057 0.00607827 0.00448437 -0.00252966 -0.000830361 0.00532235 -0.000782473 -0.0295058 0.00275875 0.0140516 0.00494092 -0.00829931 0.0262754 -0.0271379 -0.0153162 -0.0213975 -0.00878148 -0.0190894 -0.0145976 -0.00304497 -0.00901146 0.00990266 0.0181472 -0.0157769 0.00207663 -0.000542389 0.00106556 0.00258522 -0.00165482 -0.0135983 0.00515187 0.00878319 -0.0170846 0.00832935 0.00475067 0.04098 -0.0176205 0.0180392 -0.0223294 -0.00311474 -0.0132714 -0.0186139 0.10549 -0.0303913 0.00273039 0.00800271 0.00661275
internal_weight=37020.4 36951 514.935 422.885 122.114 36436.1 300.771 242.071 202.848 87.2902 36395.2 11573.4 3634.82 3016.06 7938.59 7904.14 3613.6 3490.58 4290.54 4047.41 3453.68 2032.35 223.062 1809.29 1421.33 814.363 532.624 606.965 618.753 359.465 327.923 2025.99 724.372 653.076 1301.62 936.54 360.814 299.505 418.101 3433.37 2864.98 2758.05 2643.04 1896.02 688.294 1207.72 1119.9 614.041 1391.19 1206.23 77.3006 631.047 73.6106 557.437 211.722 184.468 176.591 7.32033 278.535 1160.1 240.91 1084.89
internal_count=785054 677763 4359 2540 635 673404 1905 1622 1331 668 657423 114271 48855 37688 65416 65026 27366 26674 37660 35401 26446 16821 1619 15202 9625 5118 3293 4507 11167 3948 3549 27628 14508 13280 13120 10863 5948 4372 4029 22729 18344 17458 16707 12106 4413 7693 7148 12672 11173 10034 449 12852 1188 11664 7452 7159 6918 556 3197 9791 3950 6960
is_linear=0
shrinkage=0.05


Tree=124
num_leaves=63
num_cat=0
split_feature=36 51 49 49 49 49 48 24 4 45 24 29 44 49 29 48 48 48 49 37 45 49 54 53 35 47 54 48 54 23 29 23 23 47 47 23 48 49 51 51 23 49 49 36 22 48 42 53 27 33 53 47 47 26 28 35 49 48 29 48 39 10
split_gain=29.154 20.1053 24.1808 24.1166 23.8587 86.2466 47.3164 44.7646 52.169 40.3888 45.6782 39.0918 37.6057 36.6926 33.9893 54.4342 77.2692 61.7541 65.3162 33.5077 33.3439 46.2667 36.7829 32.9093 33.1799 39.6009 33.5225 34.1963 29.8921 34.3791 28.87 28.9102 27.2828 28.9057 26.8982 30.8382 27.6593 26.607 71.713 26.1311 25.3258 45.9584 24.7487 25.7002 24.2914 38.6765 26.8551 24.9297 24.143 26.5426 24.0731 24.663 24.0624 40.7774 23.9104 26.3853 32.7677 23.7886 26.0563 23.3104 34.7522 24.6401
threshold=290.88235473632818 3.0675393342971806 255.32789611816409 289.56823730468756 286.04714965820318 285.09815979003912 0.68585610389709484 25.033315658569339 278.61642456054693 0.064447402954101576 11.552154541015627 -2.7378983497619624 -5.4998550415039054 289.42092895507818 -0.31980514526367182 -0.46314680576324457 -0.18589657545089719 -0.27623295783996576 285.83421325683599 285.49383544921881 -12.899168968200682 271.86802673339849 0.12940952181816109 -8.958333492279051 -0.76137718558311451 0.073668956756591811 0.12940952181816109 0.66564059257507335 0.60355338454246532 -33.419122695922844 3.4217700958251958 -51.70563888549804 -42.029689788818352 0.067178636789321913 -8.5341539382934553 -13.333340644836424 0.92260730266571056 286.69125366210943 46.128787994384773 77.397277832031264 -35.460803985595696 288.57763671875006 287.60899353027349 259.11766052246099 -44.700094223022454 -0.5924580693244933 1.0813903808593752 200.08333587646487 -1.963290214538574 -0.4162906259298324 456.79167175292974 2.5512099266052251 -0.18050256371498105 8.4690494537353533 -1.9789280891418455 -0.53562742471694935 291.06811523437506 -0.038633346557617181 2.9361600875854497 -0.2346743047237396 -39.253450393676751 286.13685607910162
decision_type=2 2 2 2 2 2 2 2 2 2 2 2 2 2 2 2 2 2 2 2 2 2 2 2 2 2 2 2 2 2 2 2 2 2 2 2 2 2 2 2 2 2 2 2 2 2 2 2 2 2 2 2 2 2 2 2 2 2 2 2 2 2
left_child=1 2 -1 -4 5 20 9 8 12 10 23 -7 19 -11 44 -16 17 18 -17 -8 21 -3 -23 28 25 40 48 32 -6 -30 -18 52 33 -28 35 -22 -37 38 -35 -14 41 -25 -9 -44 45 -13 -47 -46 -26 -50 51 -33 53 -32 -15 -56 -57 58 -51 -43 61 -61
right_child=-2 4 3 -5 6 11 7 42 -10 13 -12 14 39 54 15 16 30 -19 -20 -21 34 22 -24 24 26 -27 27 -29 29 -31 31 50 -34 37 -36 36 -38 -39 -40 -41 -42 59 43 -45 47 46 -48 -49 49 57 -52 -53 -54 -55 55 56 -58 -59 -60 60 -62 -63
leaf_value=0.023127737316181469 -0.032887734528811739 -0.025948635861562694 -0.0074765886604562203 0.030071006397520497 0.0074976585793789024 -0.011100616474156798 -0.011775500070067189 0.0039620385596631962 -0.0026268946175478916 -0.018806445862688106 -0.024375856524336586 0.090743285375393612 0.022284869129470909 -0.032574471791355537 -0.025633875570326082 -0.0035223979552119534 -0.022527295158352657 0.1298637180428511 0.093574277138956274 0.054571505435483815 -0.0028434666741246821 -0.0168992432487261 0.022198008342419754 -0.021420331652904308 -0.04161765613390829 -0.009872341728353563 -0.020605032718522657 0.11392921106898822 0.057456461728042453 0.22725312154296226 0.016579080456409063 -0.0020919492711124377 -0.024987610666891306 0.01503530396299816 0.00044626453582311752 0.033724750621878782 -0.014037708573105474 0.0021452649478599993 0.23890412716189441 0.066777228023090829 0.053113020728259012 0.019748170458106618 -0.0021094705795452499 -0.049633782961624136 0.0063733186111757344 0.1065449577893532 0.014988163025854765 0.040888573299023206 0.050271153128801482 -4.5846246973860113e-05 0.044145422775869185 0.051685384465234623 0.0028159696007883711 0.2684540959577178 0.071113873157352792 0.015662283604905344 -0.027380897964872988 0.018772118688570451 -0.053139127451047631 0.1328253032907018 -0.015747666295548777 0.020385592390427996
leaf_weight=72.131131332367659 67.007483949215384 280.35822830314282 1577.6622250850778 43.956877515884116 27.025899761356413 118.25473048479762 136.18118648417294 82.779777489136904 565.33136026351713 893.72371777734952 201.21948857384268 40.170931922097225 415.14352888334543 42.464722612232435 82.105009188817348 42.79802319209557 64.753548678127117 23.022727096977178 29.094636313733645 22.121439712354913 161.22195732779801 113.05244030884933 128.57716680620797 60.993291844148189 26.594526278495323 137.86645872646477 146.80992339964723 5.3037272191722868 16.716103383630983 3.6281211562454692 2.9122546426951885 184.71301802009111 283.95680892054224 17.610662081511695 29126.952154679137 185.13008189573884 36.246066404506564 167.73607522726525 4.4891442075022487 35.8508235453628 55.689097044058144 119.39611437660642 45.940275436267257 74.710144402459264 110.33267514919862 9.3674041935591941 55.23582044581417 99.491649118426722 33.472150153829716 253.96497656137217 45.793741446221247 24.101871594786644 4.2751408161711861 3.5850231649819762 15.556237242766654 159.65110409198678 61.152014463295927 171.67909145043814 25.421807120845187 16.518428537994627 9.0401248065754753 6.9109033646527669
leaf_count=589 107214 4705 32508 2423 1379 1969 1527 622 40272 30348 3521 641 4001 3523 3098 966 4520 412 396 495 2497 1991 1364 1275 849 3753 15161 283 1141 37 418 3357 5917 1242 435498 1075 251 18619 216 380 463 2615 279 906 1238 754 1267 935 421 14398 441 235 588 300 304 5386 5700 7910 663 165 57 555
internal_value=6.29612e-05 0.000122623 -0.0051988 -0.00645879 0.00037785 0.000864498 -0.00309289 0.00456214 0.00831239 -0.00665125 -0.00193052 0.0157781 0.0184623 -0.0138661 0.0196461 0.0116371 0.0188366 0.0585951 0.0357722 -0.00250407 0.000397692 -0.0121291 0.00390538 0.000908538 -0.000351328 0.0119107 -0.00473419 -0.0124924 0.0419585 0.0877374 0.00740577 0.0147095 -0.0135728 -0.00394459 0.000619276 0.0137905 0.0259046 0.0089398 0.0605099 0.0258217 0.0230937 0.0152399 -0.0170923 -0.0315379 0.0325572 0.0522188 0.0282638 0.0227393 0.00476613 0.00731197 0.011315 0.00411515 0.0949402 0.155557 0.00196935 0.00817555 0.00374136 0.00412411 -0.00487688 0.0299636 0.0675277 0.0996592
internal_weight=37075 37007.9 1693.75 1621.62 35314.2 30971.5 4342.65 1378.06 1174.63 2964.59 1792.04 940.008 609.297 1172.55 821.753 507.155 425.05 94.9154 71.8927 158.303 30031.5 521.988 241.63 1590.82 1543.45 406.414 1137.04 625.906 47.3701 20.3442 330.135 265.381 620.603 336.646 29509.6 382.598 221.376 189.836 22.0998 450.994 268.548 212.859 203.43 120.65 314.598 104.774 64.6032 209.824 511.133 484.538 254.609 208.815 10.7724 6.49728 278.824 236.359 220.803 451.066 279.387 151.866 32.4695 23.4293
internal_count=786033 678819 35520 34931 643299 468916 174383 48482 46675 125901 80640 21535 6403 45261 19566 14731 11633 1774 1362 2022 447381 8060 3355 77119 74562 8883 65679 41438 2557 1178 9859 5339 41155 35238 439321 3823 1326 20077 1458 4381 5130 4667 1807 1185 4835 2662 2021 2173 24241 23392 4033 3592 1306 718 14913 11390 11086 22971 15061 3392 777 720
is_linear=0
shrinkage=0.05


Tree=125
num_leaves=63
num_cat=0
split_feature=36 5 52 35 25 19 36 14 46 49 36 36 39 49 10 49 14 43 39 40 16 49 2 49 34 37 55 41 2 11 47 11 31 17 50 3 49 36 40 17 36 39 49 49 49 5 49 49 53 5 55 52 47 55 23 49 28 49 36 55 45 41
split_gain=23.3629 18.2096 37.1583 36.4235 31.4715 37.4018 27.4934 35.056 67.0184 46.4974 54.3812 26.0883 48.5695 31.8255 44.1525 34.2797 33.6726 25.6777 46.3252 27.7688 25.0764 24.5665 24.1256 41.8395 23.8401 30.2817 28.581 40.516 23.3325 22.4123 22.1582 38.6389 38.3512 38.258 24.7485 23.131 27.203 28.3603 24.0921 23.3899 22.13 38.84 25.4826 33.1255 58.3992 45.5563 45.1869 58.2662 54.4277 43.1917 67.0281 56.5229 39.4986 38.1152 36.1704 34.8217 113.724 46.2528 37.3713 64.3691 52.8632 42.4154
threshold=290.88235473632818 232.56377410888675 44.719711303710945 2.9292522668838505 20.995454788208011 -2.8856743574142452 227.94117736816409 -10.125907897949217 7.7233991622924814 268.11450195312506 241.47058868408206 234.41176605224612 -11.934640407562254 257.70365905761724 243.20268249511722 270.65731811523443 -16.864946365356442 -7.2629013061523429 -41.427743911743157 2.7254943847656254 -6.1124496459960929 271.86802673339849 237.85342407226565 274.21087646484381 3.6844173669815068 268.13000488281256 0.37940952181816107 12.930524826049806 239.31449890136722 241.36444854736331 -4.2558701038360587 262.02421569824224 -0.7810213267803191 -19.000131607055661 222.99001312255862 256.56687927246099 276.75975036621099 263.82353210449224 6.1568679809570321 -22.716323852539059 236.76470184326175 -31.511981964111325 273.86521911621099 259.93206787109381 259.72676086425787 229.60315704345706 267.04945373535162 266.77218627929693 218.79166412353518 214.94265747070315 0.37940952181816107 24.95924282073975 7.3394865989685067 -0.91597560048103321 -7.7348318099975577 272.51168823242193 4.7732362747192392 272.37759399414068 220.29412078857425 -0.12940952181816107 -1.0490016937255857 26.90389442443848
decision_type=2 2 2 2 2 2 2 2 2 2 2 2 2 2 2 2 2 2 2 2 2 2 2 2 2 2 2 2 2 2 2 2 2 2 2 2 2 2 2 2 2 2 2 2 2 2 2 2 2 2 2 2 2 2 2 2 2 2 2 2 2 2
left_child=1 2 3 -1 -4 -6 21 11 9 10 20 13 17 16 -15 -16 -8 18 -13 -20 28 -3 -11 -24 25 -17 27 -26 -9 -10 31 33 -33 -19 -32 -36 -37 -38 39 -39 41 -5 43 44 -43 -46 47 48 49 50 -45 54 55 -53 -51 57 -57 58 59 -48 -61 -60
right_child=-2 6 4 40 5 -7 7 8 29 22 -12 12 -14 14 15 24 -18 30 19 -21 -22 -23 23 -25 26 -27 -28 -29 -30 -31 34 32 -34 -35 35 36 37 38 -40 -41 -42 42 -44 46 45 -47 52 -49 -50 51 -52 53 -54 -55 -56 56 -58 -59 61 60 -62 -63
leaf_value=0.022919164600651069 -0.030041135591459541 0.0025264074336138875 -0.00075906608611207372 -0.011639127557874607 -0.030978149299050808 0.0035581093741256322 0.056741818856087735 -0.016342748685790016 0.056639214183114399 -0.014281740242085126 0.021751351987093392 -0.022335988513333124 -0.029291480577347692 0.027523687728134169 -0.0073600479687352428 0.040760003241634646 0.0088098292023306279 0.08431505626642205 0.0076025369180361393 -0.011248535277413766 -0.051561529352987225 0.021910028555329343 0.021728410730362302 -0.015031253694458844 0.036129759372891049 -0.011105247821644574 -0.012888159712729353 0.00075352513769722451 -0.045925223007305109 0.010653415510456189 -0.00060731081367325389 0.064230480891521335 -0.019095143267000455 0.0030724921805043953 -0.0084964594924510049 0.023855196550507482 -0.026547313349056204 0.00070631099077399923 0.043555429993912674 0.095578735417200592 0.0093376413685125319 0.0029182252845635697 0.0082692509739317951 -0.016255044865830705 0.045647124163840563 -0.010540363049825134 0.028397618658571978 -0.076457521118924579 0.0069993395348727366 -0.012816441882847487 0.021566202729357328 0.065715851899610767 0.040275602575241154 3.3903752310138987e-05 -0.032639254281834722 0.034285004060039578 -0.056266142445434389 0.044877038549979487 -0.00024631463759782293 0.020281657051284763 -0.010079333305189599 -0.027941420347036623
leaf_weight=208.7280802805908 64.976679510204121 535.51468911487609 549.4515993562527 556.88457749923691 242.35952197574079 115.87469125166535 58.317466960288584 274.66279341839254 40.72299475595355 278.53836268745363 57.76856510527432 386.80551005114103 152.75527128577232 165.1944361384958 732.45573250716552 102.07958605699241 98.576219197362661 15.818944889120756 418.62053499557078 366.29020061064512 102.20758201181889 235.27651001978666 179.84221245348454 135.90245095640421 114.49069749889895 38.854811277007684 181.5561988176778 276.16161183454096 88.014321191236377 75.840445404872298 17465.439266634581 14.216672134585677 481.55472993000876 172.60867648944259 160.80274958722293 294.1466383432853 65.280588584020734 219.61153690618812 45.040059314691462 6.6946883997879914 910.57767256104853 3982.3073528576642 1369.5682363044471 246.0921339802444 141.35118417441845 48.437271950766444 306.14387778937817 29.932934185490012 572.69238019362092 546.38697379268706 223.56943587213755 25.900391949340701 67.587416853755713 150.03742109984159 397.57216592133045 55.748976394534111 91.723002064973116 64.16131592169404 1253.4584882277995 219.68344925716519 412.72794223949313 155.38542040996253
leaf_count=1188 107435 4482 3344 4266 2030 576 593 1879 204 1698 407 14616 959 1217 8273 514 735 356 4240 9354 605 1545 983 871 789 232 1796 2880 599 607 499732 148 16267 2572 1201 3162 692 6986 437 73 8848 25941 7400 1523 752 282 1480 239 3659 5053 1523 259 336 1173 2972 301 702 300 7954 1076 2031 1628
internal_value=-8.58827e-05 -3.32519e-05 0.00147867 0.00221433 -0.00827668 -0.019807 -0.000847428 -0.00115521 -0.00935784 -0.0131228 -0.0240011 -0.000695996 -0.00120413 0.00512947 0.00303566 0.000237309 0.0266262 -0.000990806 -0.00817377 -0.00119459 -0.0296865 0.00844307 -0.00355573 0.00590636 0.00804041 0.026461 0.00350343 0.0111214 -0.0235218 0.0267192 -0.000546463 -0.00938046 -0.0167057 0.009893 -0.000215401 0.00843175 0.0127472 0.00304105 0.0101594 0.00351287 0.00184895 0.00122434 0.00191577 0.00094795 0.00420963 0.0313071 -0.001876 -0.00717589 -0.00621679 -0.0109784 0.00174872 -0.0163158 0.0025473 0.00970316 -0.0211653 0.00155085 -0.022035 0.00299317 0.00184836 0.00957778 0.000467294 -0.00330089
internal_weight=37047 36982 12944.3 12036.7 907.686 358.234 24037.7 23266.9 1233.5 1116.94 522.653 22033.4 20265.7 1767.69 1610.79 1445.6 156.894 20112.9 1171.72 784.911 464.885 770.791 594.283 315.745 713.143 140.934 572.209 390.652 362.677 116.563 18941.2 684.199 495.771 188.428 18257 791.576 630.774 336.627 271.346 226.306 11827.9 10917.4 10360.5 8990.9 4172.1 189.788 4818.8 2192.18 2162.25 1589.56 469.662 1119.9 2626.62 175.938 943.959 2559.03 147.472 2411.56 2347.4 938.555 632.411 1408.84
internal_count=785975 678540 86836 80886 5950 2606 591704 585677 7853 7042 3490 577824 560795 17029 15701 14484 1328 559836 28210 13594 3083 6027 3552 1854 6211 746 5465 3669 2478 811 531626 19343 16415 2928 512283 12551 11350 8188 7496 7059 79698 70850 66584 59184 26975 1034 32209 16401 16162 12503 3046 9457 15808 1432 8025 15472 1003 14469 14169 4587 3107 9582
is_linear=0
shrinkage=0.05


Tree=126
num_leaves=63
num_cat=0
split_feature=8 53 49 17 39 8 49 52 49 5 11 53 53 36 49 49 53 1 47 50 52 46 14 30 29 49 49 49 51 49 40 49 49 47 49 40 5 32 29 11 14 35 4 38 11 51 51 49 38 49 49 21 35 47 32 47 7 49 7 49 52 52
split_gain=27.5242 18.3367 34.4519 23.2413 22.9072 34.642 23.3911 18.6501 28.6499 46.8491 43.5481 38.6131 34.225 30.2271 28.4358 27.8962 27.041 29.4971 38.2556 32.3196 26.6303 24.262 23.7849 21.7873 58.5637 29.4696 60.4537 59.3073 75.7823 51.2125 63.1991 47.3021 63.0452 68.4528 46.9648 53.3095 46.4766 53.2112 45.3068 43.5695 77.5223 49.7121 51.1918 49.1862 41.573 38.9006 38.3507 69.1954 57.9894 44.4688 42.5612 38.0192 40.161 36.8788 35.9936 35.9775 36.115 35.9836 35.9201 37.0677 33.8912 57.5589
threshold=294.94587707519537 545.16665649414074 291.75315856933599 -51.021364212036126 -56.397962570190423 290.86024475097662 278.00144958496099 5.4319210052490243 286.99784851074224 276.20941162109381 242.24576568603518 27.750000000000004 -2.8749999999999996 272.05882263183599 254.46063232421878 267.56375122070318 -8.958333492279051 287.53120422363287 0.19521093368530276 80.144050598144545 4.7196087837219247 0.99694156646728527 -37.508335113525384 16.240816116333011 9.4138689041137713 286.04714965820318 284.16561889648443 276.94873046875006 77.397277832031264 289.42092895507818 5.9608001708984384 282.94137573242193 279.88751220703131 1.2718615531921389 276.75975036621099 1.8823699951171877 272.31756591796881 -3.239885568618774 8.1747312545776385 287.91244506835943 -34.99012374877929 4.0307462215423593 224.18321228027347 -37.647056579589837 281.97647094726568 21.383964538574222 69.521457672119155 263.06666564941412 -43.82353210449218 272.63078308105474 258.38572692871099 -51.976549148559563 10.297074794769289 0.94373273849487316 10.661423683166506 -2.1591138839721675 291.78121948242193 283.03953552246099 278.71759033203131 277.45671081542974 24.95924282073975 14.306320667266847
decision_type=2 2 2 2 2 2 2 2 2 2 2 2 2 2 2 2 2 2 2 2 2 2 2 2 2 2 2 2 2 2 2 2 2 2 2 2 2 2 2 2 2 2 2 2 2 2 2 2 2 2 2 2 2 2 2 2 2 2 2 2 2 2
left_child=1 7 3 4 5 -3 -6 8 10 13 11 15 14 21 -12 -1 17 -9 -19 -20 22 -10 -15 25 -25 26 27 34 38 30 45 32 -30 44 46 -36 -28 -38 39 40 -29 58 -43 -41 -34 -27 -18 50 49 -49 -48 52 -32 -39 -40 -45 57 60 59 -42 61 -57
right_child=-2 2 -4 -5 6 -7 -8 16 9 -11 12 -13 -14 20 -16 -17 23 18 19 -21 -22 -23 -24 24 -26 29 36 28 31 -31 51 -33 33 -35 35 -37 37 53 54 43 41 42 -44 55 -46 -47 47 48 -50 -51 -52 -53 -54 -55 -56 56 -58 -59 -60 -61 -62 -63
leaf_value=-0.011735108443934182 -0.03779910108670307 0.52933012574730887 -0.04419101243112139 0.0031164370127631184 0.067958842447894838 0.068341080882769065 -0.029517629163287415 0.0059711024619171528 -0.019039499835020204 -0.0085125487207201103 0.057829025561754455 0.013163014993536747 -0.0064193844917901062 0.15155594035925413 -0.024972186874948711 0.0088069173323477301 0.002184022877244124 0.022239049985382675 0.083644069958139708 0.29444685338649917 0.012979785738403395 0.032488694954445653 0.05677224008826029 -0.014898183804995713 -0.0011582477456474726 -0.021028895646041865 0.01962535369462343 -0.028891993379745431 -0.0018995128133699876 0.0070462315224686344 0.19407197199250972 -0.027505514898320923 0.067116239816948961 0.17729627224440861 0.010368212978561124 0.076207780795170599 0.056461164542016266 -0.0092498827725257943 0.088438493024311102 -0.0096622287199903539 -0.025420716490436118 0.0231191000377205 -0.023146285610202461 -0.028849100033858113 -0.022194225666809522 -0.0051408837776431432 -0.029775266531295714 -0.027285585735606924 -0.023076566920766602 0.0560206259015417 0.02709147839145425 0.0088716982580977922 0.040995031836960828 0.020132869137713529 0.0048691413770261833 0.060881310849515195 -0.032335569426981611 -0.027692726830833958 -0.02830032823046541 0.017232563258927049 0.0033858504769823522 0.19993123244857849
leaf_weight=489.68449682183564 48.725945705431513 0.60169357014820235 38.315844341821503 3948.4368656184524 18.830584173905667 1.2629118712502529 9.1425591369625163 1013.177902973257 32.90422751987353 153.37270010123029 10.662273969501255 502.39606577344239 1942.0586439315521 11.301435285160549 376.84520143744885 249.46894767507911 11269.164584163489 33.4013834031648 7.718347220157737 2.3785837653558701 14.930469466838984 74.71868888521567 15.973852852825077 850.47149630836793 8801.1750564131362 722.24759756115964 760.6531570815132 631.64409791491926 62.20211181009654 685.2135924329632 5.4874491499213063 36.110365284519503 56.504250274971128 11.584933196427299 104.31783687684219 43.592279779491946 40.982579277828336 460.006206788501 13.534436294023179 104.76894027405069 59.776361878030002 68.796524738892913 456.70402707939502 12.888121647294609 16.935434005514253 825.72132138407324 40.990489003132097 25.243363034474896 539.17111584127997 43.839096528914524 166.76854419635492 183.9363362712902 19.549590498150792 139.07677941184375 268.35930037286016 16.207752728892959 8.103828836756291 6.3138400240568435 68.212744905147702 344.44734531128779 7.1215200315928078 13.761399237439035
leaf_count=3428 71020 59 2307 44676 663 575 2067 12802 597 19318 83 3123 49933 485 10995 1425 166253 6383 1347 223 302 865 165 13376 93078 41836 7260 28503 1683 61869 790 998 473 132 1744 452 362 25068 267 32974 531 385 6970 1088 900 32248 547 1402 6550 908 1412 5922 3176 2492 5012 701 954 395 826 2626 289 499
internal_value=-0.00024471 -0.000195172 0.0029942 0.00344865 0.0474111 0.217099 0.0361003 -0.000584279 -0.00384284 0.0109132 -0.00509569 0.00246756 -0.00912654 0.0307985 -0.0226939 -0.00480205 -0.000149668 0.00770204 0.0480197 0.133304 0.0666607 0.0167347 0.0960456 -0.000446069 -0.00236897 0.000565882 0.00135144 0.000393034 -0.00704085 -0.00454787 -0.00906961 0.0237762 0.0363541 0.0643396 0.00176882 0.0297725 0.0112707 0.00134195 -0.00975632 -0.0126772 -0.0151844 -0.0065082 -0.0170894 0.0114751 0.046521 -0.0125539 0.00142609 -0.00904104 -0.0175504 0.0255798 0.0158718 0.01674 0.0745454 -0.00242869 0.00888152 0.0458642 0.0645586 0.0826492 0.00526147 0.010925 0.101432 0.124731
internal_weight=36987.9 36939.2 4016.59 3978.27 29.8377 1.86461 27.9731 32922.6 3874.32 303.201 3571.12 1241.55 2329.57 149.829 387.507 739.153 29048.3 1056.68 43.4983 10.0969 42.2058 107.623 27.2753 27991.6 9651.65 18339.9 15897.8 14497.1 2263.98 2442.16 1756.94 183.337 147.227 85.0246 12233.1 147.91 1400.72 640.066 2080.64 1798.75 1629.58 997.937 525.501 169.165 73.4397 1547.97 12085.2 816.013 608.254 69.0825 207.759 208.973 25.037 599.083 281.894 64.3965 51.5083 43.4045 472.436 404.224 37.0907 29.9692
internal_count=785792 714772 50347 48040 3364 634 2730 664425 90719 21732 68987 7976 61011 2414 11078 4853 573706 20755 7953 1570 952 1462 650 552951 106454 446497 300656 265474 86206 145841 83972 4186 3188 1505 179268 2196 35182 27922 82020 76741 39841 11338 7355 36900 1373 74084 177072 10819 8860 2310 1959 9888 3966 27560 5279 3926 2838 1884 3983 3157 1489 1200
is_linear=0
shrinkage=0.05


Tree=127
num_leaves=63
num_cat=0
split_feature=2 36 27 49 16 47 49 49 45 28 55 39 24 54 49 49 23 49 49 39 29 51 54 38 36 52 55 11 46 17 47 49 54 29 36 52 49 5 17 36 51 29 17 33 49 52 36 52 47 49 55 49 51 52 10 5 35 49 33 44 49 49
split_gain=26.0779 21.1231 17.1219 71.1105 37.726 32.5566 30.0461 44.9758 27.1563 26.7825 23.23 67.1828 62.6712 68.1872 56.7852 120.093 60.9915 56.1774 66.8278 54.7243 53.7049 51.7777 53.8676 54.5675 45.8135 48.5608 45.5096 44.5963 54.5179 44.0185 43.9188 57.5878 48.2567 48.7776 43.7245 41.2398 40.902 39.7936 43.1784 39.7378 38.9196 38.7043 38.4855 38.1925 37.949 46.7746 37.7201 36.9415 36.842 39.9286 66.0559 51.6602 49.7593 41.5893 36.3321 71.8886 40.9172 35.6578 34.8267 35.3002 34.7082 34.5145
threshold=292.93225097656256 199.11765289306643 32.228881835937507 255.32789611816409 0.42283630371093756 5.7071094512939462 262.20222473144537 277.57534790039068 1.3454093933105471 36.973119735717781 -0.6035533845424651 -4.3369648456573477 10.73093891143799 -0.91597560048103321 276.94873046875006 280.31988525390631 -29.211380958557125 286.64465332031256 288.57763671875006 -29.580248832702633 2.9361600875854497 41.671886444091804 0.12940952181816109 -3.0000076293945308 244.41175842285159 57.570123672485359 -0.37940952181816096 287.80949401855474 1.4407377243041994 1.1571083068847658 -0.49461191892623896 275.76867675781256 0.12940952181816109 -3.2610373497009273 279.70588684082037 45.833921432495124 255.95982360839847 229.01564025878909 -4.806591033935546 284.41175842285162 8.1276984214782733 8.4606561660766619 -2.4757156372070308 26.853348731994632 288.78967285156256 41.616329193115241 225.58824157714847 88.222122192382827 8.8935022354125994 270.26141357421881 0.78656607866287243 258.38572692871099 74.316799163818374 68.036495208740249 286.26870727539068 268.57148742675787 -1.6928170919418333 265.21868896484381 1.5206314921379092 -3.5129642486572261 267.78880310058599 286.08425903320318
decision_type=2 2 2 2 2 2 2 2 2 2 2 2 2 2 2 2 2 2 2 2 2 2 2 2 2 2 2 2 2 2 2 2 2 2 2 2 2 2 2 2 2 2 2 2 2 2 2 2 2 2 2 2 2 2 2 2 2 2 2 2 2 2
left_child=1 -1 10 8 6 -6 -5 9 -4 -8 11 20 13 -12 30 16 27 40 34 26 -3 22 23 36 25 57 60 41 -29 -24 -15 -32 47 -34 -19 54 -22 43 -39 -20 -17 -16 -18 -38 -26 -46 -25 -33 49 51 -51 53 -53 -21 -35 -56 -57 -23 59 -30 -14 -62
right_child=-2 2 3 4 5 -7 7 -9 -10 -11 12 -13 19 14 15 17 42 18 39 48 21 24 29 46 44 -27 -28 28 58 -31 31 32 33 35 -36 -37 37 38 -40 -41 -42 -43 -44 -45 45 -47 -48 -49 -50 50 -52 52 -54 -55 55 56 -58 -59 -60 -61 61 -63
leaf_value=0.050036684728633853 -0.034542054309036369 -0.027862735615805628 0.041235112186774753 -0.022489796100088392 0.034692579219301883 -0.028057951228041608 0.0036051207901779529 -0.042400592957159366 -0.0075750285795533091 0.05881745340711856 0.010978612316759506 0.017105378744340326 -0.029645223686978757 -0.002166511903099183 -0.038894527709572142 -0.010036207841140808 -0.010400711626011959 -0.011017668269847312 0.0043022918905452293 0.0038598628724514253 -0.03052107727635809 0.023823127721696397 -0.0061436553973353986 -0.0076792014271704597 0.021478509332103251 -0.016733327275407429 -0.018351299566718226 -0.019925832070641077 0.29043247408888317 0.081264192876603608 0.0029428255072121135 -0.022473125788723219 -0.03367929909171976 0.026519273562106163 -0.037198574847477121 -0.037854330714138296 0.023241153278114726 0.0046783822459677956 -0.027757960369659364 -0.024843299947175559 0.0063307816028374004 0.093057729992440275 0.047167167406052805 -0.00040246694520096652 0.024709511198087813 -0.032293840952069337 -0.056516307499705314 0.066135237929733276 0.031730941072606829 0.0070462258481560546 -0.026185838015664084 -0.011014389980212903 0.018787637948233196 -0.032931212502316308 0.29344809958633855 0.22755038488843266 0.042347794425927059 -0.00099333130311273095 0.033751236536133648 0.03501504219664691 0.010221280829792671 -0.024284871467225935
leaf_weight=21.063549846410751 54.784301298641367 157.66524342334014 96.345470124855638 521.02442987263203 71.65475732088089 29.050349980592728 135.69853242579848 48.377893470227718 40.464908702298999 26.206100380979478 1550.649351321219 704.05198180116713 90.141581177478656 3993.4000446930295 451.19709058641456 429.50367552647367 439.27737281657755 544.39946403447539 932.0760607739212 1499.9196504671127 77.017235214589164 239.77376444637775 2805.3662703828595 492.22249533049762 764.80766652463353 267.74648269731551 1102.9599496655865 60.118346642062534 3.2067033438943326 14.478061228990553 6710.2958775930456 97.847583385475446 34.165379875223152 456.45230452995747 225.54779723845422 22.77381051145494 561.55785695428494 2571.7340131177625 106.86213125986978 133.7286009954114 2353.6142553315149 5.6266195299103847 31.086499720811844 245.45874007046223 65.927486965083517 79.243154339666944 42.991162011399865 13.369906578678636 78.978059849701822 1542.5068925786763 165.58506172150373 2570.7956333742477 148.13346148841083 80.959374530240893 3.4020362752489737 3.2057457854971281 42.787332348409109 365.24121981742792 13.428967052430378 2.3397855017101419 407.46592681517359 88.145179154584184
leaf_count=567 95680 20208 858 4189 756 246 1371 933 262 350 47261 3689 2909 45093 16739 17160 3835 11061 21368 10030 1793 2001 57281 3146 13355 2304 24248 12881 211 72 92868 2536 928 4051 23252 397 3749 61302 677 43287 65399 72 162 2527 2461 1611 285 116 459 11903 2365 24464 1236 559 52 101 3298 2781 1122 464 6998 2031
internal_value=-7.08664e-05 -1.96619e-05 -4.82664e-05 -0.00660731 -0.0121003 0.016591 -0.0160513 -9.82758e-05 0.0267984 0.0125419 0.000128784 0.00223955 -0.000637801 0.000941409 2.60225e-05 -0.00408346 -0.0197355 -0.000673463 -0.00746303 -0.00440599 0.001058 0.00158209 -0.000376013 0.00328405 0.00918023 0.000995766 -0.0123697 -0.0312677 0.0033959 -0.00569487 0.00205776 0.00434222 0.0182744 0.0242219 -0.0186871 0.0279641 0.00552039 0.00631675 0.00338434 0.000645337 0.00380495 -0.0372693 -0.00659603 0.0160498 0.01703 -0.00640646 -0.0116021 -0.0118212 -0.00219659 -0.00264259 0.00382466 -0.00521169 -0.00939071 0.00197573 0.0309274 0.0716617 0.0552565 0.00884169 0.0772842 0.182685 -0.00110633 0.00408431
internal_weight=36935.9 36881.1 36860.1 968.822 832.012 100.705 731.307 210.283 136.81 161.905 35891.2 9562.14 26329.1 18553.5 17002.9 5625.15 1006.28 4618.87 1835.75 7775.59 8858.09 8700.43 6917.69 4097.84 1782.74 872.761 1688.71 535.918 79.0938 2819.84 11377.7 7384.3 674.004 562.787 769.947 528.621 3562.63 3485.61 2678.6 1065.8 2783.12 456.824 470.364 807.017 909.978 145.171 535.214 111.217 6086.88 6007.9 1708.09 4299.81 2718.93 1580.88 505.847 49.3951 45.9931 605.015 18.9755 5.54649 585.753 495.611
internal_count=785370 689690 689123 8965 7845 1002 6843 2654 1120 1721 680158 179242 500916 413714 366453 217013 35486 181527 98968 87202 175553 155345 130832 73479 24513 7086 36186 31489 14678 57353 149440 104347 11479 8827 34313 7899 70048 68255 61979 64655 82559 16811 3997 6276 17427 4072 3431 2652 51016 50557 14268 36289 25700 10589 7502 3451 3399 4782 1797 675 11938 9029
is_linear=0
shrinkage=0.05


Tree=128
num_leaves=63
num_cat=0
split_feature=12 42 47 29 48 12 47 40 23 52 5 41 23 48 35 38 29 48 48 48 40 48 48 41 42 36 48 5 48 23 22 41 40 40 23 40 48 52 48 52 37 44 55 1 40 46 54 48 29 52 44 42 17 35 54 17 37 17 47 42 37 36
split_gain=24.9959 19.5157 32.1498 29.7037 28.6096 26.4038 28.7717 22.8082 21.7367 17.7997 17.9487 33.3195 52.2696 44.9437 46.1113 45.4226 37.8832 50.7 61.2465 53.0247 46.9629 49.5412 46.0274 40.1657 34.9644 40.4496 34.9493 34.7754 34.1829 39.5284 31.7531 30.44 40.9603 38.3348 42.7106 33.4282 30.6333 36.0842 31.6477 33.9649 30.4104 121.023 42.1862 30.3221 29.2504 28.831 30.6249 40.0922 50.8141 28.8031 28.6281 28.2546 28.0642 33.4678 27.9906 27.826 49.4206 27.4274 33.0138 26.9868 28.7547 25.3706
threshold=-58.007509231567376 23.419822692871097 -1.4672026634216306 -2.4841780662536617 -0.065915763378143297 -39.616804122924798 -5.2547500133514395 13.588233947753908 -43.497713088989251 0.70361298322677623 232.56377410888675 22.306464195251468 -8.3960647583007795 0.11192005872726442 5.2325968742370614 -6.2352981567382804 20.288356781005863 0.83399277925491344 0.80511206388473522 0.9032464623451234 30.470588684082035 0.93061417341232311 0.69629311561584484 35.060516357421882 2.9424819946289067 235.58823394775393 0.92260730266571056 226.45742797851565 0.96214216947555553 -5.0849182605743399 -7.825920343399047 0.11619454994797708 -2.5686340332031246 -1.9804077148437498 -51.223150253295891 -1.8235321044921873 -0.57820284366607655 25.382464408874515 -0.47858285903930659 88.222122192382827 289.58242797851568 1.2060203552246096 0.98296290636062633 218.40579986572268 -4.0196228027343741 3.2996692657470708 -1.0000000180025095e-35 -0.071447014808654771 4.6416101455688485 16.994511604309086 -1.4595680236816404 1.796257019042969 1.0000000180025095e-35 7.4763243198394784 0.37940952181816107 -5.0978469848632804 248.77632141113284 -4.5209541320800772 -1.001993656158447 -2.2852172851562496 264.89834594726568 287.94117736816412
decision_type=2 2 2 2 2 2 2 2 2 2 2 2 2 2 2 2 2 2 2 2 2 2 2 2 2 2 2 2 2 2 2 2 2 2 2 2 2 2 2 2 2 2 2 2 2 2 2 2 2 2 2 2 2 2 2 2 2 2 2 2 2 2
left_child=-1 9 3 8 -5 6 -6 -8 -3 -2 11 13 24 14 43 59 -14 18 22 -19 21 26 23 -18 25 -13 -21 45 51 -30 -29 33 40 36 35 -35 37 -12 -38 -40 -33 42 -42 -11 -41 46 47 48 52 -15 -26 -23 53 -17 -36 61 -57 58 -27 -16 -61 -34
right_child=1 2 -4 4 5 -7 7 -9 -10 10 31 12 16 49 15 27 17 19 -20 20 -22 28 -24 -25 50 57 -28 30 29 -31 -32 32 55 34 54 -37 38 -39 39 44 41 -43 -44 -45 -46 -47 -48 -49 -50 -51 -52 -53 -54 -55 -56 56 -58 -59 -60 60 -62 -63
leaf_value=-0.036111843246522515 0.011713773690988622 0.069079412175438837 0.018177792049134615 -0.017180919112368805 -0.030835207548322516 0.027186526608023072 0.0033463666750013924 0.084522165360838342 0.0073470968500001996 0.040916844664236042 -0.020270043120710957 -0.018128758377452741 0.011212981650341824 0.012473776375985355 0.00077228023501122313 0.021446995152423366 -0.012950139849015217 0.03055315188359712 -0.026700381907131185 0.0013665684159721858 -0.02153269281897266 0.019491320260421458 0.023427018655333951 0.0084238211951317421 -0.005701356050901306 0.032927106649528332 -0.042007287474452051 -0.01190073216549466 -0.023169271667411 0.022050752156230053 -0.04582271165173598 -0.018146902078940534 -0.0013031898428928414 0.25331095441930851 0.02946134658076336 0.06185752456141938 0.012541642275862153 0.0049860689577539349 -0.0012295102243094287 -0.016277844359953605 -0.021581713614913525 0.35730886760354413 0.28622575743859147 0.0072516051830764918 0.035205797463351771 -0.010037770965107783 0.0097021266828183836 0.018498647867415143 -0.02829379533493246 0.0017942393239234152 0.014811800406978116 0.067180072834778615 -0.033190486946136598 -0.016976382515390721 0.0025749081964459453 -0.046873239054863562 0.010285295758518154 0.053052041828352541 -0.030470194709253013 0.024065658157756433 -0.021055568456928603 -0.022447620415487247
leaf_weight=48.168091911909869 307.64305736319511 24.860292474739254 383.86766146949958 233.13054006733 68.104948727414012 99.767174742184579 143.98296771768946 9.206520621199159 33.441097692586482 71.759588319808245 330.02755036368035 910.02997015975416 846.89144211634994 1683.9984519683057 579.28722370392643 171.17228400148451 647.77519259415567 200.70695190876722 311.17538886703551 220.440146304667 169.79091540537775 67.586173746734858 157.43704681657255 332.68256946466863 883.33562546316534 37.592447832226753 58.839862752705812 425.46364276856184 67.765727553516626 168.47107023559511 82.336847547441721 512.29356360191014 17969.853356721113 3.0339950676134313 173.64015779542387 9.1738064926466887 688.6827269269852 247.47104472183855 2201.0006308804732 36.068181720096618 17.63794697410777 2.6740974920685394 1.188128564012003 984.8638051324524 117.35266753481119 853.04255276918411 632.30609255284071 138.79221020638943 249.10812727734447 1010.0304909619736 210.64493287354708 57.470752634108067 47.317014992237091 84.723875749856234 218.75565566937439 89.581997876986861 65.443851985968649 31.5901954844594 45.256254638545215 293.1175468666479 40.145041245501488 142.99527765650419
leaf_count=34175 3239 250 4302 4071 3171 1211 3844 148 231 667 7415 8478 4387 10834 4635 922 4056 1217 1993 1365 1312 363 1017 2439 7234 446 372 2849 595 957 544 8907 399155 214 2595 1074 11864 3519 41945 425 4485 147 384 5382 1384 5168 3321 981 1559 6429 1425 276 233 527 4179 549 470 309 885 2474 418 156069
internal_value=-0.000116907 -6.99257e-05 0.00683263 -0.000277717 -0.00384908 0.00583149 -0.0037961 0.00822494 0.0336704 -0.000261458 -0.000364944 0.00113591 -0.00183591 0.00333036 0.000354927 -0.00234274 0.00209203 -0.00104781 -0.00704351 0.00754524 0.00184676 0.00804374 -0.00166803 -0.00569767 -0.00796768 -0.0146056 -0.00777161 -0.00561888 0.020269 0.00907916 -0.017401 -0.00120476 -0.00204958 0.00274138 0.0173379 0.109439 0.00111022 -0.00944724 0.00311374 0.000356023 -0.015702 0.0425529 -0.00215574 0.00953795 0.0231023 -0.00286994 0.00175025 -0.00552499 -0.0115619 0.00846986 -0.00175157 0.041407 0.00218444 0.00872552 0.0144725 -0.00165065 -0.0227439 0.0134112 -0.00170378 0.00729403 0.0186303 -0.00147012
internal_weight=36952 36903.8 996.361 612.494 554.192 321.062 221.294 153.189 58.3014 35907.5 35599.8 12772.9 5425.48 7347.46 4653.44 3596.81 3307.03 2460.14 1449.07 1011.07 810.365 640.574 1137.89 980.458 2118.45 1024.47 279.28 2684.26 361.294 236.237 507.8 22826.9 18801.7 4025.21 404.604 12.2078 3620.6 577.499 3043.1 2354.42 533.794 21.5002 18.8261 1056.62 153.421 2176.46 1323.42 691.114 552.321 2694.03 1093.98 125.057 303.213 255.896 392.396 18267.9 155.026 114.439 82.8487 912.55 333.263 18112.8
internal_count=785491 751316 17228 12926 12445 8374 7163 3992 481 734088 730849 86069 39126 46943 29680 23631 20349 15962 9505 6457 5240 3928 7512 6495 18777 10118 1737 16104 2191 1552 3393 644780 570166 74614 8062 1288 66552 10934 55618 43754 13923 5016 4869 6049 1809 12711 7543 4222 3241 17263 8659 639 1682 1449 6774 556243 1019 1640 1331 7527 2892 555224
is_linear=0
shrinkage=0.05


Tree=129
num_leaves=63
num_cat=0
split_feature=9 45 54 16 44 11 12 38 11 42 44 24 48 38 55 19 51 21 52 11 0 46 28 52 51 52 10 42 48 21 45 21 46 48 17 43 54 2 31 48 17 29 29 45 55 29 17 48 46 48 48 35 37 54 52 14 27 14 37 3 53 34
split_gain=26.9112 17.6492 30.7127 29.0227 19.8038 27.2686 37.1035 22.1435 21.8541 21.5707 37.2057 24.9052 29.4057 33.8204 28.5885 38.3499 24.8389 26.1647 24.3593 24.1802 33.6654 29.3878 55.3336 26.7748 28.1763 33.8487 25.9754 25.5012 27.9953 23.728 23.3516 22.512 22.0873 36.5867 25.7354 29.3044 28.7906 25.4378 25.3698 35.4892 34.2355 46.2116 32.0636 37.9685 26.9662 24.7533 26.801 22.3508 23.0479 22.3159 22.0137 21.5669 42.7573 52.532 44.045 32.219 30.5871 28.305 39.4691 30.8036 25.1869 23.9611
threshold=294.54258728027349 12.60835647583008 -1.0000000180025095e-35 -2.3273887634277339 2.8845443725585942 282.83143615722662 -49.539039611816399 -40.352943420410149 287.04971313476568 2.4814987182617192 -0.76698875427246083 0.68112325668334972 -0.47515141963958735 -44.352928161621087 0.78656607866287243 -26.707867622375485 20.108238220214847 -52.257841110229485 101.87464904785158 292.09611511230474 283.82092285156256 0.47784948348999029 3.6376352310180669 68.036495208740249 50.025959014892585 34.799779891967781 287.11654663085943 28.639678955078129 -0.18589657545089719 -46.284315109252923 -0.81019210815429676 -25.986227035522457 1.4407377243041994 -0.52717256546020497 1.1571083068847658 0.40455627441406256 0.91597560048103344 212.75080871582034 13.871372222900392 0.2540810108184815 -14.337648391723631 10.531147956848146 10.715535163879396 2.0647010803222661 0.78656607866287243 2.5379524230957036 -30.848306655883786 0.97297734022140514 12.248271942138674 0.11755901575088502 0.96787995100021373 -0.76137718558311451 279.65505981445318 -0.37940952181816096 20.974723815917972 -33.291376113891594 -1.4288229942321775 -41.249486923217766 287.71604919433599 282.88037109375006 805.25000000000011 5.9994366168975839
decision_type=2 2 2 2 2 2 2 2 2 2 2 2 2 2 2 2 2 2 2 2 2 2 2 2 2 2 2 2 2 2 2 2 2 2 2 2 2 2 2 2 2 2 2 2 2 2 2 2 2 2 2 2 2 2 2 2 2 2 2 2 2 2
left_child=1 4 -3 -4 9 7 -7 -6 -8 32 11 12 13 16 18 -16 17 -11 31 20 27 22 -22 24 -23 26 -26 50 -29 -21 -15 -14 51 -34 35 38 -36 -37 39 44 -41 -42 -40 47 -35 46 -46 48 49 -44 -13 56 55 54 -54 61 60 58 59 -56 -1 -53
right_child=-2 2 3 -5 5 6 8 -9 -10 10 -12 19 14 30 15 -17 -18 -19 -20 29 21 23 -24 -25 25 -27 -28 28 -30 -31 -32 -33 33 34 36 37 -38 -39 42 40 41 -43 43 -45 45 -47 -48 -49 -50 -51 -52 52 53 -55 57 -57 -58 -59 -60 -61 -62 -63
leaf_value=-0.0021658484706374077 -0.035859697695277207 -0.016952198259697387 -0.0061193742228969148 0.01994958245451639 -0.019066802032731759 -0.0055968706627009942 0.041808034760405566 0.0043699117991199783 0.12637401670385043 0.19256075939568668 0.0097637696157799325 0.00026733777433266681 0.0057052816487634384 0.0045126684401793878 -0.017479961443183322 0.031962861839347594 -0.0004954955576034661 0.058273472999311571 0.041847438570870144 0.02532015360017037 -0.029537717075546074 -0.0036543026842537742 0.0028157211433139963 -0.03097796872107729 0.0086780531531883663 -0.015889365725479835 0.061637457501966676 -0.0068522543771673385 0.030090850477202252 -0.037085236532348853 0.022621416003572849 -0.020977059841643018 -0.015115518814288876 -0.00054389185480593276 -0.0054785482704210325 -0.043051536854035753 -0.05701686329833755 -0.0044836593492989718 -0.012719938172864625 0.0098854881107466284 0.059921269849481332 0.0032680050643685908 -0.028979777604736912 -0.0038916203906485015 -0.0075881175326779505 0.002891166288606271 0.031960572415115976 0.044313614829483719 0.036971729160072402 0.0057465925478161874 -0.016929207028731963 0.024528230083702529 -0.015250730732826659 -0.022533830048195647 0.016928279927074168 -0.0041098430929757349 0.030095863783421963 -0.00617002634628591 -0.010827593491527739 0.072640499463390781 0.02817170390562266 -0.011810037419454272
leaf_weight=1273.234589773987 52.673170214286074 418.51614845031872 382.01931475894526 148.17752380669117 105.60483437590301 45.271109382883878 54.290348243084736 2207.900329887867 8.8909317528305092 5.8535847815219322 1103.5105039723276 13450.994042226113 968.26798780745594 479.48813821130898 311.78466320567532 44.862252220511436 7.7326270986231966 9.5374472957337275 43.168588913511485 145.71725812743534 327.27810964541277 1260.1161758915987 221.66639460087754 80.42844643839635 42.880155289545655 44.109317664522678 50.328849696437828 79.342397100757807 144.99709784751758 17.010113621945493 283.15474382566754 86.078473046422005 382.51234860290424 1353.7489147435408 85.943932121619582 44.296665474772453 39.575541650876403 1227.0188095771882 441.35079212891287 380.78847388716531 92.921629772521555 58.754667015746236 47.611647798679769 1637.3560166003881 54.032394600304542 311.74798918480519 206.76338130095974 38.560784075176343 57.440369035117328 1633.4772614420217 188.71296788426116 174.37670677155256 283.62860473239562 709.48066713046865 48.317531152162701 3062.7535790530965 86.751120243861806 105.34500510327052 45.193133045017021 50.998128894018009 72.300295411027037 61.316534253302962
leaf_count=27098 82945 6391 5092 882 4755 5430 1451 25164 607 374 9353 144492 13180 4834 3711 255 515 408 368 22184 21869 55922 8874 2550 792 1525 1658 829 2013 1556 3714 475 8813 24996 628 297 429 16414 8040 19621 572 339 384 16363 2572 3137 1517 310 503 16325 2814 1969 38375 115067 997 24568 616 2699 13378 1037 657 1382
internal_value=-0.000146279 -9.52104e-05 -0.00682652 0.00116628 8.27414e-05 0.00444878 0.0289526 0.00330009 0.0537082 -0.000233245 0.00084782 0.000309988 0.00524894 0.0130424 0.00103771 -0.0112606 0.0726148 0.109346 0.00503416 -0.000379136 -0.000575504 -0.00659454 -0.0164732 -0.00292515 -0.00131058 0.0201968 0.0372739 0.000304428 0.0170251 0.0187968 0.0112361 0.00352689 -0.00172387 -2.18106e-05 0.000726891 0.00109844 -0.0217283 -0.00582749 0.00249285 0.00646162 0.0178871 0.0379756 -3.79512e-05 0.00160132 0.00330339 0.0124001 0.0237668 0.00666235 0.00582724 0.00476308 2.9414e-05 -0.00403002 -0.0057172 -0.0136204 -0.0017665 -0.002739 0.0013196 0.0135405 0.0279092 0.0455362 -0.000535706 0.0150747
internal_weight=36888 36835.3 948.713 530.197 35886.6 2421.96 108.452 2313.51 63.1813 33464.6 19397 18293.5 2239.93 785.767 1454.16 356.647 23.1237 15.391 1097.52 16053.6 15890.9 2026.81 548.945 1477.86 1397.43 137.318 93.209 13864 224.339 162.727 762.643 1054.35 14067.6 8093.9 7711.39 7585.87 125.519 1271.32 6314.55 2458.76 532.465 151.676 3855.8 3414.45 1926.29 572.544 260.796 1777.09 1738.53 1681.09 13639.7 5973.7 4541.41 1242.96 533.482 3298.45 1432.29 249.854 144.509 99.3157 1345.53 235.693
internal_count=786085 703140 12365 5974 690775 37407 7488 29919 2058 653368 304265 294912 27834 9845 17989 3966 1297 782 14023 267078 243338 93190 30743 62447 59897 3975 2450 150148 2842 23740 8548 13655 349103 121260 112447 111390 1057 16711 94679 52754 20532 911 41925 33885 32222 7226 4089 17522 17212 16709 147306 227843 199472 171553 56486 27919 28371 18111 15412 2034 27755 3351
is_linear=0
shrinkage=0.05


Tree=130
num_leaves=63
num_cat=0
split_feature=11 48 41 29 48 35 48 39 48 29 41 48 54 48 48 29 49 49 22 29 49 48 5 54 48 49 48 49 48 49 48 36 11 49 41 47 48 48 12 11 49 49 48 49 49 54 49 49 38 34 48 43 54 29 49 54 49 46 11 49 28 37
split_gain=25.172 22.0601 17.0875 76.8196 51.2938 44.5368 47.9746 36.7983 33.5459 65.3181 55.825 71.4332 54.8522 54.3334 47.1872 44.267 48.9817 100.297 70.721 61.9692 46.8452 69.1629 61.3157 59.3024 66.5992 50.1051 58.2028 57.9674 46.1204 68.2533 46.9854 45.0438 43.8809 72.7615 42.9507 41.2293 40.3856 39.7284 44.8133 39.2784 38.6317 38.59 38.2007 71.0299 79.6276 74.4048 76.0583 112.169 68.1237 40.3189 39.0535 37.4631 37.2557 36.664 36.0211 58.8955 35.8023 35.4706 35.154 39.4451 67.7316 39.3979
threshold=294.02461242675787 -0.76294577121734608 16.91430759429932 8.4606561660766619 0.33345443010330206 22.26226902008057 0.95489680767059337 -10.694987297058104 0.23799896240234378 3.1530771255493169 10.068264961242678 0.31050783395767217 -0.91597560048103321 0.30385869741439825 -0.11090746521949767 11.496726036071779 276.94873046875006 280.31988525390631 -29.409711837768551 1.2688188552856448 286.41694641113287 -0.60007590055465687 272.73497009277349 -1.0000000180025095e-35 -0.48803782463073725 288.57763671875006 -0.47858285903930659 286.93914794921881 -0.55223670601844776 261.91014099121099 -0.53677642345428456 278.52941894531256 275.19049072265631 285.57859802246099 2.0716649293899541 2.273018598556519 -0.54677528142929066 -0.50290912389755238 -44.69457817077636 287.60671997070318 273.35858154296881 289.98133850097662 -0.50290912389755238 258.98173522949224 272.63078308105474 -1.0000000180025095e-35 268.43287658691412 267.93310546875006 -26.058830261230465 3.3099508285522465 -0.52717256546020497 0.036544799804687507 -0.6035533845424651 1.9027404785156252 263.43424987792974 0.37940952181816107 289.89614868164068 1.4407377243041994 237.67858886718753 257.70365905761724 7.3726768493652353 287.81771850585943
decision_type=2 2 2 2 2 2 2 2 2 2 2 2 2 2 2 2 2 2 2 2 2 2 2 2 2 2 2 2 2 2 2 2 2 2 2 2 2 2 2 2 2 2 2 2 2 2 2 2 2 2 2 2 2 2 2 2 2 2 2 2 2 2
left_child=2 -2 5 7 -5 6 8 -4 12 13 11 -11 14 -10 -1 16 28 18 39 20 21 32 -23 36 37 26 27 34 29 -14 40 -29 -19 -34 -22 -21 -24 -25 -39 -18 53 -13 43 -32 45 -45 47 48 49 -47 -48 -27 -37 -30 -50 -56 -53 -41 -16 -60 61 -61
right_child=1 -3 3 4 -6 -7 -8 -9 9 10 -12 41 15 -15 58 -17 17 19 -20 35 25 22 23 24 -26 51 -28 31 30 -31 42 -33 33 -35 -36 52 -38 38 -40 57 -42 -43 -44 44 -46 46 50 -49 54 -51 -52 56 -54 -55 55 -57 -58 -59 59 60 -62 -63
leaf_value=-0.029753248306518154 0.54564584131623495 -0.028083493517749605 -0.019082646710168526 -0.0090611727186592304 0.00096472484464886856 0.036893388083967284 -0.030067825386816394 0.0095291169034575681 0.013716019882336811 0.045620912431391936 0.0035545647966024776 0.0075880464927946317 -0.038141246570659565 -0.021619240961429934 0.055780680209647028 -0.017482098943028389 -0.038410823711576364 -0.039137149705482495 -0.0055811112462411661 -0.020758407352030328 0.12117934484859344 0.020209728224170651 0.065538900067472733 0.032202570759600001 0.0011302508772104444 -0.010909865343608331 -0.029941849484785388 0.0086880044574880536 -0.047845335442169602 0.015407924752777824 0.047544369178603163 -0.036248063041845857 -0.015276267532205299 0.036630935344597562 0.0037083206263450481 0.083634618298670318 -0.030099701973563688 0.034653986489642095 0.20380069625771738 -0.018654734119851281 0.016890245439982823 0.048967309960509436 -4.6636070877058446e-05 0.07105793270405894 0.025478333224922545 0.089941068245865494 0.0037594147763085695 0.10106121118101329 -0.043628428675016456 -0.0097068509067107268 -0.039601110021464221 0.019924895693976246 6.4161117744245585e-05 -0.010044084848723328 -0.013299105828595946 0.041641221778965294 -0.00791935106385094 0.062181677049146303 0.046069399456977973 0.016728020459540232 -0.018819189246669098 -0.017268467205414896
leaf_weight=72.05355239516939 0.16787240811390702 86.183909257990308 816.26573398039909 1463.3691969430074 9949.2217448049341 85.28815111098811 126.04919943018467 130.31843355298042 150.86989541698131 179.9569545633567 3279.6042227998551 737.47944788925815 63.752694331342354 390.05168224786757 43.937183700501919 388.81325944140553 412.79679448739626 105.13995786663145 494.50900747347623 572.4185023396567 16.310413665109085 871.34908497869037 11.797369332780361 84.471967321063858 505.35762040346162 320.01986947556725 342.10250213276595 157.14919201401062 115.80796868697507 893.24215924929013 111.08163829147816 86.444867219543085 273.31471208969015 89.660273604793474 14.880122522125019 14.562985075870527 171.54401022693492 7.8618442625156604 7.8015472893603128 54.480818967043888 62.462367951113265 61.005131437792443 9930.3175344064075 31.640264927584212 339.31905074426322 30.179553896188736 70.490423983894289 28.853764022700489 60.751980841858312 15.295971919316797 197.21213664882816 352.33749788269051 158.29129826865392 143.79091194435023 221.73680575191975 62.537344269454479 171.70799300048384 18.071952571655856 72.471509006340057 880.91428906971123 195.30971771338955 94.347909110772889
leaf_count=2673 296 98179 13360 13634 102076 960 7575 767 5472 4192 69944 35982 667 39680 223 4085 15696 1436 4558 26963 706 8124 759 4334 14547 29153 15509 2427 959 10045 648 7601 9955 3257 522 170 15583 359 134 12010 820 5569 127230 697 4031 253 718 243 457 338 2954 9067 2754 1236 1497 432 11401 1699 490 12255 2543 13933
internal_value=-4.13078e-06 -0.0269681 5.91232e-05 -0.00145611 -0.000320837 0.000825021 0.00069877 -0.0151436 0.00085876 0.00460252 0.00668162 0.0171631 -6.53939e-05 -0.0117638 0.00962218 -0.000793521 -0.000426777 -0.00444186 -0.0188888 -0.001176 0.00154822 0.00628085 0.011067 0.000967964 0.00851174 -0.00534621 -0.0161775 0.000959004 0.001297 0.0118406 0.000413559 -0.00725858 -0.0106935 -0.00245441 0.0651372 -0.0142959 -0.0239457 0.0457642 0.118902 -0.0324476 -0.018413 0.0107495 0.000959832 0.00950876 0.00551539 -0.00390972 -0.00736211 0.00592962 -0.00109955 0.0564239 -0.0281836 0.00256982 0.00710498 -0.0269074 -0.00868132 -0.00121281 0.0108015 0.00148057 0.0118267 0.0102731 0.00805686 0.0134392
internal_weight=36896.5 86.3518 36810.2 12359.2 11412.6 24451 24365.7 946.584 24239.7 4798.97 4258.05 978.442 19440.7 540.922 1359.03 18081.7 17692.9 5314.38 979.859 4334.52 3589.25 2128.3 1660.18 788.834 605.493 1460.95 616.887 274.785 12378.5 956.995 11421.5 243.594 468.115 362.975 31.1905 745.273 183.341 100.135 15.6634 485.35 322.061 798.485 11099.4 1169.1 1058.02 718.698 687.058 419.355 390.502 45.4755 267.703 844.065 172.854 259.599 345.026 284.274 524.045 72.5528 1286.98 1243.04 1170.57 975.262
internal_count=785837 98475 687362 129837 115710 557525 556565 14127 548990 160839 115687 45743 388151 45152 32117 356034 351949 198724 33963 164761 134874 58488 43840 35716 19374 76386 26765 11256 153225 10712 142513 10028 14648 13212 1228 29887 16342 4827 493 29405 3015 41551 139498 12268 11620 7589 6892 3220 2977 591 3672 49621 2924 2195 2386 1929 20468 13709 29444 29221 28731 26188
is_linear=0
shrinkage=0.05


Tree=131
num_leaves=63
num_cat=0
split_feature=18 23 54 40 14 49 29 17 52 48 52 53 53 49 17 2 51 52 37 0 49 24 3 47 27 24 44 49 5 29 21 10 3 25 48 29 9 53 47 43 48 39 43 35 0 49 40 49 49 48 48 40 48 29 29 9 48 48 35 49 49 48
split_gain=23.3116 16.5544 52.9794 33.1464 15.8133 15.6296 37.4325 29.8244 40.9039 31.6249 33.9652 17.5027 15.2877 29.1935 17.0875 41.1771 32.8594 56.4464 68.2148 56.4174 48.072 31.9005 34.6104 78.9303 38.5369 37.6647 30.218 38.2098 30.0871 29.2534 45.8934 38.4359 27.8737 27.7148 27.3657 36.356 29.9456 27.1117 26.6649 40.8204 26.5913 46.6608 35.1014 64.6071 26.5267 28.779 56.6726 74.673 89.1548 61.4449 79.4295 61.0466 70.2292 64.1696 59.228 57.6245 55.4526 51.8929 81.4476 46.2878 130.325 46.1811
threshold=-58.007509231567376 -57.284217834472649 -0.91597560048103321 2.6666641235351567 -54.158603668212884 247.43756103515628 2.6333522796630864 -4.2366523742675772 57.570123672485359 -0.36422622203826899 13.974009513854982 357.91667175292974 545.16665649414074 291.75315856933599 -29.145763397216793 277.18972778320318 56.739677429199226 34.52357482910157 285.63906860351568 287.81193542480474 289.89614868164068 2.2198095321655278 286.53428649902349 0.20525205135345462 1.7034969329833987 9.082893371582033 0.63569831848144542 276.47534179687506 282.64111328125006 -3.0251984596252437 -46.180141448974602 284.34225463867193 261.03756713867193 -1.8144769668579099 0.95832794904708873 22.1867790222168 277.78387451171881 233.16666412353518 1.7053138613700869 -0.62936401367187489 0.93061417341232311 -53.647054672241204 0.054183959960937507 15.278455257415773 283.61671447753912 270.65731811523443 11.980407714843752 274.13537597656256 273.86521911621099 -0.44147184491157526 -0.36931872367858881 2.6666641235351567 0.23799896240234378 3.0403270721435551 6.611107826232911 264.61744689941412 -0.07752364873886107 0.086114823818206801 11.316497325897219 275.10462951660162 275.32183837890631 0.87896132469177257
decision_type=2 2 2 2 2 2 2 2 2 2 2 2 2 2 2 2 2 2 2 2 2 2 2 2 2 2 2 2 2 2 2 2 2 2 2 2 2 2 2 2 2 2 2 2 2 2 2 2 2 2 2 2 2 2 2 2 2 2 2 2 2 2
left_child=-1 2 3 -2 -3 6 -6 9 11 -8 -11 -9 14 -14 16 44 32 18 -18 20 28 -20 -23 37 -25 -26 -17 -28 38 -29 -31 -32 -7 -30 35 40 -37 -24 -19 -40 -34 42 43 -42 45 -16 47 48 49 -47 -51 52 53 55 -53 -52 -50 58 -49 -59 -61 -56
right_child=1 4 -4 -5 5 12 7 8 -10 10 -12 -13 13 -15 15 26 17 19 21 -21 -22 22 23 24 25 -27 27 29 33 30 31 -33 34 -35 -36 36 -38 -39 39 -41 41 -43 -44 -45 -46 46 -48 57 56 50 51 54 -54 -55 61 -57 -58 59 -60 60 -62 -63
leaf_value=-0.036088403662784117 0.091554372897164782 -0.023877648677375813 0.0018556936676650771 0.38331734679659396 0.058377975386705062 -0.04185821245587841 -0.043572482393921919 0.034592352503408405 -0.043488790890466117 0.021333361720962944 -0.029747594948202963 -0.011507489160304085 0.0031856837155166289 -0.041783769714596714 -0.0014071312221760768 0.0064864904253523412 0.0031695282189003284 -0.0011152126299266126 0.024528009198835202 -0.038312858673407661 -0.047540397546212435 0.051173386227680522 0.011144841187960192 0.43833166124571576 0.044832330465265621 0.29991815904025082 0.0016767694261633375 -0.041462881177948392 -0.017289034361381059 0.01860715325917894 0.055792940001186057 0.14980899351067914 -0.0039171067680065568 0.047675807344781704 -0.028653547300595335 0.061516015923011348 -0.0034900721000509331 0.14660649215336544 -0.017576841082843131 0.06293089108726134 0.47963259566911448 0.015229983119431743 -0.050894508826731313 -0.0069473282823340355 -0.014208361250445329 -0.001007558210756189 -0.0073205923084273877 -0.0019531260889127152 0.13468522118659454 0.059564384920614534 0.049058645202213202 -0.016250762197548025 0.07578527883231656 -0.0097427781408752617 0.01717580201022624 0.0097184565611121293 0.037790272721824142 -0.037972000541319266 -0.040353809036685145 0.095895815571676035 0.0060896763350943746 -0.03298111660628289
leaf_weight=44.972095480537973 2.4748669553082463 69.741782815661281 14.185770181094993 1.6046068261493927 35.937257183715701 47.792920111212879 49.004217140376568 140.54321587458253 22.894285287708044 90.829172644764185 50.712435904890299 24.123642832040787 3931.0719330851571 36.424776804167777 14822.301583876833 758.52142713987269 121.92002317961305 455.30024252994917 40.052253318455769 87.252650523296325 41.635323985945433 35.612967502442189 9.550929488672411 2.1373372171947249 2.5327089975471608 3.3761243708140682 64.353554251953028 7.5768749210983506 20.963096200954169 35.180447944178013 26.111645135097206 18.625432715285569 6410.555586587463 75.703085875487886 106.72405776800588 39.424469510093331 32.173637332394719 6.023071396019076 25.238437027903274 41.858056137338281 1.6944350366538854 95.016020027251216 1.0829077207017688 1.1419713001232592 336.67642566515133 889.15268555656075 1314.952185577713 2754.3403428767342 20.864272573962808 96.084701560437679 191.3207053435035 253.52388022886589 61.064215688500553 140.42005521152169 522.83978083683178 181.28516151732765 50.518274285830557 56.190485966159031 145.37097946926951 41.318569025024772 1812.3527368595824 50.308474225457758
leaf_count=34118 569 42955 7613 395 472 1731 272 1413 123 553 265 212 46709 2688 135359 12422 2128 6644 3221 15749 554 954 1475 222 362 204 1514 68 200 1722 233 307 356386 1127 7041 256 228 756 717 348 323 6166 324 173 5750 6949 13666 27282 162 717 981 2162 521 987 4851 1229 670 864 3029 287 17393 1025
internal_value=-0.000111856 -6.7921e-05 0.047521 0.206315 -9.15365e-05 -4.63814e-05 0.00961323 0.00497837 0.0191323 -0.00895384 0.00303175 0.0278387 -0.000156489 0.00277283 -0.000515682 0.000126697 -0.00257096 0.00603723 0.0282258 -0.000525019 0.00446529 0.0589943 0.0822997 0.12923 0.256392 0.19058 0.0105623 0.0309221 0.00796296 0.0524325 0.0613346 0.0949347 -0.00380956 0.0335875 -0.00353765 -0.00313035 0.0323046 0.0635331 0.0032213 0.0326478 -0.0035201 0.0222039 0.191273 0.28373 -0.000273468 -7.30101e-05 0.00223123 0.00395962 0.0110504 0.0094031 0.0155872 0.0125706 0.0250961 0.0190627 0.00387216 0.0299183 0.0661115 0.000336705 -0.00387826 0.00673622 0.00809147 0.0127732
internal_weight=36870.5 36825.6 18.2652 4.07947 36807.3 36737.6 414.044 378.107 187.561 190.546 141.542 164.667 36323.5 3967.5 32356 24651.3 7704.76 969.156 221.205 747.951 660.698 99.2854 59.2331 23.6202 8.04617 5.90883 910.369 151.848 619.063 87.4944 79.9175 44.7371 6735.61 96.6662 6687.81 6581.09 71.5981 15.574 522.397 67.0965 6509.49 98.9353 3.91931 2.83641 23740.9 23404.2 8581.91 7266.96 2457.38 2386 1496.85 1400.76 574.09 513.026 826.672 372.606 71.3825 4809.57 2899.71 1909.86 1853.67 573.148
internal_count=785796 751678 8577 964 743101 700146 3310 2838 1748 1090 818 1625 696836 49397 647439 240150 407289 34661 9322 25339 9590 7194 3973 3019 788 566 16266 3844 9036 2330 2262 540 372628 1327 370897 363856 484 2231 7709 1065 363372 6986 820 496 223884 218134 82775 69109 20254 19422 12473 11756 3718 3197 8038 2210 832 48855 30311 18544 17680 5876
is_linear=0
shrinkage=0.05


Tree=132
num_leaves=63
num_cat=0
split_feature=36 23 48 40 36 7 48 38 29 45 27 48 40 40 46 34 11 48 37 38 25 19 45 43 36 35 46 17 46 48 35 4 4 45 48 48 40 24 29 48 3 19 48 37 11 29 48 16 48 33 17 11 36 37 38 48 48 54 48 17 54 54
split_gain=18.5795 17.5975 38.9245 26.9456 26.4447 25.8674 28.4461 24.5904 30.9291 25.9921 23.6777 23.605 23.5028 23.4782 20.8967 34.9009 38.8381 30.9251 30.2646 40.6382 43.5123 29.048 23.7828 20.3924 20.0701 31.5754 20.0332 20.0128 19.829 19.6555 19.8586 23.8879 19.5951 23.6689 30.6092 22.4236 49.4811 42.8299 36.2014 31.3022 41.5957 31.1966 56.9711 43.9057 32.3432 44.5693 79.8536 39.71 35.6774 47.6904 34.4406 35.1947 31.3126 27.7829 36.946 35.1537 78.7335 66.1531 52.0763 44.7151 43.9328 71.855
threshold=292.05882263183599 -4.3606848716735831 0.9702095389366151 21.882347106933597 221.47058868408206 225.18531036376956 0.97297734022140514 -2.4117660522460933 2.4885721206665044 -3.5574932098388667 25.143560409545902 0.83399277925491344 0.17646789550781253 6.6666641235351571 -0.30906295776367182 6.9868276119232187 248.46878051757815 -0.032680213451385491 261.56500244140631 -11.999992370605467 3.9741888046264653 -11.285995006561278 -3.2957801818847652 7.0377502441406259 245.00000000000003 30.215231895446781 -1.2810339927673338 -0.99594497680664051 -2.8071050643920894 0.94361287355422985 14.312934875488283 234.39995574951175 207.11548614501956 16.108370780944828 0.66015982627868663 0.70040506124496471 2.2548980712890629 16.908154487609867 8.9260959625244158 -0.051667749881744378 229.78395080566409 -9.5116462707519513 -0.42832165956497187 236.61946105957034 243.11967468261722 5.3451614379882821 -0.16959729790687558 -9.9392242431640607 -0.065915763378143297 -3.2023745775222774 -21.121566772460934 260.36589050292974 233.23529815673831 232.37109375000003 -3.4705886840820308 0.89492958784103405 0.8446832299232484 0.12940952181816109 0.81332153081893932 -1.5885353088378904 -0.37940952181816096 0.12940952181816109
decision_type=2 2 2 2 2 2 2 2 2 2 2 2 2 2 2 2 2 2 2 2 2 2 2 2 2 2 2 2 2 2 2 2 2 2 2 2 2 2 2 2 2 2 2 2 2 2 2 2 2 2 2 2 2 2 2 2 2 2 2 2 2 2
left_child=1 2 3 4 7 6 12 13 -9 -10 -5 26 -3 -1 15 18 17 21 19 20 22 -17 -6 -13 -4 -26 -12 -7 -21 30 31 -19 -16 35 -35 37 -37 39 -39 41 -41 44 -43 -44 47 48 -47 52 -46 -50 -48 -52 -34 -38 55 56 58 -57 60 -59 -55 -62
right_child=-2 5 24 10 14 27 -8 8 9 -11 11 23 -14 -15 32 16 -18 29 -20 28 -22 -23 -24 -25 25 -27 -28 -29 -30 -31 -32 -33 33 34 -36 36 53 38 -40 40 -42 42 43 -45 45 46 50 -49 49 -51 51 -53 -54 54 -56 57 -58 59 -60 -61 61 -63
leaf_value=0.0043662754058243301 -0.038670411235009666 0.022418295206374356 -0.031195584843270709 0.0015147837806393991 0.045797558318532591 0.030042580966319583 0.034186865522772419 0.026968820234094901 0.010995020571463439 -0.0044264963040998714 -0.0010938714635356328 0.0010298344038121552 0.00058141184622321866 0.020029287440158434 0.044391133459559667 0.0010549092589009418 -0.015810699050027383 0.040304505726688283 -0.0064422390852143102 0.030054647324660583 0.086815193773239527 -0.041093364985434797 -0.0074854260786699784 -0.028464162101812525 -0.01570510149381198 0.081132362580984732 -0.029633575485694438 -0.0055653068167917583 -0.00030786179667948777 0.036491752729670097 -0.0039931170825755679 0.0025268963101658204 0.059489171158047839 -0.0042567714312164223 -0.03795633650547714 -0.040557777390130778 0.02425374953626119 -0.024230883772806456 -0.0044487561204290763 0.025267268272554051 0.0026559352479505302 0.0086460642868093091 -0.039319174358131495 -0.0071591330831057166 0.00029956852242829117 -0.019687975137316693 -0.040928402523594656 0.004472881897485243 0.054081261699800855 -0.022444904681290116 0.029792543711924937 0.12091356387768744 0.0095222785545655605 0.018348535618866419 -0.017705720352605193 0.0033088090507246135 0.021944949187607286 -0.022019175628918281 -0.0065188144577212953 0.093790623426961983 -0.032506055575821972 0.0070859163488267811
leaf_weight=530.34414990991354 30.81824028128176 130.120386922732 150.64273901109118 449.67375204153359 40.634864460676908 155.03129661083221 69.459317024797201 109.23592633195221 363.10311436653137 1103.8867462612689 80.970401084050536 307.83624791540205 2323.2888438440859 435.89435972925276 25.132162161171436 79.630071975290775 899.13456280052196 62.991408422589302 455.24133375883684 62.690424679312855 32.070084612350911 84.001353301107883 43.21387710981071 72.386880713514984 38.169075904792408 10.799639695324002 255.55218783020973 52.932736311107874 378.03711897088215 42.5304254591465 476.7721191868186 124.65320261567831 65.778745554387569 280.42211168527137 88.694083305541426 63.837042257975554 159.90617970749736 257.72053138399497 2253.3531393730082 210.77788215130568 5805.0758568507154 227.23164815083146 201.23746201768517 224.54882950335741 10515.602513563674 600.31779981823638 13.237904242239891 540.87842402234674 21.922892884816974 285.34982488304377 55.649675408378243 13.089468114078043 59.911495124921203 658.7120407668117 205.13787305168808 1538.8475502847577 701.53690047128475 390.15839137870353 914.60057750731357 8.5169033445417863 133.18364947394002 821.28176296726451
leaf_count=2843 71377 1223 2274 3875 372 781 454 728 2018 5698 809 3759 14281 2758 134 861 20379 336 19794 493 396 728 354 672 2607 302 3496 301 2262 229 3084 735 399 3337 1907 11307 839 4185 25447 1148 167714 1260 1146 1243 249699 12776 567 3190 176 5968 807 283 413 14194 1320 37650 16392 9357 19872 45 3665 18961
internal_value=0.000135756 0.000168287 -0.000141596 -1.17082e-05 0.000254935 0.00403006 0.0026329 0.00515178 0.00130181 -0.000609428 -0.00747908 -0.0131217 0.00173957 0.0114323 -0.000158369 -0.00428716 -0.00852218 -0.000994591 0.00311957 0.0109395 0.0372819 -0.0205822 0.0183366 -0.00458523 -0.0221562 0.00565159 -0.0227667 0.0209794 0.00401099 0.0035392 0.00142985 0.0152087 0.000261673 0.000221072 -0.0123544 0.000393326 0.00321075 -0.000345047 -0.00647907 0.000472495 0.00344817 -0.000923339 -0.01157 -0.0223588 -0.000352143 -0.000972528 -0.013367 0.0103559 -0.000191159 -0.016985 0.0329218 0.047144 0.035672 0.00371583 0.00310449 0.00393071 0.00712527 -0.00139374 0.00301235 -0.0195451 0.0084161 0.00156135
internal_weight=36793.4 36762.6 34031.7 33832.1 32665.7 2730.83 2522.87 2542.46 1576.23 1466.99 1166.42 716.746 2453.41 966.239 30123.3 2781.6 1769.71 870.579 1011.89 556.646 115.919 163.631 83.8487 380.223 199.611 48.9687 336.523 207.964 440.728 706.947 664.417 187.645 27341.7 27316.5 369.116 26947.4 5595.72 21351.7 2511.07 18840.6 6015.85 12824.8 653.018 425.786 12171.7 11505.2 682.295 666.569 10822.9 307.273 81.977 68.7391 125.69 5531.88 5371.98 5166.84 3229.31 1937.52 2527.78 398.675 1613.18 954.465
internal_count=785680 714303 697263 692080 679469 17040 15958 14045 8444 7716 12611 8736 15504 5601 665424 50023 26352 5973 23671 3877 1122 1589 726 4431 5183 2909 4305 1082 2755 4384 4155 1071 615401 615267 5244 610023 133602 476421 29632 446789 168862 277927 3649 2389 274278 270276 14433 4002 255843 6144 1657 1090 812 122295 121456 120136 73084 47052 56692 9402 36820 22626
is_linear=0
shrinkage=0.05


Tree=133
num_leaves=63
num_cat=0
split_feature=3 42 36 11 41 40 29 48 31 52 52 29 36 23 49 29 5 46 51 45 36 49 49 5 36 29 35 49 49 36 49 48 26 23 49 40 46 52 49 42 46 19 43 49 40 38 49 48 48 39 49 40 50 29 48 29 49 41 21 48 52 52
split_gain=20.2903 19.3516 27.8352 24.0406 22.062 52.3648 34.0635 31.1702 29.2639 24.9214 23.8578 36.4497 53.6239 57.6822 36.1531 33.9931 43.6522 40.844 35.2394 29.3689 28.8031 31.8317 30.3545 28.2732 26.5372 25.6388 25.2534 31.6432 24.9633 24.7289 24.4597 41.0454 24.4277 24.4938 30.38 27.7164 28.6286 26.0427 24.4018 23.3217 30.8337 29.0276 24.4009 26.1205 54.9904 48.63 41.6183 40.8893 55.4692 42.1988 41.8195 37.0156 36.0728 31.7116 30.8616 29.5504 27.7946 25.8879 30.6849 23.5762 26.7391 23.2099
threshold=292.82296752929693 2.9424819946289067 212.05882263183597 292.09611511230474 1.5168278217315676 -1.3529357910156248 3.3183870315551762 0.15471708774566653 -1.3045060038566587 25.986444473266605 60.031352996826179 5.7020158767700204 239.11765289306643 -26.987300872802731 263.06666564941412 1.6641530990600588 272.73497009277349 0.48938989639282232 62.528821945190437 -12.899168968200682 267.35295104980474 270.38075256347662 285.04306030273443 267.61863708496099 266.17646789550787 1.9404249191284182 3.2755072116851811 275.89672851562506 269.97990417480474 219.11765289306643 286.04714965820318 -0.46314680576324457 -0.041749477386474602 -47.250875473022454 281.83038330078131 -0.62744903564453114 1.5004420280456545 32.220859527587898 288.83427429199224 16.735099792480472 3.8410034179687504 -53.815469741821282 10.504272460937502 258.72836303710943 19.470581054687504 -1.117652893066406 269.73658752441412 0.14038562774658206 0.23799896240234378 -15.608569145202635 258.38572692871099 9.1176452636718768 20.642064094543461 27.275884628295902 -0.76294577121734608 3.2615575790405278 268.30914306640631 18.125390052795414 -10.036921977996824 0.66564059257507335 6.6951441764831552 9.6347298622131365
decision_type=2 2 2 2 2 2 2 2 2 2 2 2 2 2 2 2 2 2 2 2 2 2 2 2 2 2 2 2 2 2 2 2 2 2 2 2 2 2 2 2 2 2 2 2 2 2 2 2 2 2 2 2 2 2 2 2 2 2 2 2 2 2
left_child=1 -1 -3 4 6 8 7 -4 -6 -9 15 14 -13 23 -12 16 20 -18 32 28 22 -22 26 -14 -25 -21 -7 -28 -17 -30 31 -24 -19 34 35 -34 -37 -36 39 42 41 -41 43 44 47 52 -47 50 49 -49 55 -50 61 54 -54 -27 -55 -53 -59 -46 -61 -45
right_child=-2 2 3 -5 5 10 -8 9 -10 -11 11 12 13 -15 -16 19 17 18 -20 25 21 -23 30 24 -26 38 27 -29 29 -31 -32 -33 33 -35 37 36 -38 -39 -40 40 -42 -43 -44 45 59 46 -48 48 51 -51 -52 57 53 56 -56 -57 -58 58 -60 60 -62 -63
leaf_value=-0.0011261701093250663 -0.036743739955719827 0.011787309971724546 0.00401617386335944 0.019374713074289219 0.043009752173803747 0.012788158002837838 0.067534143915584863 0.011105680024799378 -0.013434901113687371 0.11782740591113774 0.010819740619021507 -0.013493003189477213 -0.0096847084131647439 0.077232237751730853 -0.025347206987235322 -0.02740267777854824 -0.027729805827451205 0.095236751230709626 0.094619226634640535 -0.013819509698927715 0.12978431253737996 0.022674237231509874 0.010619850325357946 0.066562944035286745 0.0096683644361445706 0.034003247845885924 0.0054541006720202449 -0.019253006475235483 0.063642230512541059 -0.0063274362797277597 0.015156298628191659 0.087211668543330109 -0.015771398780867786 -0.025899711104006535 -0.026940612241538549 0.034772736805257824 0.13061849457678451 0.096057675836589126 -0.012115804837571811 -0.035734685262038414 -0.0045122816652941574 0.016148763681904838 -0.0082243361814952932 -0.0093438654911272359 0.012841625145664998 -0.041394729136589023 0.0076006176215639059 0.11102434860530895 -0.017094531248446489 0.033505948100189802 0.054654575731428706 0.053731628305801742 0.059441826589693131 0.080315894196739734 0.00252130969168804 -0.018451991128881358 -0.00070694573431776475 0.0059644948447086371 0.033226292720915131 0.016473477944686288 -0.019315009780392453 0.0014601313279916802
leaf_weight=18440.587235525396 37.576725621853257 597.13064517453313 2265.4660426939372 172.70177862540004 23.597184541635215 826.65041220001876 21.697864687070251 11.041584152611906 854.30309962655883 10.841259167413225 86.988861597841606 256.64732235204428 99.298650581389666 36.718159882351756 335.95328437525313 175.82743860490154 161.93530676118098 6.6476912272628388 10.675957019673659 301.6237187818042 10.221167461830193 21.584701438900083 33.307053667958826 30.885505543090403 60.923356399405748 31.743844345677644 613.80434695351869 164.27433247608133 13.531620297580956 189.04646046180278 152.16392069635913 36.838860079180449 16.961730619543232 67.986875765840523 46.319088303833269 28.879045211710036 10.669440541998481 4.7443691422231486 344.7805149613414 28.037780538783409 317.88769815023988 700.25372827379033 721.66318579972722 1168.2017170817126 122.53082124702632 126.7001500017941 65.878874838352203 27.870177278062329 71.581450687488541 47.439888823777437 28.108660635538399 54.985136361094192 23.932858773274347 24.843067774549127 4770.5535553250811 174.11398207349703 18.44281630218029 248.83492199797183 176.38229042291641 64.062705471180379 281.65086392685771 865.3166553551564
leaf_count=414700 83375 3914 30713 25429 210 6182 113 290 10295 156 691 2252 1389 319 6283 3578 11081 112 349 5759 303 981 318 310 563 307 6123 3065 77 3233 2186 312 804 2537 4185 1753 382 367 9392 2241 4194 12280 7080 20931 867 708 333 277 969 277 213 395 289 380 67212 1598 275 2450 805 531 2345 13764
internal_value=-2.12096e-05 1.63858e-05 0.00117001 0.000811143 0.000627881 -6.45262e-05 0.0051813 0.00458982 -0.0119177 0.0639781 0.000662809 -0.00718328 0.00217982 0.0198354 -0.0179085 0.00119415 0.00685523 -0.00921548 0.00632816 7.38245e-05 0.00992284 0.0570952 0.00910164 0.00880751 0.0288083 0.000553224 0.00670288 0.000237734 -0.013618 -0.00165367 0.0264169 0.0508439 0.00115501 -0.00240745 0.0124397 0.037698 0.0606301 -0.0155127 0.000965869 0.00140975 0.0084803 0.0141514 0.000598212 0.00135679 0.00778673 0.000146785 -0.024634 0.015286 0.0219413 0.0621934 -0.00255203 0.0164476 0.000841307 0.00319009 0.00280544 -0.0103632 0.0457945 0.0214475 0.0172728 -0.00600383 -0.0126832 -0.00474647
internal_weight=36741.8 36704.3 18263.7 17666.6 17493.9 15184.8 2309.05 2287.35 877.9 21.8828 14306.9 907.415 484.473 227.826 422.942 13399.5 2213.66 354.82 192.884 11185.8 1858.84 31.8059 1827.04 191.108 91.8089 10807.4 1604.73 778.079 378.406 202.578 222.31 70.1459 182.208 175.561 107.574 56.5102 39.5485 51.0635 10505.8 10161 1046.18 728.292 9114.84 8393.17 1329.3 7063.87 192.579 861.06 627.094 75.3101 233.966 551.784 6871.29 4837.77 4794.49 205.858 43.2859 480.202 425.217 468.244 345.714 2033.52
internal_count=784802 701427 286727 282813 257384 226112 31272 31159 10505 446 215607 11807 4833 2581 6974 203800 41040 21570 10489 162760 19470 1284 18186 2262 873 155872 15370 9188 6888 3310 2816 630 10140 10028 7491 2939 2135 4552 150113 140721 18715 14521 122006 114926 11034 103892 1041 7291 5173 554 2118 4619 102851 68156 67501 1905 655 3650 3255 3743 2876 34695
is_linear=0
shrinkage=0.05


Tree=134
num_leaves=63
num_cat=0
split_feature=36 17 43 47 50 48 49 49 32 27 54 35 37 23 53 7 47 49 49 31 48 37 37 25 43 54 35 54 48 5 29 31 29 49 48 11 49 17 48 40 46 48 35 49 49 49 48 48 48 49 19 29 49 48 48 48 49 49 36 11 49 36
split_gain=21.2916 18.065 51.2202 44.6734 34.9734 34.367 35.9803 33.6909 33.3491 56.9932 30.6486 32.5626 30.5811 30.2685 29.5336 28.4915 28.0662 29.6998 36.0022 45.4505 48.5625 27.94 33.6393 27.3122 30.1665 27.8248 27.2639 56.1295 46.5376 69.0428 54.7955 76.3279 50.2698 55.7395 65.4949 71.5559 64.1836 58.0224 55.4599 47.3778 46.4156 43.5795 36.5596 42.4869 63.8599 85.696 42.8953 75.5158 42.4229 71.3103 42.0324 55.556 42.509 40.5091 56.5427 42.0874 67.6433 38.403 38.2844 36.8748 35.5153 32.4845
threshold=199.70588684082034 -37.522951126098626 -1.7713623046874998 1.7053138613700869 100.84975051879884 0.15471708774566653 286.52598571777349 278.60643005371099 5.0105252265930185 3.0161838531494145 0.91597560048103344 -1.8744184374809263 278.74002075195318 -47.796451568603509 -15.425000190734862 284.48193359375006 0.014385461807250978 266.63755798339849 265.41934204101568 15.364188194274904 0.63133245706558239 287.60711669921881 288.23165893554693 -0.28494548797607416 0.036544799804687507 -1.0000000180025095e-35 6.1465306282043466 -0.98296290636062611 0.12764942646026614 254.348747253418 4.0189285278320321 10.200339317321779 11.928644180297853 275.32183837890631 0.10494250059127809 246.17847442626956 275.10462951660162 -12.860662460327147 -0.58530998229980458 1.4705810546875002 11.053308486938478 0.13203227519989016 10.297074794769289 260.24180603027349 268.70045471191412 269.10101318359381 -0.49531143903732294 -0.48176059126853937 -0.3497984111309051 258.98173522949224 -8.9068512916564924 3.892328262329102 260.66418457031256 0.04865998029708863 -0.038633346557617181 -0.18589657545089719 258.72836303710943 267.31149291992193 216.17646789550784 243.11967468261722 258.72836303710943 207.35294342041018
decision_type=2 2 2 2 2 2 2 2 2 2 2 2 2 2 2 2 2 2 2 2 2 2 2 2 2 2 2 2 2 2 2 2 2 2 2 2 2 2 2 2 2 2 2 2 2 2 2 2 2 2 2 2 2 2 2 2 2 2 2 2 2 2
left_child=-1 2 -2 4 10 21 7 8 9 -7 16 -12 -9 -14 -13 -15 23 18 -18 20 -20 -5 -23 24 -4 -25 27 -3 29 32 41 -32 33 36 39 -36 38 -38 -28 -35 -34 -30 43 48 46 -46 -45 57 49 59 51 52 -49 54 55 56 -50 -48 -52 -40 -57 -44
right_child=1 26 3 5 -6 6 -8 12 -10 -11 11 14 13 15 -16 -17 17 -19 19 -21 -22 22 -24 25 -26 -27 28 -29 30 -31 31 -33 40 34 35 -37 37 -39 42 -41 -42 -43 61 44 45 -47 47 50 53 -51 58 -53 -54 -55 -56 60 -58 -59 -60 -61 -62 -63
leaf_value=0.046431957679286477 -0.024268264181102967 0.033004382128495068 -0.013426825511377952 -0.033542977969683682 0.0051866615574004821 -0.051746253618695032 0.0033116879276204056 -0.017508461946974526 -0.0027946860681650771 0.32436520900884569 0.016556446318437522 0.068359152404507906 -0.0049625673456263055 0.12251314163174148 -0.027125991824529738 0.056911200727442594 -0.0034412219380507134 9.8947377653764028e-05 0.033486898206820916 -0.0053754677755848829 0.15559650194460284 0.2134449330524642 -0.0061407202834707292 -0.0067124231394547346 0.0093188783866358701 -0.023009080824886181 0.02454191290107454 0.0019134420022071997 0.065125871607092489 -0.024852499407172653 0.016642692434611191 0.00046769912184915102 -0.02316861332037725 0.0021745085395805585 0.084257014334140304 -0.0079015574724465507 0.13918592978804575 0.0096665967137596186 0.026960106130710228 -0.025748737890153413 0.021886972134791356 -0.015689191336600791 -0.051288101159989788 -0.0047518564813593366 -0.046410860768920502 0.0022551629414408604 0.029056666782383583 0.070339362614456141 -0.0168413419820173 -0.059158853014867598 0.019018295115828865 0.037578350475712764 -0.0082045702186211069 -0.043334003800853865 0.047591630160111892 -0.00012606339915743122 0.048678248971201828 0.10464773165646489 -0.024749972973497819 -0.037392004852336166 -0.047095329589579259 -0.0063044990041591824
leaf_weight=24.531596230342984 268.10769501375034 147.22672467012308 231.01243602723116 49.013700185809284 960.23799283249537 1.9112509170663532 125.18913412225083 11.947847859933971 50.672639090073062 2.129463858960662 55.676241962704808 8.3048568985832372 12.176335641037438 25.696109719574451 325.31760704395128 46.504580999491736 44.169748633343261 889.36450445832452 16.544071273237932 18.02189180161804 16.03272766340524 2.6420577191747716 5.1319183555897325 813.92354337061988 395.04158377327258 386.20561849116348 222.48092398792505 10368.528196103725 17.134868704713881 389.97564554249402 769.1651583147177 14089.283604350872 468.94051244389266 210.17683272075374 34.066284097731113 55.179151194402948 15.810800057835875 19.084418499842286 57.910259310156107 547.94763507449534 65.096955981105566 630.59268692534533 41.366373591125011 202.62791759893298 100.65106495423242 893.25722080259584 30.024954496882856 19.562398141250014 81.323308466002345 95.201608441770077 99.100155562162399 290.90009228978306 144.26202384964563 48.529993521049619 65.169571723788977 89.016342553310096 76.403398526832461 38.152514295652509 100.763019207865 36.161702198442072 73.459361612796783 1346.7230803866405
leaf_count=655 16538 2532 13985 1192 45063 191 6307 154 2502 329 2128 1172 809 277 37929 1145 2304 109000 301 278 280 156 465 125486 8602 56935 1800 108205 217 14264 11611 145977 5339 2293 161 604 310 127 439 8004 415 12998 273 1640 1144 7297 323 129 755 728 609 3286 1713 301 536 739 474 238 637 484 550 15203
internal_value=-0.000133712 -0.000164802 -0.00303827 -0.00177139 -0.00318206 0.01585 0.0231328 0.0395618 0.00822852 0.146465 -0.0056936 -0.0188417 0.0573593 0.0679606 -0.0247491 0.0802588 -0.00387226 0.00293433 0.0295433 0.0583369 0.0935833 -0.0195755 0.0684875 -0.00754035 0.000925768 -0.0119567 0.000262964 0.00234873 -0.000758835 -0.00451423 0.000684434 0.00130502 -0.0030901 -0.00154309 -0.0132381 0.0272767 0.000823235 0.068351 0.000255846 -0.0180075 -0.0176765 -0.0135513 -0.00111881 0.00244425 0.00612726 -0.00267315 0.0155792 0.0212791 -0.00889895 -0.0286512 0.0160632 0.024463 0.00117442 -0.000282777 0.00513868 -0.00350161 0.0148966 0.0713579 -0.00304792 0.00222285 -0.0213621 -0.00764505
internal_weight=36766.8 36742.2 4760.98 4492.87 4159.85 333.015 276.227 151.038 54.7134 4.04071 3199.61 389.299 96.3249 84.377 333.622 72.2007 2810.32 984.133 94.7684 50.5987 32.5768 56.7877 7.77398 1826.18 626.054 1200.13 31981.3 10515.8 21465.5 5959.33 15506.2 14858.4 5569.35 5035.31 847.37 89.2454 4187.94 34.8952 4153.05 758.124 534.037 647.728 3930.57 2542.48 1919.3 993.908 925.393 722.765 623.176 189.274 654.588 454.725 163.824 433.902 385.372 320.202 157.727 68.1775 199.863 94.072 162.476 1388.09
internal_count=786538 785883 433528 416990 403463 13527 11714 5407 3022 520 358400 41229 2385 2231 39101 1422 317171 112163 3163 859 581 1813 621 205008 22587 182421 352355 110737 241618 70815 170803 157588 56551 50797 11062 765 39735 437 39298 10297 5754 13215 37498 22022 17016 8441 8575 6935 5006 1651 6374 5128 1842 3355 3054 2518 1229 561 1246 923 1289 15476
is_linear=0
shrinkage=0.05


Tree=135
num_leaves=63
num_cat=0
split_feature=37 23 1 28 45 40 55 46 5 17 26 49 38 39 27 55 23 40 29 49 49 5 15 55 53 17 50 34 46 50 34 45 54 49 5 52 49 49 54 49 3 37 40 13 55 29 47 54 49 49 46 49 54 47 13 49 54 11 5 49 54 49
split_gain=19.0053 16.0081 32.4935 26.2614 28.1559 45.0774 32.3426 27.988 24.6084 52.2139 71.7798 44.4679 30.0622 37.9804 25.0665 33.4427 34.3562 56.7175 27.0546 30.8331 90.3036 54.1826 27.628 42.4897 26.9408 25.7996 25.7799 24.8261 26.5558 24.1234 22.4134 22.2282 24.4501 27.8446 22.249 38.6645 34.3192 59.9732 32.6986 38.3384 32.3817 30.1777 44.6865 43.3091 40.9457 37.1567 35.9705 34.689 113.633 95.1341 93.1002 54.3706 79.231 63.5637 51.1784 50.9176 50.6146 72.369 49.3209 49.3125 48.6874 133.129
threshold=294.88017272949224 -1.2585433125495908 216.48224639892581 24.796339035034183 1.4731273651123049 13.843116760253908 -0.98296290636062611 1.2453651428222658 230.21923828125003 -5.0978469848632804 2.3164882659912114 268.43287658691412 -7.3529434204101554 -35.043575286865227 3.704497337341309 1.0000000180025095e-35 -8.3960647583007795 14.627449035644533 14.415184974670412 261.63801574707037 269.97990417480474 223.57719421386722 -4.9360046386718741 -0.37940952181816096 254.45833587646487 -0.99594497680664051 126.96470260620119 30.533435821533207 9.5745534896850604 150.68162536621097 28.067012786865238 9.6741275787353533 0.78656607866287243 273.35858154296881 235.474235534668 45.833921432495124 259.31796264648443 263.43424987792974 0.91597560048103344 255.95982360839847 232.02870941162112 252.32026672363284 -0.72549438476562489 -14.869987487792967 -0.12940952181816107 0.23587083816528323 -3.5644457340240474 0.37940952181816107 265.70214843750006 273.35858154296881 4.6540393829345712 262.20222473144537 0.60355338454246532 -0.36103302240371699 -29.013456344604489 261.63801574707037 1.0000000180025095e-35 263.70216369628912 240.50944519042972 260.24180603027349 -0.37940952181816096 267.78880310058599
decision_type=2 2 2 2 2 2 2 2 2 2 2 2 2 2 2 2 2 2 2 2 2 2 2 2 2 2 2 2 2 2 2 2 2 2 2 2 2 2 2 2 2 2 2 2 2 2 2 2 2 2 2 2 2 2 2 2 2 2 2 2 2 2
left_child=1 3 -3 8 5 -5 7 -7 12 31 -11 -12 -1 -14 -15 16 17 27 -18 22 30 -22 -20 25 -17 -24 -19 28 -16 -26 -21 34 -33 -34 35 36 38 -38 39 -10 -41 42 -36 46 -45 -44 -43 48 56 50 60 52 55 -53 59 58 57 -48 -49 -54 -50 -62
right_child=-2 2 -4 4 -6 6 -8 -9 9 10 11 -13 13 14 15 24 18 26 19 20 21 -23 23 -25 29 -27 -28 -29 -30 -31 -32 32 33 -35 41 -37 37 -39 -40 40 -42 43 45 44 -46 -47 47 51 49 -51 -52 53 54 -55 -56 -57 -58 -59 -60 -61 61 -63
leaf_value=0.0092851528723305286 -0.037077079245543307 0.0056857184866741552 0.060038963287693606 0.053116155858297202 -0.013164019914641971 -0.0093774839237337898 -0.0054121953554306249 0.030693975971524581 0.0012922749209227221 0.031279338865016708 -0.036414127179051646 -0.0021784835853392906 -0.017983696342434602 0.010882825781491225 0.010646093482559644 -0.0059659089196425286 0.026040303471488044 -0.013466119294301294 0.028656327504540526 -0.030206577296432519 0.039373225148348359 -0.012441603315891203 0.020167924938522541 -0.011154211227853766 0.010278636847354155 -0.0081825081048687437 0.016400361456531041 -0.027213721377646688 -0.015012732232618627 -0.01368492607294497 0.0061701842890050252 -0.015604510416149742 0.02036766424728188 -0.025991760282165502 -0.025691725506010239 -0.016685175136355077 -0.014648631250843164 0.0072326123765494993 -0.022762903867610693 0.077576539247493415 0.025460444207435241 -0.0096614927220271193 0.023469163328074083 0.043123861909587995 0.0053721005736502691 -0.0044233070492229716 -0.0023009735246024535 0.10865412060041986 0.022188077132115954 0.00072366883570745095 -0.01345139530588991 -0.012300992910961043 0.033248144193797007 -0.00072099669817233408 -0.012556613800267256 0.075343445229282408 0.0042192671531324213 -0.034028131371765878 -0.010319881666317924 -0.027626606491382988 0.036435606844934861 -0.00281453942568581
leaf_weight=1397.0954681140138 34.49387374825892 505.94565862603486 29.077342100441456 37.000612029805779 751.82411759253591 67.323175335302949 1368.3924647513777 123.53375400789082 167.10614261776209 66.985102764796466 271.9970411658287 145.63189419964328 247.12745689041913 708.10821432434022 1034.3217466846108 2096.9693867545575 213.42874239385128 730.51331611908972 200.47385809570551 212.13425074517727 138.54791370779276 79.349288016557693 452.62770569697022 213.13317780569196 535.33286795765162 97.541274923831224 80.183222856372595 51.891752790659666 111.73117178492248 130.65172188170254 52.905362393707037 449.03616134042386 114.01412087026983 45.241984364110976 239.96117998659611 203.25915545597672 390.03680242691189 1588.5858965342049 47.07449728064239 33.102577721700072 299.24528352823108 918.19456314350828 124.52106011938304 110.97970523685217 203.57839500717819 2903.0378872365691 320.11722400086001 10.729676232673226 1294.6614013971412 5251.9253452134726 311.08388018474216 1498.908842977864 167.05339936903329 5659.2208274856966 245.53167567495257 71.827100662514567 302.14705533414963 409.84918797199498 46.30023410814465 41.540122480248101 296.65920524395187 794.95576713085757
leaf_count=12050 67300 4529 190 325 8565 493 11145 1153 1241 348 1749 969 1590 4076 5466 12703 967 5746 985 1491 681 389 2128 1168 2959 490 520 297 730 680 324 10508 1561 805 1484 1552 3295 12665 366 174 2170 26317 716 948 1532 24362 4596 142 28388 226075 5370 33819 2494 200512 2296 392 4572 11120 924 2052 3687 17438
internal_value=1.93361e-05 5.41919e-05 0.0086397 -7.27822e-05 -0.00518607 -0.00142851 -0.00272284 0.0165591 0.000282141 -0.000516529 -0.0167691 -0.0244758 0.00255921 0.00128714 0.00195415 0.000971139 0.00409997 -0.000298818 0.00942216 0.00697054 -0.00334116 0.0205044 0.0121376 0.00779914 -0.00318348 0.0151416 -0.0105121 0.00661293 0.00814456 0.00557751 -0.0229453 -0.000195829 -0.00963469 0.00719773 4.38909e-05 0.00429408 0.00598278 0.00291926 0.0170738 0.0208284 0.0306513 -0.000502515 -0.00492228 0.000301799 0.0186914 -0.00327611 -2.61123e-05 0.000502944 0.00261714 0.00464365 0.0122761 -0.00194999 0.0127333 -0.00314584 0.00291452 0.0473371 -0.012991 -0.0201146 0.012064 0.0211253 0.01563 0.00785215
internal_weight=36745.8 36711.3 535.023 36176.2 2348.07 1596.25 1559.25 190.857 33828.2 25044.1 484.614 417.629 8784.07 7386.97 7139.84 6431.74 3668.78 2008.64 1660.14 1446.71 482.937 217.897 963.776 763.302 2762.95 550.169 810.697 1197.94 1146.05 665.985 265.04 24559.5 608.292 159.256 23951.2 2728.41 2525.15 1978.62 546.529 499.454 332.348 21222.8 3267.52 17955.3 314.558 3027.56 17640.7 16722.5 8981.4 7949.29 2697.36 7741.11 582.982 7158.13 454.125 128.857 1032.11 729.966 57.0299 208.594 2386.28 1091.61
internal_count=785779 718479 4719 713760 21681 13116 12791 1646 692079 636639 3066 2718 55440 43390 41800 37724 21382 12759 8623 7656 2885 1070 4771 3786 16342 2618 6266 6493 6196 3639 1815 633573 12874 2366 620699 21463 19911 15960 3951 3585 2344 599236 26562 572674 2480 25078 570194 543877 301246 280958 54883 242631 8300 234331 6842 1458 20288 15716 1066 4546 49513 21125
is_linear=0
shrinkage=0.05


Tree=136
num_leaves=63
num_cat=0
split_feature=12 3 17 43 52 42 49 48 49 48 54 2 48 41 34 41 15 48 48 38 48 46 8 47 43 39 44 49 49 39 38 49 17 46 49 48 49 55 48 48 46 1 33 23 27 40 41 49 46 23 33 28 49 49 46 23 1 54 25 29 36 36
split_gain=19.1403 47.864 31.0063 48.8427 29.8757 29.5671 34.1494 34.9705 42.4499 32.9133 73.3637 31.9897 29.5567 78.9358 29.463 29.144 29.1107 28.0748 38.9518 41.8245 35.8731 33.2077 32.7016 29.1817 29.9096 28.8039 38.1821 27.9444 46.7803 50.9683 42.2083 48.2568 41.9503 45.9907 31.2561 41.6774 30.3524 68.6907 75.8735 66.736 29.7652 28.9887 45.9239 61.0018 30.3124 28.8893 33.1758 33.0544 37.6221 29.1942 28.6541 27.8593 27.8115 27.4649 27.325 40.1253 40.1813 34.3978 25.9974 38.1683 45.9487 61.8918
threshold=-33.529592514038079 256.00424194335943 -24.703363418579098 -4.2396392822265616 36.042289733886726 6.8806152343750009 270.65731811523443 -0.47145682573318476 256.94619750976568 -0.49165731668472284 -1.0000000180025095e-35 236.33694458007815 0.1445879936218262 18.62987041473389 1.8534945845603945 25.773903846740726 -28.656064987182614 0.95489680767059337 0.93061417341232311 -34.882354736328118 0.94361287355422985 0.93289375305175792 281.53369140625006 1.4013633728027346 0.78359985351562511 -53.647054672241204 -3.5763740539550777 276.94873046875006 276.47534179687506 -45.908494949340813 -43.411750793457024 279.70571899414068 -38.507429122924798 1.8575067520141604 261.91014099121099 0.04865998029708863 273.45858764648443 0.37940952181816107 -0.51876229047775257 -0.084319144487380968 1.2453651428222658 271.83308410644537 4.8657808303833017 -43.379365921020501 1.828859329223633 11.392150878906252 20.04865646362305 287.60899353027349 0.5629873275756837 -39.58918380737304 24.256022453308109 9.7353229522705096 254.46063232421878 274.91055297851568 1.2614054679870608 -48.997093200683587 282.74981689453131 0.91597560048103344 -0.049376487731933587 -1.1947503089904783 280.88236999511724 279.70588684082037
decision_type=2 2 2 2 2 2 2 2 2 2 2 2 2 2 2 2 2 2 2 2 2 2 2 2 2 2 2 2 2 2 2 2 2 2 2 2 2 2 2 2 2 2 2 2 2 2 2 2 2 2 2 2 2 2 2 2 2 2 2 2 2 2
left_child=1 4 3 14 -1 -2 7 9 12 -7 -11 15 52 -14 -3 -10 -4 18 23 20 21 -20 -22 27 -25 26 -23 28 29 -5 -29 40 -31 36 35 -35 41 39 -39 -38 -32 42 44 -44 -34 58 -47 48 -48 -50 -49 -28 -9 -41 57 -56 -57 -30 59 -33 61 -61
right_child=5 2 16 17 -6 6 -8 8 11 10 -12 -13 13 -15 -16 -17 -18 -19 19 -21 22 25 -24 24 -26 -27 51 30 54 32 31 45 33 34 -36 -37 37 38 -40 53 -42 -43 43 -45 -46 46 47 50 49 -51 -52 -53 -54 -55 55 56 -58 -59 -60 60 -62 -63
leaf_value=-0.0076726717922983136 -0.00010294967919329498 0.011666197949370197 0.0096263242481218619 0.0091857647166235373 -0.030287471958900788 0.0047282448647075785 0.0093510581543745988 0.013749633381394011 0.019442653220259797 -0.030331445277955817 0.05472239181700659 -0.0076460660817171322 0.067554081356175064 0.0083069912667150178 -0.025810476551003537 -0.0050514471068051139 -0.0024208795754678079 -0.019623113208841341 -0.021943578529970881 -0.0044725254832507525 0.10218361350984861 0.14168338827801341 -0.0010817044363339648 0.0017456680580058223 0.020033423132656519 0.097892815805806194 0.25798664366762158 -0.017696698697635425 0.020140367764243588 -0.016643298544698749 -0.037460277530622886 -0.001015202264077816 0.031989342288474644 0.066102269975100825 -0.016412784141906351 -0.018719977934363901 0.088910300827948693 0.049399886352125257 -0.032555561127795368 -0.032388798724729696 -0.006447270805028423 0.004469253256650073 0.085439367331903271 -0.017067461651719591 0.08951164601267414 0.032664578646573843 -0.035958398463708227 -0.0024827993159646012 0.008484588419601034 0.053484624953435568 -0.052985712570274138 0.797421527642586 -0.031941149936832385 0.028571508307177276 -0.029471659987790833 0.042656401103885626 0.14215947879703716 -0.042365889444823612 -0.0071095251030660837 0.022453692817165246 -0.038270366970483215 0.12140332975421973
leaf_weight=1172.7611737227999 18092.646229571896 63.150778509909287 1297.8464868719748 975.52387459072634 166.81286947615445 295.29062876477838 1976.091640423052 64.392448293045163 237.75293800979853 33.388459881767631 105.34929186291993 1668.1161367483437 65.745029447600245 387.98227115534246 309.32250233227387 248.2383415736258 817.16225969977677 198.32217387220589 5.1079351081280064 60.716519230045378 9.9570022467523795 2.0643053504754794 33.327788557595341 900.02887905869284 297.47423105087364 21.53798792467569 0.48594816133845853 544.22059398601414 177.95033011079067 540.27460685305414 153.79980716152932 1401.0800733754877 94.126417081803083 28.080281237140298 502.50050639221445 29.904042959678918 30.516350358724594 32.560421097907238 212.86444462928921 33.583753741811961 155.6830444962834 572.39974851769512 17.548502650111914 83.923039445653558 30.267330413684249 123.23139732211712 28.302177788456902 113.95005313702859 87.949816381558776 61.068040005862713 37.273266503587365 0.47166223337990232 68.98489439766854 41.07465645976481 12.787010761065174 37.633896498009562 13.890816039638592 25.116818192735082 1759.4910671132675 131.24761766637675 25.490302849037107 17.966502315830439
leaf_count=15756 152772 1012 21405 60338 2085 2003 14859 594 1364 202 685 16854 357 2841 15011 1711 10180 13232 2004 964 88 254 3102 28746 4291 1575 246 205176 3981 19801 9936 27493 637 342 8741 847 222 304 3993 744 4697 10488 445 2348 288 2099 405 1387 856 346 411 158 581 1033 923 482 280 1009 96751 1812 2206 301
internal_value=-2.08888e-05 -0.00151907 -0.000530147 -0.00168971 -0.0104888 0.000848592 0.00419062 0.000979055 -0.00110889 0.014166 0.0342534 -0.00435723 0.0108094 0.0168919 -0.0194565 0.00693137 0.00497172 -0.00100485 -0.000614714 0.026185 0.0517004 0.0940509 0.0226729 -0.000998636 0.00628857 0.118175 0.262734 -0.00207157 0.00130682 -0.000359357 -0.00461406 -0.00287605 -0.00449849 -0.000659877 -0.0124019 0.0223572 0.00506857 -0.00719452 -0.0216826 0.0266133 -0.0218594 0.0104545 0.0256228 0.000660084 0.0459856 -0.0013247 0.010541 0.00224279 0.0168888 0.0269258 -0.0149307 0.52368 -0.00988237 0.0011496 0.0214044 0.0498071 0.069482 0.0124091 -0.00293195 0.00173265 0.0237697 0.034368
internal_weight=36733.8 13489.8 12150.3 10035.2 1339.57 23244 5151.33 3175.24 2741.21 434.028 138.738 2154.11 587.105 453.727 372.473 485.991 2115.01 9662.78 9464.45 133.669 72.9526 29.6678 43.2848 9330.78 1197.5 24.5599 3.02192 8133.28 3492.53 3225.15 4640.75 4096.53 2249.62 1709.35 560.485 57.9843 1148.86 350.6 245.425 105.175 309.483 798.265 225.865 101.472 124.394 3787.05 451.775 328.543 177.32 149.018 151.223 0.95761 133.377 74.6584 267.379 64.3117 51.5247 203.067 3335.28 1575.78 174.704 149.214
internal_count=786054 591231 573390 541805 17841 194823 42051 27192 24302 2890 887 19929 4373 3198 16023 3075 31585 525782 512550 8391 7427 4237 3190 504159 33037 2233 658 471122 117246 110571 353876 148700 50233 30432 9930 1189 20502 6296 4297 1999 14633 14206 3718 2793 925 134067 5504 3405 1607 1202 1798 404 1175 1777 6675 1685 762 4990 128563 31812 4319 2113
is_linear=0
shrinkage=0.05


Tree=137
num_leaves=63
num_cat=0
split_feature=36 35 27 47 25 23 49 47 49 39 46 15 35 29 5 49 48 29 52 46 41 51 37 36 48 42 49 48 17 26 5 49 49 35 46 4 17 53 37 51 49 49 49 3 5 0 55 50 49 49 29 17 48 52 29 53 48 48 48 48 55 49
split_gain=20.0375 18.9678 49.0262 37.8805 28.6852 41.4271 29.0541 33.4776 35.8856 32.1603 24.5634 20.4172 20.0693 34.9811 32.9048 49.0331 27.2569 26.8028 25.6272 25.0206 29.4728 23.6747 27.292 22.8811 58.5284 21.8983 21.0929 19.5885 18.1049 18.0667 22.222 22.5233 21.8124 20.1077 18.1854 17.7465 19.7991 20.8775 17.628 17.3404 33.2958 26.0303 46.627 54.9856 44.1598 41.6999 22.0574 23.389 21.8733 21.2656 32.5504 33.224 38.717 29.3898 25.9883 50.1356 22.2277 108.934 78.4098 45.323 66.9424 70.3568
threshold=203.82353210449222 -1.6928170919418333 -2.5067682266235347 0.11677592992782594 -2.7562255859374996 -44.224159240722649 272.85017395019537 -0.18050256371498105 276.58561706542974 -46.588232040405266 -0.95231437683105458 -41.313785552978509 -0.15712703764438626 -1.3217878341674802 268.10787963867193 271.86802673339849 -0.24570572376251218 -1.7788248062133787 21.587633132934574 0.23923063278198245 -0.8428930640220641 74.316799163818374 261.01306152343756 287.35295104980474 -0.80189770460128773 -1.5041503906249998 263.43424987792974 -0.10015028715133666 -48.486112594604485 -1.9124755859374998 281.18367004394537 282.69186401367193 276.13734436035162 -1.1785276532173155 0.6386861801147462 276.70735168457037 -28.811759948730465 396.91667175292974 283.60566711425787 110.3879737854004 289.84396362304693 255.95982360839847 263.73217773437506 266.56079101562506 234.2858810424805 284.34970092773443 -0.6035533845424651 95.97998428344728 259.93206787109381 247.43756103515628 2.6333522796630864 -4.2366523742675772 -0.36422622203826899 13.974009513854982 13.110123634338381 224.02777862548831 0.83399277925491344 0.8994269371032716 0.81550949811935436 0.70040506124496471 -0.91597560048103321 278.60643005371099
decision_type=2 2 2 2 2 2 2 2 2 2 2 2 2 2 2 2 2 2 2 2 2 2 2 2 2 2 2 2 2 2 2 2 2 2 2 2 2 2 2 2 2 2 2 2 2 2 2 2 2 2 2 2 2 2 2 2 2 2 2 2 2 2
left_child=-1 3 10 4 -2 6 -6 -8 -9 -10 -3 -7 13 14 15 26 -17 21 -15 -16 29 22 -14 39 -25 27 -4 -24 -5 33 31 32 -31 -21 -34 -13 37 -37 -32 49 41 -41 44 -44 -43 46 47 -45 -46 50 -19 52 -52 -54 -53 -56 58 -58 59 -51 61 -61
right_child=1 2 12 28 5 11 7 8 9 -11 -12 35 17 18 19 16 -18 23 -20 20 -22 -23 25 24 -26 -27 -28 -29 -30 30 38 -33 34 -35 -36 36 -38 -39 -40 40 -42 42 43 45 48 -47 -48 -49 -50 56 51 54 53 -55 55 -57 57 -59 -60 60 -62 -63
leaf_value=0.020526895457362842 0.0026891132759795846 0.045669583641864103 0.017376971225672534 0.051718167305910473 0.0088235697116288443 -0.026349199332900766 0.036565085193891261 0.18730474429779842 -0.01341215279585564 0.11996579346601031 -0.018813066463512759 -0.00073571195576115848 0.017882468108006744 0.01593993934916655 0.019028687917799179 0.034492026098635824 -0.00518439097292114 0.059381200461780831 0.065635111257988973 0.0025939583767351226 -0.013617034724727967 -0.035003378865721205 0.019916868097719347 0.59700353322536692 -0.019136725974373377 -0.016868909351815377 -0.022099115737225988 -0.036757580418885931 -0.013485984427620199 -0.0065624464536991238 -0.02092748028333764 -0.012154667733543558 0.00032089091140811944 -0.026559613590691561 0.042405402718324853 0.0098384348401745533 0.072569505007889765 0.053609887295602947 0.033367310059901935 -0.045807820595244936 -0.05591463648909948 -0.00052660854771003891 -0.020185421469251109 0.058514069825413489 0.0069334072427965276 -0.024792036484535943 0.0011755245028740389 0.013272563965927728 0.060698968164592942 -0.00069664899995066905 -0.04443006972073843 0.040387029435526182 0.023985705292625097 -0.024729315076997369 0.029181199396719426 -0.055479400024274039 0.015310427990603238 -0.0015059670795489638 -0.014141568271440764 0.043447171863846556 0.010291876353889897 -0.021959486670848787
leaf_weight=118.18623947538435 416.59431586560095 15.284619738347827 52.100603872910142 11.146870546857825 28.524110006634146 30.435694237588905 34.966494669177337 9.7622123835608381 7.2619890623027485 11.96754002739908 437.55200330496882 92.652597323060036 94.585805764421821 88.722780770651298 141.42985467653489 233.30700754839927 53.146979097276926 32.788633354008198 36.662663141090889 165.30907547846437 431.3313195767696 84.600520023726858 81.67042130077607 0.38625067489920084 181.77688610184123 386.75272103882162 96.537354313302785 18.745869140140712 236.93044725805521 79.81866267696023 17.224745577201247 155.53851518058218 39.592011908534914 92.095523785043042 72.998029917478561 115.43183958571171 20.468380112200975 35.656834569294006 113.1757712836843 37.253124934271909 32.884707906167023 150.04261574707925 454.72640311159194 52.676753986161202 27.422928327461705 71.992074019624852 92.378432735335082 62.419183246325701 60.984757389058359 22746.788036329235 51.127095658332109 96.427760703489184 87.028548516333103 48.057193851098418 54.139944244176149 25.830708898603916 1328.4596905861981 3500.8717813644616 1022.9678496409033 47.419251697545405 1953.1128536941833 309.26723656765535
leaf_count=1740 8319 113 243 319 527 914 778 220 517 322 10139 722 666 1079 2178 1449 366 434 345 2262 12871 2681 1054 203 196597 15004 693 195 4284 574 160 1215 230 1958 514 1628 186 303 3325 449 860 905 4452 385 371 4132 1393 485 610 364735 280 1059 537 246 466 183 18201 56841 16093 531 28230 7225
internal_value=-2.76156e-05 -9.40447e-05 -0.000290004 0.00652316 0.0117949 0.0215937 0.0507885 0.0695041 0.109231 0.0695959 -0.0166366 0.0124302 -7.88985e-05 0.00496236 0.003128 0.0150397 0.0271307 -0.000362733 0.0304708 -0.000832742 -0.0032396 -0.0102894 -0.00669544 -0.000159387 -0.0178303 -0.0114673 -0.00826195 0.00933679 -0.0105562 0.00284413 0.00859164 0.00199424 0.0134319 -0.00783675 0.0276065 0.0168973 0.0264204 0.0201685 0.0261955 -5.98728e-05 -0.00640276 -0.00479053 -0.00321953 -0.0094584 0.0159901 0.0079958 0.0193729 0.0339786 0.0440216 0.000151416 0.0116735 0.00735958 -0.00737092 0.00665518 0.0229097 0.00183563 4.02055e-06 0.00311991 -0.000572971 -1.90149e-05 0.00665429 -0.0132641
internal_weight=36687.4 36569.2 35517.4 1051.8 803.722 387.128 92.4823 63.9582 28.9917 19.2295 452.837 294.645 35064.6 1868.99 1743.61 435.092 286.454 33195.6 125.385 1308.51 1167.08 666.355 581.755 32529.2 182.163 487.169 148.638 100.416 248.077 735.752 478.348 347.947 192.409 257.405 112.59 264.21 171.557 151.089 130.401 32347.1 1042.78 1009.9 972.643 734.193 238.45 279.466 207.474 115.096 88.4077 31304.3 395.4 362.611 186.213 135.086 176.398 79.9707 30908.9 4829.33 26079.6 25056.6 2309.8 356.686
internal_count=785996 784256 765217 19039 14436 6117 2364 1837 1059 839 10252 3753 754965 29462 28038 2751 1815 725503 1424 25287 23109 19600 16919 705903 196800 16253 936 1249 4603 10238 6018 2533 1318 4220 744 2839 2117 1931 3485 509103 14042 13182 12733 10847 1886 6395 2263 870 981 495061 3205 2771 1063 783 1708 649 491856 75042 416814 400721 35986 7756
is_linear=0
shrinkage=0.05


end of trees

feature_importances:
Column_49=1594
Column_48=828
Column_40=395
Column_41=377
Column_36=352
Column_54=338
Column_29=336
Column_5=285
Column_17=238
Column_35=224
Column_39=220
Column_52=218
Column_53=217
Column_23=214
Column_38=204
Column_47=193
Column_55=178
Column_51=149
Column_11=148
Column_37=143
Column_42=134
Column_50=120
Column_45=111
Column_46=106
Column_43=85
Column_24=82
Column_44=77
Column_28=76
Column_4=60
Column_1=58
Column_25=54
Column_34=52
Column_2=51
Column_3=50
Column_27=44
Column_22=41
Column_16=40
Column_33=39
Column_0=38
Column_26=36
Column_10=31
Column_12=31
Column_31=28
Column_19=27
Column_32=27
Column_21=26
Column_13=25
Column_7=24
Column_14=23
Column_9=20
Column_8=19
Column_15=18
Column_20=18
Column_18=13
Column_30=12
Column_6=9

parameters:
[boosting: gbdt]
[objective: binary]
[metric: auc]
[tree_learner: serial]
[device_type: cpu]
[data_sample_strategy: bagging]
[data: ]
[valid: ]
[num_iterations: 600]
[learning_rate: 0.05]
[num_leaves: 63]
[num_threads: 8]
[seed: 0]
[deterministic: 0]
[force_col_wise: 0]
[force_row_wise: 0]
[histogram_pool_size: -1]
[max_depth: -1]
[min_data_in_leaf: 200]
[min_sum_hessian_in_leaf: 0.001]
[bagging_fraction: 0.8]
[pos_bagging_fraction: 1]
[neg_bagging_fraction: 1]
[bagging_freq: 1]
[bagging_seed: 3]
[bagging_by_query: 0]
[feature_fraction: 0.8]
[feature_fraction_bynode: 1]
[feature_fraction_seed: 2]
[extra_trees: 0]
[extra_seed: 6]
[early_stopping_round: 0]
[early_stopping_min_delta: 0]
[first_metric_only: 0]
[max_delta_step: 0]
[lambda_l1: 0]
[lambda_l2: 0]
[linear_lambda: 0]
[min_gain_to_split: 0]
[drop_rate: 0.1]
[max_drop: 50]
[skip_drop: 0.5]
[xgboost_dart_mode: 0]
[uniform_drop: 0]
[drop_seed: 4]
[top_rate: 0.2]
[other_rate: 0.1]
[min_data_per_group: 100]
[max_cat_threshold: 32]
[cat_l2: 10]
[cat_smooth: 10]
[max_cat_to_onehot: 4]
[top_k: 20]
[monotone_constraints: ]
[monotone_constraints_method: basic]
[monotone_penalty: 0]
[feature_contri: ]
[forcedsplits_filename: ]
[refit_decay_rate: 0.9]
[cegb_tradeoff: 1]
[cegb_penalty_split: 0]
[cegb_penalty_feature_lazy: ]
[cegb_penalty_feature_coupled: ]
[path_smooth: 0]
[interaction_constraints: ]
[verbosity: -1]
[saved_feature_importance_type: 0]
[use_quantized_grad: 0]
[num_grad_quant_bins: 4]
[quant_train_renew_leaf: 0]
[stochastic_rounding: 1]
[linear_tree: 0]
[max_bin: 255]
[max_bin_by_feature: ]
[min_data_in_bin: 3]
[bin_construct_sample_cnt: 200000]
[data_random_seed: 1]
[is_enable_sparse: 1]
[enable_bundle: 1]
[use_missing: 1]
[zero_as_missing: 0]
[feature_pre_filter: 1]
[pre_partition: 0]
[two_round: 0]
[header: 0]
[label_column: ]
[weight_column: ]
[group_column: ]
[ignore_column: ]
[categorical_feature: ]
[forcedbins_filename: ]
[precise_float_parser: 0]
[parser_config_file: ]
[objective_seed: 5]
[num_class: 1]
[is_unbalance: 0]
[scale_pos_weight: 1]
[sigmoid: 1]
[boost_from_average: 1]
[reg_sqrt: 0]
[alpha: 0.9]
[fair_c: 1]
[poisson_max_delta_step: 0.7]
[tweedie_variance_power: 1.5]
[lambdarank_truncation_level: 30]
[lambdarank_norm: 1]
[label_gain: ]
[lambdarank_position_bias_regularization: 0]
[eval_at: ]
[multi_error_top_k: 1]
[auc_mu_weights: ]
[num_machines: 1]
[local_listen_port: 12400]
[time_out: 120]
[machine_list_filename: ]
[machines: ]
[gpu_platform_id: -1]
[gpu_device_id: -1]
[gpu_device_id_list: ]
[gpu_use_dp: 0]
[num_gpu: 1]

end of parameters

pandas_categorical:null
