tree
version=v4
num_class=1
num_tree_per_iteration=1
label_index=0
max_feature_idx=55
objective=binary sigmoid:1
feature_names=Column_0 Column_1 Column_2 Column_3 Column_4 Column_5 Column_6 Column_7 Column_8 Column_9 Column_10 Column_11 Column_12 Column_13 Column_14 Column_15 Column_16 Column_17 Column_18 Column_19 Column_20 Column_21 Column_22 Column_23 Column_24 Column_25 Column_26 Column_27 Column_28 Column_29 Column_30 Column_31 Column_32 Column_33 Column_34 Column_35 Column_36 Column_37 Column_38 Column_39 Column_40 Column_41 Column_42 Column_43 Column_44 Column_45 Column_46 Column_47 Column_48 Column_49 Column_50 Column_51 Column_52 Column_53 Column_54 Column_55
feature_infos=[195.52227783203125:330] [194.51481628417969:330] [193.48074340820312:330] [193.11184692382812:330] [193.11184692382812:330] [192.31964111328125:328.38580322265625] [195.52227783203125:330] [195.42433166503906:330] [195.68138122558594:330] [196.00559997558594:330] [196.04458618164062:330] [196.23330688476562:329.92807006835938] [-75:4.7171401977539062] [-75:5] [-75:5] [-75:5] [-75:5] [-75:5] [-75:4.7171401977539062] [-75:3.0964829921722412] [-75:2.7252662181854248] [-75:2.6095457077026367] [-75:2.5636227130889893] [-75:2.4144623279571533] [-14.911173820495605:62.550895690917969] [-14.911173820495605:62.196540832519531] [-14.911173820495605:61.760047912597656] [-14.911173820495605:61.108871459960938] [-14.911173820495605:60.061286926269531] [-14.919011116027832:58.2747802734375] [-14.911173820495605:62.550895690917969] [-14.671197891235352:62.529895782470703] [-14.614534378051758:62.308040618896484] [-14.541216850280762:62.018058776855469] [-14.498400688171387:61.718723297119141] [-14.406678199768066:61.028884887695312] [190.58824157714844:330] [194.58242797851562:330] [-94.823532104492188:3.76470947265625] [-95.233116149902344:2.5722575187683105] [-42.823516845703125:57.333343505859375] [-41.017185211181641:60.569839477539062] [-69.0322265625:63.926193237304688] [-56.771621704101562:48.421066284179688] [-44.439620971679688:45.197311401367188] [-38.199161529541016:36.012775421142578] [-25.987638473510742:32.738227844238281] [-26.406431198120117:27.358383178710938] [-0.85395175218582153:0.98167717456817627] [245.6268310546875:298.25537109375] [0.37751886248588562:496.42047119140625] [0.43655484914779663:190.3641357421875] [0.28787475824356079:183.41900634765625] [-52.666667938232422:1447.8333740234375] [-1:1] [-1:1]
tree_sizes=6712 6758 6821 6825 6818 6832 6871 6888 6878 6889 6900 6921 6896 6893 6915 6918 6937 6904 6939 6947 6905 6940 6961 6901 6930 6910 6943 6937 6957 6949 6937 6957 6935 6940 6950 6966 6943 6975 6948 6979 6948 6970 6979 6992 6963 6949 6935 6981 6947 6981 6974 6971 6961 6977 6992 6964 6974 6953 6958 6943 6966 6964 7002 6975 7000 6975 6946 6956 6927 6948 6986 6988 7006 6966 6970 6973 6978 6983 6960 7001 6987 6971 6941 6993 6965 6915 6960 7026

Tree=0
num_leaves=63
num_cat=0
split_feature=38 38 38 29 35 36 21 36 36 28 5 54 38 34 5 28 15 42 15 8 36 35 13 47 11 54 36 31 5 54 47 28 5 45 5 35 29 5 36 50 54 28 36 1 54 44 55 29 54 23 29 55 35 28 36 54 42 51 29 35 19 42
split_gain=82902.9 13854 9624.21 6588.02 6433.46 3573.27 3559.89 3315.42 2139.11 2322.38 1794.69 1717.94 2468.69 1580.51 1414.67 1265.26 1147.9 1072.82 1016.89 874.537 874.034 793.14 718.194 778.853 672.579 638.765 615.301 610.717 609.059 558.806 857.928 1095.06 535.68 522.654 519.213 516.749 510.158 961.791 492.15 516.213 468.655 1176.66 463.073 459.449 736.759 449.356 447.861 439.639 655.192 713.668 431.438 516.085 426.073 419.411 636.262 409.784 400.916 398.426 391.933 353.655 345.439 325.129
threshold=-1.7647018432617185 -8.9411697387695295 0.64705657958984386 3.1530771255493169 5.2325968742370614 225.58824157714847 -1.7820734977722166 199.11765289306643 223.23529815673831 15.403091430664064 205.86235046386722 -0.7865660786628722 -0.52941131591796864 2.3084094524383549 211.81697845458987 4.9256553649902353 -34.971122741699212 5.4705276489257821 -0.98665618896484364 277.91564941406256 220.88235473632815 8.9718360900878924 1.0000000180025095e-35 6.3749313354492196 227.02115631103518 -0.37940952181816096 213.82353210449222 4.1064589023590097 243.79042053222659 0.12940952181816109 -4.2558701038360587 21.475513458251957 213.5385665893555 2.1630644798278813 224.38174438476565 33.683485031127937 15.661855697631838 226.45742797851565 215.00000000000003 104.96093368530275 -0.7865660786628722 33.410676956176765 217.35294342041018 216.48224639892581 0.60355338454246532 -0.17906951904296872 0.78656607866287243 4.8646564483642587 0.60355338454246532 -1.2585433125495908 25.891773223876957 -0.37940952181816096 0.83584657311439525 17.54464149475098 215.58823394775393 -1.0000000180025095e-35 -1.1963729858398435 22.533037185668949 2.4438190460205083 3.2170383930206303 -2.8856743574142452 7.5998916625976571
decision_type=2 2 2 2 2 2 2 2 2 2 2 2 2 2 2 2 2 2 2 2 2 2 2 2 2 2 2 2 2 2 2 2 2 2 2 2 2 2 2 2 2 2 2 2 2 2 2 2 2 2 2 2 2 2 2 2 2 2 2 2 2 2
left_child=1 14 3 17 5 20 11 -4 9 21 57 12 53 19 -1 26 -16 18 60 46 -3 24 23 40 25 -6 -13 28 -18 38 31 -31 -14 -24 58 -12 37 -10 39 -17 41 -8 -26 47 -45 -32 -7 -42 49 -49 51 -47 -48 -5 -55 56 -20 -9 -15 -22 -2 -30
right_child=2 4 7 6 8 13 22 10 36 -11 35 15 32 34 16 29 27 -19 55 -21 59 -23 33 -25 42 -27 -28 -29 61 30 45 -33 -34 -35 -36 -37 -38 -39 -40 -41 43 -43 -44 44 -46 50 52 48 -50 -51 -52 -53 -54 54 -56 -57 -58 -59 -60 -61 -62 -63
leaf_value=-3.2624251703009688 -2.8621503947519153 -2.6631099922087151 -1.7510943625346975 -3.2418315185957121 -2.6773609422348019 -3.4388013881254347 -3.2827918408101775 -3.2543410620636792 -3.7694753424283172 -3.8938164916809268 -2.0720471873279145 -2.8737766108881049 -3.0342131487988215 -3.018459857551977 -4.0137539609999777 -3.6959097371639875 -3.8058200934196109 -1.9842237073971984 -3.0108579608877082 -3.7894571514095623 -2.924285757102524 -3.701359836604682 -2.5820896316310571 -2.6090625181411107 -3.0656672892821306 -3.5520744265946451 -3.4708692425495347 -3.9908197465415225 -3.9707411846890008 -2.5478738618253529 -3.7057743474665741 -3.5273875183354524 -2.3036830141082305 -3.2048522603327925 -3.7950474480005898 -2.6412888648407344 -3.9701475869838609 -3.9225253808146601 -3.8888441258507926 -3.1581072013500524 -2.9755728720591152 -2.252003405733435 -3.617475826501912 -3.3368374661181806 -2.4412002504467827 -2.9107943931243869 -2.6896676469461442 -3.5310439024371787 -3.6499059658570947 -2.9576023254106389 -3.7978577816081081 -3.5386937358745505 -3.264281039747722 -3.2529207240633387 -3.7338883963854257 -2.062015923315315 -2.3068294790051116 -2.7248905792203266 -3.708546677752766 -3.3725496080875437 -3.4840159822433097 -3.8774536471273904
leaf_weight=6.4146549105644217 4.7563208285719156 9.1117257252335566 10.07756865210831 18.733708091080189 4.8838849887251854 15.180135058239104 9.0388319194316846 13.740482393652202 125.68714465387166 185.25960744544864 6.9613584540784386 8.2552235070616025 4.0638296734541637 3.8998186103999597 9395.2097359970212 30.378493567928672 77.814137693494558 5.8497279155999413 4.1185000278055686 10.259803166612981 6.1230796873569515 112.56625960953534 9.2939602397382242 5.3212478235363951 4.3554048966616383 3.6446902900934202 9.0388319194316846 2298.9430708307773 521.30005219206214 4.5558628626167756 44.446998087689281 7.635626157745719 6.5604425221681595 5.2848009206354609 100.46588784642518 9.3304071426391584 329.82624780200422 560.00666307285428 31.234995786100626 5.2301305662840596 6.2324203960597506 3.9909358676522961 29.922907281666994 5.8679513670504075 3.7722544502466917 5.8679513670504102 5.2301305662840596 10.770059807226055 18.041216935962439 10.934070870280273 5.2119071148335925 7.3987212888896474 8.4192345701158029 11.29853989928961 17.567407198250294 4.3189579937607023 3.9727124162018299 4.792767731472849 4.3554048966616392 15.635721344500778 4.2096172850579059 113.78723085671663
leaf_count=352 261 500 553 1028 268 833 496 754 6897 10166 382 453 223 214 515556 1667 4270 321 226 563 336 6177 510 292 239 200 496 126153 28606 250 2439 419 360 290 5513 512 18099 30730 1714 287 342 219 1642 322 207 322 287 591 990 600 286 406 462 620 964 237 218 263 239 858 231 6244
internal_value=-3.96743 -3.98724 -3.23695 -3.32954 -3.84552 -3.56351 -3.39585 -2.54977 -3.88268 -3.77426 -2.78089 -3.50466 -3.27225 -3.66569 -4.00476 -3.58963 -4.00514 -2.58421 -2.7484 -3.39302 -3.07424 -3.6317 -3.12859 -3.19181 -3.4485 -3.05117 -3.18585 -3.97828 -3.93785 -3.63882 -3.54525 -3.16135 -2.58311 -2.80784 -3.76373 -2.39806 -3.91905 -3.89447 -3.74399 -3.61692 -3.23698 -2.96707 -3.54736 -3.30021 -2.98637 -3.61962 -3.25193 -3.36602 -3.42724 -3.24216 -3.4124 -3.26097 -3.0441 -3.42607 -3.54563 -2.45527 -2.66519 -3.11742 -3.38255 -3.24641 -3.15412 -3.95403
internal_weight=14326.5 13948.3 378.155 333.252 1534.83 178.681 306.026 44.9026 1356.15 340.633 34.825 217.479 58.2239 147.81 12413.5 159.255 12407.1 27.2258 21.3761 39.0893 30.8705 155.373 88.5478 73.969 42.8069 8.52858 17.2941 3011.84 712.901 141.961 75.1171 12.1915 10.6243 14.5788 108.721 16.2918 1015.52 685.694 66.8436 35.6086 68.6477 13.0298 34.2783 55.618 9.64021 62.9256 28.8295 45.9778 39.7453 21.7041 18.4786 13.2667 13.6494 47.5997 28.8659 12.4102 8.09121 18.5333 8.25522 21.7588 8.96594 635.087
internal_count=786155 765404 20751 18287 84223 9805 16793 2464 74418 18692 1911 11934 3195 8111 681181 8739 680829 1494 1173 2145 1694 8526 4859 4059 2349 468 949 165273 39120 7790 4122 669 583 800 5966 894 55726 37627 3668 1954 3767 715 1881 3052 529 3453 1582 2523 2181 1191 1014 728 749 2612 1584 681 444 1017 453 1194 492 34850
is_linear=0
shrinkage=1


Tree=1
num_leaves=63
num_cat=0
split_feature=17 49 49 17 38 33 40 35 54 40 49 35 51 1 47 29 17 49 5 16 49 49 17 54 49 42 54 53 36 40 47 36 42 37 47 33 49 21 52 53 49 49 38 25 54 36 38 5 54 36 49 29 49 27 51 27 29 13 49 32 29 27
split_gain=36855.7 10973.3 4175.2 3597.89 2881.38 1983.84 1949.65 1938.93 1169.85 715.326 708.624 873.264 687.562 642.329 582.06 573.576 570.523 508.494 498.191 481.294 496.129 543.903 462.731 596.653 366.275 364.417 359.953 313.591 310.595 309.281 300.85 278.278 278.166 280.092 265.517 253.117 248.456 244.379 240.12 232.293 225.571 222.747 222.644 221.999 361.764 216.38 213.587 216.941 207.155 208.903 199.008 200.614 195.857 299.194 191.63 191.39 179.218 173.91 309.232 172.717 171.699 212.304
threshold=-5.3756484985351554 254.46063232421878 247.43756103515628 -1.5885353088378904 -11.647056579589842 2.7137591838836674 1.5293960571289065 4.911550998687745 -1.0000000180025095e-35 12.156867980957033 256.60597229003912 8.1471447944641131 22.533037185668949 284.48437500000006 -2.3608226776123042 17.05646896362305 -0.37291717529296869 247.43756103515628 216.1795349121094 1.0000000180025095e-35 270.15548706054693 270.49778747558599 0.44061279296875006 0.60355338454246532 247.43756103515628 6.1290054321289071 -1.0000000180025095e-35 1089.1666564941409 214.41176605224612 2.3137283325195317 -3.5644457340240474 211.47058868408206 4.2739639282226571 274.81845092773443 1.5448677539825442 6.2163374423980722 261.09867858886724 -13.050822257995604 44.719711303710945 108.08333206176759 278.81596374511724 274.13537597656256 -4.7058792114257804 2.3784542083740239 0.78656607866287243 222.05882263183597 -0.52941131591796864 223.57719421386722 0.60355338454246532 220.88235473632815 287.14447021484381 6.5025177001953134 260.24180603027349 30.496309280395511 30.910787582397464 34.553308486938484 13.62691116333008 -15.399990081787108 272.51168823242193 5.851090908050538 7.5255737304687509 4.2887449264526376
decision_type=2 2 2 2 2 2 2 2 2 2 2 2 2 2 2 2 2 2 2 2 2 2 2 2 2 2 2 2 2 2 2 2 2 2 2 2 2 2 2 2 2 2 2 2 2 2 2 2 2 2 2 2 2 2 2 2 2 2 2 2 2 2
left_child=2 12 6 7 13 30 -1 26 9 28 22 34 14 27 46 25 24 38 -19 20 52 -22 23 55 59 39 36 -4 -5 42 -6 -11 -32 57 -12 -8 -3 -37 -14 -9 -17 -38 -7 44 -29 -26 47 -2 49 -28 -31 -52 53 54 -13 -10 -54 -34 -59 -16 61 -30
right_child=1 3 4 8 5 29 35 15 10 31 11 19 17 -15 16 40 -18 18 -20 -21 21 -23 -24 -25 45 -27 48 43 60 50 32 -33 33 -35 -36 37 41 -39 -40 -41 -42 -43 -44 -45 -46 -47 -48 -49 -50 -51 51 -53 56 -55 -56 -57 -58 58 -60 -61 -62 -63
leaf_value=1.4966833132992092 1.0819759158896243 0.05389539673086724 -0.026120290190581603 0.31168112105714751 0.027412550790628199 0.055165324824586914 0.11007479351708101 0.05049935789573138 0.33260175737000613 0.19849312614613948 0.38077660376092964 0.20650121968027518 0.6504579584371798 -0.049202199508691702 0.47222913981436615 0.0092675082838836482 0.87577681600649759 0.48788353200441859 0.037070638932120842 0.29301635731486092 0.71592265546775868 0.21020271423220982 0.78705260230445717 0.64959634708185843 0.45547990240814679 0.19725203573649863 0.32848301794118401 0.1027268851336639 0.23412166201113324 0.0030767464382727506 0.092635209996690199 0.038445226800037501 0.29747748122697332 0.075340130825987173 0.62570407502102832 0.82385506017191623 0.45628432842210853 0.32453733718730082 0.36326001626309679 0.13016755290194995 0.32169443334076187 0.18438890060695215 0.21992195311839216 0.028121849806217875 0.62716879457473018 0.090598701765290099 0.71482518421571339 0.71890535658886057 0.30137757831638029 0.63558503390350041 0.0038524267588724128 0.28371588910068496 0.17841218664787017 0.080876500430904108 0.4362103258521221 0.0012260810569665126 0.0098608201151349616 0.68567445668762383 0.23457812211606979 0.74671051224212759 0.32631693996444561 0.066313941807167209
leaf_weight=5.3906172588467625 13.230484968051316 14.679471163079141 4096.5434843432158 78.503948215395212 15.814521707594393 187.38619551621377 5.2663564737886182 210.48778032138944 12.883868660777809 37.972954554483294 77.786593891680241 25.11258359067142 34.310249792411923 7286.4493328295648 9.2912047021091002 270.7637136708945 14.105189146474002 15.418439069762828 10.171014079824088 203.30810599401593 8.263733062893154 14.908402325585483 9.9888611733913404 13.878616798669098 14.455527653917672 89.984036268666387 8.7338088210672158 11.713931450620295 35.431776689365506 995.05096220783889 19.793710602447391 95.371709894388914 57.516772603616118 11.849045164883135 12.900185668841003 4.2849515974521637 13.464057592675092 5.7237838469445688 9.2373318336904031 161.85208571329713 5.9032698534429064 17.098810713738203 23.024772340431809 36.68937624245882 4.5716172698885194 5.6515639405697575 14.497233152389525 5.9712291974574319 18.829933650791645 15.131496703252195 12.766157135367395 12.847577687352894 26.483698420226574 30.495347715914249 14.220392996445296 6.5840121861547223 38.988224199041724 8.6095525529235584 6.7996226511895648 14.95813002809882 15.747298099100588 40.271120762452483
leaf_count=205 452 578 230702 1730 636 9575 233 9946 501 894 1651 797 821 417747 149 13653 327 313 470 3529 238 625 211 361 414 3589 115 651 1010 52898 837 3734 1975 548 359 204 409 281 214 7669 314 499 928 2069 256 308 231 247 705 535 680 685 941 1064 426 219 1528 283 194 498 655 1502
internal_value=-0.00127238 0.211421 -0.0309531 0.172401 -0.0321007 0.0369414 0.679169 0.0992878 0.24806 0.170712 0.295377 0.276878 0.604779 -0.0402598 0.694191 0.0728768 0.598789 0.485592 0.308699 0.242101 0.17678 0.390554 0.488528 0.399105 0.510708 0.106953 0.321235 -0.0245572 0.238727 0.0179978 0.230665 0.0840225 0.261404 0.300809 0.415618 0.390666 0.222964 0.538306 0.589537 0.0851303 0.0159338 0.304169 0.0731943 0.0963151 0.249946 0.352922 0.859695 0.96907 0.425368 0.523197 0.00661898 0.144229 0.140167 0.198418 0.28955 0.220531 0.0780406 0.337443 0.486619 0.641542 0.176101 0.144854
internal_weight=14595.4 1787.33 12808.1 1626.03 12787.4 1351.46 20.6657 826.928 799.101 303.299 495.803 452.467 161.298 11436 92.1606 738.991 58.4616 69.137 25.5895 361.78 158.472 23.1721 43.3354 33.3465 44.3564 462.324 87.9376 4149.52 169.954 1231.08 120.383 133.345 104.569 84.775 90.6868 15.2751 45.2423 10.0087 43.5476 372.34 276.667 30.5629 210.411 52.9749 16.2855 20.1071 33.6989 19.2017 42.6952 23.8653 1020.66 25.6137 135.3 69.8283 39.333 19.4679 65.4719 72.9259 15.4092 24.2493 91.4502 75.7029
internal_count=786018 64431 721587 59987 720664 69239 923 38012 21975 9525 12450 11158 4444 651425 2626 35171 1696 1818 783 9148 5619 863 1292 1081 1369 21204 2841 233678 4897 64766 4473 4628 3837 3000 2010 718 1486 485 1035 17615 13967 908 10503 2976 907 722 930 699 1355 650 54263 1365 4756 2287 1223 720 2469 2452 477 647 3167 2512
is_linear=0
shrinkage=0.05


Tree=2
num_leaves=63
num_cat=0
split_feature=17 38 36 41 34 38 48 17 12 26 41 38 53 5 52 41 42 22 48 42 2 43 14 2 36 51 23 38 53 24 48 26 23 54 29 29 48 17 48 48 35 43 17 48 41 48 36 17 48 37 29 5 48 17 23 29 5 48 41 48 54 28
split_gain=27278.2 3278.64 2415.63 1638.55 1436.52 813.344 515.179 576.493 435.767 428.902 417.376 460.06 338.796 326.246 319.031 298.719 294.955 249.59 212.309 182.109 179.467 261.296 172.865 170.56 169.274 151.364 147.624 147.238 147.169 135.337 131.734 178.817 130.33 165.319 130.191 129.15 202.273 134.107 127.814 165.8 126.149 125.192 122.438 120.839 120.105 120.038 165.746 114.773 113.689 109.911 108.603 128.618 137.347 123.711 107.48 113.904 106.919 106.065 190.931 102.443 99.3134 98.4471
threshold=-5.3756484985351554 -9.764701843261717 216.76470184326175 6.6899056434631357 12.398332595825197 -32.647064208984368 0.81550949811935436 -2.2101402282714839 -42.904899597167962 2.3645095825195317 2.6681184768676762 -17.17647552490234 64.166666030883803 226.45742797851565 41.616329193115241 1.7879408597946169 8.5490570068359393 -21.081736564636227 -0.3452687263488769 3.9683380126953129 255.3325119018555 1.0657348632812502 -8.2784805297851545 212.75080871582034 228.529411315918 44.472640991210945 -20.552845954895016 -5.3529434204101554 654.72219848632824 25.033315658569339 0.086114823818206801 24.933689117431644 -3.5588080883026119 0.37940952181816107 18.315771102905277 5.1821250915527353 -0.07752364873886107 -0.37291717529296869 -0.3497984111309051 -0.36931872367858881 23.926195144653324 -6.5614471435546866 -16.67778396606445 -0.071447014808654771 24.292182922363285 -0.043153882026672356 225.00000762939456 -13.95042037963867 0.6227284073829652 232.37109375000003 1.3837118148803713 239.36711120605472 -0.47515141963958735 -8.8059463500976545 -12.714762687683104 11.094322204589846 220.15905761718753 -0.42335101962089533 0.11619454994797708 -0.51876229047775257 1.0000000180025095e-35 3.9450702667236333
decision_type=2 2 2 2 2 2 2 2 2 2 2 2 2 2 2 2 2 2 2 2 2 2 2 2 2 2 2 2 2 2 2 2 2 2 2 2 2 2 2 2 2 2 2 2 2 2 2 2 2 2 2 2 2 2 2 2 2 2 2 2 2 2
left_child=1 5 14 15 8 -1 7 16 -4 -10 11 28 45 26 25 -3 29 20 -16 23 21 -13 -18 -9 -17 35 -14 -5 42 48 -25 -32 -33 -34 -8 38 -37 40 39 41 -38 -2 -7 59 -29 61 -47 -12 54 60 51 52 -26 -54 -6 -56 -50 58 -22 -28 -39 -11
right_child=2 3 4 27 6 10 34 19 9 12 47 17 13 -15 18 24 22 -19 -20 -21 57 -23 -24 30 50 -27 43 44 -30 -31 31 32 33 -35 -36 36 37 49 -40 -41 -42 -43 -44 -45 -46 46 -48 -49 56 -51 -52 -53 53 -55 55 -57 -58 -59 -60 -61 -62 -63
leaf_value=-0.047318061442980237 0.37755621538806938 0.26219478656576883 0.010079729497928602 0.0045273579719641126 -0.0076860751360369271 -0.013094189093958285 0.062885660588376066 0.41826125187670354 0.30071817983202676 0.1455546020523025 -0.031023170638436501 0.56316956951370745 0.12451763523384188 0.097917927668396965 0.2786726266785069 0.2143572596432593 0.12661010962832162 0.017449458906772266 0.040071647371251524 0.3531976970936645 0.44956329115574611 0.081334302019731256 0.40342307735473737 0.010600958981034974 0.051089153644898425 0.28797855841888931 0.37860220245638038 0.072162433413613794 0.098932536280586111 -0.011851033123439115 0.21298262681851063 0.0075538318897553705 0.045699416685662887 0.28080785630669131 -0.011301093847312333 0.14344209913244771 0.27793261571377853 0.28139140332638474 0.29341530455087111 0.074493959270563653 0.1724110831812066 0.2176537747372608 0.10379297390183835 0.36943297661372748 -0.00051302612973816485 0.36287091413603662 0.09747157359267257 -0.0052363762017766059 0.36844468152419751 0.36829430284254494 0.070127745805896216 0.10836276957471663 0.5015655776622181 0.21309467345569361 0.18204291735643444 0.049397057382619819 0.10840638756650303 0.071165549770963538 0.12889031930724229 0.22805102107548883 0.21672595152240054 0.051790787806928376
leaf_weight=7838.583506450057 14.453067842870949 56.95690225623548 34.042233670130372 610.36895673535764 59.699640978127718 450.85846011154354 89.823153726756573 6.1581970211118451 79.58929437212646 47.675674119964242 2331.8142505995929 6.5939100049436075 21.859998468309641 48.49193412438035 12.268683349713681 48.269354347139597 15.430078567937018 38.687118785455823 38.833314510062337 13.298241659998892 6.3924076966941348 4.9079674314707518 8.8890438154339773 15.267731415107844 5.8333230800926712 88.227398468181491 12.633040769025682 180.36593212932348 35.017358837649226 73.897947626188397 80.02562589943409 23.746850810945034 14.804240895435216 15.106708312407134 173.11355629563332 102.27823133021593 33.708086766302586 80.823136433959007 101.55379325337708 17.480679046362638 177.29133949242532 79.968020591884851 23.575316935777664 22.846428850665689 83.014316365122795 10.45895564928651 13.445306858047841 529.48868428729475 4.2889087777584782 16.009618790820241 86.949289385229349 46.719192162156105 6.4965857788920411 8.6853536125272477 20.567571487277746 75.938405703753233 50.460926814004779 26.9949752278626 16.950325049459934 107.03437868878245 223.7424459066242 67.813762091100216
leaf_count=469308 240 1370 1310 31942 2626 25774 4096 171 1699 1331 134581 340 812 1944 208 1312 564 1969 832 387 329 246 280 540 205 1685 358 8541 1892 3624 2869 1017 482 423 8494 2343 723 1306 1458 292 4468 1171 1257 605 4190 263 595 29699 186 344 4002 1601 195 319 866 3330 2418 1386 874 2710 3292 2326
internal_value=-0.00161391 -0.0302695 0.160981 0.0507953 0.113524 -0.0383952 0.0702477 0.101192 0.182311 0.195888 -0.0182462 0.0193041 0.172202 0.211883 0.219007 0.16101 0.0606485 0.117057 0.0973555 0.175625 0.179372 0.357566 0.22779 0.160401 0.132614 0.225652 0.245504 0.0180102 1.50799e-05 0.046379 0.14974 0.165631 0.0950096 0.164442 0.0140422 0.219163 0.207835 0.220224 0.252801 0.215943 0.189269 0.24213 -0.00728589 0.264062 0.049256 0.111607 0.213593 -0.0262513 0.066777 0.240599 0.107105 0.154573 0.257303 0.336536 0.0450461 0.0776668 0.128777 0.138656 0.216707 0.243944 0.233886 0.0904978
internal_weight=14636.6 12443.5 2193.05 1133.66 1206.41 11309.9 740.517 477.58 465.891 431.849 3471.28 609.978 352.259 212.866 986.638 259.91 309.173 100.527 51.102 168.408 61.8396 11.5019 24.3191 155.109 202.953 935.536 164.374 873.749 509.451 284.853 148.951 133.683 53.6578 29.9109 262.937 847.308 633.853 531.575 213.456 111.902 210.999 94.4211 474.434 142.514 263.38 139.394 23.9043 2861.3 210.955 320.575 154.684 67.7345 21.0153 15.1819 156.206 96.506 54.7498 50.3377 23.3427 119.667 304.566 115.489
internal_count=786020 721332 64688 53677 46326 667655 32373 19783 13953 12643 198347 34067 10944 6429 18362 9004 13894 5144 1040 5889 3175 586 844 5502 7634 17322 4485 44673 28923 13050 5331 4791 1922 905 12590 15637 12476 10133 3161 1703 5191 1411 27031 3673 12731 4515 858 164280 9426 4942 6322 2320 719 514 6822 4196 2604 2589 1203 3068 4598 3657
is_linear=0
shrinkage=0.05


Tree=3
num_leaves=63
num_cat=0
split_feature=38 49 17 16 35 49 17 31 54 29 36 36 29 49 49 2 53 36 35 49 49 14 55 49 53 53 20 49 49 54 49 49 45 35 26 51 39 29 29 54 36 53 36 44 49 36 27 51 17 35 54 49 49 49 17 49 11 49 55 53 53 52
split_gain=22034.3 4081.14 2525.15 1318.62 1314.7 713.709 637.47 468.794 464.949 430.223 383.49 335.853 327.153 319.645 315.75 304.415 280.799 273.586 257.321 254.142 233.338 224.66 222.156 206.867 252.876 199.185 192.537 178.863 227.986 176.519 308.994 173.215 191.483 168.431 164.411 161.983 158.709 148.301 142.359 141.875 139.991 128.635 127.105 126.739 126.564 126.062 249.516 122.872 120.917 119.223 118.769 133.106 117.269 166.64 116.664 116.572 148.47 115.463 107.245 107.119 105.272 105.263
threshold=-8.647056579589842 254.46063232421878 -1.8849182128906248 -34.880901336669915 4.2406644821167001 247.43756103515628 -5.3756484985351554 2.0472277402877812 -1.0000000180025095e-35 16.689404487609867 262.05882263183599 224.41176605224612 16.347610473632816 255.59030914306643 255.95982360839847 243.55548095703128 1089.1666564941409 211.47058868408206 9.1821322441101092 270.65731811523443 269.68820190429693 -1.6081161499023435 -0.12940952181816107 259.93206787109381 254.45833587646487 144.194450378418 -37.570734024047844 270.15548706054693 257.70365905761724 0.78656607866287243 273.15556335449224 273.45858764648443 2.2745952606201176 8.1471447944641131 4.2504301071167001 62.911327362060554 -47.054468154907219 28.935934066772464 3.6545486450195317 0.37940952181816107 280.88236999511724 1089.1666564941409 207.94117736816409 -4.4506912231445304 287.85705566406256 228.529411315918 1.661684036254883 62.29881668090821 -13.95042037963867 6.8435761928558358 -1.0000000180025095e-35 274.68690490722662 270.15548706054693 275.76867675781256 0.44061279296875006 280.31988525390631 274.34906005859381 288.40032958984381 -0.6035533845424651 203.84027862548831 131.08333587646487 45.53399848937989
decision_type=2 2 2 2 2 2 2 2 2 2 2 2 2 2 2 2 2 2 2 2 2 2 2 2 2 2 2 2 2 2 2 2 2 2 2 2 2 2 2 2 2 2 2 2 2 2 2 2 2 2 2 2 2 2 2 2 2 2 2 2 2 2
left_child=3 47 4 40 26 -5 7 10 12 11 16 25 22 -10 15 -13 20 -14 36 23 -7 27 -4 24 -16 58 -3 28 37 44 -31 32 59 -23 -24 45 -8 -15 -30 -27 41 -1 -36 55 -21 -28 50 -2 -9 -50 51 60 -41 -54 -20 -33 -57 -46 -6 -22 -47 -35
right_child=1 2 8 5 9 6 18 48 13 -11 -12 14 17 21 19 -17 -18 -19 54 29 31 33 34 -25 -26 39 35 -29 38 30 -32 43 -34 61 42 -37 -38 -39 -40 52 -42 -43 -44 -45 57 46 -48 -49 49 -51 -52 -53 53 -55 -56 56 -58 -59 -60 -61 -62 -63
leaf_value=-0.036970396254149725 0.28050070007848488 0.042776438580739963 0.24574136618746922 0.38112129824070917 0.15334032300641987 -0.00017776375295123752 -0.022406746367468214 -0.029159592628285748 0.39621671750046839 -0.0072215749034655443 -0.0068956904843837877 0.10150308451387735 0.15086366942982576 0.24569637119784354 0.02428723525347987 0.47747258411766658 0.45464894225666835 0.013963169780447551 0.023455261251142598 0.03518185367387254 0.08693301970250146 0.24678200330564468 0.17559727472085968 -0.012772580502678259 0.20349329528043755 0.11048449111154804 0.24083086537886111 0.20314733822165218 0.16845574645567826 0.39825276975772406 0.088541787122131316 0.049792131820175889 0.42099334142906397 0.17642628057029081 0.21296032421000222 0.050874098104197053 0.20994409553193671 0.02469708959193874 0.035457669927147183 0.15324091490523725 -0.050120006027994657 0.062297719025219016 0.073559079742385181 0.014623868914367098 0.36392775923200721 0.13055825465421877 0.062215778237080833 0.1573561276793041 0.037888364032297978 -0.014974053070374358 0.263742310832775 0.044319241495150818 0.47670976413407617 0.13603017114692947 0.24994445783730901 0.37367005258513553 0.11576241885273678 0.097479271944345469 0.050067161882898017 0.28850475821845745 0.33722303201848569 0.054123336225631036
leaf_weight=2304.0674556139857 327.49356077611446 32.036758409813046 42.765167756006122 11.732810651883481 29.283776795491576 70.731483828276396 8.6521464977413398 1937.909959146753 15.445975113660095 413.37046914361417 290.79621200077236 20.637727053835992 51.601603234186769 33.898975947871804 86.171282736584544 7.2842408791184416 4.9383534342050543 124.65125153586268 82.407371059060097 203.82909841649234 22.781791664659977 88.846966821700335 90.452831633388996 355.88836744241416 25.513819819316268 87.863577203825116 72.85643039084971 53.71660959161818 25.402538413181901 10.124951682984827 39.360865063965321 22.28746659308672 7.8346882183104745 428.41649804450572 18.620987467467785 24.064467856660485 48.811330961063504 9.7814111579209548 96.760379681363702 21.405871920287609 5633.6797715742141 33.103510433807969 134.19516209885478 44.91254935786128 5.2980576232075718 13.825875561684372 44.365763213485479 21.591912565752864 132.67588048987091 543.97528140246868 45.556427415460348 18.020399278029799 8.7052157111465913 6.1079643033444873 6.1069980151951304 8.6959609333425778 15.574046524241565 17.482455974444747 177.5980971660465 9.2740065790712816 11.116390993818639 18.346518706530333
leaf_count=142359 4666 931 1157 262 1154 3620 371 113893 245 20640 16607 974 845 756 4035 361 183 4175 3907 9496 1072 1037 1337 16947 1127 2770 1061 1059 334 476 1786 1083 367 6129 258 577 1446 333 2889 662 354427 1840 2857 2312 218 250 1604 390 6779 30938 939 419 298 183 134 329 751 754 5790 445 194 327
internal_value=-0.00130303 0.111049 0.0922841 -0.0348834 0.0541504 -0.00814713 -0.00954882 -0.0143384 0.14727 0.0362803 0.0301324 0.0525901 0.107627 0.171052 0.0345166 0.199585 0.0821422 0.0540436 0.0925694 0.0283189 0.0730395 0.166447 0.140645 0.0058582 0.0652258 0.0947255 0.157608 0.123852 0.0981681 0.0663566 0.15191 0.112464 0.199407 0.183908 0.12217 0.173617 0.17496 0.196208 0.0631133 0.144811 -0.0458521 -0.0355644 0.0905454 0.0745473 0.0476739 0.187974 0.158994 0.272884 -0.0228059 -0.00460894 0.207499 0.147859 0.228084 0.336236 0.0390818 0.132354 0.208171 0.159447 0.0646853 0.145249 0.222666 0.171404
internal_weight=14600.7 3359.76 3010.67 11240.9 1777.77 3270.1 3258.37 3112.39 1232.9 1515.93 497.827 1102.56 462.287 770.616 771.591 27.922 207.03 176.253 145.978 743.669 202.092 755.17 286.034 467.573 111.685 330.965 261.843 219.56 165.843 276.095 49.4858 131.361 39.8905 535.61 243.269 229.806 57.4635 43.6804 122.163 124.083 7970.85 2337.17 152.816 91.47 226.61 205.741 132.885 349.085 2614.56 676.651 88.5191 42.9627 36.2191 14.8132 88.5144 46.5575 24.27 22.7805 206.882 32.0558 24.9423 446.763
internal_count=785565 102440 97384 683125 73646 184499 184237 178379 23738 67671 26769 47031 10629 13109 36174 1335 10162 5020 5858 34839 9979 12864 5609 22109 5162 10857 5975 5371 4312 12730 2262 6359 1884 7493 4452 5044 1817 1089 3223 3913 498626 144199 3115 4475 10468 4467 3406 5056 151610 37717 1802 863 1143 481 4041 2163 1080 972 6944 1517 444 6456
is_linear=0
shrinkage=0.05


Tree=4
num_leaves=63
num_cat=0
split_feature=38 49 17 16 41 17 25 17 49 54 54 49 44 49 49 40 16 36 13 32 37 55 53 49 29 29 21 36 5 40 15 36 41 1 33 49 49 45 22 6 41 42 49 5 46 25 49 27 41 49 5 5 29 55 54 34 55 11 11 40 46 41
split_gain=18583.3 2669.42 1751.08 1271.24 1098.21 604.636 431.846 347.739 296.402 273.928 264.537 233.188 217.537 206.634 352.127 174.185 173.734 170.235 166.815 165.005 215.454 151.528 150.537 144.435 283.193 297.946 169.033 145.15 143.835 219.754 207.674 163.402 160.517 136.6 133.12 129.408 159.297 121.039 120.705 143.18 120.533 119.515 218.088 116.411 112.149 134.66 127.178 110.422 109.552 108.153 107.073 106.296 184.491 141.911 129.509 111.732 115.945 123.03 108.361 143.122 105.372 104.861
threshold=-8.9411697387695295 255.32789611816409 -1.8849182128906248 -34.880901336669915 7.6736869812011728 -5.3756484985351554 2.1931514739990239 -16.67778396606445 270.65731811523443 0.91597560048103344 -1.0000000180025095e-35 269.73658752441412 -3.4604015350341792 275.32183837890631 273.86521911621099 2.1372528076171879 1.1284790039062502 228.529411315918 -1.8559570312499998 15.294337749481203 249.45896911621097 0.91597560048103344 605.97219848632824 255.95982360839847 14.142182350158693 8.7627019882202166 -17.732416152954098 213.23529815673831 225.14548492431643 10.470588684082033 -8.0289611816406232 221.47058868408206 8.0791559219360369 284.48437500000006 5.0939757823944101 257.70365905761724 270.15548706054693 -3.8564090728759761 -20.054323196411129 284.34970092773443 1.8368432521820071 4.2739639282226571 256.94619750976568 209.49958801269534 7.404123306274415 6.7655887603759775 275.76867675781256 1.2925720214843752 7.9728844165802011 247.43756103515628 251.61723327636722 229.60315704345706 18.315771102905277 -0.6035533845424651 -0.7865660786628722 21.055747985839847 -0.7865660786628722 239.57997894287112 252.05545806884768 6.5686340332031259 -0.95231437683105458 1.3459258079528811
decision_type=2 2 2 2 2 2 2 2 2 2 2 2 2 2 2 2 2 2 2 2 2 2 2 2 2 2 2 2 2 2 2 2 2 2 2 2 2 2 2 2 2 2 2 2 2 2 2 2 2 2 2 2 2 2 2 2 2 2 2 2 2 2
left_child=3 28 4 33 15 6 7 12 23 37 11 34 22 14 -11 17 19 -3 21 20 -7 35 61 24 25 -6 -27 -25 -2 30 32 -31 -30 -1 -4 -12 -37 -10 39 -9 -19 43 -43 -36 45 46 -13 -22 -20 -8 -39 52 53 55 58 56 -29 -58 -55 -60 -50 -5
right_child=1 2 10 5 8 16 49 38 9 13 18 44 -14 -15 -16 -17 -18 40 48 -21 47 -23 -24 27 -26 26 -28 51 29 31 -32 -33 -34 -35 41 36 -38 50 -40 -41 -42 42 -44 -45 -46 -47 -48 -49 60 -51 -52 -53 -54 54 -56 -57 57 -59 59 -61 -62 -63
leaf_value=-0.031943493939329881 0.21821045442528511 0.16622543592152395 0.12531477048429274 0.069872301484702803 -0.003021271838022904 0.33253549187525527 0.1624657021645568 0.16511179957181465 0.0080571295324742553 0.09568122439972869 0.15849760874648261 0.23855601242803784 -0.020800940780728062 0.071773951770956051 0.54605851410511785 0.054171336449805367 0.34667623519740409 0.15120138527232618 0.20258800833557733 0.010088708157018221 0.18340358014366964 0.20804437305754073 0.17236326605023991 0.14929802391752856 -0.011317813361836701 0.5592198300806609 0.221241084854919 0.095629176251995754 0.20051333659974724 0.26635303834119378 0.081670452021039938 -0.0061955611958045345 0.40536160497133161 -0.049015996901746767 0.10007349132247818 0.041468868223683328 0.14015328323134166 0.063775679906678692 0.028702451317512048 -0.0030106545969404066 0.075427679056556077 0.26533325855059803 0.037659473795825925 0.008799567370498463 0.2473854669698175 0.089319113322727198 0.08682795779360479 0.054791160535558381 0.20261862534786379 -0.023475558475418632 0.29700108840056477 -0.015976961013389038 -0.020489337572411739 0.039474102539154711 -0.017955920600009938 0.054865386224891455 0.13828075702847215 0.460011807240993 0.35106428787965238 0.044131563829911569 0.13484771833899797 -0.0060305657700812218
leaf_weight=1446.3520256886259 383.52771250158548 156.40989551320672 72.560249583795667 88.835551101714373 10.30258119851351 10.407985804602502 7.8460433930158606 67.103732381016016 125.21955672651529 8.8362026382237691 57.990803442895412 37.92618559114635 313.78955887071788 17.030779024586082 8.5290923956781608 108.78158713132143 6.2227974291890851 76.690101560205221 95.640746671706438 56.989521177485585 23.25374205969274 32.523505080491304 21.002586567774415 17.056042658165097 33.761353366076946 5.7303029913455275 10.438135595992206 17.985937155783176 28.582733860239387 6.8763393368571988 22.549470834434032 27.461677687242627 14.371300866827367 6168.8208822738379 45.935164619237185 127.76414963789284 60.142962021753192 236.67144751548767 41.281865064054728 15.610003499314187 166.25668342597783 16.582830233499408 28.761057831346989 145.85460786893964 20.446930840611458 105.5610844604671 21.720206640660763 59.116262387484312 66.385729694738984 2390.9162445664406 5.0256874803453675 430.27622043900192 187.63378103636205 89.452193954959512 105.52188411727548 53.168463010340929 6.0280377399176377 5.8600109722465277 6.9517556950449935 8.3721269108355028 421.66077590920031 93.284924576058984
leaf_count=91549 4428 2716 913 4498 389 366 153 2721 5329 338 1166 515 18003 650 281 3824 78 1204 982 2615 496 534 894 439 1588 205 370 694 322 165 438 1006 300 406447 665 3125 1054 9973 1866 796 5267 329 571 4235 431 2248 429 2135 782 142671 228 21575 9357 3391 3934 2256 214 204 240 333 5214 4907
internal_value=-0.00143551 0.0946523 0.0783726 -0.0346665 0.0473603 -0.00819899 -0.0131259 0.0233342 0.0243632 0.0606027 0.121734 0.092615 0.00529594 0.195523 0.316887 0.110262 0.0878076 0.12554 0.138465 0.0770517 0.118184 0.10662 0.0456111 0.00965128 0.0846822 0.207121 0.341025 0.00478296 0.204294 0.150837 0.204545 0.0483835 0.26905 -0.0457734 0.0660534 0.0932048 0.0730545 0.0479548 0.0985318 0.133383 0.0993469 0.04792 0.120923 0.0306604 0.136923 0.123251 0.183304 0.0910995 0.153655 -0.0228674 0.0686252 0.00207804 0.0182299 0.0429965 0.0211428 0.0983392 0.175712 0.296873 0.0605199 0.183373 0.144066 0.0309937
internal_weight=14549.6 3738.82 3255.45 10810.8 1897.99 3195.66 3039.67 640.908 1389.85 401.313 1357.46 495.348 516.913 34.3961 17.3653 508.138 155.99 399.357 862.109 149.768 92.778 278.421 203.123 988.539 60.2324 26.471 16.1684 928.306 483.369 99.8415 65.5035 34.338 42.954 7615.17 309.694 245.898 187.907 366.917 123.996 82.7137 242.947 237.134 45.3439 191.79 185.654 165.207 59.6464 82.37 583.687 2398.76 241.697 911.25 480.974 293.34 210.298 83.0424 29.874 11.888 104.776 15.3239 488.047 182.12
internal_count=785046 104851 98192 680195 74999 182199 176509 33685 61988 16799 23193 10336 28302 1269 619 13011 5690 9187 12857 5612 2997 5879 10299 45189 2552 964 575 42637 6659 2231 1060 1171 622 497996 6713 5345 4179 15530 5383 3517 6471 5800 900 4900 3623 3192 944 2631 6978 142824 10201 42198 20623 11266 7898 3368 1112 418 3964 573 5996 9405
is_linear=0
shrinkage=0.05


Tree=5
num_leaves=63
num_cat=0
split_feature=17 38 38 34 49 49 41 38 49 40 17 40 53 49 49 50 49 52 40 48 48 54 38 39 17 54 48 48 49 49 54 11 49 48 41 53 40 52 12 38 17 38 53 49 39 48 54 35 49 17 49 49 39 5 32 49 41 52 52 47 49 49
split_gain=16477 1979.56 956.06 882.432 835.866 489.646 486.829 514.76 357.684 347.869 318.273 418.424 212.58 200.186 199.352 232.238 332.066 326.583 195.392 176.512 198.7 218.663 169.345 168.757 163.801 158.885 154.788 142.255 138.836 307.172 450.475 192.223 162.641 185.974 183.682 156.694 153.974 135.41 141.807 131.008 127.136 127.037 127.756 120.001 134.558 131.052 110.131 128.386 109.642 101.815 115.228 155.583 101.594 108.683 131.705 101.475 101.374 98.5872 98.0677 140.733 88.5707 96.5495
threshold=-11.373033523559569 -2.8235244750976558 -32.647064208984368 11.946228027343752 255.59030914306643 254.46063232421878 2.7189543247222905 -15.294105529785154 282.48001098632818 1.0000000000000002 0.44061279296875006 3.2745056152343754 17.208333015441898 247.43756103515628 270.15548706054693 126.96470260620119 261.63801574707037 23.859390258789066 15.215675354003908 0.10494250059127809 0.90649205446243297 -0.7865660786628722 -8.9411697387695295 -13.768336772918699 -4.2366523742675772 0.12940952181816109 0.80160850286483776 0.53181481361389171 275.32183837890631 271.22605895996099 0.60355338454246532 248.46878051757815 259.72676086425787 -0.36931872367858881 7.1779232025146493 956.33334350585949 9.823524475097658 43.120061874389656 -46.46299743652343 -4.5294113159179679 -4.806591033935546 -26.352943420410153 1193.0000000000002 256.94619750976568 -1.2745085358619688 0.64702248573303234 -0.98296290636062611 21.542327880859379 268.43287658691412 -5.0978469848632804 268.11450195312506 274.50689697265631 -29.165580749511715 263.53910827636724 0.88647380471229564 256.32855224609381 7.2805666923522958 27.921928405761722 31.411128044128422 -3.1758836507797237 259.72676086425787 270.38075256347662
decision_type=2 2 2 2 2 2 2 2 2 2 2 2 2 2 2 2 2 2 2 2 2 2 2 2 2 2 2 2 2 2 2 2 2 2 2 2 2 2 2 2 2 2 2 2 2 2 2 2 2 2 2 2 2 2 2 2 2 2 2 2 2 2
left_child=2 3 -1 5 -3 12 7 41 13 37 11 60 -2 -5 15 25 17 -17 24 -16 21 -21 -8 -14 -15 46 -23 -10 29 32 39 40 33 34 -11 -34 -35 38 -7 -31 -32 -4 52 45 -45 -27 47 -13 -9 50 -40 -52 53 54 -43 -47 -24 -55 59 -29 -6 -62
right_child=1 4 6 8 10 9 22 48 27 28 -12 14 23 18 19 16 -18 -19 -20 20 -22 26 56 -25 -26 43 -28 58 -30 30 31 -33 35 36 -36 -37 -38 -39 49 -41 -42 42 -44 44 -46 55 -48 -49 -50 -51 51 -53 -54 57 -56 -57 -58 -59 -60 -61 61 -63
leaf_value=-0.046844911489552166 0.037611553605432307 0.17979831194388246 -0.021178628241900463 0.13477443012289653 0.17452169078906188 -0.0020960968964465658 -0.028001994302961276 0.018082738079049147 0.030196341123959237 0.25724383252677102 0.13476552181988385 0.24800192950392677 0.35639443280468291 0.0093058479872032158 0.051908631282111255 0.35277579069704462 -0.0016475790887189798 0.062387738681414853 -0.01908106517539165 0.09714556435146815 -0.039501030293641173 0.31263099266620187 0.068636708468429314 0.1854193439041345 0.061572052587433368 0.027772043005257999 0.11195248219854975 0.40151283338092664 0.00041203164086504364 0.013167834933558657 0.5366275480370386 0.13366650891855353 0.010131872444325216 0.0060866201965631469 -0.024610952085996455 0.28993171325011341 0.29372837389708345 0.018346087267726175 0.040060075626814018 0.19352431569804085 0.27301135791584236 0.1957208367312662 0.2552610887499755 0.027830843780640199 0.12476086782716955 0.085715015632812266 0.0032052696698323113 0.029844099710596608 0.13321318648246627 0.15522250906814494 0.18696763975739514 0.071710132301831722 -0.016982583088077378 -0.012292908097824502 0.038808715324603005 0.24637975953027502 -0.0032575592157979283 0.11068465509137447 0.030604580228893466 0.15575050076669822 0.092334680238587735 0.14943254187583091
leaf_weight=6832.3708401182666 17.229569479823112 412.25578071922064 282.81901024002582 32.594979733228683 82.422278551384807 23.089900747872889 2433.9443845003843 25.533930670469999 33.621364928781986 24.824402030557394 471.86371089145541 10.276480531319978 20.032751780003309 515.73167687561363 69.962177537381649 23.051408916711807 25.044782228767872 16.694317938759923 398.02534505538642 41.30163536965847 11.550900988280771 33.411304365843534 63.615678496658802 51.624032897874713 211.33030595630407 20.953221717849374 13.48808749951422 6.7282607657834879 128.18334995675832 38.76050886977464 9.0935209207236785 10.260689994320272 225.1165197789669 43.406320756301284 7.5348684061318627 5.1175183877348891 5.2110218312591305 37.99980316311121 55.277979699894786 13.602053150534628 9.2018371317535657 22.862248850986362 6.01226857677102 157.37794421240687 46.348669080063701 16.469972379505634 246.05445895344019 19.618831094354391 108.76761915534735 156.95665850862861 56.874293593689799 60.34661328420043 99.898275895044208 72.402063885703683 32.219108717516065 24.369319932535291 213.8759410623461 21.030906200408936 12.188193416222928 43.397256302647293 177.88532437756658 126.82118254713714
leaf_count=468083 256 3937 16860 550 869 839 150919 963 1228 687 4536 208 214 25987 1354 434 608 383 20014 898 368 609 1825 590 7584 380 281 221 5325 1717 327 410 8906 1808 365 181 192 1047 1950 363 205 1052 172 4035 597 338 7342 411 2938 2726 1452 1832 5322 4049 1687 358 10193 1145 482 1582 2209 1577
internal_value=-0.00151749 0.0805838 -0.0360815 0.04825 0.116173 0.0832875 -0.0143434 0.0237694 0.020308 0.0723565 0.10013 0.0860792 0.195302 0.0126197 0.0648969 0.0514882 0.14095 0.230805 0.00908073 0.112796 0.1555 0.181038 -0.0237828 0.233218 0.0244977 0.0407835 0.254917 0.113086 0.045586 0.060353 0.147139 0.306889 0.0377876 0.098736 0.191614 0.0163511 0.0369173 0.108022 0.117688 0.0600185 0.404039 0.00188223 0.0275167 0.0683951 0.0498828 0.129429 0.0142155 0.104836 0.111324 0.126083 0.0995691 0.127632 0.0220047 0.0482295 0.103937 0.181586 0.0132244 0.0153882 0.157809 0.188739 0.128538 0.116099
internal_weight=14515.9 4300.58 10215.4 2253.36 2047.22 999.744 3382.98 671.545 1253.62 910.858 1634.97 1163.1 88.8864 1157.68 775.974 606.259 64.7905 39.7457 1125.09 169.714 99.7519 88.201 2711.44 71.6568 727.062 541.469 46.8994 95.9351 520.313 392.129 80.9186 28.556 311.211 80.9766 32.3593 230.234 48.6173 390.545 352.545 52.3626 18.2954 537.244 254.425 265.519 203.727 61.7925 275.95 29.8953 134.302 329.456 172.499 117.221 248.413 148.514 55.0814 40.8393 277.492 93.433 62.3137 50.1255 387.129 304.707
internal_count=785980 120772 665208 89040 31732 31392 197125 34188 57648 30332 27795 23259 1060 54135 18604 15094 1425 817 53585 3510 2156 1788 162937 804 33571 13669 890 3513 20486 15161 3022 942 12139 3052 1052 9087 2000 9846 8799 2080 532 30287 13427 5708 4632 1076 7961 619 3901 7960 5234 3284 13255 7933 2739 696 12018 5194 2285 1803 4655 3786
is_linear=0
shrinkage=0.05


Tree=6
num_leaves=63
num_cat=0
split_feature=17 49 17 15 35 38 29 36 41 31 38 15 26 49 49 50 49 53 52 40 30 0 49 44 11 36 49 49 44 49 53 40 53 44 41 48 53 44 52 49 43 48 35 35 40 38 49 10 49 46 21 49 48 36 40 53 36 36 48 39 53 48
split_gain=14072.7 1585.02 1307.72 973.269 712.117 349.733 294.358 298.866 271.949 222.091 225.55 190.719 217.959 157.429 171.381 161.852 153.453 152.116 146.279 141.97 229.739 282.54 128.123 145.464 183.399 124.598 122.903 309.754 181.994 125.657 110.234 109.835 109.02 100.701 160.5 101.177 130.989 100.164 125.962 96.5771 90.0063 89.6789 130.575 99.9826 87.9086 85.6145 84.8909 132.906 84.2432 83.2809 81.3407 80.166 95.2926 77.8221 98.9324 77.5183 76.2201 75.6601 206.862 79.2052 76.7347 111.845
threshold=-11.373033523559569 254.46063232421878 -1.8849182128906248 -37.387928009033196 4.1689391136169442 -9.176475524902342 17.05646896362305 229.11765289306643 6.8871958255767831 4.1064589023590097 -21.941177368164059 1.0000000180025095e-35 24.933689117431644 256.94619750976568 269.97990417480474 106.65961074829103 286.69125366210943 258.45832824707037 31.671311378479007 9.9608001708984393 18.346986770629886 281.15161132812506 258.38572692871099 -4.173290252685546 233.60381317138675 280.88236999511724 274.50689697265631 270.83627319335943 -0.61676788330078114 259.72676086425787 123.83333206176759 0.47058868408203131 1089.1666564941409 -4.5290927886962882 1.7879408597946169 -0.40797063708305353 218.79166412353518 -4.8565921783447257 4.3194870948791513 259.31796264648443 -4.9012603759765616 0.10494250059127809 20.592972755432132 10.924011230468752 32.784309387207038 -6.2352981567382804 287.14447021484381 278.00193786621099 277.45671081542974 0.97087287902832042 -3.7955713272094722 268.43287658691412 -0.34004548192024225 219.70588684082034 14.901954650878908 705.41665649414074 210.29412078857425 216.17646789550784 0.2540810108184815 -14.402323722839354 35.250000000000007 -0.18589657545089719
decision_type=2 2 2 2 2 2 2 2 2 2 2 2 2 2 2 2 2 2 2 2 2 2 2 2 2 2 2 2 2 2 2 2 2 2 2 2 2 2 2 2 2 2 2 2 2 2 2 2 2 2 2 2 2 2 2 2 2 2 2 2 2 2
left_child=3 57 4 25 26 9 7 17 -7 10 55 12 30 15 56 40 -11 41 -19 -18 21 -21 23 -9 -25 32 27 29 -29 45 39 -31 -1 34 35 36 -12 -34 -39 -4 -14 43 53 -6 50 49 47 -22 -8 -3 -42 52 -41 -43 -55 -5 -15 -2 59 -59 61 -61
right_child=1 2 11 5 6 8 48 22 -10 16 33 -13 13 14 -16 -17 19 18 -20 20 46 -23 -24 24 -26 -27 -28 28 -30 31 -32 -33 37 -35 -36 -37 -38 38 -40 51 44 42 -44 -45 -46 -47 -48 -49 -50 -51 -52 -53 -54 54 -56 -57 -58 58 -60 60 -62 -63
leaf_value=-0.036555437920993743 0.16925040551941348 0.19876011815292052 0.13100879261436735 -0.021965369535814419 0.047075674465033482 0.095572948688436549 -0.015643952424113528 0.25741193596026457 0.0027213367339545013 -0.032455026106437995 0.10157567578697096 0.11699890887467784 -0.032856062483497407 0.057158571777665125 0.098129866311073372 0.22251243714392072 -0.009757254260367736 0.13156850973524317 0.027862384680129432 0.61936098613913404 -0.010893976587532363 0.042149713768913827 0.0073015074874071516 0.3443088296843656 0.020929174224830541 -0.04993649751403164 0.058986587907012271 0.15352865315041486 0.31702467459346778 0.093991118906940188 0.11874444911343961 -0.011932812987820318 4.9548786081819992e-05 0.0065822251835614166 0.023109175134302926 0.060571962559838023 0.30044106535216175 0.39671381780453879 0.02232976800363512 0.082148880994026952 0.029577067751985556 0.18100149133236348 0.023006343841742265 -0.016387808702042282 0.021165588565182337 0.20992716969846287 0.0026893790388753448 0.42072209230272234 0.0940987597322505 -0.020399738753047094 0.15529704147721621 0.091377082469151064 0.0036552954602403196 0.10402256278944544 -0.000175655443057297 0.055203623146557239 -0.0139706125627596 0.23120908846352664 0.068705588595287567 0.0075443008347949861 0.16516566634999927 0.16509128606282303
leaf_weight=1968.0263608666137 261.08868069574237 7.1568381953984526 75.460961008444428 496.58238046709448 184.20363017357886 122.94848022423685 442.62840566784143 9.8588319811969978 219.90328576602042 1628.6555353496224 20.499485972337425 563.44687157310545 17.468859491869807 51.232029214501381 66.091552849858999 21.029303068295121 138.89911621529609 114.00648617744446 48.454042902216315 4.178137996233998 3.7595415934920302 4.3040205184370279 724.08066845312715 4.8005016557872286 50.583950301632285 4847.3180771963671 114.28624065686017 68.793987922370434 22.616665693931282 52.689516368322074 333.61081906966865 45.699898881837726 21.547948126681153 156.66430920083076 105.57503810245544 34.335935213603079 13.891895128414033 4.2438910994678718 4.7740741828456521 75.714175291359425 17.376559600234032 22.781069668009877 102.9777547288686 93.593717720359564 31.313480954617262 24.004329109564424 30.847551863640547 3.3934472147375345 18.206632684916258 10.992915887385605 49.563411707058549 176.3230989035219 79.021092798560858 102.81200913712382 29.26438944041729 34.825340162962675 142.20109479874372 32.453910179436207 89.470071343705058 21.545390043407679 135.70124872401357 23.609657432883978
leaf_count=135355 1603 186 1057 30525 4854 2477 22763 342 10699 103784 693 4990 490 719 1068 317 9049 3310 1388 273 245 283 34592 179 2386 351114 2575 788 452 1142 4940 1331 1230 7830 5267 1355 391 236 266 1047 413 452 3820 3345 565 275 1998 226 751 330 880 2891 1582 3802 1204 1874 3811 302 1771 263 1224 257
internal_value=-0.00160412 0.0710532 0.0599754 -0.0351755 0.0353508 -0.0115273 0.0236081 0.034426 0.0360184 -0.0176179 0.00327185 0.093214 0.0814211 0.0514953 0.0286187 0.09491 -0.0275487 0.0582581 0.100638 0.015555 0.0911929 0.326472 0.0133484 0.0804576 0.0489584 -0.0456052 0.101426 0.122336 0.193981 0.0757376 0.0974437 0.0447916 -0.0351001 0.0356734 0.0618207 0.121287 0.181904 0.0586039 0.198516 0.0799633 0.0717218 0.0454041 0.0666401 0.025694 0.0903151 0.147967 0.0386758 0.193869 -0.0113082 0.0660197 0.122662 0.068328 0.0420633 0.0956559 0.0809352 -0.0169082 0.00486842 0.149527 0.132519 0.159285 0.146379 0.0899189
internal_weight=14423.4 4558.21 3994.35 9865.17 2294.49 3019.26 1948.25 1487.42 342.852 2676.41 862.374 1699.85 1136.41 396.276 259.525 136.752 1814.04 698.093 162.461 185.382 46.4827 8.48216 789.324 65.2433 55.3845 6845.91 346.24 231.954 91.4107 140.543 740.13 98.3894 1998.59 330.967 174.302 68.7273 34.3914 30.5659 9.01797 406.519 115.722 535.633 257.835 277.797 98.2535 42.1541 38.0005 7.15299 460.835 18.1498 66.94 331.058 154.735 154.857 132.076 531.408 193.433 563.869 302.78 213.31 180.856 45.155
internal_count=785627 120457 115037 665170 90267 176969 83188 59674 13176 163793 47935 24770 19780 8263 5598 2665 115858 22175 4698 12074 3025 556 37499 2907 2565 488201 7079 4504 1240 3264 11517 2473 137087 15536 7706 2439 1084 1732 502 6577 2348 17477 9278 8199 1858 791 2469 471 23514 516 1293 5520 2629 5458 5006 32399 4530 5420 3817 2046 1744 520
is_linear=0
shrinkage=0.05


Tree=7
num_leaves=63
num_cat=0
split_feature=17 38 2 49 34 25 38 40 16 49 49 49 54 28 46 4 49 49 55 42 41 48 55 48 40 54 49 49 54 49 13 38 48 55 41 48 10 29 52 41 38 49 41 22 48 38 47 34 49 49 48 54 2 49 40 39 49 48 37 28 48 54
split_gain=12285.4 1409.53 888.837 616.565 468.735 311.103 432.131 274.583 347.67 258.449 208.476 191.079 188.743 161.372 144.61 139.765 134.463 123.045 122.855 121.086 161.821 120.182 222.636 127.104 119.165 113.26 112.654 209.374 251.229 112.33 109.464 109.152 108.149 156.071 104.442 104.772 103.597 101.483 177.293 374.843 95.8027 92.2528 167.567 88.8421 101.254 85.7918 79.1506 82.2098 143.965 236.893 77.8219 121.421 77.4827 76.146 111.539 75.5081 74.2266 120.961 120.406 101.342 74.2082 74.1339
threshold=-12.131832122802733 -3.6470565795898433 282.86717224121099 255.59030914306643 11.801896572113039 1.7947168350219729 -27.64705657958984 2.1372528076171879 0.42283630371093756 254.46063232421878 270.15548706054693 282.48001098632818 0.12940952181816109 1.5062646865844729 -0.95231437683105458 207.11548614501956 247.43756103515628 286.69125366210943 -0.6035533845424651 3.3791961669921879 1.5168278217315676 0.90649205446243297 -0.6035533845424651 0.77088505029678356 15.215675354003908 -1.0000000180025095e-35 274.91055297851568 271.22605895996099 -1.0000000180025095e-35 275.10462951660162 -39.629301071166985 -13.529411315917967 -0.032680213451385491 0.37940952181816107 7.2805666923522958 0.13631474971771243 244.016716003418 7.0505065917968759 45.53399848937989 19.179618835449222 -1.117652893066406 287.14447021484381 23.447105407714847 -25.192111968994137 -0.52717256546020497 -6.7058792114257804 1.5448677539825442 7.6471405029296884 276.05895996093756 272.51168823242193 -0.39245748519897455 -0.7865660786628722 276.86122131347662 284.34808349609381 -0.99999999999999989 -10.694987297058104 270.26141357421881 0.47256284952163702 249.45896911621097 11.483448028564455 0.062224745750427253 -0.98296290636062611
decision_type=2 2 2 2 2 2 2 2 2 2 2 2 2 2 2 2 2 2 2 2 2 2 2 2 2 2 2 2 2 2 2 2 2 2 2 2 2 2 2 2 2 2 2 2 2 2 2 2 2 2 2 2 2 2 2 2 2 2 2 2 2 2
left_child=2 4 5 -3 9 6 -1 60 10 55 12 15 61 29 -14 -6 -17 31 -13 -8 50 22 23 -12 25 32 27 -15 -29 43 -19 -7 -18 -34 35 -33 45 -32 41 -40 -16 42 -39 44 -11 -30 47 48 49 -24 52 -52 -21 -22 -55 -2 -27 58 59 -58 -5 -9
right_child=1 3 -4 7 11 17 19 8 -10 13 21 18 14 26 40 16 24 30 -20 20 53 -23 46 -25 -26 56 -28 28 36 -31 37 34 33 -35 -36 -37 -38 38 39 -41 -42 -43 -44 -45 -46 -47 -48 -49 -50 -51 51 -53 -54 54 -56 -57 57 -59 -60 -61 -62 -63
leaf_value=-0.02451002049098451 0.1880786024519277 0.13311798489206109 -0.047980755680462846 0.098707918781242493 0.22038670202951641 -0.033644609879230347 0.0052958722026132284 0.073109743814551431 0.10923229828668352 0.1675425350484212 0.29537050082318678 0.11856205900446859 0.11814039988062122 0.031027473315671284 0.019452818934985863 0.098312743518388576 -0.044156731102207393 -0.026284899363085791 -0.0008981766624675347 0.15202683316994553 0.0084373638799904779 -0.032588958226622868 0.052138248710392812 0.1334101028503881 -0.025831235319538817 -0.025036482063203552 0.00056103972993691738 0.0087185484875190004 0.35448501158601053 0.04417932837605229 -0.0021261307472761645 0.024147127448930716 0.036602778126259214 0.33076837188325336 -0.019524958239225502 0.25817146991800816 0.11407196818797168 0.415039912796689 0.68985050770498946 0.01113265388849421 0.070597658437265925 0.023752056093077636 -0.0024146955703517456 0.13004283757053611 0.021119672804160987 0.17638400701133364 0.14834738267796233 0.04046106558315779 0.025030969983797891 0.27827297395466727 0.23238888249265771 0.034178603664591606 0.035122695520692714 0.026435432550657452 0.26435608254613874 0.085203547557845372 0.2688376570390682 -0.024440136336866505 -0.0070515027368010371 0.078984595110076314 0.1675985864696736 0.010740757883818244
leaf_weight=472.07480021379888 44.387369045987725 552.64742750488222 5651.4680304573849 527.95083153620362 7.4514725711196652 2005.5264523709193 137.46236281935126 53.624428967013955 329.55518927052617 15.63134589511901 17.292204448953271 63.625259297899902 92.968225134536624 370.13143312372267 161.55384108796716 35.832795727998018 42.422672251239419 134.82841376587749 32.52393012214452 69.674775565043092 123.53184971399605 20.202521311119199 24.11840589903295 40.452218357473612 315.43705771211535 238.26862039230764 170.38913893792778 35.597710681147873 11.052316244691612 133.52425707131624 81.060606891289353 106.95141885057092 313.38347529247403 4.5748088797554365 436.15965953841805 5.0064423708245149 31.650890934281051 4.5052035599946958 3.5092293322086316 4.8399980310350657 211.34061824902892 50.912569163367152 5.1537792263552547 118.96820053830743 48.257132736034691 17.417346971109509 30.836813397705555 144.95565815083683 33.776525337249041 22.27962750941515 8.7920684972777945 63.751540354453027 17.793430619873106 13.990887216292323 7.6030308734625569 29.819212444126606 10.284985832870005 63.590515186078846 24.895468902774155 22.203373447060585 42.216233966872096 427.30788614414632
leaf_count=31907 396 4828 424429 5004 119 134725 7221 1068 2639 234 286 2008 1566 14009 4635 483 1956 9283 1190 1731 5218 680 326 643 16744 11323 6809 1387 291 3024 5082 4917 14281 163 25440 226 1197 230 190 304 2937 3132 302 2054 1160 358 589 3032 474 234 333 2529 748 549 376 350 352 3091 1209 857 538 12718
internal_value=-0.00193055 0.0619633 -0.0354543 0.0859464 0.0321867 -0.016592 0.00876702 0.0739904 0.0634322 0.0568624 0.0516468 0.0106135 0.0396667 0.0498612 0.0623491 0.00459144 0.0030899 -0.0247638 0.0781528 0.0442601 0.0618133 0.0856159 0.0932281 0.181911 -0.000206626 0.0110256 0.0353495 0.0480737 0.113989 0.0790442 0.00640814 -0.0282405 0.0308303 0.0408353 -0.008467 0.034612 0.176321 0.0357981 0.0804024 0.296402 0.0484395 0.0506289 0.192297 0.104503 0.0569444 0.245525 0.0732219 0.0629317 0.103559 0.160725 0.0964898 0.0582011 0.128245 0.0235799 0.110205 0.146739 -0.00884194 0.0230545 0.0756862 0.139087 0.103809 0.017695
internal_weight=14339 4934.4 9404.6 2733.08 2201.32 3753.13 914.675 2180.43 1610.26 1026.83 1280.71 1174.49 946.795 952.62 465.863 1078.35 1070.89 2838.45 96.1492 442.6 305.138 333.914 313.711 57.7444 1035.06 719.624 636.239 465.85 95.7183 316.381 284.81 2553.64 360.381 317.958 548.118 111.958 60.1206 149.981 68.9208 8.34923 372.894 60.5716 9.65898 182.857 63.8885 28.4697 255.967 225.13 80.1746 46.398 160.012 72.5436 87.4682 145.126 21.5939 74.2066 359.243 120.974 57.3838 32.4884 570.167 480.932
internal_count=786114 127242 658872 42197 85045 234443 50612 37369 31827 31269 29188 53776 22924 30523 9138 50578 50459 183831 3198 18705 11484 6264 5584 929 49976 33232 24051 17242 3233 6472 18523 165308 16400 14444 30583 5143 1846 9240 4158 494 7572 3664 532 3448 1394 649 4655 4066 1034 560 5341 2862 2479 6143 925 746 16832 5509 2418 1209 5542 13786
is_linear=0
shrinkage=0.05


Tree=8
num_leaves=63
num_cat=0
split_feature=17 36 1 24 49 49 54 24 36 41 36 41 53 49 49 49 49 48 49 53 48 49 49 54 48 35 49 52 48 5 49 22 47 32 55 29 23 27 17 5 15 53 29 48 54 29 41 49 52 49 49 48 49 47 50 49 36 15 27 22 49 49
split_gain=11088.6 1264.67 788.083 519.38 422.492 321.393 259.394 254.329 312.461 238.945 225.685 296.782 169.744 135.48 130.534 128.735 167.611 179.564 113.53 136.108 112.428 105.307 280.317 242.892 320.667 171.618 117.65 102.575 97.9643 97.2823 97.2419 97.0587 94.7796 94.5533 91.4517 90.4752 133.745 102.937 89.8833 87.1367 108.739 86.1803 85.907 85.6419 85.3 82.6773 94.3628 197.686 117.076 80.8589 82.4329 79.4053 77.8731 74.2841 69.1258 82.4889 78.2984 71.3312 123.915 68.9412 68.5895 67.031
threshold=-13.214450836181639 223.23529815673831 283.48367309570318 14.433798789978029 255.59030914306643 259.72676086425787 0.78656607866287243 2.0360946655273442 262.05882263183599 2.3626277446746831 215.00000000000003 26.90389442443848 17.208333015441898 269.68820190429693 282.48001098632818 259.31796264648443 267.04945373535162 0.59851765632629406 286.69125366210943 1089.1666564941409 0.82003378868103038 270.65731811523443 274.13537597656256 0.60355338454246532 -0.22978341579437253 5.0763573646545419 273.45858764648443 68.036495208740249 -0.51876229047775257 209.49958801269534 255.59030914306643 -40.05979919433593 -1.8748136758804319 5.087268829345704 -0.6035533845424651 1.5018959045410158 -19.018526077270504 9.5640707015991229 -2.4757156372070308 236.56761169433597 -4.1720428466796866 283.53332519531256 10.111855506896974 -0.51098686456680287 -0.98296290636062611 8.6086158752441424 23.447105407714847 287.14447021484381 68.036495208740249 278.19204711914068 257.70365905761724 -0.071447014808654771 274.68690490722662 -3.4302330017089839 96.843246459960952 256.94619750976568 210.88235473632815 0.66324234008789074 32.228881835937507 -43.494150161743157 289.66523742675787 285.83421325683599
decision_type=2 2 2 2 2 2 2 2 2 2 2 2 2 2 2 2 2 2 2 2 2 2 2 2 2 2 2 2 2 2 2 2 2 2 2 2 2 2 2 2 2 2 2 2 2 2 2 2 2 2 2 2 2 2 2 2 2 2 2 2 2 2
left_child=2 4 7 5 -2 6 12 8 13 41 27 15 -3 -1 29 -12 -17 33 19 -9 -19 28 23 25 -25 -23 -26 54 -11 -5 39 -20 -15 52 53 -14 -37 -38 -27 40 -31 -7 -39 -24 -10 60 47 -47 -49 50 -13 -35 -18 -16 57 -56 -57 58 -6 -34 -33 -61
right_child=1 3 -4 14 10 9 -8 18 44 21 11 49 35 32 34 16 17 20 31 -21 -22 22 43 24 26 38 -28 -29 -30 30 -32 45 59 51 -36 36 37 42 -40 -41 -42 -43 -44 -45 -46 46 -48 48 -50 -51 -52 -53 -54 -55 55 56 -58 -59 -60 61 -62 -63
leaf_value=-0.0027744634034906224 0.11600601341075278 0.026472410451517176 -0.047312083829484514 0.15340170739256165 0.083648272821632341 0.068132838998999343 -0.019787413850384416 -0.029188434490643712 0.23876609738296239 0.081723570293489978 0.11682066181118055 0.041087997289878199 0.20741586329701034 -0.006009566598454464 0.24846939016261255 0.021958630471310733 0.14565208275128086 0.20973904301351742 -0.019571861894351002 0.070970929202101601 0.049840386622187274 0.13219277293078932 -0.037057542384526104 0.46690759547003807 0.080314155400644391 -0.0085996040851892153 0.31093207545854373 -0.00051947815546543304 0.0003926446828160294 -0.0058181554091033625 -0.0080013948033653155 -0.024180453443073398 0.20307183039285026 0.022303080066124473 -0.019543590621204868 0.0088239632565423071 0.11847497105254319 0.30495031812365353 0.18744313054395759 0.21340245907826116 0.11689093226768055 0.14404169712603279 0.11906539156047019 0.028230954227692447 -0.017031191761378628 0.4238535674552415 -0.0019576634928494849 0.041251371229450502 0.31716029582357352 0.11059722898504734 -0.016752731725340798 0.081768898557230379 0.053139954813125591 0.076431541971423114 0.20314918089502887 0.13565931401311407 0.057317065089419528 0.10207611980565248 0.036065669536270641 0.092967008033052939 0.1062128978876779 -0.0017378200190801619
leaf_weight=82.997105048969388 590.16028560511768 42.015024744905531 5554.2284756358713 10.043137084692715 594.47250636480749 171.41269604023546 40.145486261695623 2270.5469021946192 3.2808488784357897 40.995493225753307 115.28002297878265 91.664293637499213 37.199209153652191 31.539242235012352 7.1399704515933982 200.11004061624408 54.388714419677854 37.987632336094975 147.37630198989064 34.433295464143157 15.470076644793151 48.348274854943156 61.229274622164667 8.8623597314581257 26.414045007899404 63.137914002873003 6.994715121574699 36.01788842305541 382.29790749680251 58.864974787458777 900.77298342902213 48.647970827296376 12.179566821083425 133.34720736183226 23.407470813021064 22.83554878924042 109.43807491473854 15.320071034133436 6.4434763099998227 7.1640363838523617 26.040506040677428 47.822201621718705 10.458865538239477 279.57610994111747 491.57823119312525 5.1522286692634216 18.406255362555385 23.307584741152827 4.604344503954052 18.339378939941525 187.80456418916583 96.954555148258805 39.100611209869385 51.772221928462386 23.306360501796007 71.995182702317834 57.258549548685551 282.06403214111924 177.7324657831341 131.05347571708262 12.722823573276399 21.790751508437097
leaf_count=3717 4623 1060 435390 145 6940 3167 1352 151654 219 1421 1754 2577 450 1348 175 4322 407 697 10028 1946 360 914 2357 281 814 2724 171 482 15295 1979 45550 2989 582 2874 881 879 2322 356 142 295 575 878 295 10247 32696 176 1136 1330 154 399 6373 1918 363 1582 235 639 759 1837 2274 3855 748 896
internal_value=-0.00159594 0.0554341 -0.035771 0.0295818 0.078381 0.0494737 0.097753 -0.0165766 0.00853606 0.0377616 0.0684384 0.0506334 0.117641 0.0507916 0.00353579 0.0685802 0.0589481 0.078569 -0.0241579 -0.0276922 0.163466 0.0266304 0.0421432 0.0966932 0.199526 0.0598333 0.128598 0.0826275 0.00826945 -0.00143244 -0.00299867 0.0071483 0.0734094 0.0645526 0.0640628 0.137259 0.120747 0.139648 0.00955463 0.0459461 0.0318167 0.084691 0.229534 0.0165012 -0.0153353 0.0420462 0.08878 0.139292 0.0867652 0.00889279 0.00221872 0.0473375 0.10696 0.097282 0.085109 0.116566 0.100954 0.0805569 0.0726966 0.0885879 0.00285149 0.0794651
internal_weight=14223.5 5329.61 8893.85 2506.15 2823.45 1420.95 277.412 3339.62 774.419 1143.53 2233.29 990.447 237.267 279.56 1085.21 692.639 577.359 377.249 2565.2 2304.98 53.4577 924.3 501.006 160.201 42.2711 117.93 33.4088 1242.85 423.293 1002.89 992.843 260.218 196.563 323.791 82.3197 195.252 158.053 135.217 69.5814 92.0695 84.9055 219.235 25.7789 340.805 494.859 112.841 51.4704 33.0642 27.9119 297.808 279.469 230.302 93.4893 58.9122 1206.83 152.56 129.254 1054.27 772.205 165.024 61.3708 152.844
internal_count=785004 136140 648864 96307 39833 45125 6714 213474 43313 38411 35210 22044 5362 10398 51182 12695 10941 6619 170161 153600 1057 34366 17650 5046 1266 3780 985 13166 16716 48544 48399 16561 6681 5562 2638 4302 3852 2973 2866 2849 2554 4045 651 12604 32915 6533 2796 1660 1484 9349 8950 4792 770 1757 12684 1633 1398 11051 9214 5333 3737 4751
is_linear=0
shrinkage=0.05


Tree=9
num_leaves=63
num_cat=0
split_feature=17 36 1 41 49 49 30 17 42 49 49 40 37 49 36 36 17 54 37 29 11 12 41 42 29 36 41 54 17 37 49 23 49 52 49 49 54 49 52 51 41 55 48 49 47 46 37 52 54 41 40 20 49 36 41 48 48 48 29 13 48 40
split_gain=9997.07 927.127 855.758 512.039 495.278 274.696 236.52 353.382 165.041 163.575 160.088 150.454 134.1 133.62 132.333 120.446 108.899 110.411 126.537 116.598 119.761 107.864 104.847 97.8184 94.0379 108.195 140.949 147.067 138.335 87.738 87.702 112.081 269.942 110.461 85.7119 200.837 184.732 144.804 105.265 86.6522 85.1127 82.9829 98.1094 92.9159 81.2085 115.301 80.7253 79.4627 79.2096 146.383 77.7636 77.4121 93.0705 74.3848 86.8367 73.6579 72.9091 94.8253 82.4158 133.644 90.9317 72.3227
threshold=-12.131832122802733 216.76470184326175 284.15559387207037 7.2805666923522958 247.43756103515628 256.60597229003912 2.5043964385986333 -29.496982574462887 7.5998916625976571 270.15548706054693 259.31796264648443 19.470581054687504 279.94190979003912 286.69125366210943 221.47058868408206 203.82353210449222 -3.4146156311035152 0.78656607866287243 252.32026672363284 12.387498855590822 242.24576568603518 -41.169672012329094 8.1805844306945819 8.2235107421875018 6.947279930114747 277.35295104980474 23.447105407714847 0.12940952181816109 -32.515556335449212 249.45896911621097 267.04945373535162 -25.071209907531735 268.59339904785162 7.8602373600006112 259.72676086425787 263.06666564941412 0.78656607866287243 274.91055297851568 21.702431678771976 7.2736930847167978 2.1200675964355473 -0.12940952181816107 0.89492958784103405 270.83627319335943 -1.1804609298706052 1.3129453659057619 255.6318054199219 68.036495208740249 0.60355338454246532 33.642942428588874 -3.0392150878906246 -19.54523944854736 275.76867675781256 230.88235473632815 11.621637821197512 -0.07752364873886107 0.92005395889282238 0.44594246149063116 21.483678817749027 -0.76438522338867176 0.8994269371032716 14.627449035644533
decision_type=2 2 2 2 2 2 2 2 2 2 2 2 2 2 2 2 2 2 2 2 2 2 2 2 2 2 2 2 2 2 2 2 2 2 2 2 2 2 2 2 2 2 2 2 2 2 2 2 2 2 2 2 2 2 2 2 2 2 2 2 2 2
left_child=2 5 6 12 -5 -2 7 -1 -9 10 11 14 34 53 -6 -7 17 23 19 20 55 -15 -17 -11 -23 26 27 28 -26 61 -12 32 33 -32 36 -36 39 38 -37 -3 -10 42 43 -18 45 -35 -39 56 -13 -50 -14 -25 -53 54 -8 -19 57 -24 -59 60 -60 -16
right_child=1 3 -4 4 9 15 13 8 40 16 30 48 50 21 29 22 41 18 -20 -21 -22 24 47 51 25 -27 -28 -29 -30 -31 31 -33 -34 44 35 37 -38 46 -40 -41 -42 -43 -44 -45 -46 -47 -48 -49 49 -51 -52 52 -54 -55 -56 -57 -58 58 59 -61 -62 -63
leaf_value=-0.022572651191267668 0.11100835873232023 0.03774479687926157 -0.047700851979776221 0.097713770136315867 0.10592269439865601 0.098349198084676015 0.094471594764112612 0.013822704078441113 0.10296286888627469 -0.0012440443339852333 -0.019735050616504927 -0.019752993344062462 0.13044176946319405 -0.025113476510316986 0.071313550484014804 0.083586710165602818 0.1997185035572176 0.34708868020576261 -0.012268598407694386 -0.014812047398723591 0.085429595556889809 -0.0043560299705997551 0.039144610765479822 0.028618264447976445 0.3766677002238466 -0.028186273937815528 -0.0048138430375197364 0.055405759028380609 0.13089208349123066 -0.015709446860029685 -0.017039143006076958 -0.0010188836481089204 -0.022231688433662147 0.15439096623844287 0.015027427284046239 0.11534328164216112 -0.004029252405965203 0.013561980440406336 0.056406241080819999 0.1299443165036463 0.029632820994820803 0.031216512907418344 -0.011156354519915939 0.085464109923869866 0.10619036519927019 0.42336491558780587 0.074165323833009611 -0.032780985986260079 0.0052920137048978119 0.23221917097262385 -0.021378504607115999 0.064081733497385593 0.26651370478329123 -0.029519213069237483 -0.012164314293059137 0.15037265416904838 -0.025918358274470744 0.11281161101003104 0.0081879108384673108 0.10004068248020795 0.12196779259267959 0.0094153037050607544
leaf_weight=529.41451074834913 518.09261929057539 30.020225310698152 5157.4882959229872 206.91400522366166 76.447131810709834 270.38283220306039 25.233438308350742 274.55964266788214 109.13248891849071 326.03681371733546 515.955710737966 175.62964338157326 9.7744035720825178 128.75298944208771 127.67559985537082 356.92774497903883 22.110407002270222 9.4542439598590153 29.499855009838939 13.616141351871191 27.916452322155237 73.100860414095223 365.09910597838461 66.638887046836317 10.494501127861442 19.743755867704749 19.544579212553799 19.234719992615283 12.598120613023637 72.354810184799135 5.8316348670050528 286.80314656253904 36.04527841694653 7.7471661446616098 173.59041185863316 237.21966477483511 38.215038098394871 106.91461336240172 111.31036040373147 168.63634268939495 62.080076241865754 111.97758779302239 20.478186644613743 91.159432888031006 9.2007576311007107 8.2030958998948318 113.05087183322757 27.423815725371242 30.273908652365208 9.2864728420972806 61.525597644038498 17.237828349694613 8.4669028632342798 2267.6400695070624 78.432325593195856 9.5810358077287656 27.555609866976738 104.28868754021823 112.55499124713242 111.90135138109326 20.805996399372816 74.860497449524701
leaf_count=36704 4017 411 424304 1746 1286 1686 902 13815 2247 14389 23300 6707 242 9152 4355 2897 345 154 1402 547 833 4629 4680 2571 355 1202 1201 985 566 3258 278 12780 1627 276 4255 4168 850 2375 2174 1952 2145 2442 628 1882 420 296 2085 454 1052 167 2305 617 258 156502 4141 255 601 1354 1911 937 337 3415
internal_value=-0.00177953 0.0520184 -0.0346107 0.0365241 0.0237704 0.0799132 -0.016012 0.00504628 0.0378475 0.0167857 0.00688487 0.0275682 0.0656367 -0.0237474 0.0477337 0.0683807 0.0356416 0.0224332 0.0726506 0.114011 0.15137 0.00869651 0.061188 0.0116226 0.0368327 0.0737243 0.106245 0.157526 0.242585 0.0315514 -0.00658704 0.0125854 0.0707961 0.179025 0.0704584 0.0620997 0.096645 0.0764733 0.0965205 0.116011 0.0763741 0.0629719 0.0895584 0.107767 0.224485 0.292722 0.044709 0.0508003 -0.00535575 0.0585613 -0.000565705 0.0570507 0.130761 -0.0276258 0.0137921 0.248076 0.0538885 0.0569657 0.0755796 0.059748 0.025939 0.048435
internal_weight=14150.1 5362.69 8787.45 3447.66 2397.4 1915.03 3629.96 975.187 445.772 2190.49 1436.31 566.528 1050.26 2654.78 351.338 1396.94 754.174 508.448 90.0677 60.5679 46.9517 283.47 1126.56 418.38 154.717 81.6157 61.8719 42.3273 23.0926 274.891 869.787 353.831 67.0279 30.9827 978.958 742.086 236.872 568.496 348.53 198.657 171.213 245.726 133.748 113.27 25.151 15.9503 219.965 769.63 215.19 39.5604 71.3 92.3436 25.7047 2371.31 103.666 19.0353 742.206 714.65 349.551 245.262 133.361 202.536
internal_count=785827 126977 658850 108103 87286 18874 234546 54911 18207 85540 59217 20240 20817 179635 12314 14857 26323 21026 3191 1789 1242 18090 13171 17835 8938 4309 3107 1906 921 11028 38977 15677 2897 1270 18270 15057 3213 10802 6342 2363 4392 5297 2855 2227 992 572 4460 10274 7926 1219 2547 3446 875 161545 5043 409 9820 9219 4539 3185 2248 7770
is_linear=0
shrinkage=0.05


Tree=10
num_leaves=63
num_cat=0
split_feature=17 38 2 41 49 30 38 49 16 33 49 25 5 5 49 54 44 53 49 49 26 48 51 49 54 49 17 38 54 53 46 48 38 41 55 53 49 54 49 51 5 49 49 14 41 49 49 54 49 48 34 28 49 26 49 54 46 51 48 37 37 41
split_gain=9089.74 914.874 747.958 312.046 304.914 237.003 302.386 235.02 187.731 231.149 133.663 129.521 128.898 121.735 120.408 114.982 109.38 108.88 108.93 107.87 148.145 100.64 98.7374 97.6589 97.2134 96.5346 91.0055 80.8716 78.5365 78.4439 76.9974 83.8453 76.6262 95.8212 76.3453 75.3416 88.8874 107.752 74.1377 70.8439 148.425 102.871 266.706 70.472 69.4007 67.8673 70.9746 122.556 90.2243 63.6801 67.2671 76.2457 70.3824 61.2802 60.6549 86.9413 75.9662 59.9151 58.3543 56.7089 55.1257 54.6522
threshold=-13.214450836181639 -4.0588226318359366 282.86717224121099 7.2805666923522958 255.32789611816409 1.9933519363403323 -27.64705657958984 247.43756103515628 -0.51515579223632801 5.2554495334625253 270.15548706054693 22.597953796386722 226.45742797851565 251.61723327636722 275.10462951660162 0.91597560048103344 -3.5763740539550777 1089.1666564941409 286.69125366210943 257.70365905761724 20.03225135803223 0.59851765632629406 100.114559173584 270.15548706054693 0.12940952181816109 280.76860046386724 1.1571083068847658 -1.117652893066406 0.37940952181816107 137.81944274902347 5.8371620178222665 0.49749177694320684 -14.176475524902342 6.6042132377624521 0.98296290636062633 65.666667938232436 272.37759399414068 0.37940952181816107 275.76867675781256 114.75366973876955 278.89863586425787 279.54071044921881 282.31869506835943 -40.229150772094719 2.6681184768676762 273.35858154296881 283.52928161621099 -0.91597560048103321 282.48001098632818 0.11192005872726442 11.801896572113039 9.5738639831542987 270.94653320312506 1.4033813476562502 258.38572692871099 -0.37940952181816096 6.4088649749755868 11.003927707672121 0.13203227519989016 282.24038696289068 255.6318054199219 7.3798115253448495
decision_type=2 2 2 2 2 2 2 2 2 2 2 2 2 2 2 2 2 2 2 2 2 2 2 2 2 2 2 2 2 2 2 2 2 2 2 2 2 2 2 2 2 2 2 2 2 2 2 2 2 2 2 2 2 2 2 2 2 2 2 2 2 2
left_child=2 3 5 14 27 6 -1 -5 9 34 19 12 21 49 15 35 25 18 32 24 29 -9 28 -17 -11 44 -13 30 45 -21 31 -3 39 -34 -6 36 -2 -38 -30 -7 41 -41 -43 -20 -8 -12 47 -47 -49 -14 51 -51 54 60 55 56 -52 -33 -54 -35 -16 -40
right_child=1 4 -4 7 8 17 16 11 -10 10 22 26 13 -15 53 23 -18 -19 43 20 -22 -23 -24 -25 -26 -27 -28 -29 38 -31 -32 57 33 59 -36 -37 37 -39 61 40 -42 42 -44 -45 -46 46 -48 48 -50 50 52 -53 58 -55 -56 -57 -58 -59 -60 -61 -62 -63
leaf_value=-0.023545118187026849 0.031446875936210143 0.080546300414336428 -0.047560526286996641 0.093342873686605696 0.076322445900161476 -0.035863129826492722 0.052165593986722637 0.024205493517553585 0.072962443822500195 0.024489519166517447 0.021045619054043608 -0.025278135638011068 -0.015355254160432258 0.26679554707917513 -0.025713481803271983 -0.028651559180519905 -0.00026361209089942734 0.05572755995490724 -0.035401886968523276 0.014946174237861341 -0.012850649727893144 0.090782793945870216 -0.046553282003936547 0.092108692001744374 0.084091209569976788 0.097895088163412344 0.181780832256805 0.11114712057062764 0.1297129679074307 0.060811995512643137 0.13904227213063067 0.086035621453840513 0.033827017646596007 -0.024528830713164029 0.15738106445251146 0.087271832553490206 0.049731695485147373 0.24581651602633481 0.12740247505178112 -0.048955935662079064 0.38244622791382216 0.43751817725094777 -0.039321720278093705 0.018607505737624361 -0.020430617697001337 0.23917146494836877 0.035734527162475063 0.046357191811836097 0.18342701867841971 0.040669612569012636 0.051877021775925659 0.21017811064649045 0.16842040080621887 -0.0059834541000208805 -0.017074865990454203 -0.035675391344134062 0.25321809941898427 -0.022886576205984197 0.027408298794413328 0.17754870442993934 0.062883566008304068 0.02213917805939342
leaf_weight=410.10725612845272 157.41212180815637 220.8427204862237 4923.4957580156624 80.658418796956539 275.46419532224536 1731.7568044327199 135.12719067558646 197.84817672893405 1026.4278589431196 145.71535997837782 116.04559605382383 325.26814278587699 308.71017965301871 4.3944952385500065 21.8629071097821 57.459505248814821 128.71491575799882 41.674679288640618 85.108566759154201 208.57187293842435 274.23237330280244 79.598534070886672 20.703622877597809 23.625616599805653 128.96468842029572 90.362944781780243 5.3946482092142096 338.4358155541122 75.060747316107154 168.56257496215403 42.18924580141902 18.754404427483678 92.988779375329614 383.45547908265144 32.472851563245058 283.10254762414843 17.997734647244219 11.471915403380988 17.789527965709567 28.468657817691565 2.7706693075597277 4.4038212448358527 8.7766296528279764 208.01594618614763 43.525366408750415 13.773127743974326 74.34927842207253 55.281204134225845 15.336028750985859 63.569042464718223 43.991458746604621 7.4069248754531136 7.7199112102389327 121.21726021543145 273.8798906467855 29.115973196923733 5.2432267954573026 38.632519422098994 147.79502925556153 3.5035264268517485 89.149658829905093 40.185886694118381
leaf_count=29408 3772 1736 424733 765 2650 127524 4259 6047 8376 3705 2295 17347 14472 180 514 1972 6559 2276 6508 5280 9418 2349 427 538 2052 2613 68 1715 923 3420 459 214 4338 24395 181 6103 398 198 215 2082 215 327 637 12235 1929 286 1436 1065 213 2887 1790 258 321 4118 14526 1443 194 582 6570 237 1724 703
internal_value=-0.00177015 0.0468028 -0.0351064 0.0229887 0.063618 -0.0170653 0.00658037 0.0102002 0.0561487 0.0457679 0.0368787 0.00572925 0.0135426 0.00428318 0.0487942 0.0615201 0.0376433 -0.0244379 -0.0257484 0.0261944 0.0151127 0.0433063 0.0599675 0.00653412 0.052473 0.0557805 -0.0219 0.0941022 0.0653752 0.0354462 0.0760989 0.0665545 -0.0294739 -0.0117474 0.0848703 0.0710067 0.0463671 0.126063 0.0969095 -0.0342639 0.0280857 0.00451222 0.119999 0.0029259 0.0344789 0.050108 0.0713539 0.102735 0.0761248 0.00298324 0.0127656 0.0583592 0.00639226 0.0185961 -0.00597722 0.0328153 0.0733188 0.0127099 0.0344083 -0.0226992 0.0454352 0.0544388
internal_weight=14033.9 5711.68 8322.26 2363.89 3347.79 3398.76 807.838 1580.59 2688.94 1662.51 1354.57 1499.94 1169.27 891.826 783.299 551.069 397.73 2590.92 2549.25 926.047 651.367 277.447 428.525 81.0851 274.68 269.016 330.663 658.855 407.821 377.134 320.419 278.23 2256.12 479.948 307.937 469.984 186.882 29.4697 133.036 1776.18 44.4198 41.6491 13.1805 293.125 178.653 274.785 158.74 84.3904 70.6172 887.432 578.721 70.976 507.745 232.23 352.231 78.3507 49.2347 57.3869 155.515 386.959 111.013 57.9754
internal_count=786180 135905 650275 88554 47351 225542 44768 69217 42645 34269 31438 68452 51037 42641 19337 12981 15360 180774 178498 23875 18118 8396 7563 2510 5757 8801 17415 4706 7136 8700 2991 2532 159755 28970 2831 10471 4368 596 1841 130785 3261 3046 964 18743 6188 5295 3000 1564 1278 42461 27989 3145 24844 6356 17953 3427 1984 796 6891 24632 2238 918
is_linear=0
shrinkage=0.05


Tree=11
num_leaves=63
num_cat=0
split_feature=38 1 36 49 41 17 49 53 17 41 24 38 49 29 36 51 16 49 49 40 49 53 41 36 49 39 51 37 11 53 49 49 46 49 3 23 11 51 38 49 49 49 49 43 1 41 40 55 16 55 55 40 49 55 37 51 37 49 49 47 29 5
split_gain=8054.5 825.524 784.543 431.096 424.843 216.768 199.575 166.961 146.106 121.701 108.555 166.037 119.823 108.372 99.0586 89.275 164.978 85.7076 90.3536 83.1416 159.629 78.0216 76.1344 71.9466 91.6007 69.2014 66.7401 71.5402 93.4629 79.4687 68.8416 85.2259 88.7925 68.4579 65.5969 109.282 128.753 62.5254 62.2718 61.6891 61.6555 117.834 64.2475 61.4542 59.5779 74.0343 132.825 227.879 58.5042 58.4816 56.8082 64.4973 54.8201 90.0596 54.3055 53.8199 53.3567 87.719 133.163 52.8049 52.1927 73.2344
threshold=-11.647056579589842 284.01084899902349 216.76470184326175 247.43756103515628 7.0796411037445077 -10.251132965087889 256.60597229003912 805.25000000000011 -5.6594009399414054 4.8298299312591562 2.4546079635620122 -28.294128417968746 290.50280761718756 20.288356781005863 203.82353210449222 105.06754302978517 -44.644090652465813 279.88751220703131 282.31869506835943 15.215675354003908 256.94619750976568 201.75000000000003 7.7702677249908456 226.17646789550784 287.14447021484381 -4.3369648456573477 63.49690246582032 274.81845092773443 260.95413208007818 164.50000000000003 270.65731811523443 259.72676086425787 0.39723777770996099 274.50689697265631 238.42217254638675 -19.552419662475582 246.17847442626956 42.687715530395515 -5.6470565795898429 276.94873046875006 270.65731811523443 273.45858764648443 255.32789611816409 -0.40428161621093744 278.03332519531256 -0.52142748236656178 -2.0588378906249996 0.60355338454246532 1.0000000180025095e-35 0.78656607866287243 0.37940952181816107 1.5293960571289065 268.30914306640631 0.78656607866287243 246.47785186767581 100.114559173584 266.56137084960943 267.40522766113287 271.09448242187506 -0.56850254535675038 6.5025177001953134 243.27687072753909
decision_type=2 2 2 2 2 2 2 2 2 2 2 2 2 2 2 2 2 2 2 2 2 2 2 2 2 2 2 2 2 2 2 2 2 2 2 2 2 2 2 2 2 2 2 2 2 2 2 2 2 2 2 2 2 2 2 2 2 2 2 2 2 2
left_child=1 5 6 37 26 7 -2 10 19 -7 11 44 15 21 59 -12 -17 -18 -19 20 34 50 -16 52 -25 -15 27 28 29 30 31 32 -5 -32 -6 -36 -37 -4 -34 -31 42 -42 -13 -35 45 46 -1 -48 54 -40 51 -10 -22 -54 -11 -24 57 -30 -59 -8 -26 -62
right_child=2 -3 3 4 8 9 14 -9 13 48 12 40 -14 25 22 16 17 18 -20 -21 23 -23 55 24 60 -27 -28 -29 56 39 33 -33 38 43 35 36 -38 -39 49 -41 41 -43 -44 -45 -46 -47 47 -49 -50 -51 -52 -53 53 -55 -56 -57 -58 58 -60 -61 61 -63
leaf_value=0.016549566236010126 0.093572021344027992 -0.047382885161022043 0.091601455823408229 0.17502178515033673 0.013293923736143307 0.068337331351875266 0.11170171089436767 0.041220060289256649 0.1143339775328895 0.13021246641904652 -0.030514280007105002 0.16586933533222314 0.074041103437102004 -0.017144186654316714 0.071499030365486632 0.298048135888482 -0.04545038204731236 0.24098570201003344 0.024812247641815558 -0.028877817305290876 -0.0058558052768963031 0.055045746720816302 0.045932306232952622 -0.011505713276356116 0.0014559708002324211 0.032457847775819913 0.010508132129452022 0.0030970453236498579 -0.016713659145715376 0.079353841279507328 0.087982603492963163 -0.0053460419245693648 -0.022580821895354111 0.078614098397770171 0.029568484661085456 0.047597087856053738 0.29178287328883618 0.023875395976479908 0.015514119814305708 0.0020546458456776337 0.092998211668783248 0.013503928098090834 -0.020762494182863491 -0.010202680600171548 -0.037651557317267804 -0.035435977134195877 0.57667915594443586 -1.2872692271885354e-05 0.18572718856730586 0.13459939285911901 -0.0037875693670784459 0.027399837117421912 0.093892515710322644 -0.03497470527958859 -0.005539814623632843 -0.045646891618282871 0.052798848140095979 0.23741779271532357 0.095936088602565639 0.067910022669137274 0.039462728972132578 0.21915304203023034
leaf_weight=46.793213399127126 557.47988346219063 4735.0282940817997 294.93399082683027 13.552990529686211 22.322577400133014 103.63698441721499 112.08832554891706 110.10223195888102 22.317959496751428 7.6330717774108043 2084.921787709929 4.8222413510084143 28.814727705903351 217.6661314656958 363.29185247235 5.1596197355538598 37.947507909499109 5.9932803800329593 24.983304294757545 217.11916361097246 49.350546609610319 272.55765726510435 840.21309078298509 629.20943484921008 18.016166274435818 103.87168693728745 93.82778525352478 62.673781970515847 13.46902327146381 230.1881063003093 93.867902707308531 148.31651840452105 27.931895304471254 32.434440924786031 18.416963919065893 9.0126014081761259 13.461238048970698 38.531008180230856 20.95512967929244 29.070235882885754 60.741481709294021 200.4590603178367 105.42668958660215 48.748213917016983 322.47445981763303 55.510177448391914 3.0284287547692648 3.9437277354300022 4.2857494670897713 20.294026028364897 150.14737789705396 484.61030244361609 55.32733560167253 17.958249955438077 211.32825687527657 16.355441730469465 75.677071087062359 19.599116500467062 109.82580037880689 178.4045740775764 13.525815127417447 9.7632450051605684
leaf_count=3271 3992 426899 2078 192 840 2289 649 5918 385 288 153105 72 1829 9221 2666 342 2781 318 1525 12276 2025 6873 10294 32998 809 2359 1969 1631 338 3682 1235 3361 753 592 739 286 343 336 306 634 2216 9416 5362 1073 24767 3886 222 281 48 158 4045 14401 1658 651 10446 270 1257 302 1502 1029 301 289
internal_value=-0.00189808 -0.0338538 0.0433392 0.0295491 0.0241755 -0.0151664 0.0680044 -0.0192485 0.0122901 0.0235602 -0.0214744 -0.00575344 -0.0272459 0.0239009 0.0585673 -0.0285977 0.0253399 0.0049251 0.066637 -0.00124267 0.00576383 0.0325552 0.0523186 -0.000330468 -0.00677071 -0.00112042 0.0507312 0.0547181 0.0583782 0.0490597 0.035253 0.0173343 0.0579931 0.058904 0.0822302 0.119863 0.193858 0.0837759 0.0350665 0.0706864 0.0187556 0.0319901 -0.0125993 0.0252818 -0.0268395 0.00506729 0.046885 0.250479 0.00277353 0.0741025 0.023226 0.0312272 0.0348817 0.0623143 -0.000807441 0.0441837 0.0867452 0.104723 0.117361 0.0848073 0.0653583 0.114793
internal_weight=13929.4 8163.03 5766.38 3698.55 3365.09 3428.01 2067.83 3101.12 2324.65 326.884 2991.02 803.199 2187.82 1251.17 1510.35 2159.01 74.0837 68.9241 30.9766 1073.48 856.364 929.633 1219.86 793.151 670.515 321.538 1040.43 946.604 883.93 665.359 406.101 231.051 82.734 175.051 63.2134 40.8908 22.4738 333.465 69.1811 259.258 371.449 261.201 110.249 81.1827 431.75 109.276 53.7654 6.97216 223.247 41.2492 657.076 506.928 122.636 73.2856 218.961 856.569 218.571 142.894 129.425 290.493 41.3052 23.2891
internal_count=786079 655281 130798 111898 109484 228382 18900 215311 90499 13071 209393 49493 159900 37284 14908 158071 4966 4624 1843 53215 40939 25704 13230 38731 34397 11580 18985 17016 15385 11986 7670 4770 1409 2900 2208 1368 629 2414 1217 4316 17066 11632 5434 1665 32427 7660 3774 503 10782 464 18831 14786 4334 2309 10734 10564 3399 2142 1804 1678 1399 590
is_linear=0
shrinkage=0.05


Tree=12
num_leaves=63
num_cat=0
split_feature=17 17 2 28 24 36 36 48 36 25 48 53 54 29 11 36 29 55 10 54 41 1 43 11 53 55 48 41 29 48 27 51 52 17 12 5 23 17 44 5 40 52 48 20 40 29 12 24 39 8 55 48 29 39 36 48 48 23 17 41 53 40
split_gain=7330.77 723.147 717.65 258.961 214.608 212.693 145.676 202.396 118.01 135.184 93.8702 88.5445 93.9961 86.5642 77.4017 76.4982 76.2907 114.051 75.242 68.9709 67.9393 65.556 65.436 65.2897 64.5668 62.6817 136.616 88.5519 131.461 151.449 78.9307 79.8423 61.8661 110.124 61.3752 58.2466 76.5095 95.8119 74.4305 65.3748 57.1279 56.4421 91.4302 54.2811 53.8988 53.309 51.3989 114 50.9386 68.662 110.517 49.956 72.5697 55.7561 49.2465 49.1735 110.387 48.3962 48.1259 91.4104 48.0849 51.6938
threshold=-13.95042037963867 -3.6867256164550777 282.86717224121099 14.623661994934084 2.0360946655273442 262.05882263183599 215.00000000000003 0.80160850286483776 229.11765289306643 2.1931514739990239 0.70040506124496471 789.00000000000011 0.37940952181816107 1.9027404785156252 265.93986511230474 219.11765289306643 13.62691116333008 -0.6035533845424651 250.8376388549805 -0.91597560048103321 0.72283315658569347 278.03332519531256 -4.9012603759765616 259.80537414550787 19.250000000000004 -0.6035533845424651 0.90649205446243297 26.90389442443848 16.001280784606937 0.8994269371032716 16.909451484680179 50.025959014892585 14.536789417266847 -38.507429122924798 -37.871591567993157 231.42743682861331 -17.974797248840328 -7.798686981201171 -1.1208305358886717 224.38174438476565 10.647064208984377 92.846775054931655 0.76453781127929699 -22.681834220886227 -3.6862716674804683 14.724085807800295 -30.293251037597653 20.996078491210941 -31.511981964111325 275.25840759277349 0.37940952181816107 0.66979008913040172 13.884313583374025 -30.38344573974609 223.82353210449222 0.97297734022140514 0.96036875247955333 -30.4776496887207 -29.145763397216793 1.0000000180025095e-35 1089.1666564941409 -1.8235321044921873
decision_type=2 2 2 2 2 2 2 2 2 2 2 2 2 2 2 2 2 2 2 2 2 2 2 2 2 2 2 2 2 2 2 2 2 2 2 2 2 2 2 2 2 2 2 2 2 2 2 2 2 2 2 2 2 2 2 2 2 2 2 2 2 2
left_child=2 3 4 8 5 14 55 10 16 18 13 12 22 57 -1 19 24 -18 -10 -5 44 32 -6 -17 -2 26 27 28 41 30 -30 -32 -7 -34 -20 36 -11 -38 -37 -39 -12 -24 -43 -26 -16 -9 -25 -48 49 50 -35 53 -53 -15 -14 56 -3 -8 -52 -60 61 -22
right_child=1 6 -4 15 11 21 7 45 9 35 40 -13 54 51 20 23 17 -19 34 -21 60 -23 25 46 43 -27 -28 -29 29 -31 31 -33 33 48 -36 38 37 39 -40 -41 -42 42 -44 -45 -46 -47 47 -49 -50 -51 58 52 -54 -55 -56 -57 -58 -59 59 -61 -62 -63
leaf_value=0.0030489346251793971 0.011943826821930551 0.064604814647804737 -0.047232006253958264 0.1348166806331243 -0.040295718659866177 -0.020893683671557292 0.022710651283914238 0.05839599959574291 0.0018114477874745787 0.0022874913814898471 0.042567998367659281 0.027446764427805644 0.14006406039651684 0.0056327862765065346 0.010267393995175143 -0.015801852696395637 0.26831112756419429 0.01587772630683152 0.012526130910533909 0.011434595266130824 -0.01772787294694594 -0.028478659823383302 0.0073853886316341882 0.0077616360338119382 0.026251727439821966 -0.021010941279746675 -0.029474415431381969 -0.037414942033037253 0.2968689017541411 0.43216360487896655 0.046859162442821664 0.26762823305496014 0.27195658526964284 0.39011484055099077 0.077400432996600543 0.017055216733798107 0.2290693947168565 0.16456242070853416 -0.014813228982982471 0.035888630070258776 0.14089145813625806 0.26841154000423806 -0.0060416137483811881 0.061127761676990439 0.10493155640636231 -0.0016694135949076906 0.31642089083797564 0.026141997352535324 -0.043536788820894866 0.013023260102361534 -0.0097104738032016882 0.1259610488040907 -0.015465116707801825 0.049055706188704556 -0.038498999139889564 0.1208448690121437 -0.015199556167092267 0.087581550154322993 0.33245993434066679 -0.011572588934165977 0.17031979781714635 0.050994695147428028
leaf_weight=107.77392586041242 136.74187508039176 1699.7962326817214 4484.1601475803182 16.834769925102592 250.22748318687081 83.443633684888482 34.093078570440412 42.912029771134257 63.071545610204339 104.23364617861807 21.87610799074173 81.567977214232087 3.8773350212723008 79.903682189062238 18.698002762161195 606.63599258847535 9.3177648456767219 8.6083496473729593 46.155834871344268 34.618263833224773 46.735194973647594 312.48375758808106 124.46106401272118 28.831503164954484 160.43609430640936 706.44801007583737 176.77092706784606 41.304866273887455 4.1460658023133865 3.4173963367938986 40.885794569738209 4.5512930266559115 4.8032686384394756 3.2876038439571884 173.50773606263101 452.3782109208405 7.9309586221352211 10.991639276966451 307.93613392021507 96.838823179714382 45.49957983661443 5.6115788761526328 6.6078065196052194 366.26741241570562 76.787218338809907 265.40917917247862 5.0229240441694847 10.35531178023666 20.128065097145736 43.831642628647387 8.5201987149193918 10.516406040638683 65.976947849616408 988.08198160957545 932.76047948934138 36.967779573053122 44.465150726959109 183.48348288983107 3.9110265914350721 3.813398246653378 5.7845523729920378 66.018923480063677
leaf_count=4044 3167 13581 424221 222 19250 5326 501 954 1347 4468 321 4809 99 1899 536 31485 219 240 1388 1089 1639 23317 8790 1495 3529 51308 13471 2978 151 267 2765 279 349 195 2504 18840 247 263 15338 2994 796 238 368 6932 1688 8581 200 563 1102 2799 572 204 1724 14898 69833 268 561 1599 204 223 98 2730
internal_value=-0.00171505 0.0388812 -0.0343373 0.0191367 -0.0162036 0.00609845 0.0537316 0.043432 0.0285361 0.0194888 0.0513569 -0.0237481 -0.0255629 0.0485072 0.0376053 -0.00688692 0.0453068 0.147089 0.0499477 0.0518036 0.0550065 -0.0148399 -0.0171901 -0.0115267 0.0425567 -0.0120011 0.00360873 0.0289269 0.0433735 0.110218 0.0880292 0.0689729 0.00997615 0.0391498 0.063769 0.010704 0.0333616 0.0613414 0.00414813 0.0490049 0.108967 0.017453 0.119997 0.0505044 0.0863943 0.00669047 0.0471355 0.120954 0.0257565 0.047768 0.125738 0.0430112 0.00397834 0.0458069 -0.0377598 0.0637799 0.0625704 0.0774166 0.0722327 0.162618 0.029723 0.02251
internal_weight=13838.5 6165.7 7672.82 2646.71 3188.66 806.02 3518.98 1737.75 1944.42 1263.04 1429.43 2382.64 2301.07 1362.06 321.798 702.299 681.371 17.9261 282.735 51.453 214.024 484.223 1364.43 650.846 663.445 1114.2 407.757 230.986 189.681 53.0005 49.5832 45.4371 171.739 88.2952 219.664 980.309 219.995 115.761 760.314 107.83 67.3757 136.68 12.2194 526.704 95.4852 308.321 44.2097 15.3782 83.4919 63.3639 19.5322 1144.48 76.4934 1067.99 936.638 1781.23 1744.26 217.577 16.2446 7.72442 118.539 112.754
internal_count=786066 142417 643649 96530 219428 44822 45887 31477 61476 47389 21942 174606 169797 20825 10735 35054 14087 459 5239 1311 6691 34087 99865 33743 13628 80615 29307 15836 12858 3462 3195 3044 10770 5444 3892 42150 7972 3504 34178 3257 1117 9396 606 10461 2224 9535 2258 763 5095 3993 1194 18725 1928 16797 69932 14410 14142 2100 999 427 4467 4369
is_linear=0
shrinkage=0.05


Tree=13
num_leaves=63
num_cat=0
split_feature=17 17 1 25 49 49 35 40 38 17 49 36 49 42 42 52 4 40 23 40 41 23 39 4 49 49 28 52 39 29 13 35 49 39 40 49 4 38 41 37 37 49 50 52 35 52 40 39 23 23 19 50 25 29 49 55 50 36 38 40 36 23
split_gain=6530.98 727.143 662.593 282.951 255.588 199.621 159.62 156.931 195.677 141.199 153.463 125.406 110.351 103.652 86.843 85.5381 108.584 158.252 190.881 83.5023 76.1683 67.9824 67.3335 64.3624 63.4027 65.1573 60.854 60.6504 59.6823 73.2993 59.4061 72.5384 73.5642 61.9351 73.24 70.5422 69.6798 58.224 62.2369 70.1391 56.6035 55.9589 107.09 79.1357 77.2029 58.5791 55.7814 59.0036 117.777 83.8435 92.9867 58.4878 54.4404 57.1191 53.6766 53.6354 53.2959 52.8065 51.9271 70.8251 50.4799 48.9671
threshold=-15.521656036376951 -3.4146156311035152 285.08775329589849 15.524666786193849 255.59030914306643 255.95982360839847 4.1689391136169442 -0.56863403320312489 -27.64705657958984 -0.37291717529296869 270.38075256347662 229.11765289306643 290.50280761718756 9.1083374023437518 5.5677032470703134 95.494766235351577 265.57122802734381 9.823524475097658 -41.070903778076165 1.6078262329101565 1.7879408597946169 -27.443965911865231 -11.30936813354492 224.18321228027347 282.48001098632818 254.46063232421878 -2.6697201728820796 70.743980407714858 -20.072621345520016 3.3729181289672856 0.66212463378906261 37.578380584716804 256.60597229003912 -1.2745085358619688 2.1764755249023442 264.55642700195318 207.11548614501956 -13.529411315917967 8.3977231979370135 281.79013061523443 231.20188903808597 259.93206787109381 106.65961074829103 27.083936691284183 5.5587663650512704 23.573870658874515 14.078437805175783 -32.602762222290032 -40.173328399658196 -35.767166137695305 -34.663370132446282 222.99001312255862 9.9617681503295916 3.1530771255493169 267.56375122070318 -0.37940952181816096 80.144050598144545 230.88235473632815 -1.117652893066406 19.470581054687504 230.88235473632815 -42.176364898681634
decision_type=2 2 2 2 2 2 2 2 2 2 2 2 2 2 2 2 2 2 2 2 2 2 2 2 2 2 2 2 2 2 2 2 2 2 2 2 2 2 2 2 2 2 2 2 2 2 2 2 2 2 2 2 2 2 2 2 2 2 2 2 2 2
left_child=2 3 7 5 58 22 27 8 -1 10 19 -8 15 -5 -10 37 -17 -18 -19 -6 26 -12 28 -13 25 -15 -16 -7 29 -2 31 32 -11 34 -34 -36 -37 46 60 -40 -23 42 44 -44 -21 -46 51 48 -48 50 -50 -9 53 -30 -43 -32 -35 -54 59 -3 -39 -28
right_child=1 4 -4 13 9 6 11 12 14 30 21 23 -14 24 20 16 17 18 -20 41 -22 40 -24 -25 -26 -27 61 -29 52 -31 55 -33 33 56 35 36 -38 38 39 -41 -42 54 43 -45 45 -47 47 -49 49 -51 -52 -53 57 -55 -56 -57 -58 -59 -60 -61 -62 -63
leaf_value=-0.021654011877953488 0.1237469081766765 0.081262520329002164 -0.047909046750796436 -0.012996971090035054 0.051861446489908071 0.047115967081769863 0.033939649614447648 -0.035978804792982336 -0.0021432605337744397 0.1074699912062872 0.011285259740390699 0.14482695414285271 0.059525191642366193 0.11049014225414232 -0.015739098635020932 -0.044815533947528671 0.017444538969763612 0.46809110970932499 0.069698088298352334 0.13496966184488002 0.0078643797454631265 0.042714999484670564 0.043649698820532025 -0.0017086571289357654 0.14230029151733684 0.010408993616668076 0.15031023947531288 -0.01494079549105632 0.13495242795636006 -0.023181941312946461 0.1024806151342984 0.023339420416174258 0.065433283808652043 0.061323534185299837 0.0017166035956755758 0.099395682755942849 0.030380189483791082 0.17603253566648316 -0.024033911216003748 0.21002955842300641 0.078858740215385276 -0.012985943561980053 0.132856200853253 0.015413714365269629 -0.0016219260249848635 0.04868637193185333 -0.032799129872040367 -0.038947718020587219 0.095832986293166472 -0.012858409162054114 0.36225602384199812 0.028589146684163028 0.10225670067784146 0.035569503756876723 0.024608437877552559 0.056915354326611906 0.11898612027381697 0.24019507969402057 0.090748544656907515 0.030503122599618068 0.022379991216114885 0.06352587753754195
leaf_weight=522.02026305627078 14.993507863953708 186.20569601468742 4081.9149574302137 809.33639172464609 179.75890555791557 551.20644932799041 398.90222774539143 1563.0352585250512 195.02441830653697 65.258082518354058 75.905331326648593 7.5644712001085272 38.027470952831209 18.204982286319137 21.210583655163646 33.407330642454326 34.424318298697472 4.9104136442765594 7.754945398308335 13.128838287666438 101.11294276919216 197.43409539014101 123.70833601802588 798.90422589331865 11.515841429121791 152.44964190851897 18.761859112419188 42.401478759944439 32.6442348677665 19.564766583964229 113.7284067068249 204.90458161383867 219.61951353028417 195.27406670898199 143.11610721237957 49.223026674240828 142.30172327533364 5.8922241479158393 195.91009185742587 3.253769793547689 239.99555551819503 252.60059314593673 38.007987346500158 23.037933024577796 228.01949471142143 77.540300009772182 47.426396125927567 68.248823551461101 25.767667942680418 15.854437974281607 3.7519091367721584 35.877909492701292 13.010293809697034 25.950956868939102 152.12765172310174 149.45709710940719 50.418929409235716 14.866793463937936 364.17868040129542 108.92029393557459 57.596852076239884 121.6021850630641
leaf_count=41325 197 1499 405253 41518 1803 10225 10301 125524 10772 584 1397 192 2442 170 650 2361 2450 254 317 118 5153 2306 1093 38659 288 6685 726 948 277 716 566 1662 1607 1255 1860 401 1743 152 13086 170 3656 6793 519 424 5629 1609 3772 5284 1487 1199 253 2560 151 432 2951 855 285 303 1774 1273 2903 2909
internal_value=-0.00185024 0.0344645 -0.0346489 0.0165905 0.0500983 0.0272238 0.0214601 -0.0173054 -0.000730282 0.0435264 0.0328811 0.0110083 -0.0248897 -0.00532714 0.0231332 -0.026416 0.0241298 0.0730424 0.224157 0.0211237 0.041899 0.0549656 0.0695904 -0.00033419 0.0287479 0.0210854 0.0631977 0.0426832 0.0961051 0.0405648 0.0553235 0.0500894 0.0564245 0.0522604 0.0429975 0.0282732 0.0481176 -0.0284277 -0.00646807 -0.02021 0.0625452 0.0140802 0.0278669 0.0885349 0.0162457 0.0111445 -0.0317049 -0.00365726 0.0222966 0.0798845 0.129695 -0.03453 0.118302 0.0909372 0.00114488 0.0766051 0.0731565 0.175819 0.0781166 0.0625291 0.03664 0.075126
internal_weight=13708.2 6505.39 7202.79 3035.22 3470.16 2043.72 1798.98 3120.87 979.732 2810.86 1477.56 1205.37 2141.14 991.507 457.712 2103.11 80.497 47.0897 12.6654 964.222 262.688 513.335 244.739 806.469 182.17 170.655 161.575 593.608 121.031 34.5583 1333.3 1070.12 865.211 799.953 554.26 334.641 191.525 2022.62 262.653 199.164 437.43 784.463 379.735 61.0459 318.689 305.56 1759.96 161.049 92.8004 45.374 29.5196 1598.91 86.4723 58.5952 404.728 263.186 245.693 27.8771 659.305 295.126 63.4891 140.364
internal_count=785726 154724 631002 112155 42569 63494 60325 225749 61535 38023 27205 49152 164214 48661 20210 161772 5382 3021 571 19846 9438 7359 3169 38851 7143 6855 4285 11173 2076 913 10818 9397 7735 7151 5611 4004 2144 156390 16311 13256 5962 18043 8299 943 7356 7238 140079 11995 6711 2939 1740 128084 1163 709 9744 1421 1540 454 4546 2772 3055 3635
is_linear=0
shrinkage=0.05


Tree=14
num_leaves=63
num_cat=0
split_feature=17 1 17 42 49 53 25 54 40 38 41 14 41 51 49 36 48 40 25 36 54 49 49 54 34 53 49 40 42 55 36 49 55 54 29 11 54 49 33 42 53 42 38 40 36 42 48 54 42 42 29 48 41 49 36 48 20 29 28 49 53 49
split_gain=6079.09 636.234 611.029 273.384 255.614 205.178 165.152 152.667 147.788 110.493 205.06 102.276 105.105 95.3289 91.8362 81.6997 73.342 70.9678 67.0865 80.8956 80.5865 65.6565 92.6948 212.403 106.53 84.4341 83.0637 64.2101 97.1837 140.806 63.7411 60.5373 59.1434 57.8877 80.0791 57.0676 56.9436 56.4821 66.8586 65.0132 60.413 55.7056 54.903 63.6362 54.4978 83.399 53.3301 67.4489 53.058 87.6077 52.9298 52.7039 123.794 57.0114 51.6082 54.5562 51.5867 50.5892 60.5811 50.5567 49.8921 49.341
threshold=-15.521656036376951 284.93038940429693 -4.2366523742675772 7.5998916625976571 255.59030914306643 805.25000000000011 13.062941551208498 -1.0000000180025095e-35 15.862731933593752 -15.294105529785154 2.9944320917129521 -1.6081161499023435 8.6124472618103045 100.114559173584 290.50280761718756 211.47058868408206 0.45948058366775518 2.1764755249023442 0.3438024520874024 277.94117736816412 0.12940952181816109 275.32183837890631 270.65731811523443 0.60355338454246532 4.6857414245605478 456.79167175292974 259.72676086425787 0.78430938720703136 1.6417694091796877 0.37940952181816107 277.94117736816412 278.19204711914068 0.78656607866287243 0.78656607866287243 1.5419921875000002 259.80537414550787 0.12940952181816109 256.94619750976568 28.220335006713871 -0.42628479003906244 224.02777862548831 5.4705276489257821 -1.117652893066406 19.470581054687504 215.00000000000003 2.1964111328125004 -0.22978341579437253 0.12940952181816109 4.7956237792968759 2.8171539306640629 4.7926559448242196 0.11192005872726442 18.908981323242191 256.94619750976568 219.11765289306643 0.6928243637084962 -17.432997703552243 16.001280784606937 16.898071289062504 263.99104309082037 42.100000381469734 276.58561706542974
decision_type=2 2 2 2 2 2 2 2 2 2 2 2 2 2 2 2 2 2 2 2 2 2 2 2 2 2 2 2 2 2 2 2 2 2 2 2 2 2 2 2 2 2 2 2 2 2 2 2 2 2 2 2 2 2 2 2 2 2 2 2 2 2
left_child=1 5 3 6 42 9 21 8 16 13 -11 12 32 14 18 -10 44 56 19 -1 57 22 25 24 -24 26 33 28 -7 -30 48 -17 59 34 -2 -23 -8 39 -39 -14 -41 50 43 -4 45 -6 47 -27 49 -16 -13 -19 53 -53 55 -54 -5 -20 -59 -9 -18 -15
right_child=2 -3 4 17 7 27 36 11 15 10 -12 41 37 61 30 31 60 51 20 -21 -22 35 23 -25 -26 46 -28 -29 29 -31 -32 -33 -34 -35 -36 -37 -38 38 -40 40 -42 -43 -44 -45 -46 -47 -48 -49 -50 -51 -52 52 54 -55 -56 -57 -58 58 -60 -61 -62 -63
leaf_value=0.002803381646542643 0.11301521756392204 -0.047438508181750598 0.07175421689016126 0.043762671299659689 0.020062610341730378 -0.00070999288460577492 -0.0036239903682177953 0.01151192034948792 0.03959733717785538 0.062136184170503317 -0.015596115248314432 0.083225573863807689 -0.016651912546518707 -0.024075329416281783 0.080615681971771977 -0.022769222287198597 0.027516105360346755 0.0032800130202687199 -0.025329265808021664 -0.040148591449057344 -0.04194674763828618 -0.03225787801355768 0.054325154779237654 0.11563153843191343 -0.027460623593818519 0.02206438299669234 -0.011139025504457363 0.0082087513751584254 0.28815117574631421 0.073945416587859067 -0.020980940991869992 0.051149348021250457 0.081586230221594808 -0.044748663825830037 0.024500467280888824 0.01608739087029129 -0.031616602826365491 0.024268798557242715 -0.022906951603262397 0.05184934131327839 0.15625315626350894 0.10545904221452801 0.084678120637255869 0.027298782247542841 0.018541422490902296 0.076154802007623978 0.013681087887947682 0.16827679147961863 -0.0056182173260059939 0.33890393212117742 0.050917201722791898 0.15590345960833321 0.11964786288071566 0.063768818093678403 0.0072113410912859723 -0.0047461903051697236 0.08844364536876953 0.15372978192436357 0.0015901835697942901 0.063139354748090598 0.077765104528152107 0.047142725908090252
leaf_weight=335.88163514249027 31.532774856314063 3926.2464410411194 254.96023362036794 262.40288577973843 138.55045833066106 22.840690936893225 469.20549165736884 89.277796443551779 93.730654008686543 110.48417240660638 365.57992082741112 149.83469054475427 23.202588770538568 37.376036116853356 13.280455828644341 245.23449838347733 73.217270056717098 175.38237228803337 737.5602955436334 162.73406448028982 948.64453955832869 114.17003594432026 84.613463241606951 80.021880332380533 75.203770426101983 13.02387983445078 301.82749417517334 55.751614241860807 10.277184194885193 30.26282359380275 21.865597618743777 31.225288268178701 141.79725939966738 22.155704371631145 134.72445820365101 131.17230309266597 296.46926087047905 314.34468490071595 98.680142223834991 51.735000216402113 18.924465642310679 60.185615558177233 382.89864510670304 117.64397611282766 468.75047925207764 127.01771527528763 24.878917605616152 20.000507519580424 8.8391864858567697 4.3611128563061348 823.45310543850064 20.932790415361524 22.692422177642584 84.841757383197546 203.48174047097564 14.412276735529302 85.69746720790863 7.0098406160250297 98.298977337777615 101.13917681388557 151.85096498765051 69.623700576834381
leaf_count=20363 368 408259 2096 4697 1029 1369 24260 1126 899 2140 24234 833 532 2766 723 7573 1722 5937 59781 14236 78016 4445 1635 1839 3489 385 13060 3342 400 1024 1670 508 1220 971 3414 5493 17028 7207 3076 743 258 360 1828 1407 7837 955 969 516 564 267 6373 368 310 3563 8827 451 868 318 7453 1183 3172 4187
internal_value=-0.0015318 -0.0341415 0.0327531 0.014264 0.0452213 -0.0169718 0.00313646 0.0390491 0.0260926 -0.0195946 0.00244387 0.0482485 0.0352803 -0.0238849 -0.0259965 -0.000743297 0.0364476 0.0372779 -0.0274362 -0.0112149 -0.0319509 0.0161771 0.0232098 0.0491352 0.01584 0.0118661 0.00512196 0.0473475 0.0817751 0.128248 0.0421995 -0.0144203 0.0571388 0.0311712 0.0412884 -0.00641008 -0.0144627 0.0209541 0.0129975 0.0559658 0.0798114 0.0587776 0.0713818 0.0577181 0.028794 0.0468908 0.0689659 0.110615 0.0943686 0.144466 0.055891 0.0256124 0.0369205 0.0820023 0.0171002 0.0713305 0.0547625 -0.0207006 0.0117173 0.0389336 0.0614185 0.0222656
internal_weight=13593.4 6966.92 6626.5 2668.84 3957.65 3040.67 1799 3202.15 1329.58 2921.54 476.064 1872.57 839.101 2445.48 2338.48 370.19 959.387 869.844 2290.13 498.616 1791.51 1033.33 787.983 239.839 159.817 548.144 490.24 119.132 63.3807 40.54 48.3464 276.46 332.214 188.413 166.257 245.342 765.675 506.887 413.025 93.8621 70.6595 1033.47 755.503 372.604 734.319 265.568 57.9033 33.0244 26.4808 17.6416 973.288 521.743 346.361 105.775 240.586 37.1047 348.1 842.869 105.309 190.417 225.068 107
internal_count=785942 631112 154830 102893 51937 222853 77872 46606 23695 216718 26374 22911 15345 190344 183391 8980 14715 25021 180167 34599 145568 36584 26646 6963 5124 19683 17813 6135 2793 1424 3224 8081 3529 4753 3782 9938 41288 11816 10283 1533 1001 7566 5331 3503 9821 1984 1870 901 1554 990 7206 19456 13519 3931 9588 761 5565 67552 7771 2309 4894 6953
is_linear=0
shrinkage=0.05


Tree=15
num_leaves=63
num_cat=0
split_feature=17 2 36 28 49 53 49 40 5 12 40 54 49 38 47 42 38 12 52 52 40 49 31 26 42 48 40 50 49 48 52 48 40 54 28 51 53 49 22 40 38 49 49 24 4 42 14 23 49 36 48 22 23 48 17 55 38 46 5 17 42 48
split_gain=5544.67 602.183 561.737 293.57 212.863 202.066 141.893 116.982 115.253 112.899 150.646 105.384 100.121 129.636 138.193 99.6408 87.6374 86.7399 82.2076 81.0459 77.1302 76.2172 72.6217 81.1143 89.763 109.674 69.785 69.7211 68.2186 85.9401 67.5389 69.4277 120.41 70.5207 77.1905 69.2538 64.3677 63.4387 62.1674 61.5387 168.362 98.3534 130.744 88.6107 83.5223 69.5945 69.7947 92.1895 60.3419 59.92 53.8047 79.1955 59.4358 53.2491 51.5395 51.4839 49.3973 62.8342 48.0543 59.1448 47.8283 61.3065
threshold=-16.313554763793942 284.64483642578131 224.41176605224612 2.3177595138549809 255.32789611816409 812.47619628906261 247.43756103515628 14.901954650878908 231.42743682861331 1.0000000180025095e-35 15.215675354003908 0.37940952181816107 265.70214843750006 -33.529396057128899 -2.8623459339141841 4.6245574951171884 -0.70587921142578114 -47.069007873535149 39.807723999023445 4.3194870948791513 30.470588684082035 258.72836303710943 -0.23926734924316403 -1.3923263549804685 0.024215698242187503 -0.25980782508850092 0.78430938720703136 63.063163757324226 271.22605895996099 0.30385869741439825 68.036495208740249 0.11192005872726442 4.0195922851562509 -1.0000000180025095e-35 4.5606374740600595 12.188506603240969 233.16666412353518 255.59030914306643 -2.5371886491775508 14.352943420410158 -30.529418945312496 267.78880310058599 266.77218627929693 2.5043964385986333 252.74629211425784 15.692214965820314 -27.046791076660153 -38.007251739501946 261.63801574707037 267.35295104980474 0.1445879936218262 -13.97048759460449 -19.552419662475582 0.26878702640533453 1.1571083068847658 0.60355338454246532 -1.117652893066406 4.0758953094482431 246.68986511230472 -13.595260620117186 2.6427536010742192 -0.36422622203826899
decision_type=2 2 2 2 2 2 2 2 2 2 2 2 2 2 2 2 2 2 2 2 2 2 2 2 2 2 2 2 2 2 2 2 2 2 2 2 2 2 2 2 2 2 2 2 2 2 2 2 2 2 2 2 2 2 2 2 2 2 2 2 2 2
left_child=1 5 4 17 56 11 -5 8 36 10 30 12 -1 -14 -15 -10 54 -4 37 26 27 50 23 -13 25 -25 55 -18 -23 -30 31 32 33 34 60 -33 -8 -19 -32 43 -41 42 -42 49 -44 -45 -47 -48 -29 -16 -17 52 -52 -11 -12 -7 57 -2 -31 -60 61 -6
right_child=2 -3 3 6 9 19 7 -9 15 53 16 22 13 14 39 21 20 18 -20 -21 -22 28 -24 24 -26 -27 -28 48 29 58 38 35 -34 -35 -36 -37 -38 -39 -40 40 41 -43 44 45 -46 46 47 -49 -50 -51 51 -53 -54 -55 -56 -57 -58 -59 59 -61 -62 -63
leaf_value=-0.041054109806349964 0.041757336996864118 -0.048034697980994578 -0.029245880459503132 0.056411872949509091 0.060435526234744533 0.23829799774116345 0.013852006302984991 -0.022717335984349808 -0.01694341502255035 0.045314303542315242 0.00065379562585025984 -0.020585532412534066 -0.028397520230714915 -0.03463666224012571 0.047756811466469137 0.004107277762108519 0.030623110201339173 0.12514332471336967 -0.0038232689404317081 0.016909179559458958 0.010903144605756546 -0.01210964016354894 -0.036397245617466774 0.063832991235602821 0.020462289551674586 0.42405602085260546 0.032241674623773829 0.10815404183565649 -0.00027282919564351288 0.048056678874533021 -0.028026869373303329 0.034771658374749069 0.012060917151283216 0.060860438660930077 -0.0059673906262102394 0.077169438954976521 0.046971293592195526 0.047172189274097831 0.085756555402499157 0.20962292373614219 -0.033982598139857649 -0.023458367318914028 0.46048748016178465 -0.013766001847300894 0.11070103294995133 0.018283919508244924 0.34284766477206791 0.04762593043492433 0.020231236140970443 -0.0052624288810512402 0.047656762752446472 -0.051840724502663318 0.17972962532089801 0.083825555359940684 0.13405467716251421 0.083280168875002378 0.079589805250683182 0.08973025559682081 0.044290554342174583 0.23335342921268498 0.063035041450120177 -0.003873133549999862
leaf_weight=256.48568273242563 272.31104542315006 3576.3050970090553 41.947826454415917 128.53878469578922 65.852264519780874 11.61874091345817 550.9554127221927 383.78896599635482 578.4357836926356 192.01488027349114 477.78218324668705 140.6326836925 481.23631650023162 192.29340054746717 179.6752597251907 24.71952183265239 153.33107523620129 27.200670721940696 78.234460730105639 70.772482072003186 213.25085934996605 235.27934226114303 1060.9026447748765 5.6705434378236532 33.423939373344183 3.3680252274498326 17.407556237652898 72.349025877192616 108.97625849023461 61.073156257160008 58.221787557005882 149.86041030939668 319.30347588285804 480.84070182684809 98.31228081882 269.56837366055697 199.94590021576732 637.2557866582647 15.122594440355895 14.465547089464961 5.9927355879917723 38.491645129397511 3.4222499830648303 377.43790993466973 3.4042736338451505 70.121796775609255 4.057405149564147 7.5931943785399181 26.722084315493703 75.759433519095182 14.074184829369186 7.4309396911412469 21.579576415941119 168.54738848470151 7.3518122192472211 9.936852107755838 378.56672260910273 91.088255646638572 7.8433071095496443 8.7529824431985599 168.20655004493892 84.762661643326283
leaf_count=19611 2120 391316 1607 1047 488 291 17915 21915 32645 1030 13600 9771 42850 14885 6380 761 1639 164 1787 3811 2037 11843 86922 406 2043 207 908 580 4643 2439 935 2318 5256 3862 1235 4033 5537 12136 115 598 466 2804 222 29939 221 5255 182 419 304 5168 604 238 392 862 87 366 1741 767 428 307 1368 700
internal_value=-0.00150658 -0.0340975 0.0299525 0.0142507 0.0429534 -0.017831 0.00534739 0.00236772 0.0076602 0.0370606 0.0335028 -0.0203055 -0.0122522 -0.00717137 0.00332996 -0.002892 0.0175475 0.0407051 0.044656 0.048792 0.0330419 0.0137046 -0.0313785 -0.00229864 0.0582662 0.198062 0.106704 0.0517465 0.00579728 0.0283701 0.0423739 0.0444773 0.0384325 0.0478097 0.0327659 0.0620209 0.0226708 0.0503641 -0.00456631 0.0126848 0.0589644 0.0164908 0.136444 0.00842521 0.286055 -0.00470592 0.0371128 0.150439 0.0844389 0.0320318 0.0629094 0.0966467 0.127594 0.0633167 0.00267538 0.166837 0.0669497 0.053782 0.0685584 0.144003 0.0447097 0.0242441
internal_weight=13519.9 6640.48 6879.4 3116.03 3763.37 3064.17 2331.39 2202.86 1819.07 3021.4 2660.84 2954.43 1710.44 1453.95 972.715 1068.17 950.787 784.639 742.691 109.736 465.653 489.729 1244 183.095 42.4625 9.03857 38.9631 252.402 421.925 186.646 1710.05 1636.71 1217.28 897.974 417.134 419.429 750.901 664.456 73.3444 780.421 65.7765 51.3109 12.8193 714.645 6.82652 459.21 81.7724 11.6506 99.0711 255.435 67.8042 43.0847 35.6538 360.562 485.134 21.5556 741.966 363.399 77.6694 16.5963 318.821 150.615
internal_count=786526 625041 161485 116408 45077 233725 100714 99667 77752 40449 38557 228349 129000 109389 66539 54300 18247 15694 14087 5376 4560 21655 99349 12427 2656 613 1565 2523 19660 7817 20310 19260 12909 7653 3791 6351 23452 12300 1050 51654 4311 3713 909 47343 443 35795 5856 601 884 11548 1995 1234 996 1892 13687 657 4628 2887 3174 735 2556 1188
is_linear=0
shrinkage=0.05


Tree=16
num_leaves=63
num_cat=0
split_feature=38 2 38 40 52 50 38 41 41 52 17 36 28 54 17 39 36 55 20 28 37 47 16 51 47 39 38 54 39 36 37 40 36 54 33 40 39 19 52 41 41 12 4 17 36 38 37 54 23 7 41 0 50 40 54 55 43 39 23 15 37 14
split_gain=5172.83 666.435 466.565 213.975 151.547 116.624 116.227 114.731 108.735 95.2405 90.8451 86.2294 126.256 80.0043 75.7289 66.9121 65.3583 57.5516 55.1841 59.7932 55.1644 56.9528 52.6387 51.7931 51.682 50.9425 50.4101 50.2235 82.0859 54.6033 49.6572 64.879 53.4182 51.1437 47.7937 43.9696 83.5828 55.7722 44.8775 42.2424 52.0921 42.0778 52.155 43.4645 40.0964 39.4416 35.7571 35.1801 63.9753 47.4599 51.3234 39.1687 37.8984 35.078 38.8209 35.3873 36.8027 47.5205 36.2684 62.9964 34.8041 47.0174
threshold=-13.529411315917967 284.64483642578131 -4.0588226318359366 13.843116760253908 57.570123672485359 94.038017272949233 -37.411766052246087 3.0491439104080205 2.5136741399765019 4.3194870948791513 -29.496982574462887 215.00000000000003 18.328046798706058 -1.0000000180025095e-35 -11.750988006591795 -29.985479354858395 272.05882263183599 0.78656607866287243 -36.993244171142571 1.6735315322875979 282.24038696289068 -1.8748136758804319 -5.1181564331054679 62.29881668090821 -3.8804817199707027 -35.968046188354485 -32.647064208984368 0.37940952181816107 -4.3369648456573477 218.529411315918 250.22149658203128 -1.7646942138671873 233.23529815673831 -1.0000000180025095e-35 14.442126750946047 9.9608001708984393 -44.038488388061516 -47.503875732421868 73.961242675781264 35.060516357421882 27.517063140869144 -44.327913284301751 248.75048828125003 -5.0978469848632804 236.76470184326175 -6.7058792114257804 259.85839843750006 0.60355338454246532 -44.224159240722649 278.38700866699224 1.0000000180025095e-35 273.57818603515631 29.382458686828617 1.9411621093750002 -0.7865660786628722 0.37940952181816107 -6.9086914062499991 -11.30936813354492 -20.082290649414059 -15.532854080200194 279.35729980468756 -26.240388870239254
decision_type=2 2 2 2 2 2 2 2 2 2 2 2 2 2 2 2 2 2 2 2 2 2 2 2 2 2 2 2 2 2 2 2 2 2 2 2 2 2 2 2 2 2 2 2 2 2 2 2 2 2 2 2 2 2 2 2 2 2 2 2 2 2
left_child=1 5 3 8 11 6 -1 10 30 34 -8 -4 18 16 24 47 -9 -6 -13 -20 21 -18 -15 41 -10 -5 -23 29 -29 -14 32 -32 -2 -33 -7 -11 37 -37 -39 40 -30 -16 43 44 53 60 -44 48 -12 50 51 52 -50 54 -43 56 -55 58 -58 -60 -26 -62
right_child=2 -3 4 25 17 9 7 13 14 35 15 12 27 22 23 -17 20 -19 19 -21 -22 26 -24 -25 45 -27 -28 28 39 -31 31 33 -34 -35 -36 36 -38 38 -40 -41 -42 42 46 -45 -46 -47 -48 -49 49 -51 -52 -53 -54 55 -56 -57 57 -59 59 -61 61 -63
leaf_value=-0.041473442164120723 0.095355018048730852 -0.047942264439264859 0.050299865504063894 0.15775065709974267 -0.019997824492699282 0.10013082159123071 -0.019662589713049017 -0.015109475884476649 -0.033150510097451034 -0.0074935631853133905 0.22222168499763972 -0.015683814438694973 0.02491587181628185 -0.034751827711257698 -0.015186272616043725 -0.0070408264368098028 -0.0054418524738416834 0.04627003984025875 0.074749422891088477 0.04156411923888767 0.002039310515157754 0.058007010905986214 0.057021020674718731 -0.0083561429609336126 -0.0025238046444113205 -0.020315789066261261 0.23812798506841354 0.0001943114161502247 0.11003314683778563 -0.011067483721709955 0.036450265892631034 0.055702402490984772 -0.017113349397028643 0.12702762996247488 -0.037867834456269664 0.019220270936383361 0.011828105871427283 0.12893646561996572 0.386007704875373 0.14817832124494595 0.022281225765925904 0.11888643075197905 0.02941361391718051 0.03631579012419945 -0.0031425049007117027 0.047771896302592598 0.13365944588325693 0.010041849329513609 0.097660056283646671 0.0012839480396245502 0.040693363995745163 0.05750995923746563 0.25901435222306046 -0.014826338213811472 0.036017155505129329 0.00035428772827940971 0.026230738938405676 -0.0016960801592331249 0.22250316042271068 0.062335716135185619 0.011323629113833986 0.16525776123349367
leaf_weight=536.27081738598645 13.396677749231456 3414.7485623164102 1899.3164416309446 4.0549823455512515 137.05611236020923 35.589400422759354 270.22391125932336 612.15046529471874 99.57366693392396 439.21465990226716 5.2918344466015688 37.786348391324282 209.20088095217943 840.54339871183038 64.208625752478838 150.83335700258613 8.6776464832946676 43.056273585185409 154.74075198546052 1105.2962931040674 40.701865679584444 7.2637604568153611 15.92082568630576 133.55521564185619 360.35318558290601 424.07908460311592 8.3495388636365515 71.430088769644499 27.699874520301819 212.53726370632648 162.60776521172374 56.650571315549314 49.819610314443707 45.175099643878639 7.6170945828780523 4.2785007711499929 62.640848215669394 3.6190261673182231 3.1978099728003144 15.243051882833241 43.425606898963451 15.979717859998344 14.650387165136634 484.23118195869029 184.46668379940093 51.712134311906993 18.758462652564049 80.154087008908391 7.227117810398342 42.269873445853591 62.113155145198107 12.223430953919886 7.3302108105272055 39.485463017597795 122.25344902835786 187.69104466121644 68.339466015808284 54.929330887272954 6.7162936348468056 71.440274768508971 15.231192862614991 7.3563935263082376
leaf_count=50371 118 391385 14053 183 2322 1238 20778 47046 6129 31792 261 693 3485 68963 1891 6812 525 397 976 15318 3305 382 318 4228 20386 23093 209 1952 315 7616 1911 716 1060 611 413 315 4264 302 128 167 703 293 454 9909 8169 1768 541 3956 225 1933 2349 432 218 1803 2306 6119 2579 2152 103 2787 908 263
internal_value=-0.00134435 -0.0325009 0.0296495 0.0138579 0.0406516 -0.0163448 -0.0206285 -0.0154801 0.0198309 0.00450957 0.00234421 0.0427885 0.0351893 -0.0228914 0.0154588 0.0185284 -0.0100479 -0.00415634 0.0438541 0.0456395 0.0376255 0.0972537 -0.0330459 0.0213293 -0.000658557 -0.0186293 0.15433 0.0157854 0.0398486 0.00678186 0.0465314 0.0560487 0.00672074 0.0873459 0.0758023 -0.00149551 0.0342323 0.16072 0.24953 0.0726442 0.0564563 0.0243032 0.0263014 0.0246345 0.0171056 0.00678495 0.0879458 0.0363332 0.0517767 0.0449001 0.06564 0.123499 0.178909 0.023695 0.0455968 0.0166312 0.0293124 0.037965 0.0528361 0.0760995 0.0012501 0.0614574
internal_weight=13392 6678.45 6713.5 2756.72 3956.79 3263.7 2707.55 2171.27 2328.58 556.157 637.667 3776.68 1877.36 1533.61 2000.93 367.443 677.143 180.112 1297.82 1260.04 64.9928 24.2909 856.464 1466.71 534.227 428.134 15.6133 579.537 157.799 421.738 327.65 264.433 63.2163 101.826 43.2065 512.951 73.7362 11.0953 6.81684 86.3685 71.1255 1333.15 1268.94 1235.53 751.302 434.653 33.4088 216.61 136.456 131.164 88.8939 26.7808 14.5573 566.835 138.233 428.602 240.911 201.425 146.496 78.1566 382.941 22.5876
internal_count=786397 637920 148477 100480 47997 246535 208083 157712 77204 38452 36964 45278 31225 120748 72788 16186 51467 2719 16987 16294 4421 1116 69281 43334 29454 23276 591 14238 3137 11101 4416 3238 1178 1327 1651 36801 5009 745 430 1185 1018 39106 37215 36220 26311 23325 995 9374 5418 5157 3224 875 443 18142 2599 15543 9424 7621 5469 2890 21557 1171
is_linear=0
shrinkage=0.05


Tree=17
num_leaves=63
num_cat=0
split_feature=17 1 17 30 53 36 52 54 28 38 47 11 19 4 55 29 30 17 42 35 28 55 53 55 47 43 7 17 41 5 29 33 11 36 21 44 52 46 29 41 55 51 29 29 54 36 53 36 45 5 44 41 45 52 33 52 5 52 41 5 36 53
split_gain=4613.25 585.485 420.066 202.414 132.3 125.443 118.647 98.9967 87.552 78.7874 93.581 95.7637 77.1282 74.8007 72.733 68.5054 68.0283 67.75 72.0279 70.0908 66.9111 66.4435 74.2723 66.2043 61.0374 55.985 103.123 202.931 54.5191 75.5287 74.5824 97.77 80.5466 66.3989 65.1696 53.8025 53.0689 49.5283 49.4169 46.9361 47.872 51.1038 47.9655 69.9632 46.7835 46.5625 44.53 43.9438 43.4589 43.0509 42.8061 42.6757 42.3294 66.8465 49.4179 41.4036 41.3197 41.226 75.0962 40.0333 39.0108 61.4506
threshold=-16.67778396606445 284.64718627929693 -3.6867256164550777 8.8630990982055682 805.25000000000011 230.88235473632815 41.616329193115241 0.37940952181816107 20.448509216308597 -35.411766052246087 -2.8623459339141841 288.96626281738287 -48.630193710327141 259.53623962402349 0.78656607866287243 3.6545486450195317 -0.14736080169677732 -0.70683670043945301 2.8171539306640629 5.5587663650512704 -2.7726707458496089 1.0000000180025095e-35 167.91667175292972 -0.6035533845424651 -6.9151558876037589 -0.92643737792968739 278.38700866699224 -33.430528640747063 3.236747264862061 265.66770935058599 14.724085807800295 23.331644058227543 267.44580078125006 242.64705657958987 -44.651651382446282 -6.2618751525878897 45.53399848937989 5.2415313720703134 1.6641530990600588 25.773903846740726 -0.7865660786628722 8.0063235759735125 15.019815444946291 10.319821357727053 0.78656607866287243 219.11765289306643 1193.0000000000002 232.64705657958987 1.2835063934326174 250.52107238769534 -2.6231346130371089 21.296781539916996 -0.35864257812499994 18.143910408020023 6.9426734447479257 4.2768795490264901 238.83087158203128 92.846775054931655 18.125390052795414 233.6683044433594 280.88236999511724 1089.1666564941409
decision_type=2 2 2 2 2 2 2 2 2 2 2 2 2 2 2 2 2 2 2 2 2 2 2 2 2 2 2 2 2 2 2 2 2 2 2 2 2 2 2 2 2 2 2 2 2 2 2 2 2 2 2 2 2 2 2 2 2 2 2 2 2 2
left_child=1 4 3 12 7 8 17 9 23 57 -11 28 -2 -7 -8 -13 20 19 -19 -4 -9 52 35 39 -21 26 27 -22 29 34 47 32 -32 -34 -12 -23 46 -35 44 40 56 -42 43 -43 -37 -25 -24 49 -15 -30 -45 -47 -14 54 -54 -6 -5 -1 -59 -40 61 -3
right_child=2 60 6 5 55 13 14 16 -10 10 11 15 21 48 -16 -17 -18 18 -20 24 25 22 36 45 -26 -27 -28 -29 30 -31 31 -33 33 37 -36 38 -38 -39 59 -41 41 42 -44 50 -46 51 -48 -49 -50 -51 -52 -53 53 -55 -56 -57 -58 58 -60 -61 -62 -63
leaf_value=-0.035621499442999548 -0.031538151570467569 -0.037639018391266758 0.053035918150905005 0.031116249505530609 0.090249251514637086 -0.013367295607190025 -0.013082476225468462 -0.047206775600847219 -0.019493178782121409 -0.033803165571940776 0.21207650888488289 0.033822787312799404 0.036702051358731967 0.039018068174820758 0.05173897795154591 0.30959499929716983 -0.035170399363820208 0.040228570534497562 0.063418147061181901 0.057910787889481154 0.42730383816643747 0.042623319295588047 0.044964808638120801 0.055150159305661875 0.023951555132048767 0.0023144601015642869 -0.027804039523090768 0.029693479661701778 -0.0059412714326037789 -0.0060897730833583859 -0.024204629022133429 -0.012157276000897062 0.31807501366292074 0.12400652741133114 0.036837962570841855 0.034450162726817918 -0.0059910561120508493 -0.0052935214340893155 0.013493297951940202 0.0068855857199285973 -0.00093018897986660342 0.037432365054704618 0.02774501342322206 0.25857287470104046 -0.013305476882338031 0.017139192941324037 0.12392139497083327 -0.018564166479032397 0.20583161536889977 0.17231776405476118 0.11709313243497743 -0.017578186855085807 0.34020508032304109 0.039903337159483576 0.13374714192053913 0.019679886266014066 0.16460546472528509 -0.025825791692534145 0.18393495782129307 -0.021825637520693518 -0.049345112033362511 0.085844680670884826
leaf_weight=314.49592983536422 54.817695363424718 627.08100788202137 323.92343592271209 81.227698797360063 26.49375618621707 925.07437328901142 180.35066036507487 54.554998487234116 149.8752190452069 210.0700362091884 5.4974103616550556 4.7285059755668026 17.959263284690678 13.789988078176977 56.936437053605914 4.2997551625594497 911.06454343162477 1465.6739524304867 434.00931396521628 147.00647801533341 5.1180589059367767 174.00954674556851 409.44824426900595 58.569170961156487 1324.3238385021687 96.744207726791501 10.939240118488668 8.6033071717247385 7.7401196388527733 156.52056834194809 15.123671635985373 72.494605182670057 3.5199466943740836 29.35868114233017 151.97542074881494 261.4057252286002 50.076329421252012 9.9048660788685066 177.02958031836897 50.96407600864768 9.7746921889483911 8.8878917805850524 9.469390854239462 13.655800795182584 63.801104774698615 327.21142213232815 18.671640645712614 475.7535505304113 5.4465057831257573 6.0223972760140896 8.7862106729298848 121.3424077630043 4.9407269125804323 9.2197768799960595 7.0118147516623139 96.456243461929262 6.2425340823829165 13.978082098998131 6.141634475439786 146.73233314417303 2835.8171980716288 10.23955037165433
leaf_count=29606 2707 70056 2509 2960 874 53229 2843 4224 7925 16665 264 356 680 753 509 304 78175 11470 2762 1533 252 3267 9152 932 24153 6081 912 395 415 9616 1234 5370 192 1495 5705 4993 1290 773 3648 2043 347 243 408 286 1814 9227 370 38638 322 239 212 4346 169 347 322 4815 267 1051 202 6568 343057 903
internal_value=-0.00161956 -0.0332596 0.0258112 0.0123155 -0.0157841 0.0011893 0.0367438 -0.0182038 0.0151723 -0.0098228 -0.003624 0.00309938 0.0265934 -0.011338 0.00247127 0.165161 -0.0296734 0.0389448 0.0455266 0.0319801 -0.00121154 0.0289709 0.0270403 0.0226357 0.0273446 0.0194571 0.0867081 0.178002 0.00153271 0.0185073 -0.00706504 0.0265368 0.0749783 0.110039 0.0429556 0.0179344 0.0427117 0.0913885 0.0113145 0.0478928 0.0630321 0.101755 0.126356 0.156161 0.0250812 0.0132222 0.0484084 -0.0160162 0.0862487 0.0720638 0.203183 0.00774748 0.0931655 0.14106 0.219089 0.0348865 0.040643 -0.0311825 0.0382046 -0.00251362 -0.046833 -0.0356551
internal_weight=13288.4 6170.74 7117.67 3185.44 2697.6 1790.32 3932.22 2574.65 846.007 1487.63 1153.01 942.939 1395.12 944.311 237.287 9.02826 1087.02 3694.94 1899.68 1795.25 175.96 1340.31 1301.17 696.131 1471.33 121.405 24.6606 13.7214 933.911 313.993 619.918 130.402 57.9072 42.7835 157.473 822.978 478.196 39.2635 648.969 189.008 138.044 50.574 40.7993 31.3299 325.207 507.123 428.12 489.516 19.2365 13.7625 22.442 448.554 39.1316 21.1723 11.9525 122.95 87.4702 334.616 20.1197 323.762 3473.14 637.321
internal_count=786475 621869 164606 118827 207853 83500 45779 202164 29196 112125 81266 64601 35327 54304 3352 660 90039 42427 14232 28195 11864 32620 31102 21271 25686 7640 1559 647 63941 15585 48356 9064 3694 2460 5969 20290 10812 2268 17023 6766 4723 1496 1149 741 6807 14505 9522 39292 1075 654 498 13573 1518 838 491 5689 3227 30859 1253 10216 414016 70959
is_linear=0
shrinkage=0.05


Tree=18
num_leaves=63
num_cat=0
split_feature=17 1 38 31 53 52 38 33 12 40 5 52 54 27 52 41 40 39 37 38 5 40 15 5 38 11 52 55 54 40 55 50 38 29 23 4 3 39 44 39 54 36 46 53 54 40 39 47 46 24 40 36 37 44 35 27 46 23 41 47 54 53
split_gain=4252.2 598.214 392.148 182.889 139.406 101.238 95.9133 119.012 95.0602 94.4335 107.586 88.4594 73.6854 72.2494 71.0137 69.4899 97.5549 80.8168 69.1355 68.6618 67.3728 63.6955 65.1442 62.56 59.1744 59.9619 58.5528 54.4827 52.2298 49.3928 64.0259 49.197 59.0629 49.1937 85.8817 98.4012 46.9993 48.8264 58.6791 44.0419 44.2316 47.463 49.6372 41.8777 41.1546 43.4352 39.9164 39.3218 48.9083 39.2181 39.1901 41.4327 39.2626 37.1153 75.3788 87.5592 40.8232 45.8299 36.5126 36.18 37.5596 38.2697
threshold=-15.929212570190428 285.22959899902349 -3.8823471069335933 8.6260981559753436 734.65478515625011 41.616329193115241 -15.294105529785154 7.0393199920654306 -47.069007873535149 19.470581054687504 229.60315704345706 92.846775054931655 0.12940952181816109 3.6438055038452153 38.203815460205085 -0.62865552306175221 -2.1372680664062496 -37.628906249999993 255.6318054199219 -1.117652893066406 225.14548492431643 9.823524475097658 -43.047107696533196 254.348747253418 -39.176475524902337 288.70011901855474 4.3194870948791513 0.78656607866287243 0.91597560048103344 15.862731933593752 1.0000000180025095e-35 100.84975051879884 -16.17647552490234 16.001280784606937 -35.460803985595696 249.31996917724612 207.9305114746094 -19.56281757354736 4.7154693603515634 -6.9694988727569571 0.37940952181816107 217.94117736816409 -2.8071050643920894 177.12500000000003 -0.98296290636062611 1.6078262329101565 -4.3369648456573477 -2.3608226776123042 0.87364864349365245 22.778068542480472 0.27452087402343756 265.58824157714849 268.13000488281256 -2.885015487670898 0.33168412744998937 -2.0647134780883785 3.5488939285278325 -39.165376663208001 21.935365676879886 -1.4672026634216306 -0.6035533845424651 73.250000000000014
decision_type=2 2 2 2 2 2 2 2 2 2 2 2 2 2 2 2 2 2 2 2 2 2 2 2 2 2 2 2 2 2 2 2 2 2 2 2 2 2 2 2 2 2 2 2 2 2 2 2 2 2 2 2 2 2 2 2 2 2 2 2 2 2
left_child=1 4 3 8 6 13 11 59 -2 10 36 12 24 -4 18 16 -14 -18 20 29 -10 53 -23 -12 -1 33 47 -7 -22 30 58 44 -33 50 35 -35 -5 -38 43 -31 -41 -42 -43 -39 -20 -46 -29 -6 -49 -37 51 52 -26 54 55 -13 -56 -58 -15 60 61 -8
right_child=2 -3 5 9 26 27 7 -9 14 -11 23 21 15 19 -16 -17 17 -19 31 -21 28 22 -24 -25 25 -27 -28 46 -30 39 -32 32 -34 34 -36 49 37 38 -40 40 41 42 -44 -45 45 -47 -48 48 -50 -51 -52 -53 -54 -55 56 -57 57 -59 -60 -61 -62 -63
leaf_value=-0.043748385179063903 -0.027764152760035445 -0.04717276105372914 0.054825534727532627 0.10765896772337252 -0.037228520615881694 -0.010905451735645284 0.15742035562710296 -0.021691331965071281 0.063232704855472111 -0.037199692052282879 -0.007517551361672984 -0.00066956426273232124 -0.014329512030259643 0.069544712020210467 -0.0050657900866750557 -0.038874202694694618 0.2633722439692337 0.0058448954529743873 0.13582788117644748 0.040792603241342519 0.021027558245913406 0.22140382298207145 0.040611199482652488 0.13203858818590239 -0.017510224961900113 0.090489729913334843 0.0091733264488858598 0.0019423939017373542 -0.029145625485662619 -0.013019435906297569 0.022836470599414883 0.18919430437077911 0.061557665054921419 0.31607904147033916 -0.035407799766614227 0.089367913620374217 0.0042022586055750826 0.011650266351996516 0.09651284781797588 0.011447600333773074 -0.0031100717743520073 0.17659745287327955 0.056225000748287679 0.050608664953048138 0.045608022618896814 -0.0027239840418404925 0.083592068439075837 0.18180318855368224 0.059519828894985166 0.0040858911367494593 -0.025305826089019091 -0.020852274660044925 0.036199346184361096 -0.028400836990857499 -0.033346350511828798 0.3238795359347818 0.19282519646056559 -0.050720643419969347 0.036467902549846852 0.045250963435175713 -0.021778160945107674 0.0014050184484158781
leaf_weight=155.50879396963865 79.001474944874644 3212.8927443064749 495.84485213272274 14.739580512046812 6.9746856698766342 174.80226788762957 6.7123170550912645 230.31530644092709 86.533676965162158 147.71680072974414 957.90623885858804 3.9468674631789327 140.03060076851398 140.02040102146566 138.10999588668346 963.60923144221306 6.0251325415447354 6.1622417755424959 11.40337400138378 1808.3659715652466 498.60515085514635 6.9273911891505149 17.747931309975684 8.0983195863664132 53.344303517602384 14.521806771866975 129.47974489629269 28.834866477176547 57.892364049330354 121.35076529812068 599.58805245161057 12.521611792966722 32.820597066543996 3.5320208305492988 39.367772783152759 25.176123414188623 347.7146263634786 212.66962201055139 30.879869230091572 263.49910155311227 27.614162556827068 10.172479925677179 54.174231914803386 102.09391281381249 372.54159414768219 53.112212407402694 31.127403255552053 10.982739550992845 32.006109083071351 29.019028468057513 464.15899280272424 145.75010093208402 93.959708673879504 49.227295918390155 22.862282012589279 4.3892893902957422 4.9232388501986861 3.178889566101132 206.44407774601132 138.36764538381249 48.948365801014006 9.4846639502793533
leaf_count=16025 3452 402425 3066 107 281 2797 407 17323 974 9225 50748 237 11243 2388 3518 88374 288 367 346 12965 11965 180 825 327 2773 1199 7902 340 1946 4037 7302 346 638 134 3230 1265 11065 6216 571 6024 455 149 1185 2763 6850 2513 155 296 1045 1923 40895 11646 5027 3784 1639 189 333 255 3720 3897 2249 541
internal_value=-0.00164 -0.0323578 0.0245661 0.0114419 -0.0157533 0.0350485 -0.0186026 0.00292604 0.0254445 0.00112305 0.00450451 -0.0227474 -0.0250258 0.0370544 0.0287713 -0.033915 -0.00252073 0.13316 0.0329237 0.0343274 0.0221901 0.0203271 0.0913672 -0.00634761 -0.0153427 -0.0102585 0.0269155 0.003202 0.015808 0.0261106 0.0327241 0.0472316 0.0968055 -0.011971 0.0215354 0.0603685 0.0193092 0.0174311 0.0307392 0.0129884 0.0218672 0.0517231 0.0752545 0.0242865 0.0420886 0.0395773 0.0443281 0.0728939 0.0907606 0.0437033 -0.0162675 -0.0019519 0.0167491 0.000526133 0.0367596 0.170217 0.000830486 0.0972694 0.0498356 0.0307855 6.10339e-05 0.0660605
internal_weight=13205.7 6079.53 7126.2 3164.36 2866.64 3961.84 2687.2 433.828 1342.54 1821.82 1674.1 2253.37 2140.17 3727.07 1263.54 1115.83 152.218 12.1874 1125.43 3231.23 643.031 113.203 24.6753 966.005 1024.34 868.83 179.443 234.765 556.498 1422.86 946.053 482.399 45.3422 854.308 97.0949 57.7272 708.098 693.358 345.643 476.811 355.46 91.9609 64.3467 314.764 437.057 425.654 59.9623 49.9635 42.9888 54.1952 757.213 293.054 147.304 88.5279 39.3006 8.33616 30.9644 8.10213 346.464 203.513 65.1453 16.197
internal_count=786350 628197 158153 113570 225772 44583 216248 24417 32548 81022 71797 191831 184389 41291 29096 100272 11898 655 25578 38225 14885 7442 1005 51075 84117 68092 9524 3292 13911 25260 13410 10693 984 66893 6552 3322 20722 20615 9550 11850 7813 1789 1334 8979 9709 9363 495 1622 1341 3188 60341 19446 7800 6437 2653 426 2227 588 6108 7094 3197 948
is_linear=0
shrinkage=0.05


Tree=19
num_leaves=63
num_cat=0
split_feature=17 2 49 17 35 54 40 25 44 26 48 52 54 49 48 38 3 11 13 29 32 37 54 54 49 48 41 23 48 51 13 49 49 48 49 35 54 49 49 48 11 49 17 48 49 11 49 49 54 38 48 28 48 51 49 49 22 23 5 54 37 26
split_gain=3917.34 586.949 371.94 245.736 189.981 112.64 109.588 98.3871 110.741 91.2889 82.9069 81.7575 77.0754 77.3787 68.7148 74.774 80.7845 69.0675 68.3481 67.9826 72.0601 79.6207 67.6374 67.4068 89.948 62.3069 62.2868 61.8791 60.4713 59.0557 58.8456 81.6592 81.4002 97.6359 77.4917 111.316 87.9166 123.9 57.626 109.249 55.0201 70.9203 108.673 63.3598 53.1323 60.5207 53.3141 68.243 82.1644 52.6265 50.9871 50.8414 72.9016 50.7748 49.974 62.5484 64.1395 60.6399 59.0193 61.4288 53.0938 48.052
threshold=-15.929212570190428 284.64483642578131 254.46063232421878 -4.5209541320800772 5.9736292362213144 -1.0000000180025095e-35 16.19608306884766 -0.099399089813232408 -3.4604015350341792 22.150045394897464 0.50687783956527721 41.616329193115241 0.37940952181816107 265.70214843750006 0.11192005872726442 -9.176475524902342 261.03756713867193 243.90852355957034 -46.914627075195305 14.724085807800295 23.059576988220218 282.24038696289068 -0.91597560048103321 0.60355338454246532 271.22605895996099 -0.44543808698654169 7.3798115253448495 -12.098024368286131 -0.38575345277786249 62.528821945190437 -1.3323326110839842 270.15548706054693 274.13537597656256 0.80160850286483776 256.94619750976568 25.902493476867679 0.78656607866287243 261.63801574707037 272.37759399414068 -0.047472476959228509 267.44580078125006 268.11450195312506 -28.1078987121582 0.87896132469177257 274.91055297851568 259.18824768066412 268.84934997558599 259.72676086425787 0.78656607866287243 -1.117652893066406 0.81550949811935436 4.2772884368896493 -0.12414410710334776 12.830667972564699 272.01187133789068 258.38572692871099 -13.97048759460449 -19.552419662475582 227.79909515380862 1.0000000180025095e-35 240.56282043457034 -2.5346570014953609
decision_type=2 2 2 2 2 2 2 2 2 2 2 2 2 2 2 2 2 2 2 2 2 2 2 2 2 2 2 2 2 2 2 2 2 2 2 2 2 2 2 2 2 2 2 2 2 2 2 2 2 2 2 2 2 2 2 2 2 2 2 2 2 2
left_child=1 7 25 4 44 6 10 8 22 14 51 30 13 -9 17 16 -16 23 -18 -15 21 40 -1 -6 26 -2 -25 -26 -27 -30 31 34 33 38 -7 36 37 -36 39 -33 -21 42 -42 -43 46 -46 47 48 -4 -38 53 -5 -53 -12 55 56 57 -17 59 -57 -59 -24
right_child=2 -3 3 5 9 11 -8 12 -10 -11 50 -13 -14 19 15 54 18 -19 -20 20 -22 -23 61 24 27 28 -28 -29 29 -31 -32 32 -34 -35 35 -37 49 -39 -40 -41 41 43 -44 -45 45 -47 -48 -49 -50 -51 -52 52 -54 -55 -56 58 -58 60 -60 -61 -62 -63
leaf_value=0.19417835317065255 -0.011283715711086557 -0.047234175216979674 0.072775596545513438 0.030021389925621856 -0.01195967071150586 0.049870540369772461 -0.0040039021090366583 -0.039922547651511535 -0.015841435057299385 -0.031072741940100509 0.03097069472005063 -0.0033308069113053931 -0.031178794619188811 -0.012728014768728283 -0.018994743537235136 0.01188971536267726 -0.038120121297982749 -0.022272329553108264 0.10837010161554464 -0.01712895366100357 -0.0089833619468114041 -0.019420654694144855 -0.035067302310827768 0.10989110047703787 0.15130534231844622 0.10826629984604666 -0.042208364801958574 0.013501147897553564 0.056515540830763204 -0.0059595606192064353 0.046692850780373774 -0.0035576832181843038 0.028479013311082636 -0.024965871871833446 0.098927903930052366 -0.023796492839097853 -0.017346541863365445 0.022007251744222384 0.13199203910077892 0.11316868983797053 0.062421519380844871 0.1146602533962698 0.41340045177243001 -0.03916115658807838 -0.025234294746693864 0.025547155518416378 0.049730218990428954 0.0025067692568363884 -0.049266348207260981 0.040422929454147979 0.018368183520453302 -0.017051064090308231 0.023351951812108526 0.087826833825879191 0.045899508294474353 0.083861494931581085 0.0044923299121048662 0.067037628543754321 -0.0077674772720812361 -0.040626595555811065 0.18759177655878351 0.034007182091152464
leaf_weight=6.0811024066060773 34.962781259790063 2965.7195390053093 85.143028010614216 463.35237644426525 95.176375380717218 174.83442027494311 440.68667755741626 221.76393554219976 316.14306666329503 239.64245445840061 62.684373616240919 132.8425551680848 942.39873772719875 1032.4357199850492 262.1481777690351 20.078868484124541 11.810580066405235 408.92060870118439 24.438602180220187 10.430024449713526 95.524697167798877 25.284115043934435 28.856795062310994 8.9575682636350376 25.050578780472279 53.512331984937191 27.079415178857744 12.072023009881375 739.59083218127489 39.864647376351058 902.6729091797024 33.879845023155212 204.88436670228839 20.6746647330001 73.352667469531298 159.36509762424976 136.85483819805086 182.84928461071104 53.673264797776937 49.091703266836703 4.4180348943918943 30.209511160850525 4.4038150012493116 8.6004090430214983 91.17575023882091 164.58309761807323 295.96413249149919 195.84984423499554 16.456975537352264 55.374088682234287 81.426818195730448 191.12279647216201 268.49175189249218 105.11474106833339 153.91113981325179 37.461480281315744 50.322161994874477 20.886170099489391 268.89274203591049 13.473803219385443 16.230360676534474 197.4806086239405
leaf_count=236 245 391180 1369 4482 3513 2219 9947 18786 25211 15534 1084 1835 85700 85009 17193 575 811 20015 1347 832 7177 2023 1508 301 454 267 1162 191 4762 365 5417 451 2256 488 931 4217 2578 2976 306 574 332 1360 184 652 2609 3806 4627 5427 608 452 2267 2744 4215 1705 4833 971 1891 421 12775 528 329 8042
internal_value=-0.00131233 -0.0315613 0.0234084 0.0192053 0.00718835 0.0272701 0.0172523 -0.015665 0.00342074 -0.00247513 0.0252436 0.0346807 -0.0200725 -0.0127689 0.0022288 0.0110252 -0.00932061 -0.0111757 0.0606412 -0.00779764 0.0206603 0.0546357 0.0296218 0.0157802 0.0518681 0.0541056 -0.00440161 0.106492 0.0568502 0.0533203 0.0371469 0.0296201 0.0492493 0.0762995 0.0205356 0.0120974 0.0248535 0.0440302 0.0916211 0.0655057 0.0868849 0.109661 0.237628 0.0805729 0.0264949 0.00744402 0.0347057 0.0197563 0.0530075 -0.00070528 0.0508331 0.0183337 0.00655105 0.0665872 0.0214701 0.0126717 0.0456636 0.0818872 0.00158073 0.0509309 0.119754 0.0252006
internal_weight=13096.6 5889.75 7206.89 6338.96 2545.73 3793.23 1612.88 2924.03 548.562 1696.55 1172.19 2180.35 2375.47 1433.07 1456.91 879.654 298.397 577.257 36.2492 1211.31 178.871 83.3459 232.419 168.336 73.1596 867.931 36.037 37.1226 832.968 779.455 2047.51 1144.83 362.204 157.319 782.63 607.796 448.431 256.202 136.645 82.9715 58.0618 47.6318 8.82185 38.8099 849.173 255.759 593.414 297.45 101.6 192.229 249.226 922.967 459.615 167.799 581.257 427.346 107.518 57.1954 319.828 50.9353 37.1165 226.337
internal_count=786305 628232 158073 152434 101290 51144 26444 237052 34997 82844 16497 24700 202055 116355 67310 41674 19351 25636 2158 97569 12560 5383 9786 5621 2108 5639 1463 645 5394 5127 22865 17448 4075 1819 13373 11154 6937 3907 1331 1025 3360 2528 516 2012 18446 6415 12031 7404 1977 3030 5056 11441 6959 2789 22323 17490 3216 1325 14274 1499 750 9550
is_linear=0
shrinkage=0.05


Tree=20
num_leaves=63
num_cat=0
split_feature=38 2 36 41 49 53 17 49 51 17 51 53 36 41 48 40 39 40 49 49 49 49 53 48 41 48 36 25 43 55 20 40 17 48 49 51 40 49 42 35 40 5 49 49 51 42 36 39 23 49 49 39 28 51 5 49 49 33 49 22 46 40
split_gain=3562.57 513.932 377.793 224.727 175.625 105.696 103.108 86.5278 81.5099 80.9847 83.1903 67.4713 72.3326 76.5611 82.1098 119.288 92.5507 67.4674 61.6587 66.2403 60.2762 78.9463 88.9787 62.7882 59.4451 76.1203 58.6262 57.9979 79.4414 177.498 58.016 57.8674 56.6628 54.146 53.4761 53.1491 53.3812 73.0921 50.2337 52.7979 49.1384 48.6303 47.5173 134.748 46.5005 46.4731 64.4773 46.1259 76.7648 45.894 52.9296 52.5035 54.3224 51.9202 43.9687 43.5326 52.4441 43.4665 63.9401 43.448 42.7516 42.3937
threshold=-17.17647552490234 284.64483642578131 224.41176605224612 6.412973403930665 254.46063232421878 545.16665649414074 -11.004549026489256 290.50280761718756 105.06754302978517 -7.171337127685546 92.47949600219728 1089.1666564941409 201.47058868408206 8.3977231979370135 0.062224745750427253 15.215675354003908 -4.993464231491088 14.627449035644533 255.95982360839847 285.57859802246099 258.38572692871099 267.04945373535162 956.33334350585949 -0.25980782508850092 18.62987041473389 0.13631474971771243 213.82353210449222 0.27588653564453131 -1.3507537841796873 0.98296290636062633 -39.967786788940423 14.352943420410158 -37.732353210449212 -0.48803782463073725 282.48001098632818 43.73332595825196 30.470588684082035 261.63801574707037 -1.053657531738281 10.058041572570803 20.549034118652347 214.94265747070315 259.31796264648443 266.63755798339849 19.222051620483402 2.5324096679687504 278.52941894531256 -34.37908744812011 -40.173328399658196 255.59030914306643 267.78880310058599 -1.2745085358619688 15.689243316650392 6.3059055805206308 255.50248718261722 261.91014099121099 270.26141357421881 38.294046401977546 258.11538696289068 -11.554383277893065 4.990553855895997 9.9608001708984393
decision_type=2 2 2 2 2 2 2 2 2 2 2 2 2 2 2 2 2 2 2 2 2 2 2 2 2 2 2 2 2 2 2 2 2 2 2 2 2 2 2 2 2 2 2 2 2 2 2 2 2 2 2 2 2 2 2 2 2 2 2 2 2 2
left_child=1 5 4 -4 26 7 18 9 11 10 27 12 -6 -14 33 42 34 20 24 -20 -8 22 -22 -23 25 -5 -2 28 29 30 -1 -29 -32 38 -17 49 37 -37 -15 -40 60 -42 59 -44 -43 -7 -47 48 -33 -18 51 52 -51 -52 -30 -13 -57 -53 -59 -16 -28 -12
right_child=2 -3 3 6 8 45 17 -9 -10 -11 61 55 13 14 15 16 35 -19 19 -21 21 23 -24 -25 -26 -27 40 31 54 -31 32 47 -34 -35 -36 36 -38 -39 39 -41 41 44 43 -45 -46 46 -48 -49 -50 50 53 57 -54 -55 -56 56 -58 58 -60 -61 -62 -63
leaf_value=-0.040580414399399634 0.074498284278916888 -0.047361105813860084 0.025607411409342463 0.011330686288600225 0.054139582314472828 -0.0062120834556070774 0.033997942051449924 0.043209773114142577 -0.02699264853829262 0.021386408734532198 0.0010618925365881745 0.12531809847031092 0.036808727689347696 0.07669391398443981 0.030695881833305835 -0.015647887211280888 0.062682256560244759 -0.01404437685171505 -0.023690229596834769 0.032853754548732843 -0.02192849224050443 -0.017102964627391064 0.17954832576195434 0.022274455374479137 -0.047220070244175932 0.18479287116098059 0.047352288750070061 -0.032815445694427452 0.059176799114005967 0.31243276935564507 0.23151286220165998 -0.028138693724713074 0.03242259947494882 -0.0093788223519309932 0.10128068393637635 0.098931849510664402 0.0049153939825273517 0.00065057955259231488 0.052445306959059496 -0.015364598457728472 0.05921147771364841 0.033126041673459165 -0.020414470575911049 0.049977047933486139 -0.03169844436827416 0.029145849136261698 0.21967072205567495 -0.039915329385640311 0.068892166335454363 0.079306873646187284 0.099512751277803277 0.053240691422974412 -0.010734908351423865 0.024172236009167025 -0.024248123071634237 -0.025825561670743319 0.093744811715193152 -0.022249491115629932 0.040968516170381566 0.088410175897490617 0.09830701112258329 0.07227765867317143
leaf_weight=29.489782488439232 226.51813420653343 2825.0939770578407 1225.460483935196 14.057133419439198 216.33634989708662 135.44429564988241 247.70396841317415 53.115887546911836 70.841324673965573 105.73320942092687 95.194239004515111 27.573856350965798 864.74076970852911 37.168886424973607 49.947143796831369 247.81398540828377 52.581537485122681 312.80412360932678 663.57707172539085 56.180307430680841 249.013318634592 123.65867419261485 5.6032487563788882 558.22397973109037 11.571864152792839 11.497509732376782 256.28743827342987 1503.0427517634816 16.603620782960206 5.3565505179576567 3.8715854333713642 37.572710900101811 46.474899203516543 349.3635017555207 10.179856259375809 69.65780558809638 42.539732726290822 25.970949635840952 46.188584722578526 75.839405054226518 57.53309853374958 58.690379438921809 86.488376464694738 317.80865512602031 52.33095782995224 116.72195281274617 4.6162428883835664 42.001580983400345 44.555721228942275 17.752797504886985 31.85726803354919 88.40033845603466 296.72598891705275 81.036706196144223 323.89989989018068 16.039702167734504 21.412866447120905 79.502955064177513 80.492728296667337 93.942416517063975 49.0416006334126 26.774955471046269
leaf_count=2579 969 390153 26377 589 994 9428 4596 3898 1197 2692 7208 238 6076 360 543 8204 408 16620 48672 3033 10589 4343 164 19011 673 318 1362 142331 617 309 162 3265 2434 5024 135 742 404 424 469 1138 274 383 2025 3800 482 6941 332 3621 2224 159 293 629 5164 854 25990 257 242 526 453 782 301 1034
internal_value=-0.00164161 -0.0326117 0.0204911 0.00837423 0.0307772 -0.0165265 -0.000995607 -0.0198767 0.0260783 -0.021346 -0.0234235 0.0272083 0.026203 0.0242189 0.0192278 0.0245768 0.0152541 0.00660856 -0.0160355 -0.0192767 0.012064 0.00626244 -0.0174947 0.0151334 0.0467997 0.0893746 0.0535752 -0.0258071 -0.00937617 0.0338058 0.0151116 -0.0301057 0.0477324 0.0016343 -0.0110341 0.0230811 0.0515123 0.0722405 0.025803 0.010302 0.0435738 0.0219038 0.0437007 0.0349187 0.00257041 0.0139208 0.0363943 0.00270512 0.0245018 0.0176877 0.0141867 0.0079198 -0.00565192 0.0454324 -0.0201802 0.0776394 0.0425368 0.0251021 0.00955505 0.0683763 0.0555366 0.0166953
internal_weight=12993.5 5415.56 7577.96 3479.35 4098.61 2590.47 2253.89 2333.69 3398.2 2280.57 2174.84 3327.36 3262.34 3046 2181.26 1672.7 1124.51 1497.01 756.884 719.757 1184.2 936.499 254.617 681.883 37.1265 25.5546 700.402 2052.87 425.696 85.1928 79.8363 1627.17 50.3465 508.56 257.994 866.519 138.168 95.6288 159.197 122.028 473.883 168.554 548.187 404.297 111.021 256.782 121.338 124.13 82.1284 728.35 675.769 562.875 314.479 112.894 340.504 65.0264 37.4526 248.396 159.996 143.89 305.329 121.969
internal_count=785514 605218 180296 134985 45311 215065 108608 198364 41540 194466 191774 40343 39606 38612 32536 25545 18395 55323 53285 51705 38703 34107 10753 23354 1580 907 3771 183532 32091 5484 5175 151441 2596 6991 8339 10056 1570 1166 1967 1607 2802 1139 7150 5825 865 16701 7273 9110 5489 8486 8078 6931 5323 1147 26607 737 499 1608 979 1325 1663 8242
is_linear=0
shrinkage=0.05


Tree=21
num_leaves=63
num_cat=0
split_feature=38 1 49 38 41 54 53 49 37 52 49 41 53 38 11 41 29 46 52 45 55 48 35 45 48 54 49 49 54 49 48 53 33 54 53 49 29 4 52 49 52 53 35 10 49 49 23 49 48 23 48 51 38 39 46 16 51 38 48 52 49 48
split_gain=3351.87 461.996 352.929 226.875 184.87 151.515 107.77 96.1766 76.5357 75.8399 74.3706 66.8022 70.1751 63.7115 74.7845 71.286 67.1598 67.133 61.5841 60.9109 80.5394 60.5748 55.9671 55.9041 64.222 72.8344 72.3052 170.926 61.3003 85.0122 69.0001 60.1834 59.679 55.9002 54.8131 53.898 51.7395 78.3701 62.526 58.84 51.4373 50.8621 50.7814 48.4917 47.866 123.131 92.4635 47.7251 62.6993 50.908 47.5696 59.6843 44.2099 44.7797 43.9136 60.2584 45.2683 42.8367 51.6052 63.9172 42.7151 42.5345
threshold=-18.176483154296871 285.22959899902349 254.46063232421878 -4.5294113159179679 6.6899056434631357 -1.0000000180025095e-35 545.16665649414074 270.83627319335943 245.6899108886719 95.494766235351577 290.03321838378912 24.292182922363285 19.250000000000004 -36.764709472656243 288.96626281738287 3.3650461435317998 15.350136756896974 4.3465795516967782 41.616329193115241 1.6992340087890627 0.98296290636062633 -0.44543808698654169 5.8891959190368661 -9.0837030410766584 -0.10015028715133666 1.0000000180025095e-35 272.63078308105474 275.32183837890631 -0.7865660786628722 258.38572692871099 0.71838957071304332 1089.1666564941409 11.545408725738527 -1.0000000180025095e-35 1089.1666564941409 255.59030914306643 7.652031898498536 267.60572814941412 146.5573425292969 284.25558471679693 7.4927635192871103 233.16666412353518 10.418565750122072 212.10852050781253 274.13537597656256 272.37759399414068 -17.974797248840328 275.10462951660162 0.69629311561584484 -21.068886756896969 -0.38575345277786249 62.528821945190437 -9.764701843261717 -12.536674022674559 1.2453651428222658 -18.733367919921871 18.22015476226807 -0.52941131591796864 0.16143232583999637 11.495988845825197 274.13537597656256 -0.038633346557617181
decision_type=2 2 2 2 2 2 2 2 2 2 2 2 2 2 2 2 2 2 2 2 2 2 2 2 2 2 2 2 2 2 2 2 2 2 2 2 2 2 2 2 2 2 2 2 2 2 2 2 2 2 2 2 2 2 2 2 2 2 2 2 2 2
left_child=1 6 21 4 34 7 9 8 43 10 13 12 -6 -1 15 19 -17 33 35 -15 -21 -2 -10 -14 44 28 31 47 29 61 -30 -27 54 -18 -4 -7 -11 -38 39 -39 -8 -37 -43 -5 45 -25 -47 48 49 -28 -23 57 -32 -54 -31 56 -56 58 -52 -60 -22 -26
right_child=2 -3 3 5 11 18 40 -9 22 36 -12 -13 23 14 -16 16 17 -19 -20 20 60 50 -24 24 25 26 27 -29 30 32 52 -33 -34 -35 -36 41 37 38 -40 -41 -42 42 -44 -45 -46 46 -48 -49 -50 -51 51 -53 53 -55 55 -57 -58 -59 59 -61 -62 -63
leaf_value=-0.040092695634661314 -0.015798596036334576 -0.046865969786097743 0.019411173845473015 0.049460910104795454 -0.020004854880309782 0.087569075285053533 0.059216095988360397 0.029012395193976439 0.12608246645029478 -0.0041901402745637834 0.033414465369840156 -0.025119549180117984 -0.026636379406156974 -0.015645320411777543 0.11247078737152208 -0.033716928848495531 0.078542281055317562 -0.02623782994889215 -0.0010129104190660548 0.012239038659877599 0.046124884675680503 0.096340167265182089 0.027869948098715985 -0.011269847507037634 -0.032813833965045787 -0.024404464991659901 -0.039108366821136303 -0.010722911981274579 0.17291431517050382 0.010811775465906621 0.0067728615214993461 0.12170145921552047 -0.014639672522162068 -0.023568644463545063 0.09400611949147103 0.028564069903438984 -0.041876318617357133 0.26964063187724518 0.016117975735032777 0.075761387940028582 0.002864967916562555 0.070071533215649309 0.035298116774490622 -0.0031336746013642201 -0.041714639950657335 0.011624731864735217 0.20463648301678741 0.25470351565067062 0.24795368733958656 0.12079361540467577 0.058206585729262121 -0.011300405196044977 0.084556165042507764 -0.0039976033385943797 0.31330037917594405 0.040564574366512604 0.086552876745989729 0.071991771629500906 0.053946166573926202 0.0045763655808335737 0.2449559693428438 0.076146255662861581
leaf_weight=479.5096843787469 35.136797219514847 2790.6086519812234 1105.3701711525209 45.924082227051258 350.53553640237078 46.388900391757488 51.210885538253933 552.91437717527151 17.458833394572139 71.579924971796572 57.493681047577411 323.27686656219885 123.70102416491136 359.1295977733098 10.725552970543502 801.39327414613217 39.525735920295119 79.341087073087692 131.56626822892576 128.38584492169321 4.9827434709295613 54.605921700596809 85.757805860601366 200.71963601512834 10.277880146168171 205.77101725293323 8.1524469894357043 74.456647823099047 11.456968770362435 71.229052716866136 48.351072691380978 7.2982303258031598 171.04711507307366 20.280268905218691 25.187840491533279 1494.1678060805425 11.04127186257392 8.3689000792801398 9.4277088297530991 7.3505126484669736 193.54839463438839 162.36705215647817 297.10691650304943 958.98717508837581 88.233907504472882 12.587432937696578 12.237561287358401 5.9566090675070873 5.5199511465616515 12.7814908772707 312.51318728923798 40.157351572997868 69.458062732592225 17.969335221685469 4.1177039006724936 25.395504876039922 4.7291569006629288 187.53770053386688 125.43916463851929 137.33732965961099 5.8991442462429404 69.674447292927653
leaf_count=51595 258 400465 27882 243 18929 422 1709 6615 155 5169 4051 21933 7863 25797 876 75101 1785 6430 1778 6324 231 260 1550 10194 359 11932 515 3808 376 3192 3125 236 8898 1661 459 16589 774 286 317 242 14032 1114 3291 18577 5021 662 222 130 353 190 1651 353 2184 858 284 954 338 808 1012 1238 299 1852
internal_value=-0.00177571 -0.033128 0.0189744 0.015125 0.00500961 0.0233009 -0.0167389 0.0119798 0.0034812 -0.0204077 -0.0226237 -0.00437608 -0.00021522 -0.0242937 -0.0190679 -0.0200483 -0.0281496 0.00391474 0.0321229 -0.0047603 0.0233089 0.0485465 0.0444823 0.00528541 0.00875709 0.0160903 -0.00256602 0.030997 0.0279401 0.0167301 0.0550806 -0.0193999 0.00360047 0.0439164 0.0210731 0.0343027 0.0204433 0.0691677 0.117923 0.178981 0.0146553 0.0330379 0.0475862 -0.000730121 -0.0104919 0.00172249 0.10677 0.12684 0.0980493 0.0585219 0.0511828 0.048112 0.0451379 0.0663553 0.0331812 0.0797129 0.192091 0.0512396 0.0444746 0.0281436 0.153913 0.0621394
internal_weight=12880.7 5129.8 7750.86 6858.13 3065.49 3792.64 2339.19 1661.04 1108.13 2094.43 1986.67 1934.93 1611.66 1929.17 1449.66 1438.94 940.54 139.147 2131.6 498.397 139.268 892.727 103.217 1261.12 1137.42 823.643 319.936 106.867 503.706 356.471 147.235 213.069 276.519 59.806 1130.56 2000.03 107.768 36.1884 25.1471 15.7194 244.759 1953.64 459.474 1004.91 313.779 225.545 24.825 32.4105 26.4539 20.9339 857.591 802.985 135.778 87.4274 105.471 34.2424 8.84686 762.827 575.29 262.776 10.8819 79.9523
internal_count=785807 597144 188663 183083 132749 50334 196679 27140 20525 180938 174150 104408 82475 170099 118504 117628 84977 9876 23194 32651 6854 5580 1705 63546 55683 39584 17164 4996 22420 15877 6543 12168 13666 3446 28341 21416 6788 1619 845 528 15741 20994 4405 18820 16099 11078 884 1188 1058 705 5322 5062 6167 3042 4768 1576 622 4709 3901 2250 530 2211
is_linear=0
shrinkage=0.05


Tree=22
num_leaves=63
num_cat=0
split_feature=17 1 17 49 42 25 53 16 49 52 49 49 48 49 5 52 48 53 41 40 53 43 10 40 44 41 4 53 40 11 51 49 52 51 53 40 48 19 23 20 41 48 23 49 45 48 47 40 17 42 53 42 55 31 18 17 49 49 11 48 34 49
split_gain=3065.95 436.512 336.278 174.618 165.081 118.812 88.3165 81.4037 92.7517 76.3454 73.4412 68.7604 68.3492 67.5401 64.3603 60.1197 55.8657 62.2034 53.0395 77.6185 68.0474 84.9513 69.7008 58.1566 72.7854 70.9388 65.6724 51.9561 51.8784 49.6559 49.489 65.1317 63.7694 55.9221 52.7659 47.6767 49.5796 54.4272 46.7335 46.1935 45.4961 61.7978 55.9982 54.379 97.4334 113.817 45.8996 45.3192 45.1682 44.8368 47.9677 43.2556 42.1721 56.5997 74.1142 48.0644 46.5503 65.3727 42.1421 41.7106 55.7137 60.178
threshold=-21.121566772460934 285.22959899902349 -3.6867256164550777 255.59030914306643 8.2235107421875018 13.062941551208498 805.25000000000011 -0.51515579223632801 270.15548706054693 95.494766235351577 290.03321838378912 275.32183837890631 0.91453474760055553 270.83627319335943 237.1656188964844 34.799779891967781 -0.56490284204483021 154.70833587646487 -0.52142748236656178 -2.5686340332031246 60.166666030883796 -1.2767486572265623 283.27223205566412 14.352943420410158 -6.6335525512695304 2.2166528701782231 248.09886169433597 314.22222900390631 1.6078262329101565 288.96626281738287 30.910787582397464 259.93206787109381 38.972373962402351 49.140419006347663 272.18750000000006 9.9608001708984393 0.82240825891494762 -43.277868270874016 -26.508326530456539 -49.127481460571282 3.8332159519195561 -0.4330297708511352 -25.53857326507568 274.13537597656256 -0.71661186218261708 -0.22493761777877805 0.36737355589866644 -2.7254943847656246 -8.1291046142578107 4.8862838745117196 150.216667175293 2.8171539306640629 -0.7865660786628722 8.0911364555358904 -23.497447967529293 -11.004549026489256 271.58435058593756 255.95982360839847 260.36589050292974 -0.060937255620956414 14.402146816253664 291.25772094726568
decision_type=2 2 2 2 2 2 2 2 2 2 2 2 2 2 2 2 2 2 2 2 2 2 2 2 2 2 2 2 2 2 2 2 2 2 2 2 2 2 2 2 2 2 2 2 2 2 2 2 2 2 2 2 2 2 2 2 2 2 2 2 2 2
left_child=1 6 4 -4 5 11 9 8 28 10 18 13 15 14 27 39 17 -16 19 49 -21 -22 -23 24 25 47 -25 -2 -5 -27 34 32 33 -32 -30 -11 37 -37 -10 -6 -15 -42 -43 44 -44 -46 -45 -20 -7 -1 -51 -9 55 -54 -55 -41 57 -56 -13 -12 61 -61
right_child=2 -3 3 7 12 48 -8 51 38 35 59 58 -14 40 16 -17 -18 -19 23 20 21 22 -24 26 -26 29 -28 -29 30 -31 31 -33 -34 -35 -36 36 -38 -39 -40 52 41 42 43 46 45 -47 -48 -49 -50 50 -52 -53 53 54 56 -57 -58 -59 -60 60 -62 -63
leaf_value=-0.025757624407169034 0.0094414813247355577 -0.046731941273593619 0.048609982054945884 0.026989923859577852 -0.031933136495739728 -0.025967481075369073 0.026500521997386187 0.027281319600594791 0.0026401290393879683 0.0029403545352578251 -0.028234789850509076 -0.031136475361302388 -0.026328523241620688 0.051466035092295685 0.0094242515680106748 -0.0068882966731399686 -0.015362780837857158 0.26314355324179883 -0.024894923214346602 -0.031681674565623819 0.25980379305715678 0.012524447189130365 0.25560559974661096 0.17259545970040871 -0.037573728086044839 -0.025159178078997077 -0.00059963717350260343 0.051782370479330909 -0.010939556921915802 0.083133552020220727 0.035751552941316794 -0.0054320749997503383 -0.0072663905508657395 0.11007523462172707 0.026393200071612902 0.21707245115373422 -0.031445780631075428 0.048974018646569625 0.034612287131849079 0.021448407152705542 -0.023721309059135377 -0.022220013434124091 0.0029479914550937063 -0.042457019647342636 0.22412738191203593 0.064115007244352817 0.079162533197281171 0.04811051920120521 -0.0045248670657301229 -0.022926787150717977 0.084473861866507752 0.049517747842460241 0.039064690965354185 -0.010212780843568255 0.05970449385107867 0.10782577406189836 0.080172878225781327 -0.0014607615176573416 0.0027923780105484643 0.1998690412008646 0.012609273941186369 0.0092624143801355863
leaf_weight=158.73558527370915 395.56549257971346 2660.064676118549 768.00537158269435 270.64708096347749 30.332269917242229 449.16399110853672 113.64628385193646 1096.9569675577804 137.56480414047837 79.624700686894357 19.85560646513477 150.71868859883398 69.751025188248605 160.32400094158947 6.5924659282900375 133.37646345142275 313.91710049193352 3.8129149964079261 31.616656029596925 12.891305185854433 6.8668411779217449 16.468732024542991 3.5922552859410635 5.7609756719321004 916.45695939380676 474.93204142060131 109.62085807928815 88.699595618061721 588.50120925996453 10.826828499324618 70.935672152787447 139.68732007220387 47.033453957177699 39.346978376619518 112.78799371980131 8.4438060903921759 7.2930614231154314 11.205882002599537 675.65233108960092 28.921895797830075 66.693078908603638 34.242236560210586 31.201745388098061 23.24553557112813 16.29922762978822 34.928061131387949 11.643802059814332 64.878771372139454 541.88714956305921 20.129881374537945 21.500102194957435 273.16279971972108 507.30152236577123 177.50146612199023 70.991432308219373 36.342238795012236 42.383299025706947 113.56895575206727 233.01042673457414 10.957095629535617 25.942077830433846 6.6567006446421138
leaf_count=14287 10153 400492 4819 2200 1577 33503 5160 7417 2047 5737 1522 5834 3857 3122 359 4287 17297 186 1293 884 256 1088 344 204 93344 44686 7957 2015 12922 812 1171 2950 959 473 1993 134 314 375 7420 1808 2693 2061 789 823 265 902 310 3191 24226 978 1048 1443 9213 9208 789 1145 1124 4171 11200 657 1715 453
internal_value=-0.0016162 -0.0332116 0.0173503 0.0270467 0.00650274 -0.000686799 -0.0163891 0.0222497 0.0160215 -0.018797 -0.021086 0.00786564 0.0217193 0.013813 0.00565261 0.0246573 -0.0115847 0.102396 -0.0228955 -0.000973804 0.0627858 0.108011 0.0560522 -0.0261575 -0.0287909 -0.0149669 0.00804794 0.0171968 0.00757347 -0.0227455 0.00230947 0.019416 0.0414797 0.062269 -0.00493535 0.0223943 0.0798871 0.121209 0.0292038 0.028834 0.0312423 0.0163865 0.0340356 0.0504551 0.0726018 0.115027 -0.00186829 0.0241903 -0.0142431 -0.0136449 0.032541 0.0317146 0.0307206 0.0279413 0.0139891 0.0695475 0.0329183 0.0220665 -0.010534 0.031826 0.0592056 0.127834
internal_weight=12790.7 4797.97 7992.7 4220.28 3772.42 2561.95 2137.9 3452.28 2082.16 2024.26 1917.69 1570.89 1210.47 1187.17 808.588 1140.72 324.322 10.4054 1854.28 240.185 39.8191 26.9278 20.061 1614.09 1498.71 582.254 115.382 484.265 1268.94 485.759 998.293 297.003 157.316 110.283 701.289 106.567 26.9427 19.6497 813.217 1007.34 378.578 218.254 151.561 117.318 82.429 51.2273 34.8893 96.4954 991.051 200.366 41.63 1370.12 977.011 911.747 404.445 65.2641 226.944 184.56 383.729 63.4115 43.5559 17.6138
internal_count=785662 586931 198731 45814 152917 115738 186439 40995 32135 181279 174719 58009 37179 40975 30010 33322 17842 545 170372 18885 2572 1688 1432 151487 143326 49982 8161 12168 22668 45498 20468 5553 2603 1644 14915 6560 823 509 9467 29035 10965 7843 5150 3089 1956 1167 1133 4484 57729 16313 2026 8860 27458 24505 15292 2953 6084 4960 17034 4347 2825 1110
is_linear=0
shrinkage=0.05


Tree=23
num_leaves=63
num_cat=0
split_feature=16 38 1 40 49 5 49 54 22 29 44 53 52 53 40 49 38 38 52 29 55 51 49 49 49 54 55 6 49 40 49 55 22 52 25 49 29 29 24 49 49 29 29 53 5 38 49 4 11 41 49 49 15 46 28 51 5 53 29 31 39 55
split_gain=2790.2 453.864 179.407 161.447 127.354 113.513 125.587 101.757 76.8589 96.2769 75.4969 73.2707 67.6824 94.7774 78.3077 67.4418 67.4287 62.8489 62.7467 64.8808 60.1085 60.6921 119.706 99.1483 116.516 72.0055 59.9733 58.1151 66.008 65.1209 59.703 69.3099 58.0573 57.6791 53.2622 51.1067 50.9427 50.2062 56.9953 84.2509 49.3434 48.113 47.2161 54.2837 43.596 42.9018 42.8942 42.2462 40.135 40.0395 48.3726 39.1667 58.1204 38.7774 38.0175 37.9599 36.3735 35.517 34.797 38.0806 73.1136 41.9269
threshold=-34.880901336669915 -5.3529434204101554 285.22959899902349 0.92156982421875011 255.32789611816409 234.2858810424805 286.64465332031256 -0.98296290636062611 1.0000000180025095e-35 31.354249954223636 -4.173290252685546 1193.0000000000002 45.833921432495124 233.16666412353518 2.0588226318359379 247.43756103515628 -1.117652893066406 -13.176475524902342 100.17806625366212 6.0852251052856454 1.0000000180025095e-35 39.430601119995124 261.63801574707037 267.78880310058599 258.38572692871099 0.37940952181816107 0.60355338454246532 284.34970092773443 269.27120971679693 -1.1764755249023435 273.35858154296881 0.98296290636062633 -6.5605096817016593 13.974009513854982 14.65048122406006 282.48001098632818 23.727355957031254 4.6416101455688485 13.552688598632814 289.98133850097662 276.58561706542974 6.5025177001953134 5.9888629913330087 13.111111164093019 209.49958801269534 -6.2352981567382804 273.15556335449224 216.68799591064456 288.41929626464849 1.7879408597946169 281.06625366210943 260.24180603027349 -8.8628807067871076 6.8533954620361337 4.3460693359375009 62.528821945190437 214.94265747070315 70.958332061767592 -2.8199429512023921 2.0042358636856084 -41.266523361206048 1.0000000180025095e-35
decision_type=2 2 2 2 2 2 2 2 2 2 2 2 2 2 2 2 2 2 2 2 2 2 2 2 2 2 2 2 2 2 2 2 2 2 2 2 2 2 2 2 2 2 2 2 2 2 2 2 2 2 2 2 2 2 2 2 2 2 2 2 2 2
left_child=2 3 18 7 16 34 17 10 9 12 -2 15 13 14 -6 -9 55 -7 48 -20 21 23 -23 24 33 -25 -13 28 29 -17 46 58 -27 -16 42 44 -35 -8 39 41 -21 -39 51 -44 -36 -45 -30 -38 -1 50 -33 52 54 -10 -5 -3 -31 -55 -32 60 -60 -61
right_child=1 4 -4 5 8 6 37 11 53 -11 -12 26 -14 -15 20 27 -18 -19 19 40 -22 22 -24 25 -26 32 -28 -29 30 56 31 49 -34 36 35 -37 47 38 -40 -41 -42 -43 43 45 -46 -47 -48 -49 -50 -51 -52 -53 -54 57 -56 -57 -58 -59 59 61 -62 -63
leaf_value=-0.026728604534830499 0.28972811952897931 0.031474280155466203 -0.046648407131845898 0.16870701766177801 0.029856446942173709 -0.028520243294903127 -0.013341751448380554 0.094754591691956921 0.0563476229103613 -0.012834468201581205 0.045509862223452005 0.15293862831482241 -0.010125563405288144 0.034990105984242757 0.0048748147261211171 -0.032896990299692667 0.056060388975446886 -0.0083697641291324877 -0.01483503921694984 -0.0061735302996962895 -0.0010730287178760552 0.09906157499464914 0.0039429762241513736 0.02202077344297167 -0.022537780610650475 0.025456007371073203 0.020716301551266605 -0.022730996735768658 0.034421797229349148 0.090435926073831774 -0.032036061191727479 0.17433342517901226 0.11136001281825075 0.077240901979968746 0.077672107714225266 0.055735369198190166 0.064971036799709628 -0.032770595476714084 0.02461657060413424 0.2791617235611098 0.15151280959457852 0.11908981981167838 -0.023311669393156112 0.063888831453646322 -0.012505441381340028 -0.00090332611713351174 0.14930466657112101 -0.026826239908083756 0.02927791234338413 -0.01207104071232179 0.055047732868759115 -0.0069125990941234748 0.0055093286581677468 0.043778652355583772 0.040129707466408857 -0.02895261242466254 0.0058994825768261677 -0.0091525468243953394 0.10555382027972326 0.068383755619798023 0.013953323707062299 -0.011947085320497427
leaf_weight=967.90601668367162 5.6920581241138279 477.67677658516914 2490.3006541226059 11.156612034887077 727.3482661312446 816.8760783537291 58.559801935218275 23.49823684245348 199.05249799787998 248.00016034394503 7.1267296350561065 16.60376813262701 184.45633993390948 890.73361604195088 194.31997977010906 136.66963030491024 380.30449213832617 735.25850052060559 32.064692982472479 7.5960371876135495 697.14959376212209 63.38477538805455 69.175293332897127 286.96478556562215 282.58512093685567 33.800272908993065 17.737957020290196 128.37514875410125 299.32257431373 13.58109614998102 56.295569295994937 11.344022358767686 47.042689716443419 68.434985225088894 13.880325846374033 32.543213770724833 21.489164942875504 8.3405294883996302 96.47761314176023 5.5997902592644087 14.302184605970977 13.921345693990586 29.349933590739965 125.86458439286798 389.426703334786 32.05569180380553 8.3517932044342142 30.073431385681033 33.081203975249082 13.89695220440626 33.88654210511595 174.476081432309 47.098280143924057 74.301531657576561 11.861106304451821 27.48535861261189 201.7211429476738 55.264477521181107 23.791810528375208 17.596070676110685 258.16664909943938 211.24442226439714
leaf_count=99485 210 3586 394141 186 5557 76614 4418 108 923 2573 303 282 3655 11835 3902 6052 1715 40263 2641 325 10409 982 1468 5435 8629 755 361 8830 8451 90 2926 311 419 1182 123 798 232 749 5184 322 373 738 964 3840 19527 787 268 752 2705 807 937 5433 801 351 314 291 9075 273 775 1292 8567 10511
internal_value=-0.00167181 0.0129236 -0.0393277 0.000532796 0.0229352 -0.00697273 -0.0143571 0.0136885 0.0192811 0.0172975 0.153953 0.0124671 0.019375 0.0209696 0.0160173 0.0107431 0.0401582 -0.0189748 -0.0220464 0.0304726 0.0104077 0.017702 0.0494248 0.013343 0.000760306 0.033763 0.084644 0.00934722 0.0125498 -0.00590317 0.0195044 0.010643 0.0754437 0.0217063 0.0077926 -0.00453833 0.0489626 0.0248305 0.0428084 0.105802 0.0968147 0.0621945 0.0202374 0.0391316 -0.00940187 0.0507369 0.0375403 0.0114311 -0.0248777 0.0621584 0.0849651 0.00577115 0.0373333 0.0424904 0.102451 0.0281865 0.011232 0.0212016 0.00527186 0.00938359 0.0216826 -0.00577026
internal_weight=12691.9 9146.69 3545.25 4087.65 5059.04 2602.75 1735.03 1484.9 4173.58 3844.96 12.8188 1472.08 3596.96 3412.5 2521.77 1437.74 885.467 1552.13 1054.95 53.9629 1794.42 1097.27 132.56 964.71 596.903 367.808 34.3417 1414.24 1285.87 351.972 933.896 626.222 80.843 314.318 867.713 435.85 119.998 182.899 124.339 27.8617 21.8982 22.2619 431.862 187.27 403.307 157.92 307.674 51.5626 1000.99 59.1275 45.2306 244.592 70.116 328.619 23.0177 505.162 215.302 129.566 567.095 510.799 281.958 228.84
internal_count=785811 286141 499670 221217 64924 161061 128288 60156 59332 57785 513 59643 55212 51557 39722 59000 5592 116877 105529 3339 34165 23756 2450 21306 14697 6609 643 58892 50062 15217 34845 26126 1174 6068 32773 20448 2166 11411 6993 1809 698 1487 12325 5591 19650 4627 8719 984 102190 2055 1248 6734 1301 1547 500 3877 9165 624 24071 21145 9342 11803
is_linear=0
shrinkage=0.05


Tree=24
num_leaves=63
num_cat=0
split_feature=16 36 36 40 17 49 54 37 36 49 54 53 49 36 17 40 40 40 49 49 40 49 41 36 49 39 49 54 39 49 39 52 5 44 49 49 28 41 26 43 17 53 42 17 42 44 4 0 53 40 5 28 5 36 53 53 47 11 24 26 41 49
split_gain=2730.67 460.431 203.01 169.245 161.336 106.302 81.0094 90.3533 81.7303 78.6615 73.1368 68.3005 67.1439 63.3756 62.8256 60.2015 59.0975 58.7243 57.4757 104.693 65.8294 57.0946 64.3043 68.3505 54.7301 122.657 114.212 111.611 54.1208 52.7899 52.4572 51.3783 50.4756 67.4785 48.2208 89.9072 59.0188 69.3845 63.8107 48.0636 46.3723 44.9499 44.2991 43.3165 65.0355 45.559 41.2117 56.5704 40.9562 40.6429 40.6119 39.7595 53.1758 39.5355 43.8329 39.4689 39.2459 49.4617 38.0824 52.4455 36.8125 36.7974
threshold=-34.880901336669915 225.58824157714847 280.88236999511724 0.92156982421875011 -12.496236801147459 254.46063232421878 -1.0000000180025095e-35 242.34204864501956 211.47058868408206 286.69125366210943 -0.98296290636062611 1089.1666564941409 247.43756103515628 213.82353210449222 -13.214450836181639 18.980400085449222 9.5490112304687518 24.705894470214847 269.27120971679693 273.35858154296881 -1.1372604370117185 256.60597229003912 8.2887921333313006 199.70588684082034 259.72676086425787 -20.072621345520016 267.04945373535162 0.78656607866287243 -11.30936813354492 273.15556335449224 -38.600580215454094 88.222122192382827 281.95364379882818 -5.1194610595703116 261.09867858886724 269.27120971679693 14.353228569030763 25.256353378295902 5.3955078125000009 -0.027999877929687497 -4.806591033935546 1193.0000000000002 8.7295074462890643 0.44061279296875006 -0.42628479003906244 -1.4065208435058592 249.31996917724612 282.36453247070318 1089.1666564941409 -1.1372604370117185 230.21923828125003 24.005561828613285 214.94265747070315 227.94117736816409 17.208333015441898 20.000000000000004 -2.6776723861694331 267.95007324218756 -0.070574760437011705 -1.3923263549804685 1.5168278217315676 286.04714965820318
decision_type=2 2 2 2 2 2 2 2 2 2 2 2 2 2 2 2 2 2 2 2 2 2 2 2 2 2 2 2 2 2 2 2 2 2 2 2 2 2 2 2 2 2 2 2 2 2 2 2 2 2 2 2 2 2 2 2 2 2 2 2 2 2
left_child=2 5 11 10 9 13 7 8 -7 -5 14 16 -12 -2 39 24 58 41 20 29 -14 43 49 -24 25 -6 -26 28 53 40 -9 -18 -13 -34 -32 36 38 -38 -36 -3 48 -10 61 44 -8 -46 -28 56 -20 -23 -30 -15 -53 -27 -55 -51 -48 -58 59 -1 -22 -21
right_child=1 3 -4 4 15 6 21 30 17 -11 12 32 18 51 -16 -17 31 -19 19 42 60 22 23 -25 26 27 46 -29 50 -31 34 -33 33 -35 35 -37 37 -39 -40 -41 -42 -43 -44 -45 45 -47 47 -49 -50 55 -52 52 -54 54 -56 -57 57 -59 -60 -61 -62 -63
leaf_value=-0.026367243372004218 0.064529085178645987 0.091179305806426345 -0.048741432032808188 -0.02401081033702681 -0.031031993830859375 0.029378808856942159 -0.0077190056231078476 -0.024626630826492718 0.0024162099948997727 0.014754953355609885 0.090394741886261676 0.014623123433511687 -0.029024416269629594 0.041269284767815967 -0.0044976554280528455 -0.033229163157305661 -0.0055569019791138199 -0.031769920095092129 0.027122189187182733 0.0085422504695363329 0.076049642884081101 0.013820582962653417 0.051688010618170958 0.015086155328994514 -0.024139556207613763 0.0084452904541158901 0.0072235171749310909 -0.043891622294872895 0.040847349548905287 0.14526701115823459 -0.018997819590885204 0.091346934749401101 0.046462018347685992 0.36297076261826955 0.14551986279613793 0.030374788604381055 0.26484894812336307 0.060678165549986521 0.035216416862095215 0.31448348705967721 0.085909456027701794 0.092613981763739681 0.026759512684893572 0.098182123679160349 0.0087229194056777197 0.075611221862406611 0.00093102769114815256 -0.0098672083158062376 0.13641741940194027 0.013091720195446011 -0.013069839714014556 0.048673959080486183 -0.010837892706119606 0.010522554056810027 0.07858620637803243 0.053715550536545364 0.037897857347397063 0.17463027912446974 -0.03337115034093914 0.035288016439031143 0.0064538316134241077 -0.019083028306645988
leaf_weight=109.30872232699767 214.58137927949429 4.8757539922371498 2156.0357426241972 1055.7958970647305 92.823862075805664 287.10781628265977 50.250042342580855 33.735438435338438 800.874939548783 149.37356824986637 28.152597531676292 29.372425358742476 157.4435102888383 375.14189456775784 6.0041999574750653 100.88538794778287 125.1789316656068 133.7899868991226 328.41265451628715 419.99967523291707 20.681977203581482 122.16908204182982 142.00721129775047 1252.7395167276263 332.76508949045092 33.504173134453595 859.35358825139701 42.329882739111781 83.855243623256683 11.41208301996812 30.378953759558499 15.356492282357065 4.622641452588141 2.6489479346200815 19.212663986720145 211.93142453767359 9.548314777202906 7.3753610942512742 41.289157576858997 4.7643204042688003 41.628342617303133 14.055063888430594 223.45930915093049 40.078242227435112 33.956472570076585 101.71034539025277 9.4688000939786416 24.059926542453468 8.8012270126491767 72.423898823559284 59.854040727950633 60.099650591611862 99.978692347183824 28.156843376345932 147.92226378712803 342.76954602263868 11.14997674059123 16.258195986971259 916.30407274141908 50.391780195757747 233.73150458093733 169.06727102398872
leaf_count=10898 941 239 354634 94466 4061 1948 561 513 13615 10011 128 1232 6630 2013 118 6701 12339 3149 9180 17829 462 667 604 16617 15025 576 32464 1404 1515 308 791 324 448 129 175 2693 208 260 609 167 317 230 5661 189 446 820 372 1131 109 615 1576 277 793 685 2770 2248 486 557 115376 4510 9287 11260
internal_value=-0.00121435 0.0129457 -0.0394393 0.00201294 -0.00498187 0.024386 0.0209474 0.0123809 0.00600502 -0.019206 0.0148667 -0.0234356 0.013842 0.0415714 0.122464 0.00432265 -0.0254615 -0.00106851 0.0125073 0.0180275 -0.00361384 0.0272561 0.0244747 0.0188128 0.00649803 0.0206951 0.000963963 0.0328317 0.0420243 0.0393128 0.0346724 0.00503191 0.0438212 0.161762 0.0409291 0.0472207 0.0933319 0.175871 0.0702438 0.201541 0.0361211 0.00397185 0.00780417 0.0510353 0.0408718 0.0588695 0.0100411 0.0497752 0.0299748 0.0391703 0.0183912 0.0323672 0.0115052 0.0582293 0.0677021 0.0466294 0.0886881 0.119006 -0.0294442 -0.00691259 0.0121115 0.000613558
internal_weight=12612.4 9203.2 3409.22 4705.99 3047.56 4497.21 3747.4 1589.3 1235.83 1205.17 1658.43 1253.18 1642.79 749.802 15.6443 1842.39 1216.54 948.72 1614.64 1202.78 411.857 2158.1 1932.11 1394.75 1741.5 488.446 1253.06 395.622 353.293 390.254 353.471 140.535 36.644 7.27159 319.736 289.357 77.4255 16.9237 60.5018 9.64007 378.842 814.93 812.526 225.995 185.917 135.667 920.29 60.9369 337.214 537.363 143.709 535.22 160.078 209.583 176.079 415.193 36.877 27.4082 1076 159.701 254.413 589.067
internal_count=786367 286477 499890 235495 173800 50982 46958 24191 18942 104477 61695 145256 61171 4024 524 69323 143447 16994 61043 44664 16379 22767 20751 17221 62622 12587 50035 8526 7122 9914 5249 12663 1809 577 4736 3945 1252 468 784 406 9606 13845 34750 2016 1827 1266 35010 2546 9289 3530 3091 3083 1070 4031 3455 2863 1415 1043 130784 15408 9749 29089
is_linear=0
shrinkage=0.05


Tree=25
num_leaves=63
num_cat=0
split_feature=16 17 36 24 49 49 52 42 55 0 17 49 49 23 51 12 35 36 35 26 52 38 23 49 32 48 49 40 42 49 49 49 55 32 39 13 40 28 49 49 52 20 17 48 52 32 36 46 5 46 47 52 36 5 36 17 41 47 15 20 35 49
split_gain=2499.1 416.914 201.676 175.595 146.813 126.183 90.3134 89.6247 85.7624 140.764 82.3811 113.482 84.5351 134.268 84.4506 81.6673 71.6704 70.0943 65.0631 63.4555 56.368 55.4721 49.4338 46.605 77.3157 69.0894 80.7112 79.857 64.4629 46.4207 47.1041 64.9389 84.0502 46.003 45.1428 44.7336 43.8961 43.8225 42.638 51.719 52.6757 42.62 42.0517 42.634 45.5401 47.9045 41.7851 41.6003 41.043 71.5678 40.4277 40.2874 40.0787 39.8114 39.2894 61.0371 39.1791 38.0325 38.9578 37.8788 55.3412 42.9324
threshold=-34.880901336669915 -9.5348014831542951 280.88236999511724 5.694481849670411 254.46063232421878 286.69125366210943 92.846775054931655 3.3791961669921879 1.0000000180025095e-35 282.60110473632818 -0.37291717529296869 270.38075256347662 259.93206787109381 -27.443965911865231 25.753327369689945 -43.957788467407219 25.378603935241703 232.64705657958987 5.7194383144378671 3.4244928359985356 41.616329193115241 -0.52941131591796864 -30.056818008422848 274.68690490722662 9.1348538398742694 0.10494250059127809 275.56561279296881 0.13726806640625003 2.7601776123046879 276.05895996093756 283.15080261230474 282.48001098632818 -0.37940952181816096 1.2759550809860232 -4.3369648456573477 -48.079656600952141 1.3921508789062502 1.2669048309326174 264.80390930175787 268.95562744140631 7.4514698982238778 -16.276039123535153 -1.5885353088378904 -0.25980782508850092 14.846704959869387 2.917764544487 255.00000000000003 3.8410034179687504 236.061637878418 3.6981229782104497 -0.048317104578018182 13.974009513854982 201.47058868408206 257.62951660156256 275.00000000000006 -32.515556335449212 19.757202148437504 -5.5953731536865225 -0.56794357299804676 -20.07082366943359 2.362442255020142 272.17034912109381
decision_type=2 2 2 2 2 2 2 2 2 2 2 2 2 2 2 2 2 2 2 2 2 2 2 2 2 2 2 2 2 2 2 2 2 2 2 2 2 2 2 2 2 2 2 2 2 2 2 2 2 2 2 2 2 2 2 2 2 2 2 2 2 2
left_child=2 3 35 7 21 17 10 53 9 -9 11 12 14 38 16 -13 51 -5 19 -16 -20 36 47 24 42 27 -27 50 -28 -30 31 32 -31 -10 -18 -1 -3 41 -14 40 -40 -15 43 44 -17 -46 -35 -7 -26 -50 -25 -6 -12 59 55 -49 -24 -38 -59 60 61 -2
right_child=1 4 -4 5 6 22 -8 8 33 -11 52 15 13 37 18 23 34 -19 20 -21 -22 -23 56 25 48 26 28 -29 29 30 -32 -33 -34 46 -36 -37 57 -39 39 -41 -42 -43 -44 -45 45 -47 -48 54 49 -51 -52 -53 -54 -55 -56 -57 -58 58 -60 -61 -62 -63
leaf_value=-0.036311919326242031 0.0083464339859781519 0.068710511935800619 -0.048454210785405849 0.0040651754185011468 0.0083903644015853301 -0.0028058582850061606 -0.022089135134045725 0.26598541802384751 0.031107590611871346 0.0041030208382730905 0.04677000407961393 -0.022524460873572631 -0.01803978797693144 -0.0018960470467664194 0.043739572177191488 0.055015794950331834 -0.036371364529715323 -0.025120341487278926 0.036500426218446284 0.15353802492525709 -0.029294237788376795 0.061148203123803459 0.14875240150804933 0.0065195938547334235 0.014184363848976889 0.15648310886504635 0.013169532252448522 -0.014614522059736651 -0.017824100475044204 0.014125069154737484 0.040512659775290248 0.21877319329364969 0.1676962367718936 0.013524077331927346 0.0059334990310908019 -0.016031459305160423 0.055537360966589136 -0.0096006648198336264 -0.015170037214872893 -0.0035418419439485708 0.10337351018816382 0.090014515290719285 0.094953912040544139 0.079005548419820576 0.050591276820553525 -0.027186177522419371 -0.028769006935336475 0.2019590442785377 -0.013904903566130429 0.19342391877659559 0.054778430701044135 0.040668454164945529 0.023424280887552416 -0.020828367817860446 -0.035471827649639222 0.044951270253001968 0.0035193443562861015 0.016870938553236705 0.062701947455082174 -0.018989387709648458 -0.0031709622933023341 0.092278589796227675
leaf_weight=408.26145825441927 25.52985408436507 69.940443363040686 2054.4362053447403 249.95368536002934 292.40034043602645 98.556371214333922 151.35886016953737 9.2379812784492987 345.02812547516078 11.542308873962609 211.18784499168396 88.290331363677979 19.118616981431842 29.359386097639799 33.322086485102773 108.69992910791188 121.39832670148462 1162.6430468722247 241.43966959789395 21.746413914486766 37.626137353479862 199.78906886279583 13.451701236423107 87.942664572969079 274.94699130766094 13.263006172142921 197.79696310777217 229.34173645544797 16.463139568455517 21.502926696091887 53.24279648438096 10.498402882367371 15.213093074969949 350.18205807590857 131.21994601935148 814.10774504439905 97.431022511795163 1112.277807706967 11.121087601408361 21.691146020777524 59.555950212292373 22.113183157518506 53.414407558739185 72.123390714637935 34.171089764684439 47.065293764695525 70.090660518500954 7.7613010890781835 7.9288406353443888 8.7621486503630859 85.677211071364582 144.41575458459556 1419.625528935343 251.62410339619964 9.7940763072110695 30.575237198732797 7.0919046979397526 462.47773042786866 51.534565292298794 84.114050290547311 85.917041917331517 37.786243557929993
leaf_count=59253 1151 315 354559 11292 7060 6461 3496 338 7775 883 970 2588 631 301 273 958 5420 102244 5330 248 1097 891 374 831 6458 251 4175 4297 318 610 926 120 296 12456 1944 85703 487 32354 295 620 1276 215 292 848 185 589 5698 232 304 324 977 2894 9970 19925 816 1574 307 3354 228 2921 5537 1119
internal_value=-0.00136963 0.0119358 -0.0388861 -0.0039636 0.019031 -0.0150941 0.0159991 0.00987078 0.0202994 0.120524 0.0170755 0.0129725 0.0060983 -0.00249184 0.0168005 0.0240515 0.00680222 -0.0199561 0.0374305 0.0870987 0.0276294 0.0379803 0.0259752 0.0271248 0.0373638 0.0186205 0.0356594 0.00475205 0.0305676 0.0600002 0.0727542 0.109112 0.0777565 0.017578 -0.0143965 -0.022805 0.0311872 -0.00751344 0.0499259 0.0639936 0.0847206 0.0375897 0.0545195 0.046278 0.0338505 0.00552996 0.00647068 0.0158018 0.0188059 0.094935 0.0303342 0.0190618 0.0264475 -0.00703276 0.0539043 0.0767378 0.0986162 0.0268951 0.0214659 0.00784338 0.0229675 0.0584361
internal_weight=12516.2 9239.38 3276.81 2850.88 6388.5 1579.83 5507.32 1271.05 786.081 20.7803 5355.96 3725.15 2298.81 1275.24 1023.57 1426.34 689.434 1412.6 334.134 55.0685 279.066 881.173 167.231 1338.05 607.112 730.942 327.98 402.962 314.717 116.92 100.457 47.2144 36.716 765.301 252.618 1222.37 681.384 1163.75 111.487 92.3682 70.677 51.4726 315.474 262.06 189.936 81.2364 420.273 146.687 291.638 16.691 173.62 436.816 1630.81 484.971 48.1306 38.3365 20.5436 611.443 514.012 233.347 149.233 63.3161
internal_count=785634 286119 499515 181103 105016 123300 99741 57803 27150 1221 96245 85305 59958 35692 24266 25347 17318 113536 6948 521 6427 5275 9764 22759 9958 12801 6696 6105 6445 2270 1952 1026 906 25929 7364 144956 4384 32870 2822 2191 1571 516 2872 2580 1732 774 18154 9083 7086 628 1808 9954 10940 30653 2622 1806 681 4069 3582 10728 7807 2270
is_linear=0
shrinkage=0.05


Tree=26
num_leaves=63
num_cat=0
split_feature=17 17 36 32 38 49 54 42 52 35 52 49 0 48 38 53 41 21 48 49 49 48 36 49 49 51 52 8 23 51 27 53 36 41 49 48 48 1 53 54 49 48 35 49 49 23 28 52 43 47 41 28 18 44 35 35 49 48 53 34 49 36
split_gain=2337.59 330.543 256.564 140.2 109.216 104.848 74.4269 73.2285 59.297 58.2703 74.7611 57.6654 51.5044 53.9493 50.5307 50.3311 49.7085 48.0971 47.7852 45.2234 46.8236 44.2307 43.8779 46.7881 84.9876 62.8741 46.696 43.5521 43.9209 43.2229 42.5746 39.8209 38.7682 38.655 49.6569 42.3406 38.0708 37.8951 37.7552 48.5743 62.6098 37.5186 51.5802 85.2027 72.007 37.4757 36.494 36.4752 36.2818 54.1531 50.9731 117.01 124.408 55.8606 36.2567 37.7024 39.6309 38.5256 35.6509 54.2413 43.0866 40.3248
threshold=-29.496982574462887 -5.3756484985351554 280.88236999511724 6.6805074214935312 -9.176475524902342 255.59030914306643 0.12940952181816109 7.2935028076171884 41.616329193115241 13.106770515441896 88.222122192382827 267.56375122070318 283.02087402343756 0.12764942646026614 -0.94116973876953114 233.16666412353518 0.11619454994797708 1.0000000180025095e-35 0.82240825891494762 268.84934997558599 259.72676086425787 0.95832794904708873 197.94117736816409 264.55642700195318 259.51712036132818 39.430601119995124 13.71247720718384 276.08627319335943 -27.873254776000973 166.21599578857425 -1.4288229942321775 812.47619628906261 212.05882263183597 24.292182922363285 254.46063232421878 0.11192005872726442 0.8111555576324464 266.73313903808599 547.66665649414074 0.12940952181816109 285.39907836914068 0.61183178424835216 7.5712015628814706 274.68690490722662 272.51168823242193 -9.6628408432006818 31.029472351074222 10.089985847473146 1.8261108398437502 0.073668956756591811 14.094405174255373 7.3726768493652353 -45.831659317016594 -9.0962734222412092 26.481211662292484 10.794273853302004 274.31605529785162 -0.47145682573318476 78.91666412353517 -0.3270608633756637 280.76860046386724 265.00000000000006
decision_type=2 2 2 2 2 2 2 2 2 2 2 2 2 2 2 2 2 2 2 2 2 2 2 2 2 2 2 2 2 2 2 2 2 2 2 2 2 2 2 2 2 2 2 2 2 2 2 2 2 2 2 2 2 2 2 2 2 2 2 2 2 2
left_child=2 3 9 7 27 14 11 38 15 16 -11 17 13 19 36 22 30 -7 29 20 -9 41 -8 24 26 32 -24 -5 48 -12 -1 -18 -26 35 -35 -6 -3 -15 -2 -40 -41 42 43 44 45 -13 -17 -38 49 50 51 53 -53 -29 55 56 -25 -58 -32 60 -60 -61
right_child=1 5 -4 4 33 6 8 12 -10 10 18 21 -14 37 -16 46 31 -19 -20 -21 -22 -23 23 54 25 -27 -28 28 -30 -31 58 -33 -34 34 -36 -37 47 -39 39 40 -42 -43 -44 -45 -46 -47 -48 -49 -50 -51 -52 52 -54 -55 -56 -57 57 -59 59 61 -62 -63
leaf_value=-0.019721495461653683 -0.0012688265552068213 0.031716215656341078 -0.048222179948604789 -0.022210817914252518 -0.005061466065874958 -0.00057890704246930653 0.056551694494594018 0.036827481977424956 -0.009885984185072607 -0.0086724020081908187 0.16304896599844443 0.056018468065408937 -0.0079282765547385517 0.20234357033685219 0.051413423732122515 0.046331453371942805 -0.03292850872788617 0.066187138462693917 -0.051766716228808157 0.036385113092061841 -0.011891123117064686 -0.043207653938966625 0.012058976216263758 0.055619758588308456 0.0033254484290282625 0.046355038183194114 0.042784510816462042 0.23970262353167415 0.21801733498866996 0.016326279081228256 -0.016410229238218218 0.015025469259965547 -0.029768918609713313 0.084989876642634285 -0.02264622092459332 0.018715901419503553 0.038398273239698202 0.038300867136247863 -0.0044685210318357498 0.092158609331880539 -0.051210028093209292 0.035641301465646397 0.0034582003779876124 -0.0037575610790024881 0.092848848792908181 0.0082670531525700381 0.012022778991877661 -0.033451766126280549 -0.026958093779928582 -0.011103729163963828 0.0082264864792119703 0.11213304519576561 0.56912756583643409 0.0072094672151615542 0.073074618842353348 0.01048837534130378 -0.025054537943466432 0.033492787048099652 0.21591964309555114 0.22303781981396198 0.045665322370447479 -0.00032320130930428917
leaf_weight=147.64772850414738 813.60586416535079 514.09220502246171 1979.2508603925817 977.11353531153873 304.80512173380703 947.20391668472439 82.650568172335625 82.289319423958659 125.92727816849947 260.84429450100288 14.204322609119123 74.778152776882052 111.15804220968857 7.5208700159564597 324.96691108122468 389.74815548676997 885.17507819645107 27.764807119965553 5.656390482094138 408.95120602473617 123.09366364451125 28.855227706022561 275.49211225099862 155.13499367423356 185.50252502411604 52.111663762480021 224.36702178511769 3.0982732223346874 2.3628901075571767 7.7626329646445802 28.984494848642498 45.51760544674471 169.21583064738661 11.42747243773192 171.93445343151689 485.36358665442094 28.349091559648514 6.6188357379287481 48.162310546264052 41.245312380138785 9.339399819262324 271.54848296009004 475.94538637436926 129.83112980145961 62.224745586514473 91.199622822925448 96.749845992773771 46.863691079430282 71.776553167961538 68.118757494259626 26.066378377377987 3.6855721804313362 2.4990622499026349 15.552955313585699 45.546341666020453 215.72419255226851 36.412766113877296 123.0490231718868 7.6112917526625079 2.1795136034488705 7.2612987193278968 27.727320258971304
leaf_count=13575 39330 3697 356620 83952 10054 19308 350 1202 1815 26664 475 671 5447 154 1506 3791 112965 125 295 7885 4085 863 3174 1199 1123 447 2164 273 53 200 2570 2491 3140 110 10009 18307 315 312 1639 1261 532 4469 7138 1491 367 646 683 610 6816 6379 1994 368 172 1495 441 3621 413 1076 307 96 577 2684
internal_value=-0.00135027 0.0120249 -0.0365384 0.000806358 -0.00762899 0.020212 0.0169337 0.011753 0.0234177 -0.0204857 -0.000389036 0.0102398 0.0234448 0.0289938 0.0355842 0.0254617 -0.0255175 0.00132243 0.0778299 0.0267713 0.00762861 0.0179041 0.0210957 0.0191191 0.0120402 -0.00492799 0.0258505 -0.0179222 0.00377203 0.1112 -0.00422429 -0.0305832 -0.012462 0.00474439 -0.0159381 0.00954386 0.0268553 0.125555 0.00227467 0.0314706 0.0656886 0.0194991 0.0142431 0.0285799 0.0469776 0.0297806 0.0395085 -0.00637015 0.00111876 0.0180507 0.057066 0.108325 0.296794 0.0458304 0.0302646 0.0265879 0.0376276 0.0201236 0.0267953 0.0547611 0.132796 0.0159546
internal_weight=12416.9 8997.05 3419.82 3795.79 2143.8 5201.26 4286.98 1651.98 2177.63 1440.57 288.468 2109.35 739.632 628.474 914.272 2051.71 1152.1 974.969 27.6233 614.334 205.383 1134.38 1565.21 1482.56 906.689 406.83 499.859 1170.27 193.16 21.967 221.412 930.693 354.718 973.531 183.362 790.169 589.305 14.1397 912.353 98.747 50.5847 1105.53 833.979 358.034 228.203 165.978 486.498 75.2128 190.798 119.021 50.9022 24.8359 6.18463 18.6512 575.867 530.321 314.597 159.462 73.7639 44.7794 14.8726 29.9068
internal_count=785991 266472 519519 201829 139982 64643 58515 61847 23437 162899 27634 35078 19085 13638 6128 21622 135265 19433 970 13172 5287 15645 17148 16798 10048 4710 5338 101502 17550 675 19809 115456 4263 38480 10119 28361 4622 466 42762 3432 1793 14782 10313 3175 1684 1317 4474 925 17497 10681 4302 2308 540 1768 6750 6309 2688 1489 6234 3664 884 2780
is_linear=0
shrinkage=0.05


Tree=27
num_leaves=63
num_cat=0
split_feature=38 17 36 41 49 17 32 49 39 42 36 42 44 50 52 40 36 40 42 48 28 13 40 37 41 42 5 55 49 52 5 39 27 48 17 49 40 36 52 43 47 41 49 49 50 52 47 52 5 11 24 48 41 49 28 49 49 28 47 12 41 40
split_gain=2200.38 341.035 149.027 144.777 126.502 79.9243 87.6657 66.7827 62.6728 61.2709 56.9396 55.7162 56.731 49.7322 72.8088 53.5501 48.7703 55.7439 47.8597 58.3819 47.6863 44.6482 40.785 40.5917 39.9202 39.5556 39.3875 39.1587 38.3764 38.2091 38.1771 47.4455 37.7411 63.2389 47.9697 46.7672 41.0235 36.9748 40.8174 36.6636 42.6942 36.2116 92.5083 103.793 52.8108 42.4618 34.9831 33.8409 33.7072 46.6958 45.2003 35.5857 39.8096 39.6248 57.1488 36.5728 63.9804 33.4888 33.4794 33.1197 33.0073 47.9347
threshold=-32.352943420410149 -11.004549026489256 281.47059631347662 3.3023456335067753 254.46063232421878 -0.99594497680664051 24.859740257263187 286.69125366210943 -27.864198684692379 7.2935028076171884 230.88235473632815 4.2739639282226571 -0.71597671508789051 94.038017272949233 4.2768795490264901 9.254890441894533 213.82353210449222 1.3921508789062502 2.4814987182617192 -0.48176059126853937 2.5560350418090825 -4.4819221496582022 5.1960754394531259 269.11038208007818 23.447105407714847 -1.8693847656249998 279.41244506835943 0.12940952181816107 266.37236022949224 35.329317092895515 256.52972412109381 -25.100947380065914 3.6438055038452153 -0.11090746521949767 0.44061279296875006 256.60597229003912 30.470588684082035 276.76470947265631 44.719711303710945 -4.2396392822265616 -3.7114353179931636 -0.52142748236656178 276.94873046875006 275.76867675781256 44.663578033447273 12.738932609558107 1.2718615531921389 16.850910186767582 231.42743682861331 249.24268341064456 8.8630990982055682 0.52739697694778453 13.920842647552492 257.70365905761724 16.300477981567386 274.68690490722662 272.37759399414068 20.448509216308597 -3.5644457340240474 -42.011775970458977 1.7879408597946169 -3.4901962280273433
decision_type=2 2 2 2 2 2 2 2 2 2 2 2 2 2 2 2 2 2 2 2 2 2 2 2 2 2 2 2 2 2 2 2 2 2 2 2 2 2 2 2 2 2 2 2 2 2 2 2 2 2 2 2 2 2 2 2 2 2 2 2 2 2
left_child=2 3 13 9 16 6 11 10 22 30 58 48 29 41 26 -16 -3 -18 19 25 60 -8 -9 -10 37 -7 -15 -14 -27 59 31 -2 -21 46 36 -36 -35 38 57 -12 -41 42 43 -1 45 -45 -34 -19 51 -50 -51 52 55 54 -53 56 -6 -24 -5 -13 61 -11
right_child=1 4 -4 7 5 18 21 8 23 20 39 12 27 14 15 -17 17 47 -20 32 -22 -23 24 -25 -26 28 -28 -29 -30 -31 -32 -33 33 34 35 -37 -38 -39 -40 40 -42 -43 -44 44 -46 -47 -48 -49 49 50 -52 53 -54 -55 -56 -57 -58 -59 -60 -61 -62 -63
leaf_value=-0.010820841436466336 0.045907530517304528 0.055195888780892571 -0.047927413341390772 -0.017647385197114233 0.011580032981848501 0.070134416807306352 -0.019513872654224728 -0.016313449347042559 0.048705288011001588 -0.010380030729719643 -0.034897507438311166 -0.009257436621234608 0.11168414503383527 0.02681174155203166 -0.019598167441423425 0.061312069125071457 0.065115522781327664 0.030845648989478166 0.033331877722017664 0.037226342295695387 0.16484048769552764 0.0071617984854565418 0.035186216442979069 0.21460116319266828 -0.033443899518417509 0.061798219557800231 0.2198084670293167 0.036244838761081484 -0.0040627585470965942 -0.006559073868306284 -0.010268007709530846 -0.0061408360714495036 -0.01990203230574164 0.012810076541386059 0.079561322958386083 0.023412232887981527 -0.023552057012422106 -0.034714625285798127 0.15880630869066067 -0.035059543647559616 -0.010463290198453766 -0.033104309656507229 -0.03945939699943591 -0.020597515198864613 0.28439554838769926 0.17111391756562799 0.025295131701186302 0.0059949509332249736 -0.017674185186507083 0.033103894692069522 -0.015518469693126922 0.17925419557956482 -0.0097543941859030998 0.02083640095983727 0.03230486765002636 -0.0062920661414493269 0.056328757511167005 0.20062985386447699 0.029329124428932249 0.023645174798953224 0.0031542564250391816 0.045512824112275529
leaf_weight=23.596280795987695 85.35960980784148 209.38183364272118 1841.0777294789441 59.173933602869511 456.51023235544562 79.843468489125371 347.18492398690432 96.647264913190156 9.938407162204383 46.859572510700673 277.7432293407619 82.588279208168387 26.531983091495931 5.0861491118557733 143.3938446319662 23.851590093225241 86.924496900290251 398.64914871845394 616.91361710429192 149.7016094122082 6.2393339695408931 286.1400528466329 53.041105225682259 5.8622573046013704 20.001831109169871 36.680061746388674 5.5048617506399751 48.915919109247625 55.713108394294977 139.28945070505142 294.26350957900286 89.896131756715477 214.30787988938391 430.3785214331001 40.743227787315845 413.00340455211699 94.619540790095925 12.04399593034759 9.1100374222733063 213.89125208649784 1007.333682261873 724.86089956294745 63.081642023287714 4.8671692726202327 5.1696429303847244 7.1039762985892594 53.501093305647373 208.72174478136003 274.65181613527238 122.02885720599443 78.57546039391309 10.039908974431457 260.52145859412849 231.81414453499019 19.402193968184292 184.57978720031679 96.818520727567375 3.2459005331620565 105.63412950513884 1034.6509938808158 114.8102616770193 211.48154231999069
leaf_count=2472 3293 944 348022 2840 8174 542 16882 8482 429 1351 26449 2008 531 192 16492 1173 395 2576 4010 836 333 6146 3433 143 1262 205 254 654 384 2977 20262 3038 1579 4867 215 2579 944 1058 255 20924 89260 96371 6732 341 269 313 408 1502 11447 2906 4381 212 7241 6628 716 3007 840 45 4015 19576 5243 5240
internal_value=-0.000912118 0.010631 -0.03947 -0.00431961 0.0166263 0.013952 0.00947423 -0.0120806 0.0144965 0.0128099 -0.0154333 0.0129715 0.0206629 -0.0240001 -8.3363e-06 -0.00805921 0.0340443 0.0276655 0.0215336 0.0168932 0.0277533 -0.00746164 0.0067009 0.110255 0.0295274 0.0443587 0.127125 0.0627738 0.022084 0.0181344 0.000735032 0.0192097 0.0135051 0.0106564 0.0165473 0.028454 0.00625659 0.0457919 0.0606185 -0.0185004 -0.0147712 -0.0291487 -0.00153088 0.0572017 0.150843 0.0931688 -0.0108728 0.0223058 0.00706659 -0.00427977 0.0140588 0.0113474 0.00704852 0.027776 0.0824153 0.0129809 0.0194099 0.0447268 0.0124623 0.021213 0.0254611 0.0353746
internal_weight=12359.5 9511.9 2847.59 2722.58 6789.33 5885.65 3700.24 1873.67 209.891 848.91 1663.78 3066.92 1331.98 1006.52 177.836 167.245 903.677 694.295 2185.41 1568.49 379.391 633.325 194.09 15.8007 97.4429 172.237 10.591 75.4479 92.3932 1256.53 469.519 175.256 1396.26 1246.55 978.745 453.747 524.998 77.441 65.397 1498.97 1221.22 828.68 103.819 40.7371 17.1408 11.9711 267.809 607.371 1734.94 475.256 200.604 1259.69 998.43 261.256 29.4421 737.909 553.329 56.287 164.808 1117.24 373.151 258.341
internal_count=786298 313667 472631 197355 116312 110895 94326 158595 15107 38760 143488 71298 25746 124609 18111 17665 5417 4473 16569 12559 12167 23028 14535 572 6053 1131 446 1185 589 24561 26593 6331 11428 10592 8605 2794 5811 4791 3733 136633 110184 106498 10127 3395 923 654 1987 4078 45552 18734 7287 26818 19262 7556 928 12021 9014 3478 6855 21584 11834 6591
is_linear=0
shrinkage=0.05


Tree=28
num_leaves=63
num_cat=0
split_feature=16 38 1 31 5 0 55 5 33 43 37 28 26 21 42 42 23 38 29 48 47 42 51 55 35 42 5 46 45 48 48 22 51 48 30 51 46 54 10 12 48 48 46 14 30 1 48 38 54 42 38 5 51 46 13 48 47 46 29 0 45 40
split_gain=1994.53 279.453 175.046 93.2378 91.135 80.3662 89.8292 58.3862 59.8981 55.9082 56.2693 55.7975 46.723 44.6253 47.7285 44.3057 44.0764 43.2825 42.9089 60.6686 41.2584 41.1548 40.5555 39.5645 38.8606 38.4313 125.051 56.907 47.0836 36.6313 36.4787 49.9693 36.124 49.9824 153.404 35.8586 34.8423 34.334 33.959 35.8102 33.1571 59.0992 31.8915 46.9345 31.7943 47.788 40.8275 37.8586 33.7894 32.0958 30.7276 30.1437 29.3731 29.1108 28.1183 45.2063 28.0744 27.5833 27.2624 26.6896 26.4617 26.385
threshold=-34.880901336669915 -3.6470565795898433 285.34843444824224 8.6260981559753436 230.8393478393555 284.34970092773443 1.0000000180025095e-35 252.14149475097659 5.1746230125427255 -6.5614471435546866 272.34568786621099 23.298627853393558 3.9121685028076176 -22.360010147094723 7.5998916625976571 3.5235214233398442 -28.326768875122067 -1.117652893066406 22.913736343383793 0.97297734022140514 -0.10867550969123839 4.4444503784179696 80.382499694824233 0.98296290636062633 13.106770515441896 3.5909423828125004 265.66770935058599 2.7263679504394536 -1.3090906143188474 0.9032464623451234 0.6732693910598756 -1.8654260039329527 80.382499694824233 0.86031579971313488 16.447739601135257 68.914424896240249 1.0628452301025393 -0.91597560048103321 287.98530578613287 -42.618562698364251 0.91263091564178478 0.52739697694778453 2.3853025436401372 -40.229150772094719 -0.070574760437011705 278.03332519531256 -0.26709595322608942 -36.352928161621087 -0.37940952181816096 4.9745178222656259 -13.176475524902342 258.15319824218756 19.222051620483402 0.81520557403564464 0.66212463378906261 0.26878702640533453 0.6565837860107423 12.248271942138674 -1.0156388282775877 262.04455566406256 1.2272853851318362 8.705879211425783
decision_type=2 2 2 2 2 2 2 2 2 2 2 2 2 2 2 2 2 2 2 2 2 2 2 2 2 2 2 2 2 2 2 2 2 2 2 2 2 2 2 2 2 2 2 2 2 2 2 2 2 2 2 2 2 2 2 2 2 2 2 2 2 2
left_child=2 3 24 5 11 6 25 20 15 -6 13 35 23 53 -15 -9 50 18 22 -20 -8 54 40 56 38 59 28 -28 -27 32 -23 -32 33 42 -35 -5 -22 -17 44 -40 41 -14 43 -26 45 46 49 -48 -46 -1 -12 -47 -30 -11 57 -56 58 -19 -3 -2 -59 -52
right_child=1 12 -4 4 9 -7 7 8 -10 10 16 -13 17 14 -16 37 -18 21 19 -21 36 30 -24 -25 29 26 27 -29 52 -31 31 -33 -34 34 -36 -37 -38 -39 39 -41 -42 -43 -44 -45 48 51 47 -49 -50 -51 61 -53 -54 -55 55 -57 -58 60 -60 -61 -62 -63
leaf_value=-0.041125370367141055 0.12190657210133587 -0.0051117465915447606 -0.045736496534654336 0.013478110733093081 -0.031046987168931652 -0.019893860024457963 0.0078304180963510318 -0.01222282009225753 -0.038624958585854921 -0.039474962828223555 0.0037381144825159329 -0.028533152100109472 0.012616303184134155 -0.011249699666900276 0.024080955218676824 0.10439714868320193 0.12918365298657572 0.013472218228398079 -0.011813803380553732 0.086709931136438323 0.046668232139151722 0.045277173300422587 -0.02678996834155635 0.07731956443758857 -0.029895681027781958 -0.0062554905269210804 0.14994788695414318 0.40484512400115347 0.16912293813504811 -0.033686774353263976 0.0018578106105693742 0.068560713217695635 0.069510691117671594 0.42619386716710994 0.014027398230366387 -0.0304036821513489 0.018809992793870033 0.012591349684816344 0.013548019995882055 0.21673405424823314 -0.016877117203505293 0.038020899376129492 -0.035139281452795663 0.067868534682842083 -0.013704576868335833 0.16871067571655732 0.15634059282556692 -0.0056022176564269558 -0.040835808843850359 0.093716800557391816 0.032764673227246265 -0.02473736035527881 0.035773127366772073 -0.014619176961092387 0.014565148376293269 0.056921093466620311 0.065303052019012431 0.069927167671871029 0.030224140499035386 0.0088841347309411862 0.014503816613130936 0.1481103765127296
leaf_weight=15.727654419839384 6.2361520938575259 63.58960785344243 1978.8169051869772 866.27843929361552 307.56310950778425 218.21440088236704 800.22022279817611 249.57410855684429 96.170551880728453 164.59174319868907 214.68216090090573 98.235841862857342 927.44923542719334 323.64621855737641 135.65732161141932 10.498505984432994 8.0324405878782255 1195.080608908087 269.21374635957181 16.587829692289233 141.22394014988095 313.34778472781181 55.103071626275778 46.559796363115311 24.284686706028879 17.020100575871766 4.9229888147674483 3.9437711797654629 9.5842925170436519 59.191710063721985 129.9252814296633 35.817485023289919 23.645175902638584 2.7266751737333825 13.12017889600247 49.198795715346932 546.83448883797973 340.11852519353852 20.154431229457263 2.4299462432973078 68.406838779337704 303.95346613880247 58.413402890786529 24.827029874548316 163.05299169616774 2.0433056005276731 10.673244781326504 5.4526783283799878 387.43939180159941 6.1342303715646258 21.24294414231554 139.27807216206565 7.2559136557392767 414.3472755998373 139.89829934388399 114.59887436404824 48.39302820712328 43.938896790146828 385.46327580325305 32.163436083588749 42.240155490115285 6.4672425775788716
leaf_count=1386 172 337 391464 23227 26128 15079 19777 17566 9809 13290 18357 5573 10758 19247 5198 401 314 8324 5628 269 2545 1966 1050 206 2826 750 240 224 246 6695 1492 191 743 280 1183 1626 13610 12577 1884 221 2561 5165 6670 1506 19286 124 352 332 48935 349 888 15625 245 34528 674 519 283 216 2277 2044 268 231
internal_value=-0.00132685 0.0100247 -0.0372412 0.0021522 -0.00444711 0.00908616 0.0118772 0.00995869 -0.00199109 -0.0118928 -0.00732135 0.0072772 0.0195737 -0.0124526 -0.000814635 0.00387887 0.0139525 0.0175392 0.0115101 -0.00609552 0.01555 0.0224488 0.0152237 0.0332449 -0.0197045 0.0635402 0.0961646 0.263321 0.0523924 -0.000474709 0.0352429 0.0162725 0.0128971 0.00204662 0.0849465 0.0111199 0.0245279 0.0153403 -0.0249748 0.0354096 0.0170048 0.0188871 -0.010171 0.0195262 -0.0268435 -0.00855759 0.0412287 0.101583 -0.0327997 -0.00328998 0.0101339 -0.0219404 0.111667 -0.0216857 0.0184575 0.0336378 0.0291197 0.0154423 0.0252203 0.0272392 0.0427617 0.059685
internal_weight=12230.9 9293.49 2937.41 5093.92 2609.94 2483.98 2265.77 2184.64 696.362 1596.23 1288.67 1013.71 4199.57 1038.24 459.304 600.191 250.425 3655.56 1640.71 285.802 1488.28 2014.85 1354.91 544.006 958.595 81.1267 42.7271 8.86676 33.8603 206.209 479.091 165.743 147.017 123.372 15.8469 915.477 688.058 350.617 752.386 22.5844 1299.81 1231.4 107.525 49.1117 729.802 179.309 37.9878 16.1259 550.492 21.8619 242.392 141.321 16.8402 578.939 1535.76 254.497 497.446 1281.26 449.053 38.3996 86.1791 27.7102
internal_count=785937 286076 499861 243892 148607 95285 80206 76285 40353 118181 92053 30426 42184 72263 24445 30544 19790 39081 25431 5897 35932 13650 19534 3103 108397 3921 1705 464 1241 19903 3649 1683 13208 12465 1463 24853 16155 12978 88494 2105 18484 15923 11002 4332 86389 18168 2419 684 68221 1735 19476 15749 491 47818 10001 1193 2897 8808 2614 2216 484 1119
is_linear=0
shrinkage=0.05


Tree=29
num_leaves=63
num_cat=0
split_feature=38 17 36 49 41 13 25 42 49 54 29 49 49 36 51 29 49 36 36 36 29 29 40 40 49 49 54 39 41 50 39 41 29 51 41 49 49 48 49 40 35 6 17 41 6 49 18 55 49 31 41 54 48 51 49 23 49 40 19 42 29 49
split_gain=1881.76 271.402 137.856 124.678 118.392 69.2192 120.302 70.011 68.564 65.4457 63.9891 56.2476 72.913 56.1905 55.5402 54.9619 59.5255 56.3386 52.3904 49.2783 62.2531 48.215 56.3724 64.207 48.0066 100.942 99.4348 57.0897 54.612 61.922 49.2754 47.5236 44.8057 43.4052 41.7324 89.8696 85.5145 98.0638 51.2069 46.6762 40.6278 39.9246 47.0033 61.0813 39.6994 46.6724 38.3045 38.2794 64.6115 64.8209 44.7027 44.3413 44.1531 41.3256 37.7882 37.2018 87.1842 51.7822 48.2826 45.1325 41.5538 37.1309
threshold=-32.647064208984368 -11.004549026489256 280.88236999511724 254.46063232421878 3.4945498704910283 -2.9187774658203121 24.03156661987305 4.4444503784179696 286.69125366210943 -1.0000000180025095e-35 7.1702222824096689 269.27120971679693 273.35858154296881 241.47058868408206 80.382499694824233 4.7926559448242196 256.60597229003912 197.94117736816409 207.94117736816409 213.82353210449222 3.1530771255493169 1.4223508834838869 -1.0588302612304685 -1.0000000180025095e-35 259.72676086425787 267.04945373535162 0.91597560048103344 -21.148875236511227 9.8378095626831072 106.65961074829103 -8.2694282531738263 8.3977231979370135 -2.9207673072814937 9.5188941955566424 -0.42216905951499933 276.94873046875006 274.13537597656256 -0.49895256757736201 275.76867675781256 6.6666641235351571 -0.76137718558311451 281.66929626464849 -32.515556335449212 20.6625509262085 249.07259368896487 273.86521911621099 -40.445178985595696 0.37940952181816107 274.50689697265631 9.1784400939941424 2.4129730463027959 -1.0000000180025095e-35 0.95832794904708873 23.82463359832764 257.70365905761724 -13.333340644836424 267.93310546875006 7.3725357055664071 -43.277868270874016 9.2958908081054705 13.110123634338381 263.06666564941412
decision_type=2 2 2 2 2 2 2 2 2 2 2 2 2 2 2 2 2 2 2 2 2 2 2 2 2 2 2 2 2 2 2 2 2 2 2 2 2 2 2 2 2 2 2 2 2 2 2 2 2 2 2 2 2 2 2 2 2 2 2 2 2 2
left_child=2 4 34 19 11 6 14 9 13 18 -10 -2 21 31 24 -11 -17 -18 -7 -3 -21 -13 -23 -24 26 28 27 -5 61 -30 -31 -6 -14 -29 35 36 -1 -38 -39 -36 -34 42 -12 -44 -8 -46 -40 52 49 53 51 -50 55 -49 -33 56 57 -27 -58 -60 -59 -26
right_child=1 3 -4 5 8 7 44 -9 10 15 41 12 32 -15 -16 16 17 -19 -20 20 -22 22 23 -25 25 47 -28 33 29 30 -32 54 40 -35 39 -37 37 38 46 -41 -42 -43 43 -45 45 -47 -48 48 50 -51 -52 -53 -54 -55 -56 -57 58 60 59 -61 -62 -63
leaf_value=-0.035762298264490532 -0.015672571881189628 0.053032983898279665 -0.047279180565185895 -0.014003154330508539 0.01881727953283727 0.040255102043744995 -0.019401959734668198 0.045270216250255291 -0.011823187781448663 0.047695471764106878 0.12881821542878927 0.035299230519842011 -0.035204982392742251 -0.022578082455430637 -0.018372455576618842 0.050201436593675756 0.053487912570687947 0.0098987793638059991 -0.002434526028263842 0.064095425149020599 0.019397454213740964 -0.0082837166599150081 0.36523767653935202 0.092880230655645046 -0.0087421967747481674 0.15456471191114129 -0.031389777261039899 0.012559510306634165 -0.034192729688312204 -0.019776492046146402 0.093443804272025366 0.03081140655381889 0.045612685354199461 0.046499907976063681 -0.033873762392069705 -0.031710165162134568 0.30828604692362305 -0.044101890843037478 0.016527874449442686 -0.00383023951648286 0.0051968991510289581 -0.0014992650541582817 0.085365417814482092 -0.027098691985132286 0.0068267378014934951 0.14764400210332304 0.15940456778401355 0.040686961998695668 -0.015255373998396164 -0.0073710783506956354 -0.020037271400224058 0.052395862274672245 -0.049280996325214627 0.0077342481024931797 -0.017799223181342666 0.0084296050107827408 -0.015320244573674381 0.016318215840730226 0.022147199241469535 0.057306512562138513 0.14977627673545169 0.026452826627383786
leaf_weight=16.84105230960995 169.34591603511944 203.28313486278057 1734.6853420538828 60.145590081810951 173.49465217813849 82.031579256057739 465.06686580553651 221.27977152727544 111.16527317743748 181.95572654344141 20.160022337920964 188.46689659031108 57.397839765064418 1020.7119008111767 154.81913300603628 126.30787618272007 81.10811910033226 861.52489828132093 580.18049937020987 89.239032685756683 612.94078781176358 4.640271315816789 3.7172695444896808 5.1784815937280646 183.69466317165643 20.327707320451736 69.839107187464833 127.54818858206272 242.10753325838596 20.214460826478899 18.318648156709969 44.939601998310536 73.922679598908871 360.28040977753699 593.51593664614484 71.263653385452926 4.9341288087889543 7.6137465387582806 7.3350940062664476 165.28317702002823 391.49785428261384 34.212082512211055 28.835070230066776 20.76909994147718 30.89970974996686 7.2683190554380408 13.013625396415589 261.04991677217185 46.822193937376142 179.07595855556428 259.78815125208348 50.179111694917083 21.477661363780499 149.70463502034545 362.1952761975117 296.2683985773474 67.627169723622501 22.246476826258007 441.10708011221141 115.08868610393256 7.9051504377275696 126.57898057904094
leaf_count=1817 8558 932 356988 2010 5820 450 17752 1463 9896 921 460 5138 3597 107638 4125 916 354 6607 5993 427 4038 264 217 274 3845 330 1546 2911 10310 793 303 2132 2713 6616 83483 7563 285 802 572 18118 20989 2798 950 1197 1875 325 374 2944 493 4399 5320 394 885 1741 27322 7015 1979 618 11218 1898 288 1986
internal_value=-0.00151521 0.00876862 -0.0391026 0.0140711 -0.00462196 0.0114365 0.0073942 0.0186436 -0.0119534 0.0155639 0.0145488 0.0102717 0.0163332 -0.015514 0.0108646 0.0222925 0.0179684 0.0136494 0.00285366 0.0313541 0.0250781 0.0418457 0.132995 0.20669 0.0123028 0.00925105 0.0247979 0.031959 -0.00884028 -0.0248229 0.0340485 -0.00309568 0.00647586 0.0376258 -0.0229811 0.0042888 0.0558678 0.102777 0.0665136 -0.0273296 0.0116161 0.0427442 0.0644411 0.0382771 -0.0153788 0.0336425 0.107902 0.0147654 0.00757288 0.0177325 -0.00922269 0.0197408 0.0216285 0.0286769 -0.0124336 0.0231976 0.0296863 0.092889 0.024572 0.0294224 0.0513082 0.00561594
internal_weight=12170.4 9555.95 2614.49 6845.3 2710.65 5939.84 3805.45 2134.39 1816.48 1913.11 215.142 894.167 724.821 1601.34 3302.22 1250.9 1068.94 942.633 662.212 905.463 702.18 202.003 13.536 8.89575 3147.4 2529.58 617.813 547.974 590.914 280.641 38.5331 580.63 522.818 487.829 879.8 121.001 49.7376 32.8966 27.9625 758.799 465.421 103.976 69.7642 49.6042 503.235 38.168 20.3487 1938.67 946.62 589.831 356.789 97.0013 992.048 410.755 407.135 970.571 674.302 50.4793 623.823 556.196 30.1516 310.274
internal_count=785985 315983 470002 116020 199963 110623 93919 16704 158213 15241 15301 41750 33192 142912 73967 8798 7877 6961 6443 5397 4465 5893 755 491 69842 56759 13083 11537 17237 11406 1096 35274 27299 9527 113014 11413 3850 2033 1748 101601 23702 5405 2607 2147 19952 2200 946 39522 15291 9084 6207 887 24231 4685 29454 23346 16331 1236 15095 13116 906 5831
is_linear=0
shrinkage=0.05


Tree=30
num_leaves=63
num_cat=0
split_feature=1 17 36 31 49 49 53 17 36 40 36 49 49 36 49 11 49 36 52 52 29 49 53 54 41 41 14 46 11 23 49 7 3 19 49 32 36 46 3 20 54 49 39 49 39 39 17 49 52 20 29 29 23 49 53 17 49 55 39 49 52 55
split_gain=1769.32 321.81 145.795 115.071 112.996 112.338 72.2533 65.0951 63.6684 65.021 53.986 50.6218 60.3991 84.005 79.2555 88.5736 87.2891 49.8159 49.417 62.8918 61.2932 48.4233 47.4696 46.5277 45.501 44.0166 43.3556 42.23 40.5506 70.0222 57.4901 50.7645 58.9372 92.4915 40.2484 48.5632 45.4154 39.1056 55.0838 59.9468 42.9498 42.5352 40.8003 40.8447 37.6324 37.6049 36.631 35.8914 35.808 45.7228 49.1049 35.7854 35.1843 39.2377 38.4094 41.7034 49.0842 40.1007 34.8257 35.5127 34.6348 46.7004
threshold=281.89967346191412 -9.5348014831542951 280.88236999511724 5.1856951713562021 286.69125366210943 254.46063232421878 1089.1666564941409 -29.496982574462887 201.47058868408206 2.1764755249023442 242.64705657958987 270.15548706054693 259.93206787109381 208.529411315918 266.63755798339849 248.46878051757815 268.59339904785162 213.82353210449222 13.974009513854982 35.553066253662116 31.354249954223636 259.93206787109381 15.083333492279055 -1.0000000180025095e-35 18.908981323242191 10.185907840728762 -47.60436820983886 2.6825885772705083 289.29652404785162 -49.821004867553704 285.57859802246099 292.22572326660162 283.39083862304693 -49.974615097045891 256.94619750976568 13.965104103088381 225.58824157714847 4.2579717636108407 243.54915618896487 -27.311561584472653 0.60355338454246532 274.21087646484381 -4.993464231491088 271.22605895996099 -27.864198684692379 -19.56281757354736 -8.8059463500976545 255.59030914306643 29.604763031005863 -1.7070164084434507 20.288356781005863 1.9835796356201174 -21.554071426391598 275.10462951660162 1089.1666564941409 -16.313554763793942 265.70214843750006 0.60355338454246532 -11.934640407562254 272.63078308105474 16.850910186767582 1.0000000180025095e-35
decision_type=2 2 2 2 2 2 2 2 2 2 2 2 2 2 2 2 2 2 2 2 2 2 2 2 2 2 2 2 2 2 2 2 2 2 2 2 2 2 2 2 2 2 2 2 2 2 2 2 2 2 2 2 2 2 2 2 2 2 2 2 2 2
left_child=1 3 26 7 10 17 8 60 -7 -10 24 12 18 -14 25 -16 45 -3 23 20 22 -8 -20 46 34 -15 -2 -23 -28 30 -30 32 -32 -34 35 -5 -36 40 -39 -40 -13 42 43 -42 -6 -17 -11 -25 49 50 -24 -19 54 -54 55 56 -9 -56 59 -45 -1 -62
right_child=2 5 -4 4 44 6 21 52 9 11 -12 37 13 14 15 16 -18 51 19 -21 -22 27 48 47 -26 -27 28 -29 29 -31 31 -33 33 -35 36 -37 -38 38 39 -41 41 -43 -44 58 -46 -47 -48 -49 -50 -51 -52 -53 53 -55 57 -57 -58 -59 -60 -61 61 -63
leaf_value=-0.025457075898637035 -0.036467688194904938 0.053339437586785679 -0.047359907003812235 0.021240323153981513 0.014860707873846158 0.038452837005901255 0.11961479556183621 -0.028909543991440446 0.019001512092416871 0.08958081902116305 -0.025234342297468654 0.0037493938347712649 0.023016483744707283 0.00030603996288105329 -0.007952713053082025 0.095136103778250894 -0.011733563894619659 0.075024908736024659 0.091760518225797685 -0.0098101441791458022 -0.0065533997130492426 0.070811524502077824 0.032322389851993441 0.069453972399201522 -0.024131266983259542 -0.032203894559669814 -0.017227754516116262 0.0033124716487710594 0.010553792598589202 -0.0088461394106940008 0.10959951377558302 -0.0058207821784497724 0.73700014139031045 0.21275141063904035 0.054232914053858862 0.14743212886580395 -0.0074780443011492961 0.026208699051429248 0.040778233405890554 0.23022507769682693 -0.02849233464651579 0.0036155885813846894 0.10270144345336969 0.13499235236951573 0.083638345818021917 0.0075258054082685101 -0.018448836908563152 0.0078157936604223033 0.066724765368741237 0.064744967415510044 -0.0088912793422008928 0.022454292296689035 0.0064360957266609139 -0.044539060369634731 0.12939553511915369 0.033440381315676428 0.014672444855542512 0.014165872553982656 0.011695825871606363 0.039368581046705819 0.10922269413603398 -0.0013161367858449966
leaf_weight=201.96802189014852 295.00519321952015 202.45451378822327 1658.5497396886349 37.335064421407878 176.06303091812879 211.71269650757313 21.368903653696179 76.883984848856926 1576.3730644555762 8.0862395837903005 917.79101578658447 620.01419968064874 225.2666221447289 140.11337230354548 387.36417150869966 56.180918995290995 46.768640510737896 34.078055739402771 34.052280986681581 146.25640348903835 110.2443971876055 45.094811790622771 193.11227476596832 25.513692057691514 234.21854815166444 405.27676100283861 443.5513107124716 47.6648751180619 7.2076157163828638 37.253813065122813 3.1193196126259846 2.2433700799010694 1.333660999312998 2.2790609817020586 32.654186486266553 9.5804219134151918 342.76153976283967 267.96948315668851 10.199526234529914 7.0703341644257298 20.584825121797621 87.001061778515577 27.762117553502321 17.820984807796776 22.421559476293623 15.663004758767782 265.19914272427559 317.75152493361384 58.583201546221972 59.566985487937927 115.50159638747573 646.33397829439491 192.17462025862187 46.979503866285086 15.611046189442279 234.09295120090246 404.52632397040725 14.622407530434428 30.598115637898445 21.331271052360535 10.241511680185793 142.54402579553425
leaf_count=18700 50371 939 357602 771 9828 984 225 5163 15787 320 100393 12061 1354 2667 10777 1231 1671 164 610 3232 1016 568 3859 308 17096 14462 46934 689 818 5710 312 357 236 330 790 260 22655 5188 344 247 444 1379 154 190 567 567 7348 5169 1022 325 3012 4148 4376 1639 187 4532 18798 260 299 317 813 12938
internal_value=-0.00100434 0.00865881 -0.0389323 -0.00456389 -0.0129211 0.0149846 0.0123812 0.00649569 0.0115654 0.0104908 -0.0174032 0.00688521 0.00308168 -0.00469235 -0.0106293 0.00362339 0.0414286 0.0315659 0.0105221 0.0194445 0.026937 0.0517588 0.0349492 0.000141536 -0.00645613 -0.0238519 -0.0212836 0.0361269 -0.0122705 0.0288774 0.115718 0.200169 0.268813 0.406281 0.00334623 0.0470094 -0.00211034 0.0158275 0.0317867 0.118338 0.0103105 0.0301446 0.0496882 0.0333961 0.0226301 0.0760358 -0.0152523 0.0123971 0.0304161 0.0246389 0.0168978 0.0250873 0.0131105 -0.00357748 0.0184623 0.0161297 0.00771215 0.0736647 0.0516606 0.0828938 -0.0118689 0.0060935
internal_weight=12068.9 9618.4 2450.54 3112.47 1772.83 6505.93 5623.07 1339.64 5508.94 5297.23 1574.34 3720.85 2610.5 1276.63 1051.37 505.977 118.613 882.867 1333.87 717.317 571.061 114.129 460.816 616.551 656.55 545.39 791.993 92.7597 496.988 53.4368 16.183 8.97541 6.73204 3.61272 422.331 46.9155 375.416 1110.35 285.239 17.2699 825.113 205.098 118.097 90.3352 198.485 71.8439 273.285 343.265 426.764 368.181 308.614 680.412 984.891 239.154 745.737 715.503 481.41 30.2335 69.7504 39.1523 354.754 152.786
internal_count=785513 322843 462670 219766 152360 103077 97826 67406 96344 95360 141965 79573 58950 32729 31375 14246 3469 5251 26221 13076 9844 1482 8828 13145 41572 17129 105068 1257 54697 7763 2053 1235 878 566 24476 1031 23445 20623 5779 591 14844 2783 1404 1250 10395 1798 7668 5477 8218 7196 6871 4312 34955 6015 28940 28493 23961 447 806 507 32451 13751
is_linear=0
shrinkage=0.05


Tree=31
num_leaves=63
num_cat=0
split_feature=38 36 36 40 17 49 48 49 5 53 41 49 45 53 7 52 49 48 49 48 48 47 38 33 0 40 48 51 54 40 48 49 23 54 48 54 54 23 48 0 41 36 41 48 41 36 39 40 47 17 44 53 36 36 46 29 23 22 49 48 51 36
split_gain=1647.34 244.263 154.449 93.6558 102.897 68.7879 67.5431 61.6422 60.9038 59.7403 56.4193 89.6578 74.5824 75.3933 55.6988 54.2755 53.7012 117.383 67.7409 57.3098 53.1675 52.7569 51.5242 51.3081 64.6955 49.7219 49.0402 51.4866 56.1165 46.1646 43.9166 57.3357 50.9486 107.522 55.4879 54.6576 59.4175 70.9459 47.2635 81.8697 46.2391 43.4808 45.1544 58.9193 70.0151 53.035 43.6654 45.9045 44.3318 41.6256 41.1822 46.201 40.7917 38.9456 38.7366 38.5624 58.8739 46.6343 45.8619 44.4859 49.5076 46.207
threshold=-32.647064208984368 226.17646789550784 280.88236999511724 1.0000000000000002 -13.95042037963867 255.59030914306643 0.53731119632720958 247.43756103515628 261.94412231445318 1089.1666564941409 -0.42216905951499933 276.94873046875006 0.69949913024902355 171.19444274902347 285.58470153808599 95.494766235351577 269.27120971679693 -0.56490284204483021 273.45858764648443 0.16143232583999637 0.04865998029708863 -2.5949630737304683 -1.117652893066406 9.5303587913513201 280.88150024414068 6.9803848266601571 0.64702248573303234 105.06754302978517 -0.7865660786628722 19.470581054687504 -0.40797063708305353 288.72994995117193 -43.752634048461907 -1.0000000180025095e-35 -0.54677528142929066 -1.0000000180025095e-35 0.78656607866287243 -33.05591964721679 -0.49531143903732294 267.93907165527349 -0.52142748236656178 197.94117736816409 8.3977231979370135 0.086114823818206801 23.847252845764164 215.00000000000003 -7.6092963218688956 -0.45098876953124994 -0.33190214633941645 -19.8611946105957 -1.5097980499267576 35.250000000000007 239.70588684082034 242.05882263183597 6.6091613769531259 31.354249954223636 -1.2585433125495908 1.0000000180025095e-35 258.38572692871099 0.63953983783721935 30.910787582397464 209.11765289306643
decision_type=2 2 2 2 2 2 2 2 2 2 2 2 2 2 2 2 2 2 2 2 2 2 2 2 2 2 2 2 2 2 2 2 2 2 2 2 2 2 2 2 2 2 2 2 2 2 2 2 2 2 2 2 2 2 2 2 2 2 2 2 2 2
left_child=2 5 9 7 6 22 -5 -3 -8 10 11 12 -1 -14 16 41 17 -9 20 30 -18 -10 54 24 -21 -12 27 28 -23 -6 32 -32 33 -20 -34 38 37 40 39 -36 -37 -7 46 -44 -45 55 47 -43 -48 -39 51 -22 -28 -19 -2 56 59 -57 -59 61 -61 -46
right_child=1 3 -4 4 29 15 8 14 21 -11 25 -13 13 -15 -16 -17 18 53 19 23 50 26 -24 -25 -26 -27 52 -29 -30 -31 31 -33 34 -35 35 36 -38 49 -40 -41 -42 42 43 44 45 -47 48 -49 -50 -51 -52 -53 -54 -55 -56 57 -58 58 -60 60 -62 -63
leaf_value=-0.0022812744840822094 0.013690073618763938 0.079447239025561278 -0.047027193627795019 -0.028158141294146091 0.0037943527900278795 0.049013390179748005 -0.019353431085586761 0.10025268677666228 -0.02923658536425679 0.055250477179554336 -0.035158548745792099 -0.029150778136573803 0.054317843765917799 0.23248371921268204 -0.024173176981385002 -0.027316929344701053 0.026469767453417704 0.0052765105330051442 0.23012200357396595 0.21259457935730652 0.24292865619274029 0.3100301649653785 0.042690208363606597 -0.036633615867323825 0.02194767627198602 -0.0029264651203572307 0.17959370094547414 0.34824954088863141 0.038554734319356548 -0.034236164516263594 -0.011861271328279542 0.079127196005586029 -0.014432186917833932 0.019198865953389432 -0.026092377211399183 0.094247187748575961 -0.038362112510029328 0.1714622622046541 -0.039714636972123567 0.20254495717956678 -0.0061575352756119937 0.013013465719862914 -0.0029509541965356051 0.0306751283524982 0.039581717389921688 -0.0025126432519705947 0.034598895633267839 0.047732389100748868 0.0062145331866711269 0.07252633699125742 0.016466117661725867 0.08605529034417729 0.015613889215513158 -0.026076571611206439 0.057818948621209815 -0.0099671619924616948 0.0619093749439261 0.0042826556832947045 0.063627681743228318 0.016346250591419243 0.063243674451436707 -0.021636082119712859
leaf_weight=24.743553997017443 459.59359901957214 30.891615033149719 1579.684466836974 615.21956361271441 1798.8580720433965 88.047515988349915 277.51374912355095 25.07360703824088 51.591362874489278 25.208837101235986 553.71632277173921 65.378116799052805 16.242539300117645 9.3592236242257041 123.50699976785108 80.046609763987362 400.38844591239467 187.43127643642947 8.4878046470694262 9.8055534823797696 6.3965840949676958 2.2177258110605171 382.32065129652619 6.6360223731026045 8.1473883972503227 152.63059201324359 3.8852090644650152 1.9696832560002793 13.438040382694455 83.500770167447627 356.65903779491782 18.19718726631254 128.35073830839247 20.969252836890519 10.522224818356337 15.155634577386079 19.036186420824379 13.417179885320364 43.918011995498091 6.2356113456189624 47.111110047437251 150.74271297082305 664.06734175048769 489.0831444831565 43.122917100787163 606.46239709015936 191.92985128797591 258.41403452306986 485.61846103705466 51.205073833465576 12.687020587734876 17.627681380603462 159.02616687864065 210.03943239804357 55.763481694273651 223.44897943548858 91.101982787251472 84.964933827519417 52.777943775057793 200.55882970243692 78.22359387204051 108.07881169952452
leaf_count=2627 3389 137 356711 67071 67895 395 27902 601 6324 1251 83766 7408 762 391 12298 1503 9155 3848 407 380 225 213 1838 362 533 16736 183 74 1511 6327 14367 699 6321 1330 269 443 1165 471 1327 278 1855 877 8723 6958 243 16693 1096 2143 3198 541 415 621 13632 12896 450 1839 467 399 230 1918 666 1008
internal_value=-0.00099415 0.00832798 -0.0377896 0.000336142 -0.00504236 0.0163044 -0.0170068 0.00943361 -0.00354527 -0.0205669 -0.0228918 0.00946962 0.0596218 0.11945 0.00819558 0.0134298 0.010658 -0.00467271 0.016052 0.00706909 0.0317501 0.0153537 0.0287825 0.0821638 0.126075 -0.0281937 0.0280961 0.107322 0.0770107 0.00210733 0.00457133 -0.00744429 0.0169314 0.0799746 0.0113872 0.0274274 0.0440107 0.0563685 -0.0124555 0.0589839 0.0182808 0.0142844 0.0134643 0.00993537 0.014262 0.00886999 0.0220436 0.0349411 0.014255 0.0930679 0.0893397 0.127824 0.0195246 -0.0112917 0.018465 0.0166942 0.0253971 0.00413869 0.0270215 0.0176611 0.0295052 -0.00417669
internal_weight=12006.4 9579.48 2426.96 4785.12 3007.22 4794.37 1124.86 1777.9 509.642 847.279 822.07 115.723 50.3453 25.6018 1747.01 3896.69 1623.5 422.544 1200.95 763.854 437.1 232.128 897.678 24.589 17.9529 706.347 180.537 17.6254 15.6558 1882.36 739.265 374.856 364.409 29.4571 334.952 206.601 145.925 126.889 60.6758 16.7578 62.2667 3816.64 3728.6 2641.89 1977.82 1488.74 1086.71 409.157 677.548 64.6223 36.7113 24.0243 162.911 397.471 515.357 882.278 521.086 361.192 137.743 429.984 278.782 151.202
internal_count=785761 316109 469652 262076 191132 54033 116910 70944 49839 112941 111690 11188 3780 1153 70807 48356 58509 17345 41164 30748 10416 21937 5677 1275 913 100502 15613 1798 1724 74222 29473 15066 14407 1737 12670 6349 4475 3310 1874 547 2298 46853 46458 39144 30421 23463 7314 3020 4294 1012 1261 846 13815 16744 3839 6770 4302 2468 629 3835 2584 1251
is_linear=0
shrinkage=0.05


Tree=32
num_leaves=63
num_cat=0
split_feature=38 17 3 41 38 50 17 47 52 54 53 47 11 48 48 26 43 53 17 31 40 42 48 7 41 26 17 2 4 37 10 18 41 40 43 31 42 3 14 42 41 48 43 37 29 5 38 53 45 29 17 52 53 8 34 25 15 40 17 47 37 38
split_gain=1543.97 238.972 135.465 81.9409 86.4582 73.9445 64.5569 108.884 56.3495 53.6048 82.0351 68.3682 77.9457 79.164 55.8471 52.3315 48.6643 46.2342 42.8633 46.2061 42.5862 41.828 39.6031 39.341 39.029 37.5892 36.9388 52.0622 49.8536 62.3106 40.3447 66.0936 35.9927 58.004 39.3967 35.413 35.0028 34.8092 34.201 52.3244 42.875 32.6514 40.9485 32.3146 40.7261 75.4813 33.4611 32.2257 31.6709 31.4936 31.2522 45.8584 41.2562 31.1459 30.6889 81.4575 42.6941 41.7324 41.271 51.5225 51.2935 46.1896
threshold=-33.176475524902337 -5.3756484985351554 284.16279602050787 2.7189543247222905 -8.9411697387695295 94.038017272949233 -28.1078987121582 0.53673219680786144 57.570123672485359 0.12940952181816109 805.25000000000011 -2.5123047828674312 265.93986511230474 0.034703314304351814 0.95832794904708873 -2.2751493453979488 -3.6650924682617183 1089.1666564941409 -0.70683670043945301 25.483693122863773 15.215675354003908 7.9050292968750009 0.11192005872726442 291.32240295410162 8.0791559219360369 2.7115030288696294 -15.162521362304686 250.81072998046878 249.88856506347659 278.74002075195318 290.25871276855474 -48.305747985839837 -0.62865552306175221 -2.4902038574218746 -0.50584411621093739 8.8504185676574725 2.2430114746093754 240.37794494628909 -32.933012008666985 9.4939575195312518 18.908981323242191 -0.58530998229980458 -3.3036117553710933 254.98547363281253 11.298805236816408 237.715934753418 -13.529411315917967 7.8333334922790536 2.2745952606201176 3.2615575790405278 -42.102453231811516 4.2768795490264901 3.9444444179534917 285.93626403808599 9.2093033790588397 7.6689863204956064 -27.444692611694332 7.1764602661132821 -32.515556335449212 0.094367057085037245 279.94190979003912 -13.176475524902342
decision_type=2 2 2 2 2 2 2 2 2 2 2 2 2 2 2 2 2 2 2 2 2 2 2 2 2 2 2 2 2 2 2 2 2 2 2 2 2 2 2 2 2 2 2 2 2 2 2 2 2 2 2 2 2 2 2 2 2 2 2 2 2 2
left_child=2 3 5 15 9 32 50 -8 17 11 43 -5 -13 -14 16 -2 -15 18 19 47 22 53 35 26 49 -23 27 -18 -28 -30 54 -32 33 -1 -35 -6 41 -12 -24 -40 -41 42 -20 44 45 46 -11 -3 -19 -10 51 -7 -53 -17 55 56 -29 -56 59 -59 -61 -60
right_child=1 8 -4 4 20 6 7 -9 24 10 37 12 13 14 -16 21 23 48 36 -21 -22 25 38 -25 -26 -27 28 30 29 -31 31 -33 -34 34 -36 -37 -38 -39 39 40 -42 -43 -44 -45 -46 -47 -48 -49 -50 -51 -52 52 -54 -55 57 -57 -58 58 61 60 -62 -63
leaf_value=-0.021555817009919015 -0.024232888848700531 -0.0021320367456892217 -0.046681722266200217 -0.025221301945605484 0.0069949800466865058 0.18611017043174158 0.30607829782495666 0.019800950506864881 -0.0028756857397650728 0.16190707255392728 0.18983823540323516 -0.01385315245534067 -0.010952366551325692 -0.0039779789974076808 -0.035201339752443155 0.0086795238060174626 0.26447618791550281 0.066986134935299091 0.072619771064865432 -0.00015312505319013288 -0.018702098970378316 0.025106964788437065 -0.027427790268151578 -0.024248133472264927 -0.02569266928195605 0.12799086297566631 0.0035596601268291154 0.03408346877857954 0.30805685509659786 0.079379260893034695 0.45384291545961625 0.0071871331914191402 -0.033997319821574348 0.11694585977370281 -0.019959388062469084 -0.018388124518260437 0.030402771260749119 0.033179393088513233 0.0078853895361453014 0.063828205068388752 0.017851237224237773 0.014488442542074884 0.0029785729785263642 -0.029988795156487488 -0.041086120056393741 -0.017850998604389195 0.043706053945991058 0.016839394014201047 0.0042492412233301425 0.06486132816386915 -0.018367558764166392 0.23149942687522432 0.0051543571399532521 -0.046759084648984359 -0.011976424920957969 0.37626398656095722 0.21618699248323955 0.053860636324005701 0.013766824918106583 0.30095886955315332 0.08611028562931404 0.16957193564304782
leaf_weight=82.151035550516099 93.73553185351193 252.6014785580337 1515.1939553068951 285.01112138852477 502.77505352674052 4.3748289910145095 4.7516281995922318 11.03545915475115 56.142553757876158 7.1897739493288091 3.9275009194388977 353.86191750317812 150.95763576030731 46.837823012843728 26.086379840970039 504.80690636299551 2.8297606250271192 72.014323086477816 54.631083983927965 687.83248757943511 171.81505101546645 376.12329605035484 37.889532376080751 15.284174442291258 141.96669068653136 9.0924637089483422 5.4839312899857786 18.243025760166354 5.5622315192595106 6.413892955519259 1.5861476561985912 1.7333159116096784 521.2181183216162 14.804631926119329 8.1463514254428429 189.08566917292774 629.57689279131591 36.492740166373551 279.74933842848986 103.19785404298455 99.688994279131293 1405.7895492315292 34.398510992527008 628.62218897463754 57.765521341003478 84.83325285743922 35.802375757135451 1966.0862098075449 27.914193226024508 24.713249081745744 88.756086436565965 2.11683833785355 41.121049367822707 26.67339171981439 34.892800331115723 2.3423810126259914 3.9081530403345814 24.448346208781004 56.247535094153129 5.0728180236183089 6.1410839906893671 5.1963187116198304
leaf_count=9854 4989 4117 363636 28926 9867 118 362 820 496 310 167 26673 14839 4164 2808 20961 92 646 334 14534 9822 8810 1825 2295 2940 248 309 1830 271 279 208 228 74258 386 784 6523 3668 1881 10497 2421 3244 10016 204 66874 5274 5374 1422 26700 348 304 9381 187 4399 3560 3438 239 165 1458 4222 215 221 306
internal_value=-0.00109404 0.00766128 -0.0379719 -0.00110566 -0.00492342 -0.0210196 0.0102451 0.105965 0.0147149 -0.0118113 -0.021125 -0.00428883 0.00342784 0.018013 0.0343096 0.0113514 0.0417956 0.0157839 0.015115 0.0111693 0.00459462 0.0149901 0.00789615 0.0527684 -0.00990034 0.0275354 0.0593044 0.0518851 0.128415 0.185587 0.0481208 0.220614 -0.0286149 -0.00192278 0.0683519 5.77727e-05 0.0205133 0.0484014 0.0183146 0.0219056 0.0412373 0.0163481 0.0457124 -0.0245765 -0.00624418 0.00950122 0.0634734 0.0146795 0.0494611 0.0178279 -0.000836211 0.0318444 0.0162357 0.00589723 0.044462 0.0958632 0.0662122 0.034924 0.0517766 0.0945628 0.183301 0.0269433
internal_weight=11954.7 9661.07 2293.67 4307.41 3296.98 778.476 152.156 15.7871 5353.67 1912.77 854.633 1058.14 773.13 419.268 268.31 1010.43 242.224 5130.84 5030.92 2906.52 1384.2 916.696 1212.39 195.386 222.822 385.216 180.102 162.642 17.4601 11.9761 159.812 3.31946 626.32 105.102 22.951 691.861 2124.4 40.4202 520.526 482.636 202.887 1494.82 89.0296 814.213 185.591 127.825 42.9921 2218.69 99.9285 80.8558 136.369 47.6127 43.2379 531.48 156.492 24.4936 22.1512 131.999 97.1061 35.6622 11.2139 61.4439
internal_count=785747 321562 464185 257255 218687 100549 15267 1182 64307 174488 81302 93186 64260 37587 22748 38568 19940 60567 59573 45351 44199 33579 34377 15776 3740 9058 13481 12622 859 550 12530 436 85282 11024 1170 16390 14222 2048 17987 16162 5665 10554 538 79254 12380 7106 1732 30817 994 800 14085 4704 4586 24521 12094 2234 1995 9860 6422 1894 436 4528
is_linear=0
shrinkage=0.05


Tree=33
num_leaves=63
num_cat=0
split_feature=38 38 49 3 52 53 40 21 49 48 54 50 43 55 49 46 46 1 29 4 42 40 53 36 29 49 49 36 52 49 48 55 52 17 33 17 49 33 36 36 43 54 49 52 38 46 49 29 41 3 21 52 49 50 23 25 53 48 28 53 17 37
split_gain=1474.74 254.504 115.6 86.6866 67.1319 68.7884 70.9635 100.85 61.5753 70.4387 67.7114 60.0592 54.3775 63.7836 64.7134 72.5254 79.2773 65.2117 67.4582 64.519 59.6319 52.9995 49.7719 49.0642 56.7648 48.4853 96.9711 56.1019 63.8865 52.4538 51.7337 59.231 48.6638 46.7818 63.4734 45.2902 44.3888 54.5639 41.6159 41.1322 46.4951 40.7819 39.4375 37.715 56.2173 37.5811 37.4428 36.3337 36.2158 45.503 34.6793 52.8749 33.9528 38.4868 33.6566 38.1677 49.4054 32.7389 55.3833 38.5371 32.6978 32.5243
threshold=-35.647056579589837 -13.529411315917967 254.46063232421878 283.86468505859381 57.570123672485359 233.16666412353518 1.803916931152344 1.0000000180025095e-35 267.04945373535162 -0.57820284366607655 1.0000000180025095e-35 94.860118865966811 6.1756896972656259 0.37940952181816107 268.43287658691412 4.3465795516967782 1.1973409652709963 274.61524963378912 15.350136756896974 260.62001037597662 10.345108032226564 0.27452087402343756 525.10415649414074 213.82353210449222 3.1530771255493169 256.94619750976568 267.56375122070318 210.29412078857425 13.974009513854982 260.66418457031256 0.95832794904708873 -0.12940952181816107 13.71247720718384 -29.145763397216793 1.9504557251930239 -15.162521362304686 276.13734436035162 7.9266071319580087 230.88235473632815 277.94117736816412 2.1403656005859379 -1.0000000180025095e-35 282.48001098632818 4.3194870948791513 -6.9411697387695304 4.990553855895997 289.56823730468756 21.483678817749027 -0.23868268728256223 255.44509887695315 -42.023200988769524 11.93369770050049 290.03321838378912 33.937486648559577 -44.344017028808587 11.705850601196291 40.983333587646491 0.1445879936218262 16.300477981567386 12.083333015441896 -42.102453231811516 279.05592346191412
decision_type=2 2 2 2 2 2 2 2 2 2 2 2 2 2 2 2 2 2 2 2 2 2 2 2 2 2 2 2 2 2 2 2 2 2 2 2 2 2 2 2 2 2 2 2 2 2 2 2 2 2 2 2 2 2 2 2 2 2 2 2 2 2
left_child=3 8 23 11 5 6 -4 25 9 -2 12 -1 13 14 15 16 -10 18 -18 -16 -19 -15 35 -3 -25 32 27 -27 -29 47 31 38 -8 60 -35 48 37 -33 -28 40 46 -7 -40 44 -43 -26 61 -30 49 -12 51 -48 -50 54 -54 56 -56 -34 -59 -60 -13 -21
right_child=1 2 4 -5 -6 41 7 -9 10 -11 22 33 -14 21 19 -17 17 20 -20 39 -22 -23 -24 24 45 26 30 28 29 -31 -32 36 57 34 -36 -37 -38 -39 42 -41 -42 43 -44 -45 -46 -47 50 -49 52 -51 -52 -53 53 -55 55 -57 -58 58 59 -61 -62 -63
leaf_value=-0.031838097951128769 0.057804336530089956 0.04986681893695924 0.01670713474121063 -0.046714408514267586 -0.012927200450074172 0.0106615120638755 0.0013604150519498895 0.037346412909218488 0.012074290320125226 -0.02875109846724351 0.20799666158815033 0.030761797407981552 -0.031374460869003654 0.0083819139963751729 -0.015131343524387534 -0.019899853543518461 0.011592831243738208 0.48158631799312479 0.21769574927659777 0.075953718462356615 0.14224071642402569 -0.030390821123702141 0.018281479240790325 0.0568177605738606 0.009975918552362106 0.0092894016767347733 0.028591402770375141 -0.0290393315494211 0.028051195577140739 -0.020465857960485605 -0.050199994917374383 0.029345486362741653 -0.018049442410338675 0.30184628861999346 0.038030526450569591 0.0072531538491754591 -0.020012311892375258 -0.0043450308269313877 -0.0095478739372013635 -0.037602055174073445 -0.0076479679843986436 0.15119277922986241 0.041663119575797547 0.023807307806908543 0.035487907927439576 0.040338402123504979 0.38350256273316896 -0.018572112031575386 -0.031105819146798871 -0.0013504949706981963 0.056310203625241612 0.099671655326059636 -0.050489860516715793 -0.041816878987822603 0.053295007167837999 -0.0082324684828632751 0.31663885781706169 0.089878457820505422 0.094571284715787005 0.016634485815196744 -0.026625757005006148 0.026883180077213381
leaf_weight=445.50270195025951 24.843207790981978 199.47337611019611 1370.2041066819802 1432.9443360555451 330.84883083589375 774.27982638590038 283.31610347190872 203.26675448566675 11.000700962264089 436.40493703470565 2.6656162980943909 42.611050850711763 86.888588655274361 298.7297968363855 103.79720183974132 12.688052253331987 7.0604357090778711 2.9075753372162572 9.0706488443538529 50.561279237736017 2.3336545443162322 125.02429604739882 110.23433032957837 100.02248863503337 494.17457727016881 242.02207470312715 433.14468103367835 538.86724395118654 148.45008119242266 212.20277358219028 38.493464585859329 178.86887974245474 28.050411742180586 2.9540462107397607 9.991741562727837 149.45464371098205 217.3871358144097 366.27228348795325 169.61508841253817 19.243763342499733 42.944520966149867 14.527584067545829 48.299743315204978 813.14015293121338 37.847671616822481 128.3928289366886 2.6479362729005507 58.158173210453242 521.92430102895014 98.887688660994172 8.3027247954159957 4.31431785505265 3.5565674602985373 11.024882508907465 3.3491110985633004 3.4963660661596805 3.8038733163848519 42.977297065779567 17.948852385394275 136.36392033053562 59.452829412184656 101.66914510726929
leaf_count=64703 991 956 16820 360062 9095 16453 5916 948 982 41676 68 3889 9725 17727 8306 1143 576 207 382 2908 245 13459 6763 511 3088 1533 7712 20468 4111 8142 1759 3213 487 131 817 6699 5610 9765 10098 2762 5152 355 1380 13490 392 900 249 1808 61277 7545 292 380 501 1066 208 220 241 501 251 2630 6554 9200
internal_value=-0.000961807 0.00694945 0.0113156 -0.0401933 0.00903272 0.0101726 0.00711547 0.00320831 -0.00779211 -0.0240892 -0.0036104 -0.0235222 0.00619801 0.0102671 0.0251833 0.0814232 0.121135 0.177271 0.127486 0.0175839 0.330493 -0.00305758 -0.0132114 0.0279147 0.0218548 0.00101269 -0.00169966 -0.0122188 -0.0176543 -0.00300572 0.00699121 0.00854859 0.015153 0.00869036 0.0982296 -0.0175608 -0.000908673 0.00670933 0.019625 0.0323684 0.0387669 0.0189983 0.00180279 0.0264562 0.0675815 0.0162376 0.0506673 0.0149272 -0.0232777 0.00414454 0.125322 0.20762 -0.0283673 0.0282815 0.0826832 0.127159 0.193338 0.0324941 0.0396803 0.0256997 -0.0026668 0.0431813
internal_weight=11878.9 9885.45 7626.62 1993.46 6704.55 6373.7 4733.91 3363.7 2258.83 461.248 1797.58 560.512 889.185 802.296 378.542 45.0611 32.373 21.3723 16.1311 333.481 5.24123 423.754 908.397 922.063 722.59 3160.44 2651.78 1199.7 957.678 418.811 1452.08 1413.59 508.657 115.01 12.9458 798.163 762.528 545.141 651.06 229.684 210.44 1639.8 217.915 865.515 52.3753 622.567 167.495 206.608 648.708 101.553 15.265 6.96225 547.155 25.2308 14.2059 10.6494 7.15298 225.34 197.29 154.313 102.064 152.23
internal_count=785498 349342 148392 436156 142937 133842 103152 86332 200950 42667 158283 76094 73695 63970 32784 3535 2392 1410 958 29249 452 31186 84588 5455 4499 85384 75599 36062 34529 14061 39537 37778 9785 11391 948 77825 18588 12978 19190 20943 18181 30690 11478 14237 747 3988 13029 5919 71126 7613 921 629 63513 2236 1170 669 449 3869 3382 2881 10443 12108
is_linear=0
shrinkage=0.05


Tree=34
num_leaves=63
num_cat=0
split_feature=38 38 2 49 47 19 53 54 49 5 49 48 49 32 50 53 49 37 29 49 49 35 54 49 48 48 48 49 29 38 37 45 51 48 54 39 49 49 49 48 22 35 5 49 18 40 51 37 49 51 38 39 39 29 40 1 49 40 53 49 44 48
split_gain=1379.94 168.744 124.286 77.6177 66.8317 69.6249 66.1934 78.7385 79.5636 92.2102 53.3967 53.1669 59.7899 51.8713 43.4213 41.3837 44.9053 46.6674 47.6096 54.5311 71.5864 74.1484 41.0771 49.1338 40.1465 41.2792 48.5981 38.9755 49.8647 36.5288 35.3329 37.7036 33.9703 32.999 38.9458 63.7601 47.2506 49.304 40.6945 51.3694 49.8404 43.9205 37.4501 57.4012 45.1906 35.6385 33.6182 33.2169 45.3305 32.2528 32.2139 29.9688 54.9143 32.7319 29.5779 38.6678 29.3315 48.3038 28.7501 115.487 28.4357 28.3796
threshold=-33.176475524902337 -3.6470565795898433 284.50132751464849 255.59030914306643 -3.0682443380355831 -24.670443534851071 456.79167175292974 0.37940952181816107 269.68820190429693 238.83087158203128 276.94873046875006 -0.36422622203826899 259.93206787109381 23.495927810668949 94.038017272949233 13.111111164093019 258.38572692871099 248.02105712890628 15.661855697631838 265.70214843750006 268.43287658691412 21.224394798278812 -1.0000000180025095e-35 270.83627319335943 -0.38575345277786249 -0.46314680576324457 -0.47515141963958735 290.03321838378912 2.9361600875854497 -10.705879211425779 241.46332550048831 -0.92078399658203114 30.196672439575199 0.91809886693954479 0.78656607866287243 -2.0842412710189815 270.26141357421881 275.76867675781256 256.94619750976568 0.63953983783721935 -10.976893424987791 9.7191252708435076 225.14548492431643 261.91014099121099 -7.5881195068359366 1.4705810546875002 50.025959014892585 212.46549987792972 260.24180603027349 18.592634201049808 -39.705886840820305 -25.587512016296383 -13.768336772918699 -0.46271467208862299 2.2548980712890629 224.44196319580081 268.43287658691412 9.6862716674804705 1089.1666564941409 276.75975036621099 -0.40054702758789057 -0.2346743047237396
decision_type=2 2 2 2 2 2 2 2 2 2 2 2 2 2 2 2 2 2 2 2 2 2 2 2 2 2 2 2 2 2 2 2 2 2 2 2 2 2 2 2 2 2 2 2 2 2 2 2 2 2 2 2 2 2 2 2 2 2 2 2 2 2
left_child=2 4 14 32 5 -2 7 13 11 10 -10 12 24 15 50 -6 51 -18 -19 -20 21 -21 23 30 25 26 -9 29 -29 -11 -5 -32 -3 34 38 36 54 -38 39 -24 -41 46 44 -44 -43 -39 60 -37 -49 -50 -1 53 -53 -17 55 -36 -46 -58 -4 -60 -40 -34
right_child=1 3 58 22 6 -7 -8 8 9 27 -12 -13 -14 -15 -16 16 17 18 19 20 -22 -23 33 -25 -26 -27 -28 28 -30 -31 31 -33 61 -35 35 47 37 45 41 40 -42 42 43 -45 56 -47 -48 48 49 -51 -52 52 -54 -55 -56 -57 57 -59 59 -61 -62 -63
leaf_value=-0.042520127820061843 -0.027123406863325462 0.03429577878160666 -0.046719545467089625 -0.0056208116866812491 -0.0062387348488670089 0.0034266884485467317 0.019329948543649229 -0.0097958449850768289 0.033386923049838084 -0.02031194970625072 -0.0069890298099408305 -0.031306540090650654 -0.018681418065238629 -0.012010040699117321 0.0040514477038038786 0.10128595081717073 -0.0076963863295557849 0.011358312767649656 -0.036149805451197455 0.32584836448966775 0.042301838734389641 0.088575340273162828 0.0026271383484871604 0.017364984470556264 0.12116453322211221 -0.045895972085121139 0.13235196984829697 -0.042957694028586547 0.14255225427886536 0.010540757052601215 0.067475271843296977 0.0054723844144477828 0.04507524013518463 -0.010797941891693252 0.033849723851084645 0.01163258852122161 0.05115047228492442 0.032129954540423819 0.027466167014935108 0.0027535432804194218 0.077566486949280589 -0.03286438002754475 0.15884824386144955 0.0090004198203824121 0.0064128178644763407 -0.031525816685736611 -0.0088427897832995279 0.065908799841684337 -0.011935723057580106 0.045674745403857957 -0.017421243264134915 0.06821299535142776 0.014524642793077814 -0.033358583028642461 -0.026559530176887086 -0.026667533709746855 -0.00081300082312531241 0.06891705663045361 0.3756929881955629 -0.028065389098245103 0.061123997548354396 0.0015850710715955897
leaf_weight=201.50341548607685 396.18781168805435 605.52814814820886 1409.5940451319329 830.9994559539482 357.15390363801271 352.37758369510993 569.10040450841188 12.101412140298633 255.41724778478965 436.97873856616206 120.52599907107651 431.39398389868438 108.90108866803348 327.04161876859143 146.22825707355514 5.414596830494701 318.3525098497048 1224.8938173525967 13.722902755718676 5.0323747652582815 42.952122776769102 9.5243883454240841 51.102200044319034 501.97066356893629 13.37221549451351 14.533816429320725 11.950848979875444 6.0588155067525795 9.0082213934510929 122.92569562420249 34.597923935391009 84.164072897285223 48.220948338508606 110.89958999026567 57.813422713428736 255.83717349544168 67.420409422367811 37.39707438647747 154.98860139679164 28.29161043651402 104.46039769798517 60.408733418211341 10.600017447955908 16.094353945925832 354.15935271792114 53.363177934661508 38.713782791048288 86.209910459816456 49.904195010662079 47.340586755424738 349.71813511592336 93.831415279302746 96.725822706706822 27.128620081115514 194.89359607547522 48.571576558053493 45.718820264562964 54.373468907549977 1.9952281343285019 15.762379418825729 105.44646168500185 168.90194952301681
leaf_count=32785 33148 3527 369184 12972 17867 12755 22984 295 5347 42084 2677 28116 5976 20407 13874 62 9991 65826 1191 271 1918 389 380 4638 114 319 118 434 441 2682 429 1030 227 2218 311 1249 496 232 944 215 761 950 227 438 3436 520 308 439 363 286 43487 1267 1235 1839 2818 395 437 351 381 3639 566 1110
internal_value=-0.000978355 0.00702264 -0.03747 0.0143972 0.00111979 -0.0127423 0.00335903 0.00112307 -0.00777269 0.00118722 0.0204425 -0.0221586 0.00237439 0.00656671 -0.0201707 0.00933487 0.0123618 0.00945622 0.0136692 0.0534072 0.0747775 0.170602 0.011137 0.00471224 0.0465059 0.0206326 0.0608332 -0.0114028 0.0679543 -0.0135383 -0.00197503 0.0235352 0.0282117 0.0157225 0.0172519 0.00965551 -0.00336649 0.0187623 0.0239167 0.0452249 0.0616226 0.0192557 0.0107593 0.0685032 0.00776425 -0.00529694 0.0346313 0.0232753 0.0395118 0.0161101 -0.0265963 0.033388 0.0409611 -0.0109562 -0.0149848 0.00621971 0.0131673 0.0370667 -0.0459231 0.0173005 0.0410937 0.0112438
internal_weight=11815.8 9691 2124.8 4308.39 5382.61 748.565 4634.04 4064.94 1543.17 950.915 375.943 592.253 160.859 2521.77 697.45 2194.73 1837.58 1614.48 1296.13 71.2318 57.5089 14.5568 3485.74 1451.73 51.9583 38.5861 24.0523 574.971 15.067 559.904 949.761 118.762 822.651 2034.01 1923.11 898.751 459.459 158.181 1024.36 183.854 132.752 840.504 541.355 26.6944 514.66 90.7603 299.149 439.292 183.455 97.2448 551.222 223.1 190.557 32.5432 301.279 106.385 454.252 100.092 1427.35 17.7576 260.435 217.123
internal_count=785376 322026 463350 42273 279753 45903 233850 210866 88603 53665 8024 34938 6822 122263 90146 101856 83989 79586 69595 3769 2578 660 37409 19069 846 732 413 45641 875 44766 14431 1459 4864 18340 16122 7109 4772 1248 9013 1356 976 7657 5839 665 5174 752 1818 2337 1088 649 76272 4403 2502 1901 3524 706 4224 788 373204 4020 1510 1337
is_linear=0
shrinkage=0.05


Tree=35
num_leaves=63
num_cat=0
split_feature=38 38 49 36 41 23 49 48 53 48 47 54 53 49 52 55 39 48 46 11 49 40 38 41 53 27 49 48 53 48 48 54 52 52 54 42 52 40 47 53 48 52 48 41 48 42 38 49 17 35 46 46 53 36 48 35 22 36 52 53 34 29
split_gain=1282.54 192.311 86.0466 85.9165 81.5208 80.9018 79.2236 87.6358 72.875 72.0344 66.2717 77.1919 83.1975 68.5225 64.3122 61.6762 61.5843 59.4732 55.8867 53.0356 90.8767 51.7417 50.4908 49.3796 49.0252 48.1603 50.0537 58.8064 55.1279 46.2874 75.2549 44.6569 44.3926 59.2489 44.18 43.4376 42.9398 42.6891 44.4259 41.3552 41.0213 39.8498 39.6581 58.0556 51.74 47.3456 39.2041 39.0476 37.204 35.7645 35.4896 35.1901 45.6641 35.0291 34.4194 35.0268 36.3138 34.0509 33.9975 33.7012 32.7071 32.2557
threshold=-35.882347106933587 -11.294120788574217 256.94619750976568 282.64704895019537 8.3977231979370135 -1.2585433125495908 267.04945373535162 0.11192005872726442 1089.1666564941409 0.90872198343276989 -3.0682443380355831 0.12940952181816109 525.10415649414074 266.53407287597662 41.616329193115241 0.37940952181816107 -19.56281757354736 -0.22978341579437253 -0.30906295776367182 265.93986511230474 267.78880310058599 0.27452087402343756 -15.882347106933592 2.4129730463027959 456.79167175292974 25.877660751342777 259.93206787109381 -0.57820284366607655 1089.1666564941409 0.97297734022140514 0.95489680767059337 -1.0000000180025095e-35 15.616907596588137 5.8971209526062021 -0.37940952181816096 0.23274230957031253 4.2768795490264901 1.0392150878906252 -6.3851170539855948 167.91667175292972 0.8994269371032716 11.109360218048097 0.13631474971771243 18.125390052795414 0.55724394321441661 11.337997436523439 -4.2941207885742179 274.13537597656256 -0.37291717529296869 37.578380584716804 4.3465795516967782 1.5434522628784182 67.500000000000014 277.94117736816412 0.23799896240234378 35.414936065673835 1.0000000180025095e-35 275.58824157714849 14.06256675720215 212.86110687255862 0.1117752753198147 5.1821250915527353
decision_type=2 2 2 2 2 2 2 2 2 2 2 2 2 2 2 2 2 2 2 2 2 2 2 2 2 2 2 2 2 2 2 2 2 2 2 2 2 2 2 2 2 2 2 2 2 2 2 2 2 2 2 2 2 2 2 2 2 2 2 2 2 2
left_child=3 10 14 8 31 6 25 -8 -1 18 -2 13 23 16 29 19 -12 -16 -9 -15 22 -17 32 57 40 26 28 35 34 30 37 61 33 -21 -6 -28 -10 -3 -39 -33 53 47 43 -20 -44 -46 -36 50 -40 -50 -14 -35 -53 -22 -7 -56 -57 -13 -48 -29 -26 -4
right_child=1 2 4 -5 5 54 7 9 36 -11 11 12 41 15 17 21 -18 -19 42 20 24 -23 -24 -25 60 -27 27 59 -30 -31 -32 39 -34 51 46 -37 -38 38 48 -41 -42 -43 44 -45 45 -47 58 -49 49 -51 -52 52 -54 -55 55 56 -58 -59 -60 -61 -62 -63
leaf_value=-0.028165460663467319 -0.030477876753071183 0.05519450774394466 0.0085837321790357413 -0.047649824332045621 -0.010939099822245977 0.0071555636186165714 -0.010428119408415435 -0.0072513148559335472 0.14260827546559415 -0.019921906505339967 -0.02734166860637377 0.0051490179890839594 0.12110497827859031 -0.0072384825025996469 0.05732347477063502 0.010171209539139947 0.066283299031764192 -0.038356590773493703 0.10542376816474178 -0.02841079594527527 0.031292987265694593 -0.024067063667423966 0.31216131230022054 -0.025161664444851108 0.2114894806693981 -0.029901341183624454 0.084986057036318008 -0.031330387113460041 0.14936074094613383 0.070158959124703282 -0.02975088449612991 0.013735106358225377 0.0024408569610226316 0.061458455469873385 -0.01260198119570944 -0.011857030415259186 0.0031967269066699071 0.043613307465652264 0.012221508572752091 0.032450270767170053 -0.027790096362614411 0.0022300947957768482 0.005778908402360618 -0.0076416729131806686 0.024679016251732189 0.070240604226413775 0.010338857350168557 0.009554814843557172 0.046752671960084591 0.01396141663212333 -0.004991857574337389 0.30725845987474315 0.11074789237042088 -0.042076894188348542 0.068144841306158263 0.0074704852511483207 0.050043228481819801 -0.035441274854829438 0.065459937531280848 0.0013529399645813129 0.060871000528581888 -0.034787322885716357
leaf_weight=629.52557863062248 241.98762914258987 97.603247710503638 888.88439642963931 1171.1653068186715 184.25738047901541 247.72334382683039 583.72848817706108 186.82350173359737 9.7199517225381005 145.191045045387 202.60456414101645 290.48424491193146 24.591639579273764 100.74115862697363 20.385410838760436 362.47320452006534 19.231341147329658 79.890606905333698 32.625064814928919 4.4758931957185331 222.99563283426687 158.64035675930791 2.8858311716467133 671.63525604829192 3.9467398293782017 270.45859156781808 23.279234527610242 297.29742154851556 6.8199191801249972 49.099375557154417 70.182005234993994 765.21986672468483 9.329330353997646 4.7752857692539719 48.840085502248257 23.037713416852057 12.792872444028033 188.46962602157146 894.6315001915209 480.54296678397804 41.677456319332123 90.398159826407209 355.26727093802765 17.413003190420568 415.35310426913202 66.092468230985105 50.312719045206904 25.622795276343822 181.8100043348968 153.23741396889091 7.2177254892885676 6.8042310611344856 5.2274606064893305 17.548159672645852 56.083603471517563 131.26307854242623 80.9986956641078 62.846948303282261 63.003890010528266 107.35556005360559 41.545657794224098 45.04156609904021
leaf_count=109335 28633 515 10194 323080 6154 1237 14086 4997 395 6131 17583 15452 628 7832 104 19819 765 1356 679 396 16987 16558 168 71971 123 7376 185 12950 101 354 1269 9427 774 288 2502 529 808 1618 11444 5088 4666 5917 7848 374 9583 1994 1038 1072 1050 850 329 339 341 2651 301 757 358 7888 932 4012 2957 760
internal_value=-0.00100521 0.00607352 0.0102399 -0.0395511 0.00721248 0.00236569 -0.000904065 0.00550234 -0.0250044 0.0131322 -0.00554965 -0.00301261 -0.0121441 0.00587557 0.0199626 0.0115397 -0.0192252 -0.0189055 0.0176025 0.0248414 0.0337884 -0.0002518 0.112231 -0.0172017 0.0257701 -0.0116493 -0.00551104 -0.0165509 0.00858338 0.0223463 0.0208661 0.0147577 0.0933836 0.133248 0.00581187 0.036817 0.0633879 0.0232097 0.0210084 0.0209543 0.0180058 0.0229219 0.0228388 0.0660775 0.020253 0.0309337 0.0248459 0.0554909 0.0175438 0.0317553 0.0924929 0.1763 0.22188 0.0259405 0.020595 0.0330017 0.0237162 -0.00207077 0.0409861 -0.0226594 0.0739381 0.00649202
internal_weight=11751.1 9927.91 7308.22 1823.2 5572.91 3393.23 2877.16 1802.49 652.038 1218.77 2619.69 2377.7 1172.8 1204.9 1735.31 983.066 221.836 100.276 1073.57 461.953 361.212 521.114 33.498 1024.97 327.714 1074.66 804.204 450.97 353.234 1635.03 1585.93 2179.69 30.6122 21.2829 346.414 46.3169 22.5128 1515.75 1418.15 1245.76 282.221 147.83 886.751 50.0381 836.713 481.446 162.157 57.4322 1229.68 335.047 31.8094 16.807 12.0317 240.544 516.069 268.345 212.262 353.331 113.317 404.653 45.4924 933.926
internal_count=785908 352290 128153 433618 109593 84124 81471 45692 110538 31606 224137 195504 103257 92247 18560 73899 18348 1460 25475 37522 29690 36377 2306 95311 27384 35779 28403 17676 10727 17100 16746 25469 2138 1364 10626 714 1203 15477 14962 14515 24304 7946 20478 1053 19425 11577 4472 2029 13344 1900 957 968 680 19638 2653 1416 1115 23340 1970 16962 3080 10954
is_linear=0
shrinkage=0.05


Tree=36
num_leaves=63
num_cat=0
split_feature=2 17 44 47 54 47 32 36 49 29 49 49 29 36 53 49 19 55 42 38 5 26 49 49 49 54 40 34 55 37 38 37 47 51 2 54 49 49 49 51 35 49 49 32 53 36 29 5 55 49 29 54 53 49 55 49 17 54 29 49 37 51
split_gain=1173.23 241.801 81.6072 65.0671 55.1219 53.1084 51.6327 51.3419 59.7994 56.387 51.2041 54.6966 53.0104 45.2825 85.8692 55.8827 44.2827 46.3256 43.7377 45.2232 42.1654 41.9559 40.1828 59.2048 39.746 39.7067 38.3135 37.7995 45.4071 37.1946 40.123 37.1549 35.9499 35.2458 35.1392 35.0275 35.7668 54.4806 35.01 37.6423 50.6285 36.1804 34.938 34.8499 34.4074 34.1392 31.1578 44.2204 30.9308 30.8686 30.588 29.8435 29.6268 29.3884 35.2716 29.345 42.9499 39.6919 35.234 30.5388 35.3531 29.6245
threshold=284.64483642578131 -7.171337127685546 -2.4600181579589839 -4.4585323333740225 -0.6035533845424651 1.3562800884246828 1.0017124414443972 215.00000000000003 256.60597229003912 22.913736343383793 259.72676086425787 267.04945373535162 1.9027404785156252 282.64704895019537 1089.1666564941409 276.75975036621099 -32.332618713378899 -0.6035533845424651 14.770606994628908 -19.176460266113278 277.45939636230474 3.726521492004395 267.31149291992193 271.74914550781256 269.68820190429693 0.78656607866287243 -3.6862716674804683 4.2395915985107431 0.37940952181816107 250.95497131347659 -8.9411697387695295 226.87364196777347 0.3217542171478272 50.025959014892585 274.94645690917974 0.60355338454246532 257.70365905761724 262.42489624023443 285.39907836914068 59.542369842529304 0.11419131606817247 272.85017395019537 285.67515563964849 1.4017619490623476 203.84027862548831 201.47058868408206 7.5255737304687509 267.61863708496099 0.98296290636062633 279.70571899414068 10.715535163879396 -0.37940952181816096 956.33334350585949 259.93206787109381 -0.7865660786628722 263.43424987792974 1.1571083068847658 0.12940952181816109 31.354249954223636 257.70365905761724 212.46549987792972 12.121658802032472
decision_type=2 2 2 2 2 2 2 2 2 2 2 2 2 2 2 2 2 2 2 2 2 2 2 2 2 2 2 2 2 2 2 2 2 2 2 2 2 2 2 2 2 2 2 2 2 2 2 2 2 2 2 2 2 2 2 2 2 2 2 2 2 2
left_child=1 2 3 -1 18 20 26 8 -3 10 29 12 32 14 -2 -16 17 33 38 -20 -4 -10 -21 34 25 44 -6 -13 -29 30 -9 35 -12 51 -24 -11 -37 -38 41 42 -41 -5 -40 -17 -18 -23 -35 -48 -46 -30 -49 -8 53 54 -14 56 57 -47 61 -60 -61 -59
right_child=13 7 5 4 6 -7 16 9 21 31 11 27 52 -15 15 43 24 -19 19 22 -22 45 23 -25 -26 -27 -28 28 49 -31 -32 -33 -34 46 -36 36 37 -39 39 40 -42 -43 -44 -45 48 55 47 50 -50 -51 -52 -53 -54 -55 -56 -57 -58 58 59 60 -62 -63
leaf_value=-0.023604527993960938 -0.031674982082667266 0.032828406341900533 -0.0034735080204505368 0.012132428022751678 -0.020738465357024432 -0.028354367123877636 0.032107659560894224 0.078951437769701954 0.043048692260620552 -0.0092235581530347669 9.7952005156776373e-05 0.025187728046253407 0.1130748236009991 -0.04865431227760865 0.34137764176347546 0.24084955840970906 -0.010302662620025455 -0.024861686706172857 -0.025899826219573169 0.00068740512936321587 -0.0299633291502613 0.030008821499410004 0.099752470148744554 0.039597485523069 0.014444735485935001 -0.037987719186070225 0.021682482153043081 0.012755242266700641 0.00027751580321187666 -0.014114822152931401 0.019417123760171059 -0.031075676331748139 0.062979098275414966 -0.021403215271958317 0.24150805475214523 0.065454067567373 -0.052727596473737703 0.08216893219284456 0.16880215926057318 0.23209489603861005 0.041722269606569641 -0.019967479340709866 0.014623628977709385 -0.026712429957083401 0.01715646926425372 -0.018864819577349826 0.00022061022348460852 0.22011410829912068 0.11352142838944351 -0.031361133424969483 0.078304761961754982 -0.01661728240383499 0.049354462194371458 -0.02085544606421727 -0.0019079442551159743 0.015472411056962884 -0.031076008801905305 -0.0027329754124516552 -0.03305854407030967 0.034579931654406558 -0.020491129324830288 0.030853011709861041
leaf_weight=246.90551950549707 329.86731144296937 480.30424115434289 931.32354463241063 298.40429756464437 63.527458843309432 435.13787425216287 39.413141174707562 29.11730011086911 108.47993865609169 218.51079454272985 54.118070717900991 329.16668603103608 8.8152324482798559 1085.663397132419 2.2959653958678228 1.7129489018116144 199.78145219478756 429.03621574980207 22.31258140783757 29.784379164688289 179.11529248766601 205.72522729635239 26.116930836346004 63.858849180396646 365.20717719709501 88.752953113988042 328.26861075707711 896.60310908500105 344.98472539521754 80.886999581940472 1009.2749158330262 136.00324275530875 39.189817940816283 13.630491314688696 5.2506184014491728 36.700379272922873 21.704337911680341 11.42462297156453 3.8695791848003855 5.362396902870386 10.014930692268534 124.36721005500294 72.860319535015151 4.2034472674131393 64.603342645335943 130.57852837443352 13.604615603573619 5.3211610144935575 9.5592311704531294 99.280440459959209 13.324745439924298 155.07061728695408 17.385390458628535 421.75688940472901 27.401579257100821 712.54418761655688 90.233941726386547 90.181683180853724 65.228679720312357 64.247362434864044 53.334010200574994 241.41945486888289
leaf_count=17697 73216 2913 65234 16905 2893 45677 3078 551 486 3331 511 2356 400 317809 226 176 9849 43577 2541 1558 26405 961 988 2625 16035 5177 11449 18245 5684 1816 13027 5904 321 1383 267 316 525 111 316 141 459 9952 4488 515 3146 1083 1130 350 338 1757 456 16912 279 12013 679 5168 465 726 482 315 473 1616
internal_value=-0.00114292 0.00475474 -0.00438713 0.000860518 0.00332474 -0.0135483 -0.0012368 0.0111944 0.0171892 0.00764045 0.00981065 0.00544494 -0.00794831 -0.0436783 -0.027699 0.132005 -0.00573459 -0.0150165 0.0156489 0.0396714 -0.00774635 0.012926 0.0513749 0.0672287 0.00280128 -0.00892277 0.0148042 0.0100055 0.00627846 0.0185426 0.0210865 -0.00953313 0.0265084 0.00255666 0.123481 0.000627986 0.0314556 -0.00620812 0.00877522 0.0367084 0.108109 0.00268956 0.022399 0.0507536 0.000493758 0.0109498 0.0419764 0.0687634 0.0295775 -0.00679281 0.118774 -0.00674292 -0.0147118 -0.0171438 0.0260791 0.00824152 0.00123368 0.0057538 0.012003 -0.00562097 0.00960012 0.021719
internal_weight=11692.1 10268.4 4243.79 2698.21 2451.3 1545.58 1789.1 6024.6 2242.28 3782.32 3357.98 2238.7 568.667 1423.74 338.08 8.21236 1397.31 669.401 662.202 147.323 1110.44 1761.97 125.011 95.2264 727.904 362.697 391.796 1670.03 1340.87 1119.28 1038.39 424.343 93.3079 240.365 31.3675 288.34 69.8293 33.129 514.879 92.1072 15.3773 422.772 76.7299 5.9164 273.944 1653.49 45.881 32.2505 74.1626 444.265 18.6459 194.484 475.359 457.974 36.2168 1447.77 735.224 644.99 514.411 182.81 117.581 331.601
internal_count=785482 393540 311026 173710 156013 137316 115773 82514 14688 67826 57639 42245 14203 391942 74133 917 101431 66886 40240 7979 91639 11775 5438 3880 34545 18510 14342 28042 25686 15394 13578 10187 832 23309 1255 4283 952 636 32261 5404 600 26857 4804 691 13333 11289 3319 1936 3484 7441 806 19990 13371 13092 1079 10328 5160 4695 3612 1270 788 2342
is_linear=0
shrinkage=0.05


Tree=37
num_leaves=63
num_cat=0
split_feature=2 38 49 39 49 50 38 52 50 49 49 48 51 48 35 28 49 48 48 49 23 23 44 52 49 29 52 38 43 25 48 35 34 49 44 11 34 49 49 17 45 52 23 47 52 52 49 44 47 17 49 12 33 52 47 45 37 44 47 16 49 49
split_gain=1109.59 210.856 83.5533 63.1816 55.2021 58.2877 57.7318 49.8394 47.5985 52.7787 85.5186 86.4938 51.1105 50.7459 46.6791 46.5144 45.7386 45.1177 43.6373 45.5082 78.0914 43.1208 43.0777 40.7526 42.2392 38.7255 37.7503 37.3666 36.7787 36.0748 35.7673 40.2543 35.3255 34.9368 34.1669 34.0096 33.8044 39.3047 40.7875 33.1368 32.3573 33.2234 31.9626 40.797 31.0829 56.9964 36.2804 63.1636 69.5322 42.8962 42.1701 63.745 30.4246 49.1203 32.5124 30.1969 31.0275 37.7181 46.0342 29.7543 28.8266 42.1962
threshold=284.64483642578131 -17.17647552490234 247.43756103515628 -1.2745085358619688 290.03321838378912 84.194976806640639 -39.705886840820305 57.570123672485359 46.628143310546882 267.40522766113287 259.72676086425787 -0.45456704497337336 29.188154220581058 0.91453474760055553 24.400501251220707 1.226524353027344 255.59030914306643 -0.44543808698654169 0.59851765632629406 268.43287658691412 -12.714762687683104 -25.53857326507568 -0.1598091125488281 4.8759970664978036 258.72836303710943 15.661855697631838 14.174808979034426 -2.4117660522460933 -0.97433471679687489 8.3135385513305682 -0.071447014808654771 13.613859653472902 31.567447662353519 285.28050231933599 -4.3035926818847647 271.72805786132818 7.6471405029296884 274.21087646484381 288.90565490722662 1.1571083068847658 2.6175160408020024 10.762124538421633 -17.442826271057125 0.72501373291015636 5.1606376171112069 39.807723999023445 276.58561706542974 -2.5016365051269527 -0.033448547124862664 -44.046266555786126 286.81991577148443 -40.802845001220696 0.062322819605469711 12.047642707824709 -0.16010761260986325 -3.7006137371063228 276.74291992187506 -4.6861305236816397 0.11677592992782594 -3.7495460510253902 266.53407287597662 268.43287658691412
decision_type=2 2 2 2 2 2 2 2 2 2 2 2 2 2 2 2 2 2 2 2 2 2 2 2 2 2 2 2 2 2 2 2 2 2 2 2 2 2 2 2 2 2 2 2 2 2 2 2 2 2 2 2 2 2 2 2 2 2 2 2 2 2
left_child=1 4 17 7 5 6 -1 8 9 10 14 22 -13 18 21 28 40 -3 36 20 -20 -4 -12 24 -10 -17 -23 -21 33 -26 -6 -32 -29 52 -2 -7 37 -11 -39 -18 41 -16 -19 -44 55 -46 -47 48 -48 -49 51 -50 53 -8 -55 -37 -57 -58 -59 -24 -27 -62
right_child=34 2 3 -5 30 35 15 -9 23 13 11 12 -14 -15 16 25 39 42 19 27 -22 26 59 -25 29 60 -28 32 -30 -31 31 -33 -34 -35 -36 44 -38 38 -40 -41 -42 -43 43 -45 45 46 47 49 50 -51 -52 -53 -54 54 -56 56 57 58 -60 -61 61 -63
leaf_value=-0.04297378988819673 -0.028950235934954983 -0.025100378431889205 -0.035009387935420737 0.019105782009013403 -0.026856446157809966 -0.019007575957691147 -0.012188447238552133 -0.013750659691490329 0.091744299713330479 0.023041325051784297 -0.0080280010957705979 -0.031624058791686192 0.010994928319550899 -0.033288219024041513 0.041138124325981747 -0.02429707969487763 -0.02258514281819499 0.066951821780629139 0.10776705390486066 0.007674678502924942 -0.004861985483183489 0.0079452990023709032 -0.014419016933119264 0.0096137043066842915 0.050273436542417463 -0.03574627216793904 0.034752446049578389 0.072116349519158893 -0.010548503404761584 0.00039724363638600762 0.099010814308742562 0.013267780953393036 0.004446774927949578 -0.040261203872430013 -0.047904463516846803 -0.040507373345379953 -0.0023775495533469538 -0.0023133474106780592 0.067465856763871443 0.048515578258603004 -0.03388605963214366 -0.0025905957510557846 0.018656036148392615 0.053439414780205856 -0.014585440887050917 -0.011318295438957758 0.032228736442530069 0.16887655057301099 0.12381167275465287 -0.0054880945069439701 0.057947110861155754 0.34397608101669919 0.010330921802449976 -0.0074554526737538908 0.11445845905971302 0.14655687034912487 -0.023952484006673217 0.18275445691394787 0.021657076918578818 0.057003255708911515 0.083848379950766438 0.0022522501718257428
leaf_weight=175.33934939838946 306.74785848613828 40.933321973308921 40.165729427710176 885.44071481004357 18.763314906740561 119.94624722003937 17.324637603713199 340.34484209818766 27.416629514656961 431.04347523767501 103.20157822594047 506.29270666372031 81.698229236993939 71.550801705569029 93.194937950000167 720.7993069991935 277.933887722902 51.159184832125902 38.542905745096505 261.09654127154499 25.620272010564804 328.42506534280255 18.962427511345595 2228.9690803964622 69.043266228400171 32.022201996762305 218.83473584288731 50.735356019809842 346.65146855241619 76.339559414889663 25.555342943407595 29.478089437354356 31.112903626635671 23.279407995287329 1057.1188985460903 7.8547463724389663 700.05473358090967 389.48882690537721 22.131846294272691 17.413828706368804 32.069480893667787 81.352794756647199 424.36643271893263 105.19657319039106 161.44529860257171 41.378490081755444 28.819559175521135 3.7889993768185368 9.4413301970344019 51.068328764289618 8.0865505719557387 5.0442091068252948 110.1917371111922 6.786838484928011 28.156622377689928 9.3347162511199695 12.617996509186922 7.5751913911663058 10.69573038164526 63.127023052424192 19.917520034592599 77.47800291958265
leaf_count=31976 72589 264 2030 4699 1845 9067 963 10904 400 6067 2798 20036 2881 4285 635 87258 8351 276 1088 10034 595 6930 590 54451 981 3543 3470 356 30963 1852 1485 2109 214 2059 319514 261 21033 8115 455 114 561 663 2194 528 17805 3941 1643 230 515 3929 382 249 5750 450 879 209 348 208 338 459 1171 5490
internal_value=-0.00127539 0.0043662 0.00801927 0.00656137 -0.00972275 -0.0112632 -0.015946 0.00488508 0.00589411 0.00247267 -0.00359906 -0.0163152 -0.0257024 0.00806769 0.00542723 -0.0125183 -0.00576919 0.0256354 0.00958528 0.0241462 0.0627944 0.0149948 0.0134735 0.0114271 0.0348189 -0.0197755 0.0186648 0.0169154 -0.000928876 0.0240838 0.0327582 0.0530834 0.0463932 0.0170246 -0.0436415 0.00402806 0.0057428 0.0124889 0.00143851 -0.018393 0.0122759 0.0207571 0.0292116 0.0255657 0.0117644 0.00594671 0.0284006 0.0438691 0.0836993 0.00655528 0.149416 0.200478 0.0252332 0.0566503 0.0907799 0.0491634 0.0666741 0.0425332 0.0884486 0.0405049 0.00540789 0.0189388
internal_weight=11606 10242.1 8133.26 7511.6 2108.84 2035.04 1557.95 6626.16 6285.82 3884.05 1862.67 773.282 587.991 2021.38 1089.39 1382.61 501.965 621.656 1949.83 407.108 64.1632 587.426 185.291 2401.77 172.799 850.217 547.26 342.945 532.391 145.383 73.7967 55.0334 81.8483 185.739 1363.87 477.097 1542.72 842.664 411.621 295.348 206.617 174.548 580.722 529.563 357.151 309.073 147.627 106.249 51.3916 54.8573 22.5721 14.4855 162.46 52.2681 34.9435 48.0784 40.2236 30.8889 18.2709 82.0895 129.418 97.3955
internal_count=785478 393375 178309 175047 215066 209627 170502 170348 159444 101760 49518 26764 22917 52242 22754 138526 10324 3262 47957 12287 1683 12430 3847 57684 3233 97462 10400 10604 41064 2833 5439 3594 570 10101 392103 39125 35670 14637 8570 8465 1859 1298 2998 2722 30058 28694 10889 6948 2789 4159 1146 764 8042 2292 1329 1364 1103 894 546 1049 10204 6661
is_linear=0
shrinkage=0.05


Tree=38
num_leaves=63
num_cat=0
split_feature=1 17 49 36 40 49 36 4 29 24 27 38 52 49 49 49 49 39 49 49 32 47 20 55 41 5 49 5 37 32 27 10 40 41 50 38 41 40 35 26 49 43 50 11 2 49 22 40 13 29 5 35 47 52 52 47 3 4 52 47 43 36
split_gain=1053.11 202.35 83.2722 60.3928 66.6607 57.8675 52.9585 50.3203 49.7311 53.8768 77.7516 48.3074 47.6963 45.366 44.9179 81.0734 97.8968 71.6804 62.5471 44.4118 81.036 55.5342 43.3704 42.074 80.4152 49.0155 56.4603 39.8405 37.8008 41.9355 68.8918 72.0832 46.387 53.0026 37.3629 38.608 38.9423 36.0363 34.7236 34.4212 34.2102 33.7076 38.6921 31.9567 77.103 31.8712 30.7428 34.4775 30.6089 30.4928 49.4658 39.4108 30.1308 31.2193 30.002 29.9568 29.3817 28.875 31.5099 31.022 43.3307 28.0975
threshold=285.22959899902349 -19.000131607055661 247.43756103515628 215.00000000000003 15.549011230468752 265.70214843750006 282.64704895019537 254.53251647949222 14.724085807800295 -0.070574760437011705 -2.7429928779602046 -0.94116973876953114 29.604763031005863 290.03321838378912 259.72676086425787 270.65731811523443 274.13537597656256 -19.56281757354736 273.86521911621099 268.43287658691412 19.049810409545902 -0.64798307418823231 -29.158726692199703 0.37940952181816107 4.1989862918853769 239.36711120605472 275.56561279296881 213.5385665893555 252.32026672363284 9.5838422775268572 6.3255643844604501 264.68341064453131 -1.2941207885742185 1.178895175457001 131.77647399902347 -27.64705657958984 3.4945498704910283 13.078430175781252 -0.8988763391971587 -1.5881900787353513 267.04945373535162 -1.4252929687499998 29.218044281005863 280.45155334472662 280.46733093261724 288.23182678222662 -44.46613693237304 -0.72549438476562489 -1.3323326110839842 3.1530771255493169 224.38174438476565 8.047699451446535 0.61588764190673839 13.974009513854982 21.702431678771976 -0.12432658672332762 252.99003601074222 266.09213256835943 41.616329193115241 -1.6821478605270384 0.33634948730468756 197.94117736816409
decision_type=2 2 2 2 2 2 2 2 2 2 2 2 2 2 2 2 2 2 2 2 2 2 2 2 2 2 2 2 2 2 2 2 2 2 2 2 2 2 2 2 2 2 2 2 2 2 2 2 2 2 2 2 2 2 2 2 2 2 2 2 2 2
left_child=1 5 49 61 7 -1 -2 14 9 10 -7 -6 41 34 17 28 18 48 22 20 -10 56 -17 25 -25 26 -18 -26 -16 30 32 -32 -30 -34 35 -11 46 -31 39 43 -39 42 -12 -14 -45 -46 47 -37 -5 -3 52 -52 53 -51 -24 -44 -22 -38 -59 -60 -61 -4
right_child=6 2 3 4 11 8 -8 -9 19 13 12 -13 38 -15 15 16 23 -19 -20 -21 21 -23 54 24 27 -27 -28 -29 29 37 31 -33 33 -35 -36 36 57 40 -40 -41 -42 -43 55 44 45 -47 -48 -49 -50 50 51 -53 -54 -55 -56 -57 -58 58 59 60 -62 -63
leaf_value=-0.033855129147098477 -0.026747863619008536 0.047048945785261677 0.042778733166734098 -0.018588675866477746 -0.012128722669149957 -0.036137060943843217 -0.048047619732140473 0.025432304456054169 0.28601789379779319 -0.029773255852518513 -0.0076063776683133319 0.026139323390402442 0.033823499481039986 0.030433153536156939 -0.012271003330628182 -0.014735484197244065 0.086454875026143796 0.023303438442550423 0.092285847149078781 0.00603538747617491 0.18021498737041777 -0.03249160208443691 0.032842457294442871 0.010932410630740165 0.057869564158810671 -0.020014219692371896 0.012427223166171206 -0.029962196171228764 -0.025203963279355403 -0.015181099868312398 0.060463019431368906 0.30591813107448385 0.13086682501110736 0.018409539251970457 0.0083330814600919897 0.032206455071241757 -0.030365250260590698 -0.027638467156097891 0.026581530827103628 0.22143789213899545 0.083862743296213099 -0.0016520155815275663 -0.0057196563938642433 0.38407976384707071 -0.036676629598944153 0.21846552367073402 0.0027123780775395153 0.20643772207222355 0.080065971235427441 0.041300083290246994 -0.036820091980211432 0.014782863182477013 0.058948332124846729 0.0069157455089870444 0.007335012397449739 0.13514028430068656 0.045403969244727706 -0.010194086973031738 -0.032573738357355213 0.014982427872357165 0.21734424210757944 0.012410499533538292
leaf_weight=225.00023342226632 413.35848449287005 128.26907472126186 79.113817900419235 157.99040153808892 857.03259087027982 77.641359355999157 992.58001612732187 314.52435249323025 3.8526678648777297 501.05407959688455 15.09386481833644 91.247408139519393 16.299420627299703 53.661775592714548 979.33167591691017 75.331769146025181 27.257303935009986 618.13635537913069 32.234198537189513 133.73865555622615 7.1695339125581148 13.556548114167525 408.10051108058542 270.94796529598534 13.487781181931494 112.83760500978678 467.94998187292367 301.95119731267914 60.17584028467536 245.56943066883832 12.919737313874068 3.8921887469477943 11.247857148759065 153.00426911283284 133.57222541212104 10.615728808101265 234.12568613234907 10.835450524929913 41.18622342729941 4.7271231375634661 18.840771586168557 160.27006862172857 5.0881445712875601 2.5296442327089599 3.5988646405749023 1.8548001218587158 157.79587821150199 3.876116979867219 8.2741016186773759 122.83089682459831 55.94106700271368 109.28007780387998 73.737027928233147 142.71795390546322 160.66526338038966 14.619962731143458 9.2643403611145896 124.70873935474083 5.4583606929518309 5.3967072013765556 5.1886596204712987 2045.1310572177172
leaf_count=26672 86373 689 377 7249 35267 8422 318759 11354 296 74359 953 804 673 3166 29111 2984 541 10074 576 10282 134 1169 7470 3549 108 6429 9109 10020 1168 15257 876 184 124 4934 9784 521 26471 960 2399 232 738 11194 375 221 436 155 7118 253 66 565 353 695 342 685 3201 557 516 13972 499 274 309 13706
internal_value=-0.00123136 0.00439058 0.00785931 0.00639685 0.00359345 -0.00998945 -0.0417853 0.00615019 -0.00691388 -0.00966354 0.00787087 -0.00844641 0.0207516 -0.0145303 0.00468917 0.00217856 0.00911672 0.0154645 0.0243168 0.0189837 0.0701518 0.0424209 0.0209152 0.000509878 -0.00904603 0.00972542 0.0165019 -0.0262066 -0.00649875 0.00444629 0.0196646 0.117289 0.0123516 0.0261105 -0.016572 -0.0197456 -0.010563 -0.00889188 0.0560952 0.0979967 0.0431512 0.00803326 0.0526359 0.0739663 0.155925 0.0500976 0.00911309 0.0788079 -0.0136792 0.025281 0.0197466 -0.00268902 0.0306721 0.0228204 0.0256371 0.0987737 0.104217 -0.0196058 -0.00170874 0.0642483 0.114175 0.0135415
internal_weight=11547.7 10141.8 8170.81 7538.03 5413.79 1970.95 1405.94 4465.51 1745.95 1578.36 342.909 948.28 265.268 1235.45 4150.98 3366.58 1870.76 784.401 676.332 167.582 33.8431 29.9904 644.098 1194.43 586.387 608.045 495.207 315.439 1495.82 516.486 241.24 16.8119 224.428 164.252 1181.79 1048.22 547.166 275.246 70.1961 29.0099 29.6762 195.072 34.802 24.2827 7.98331 5.45366 172.288 14.4918 166.265 632.776 504.507 165.221 339.286 265.549 568.766 19.7081 16.4339 374.878 140.752 16.0437 10.5854 2124.24
internal_count=786109 380977 179565 176236 162153 201412 405132 126082 174740 162343 25617 36071 17195 136726 114728 97339 43987 17389 14231 12397 2115 1819 13655 29756 13677 16079 9650 10128 53352 24241 7286 1060 6226 5058 133560 123776 49417 16955 4116 1717 1698 13079 1885 1485 812 591 7892 774 7315 3329 2640 1048 1592 1250 10671 932 650 41525 15054 1082 583 14083
is_linear=0
shrinkage=0.05


Tree=39
num_leaves=63
num_cat=0
split_feature=2 17 44 47 54 53 41 49 49 49 49 53 36 29 52 47 23 46 11 36 49 53 54 55 34 47 14 33 48 25 48 4 11 53 47 22 49 52 48 49 48 49 33 53 48 44 52 53 52 40 48 38 51 46 12 21 23 40 49 12 11 48
split_gain=1003.01 185.4 77.2147 70.7709 58.2569 68.5582 62.6012 57.0964 61.9895 58.8235 52.329 53.6147 42.9096 51.0395 42.6224 41.6024 41.498 42.9715 48.5498 40.1405 38.7719 38.4577 37.949 36.0994 35.6338 37.2223 50.2608 35.5113 81.1319 90.9596 48.4134 35.0132 34.858 32.3666 40.4878 32.1067 40.3073 58.3444 74.0269 53.98 41.4746 40.4425 39.9452 33.841 33.343 31.5139 31.2072 32.7789 30.7355 30.5536 53.1015 30.0962 62.0601 41.7311 29.6929 29.0285 28.6493 28.2765 33.7957 29.6637 28.9014 28.1294
threshold=284.64483642578131 -11.004549026489256 -2.2377109527587886 -3.5644457340240474 -0.37940952181816096 545.16665649414074 1.7879408597946169 267.40522766113287 272.37759399414068 285.39907836914068 254.46063232421878 154.70833587646487 213.82353210449222 3.1530771255493169 38.534135818481452 1.1521562933921816 -31.987560272216793 3.7690010070800786 280.98776245117193 282.64704895019537 258.98173522949224 16.083333015441898 -1.0000000180025095e-35 0.60355338454246532 9.7627468109130877 -0.15026307106018064 -2.5146064758300777 10.488137722015383 -0.060937255620956414 6.2053642272949228 0.66979008913040172 277.67614746093756 288.22511291503912 1089.1666564941409 0.14361494779586795 1.0000000180025095e-35 268.30914306640631 13.974009513854982 -0.44147184491157526 261.63801574707037 -0.45456704497337336 259.72676086425787 41.72349929809571 15.083333492279055 0.8083171844482423 -5.4998550415039054 41.616329193115241 280.63888549804693 11.811219692230226 7.9411621093750009 0.1227008104324341 -19.470596313476559 114.75366973876955 2.8652629852294926 -46.559955596923821 -39.706430435180657 -32.718540191650384 15.215675354003908 279.88751220703131 -42.17541313171386 212.77509307861331 0.20595771074295047
decision_type=2 2 2 2 2 2 2 2 2 2 2 2 2 2 2 2 2 2 2 2 2 2 2 2 2 2 2 2 2 2 2 2 2 2 2 2 2 2 2 2 2 2 2 2 2 2 2 2 2 2 2 2 2 2 2 2 2 2 2 2 2 2
left_child=1 2 3 -1 7 6 56 20 16 32 12 35 -3 -14 22 31 17 18 21 33 -5 -9 23 57 25 26 -24 28 45 -30 -29 -4 -10 -2 -35 36 37 38 40 42 -12 48 43 44 -39 -23 47 -11 -40 50 -41 52 -8 -54 -38 -48 -6 59 60 -13 -59 -37
right_child=19 10 15 4 5 -7 51 8 9 46 11 14 13 -15 -16 -17 -18 -19 -20 -21 -22 27 24 -25 -26 -27 -28 30 29 -31 -32 -33 -34 34 -36 61 54 39 41 49 -42 -43 -44 -45 -46 -47 55 -49 -50 -51 -52 -53 53 -55 -56 -57 -58 58 -60 -61 -62 -63
leaf_value=-0.026406347443462208 -0.030408436600704782 0.041383693814871586 -0.0039504458637354264 0.021273688550960609 -0.0015822399891243005 0.027459596904158584 -0.032791073204214642 -0.0024185417060490393 -0.011103007256163817 0.038923326991254406 0.0096909072065333567 -0.026295469661869804 0.050864269771843766 0.0095171512221671906 -0.0054789547225461178 -0.032036243147351456 0.016839207423012481 -0.011848892189354705 0.014200008586610675 -0.048345131757916722 -0.036557845027178668 0.13378929229267797 0.0011178354625499868 -0.0065819825383024461 0.014182241397130937 0.045983732359631449 0.05124643642862562 -0.032503912717149683 0.15135616541783703 0.4856373442410381 0.11675181727028375 -0.029834507575517772 0.080233813542295987 0.0072956225793608656 0.25789065445634307 0.0031718186796981396 -0.028760139338129848 0.026339672873013722 -0.0020299214782540944 -0.0073753167332339317 0.085044179293180686 -0.028648477112487566 -0.049119413769157814 0.012809071081613345 0.088315217351725428 0.014470834881317736 -0.010122439403588332 -0.025001146711254092 -0.03482724713489696 -0.034205780211789147 0.09358704648656814 -0.007160969267965194 -0.039628431201174714 0.10541532185774027 0.0091587435633107752 0.11554577544900187 0.029614360123760716 0.077371056634569974 0.0807906945886602 0.02469536932626315 -0.0085258376982572694 0.037805267197051413
leaf_weight=233.91245434386656 301.68981302320026 185.31927808374166 529.56018697051331 45.400040292181075 181.58579623280093 154.76172012463212 309.97387211583555 8.24207333056256 206.83728748862632 85.775615312857553 179.58042149897665 30.511460409034044 84.619382202625275 632.70674366690218 280.03168495185673 322.06209094938822 74.218404472339898 15.391969863791017 22.289798366604373 941.58133660815656 80.142210710793734 21.158102172426876 151.64220568258315 293.97666476853192 678.78659566491842 237.60639528743923 74.603347882628441 8.2991353622637707 5.4080885672010499 3.2627294934354722 15.732121358625589 173.43884073756635 11.001623971620573 6.909442912321536 2.1022415098268539 112.50224213302135 53.379130655899644 73.502455432899296 444.45989088667557 142.77070497442037 20.327776258811355 381.8362050508149 22.338972297497094 418.94381210394204 30.79460821300745 7.4938204856589463 6.0389793466310975 26.173084100009874 85.113217643462121 93.989318498410285 14.330751975998281 444.83043173700571 7.6387975560501244 14.136426543351261 1573.3840795550495 19.222227144055068 123.74550725612789 10.27384442090988 12.26261357590556 437.45317692868412 209.12053830455989 122.43169487267733
leaf_count=22444 73323 945 44679 2648 12462 7040 43474 744 14800 5548 2155 808 427 4053 5791 41648 2863 1406 2564 317855 7480 874 1801 3566 10986 2285 372 870 325 297 701 27077 891 739 193 536 1728 1256 9366 2205 126 11159 161 7983 628 415 425 1592 1800 3685 422 29210 547 517 28778 421 2542 47 159 7660 5549 569
internal_value=-0.000962068 0.00420051 -0.00587654 -0.000455971 0.00274091 -0.00366733 -0.00811987 0.0147105 0.0218129 0.00966182 0.00868949 0.00704846 0.0199357 0.0143947 0.0128626 -0.0171542 0.0455833 0.0654695 0.0784212 -0.0432029 -0.0156441 0.0989896 0.015267 0.00812047 0.0214813 0.0321626 0.0176475 0.112612 0.143136 0.277142 0.0652067 -0.0103364 -0.00649018 -0.0276193 0.0657543 0.00332173 0.00213211 -0.00279801 -0.0102009 0.00752869 0.0173532 -0.0162446 0.0163581 0.0191536 0.0446385 0.102582 0.0353053 0.0239781 -0.00730112 -0.0116563 0.00183444 -0.0156614 -0.0270593 0.0545336 0.00791451 0.0855034 0.0110612 0.0142983 1.15494e-05 0.0213707 -0.00450344 0.0212204
internal_weight=11498.6 10246.3 3157.73 2132.67 1898.76 1236.67 1081.91 662.087 536.545 355.049 7088.6 6185.95 902.645 717.326 2416.27 1025.06 181.496 107.278 91.8859 1252.28 125.542 69.5961 2136.24 993.598 1142.64 463.852 226.246 61.354 37.3227 8.67082 24.0313 702.999 217.839 310.701 9.01168 3769.69 3534.75 1907.99 1111.32 796.671 199.908 911.409 545.58 523.241 104.297 28.6519 137.21 111.949 529.573 251.091 157.101 776.58 331.749 21.7752 1626.76 25.2612 305.331 699.622 231.657 467.965 219.394 234.934
internal_count=785620 393510 276504 163100 140656 95792 88752 44864 34736 23677 117006 111581 5425 4480 39024 113404 11059 8196 6790 392110 10128 4226 33233 17789 15444 4458 2173 3482 1911 622 1571 71756 15691 74255 932 72557 71452 40946 24606 16340 2281 22325 10028 9867 1884 1289 7986 7140 11166 6312 2627 73748 44538 1064 30506 846 15004 14223 5755 8468 5596 1105
is_linear=0
shrinkage=0.05


Tree=40
num_leaves=63
num_cat=0
split_feature=36 17 13 53 41 49 36 52 41 49 50 37 38 29 36 31 36 53 49 28 51 49 49 17 38 52 55 55 52 49 55 51 49 41 10 44 49 53 41 45 36 7 55 51 55 53 39 52 37 5 28 41 55 36 55 49 39 23 45 37 55 0
split_gain=942.964 168.637 80.776 79.0341 64.4998 82.7101 69.2276 49.5766 48.3292 50.6011 42.8487 41.9323 52.8201 41.6506 37.8958 37.4595 35.8652 34.5751 39.5752 51.932 49.459 89.6341 71.7362 62.9303 48.2993 38.297 38.0724 36.8458 32.2047 31.9439 30.4102 31.3958 30.4083 30.1834 29.54 31.6453 29.4725 30.9481 43.7463 61.5624 39.1206 33.1542 31.2854 29.4466 32.9028 29.1838 28.9862 28.427 28.351 27.2324 27.1897 27.095 27.2613 28.8193 31.155 32.5467 45.8177 27.012 26.5031 26.3763 26.1262 25.9028
threshold=277.94117736816412 -8.1291046142578107 -47.014684677124016 1089.1666564941409 2.7189543247222905 286.69125366210943 242.05882263183597 57.570123672485359 18.908981323242191 256.94619750976568 94.860118865966811 290.50471496582037 -45.235290527343743 6.1882667541503915 284.41175842285162 -1.7785394191741941 197.94117736816409 171.19444274902347 255.59030914306643 3.6376352310180669 40.069252014160163 261.63801574707037 267.78880310058599 1.0000000180025095e-35 -2.1764755249023433 34.799779891967781 -0.6035533845424651 -0.12940952181816107 4.2768795490264901 289.56823730468756 -0.6035533845424651 24.759103775024418 273.86521911621099 24.292182922363285 285.44047546386724 -8.3127841949462873 269.27120971679693 67.500000000000014 -0.52142748236656178 1.1735620498657229 260.29412841796881 271.10717773437506 0.91597560048103344 32.723169326782234 0.91597560048103344 61.250000000000007 -13.768336772918699 45.53399848937989 252.96659851074222 218.3474044799805 2.9089794158935551 7.864438772201539 -0.98296290636062611 230.88235473632815 0.37940952181816107 273.86521911621099 -20.072621345520016 -48.806608200073235 2.1630644798278813 269.61148071289068 0.78656607866287243 283.43608093261724
decision_type=2 2 2 2 2 2 2 2 2 2 2 2 2 2 2 2 2 2 2 2 2 2 2 2 2 2 2 2 2 2 2 2 2 2 2 2 2 2 2 2 2 2 2 2 2 2 2 2 2 2 2 2 2 2 2 2 2 2 2 2 2 2
left_child=1 2 -1 14 15 6 8 16 9 43 -8 12 -5 29 -2 -4 -3 18 24 61 22 25 23 -21 -18 26 -22 -24 -14 -7 57 -32 48 47 -31 -36 -17 50 39 41 -40 -39 58 44 46 -37 -6 -15 -23 -16 -38 -11 -53 54 55 -54 -57 -12 -41 -43 -9 -20
right_child=3 7 4 11 5 13 10 60 -10 51 30 -13 28 33 49 36 17 -19 19 20 21 32 27 -25 -26 -27 -28 -29 -30 34 31 -33 -34 -35 35 45 37 38 40 42 -42 59 -44 -45 -46 -47 -48 -49 -50 -51 -52 52 53 -55 -56 56 -58 -59 -60 -61 -62 -63
leaf_value=-0.028246268950722898 -0.03103080650454065 0.043607418296411689 -0.025516493488735015 0.27485564247743827 0.088927551910968058 -0.022741826017400033 -0.023133647680426323 -0.020627479947239371 -0.0180380166289879 0.011366461258110073 0.19269062875649268 -0.050203573402696114 0.11876374596270425 0.034107159351978958 0.23429601199835265 -0.0081811086462824732 0.0027853233268382098 0.015012764956453789 0.018884369474607157 -0.017038867523672365 0.11675409183137633 -0.025444949740486524 0.02017691308365378 0.0051579033271695442 0.029691163273939378 0.0073126919341665085 0.044501599128809931 0.00046666164988404561 -0.013166612022763313 0.0037296286565672819 0.023562896798421242 -0.027583281678004581 0.033795344805664269 -0.016623260572982954 0.00012989500915559901 0.27136813181977237 -0.00047074138881901344 -0.043640015307504748 0.026215767941704545 0.10780317512470156 -0.0076973160532928901 0.15424007402057718 0.16574134030362561 -0.027890092742814204 -0.00023461066313890154 0.068985003722617511 0.023487725120736866 0.092308081083329122 0.059643131957096231 -0.049115414633274061 0.1125812486113294 0.092014640705216103 0.001566832948467726 -0.019768572451309138 -0.010743791215140068 0.011517634236524646 0.15613644022772175 0.023965939234137222 -0.0074281024773215978 0.031819253836453537 0.014860970234903185 -0.029442203200570095
leaf_weight=314.95740743190981 470.1186374919489 79.690697357058525 72.843419579090551 2.9109447987284538 44.825124067254364 73.912390257464722 879.67602135101333 202.32410552166402 289.5965725122951 318.63953254278749 2.4643729086965314 9.3082484463229758 8.3750029897783005 111.54940974805504 0.84847435541450877 154.3782166808378 294.31651166453958 2103.114327811636 665.63175360672176 812.14652474084869 33.900861893780529 93.617352007888258 443.43681020941585 526.20686907321215 384.96782500296831 26.040760646574199 39.44851833768189 509.58121385239065 10.332256593275813 26.021144796628505 44.327767219627276 92.857635408407077 42.064480682834983 23.183660522568971 4.8590694358572364 3.4066002545878273 256.74636273831129 14.171304108574985 257.26324004633352 14.701842224225404 127.02548475959338 4.747432271949946 13.24726308044046 15.359527532942591 27.304852575995028 3.7335067871026695 27.18397240806371 25.840329725062475 10.933007284067569 822.59006340173073 5.4309941027313462 6.624385312665253 23.238255491945893 251.43178453203291 68.147510968148708 10.565588542260231 11.371042056940494 63.380551695823669 7.553772392217069 60.106672295369208 69.736456302925944 28.932949828915298
leaf_count=56748 106288 390 4508 370 752 6817 105334 4570 20233 8411 234 2908 357 4562 14 7713 2936 26901 5942 23325 330 1818 9164 3200 2083 504 391 7852 781 1257 2752 9465 699 1397 361 211 11839 325 4148 405 10689 50 264 309 319 252 279 429 342 290214 308 401 876 18565 2847 291 161 5676 301 3309 870 690
internal_value=-0.000796543 0.00439627 -0.00401088 -0.0404685 -0.00179048 -0.0061406 -0.00939125 0.0093521 -0.000522335 0.0057813 -0.018355 0.0385233 0.0767268 0.0198282 -0.042357 0.00899221 0.0102844 0.00984286 0.00706294 0.00475715 0.00144111 0.0227458 -0.000846194 -0.00831166 0.0180336 0.0594024 0.0778955 0.00963779 0.0458969 -0.00358451 0.00234944 -0.0110568 -0.00210365 0.0361487 0.0336578 0.0985593 0.0117383 0.0157793 0.0230894 0.0502127 0.0150059 0.0256419 0.104905 0.0365376 0.0465017 0.165544 0.0642235 0.0450536 -0.0165471 -0.0488234 0.00187113 0.000669938 -0.00850758 -0.0103332 0.0106014 0.0428011 0.086482 0.0302808 0.0686926 0.0407807 -0.0115308 0.0168713
internal_weight=11443.2 10118.8 3752.67 1324.48 3437.72 2449.5 2176.99 6366.09 1094.29 804.692 1082.71 30.9265 21.6182 272.506 1293.56 988.216 6094.03 6014.34 3911.23 3231.94 2537.38 246.005 2291.37 1338.35 679.284 99.3901 73.3494 953.018 18.7073 111.933 203.03 137.185 146.615 160.573 38.0203 11.9992 915.373 760.994 498.817 114.528 384.289 79.0254 35.5029 114.673 99.3139 7.14011 72.0091 137.39 104.55 823.439 262.177 690.018 371.379 364.754 113.322 45.1749 21.9366 65.8449 22.2556 64.8541 272.061 694.565
internal_count=785737 384805 292798 400932 236050 192191 176905 92007 53444 33211 123461 4416 1508 15286 396516 43859 86567 86177 59276 54257 47625 4084 43541 26525 5019 1225 721 17016 1138 8898 18127 12217 2859 6388 2081 824 39351 31638 19491 4654 14837 3684 970 1659 1350 463 1031 4991 2160 290228 12147 31552 23141 22740 4175 1328 452 5910 706 3359 5440 6632
is_linear=0
shrinkage=0.05


Tree=41
num_leaves=63
num_cat=0
split_feature=38 17 3 53 54 49 38 24 17 47 49 49 29 49 54 39 40 54 42 17 39 27 49 29 39 49 53 49 52 47 49 53 17 42 52 49 49 23 49 47 46 41 33 44 51 49 41 39 42 17 52 47 47 21 5 29 38 19 47 52 49 23
split_gain=896.719 122.333 75.5389 59.8502 64.2031 58.467 54.9258 72.6025 48.774 45.6441 39.7058 68.3095 49.347 44.6327 42.8062 39.5332 38.3387 37.4896 38.8867 50.0365 56.4213 37.7029 38.7499 37.1195 36.7305 36.3855 37.6764 32.8259 31.6604 31.5323 31.4921 30.747 30.3624 37.7771 30.067 28.9752 58.417 110.026 73.4501 67.1467 58.5323 50.56 38.7798 43.9208 40.694 28.5402 28.4992 36.6392 34.1072 30.0845 28.4447 36.3045 28.1397 27.7872 36.3549 36.4653 27.4263 27.0926 35.6591 27.3917 46.4101 38.0412
threshold=-36.352928161621087 -3.6867256164550777 283.86468505859381 344.16667175292974 0.12940952181816109 247.43756103515628 -15.294105529785154 14.433798789978029 -51.409231185913079 0.77526974678039562 270.65731811523443 274.91055297851568 0.54795837402343761 280.31988525390631 0.91597560048103344 -28.334059715270993 1.0000000000000002 -1.0000000180025095e-35 2.4330596923828129 -0.70683670043945301 -5.6702983379364005 3.6438055038452153 256.60597229003912 -2.073426246643066 -5.6702983379364005 272.51168823242193 52.750000000000007 290.03321838378912 100.17806625366212 -0.33190214633941645 286.64465332031256 19.250000000000004 1.1571083068847658 -1.8693847656249998 13.625877857208254 269.27120971679693 267.04945373535162 -24.102975845336911 260.66418457031256 -0.033448547124862664 0.76962852478027355 18.125390052795414 10.353983879089357 -1.2250518798828123 15.234426975250246 247.43756103515628 6.5088360309600839 -32.965145111083977 -5.3790435791015616 -8.8059463500976545 13.851301670074465 2.0334974527359013 -2.6776723861694331 -2.4353712797164913 216.1795349121094 4.7926559448242196 -7.5882339477539054 -20.919559478759762 -2.9631891250610347 5.0382971763610849 276.94873046875006 -30.4776496887207
decision_type=2 2 2 2 2 2 2 2 2 2 2 2 2 2 2 2 2 2 2 2 2 2 2 2 2 2 2 2 2 2 2 2 2 2 2 2 2 2 2 2 2 2 2 2 2 2 2 2 2 2 2 2 2 2 2 2 2 2 2 2 2 2
left_child=2 3 8 4 16 9 27 10 -1 34 14 12 -12 -13 -8 -14 23 18 -7 20 -20 -19 32 -2 -9 26 -17 -6 -10 -27 31 -18 33 -23 -3 36 38 39 41 40 -38 46 44 -44 -42 -25 -33 -48 -49 -50 51 -29 -32 -24 55 -55 -28 58 -5 60 61 -60
right_child=1 5 -4 57 6 17 7 24 28 -11 11 13 15 -15 -16 25 30 21 19 -21 -22 22 53 45 -26 29 56 50 -30 -31 52 35 -34 -35 -36 -37 37 -39 -40 -41 42 -43 43 -45 -46 -47 47 48 49 -51 -52 -53 -54 54 -56 -57 -58 -59 59 -61 -62 -63
leaf_value=0.27886913328859542 -0.015910562791985442 0.039516894451839868 -0.045561612402962914 -0.027638715126331665 -0.023691083361256221 -0.0021729045614840431 0.0020620039192208619 -0.028014449726776282 -0.025241230848169163 0.062917138134111567 -0.0024401196055815716 -0.028626573053031391 -0.034515741098527945 0.01718054071112168 -0.037752410838339349 0.12167912918242454 -0.016171181898691402 0.029847505672013476 0.023298363763803065 0.035023927704726274 -0.0100351607957265 -0.014798624369310592 0.00045037899445835846 0.05889755476584535 0.051501028817765186 -0.007973485612511759 0.098399222589830304 0.036767823187214797 0.027816639456267833 0.056818725656699709 -0.024954749119809494 -0.0069202053737264903 0.08000298548255308 0.032011106179076869 0.0075394980324075865 -0.010428280840333464 0.019419387206571069 -0.011099729605297679 -0.033674475165888638 -0.025314544742812535 0.25602518320991757 -0.011896333464024161 0.056482073724702681 0.16687317272898181 0.097311246486327663 0.013242783145558554 -0.050549300638481592 0.10756914008552956 0.060565775826142733 0.015182456576480206 -0.038725998009171668 0.22536727911249096 0.027254440055210397 0.042844039152907049 0.059394256323509233 0.0081856152658522068 0.004535951969707977 0.020707573820797714 0.088302411818252061 0.0037732212105643678 -0.02932008017496722 0.0068509323309635306
leaf_weight=1.3549577563535411 107.63308628508821 122.43038591742516 992.20275213988498 78.580431739101186 661.04040516261011 1163.3844921737909 266.84460613457486 295.74834359483793 407.55856498540379 79.114464469254017 67.265764584764838 107.34262786433101 13.131442038342355 105.38511874014512 90.373611368704587 32.836775055155158 406.22869387920946 289.13771562092006 227.77464751992375 185.26729873009026 286.7772724442184 54.131020878441632 748.32039512973279 36.259129639714956 15.273246342316268 28.988838984165341 13.744479300454261 11.889308612793686 30.199551082449034 53.311708868481219 31.377308526309207 64.388646779349074 25.101952560245991 211.54457033704966 183.96750624477863 457.34898954094388 29.789789397967979 98.494641222991049 145.09802443603985 18.915247443364933 7.5314899592194733 195.95413905894384 38.819821455981582 11.733871816191821 8.7085715162102115 612.10542465187609 12.693440469447522 15.773147147614507 55.245913542341441 107.71340742893517 8.1255220102611911 3.2489144047722212 145.42265380825847 83.203808963298798 40.871434226632118 863.74700415879488 17.941041637212038 383.90821051457897 37.538384949788451 480.39538070815615 20.812165647977963 23.190978582948446
leaf_count=155 4693 569 356733 5833 79781 15038 8465 17615 68026 390 936 4196 633 2428 3731 554 25377 1656 3049 1142 3263 631 11488 179 373 610 325 966 2445 724 2472 869 126 1614 898 35673 1858 4629 12631 1554 336 8820 1761 367 353 25597 1678 345 1977 1465 880 150 8563 377 321 5104 209 10269 885 30745 835 492
internal_value=-0.000907331 0.00439625 -0.0379202 -0.000679806 -0.00321414 0.0104279 -0.0104986 -0.00362082 -0.0206538 0.0290594 0.00437311 0.0144283 0.0334916 -0.00593377 -0.00801075 0.048602 0.00179396 0.00870929 0.00342946 0.0127429 0.00472046 0.0129568 0.0105473 0.0112818 -0.0241097 0.0560358 0.0841473 -0.0216367 -0.0215809 0.0339969 -0.00208064 -0.00419972 0.02744 0.0224737 0.020317 -0.000365055 0.0053109 0.0277242 -0.00272489 0.0608323 0.0777036 0.00721543 0.103698 0.0821046 0.170916 0.015796 0.0218551 0.031534 0.0373635 0.0305682 0.0367385 0.0772444 0.0179887 0.00771805 0.0132237 0.0112309 0.0452518 0.0102047 0.00390961 0.00832128 0.0351158 0.0571982
internal_weight=11420.2 9988.93 1431.32 5424.15 4399.73 4564.77 1792.49 1108.19 439.113 385.512 797.166 439.948 227.22 212.728 357.218 159.954 2607.24 4179.26 1863.2 699.819 514.552 2316.06 2026.92 755.998 311.022 146.823 64.5223 684.304 437.758 82.3005 1851.24 1674.44 290.778 265.676 306.398 1268.21 810.86 213.993 596.867 115.499 96.5835 451.769 66.7938 50.5537 16.2401 648.365 255.815 191.426 178.732 162.959 23.2637 15.1382 176.8 1736.14 987.822 946.951 31.6855 1024.43 640.517 561.937 81.5415 60.7294
internal_count=785857 358498 427359 312832 263773 45666 122576 40799 70626 1857 22811 10615 3991 6624 12196 3055 141197 43809 22492 7454 6312 21317 19661 30469 17988 2422 1088 81777 70471 1334 110728 99693 2371 2245 1467 74316 38643 10858 27785 6229 4675 15154 2817 2128 689 25776 6334 5465 3787 3442 1996 1116 11035 17290 5802 5481 534 49059 38790 32957 2212 1377
is_linear=0
shrinkage=0.05


Tree=42
num_leaves=63
num_cat=0
split_feature=2 38 52 49 49 54 47 53 28 41 5 48 48 48 49 17 48 48 49 51 49 49 37 49 49 47 38 50 29 51 48 0 37 47 39 44 19 29 38 34 2 32 48 44 52 49 24 43 48 11 43 10 41 27 51 29 44 49 41 17 48 54
split_gain=843.073 148.117 59.3272 60.99 51.8228 49.8533 48.3899 47.9047 57.8649 47.6623 55.7845 44.0518 42.3341 58.3714 39.2696 65.3825 47.5184 52.3829 54.6573 43.6368 44.2868 40.7703 49.5841 38.8328 51.0844 42.2045 43.5276 86.319 42.0941 40.6247 38.8316 78.9479 38.776 36.464 43.6406 34.1806 34.1134 33.9206 35.358 33.1716 32.7272 31.6173 33.4198 30.7746 30.6391 43.2763 30.2966 55.9882 50.5414 29.6737 34.5567 38.6972 31.9764 34.3047 29.286 30.2917 40.914 52.7398 37.374 28.689 31.6507 28.6618
threshold=284.64483642578131 -13.529411315917967 57.570123672485359 256.94619750976568 267.04945373535162 1.0000000180025095e-35 -3.4302330017089839 233.16666412353518 3.6376352310180669 2.7746309041976933 260.28181457519537 -0.57820284366607655 0.97297734022140514 0.95489680767059337 268.30914306640631 1.0000000180025095e-35 0.90649205446243297 0.31050783395767217 275.32183837890631 24.759103775024418 261.63801574707037 273.86521911621099 244.07044982910159 289.56823730468756 273.35858154296881 0.11677592992782594 -44.117637634277337 84.194976806640639 12.163876533508303 49.556632995605476 0.16143232583999637 280.88150024414068 250.22149658203128 3.507806777954102 -23.653595924377438 -3.3999805450439449 -39.589565277099602 1.9835796356201174 -1.117652893066406 9.2093033790588397 242.14808654785159 29.157271385192875 0.92611247301101696 6.5358657836914071 9.9530663490295428 255.59030914306643 20.046859741210941 0.84713745117187511 0.80160850286483776 285.93666076660162 0.40455627441406256 285.86943054199224 -0.23868268728256223 -2.7429928779602046 74.316799163818374 4.2855558395385751 -3.0772304534912105 279.88751220703131 16.013310432434086 -3.6867256164550777 0.78795313835144054 0.12940952181816109
decision_type=2 2 2 2 2 2 2 2 2 2 2 2 2 2 2 2 2 2 2 2 2 2 2 2 2 2 2 2 2 2 2 2 2 2 2 2 2 2 2 2 2 2 2 2 2 2 2 2 2 2 2 2 2 2 2 2 2 2 2 2 2 2
left_child=1 4 3 12 11 6 -6 8 -5 10 33 -1 13 37 15 19 17 18 21 43 -21 -16 -23 24 25 26 27 -8 -28 -26 49 -32 -11 34 -7 -2 -9 -3 40 -27 59 -40 -43 -10 45 -15 47 48 -30 52 -51 -52 53 -12 -34 -56 57 -57 -59 -39 -61 -17
right_child=35 2 -4 7 5 9 23 36 14 32 30 -13 -14 44 16 61 -18 -19 -20 20 -22 22 -24 -25 29 39 28 -29 46 -31 31 -33 54 -35 -36 -37 -38 38 41 -41 -42 42 -44 -45 -46 -47 -48 -49 -50 50 51 -53 -54 -55 55 56 -58 58 -60 60 -62 -63
leaf_value=0.036864871567203361 -0.028743877088001531 0.054610411550073901 -0.012991401250829013 0.011843302490441771 -0.036562315101620321 0.053426078249517242 -0.05023477844418809 -0.022100645388185139 -0.022246395738531516 0.12742067122931969 -0.045113420402520726 -0.026470322288069999 0.062071542924486467 0.070447116969190843 0.0022028202224250687 -0.019955793314212475 -0.030460713095284253 0.018670709969760484 -0.020148629964673113 0.025676021427758794 -0.018856414162811211 0.069045574357022396 -0.018064533966722897 0.048569986445843288 -0.011269529361875379 0.017993974145286633 0.020599866206073694 0.50188956541050345 0.10816583436832938 0.022691922075472659 0.29915668756998398 0.0072126924295170085 -0.026414563770244995 -0.035735251182309406 -0.022264883365081815 -0.048028697817625865 0.014671238969952888 -0.0056383347874669571 0.042897987856381548 -0.032649812166129423 0.034374212883787121 0.012244906922250942 0.056349236756246639 0.062613827775485006 -0.05621547578504537 -0.049508870506529759 0.05007811715625498 0.01960875417160959 0.3842969922022636 -0.031743293492094711 0.27671886398860179 0.052327617524133188 -0.036530301637457893 0.010626655573459279 -0.045094597906671093 -0.050779490146066635 -0.016791789200982246 0.22367074325541336 0.067658225372358757 0.019233257799610794 -0.013691806359932324 0.010961244240527192
leaf_weight=29.358454409288242 325.3384465102572 57.412208954803646 355.06449185544625 1217.9289160384797 67.783783067716286 92.838464839151129 1.3946142205968493 65.94900230364874 701.27049724943936 4.3529908494092515 36.551071919035167 423.33311767107807 48.905395873822272 14.845732071436943 428.35220786510035 88.11369636375457 89.215449369512498 571.55654959566891 256.56526808161288 116.63941160775721 107.08549249172211 52.431406017392874 23.729299059137702 53.448017060058191 446.25675917579792 87.359688185155392 150.32953490922228 1.4376451447606085 3.4255510699003917 109.70233695511706 2.988381231436505 10.287377613829447 495.37353834835812 19.639561474556103 23.957598662003875 782.16731931781396 1445.5001900261268 323.19429441075772 175.25433583930135 51.333042922662571 115.76134395832196 359.73998674564064 48.775379806756973 10.849037879146634 42.610330168157816 15.23429880524054 26.883380604442209 4.9545616093091667 3.2099734763614833 10.536755959969016 2.2692495891824356 12.532573393313212 136.04784218710847 112.75441548041999 17.545318128308281 5.6898897043429342 21.232706493232399 6.1239080168306854 10.287379237823187 415.34283105190843 88.553189404308796 502.28691360354424
leaf_count=1240 93511 350 9187 16806 8710 2750 316 2197 28176 236 4663 48051 362 112 9331 764 4206 14692 5659 3525 4138 565 1046 3677 43980 4833 11345 119 233 7235 171 1467 64768 804 759 298692 25305 5778 960 5262 2473 2135 300 284 866 415 1215 406 196 1859 230 1171 17077 8965 1849 597 1453 235 313 3350 1462 2738
internal_value=-0.000926803 0.00356383 0.00697242 0.00793251 -0.00706651 -0.00365294 0.00423774 0.00544167 0.00267526 -0.0114394 0.000481346 -0.0223628 0.0162237 0.0148703 -0.00111228 -0.00668211 0.00486651 0.00723155 -0.00135907 -0.0149019 0.00436066 0.00819618 0.0419048 0.00718068 0.00468468 0.0202578 0.0354621 0.230022 0.0325434 -0.00456823 -0.0108133 0.0729295 -0.0212294 0.0273005 0.0379001 -0.0423636 0.0130668 0.0168807 0.0154618 -0.000750337 0.00947431 0.0251323 0.0175108 -0.0209536 -0.0289413 0.00969434 0.0792113 0.146786 0.241746 -0.0143915 0.0374635 0.0867288 -0.0189961 -0.00301892 -0.0223927 0.0103336 0.0327757 0.0803955 0.125875 0.00598927 0.0134471 0.00634706
internal_weight=11326.9 10219.4 7738.17 7383.1 2481.22 2028.53 1007.52 5677.47 4166.02 1021.01 460.403 452.692 1705.63 1656.72 2948.1 1526.25 1421.85 1332.63 761.078 935.844 223.725 504.513 76.1607 939.735 886.287 330.328 191.635 2.83226 188.803 555.959 323.968 13.2758 560.606 136.436 116.796 1107.51 1511.45 1584.03 1526.62 138.693 942.852 583.77 408.515 712.12 72.6904 30.08 38.4735 11.5901 6.63552 310.692 25.3386 14.8018 285.353 149.305 556.253 60.8792 43.3339 22.1012 16.4113 827.09 503.896 590.401
internal_count=785570 393367 147182 137995 246185 196894 87527 119432 91930 109367 39916 49291 18563 18201 75124 39625 35499 31293 16601 36123 7663 10942 1611 78817 75140 23925 13830 435 13395 51215 35603 1638 69451 4313 3509 392203 27502 16808 16458 10095 13063 3395 2435 28460 1393 527 2050 835 429 33965 3260 1401 30705 13628 69215 4447 2598 1145 548 10590 4812 3502
is_linear=0
shrinkage=0.05


Tree=43
num_leaves=63
num_cat=0
split_feature=2 38 49 53 49 48 52 53 36 34 48 41 52 40 54 36 53 54 38 45 55 48 52 43 38 19 44 53 36 49 11 48 19 48 55 51 48 40 51 11 23 44 50 11 38 49 11 28 42 4 36 36 40 54 48 21 16 4 36 54 27 48
split_gain=774.585 136.285 54.4617 49.9716 51.8741 46.8488 45.8739 44.8021 44.3568 45.0473 64.1401 52.7864 43.5373 44.6249 56.7409 42.8593 46.1095 37.2362 34.9875 34.4801 65.4595 32.9622 32.5504 30.7034 35.2225 67.5935 30.2468 29.1708 28.9522 36.9785 38.8407 56.9449 35.576 34.8901 30.1025 28.8533 34.5331 31.6652 27.5548 27.2794 31.5618 26.665 26.6287 30.2937 26.6186 26.2811 38.0958 40.0688 30.8415 26.1558 24.8061 28.6434 24.5308 27.44 62.1347 28.3654 26.0829 24.3996 24.377 24.1326 23.5305 23.8129
threshold=284.64483642578131 -17.17647552490234 247.43756103515628 545.16665649414074 290.03321838378912 -0.44147184491157526 92.846775054931655 233.16666412353518 214.41176605224612 5.908161163330079 -0.065915763378143297 21.296781539916996 95.494766235351577 -0.25491333007812494 0.37940952181816107 282.64704895019537 1089.1666564941409 0.12940952181816109 -5.1176528930664054 1.3454093933105471 0.98296290636062633 -0.38575345277786249 24.303702354431156 -1.5085144042968748 -43.411750793457024 -47.503875732421868 -5.1194610595703116 -8.958333492279051 232.64705657958987 258.11538696289068 254.76325225830081 -0.051667749881744378 -43.664691925048821 0.11192005872726442 -0.12940952181816107 42.687715530395515 -0.3452687263488769 1.5686111450195315 7.2736930847167978 279.63664245605474 -41.070903778076165 -4.8565921783447257 35.348039627075202 255.39424133300784 -8.647056579589842 263.99104309082037 245.45593261718753 8.3174104690551776 2.0121994018554692 240.13414001464847 278.52941894531256 266.17646789550787 12.156867980957033 -1.0000000180025095e-35 0.80511206388473522 -24.505388259887692 -9.9392242431640607 246.2256774902344 219.11765289306643 -0.91597560048103321 3.1821756362915044 0.062224745750427253
decision_type=2 2 2 2 2 2 2 2 2 2 2 2 2 2 2 2 2 2 2 2 2 2 2 2 2 2 2 2 2 2 2 2 2 2 2 2 2 2 2 2 2 2 2 2 2 2 2 2 2 2 2 2 2 2 2 2 2 2 2 2 2 2
left_child=1 3 5 4 12 -3 7 8 60 -10 17 28 13 19 -15 16 -2 -11 -13 26 -21 -7 42 -14 25 -25 27 -1 32 34 -31 -32 -12 -34 -30 36 -23 -38 -22 40 -26 -18 -9 -44 -36 -19 47 48 -47 58 51 -6 53 54 -24 -55 -56 -57 -35 -29 -4 -62
right_child=15 2 6 -5 50 21 -8 22 9 10 11 18 23 14 -16 -17 41 45 -20 20 38 35 52 24 39 -27 -28 59 29 30 31 -33 33 49 44 -37 37 -39 -40 -41 -42 -43 43 -45 -46 46 -48 -49 -50 -51 -52 -53 -54 55 56 57 -58 -59 -60 -61 61 -63
leaf_value=0.12792692856542129 -0.02866151475206944 -0.028716591311048492 0.039597797533655221 0.011990669508787685 -0.029489591746570759 0.062411593140519167 -0.018706245092431347 -0.0018901481593615024 0.0083273930128443096 -0.030940095900428528 -0.037636324956314249 -0.022057402488865372 -0.032016010717747519 -0.013543590046895574 -0.03949074824281483 -0.047761607619762461 0.039982200863231648 -0.035919682473234224 -0.0015875518314438332 0.0022752360156455364 -0.010431295280700959 -0.015802974404402797 -0.010574962146389005 -0.012165285959775023 0.13893422521899884 0.28989719358353544 -0.022903279932651878 0.11079212218421096 -0.019215746064620846 -0.023940322275667975 0.19385632174603343 0.0049727886169840009 -0.0035823564291768391 0.055162735740385882 0.095091053096649281 -0.0091813048858408915 0.060672858093503895 0.023387829392473036 0.13028311589392624 -0.007322268895059692 0.028058909628546371 0.24554830590424401 0.023810051520668733 0.0039919086008210645 0.0016647300587263323 0.025761010203326409 -0.019533854901353533 -0.011292930924060217 0.10069327803741401 0.056355403341833976 -0.015893957944182167 0.068341643587871342 -0.011055377709687153 -0.0094291329944102224 0.017227370928800136 0.023696757976180875 0.15010158102827656 0.086508290860063466 0.016034125478976872 -0.0027740142507135294 0.00099021014981531862 0.014247773397588146
leaf_weight=4.743222427321597 268.35139814787544 45.35325843654573 66.044461954385042 258.78303880081512 9.2070261915214342 51.068430356681347 201.40630526328459 168.83414213405922 1194.5571493338794 285.65945376595482 29.018554228357971 280.09824230521917 25.408349106786773 618.86507983389311 319.45697692176327 782.50146491313353 7.155433212639764 57.199397882446647 819.48981970921159 198.79533202084713 4.5175718259997693 46.594416253268719 211.89057784667239 3.8106528567150235 8.0452197007834894 3.6033186996355644 281.88553890353069 4.8659678352996698 15.367436855565755 171.04461499303579 4.0809473381377748 179.66834174282849 128.96709841070697 45.588419429957867 23.519438871182501 71.531261432915926 68.396144922822714 340.11091902479529 15.133841254282741 41.921391477342695 31.743489819578826 2.0236886858474445 869.40858868695796 247.78198816999793 11.280901001766322 50.940024427138269 110.04059606837109 54.393058921676129 18.800129984505475 61.219085927121341 20.126209071138874 39.93003419553861 210.00957421259955 63.479556516278535 6.3737697051838031 195.3801813935861 8.7821362847462279 16.789898430462927 313.72909378632903 121.00342875020579 555.87960466556251 866.96291525289416
leaf_count=396 73057 277 295 16810 580 237 6378 3683 19697 11447 885 21573 2112 76060 53451 317626 728 2357 18600 13168 241 241 4811 346 388 126 31899 178 884 9339 288 11787 2376 341 700 418 380 1730 758 2798 1527 192 13338 7919 168 703 6129 1578 288 1528 2323 1942 5206 2096 368 2786 189 449 6942 10131 3411 5911
internal_value=-0.00109865 0.00313742 0.00600902 -0.00851931 -0.0115469 0.0202166 0.00483557 0.00548135 0.00309263 0.00026141 -0.00336073 0.0007256 -0.0132914 -0.0154634 -0.0223774 -0.0417741 -0.0248922 -0.0181123 -0.00680184 -0.00518113 0.0108808 0.0240582 0.0118675 0.0164691 0.0302917 0.134642 -0.013687 0.00620332 0.00914168 -0.00111201 -0.0067935 0.00916776 0.0163192 0.0191685 0.0390683 0.020339 0.0249789 0.0296304 0.0979349 0.0208234 0.0504777 0.0853026 0.0166176 0.0194146 0.0648059 -0.00553601 0.00188552 0.0208732 0.0459608 0.0261456 0.0308603 0.0500106 0.00329635 0.00929203 -0.00357953 0.019894 0.0942217 0.0286673 0.0209986 0.00161632 0.0104225 0.00906828
internal_weight=11238.6 10178.6 8166.74 2011.85 1753.06 623.054 7543.69 7342.28 5343.55 3854.66 2660.1 2083.07 1683.8 1569.27 938.322 1060.03 277.531 577.033 1099.59 630.945 218.447 577.701 1998.73 114.532 89.1241 7.41397 412.498 130.613 983.484 404.962 354.794 183.749 578.522 549.504 50.1678 526.633 455.101 408.507 19.6514 81.7101 39.7887 9.17912 1286.02 1117.19 34.8003 291.373 234.174 124.133 69.7402 420.537 69.2633 49.1371 712.706 502.696 227.046 275.65 15.1559 212.17 359.318 125.869 1488.89 1422.84
internal_count=784570 392967 177733 215234 198424 3283 174450 168072 127227 117610 97913 75411 193579 186282 129511 391603 73977 22502 40173 56771 14167 3006 40845 7297 5185 472 42604 10705 35238 23166 21414 12075 12072 11187 1752 2769 2351 2110 999 4713 1915 920 24940 21257 868 11055 8698 2569 991 8811 4845 2522 15905 10699 5368 5331 557 3235 7283 10309 9617 9322
is_linear=0
shrinkage=0.05


Tree=44
num_leaves=63
num_cat=0
split_feature=36 17 41 54 36 47 43 38 55 52 49 49 49 49 4 17 52 36 38 54 52 5 29 5 17 33 49 55 49 17 43 49 24 29 23 17 49 35 47 35 54 50 37 23 49 13 5 23 49 37 23 5 54 40 23 23 37 52 40 32 54 16
split_gain=754.496 137.875 61.8253 62.4672 71.9983 58.1035 63.1871 54.3424 47.9801 46.4421 46.166 49.5361 45.9664 47.2002 42.5109 76.6398 43.553 73.1311 40.9446 40.7552 37.1441 36.2946 68.4179 34.4974 43.8235 36.1581 55.9063 38.3494 44.6765 37.4023 34.4042 33.5413 33.0636 32.4258 39.1155 31.473 41.5873 33.7346 31.0592 30.5739 37.6185 31.2996 34.9129 30.2551 57.9603 29.6514 31.4298 71.0294 29.2783 34.3868 29.2374 31.2876 38.8758 29.1145 50.6202 33.5628 119.141 28.9771 28.2167 66.0072 48.7191 33.5013
threshold=280.88236999511724 -9.5348014831542951 2.7189543247222905 0.12940952181816109 234.41176605224612 -3.0682443380355831 -4.9012603759765616 -27.64705657958984 0.37940952181816107 41.616329193115241 259.31796264648443 264.55642700195318 270.26141357421881 268.30914306640631 248.75048828125003 -28.1078987121582 16.755406379699711 240.29412078857425 -19.176460266113278 -0.6035533845424651 22.16961765289307 259.23817443847662 -2.6497731208801265 209.49958801269534 1.0000000180025095e-35 8.8814735412597674 274.68690490722662 0.12940952181816107 266.63755798339849 -0.37291717529296869 -0.38076782226562494 270.94653320312506 27.88590240478516 2.3509883880615239 -19.018526077270504 -27.353998184204098 272.51168823242193 1.5941081643104555 6.3749313354492196 5.4733462333679208 0.91597560048103344 85.215217590332045 212.46549987792972 -7.7348318099975577 273.35858154296881 -50.029863357543938 285.73895263671881 -51.317636489868157 259.93206787109381 219.35003662109378 -32.718540191650384 243.27687072753909 0.78656607866287243 -0.84313964843749989 -26.987300872802731 -41.712778091430657 282.24038696289068 95.494766235351577 13.078430175781252 10.409038066864015 -0.98296290636062611 -9.1337013244628888
decision_type=2 2 2 2 2 2 2 2 2 2 2 2 2 2 2 2 2 2 2 2 2 2 2 2 2 2 2 2 2 2 2 2 2 2 2 2 2 2 2 2 2 2 2 2 2 2 2 2 2 2 2 2 2 2 2 2 2 2 2 2 2 2
left_child=1 2 7 5 31 -4 -7 35 32 10 33 19 13 -10 -15 -16 17 -17 -19 -12 39 22 -2 38 25 26 29 28 -27 43 -28 -5 45 -3 -35 -1 -37 -38 -13 40 -21 42 -41 -25 -45 -8 -47 -48 -22 -50 -33 52 -52 54 -9 56 -55 -6 59 -36 -61 -62
right_child=21 9 3 4 57 6 8 53 12 -11 11 23 -14 14 15 16 -18 18 -20 20 48 -23 -24 24 -26 27 30 -29 -30 -31 -32 50 -34 34 58 36 37 -39 -40 41 -42 -43 -44 44 -46 46 47 -49 49 -51 51 -53 -54 55 -56 -57 -58 -59 -60 60 61 -63
leaf_value=-0.014605649166005619 0.22260808693862685 0.04019528790060134 -0.022070887302759287 -0.011297086867711586 -0.027102660975529089 -0.024685801153684898 -0.014818277488135252 0.018003960637133758 -0.00028441101998484124 -0.0089671979437799566 -0.027033281084696981 0.017747176160122304 -0.022244042635160433 -0.025376933994268037 -0.0066180152954018944 0.11412328015342454 0.044299371518516623 0.22781723243893781 0.53368017565471282 0.018664191150576537 0.049711723469690647 -0.045284282728030811 -0.021243996255813045 0.028470775006101741 -0.020528349886093401 -0.033712737473364757 0.017314723538816416 -0.010675222856286462 0.010897604007909005 0.077269590046260619 -0.012215038165978078 -0.016604932267061872 -0.02771654482810278 -0.020210931051091997 0.0081182002257133064 -0.042434473652826266 0.12619032676204858 0.0060417766014153138 0.062700671832038965 0.0039899958622704847 -0.042608516167150529 0.015713790919029007 -0.025019794107193235 -0.021208077601424166 0.057571024899783441 0.022711419528336232 0.51090586477081268 0.046837632694317011 0.032020005514389244 -0.012354987796321822 -0.0060119698868733211 0.12549561632905237 0.081516118702750676 0.31554972881615262 -0.014089095558507401 0.02691216453536649 -0.024781365253198479 0.015686007060934318 0.010102551568198207 -0.01390784372509872 0.10740277059230641 0.040974444868830125
leaf_weight=348.20236460235901 3.55209125671536 114.62236860673875 298.11291806818917 84.77081004017964 776.31411402346566 177.18043870362453 54.84437189088203 411.39462061529048 137.67449075961486 399.55549325747415 155.63891592388973 355.23471921496093 202.81333799893036 9.4892124990001303 10.268050349317489 5.9774218709208089 4.6991129720117888 2.155160764232277 2.2225378430448481 197.51704517286271 55.535771627910435 901.80324090016074 15.122578969458116 436.73853312246501 138.90734261833131 59.721344074234366 180.62910939380527 368.79121630452573 931.72496791509911 32.881990149617195 217.28900730377063 21.815302356146276 38.854502362199128 85.633911242242903 380.26344081666321 11.64486246765591 13.19039917108603 10.48715716623701 43.084274942055345 151.02283244207501 28.688358347862959 93.246376305818558 331.08161086216569 86.724902428686619 31.949302226305008 481.78781288047321 1.0691403604578225 3.6041414625942698 80.870316568762064 94.873909583315253 27.80853557260707 11.407279198523609 23.327958259731531 4.4730439526028913 175.19264888158068 125.02310129068792 6.0493902978487313 41.692327483789995 1384.1604046565481 38.974207814782858 20.397054803557694 273.1866151932627
leaf_count=48021 106 850 30447 4108 102230 19481 12776 12545 8773 8257 4756 2147 20762 542 1642 150 325 253 155 1660 747 358419 2481 4724 1127 2942 2790 8630 21419 172 2829 840 3508 2100 2819 961 764 962 233 720 372 1256 9465 682 152 37149 230 860 439 2322 853 256 471 165 4540 3185 359 3228 17464 533 306 2793
internal_value=-0.000485305 0.00339338 -0.00462753 -0.00910626 -0.0187817 -0.00243076 0.00273856 0.00516672 0.00782414 0.00756863 0.00860593 0.00540871 -0.00610677 0.0128678 0.0648831 0.0987069 0.170546 0.227836 0.383102 -0.00318137 0.000412891 -0.0438555 0.0251389 0.00894901 0.00675968 0.00837511 0.0156645 0.0030901 0.00821043 0.0254552 0.00118957 0.0109152 0.0168359 0.0142734 0.0129121 -0.0100437 0.0349273 0.0729747 0.0226096 -0.00468043 0.0108933 -0.0108034 -0.0159323 0.0223876 7.21415e-07 0.0200338 0.0239631 0.153006 0.018065 0.00806457 0.0332358 0.0506203 0.0339175 0.013245 0.00841891 0.0341302 0.119892 -0.0249218 0.0142648 0.0223469 0.0386168 0.0455896
internal_weight=11213 10292.5 3523.55 2417.89 987.136 1430.75 1132.64 1105.66 955.459 6768.95 6369.39 4072.15 375.299 172.486 34.8115 25.3223 15.0542 10.3551 4.3777 1188.48 1032.84 920.478 18.6747 2883.68 2485.36 2346.45 986.213 1360.24 991.446 588.295 397.918 169.13 580.16 2297.24 2182.62 383.525 35.3224 23.6776 398.319 801.556 226.205 575.351 482.104 555.413 118.674 541.305 486.461 4.67328 231.28 175.744 84.3591 62.5438 51.1365 722.133 586.587 135.546 10.5224 818.006 2096.98 712.821 332.558 293.584
internal_count=786253 425247 320541 249039 111986 137053 106606 71502 87125 104706 96449 69584 32602 11840 3067 2525 883 558 408 21737 16981 361006 2587 47847 45467 44340 11349 32991 24361 5730 5619 6528 54523 26865 26015 50708 2687 1726 2380 13473 2032 11441 10185 5558 834 51015 38239 1090 3508 2761 2420 1580 1324 20794 17085 3709 524 105458 23915 6451 3632 3099
is_linear=0
shrinkage=0.05


Tree=45
num_leaves=63
num_cat=0
split_feature=2 17 52 26 26 48 29 48 36 53 17 35 48 40 36 48 41 16 36 40 54 45 43 47 12 29 52 11 24 10 54 2 32 43 26 0 5 37 47 38 29 29 44 41 35 50 36 27 36 53 35 47 37 48 32 53 48 27 29 50 4 1
split_gain=710.445 115.579 54.3495 46.4238 68.8652 61.3742 51.4505 66.6363 43.7605 43.5744 43.4543 38.5342 38.4523 38.1352 41.3153 63.9048 39.8423 35.1556 40.9682 56.0797 34.6671 35.4177 47.0541 32.5645 31.8808 31.261 30.957 30.2524 29.5189 34.2837 37.6662 27.5856 27.552 26.4294 29.4357 26.1546 25.7487 25.6028 25.3916 33.4244 25.7148 24.3971 34.6428 31.0763 24.2292 24.1875 24.3026 24.1457 23.949 23.6554 28.5629 23.5184 23.3599 23.2877 23.3092 22.9158 21.5497 24.1634 21.4765 24.5515 21.2235 47.4912
threshold=284.92707824707037 -19.000131607055661 45.53399848937989 -0.34729480743408198 -2.6791095733642574 0.53731119632720958 -0.73326015472412098 -0.5924580693244933 282.64704895019537 60.708333969116218 -51.409231185913079 -0.8988763391971587 0.95832794904708873 0.78430938720703136 277.35295104980474 0.16143232583999637 1.6494796276092532 -25.640623092651364 224.41176605224612 14.901954650878908 0.12940952181816109 -2.2645647525787349 -1.0245819091796873 -1.4283854961395261 -46.361677169799798 1.1582479476928713 45.53399848937989 267.95007324218756 25.033315658569339 275.42779541015631 -0.6035533845424651 217.18473052978518 -1.0013400912284849 -2.1890258789062496 -1.3923263549804685 281.66929626464849 241.09019470214847 270.06900024414068 0.10153931006789209 -31.41176605224609 -2.6497731208801265 7.652031898498536 -4.6861305236816397 16.91430759429932 8.047699451446535 126.96470260620119 197.94117736816409 -1.5080718994140623 246.76470184326175 316.19642639160162 31.208155632019047 -0.87350952625274647 274.00509643554693 -0.67741933465003956 4.8516380786895761 1089.1666564941409 -0.051667749881744378 3.8296270370483403 7.5255737304687509 112.07171630859376 285.98907470703131 288.81260681152349
decision_type=2 2 2 2 2 2 2 2 2 2 2 2 2 2 2 2 2 2 2 2 2 2 2 2 2 2 2 2 2 2 2 2 2 2 2 2 2 2 2 2 2 2 2 2 2 2 2 2 2 2 2 2 2 2 2 2 2 2 2 2 2 2
left_child=1 3 17 4 -1 10 9 -8 55 -6 -5 33 20 14 15 -12 -17 23 45 24 21 -7 48 -3 -20 32 -22 36 29 30 -24 -21 -26 -11 38 44 49 -32 39 -35 -41 -28 43 -43 -18 46 -19 -13 -23 50 -27 -4 -33 -48 -55 -2 57 -47 -29 -60 -57 -62
right_child=8 2 51 5 6 12 7 -9 -10 11 13 47 -14 -15 -16 16 35 18 19 31 26 22 28 -25 25 27 41 58 -30 -31 37 52 -34 34 -36 -37 -38 -39 -40 40 -42 42 -44 -45 -46 56 53 -49 -50 -51 -52 -53 -54 54 -56 60 -58 -59 59 -61 61 -63
leaf_value=-0.04179581081713326 -0.02647589724256999 7.6136993306638443e-05 -0.026150264290791453 0.21116976629655976 -0.016582853206580726 -0.0184753322960872 0.24053188756447003 0.028771520675636403 -0.047858147913324878 0.14873322359763985 -0.0085638893023858124 -0.013742075627056316 -0.042508322968967907 -0.029976792558688473 -0.04441405075285762 0.23449761881743034 0.14775454173196997 0.037035316282362021 -0.025493419672190033 0.088241888871488441 -0.022873751694515772 0.061287300266765023 0.012187341054107568 0.064233923393483494 -0.022133562534644286 -2.2564474607678712e-05 -0.038763145605355737 0.011718550995195975 -0.015453774705143442 0.039585513554359478 0.087382475824203082 -0.019909534678220934 0.016161077403270451 -0.0083183547550515369 0.13459063706695365 -0.019960402620183153 -0.01238413742746265 0.22263863700077346 -0.021974777330746837 0.033476718507563223 0.1180557428609828 0.23206331050733434 0.0072560565311744832 0.047680508026719699 -0.018141459660898293 0.04127797402619296 -0.038812982786373643 0.022292595477108951 -0.011461287628731011 0.015689072832805993 0.10317521464903932 -0.002149803294619636 0.1242638205962614 0.020245820400072955 0.007285738075375245 -0.018777230798770032 0.031035869088407289 -0.010110502260067889 0.041416629299054278 0.16710403776537214 0.30403654297311766 -0.027907077268737646
leaf_weight=64.531907414784655 241.80174509203061 32.322328039444983 162.87862135330215 2.0414876223076126 109.7828946323134 59.789207870373502 5.5919318774249431 11.06830522441305 709.08539807004854 6.1344300245400509 397.12163551989943 75.614270565332845 44.169943113345653 468.31028839410283 74.325700498186052 3.4675716601777848 7.6952205053530651 74.761705160140991 84.979859207756817 6.143963696435093 132.08924272633158 12.991218186914919 6.6896887626498964 50.962060012854636 49.996919104829431 1395.3222219436429 8.4458361896686274 98.735141861718148 19.330408826004714 109.12227926380001 6.8550982056185585 329.39515147311613 775.73203020310029 17.722677209414542 7.5836990294046691 7.7866178182885042 311.37134869908914 7.1459805648773909 17.172374175861478 18.051484254654497 17.895845820195973 4.3527731762733328 12.489443702856077 4.8110456455033273 3.0825936580076814 31.942516800016165 26.102218537591398 120.68466195557266 87.576798524009064 312.34276808658615 6.7374278735369435 273.41635136329569 2.8337440257892004 385.20295339636505 3492.5341136623174 4.6984054069034737 237.71682405844331 80.586435656994581 39.655840407591313 4.3074296922422937 2.1139781042002141 2.1977178857196122
leaf_count=7965 69290 1713 5194 125 8628 6377 246 648 316086 288 35935 5498 6488 72421 16125 133 333 378 3991 73 20725 760 495 2655 827 44338 1054 4435 1408 8563 221 22977 12125 2337 344 770 22584 242 1566 722 567 162 748 267 417 174 244 7383 8537 7767 348 7626 152 2073 36615 448 2191 727 1922 151 194 242
internal_value=-0.000382097 0.00348161 0.00606552 -0.00746293 0.00619371 -0.0118177 0.013797 0.0998479 -0.0415089 0.0101271 -0.0192674 0.0205676 0.00210147 -0.0197566 -0.0100576 -0.0039654 0.0789213 0.00702258 0.00667518 0.00258284 0.00627882 0.0160913 0.0243677 0.0393346 0.00470606 0.00556317 -0.0124462 0.00241054 0.0421906 0.0507744 0.109784 -0.0167384 0.0138424 0.0487854 0.0409675 0.0498619 0.000843112 0.156416 0.0309452 0.0478775 0.0755831 0.0333149 0.0614289 0.135262 0.100306 0.00990602 0.0087971 0.00841205 -0.00206374 0.00324546 0.00047334 -0.0111097 -0.0186798 0.00825632 0.00857315 -0.0235585 0.0225028 0.00447665 0.024662 0.0537312 0.0547354 0.134841
internal_weight=11177.4 10217.5 8265.98 1951.52 471.834 1479.69 407.303 16.6602 959.897 390.642 963.831 280.859 515.859 961.79 493.479 419.154 22.032 7829.69 7746.4 3417.55 471.689 309.501 249.711 83.2844 3079.18 2994.2 162.188 2168.47 149.143 129.813 20.6908 338.373 825.729 84.5605 78.4261 18.5644 2025.77 14.0011 70.8424 53.67 35.9473 30.0991 21.6533 9.16382 10.7778 4328.85 3978.6 196.299 100.568 1714.4 1402.06 436.295 332.229 3903.84 3877.74 250.812 350.246 112.529 142.698 43.9633 9.0101 4.3117
internal_count=786038 399778 181280 218498 36192 182306 28227 894 386260 27333 126259 18705 56047 126134 53713 37588 1653 168460 164092 121690 49559 26603 20226 4368 98488 94497 22956 81545 10929 9521 958 23202 12952 5824 5536 1520 75037 463 5192 3626 1289 2231 1177 429 750 42402 39310 12881 9297 52453 44686 12820 23129 38932 38688 70174 3092 901 6508 2073 884 436
is_linear=0
shrinkage=0.05


Tree=46
num_leaves=63
num_cat=0
split_feature=36 13 49 53 17 42 44 49 48 5 49 49 17 42 48 48 48 47 44 49 52 42 42 29 49 17 25 16 53 47 42 15 5 16 47 41 52 49 48 23 40 14 49 51 36 41 48 49 48 49 49 29 14 42 49 48 52 49 49 25 48 40
split_gain=682.61 111.27 65.4661 58.6304 59.3972 62.9016 66.66 54.293 40.853 36.2841 37.2622 34.7922 50.6578 34.1952 45.3459 33.9985 33.2909 31.3348 33.571 35.8281 30.2666 30.1175 28.949 29.5032 38.2058 36.9493 29.8253 28.3869 33.8162 28.0733 28.0363 27.1704 26.5659 64.3067 34.5724 28.4116 27.9562 26.4893 32.1289 45.8679 31.8691 25.9194 25.8507 43.5046 67.6599 40.7283 39.0565 25.7344 35.559 77.7625 25.4471 32.7246 27.8309 25.3791 31.0794 24.852 24.5233 25.0906 54.4155 24.5014 36.8028 35.1542
threshold=280.88236999511724 -47.014684677124016 247.43756103515628 1089.1666564941409 -0.70683670043945301 4.1132049560546884 -0.71597671508789051 258.72836303710943 -0.63139832019805897 230.21923828125003 289.98133850097662 280.31988525390631 -19.000131607055661 2.2430114746093754 -0.48480302095413202 -0.44543808698654169 0.91809886693954479 0.94373273849487316 1.6120185852050783 271.22605895996099 37.524606704711921 -0.16024780273437497 19.432098388671879 1.859804153442383 267.31149291992193 -15.929212570190428 4.7647171020507821 -33.959192276000969 545.16665649414074 -3.4302330017089839 13.211959838867189 -31.942276000976559 225.14548492431643 -8.7254409790039045 0.6565837860107423 8.7145981788635272 15.134408473968508 271.74914550781256 0.75721126794815075 -34.108169555664055 -0.68627929687499989 -21.578426361083981 282.94137573242193 86.403953552246108 254.41175842285159 26.331639289855961 0.66979008913040172 265.70214843750006 0.88486921787261974 266.63755798339849 256.60597229003912 5.5258207321167001 0.66567993164062511 7.4490127563476571 280.76860046386724 0.81550949811935436 33.337041854858406 276.94873046875006 276.75975036621099 2.8949813842773442 0.062224745750427253 2.6078491210937504
decision_type=2 2 2 2 2 2 2 2 2 2 2 2 2 2 2 2 2 2 2 2 2 2 2 2 2 2 2 2 2 2 2 2 2 2 2 2 2 2 2 2 2 2 2 2 2 2 2 2 2 2 2 2 2 2 2 2 2 2 2 2 2 2
left_child=1 -1 15 4 5 9 11 -5 -9 -4 17 12 29 14 21 -3 22 18 -11 -20 -12 -6 56 -24 41 -26 -27 -2 -29 -7 32 -30 34 -34 36 -35 -17 -21 40 -40 -39 -25 43 45 -45 46 53 -31 -49 -50 -15 -52 55 -13 -55 -53 57 58 -14 -16 -61 -62
right_child=27 2 3 7 13 6 -8 8 -10 10 20 42 16 50 59 30 -18 -19 19 37 -22 -23 23 24 25 26 -28 28 31 47 -32 -33 33 35 -36 -37 -38 38 39 -41 -42 -43 -44 44 -46 -47 -48 48 49 -51 51 52 -54 54 -56 -57 -58 -59 -60 60 61 -63
leaf_value=-0.023865883428975474 -0.045699601668472097 -0.025656616691641234 0.00019142972765013306 0.089385319099447788 0.046881823921113029 -0.042410214442487493 0.040632997399858803 0.1171503305078677 0.013508116466238751 -0.010628546239069237 0.046098294743605293 -0.011277067258000449 0.0073986697534520396 0.043293188864826818 0.043417438494713162 0.035038853133603484 -0.020592263109479231 -0.021681347869597307 -0.0099199680907530296 0.13076394651771389 -0.051505748928250633 0.0006097975944966195 0.0037438547854968872 -0.033412648863309934 0.17032142872751677 0.11511605895838727 0.026622357561399274 -0.021683966487388212 0.20413816058076498 -0.033328266126312442 0.063216778029025603 -0.013113746680680131 0.04529131460189826 -0.060070508777404524 0.056155011853088244 -0.0031375647689284645 0.0049868032777326283 0.046077654963061959 -0.012082263219830969 0.18387187174647712 -0.015537175569181688 0.047073320853010303 0.0089650500084872114 -0.008262550389804493 0.20364970856471079 0.16508819892322082 -0.048854432348297339 -0.0075200393713585421 0.24001821517517152 0.016863125710300016 0.034824194687084545 0.0082006082061723794 0.030786829559909825 0.13740058588162754 0.034025156906568509 -0.026067526672498977 -0.011214137458052305 -0.02187040250962478 0.13225609614006803 -0.010029725636380748 0.04864756068654618 0.0051041423532664949
leaf_weight=371.61006241408177 808.71293451590464 38.757757168263197 1907.3724042312242 30.362220496870577 102.951292142272 68.006135191302747 126.32863671402447 9.9513217108324152 213.44133830582723 933.82665148610249 47.613584853243083 25.872584345750511 1406.1720314142294 96.004204224795103 35.828580819070339 146.55066464096308 121.929906305857 500.22340712323785 96.249698045896366 6.4342498285695902 9.5329576588701439 53.409477770328522 80.180954607203603 19.171405813656747 8.2915034238249046 14.054856022819875 29.518609440885484 30.084900867892429 3.3088022947777063 83.981070190435275 39.791167467832565 2.5469502767082295 55.49751341342926 32.714377030730247 79.324769236147404 66.371649615466595 163.97693467885256 41.520542886340991 5.1482177067082375 7.1115936669521016 42.435255123768002 20.91596117708832 500.02448319434188 6.5855447766371062 8.7998897766228747 4.856317429104819 18.623582684900612 370.75162580632605 4.4595066802576175 31.33288142667152 150.03239684179425 193.4511197693646 91.543931201100349 8.3381008694414032 56.797215076396242 72.825277201831341 219.2374889110215 73.081687452271581 8.7808650885708612 452.11688763834536 49.183054719120264 805.39199644513428
leaf_count=74756 355518 264 39912 393 596 9828 2373 192 4248 71096 2973 1945 35875 560 177 679 5844 50656 6698 238 544 306 844 880 413 115 713 4760 295 10874 223 226 325 189 389 438 808 1477 448 383 3309 419 27247 233 240 122 1625 35544 343 2469 746 1208 443 366 2361 574 6615 2558 96 2872 298 6376
internal_value=-0.0005611 0.00299423 0.00400317 0.00294876 0.00228167 4.35645e-05 0.00501103 0.0266514 0.018125 -0.00453537 -0.00986985 0.00360025 0.0010099 0.0096403 0.00559321 0.0196929 0.00472567 -0.0112587 -0.00665596 0.0119952 0.0298164 0.0310763 0.00636822 0.0259114 0.0452412 0.073576 0.0551665 -0.0437673 -0.000286785 -0.0123045 0.0227014 0.109645 0.0197403 0.00220037 0.0266952 -0.0219346 0.0191696 0.032544 0.0259757 0.101586 0.0149346 0.00858166 0.0141273 0.0340023 0.112943 0.0233938 0.0171172 -0.00813063 -0.00292547 0.0446668 0.0196859 0.0152232 0.0070046 0.0306174 0.0472585 -0.00117156 0.0043978 0.00669796 0.00817351 0.00262525 0.00150675 0.00761018
internal_weight=11109.3 10264.6 9893.04 9270.05 9016.3 6913.56 3316.09 253.755 223.393 3597.47 1690.1 3189.76 2559.87 2102.74 1498.88 622.985 2001.34 1632.95 1132.73 198.9 57.1465 156.361 1879.41 172.133 91.9523 51.865 43.5735 844.654 35.9407 558.531 584.227 5.85575 544.436 154.584 389.852 99.086 310.528 102.65 96.2156 12.2598 83.9558 40.0874 629.898 129.873 15.3854 114.488 109.631 490.525 406.544 35.7924 603.857 507.853 357.82 91.0079 65.1353 266.276 1707.27 1488.03 1414.95 1342.52 1306.69 854.575
internal_count=785535 424736 349980 346665 341832 327676 149942 4833 4440 177734 137822 147569 113430 14156 10625 3315 54372 134305 83649 12553 3517 902 48528 3384 2540 1241 828 360799 5281 59058 3051 521 2828 952 1876 627 1487 5855 5617 831 4786 1299 34139 6892 473 6419 6297 49230 38356 2812 3531 2971 2225 4672 2727 1782 45144 38529 35971 9723 9546 6674
is_linear=0
shrinkage=0.05


Tree=47
num_leaves=63
num_cat=0
split_feature=2 18 54 49 53 49 48 42 44 42 49 8 48 42 48 3 41 47 3 37 25 40 16 48 49 48 51 48 52 53 1 46 42 53 54 48 49 54 16 49 49 52 38 48 1 10 53 2 50 53 48 48 53 48 41 42 29 52 51 16 55 35
split_gain=617.073 94.3743 56.4679 65.4964 47.8261 46.2684 45.1424 44.4461 58.0711 53.7129 43.566 42.5446 41.623 40.2746 34.2502 74.214 54.0022 32.1283 38.4255 35.3479 32.0501 31.7934 31.184 51.9753 36.9853 30.9937 30.8167 33.6373 30.4979 27.7691 39.287 27.5998 29.8241 27.555 30.3724 31.1592 29.7754 37.0437 35.28 27.2622 33.3109 28.8124 30.6201 27.1851 27.0332 61.5213 30.2801 30.2541 35.4748 61.7625 26.0767 25.8336 25.4684 25.3 40.4188 24.831 24.7263 24.5472 24.6263 24.9356 23.9887 27.8497
threshold=284.64483642578131 -35.39985275268554 -0.37940952181816096 267.04945373535162 545.16665649414074 247.43756103515628 -0.44543808698654169 1.9255371093750002 -0.76698875427246083 4.1928405761718759 272.01187133789068 270.08627319335943 0.42884278297424322 3.6625976562500004 0.48329061269760137 253.59938049316409 10.566931247711183 -3.8804817199707027 249.92292022705081 279.05592346191412 -0.099399089813232408 -2.4902038574218746 -5.1181564331054679 -0.48480302095413202 274.50689697265631 -0.38575345277786249 58.513553619384773 -0.3497984111309051 22.285098075866703 719.16668701171886 275.46757507324224 0.66075611114501964 -0.16024780273437497 218.79166412353518 -1.0000000180025095e-35 -0.66743496060371388 255.95982360839847 -0.91597560048103321 -13.70786666870117 268.30914306640631 259.93206787109381 20.687903404235843 -8.647056579589842 -0.25243204832077021 288.95602416992193 289.58735656738287 1193.0000000000002 287.55557250976568 10.776651859283449 26.444444656372074 -0.34004548192024225 0.8994269371032716 338.58334350585943 -0.07752364873886107 8.2887921333313006 11.337997436523439 16.001280784606937 34.52357482910157 4.9873905181884775 -39.651159286499016 -0.6035533845424651 28.49505710601807
decision_type=2 2 2 2 2 2 2 2 2 2 2 2 2 2 2 2 2 2 2 2 2 2 2 2 2 2 2 2 2 2 2 2 2 2 2 2 2 2 2 2 2 2 2 2 2 2 2 2 2 2 2 2 2 2 2 2 2 2 2 2 2 2
left_child=1 2 3 -1 20 6 -3 22 11 -10 17 33 -12 -2 15 -14 -17 -5 -19 57 21 -4 -7 24 -24 -8 27 -27 -6 -13 -31 -23 -33 36 -35 -36 37 38 -9 40 50 42 -41 -11 45 46 -15 48 49 -47 -38 -16 -29 54 -25 -44 -22 58 -20 -60 61 -52
right_child=13 5 4 10 28 7 25 8 9 43 12 29 14 44 51 16 -18 18 19 -21 56 31 23 53 -26 26 -28 52 -30 30 -32 32 -34 34 35 -37 39 -39 -40 41 -42 -43 55 -45 -46 47 -48 -49 -50 -51 60 -53 -54 -55 -56 -57 -58 -59 59 -61 -62 -63
leaf_value=-0.041635113211523196 -0.04722319423951836 -0.033897205437241916 -0.016156991026967011 -0.019285588692497295 0.031389058783977672 -0.0071734834530930176 0.056579674116170167 0.096337362075985172 0.011886594380575802 0.014280118398588164 -0.011969663239581005 0.018222887575421065 -0.025819230557739159 -0.029941650102413155 0.017557721041738982 0.29346504234871407 0.020150355393890856 -0.0085754169406444102 -0.0096793192952109777 0.015922645460387758 -0.026596819835399771 -0.0021701428022183754 0.032624516953058624 -0.00013774948901740505 -0.024061770113826098 -0.020068742348959188 -0.026139293439594986 0.030087749244911588 -0.012857742986484275 0.024702016666248969 0.16188751758192452 0.12469554091657375 0.024662265641795411 0.00066269725786719099 0.11196608834650223 0.017367557109724967 0.026918125252394745 -0.0025560312792094466 0.0235931829767747 -0.010185685557004529 -0.018841080413219871 -0.011282381866337909 0.0083260214835522706 0.052924213659577883 -0.037299743343140304 0.057003507211761263 0.12036908717465065 -0.00065389972196775511 0.08626706669309335 0.66143282208821585 0.028296438008279631 -0.047932657630753786 -0.0054405591908471751 0.0038688954319381361 -0.028203920579179993 0.034444892900963107 0.0063518073928585002 -0.026242460056168933 0.21258975916454148 0.08052794392411515 -0.020556224965005795 -0.011952489624694244
leaf_weight=74.125459819566458 640.38689670176245 39.121213014237583 147.17886837641709 30.279754953226075 84.499252279056236 1109.5261222026311 57.074554033577442 20.708839813712984 695.64077233802527 66.539255754556507 294.61724818474613 256.87609283206984 7.217900656629352 83.472060491796583 167.7810212878976 5.0732313888147473 2.8073763262946159 36.229793585836887 7.1270882403478018 47.74853365495801 677.19310536538251 46.195249046199024 209.94332267809659 466.76505429297686 33.345109896734357 44.913308914750814 37.115908116102219 379.63915202394128 72.237724223872647 13.821158503647895 8.3849604679271561 11.045277369208632 22.897635077824816 443.56516792718321 8.8893456216901523 419.26343485200778 78.309232102707028 122.65606350591406 85.410048888996243 167.59632434090599 448.6624765554443 259.25856537977234 386.47117139119655 143.99767403304577 158.77572238724679 0.93289141147397703 3.4906803658232084 9.0709801604971272 11.343968434724955 0.77272315556183457 82.019956109579653 16.542756092036143 58.171163748949766 1617.9745363146067 176.89514817669988 119.02049194229767 62.168341364245862 6.0531166461296371 3.7950398332905015 61.487128405831754 141.87915794085711 90.29145885957405
leaf_count=9123 306776 268 12738 2179 3965 67042 265 345 7586 577 26473 9740 181 23730 11450 347 239 924 567 5602 89391 2778 1526 3456 316 230 250 1978 5509 363 190 397 1906 11460 235 10765 1142 2156 904 12009 20912 8553 7664 1591 55799 274 262 2856 2621 192 2940 1874 303 22312 2239 2081 5336 505 377 3074 4649 2125
internal_value=-0.000925365 0.00259979 -0.00750077 0.00301657 -0.0146241 0.0048957 0.0180795 0.00383732 0.00742804 0.0185835 0.00783605 0.00422203 -2.94108e-05 -0.0404137 0.0176106 0.0900106 0.1961 0.0279992 0.0368133 0.0498425 -0.0187782 -0.00235888 -0.000195291 0.00289562 0.0248551 0.0216041 0.0177641 0.0211397 0.0109964 0.0228601 0.0765028 0.0229822 0.0572138 0.00241216 0.00983212 0.0193316 -0.00081821 0.0161583 0.037789 -0.00300811 -0.00953464 0.00288013 0.00833521 0.0407109 -0.0241338 -0.00497014 -0.0239082 0.0694811 0.118233 0.330838 0.00110345 0.0116801 0.0253672 0.000533393 -0.00785109 0.0144758 -0.0238264 0.0704845 0.0785705 0.0882051 -0.00533063 0.00720594
internal_weight=11082.3 10174 1884.3 760.885 1123.42 8289.75 616.035 7673.71 4059.26 906.178 686.76 3153.08 494.04 908.246 199.422 15.0985 7.88061 192.72 162.441 126.211 966.678 227.317 3614.45 2504.92 243.288 576.914 519.84 482.724 156.737 279.082 22.2061 80.1382 33.9429 2874 871.718 428.153 2002.28 228.775 106.119 1773.51 841.162 932.347 673.088 210.537 267.859 109.083 86.9627 22.1206 13.0496 1.70561 392.5 184.324 437.81 2261.63 643.66 505.492 739.361 78.4624 72.4093 65.2822 314.191 172.311
internal_count=785617 393107 184935 62915 122020 208172 3294 204878 107987 9754 53792 98233 40564 392510 14091 767 586 13228 11049 10125 112546 17819 96891 29849 1842 3026 2761 2511 9474 10293 553 5081 2303 87940 22460 11000 65480 3405 1249 62075 31768 30307 21754 2168 85734 29935 23992 5943 3087 466 10856 13324 2281 28007 5695 9745 94727 4523 4018 3451 9714 5065
is_linear=0
shrinkage=0.05


Tree=48
num_leaves=63
num_cat=0
split_feature=36 12 36 49 54 49 54 48 48 36 48 23 40 49 28 53 39 53 54 41 49 46 53 53 49 52 48 21 41 49 55 49 23 3 50 35 48 48 49 48 36 28 52 52 17 53 42 31 40 41 48 39 40 40 52 36 42 46 48 49 33 49
split_gain=602.15 104.125 47.6229 43.6957 73.8066 67.0583 58.5445 68.8358 58.4359 49.9193 47.9735 45.8678 58.3166 41.7313 58.2984 36.5553 35.4902 35.0576 34.6212 43.1417 39.0509 35.5479 34.489 33.1101 70.2084 32.8766 31.8056 106.214 35.4565 31.5143 49.047 84.0063 91.5499 43.9732 31.9634 30.9303 46.2812 74.8561 43.7588 64.1652 88.5016 64.0418 82.0868 30.7542 41.5592 62.1257 41.817 32.4202 30.1599 44.798 29.3914 31.5776 28.6938 27.9394 36.3835 27.5631 28.0916 27.2977 26.7727 35.1461 25.9995 25.5686
threshold=280.88236999511724 -41.51799011230468 224.41176605224612 270.65731811523443 0.91597560048103344 273.35858154296881 0.60355338454246532 -0.11090746521949767 -0.41664040088653559 233.82353210449222 -0.54191944003105152 -8.3960647583007795 1.372550964355469 259.72676086425787 14.353228569030763 13.111111164093019 -17.941901206970211 1193.0000000000002 -1.0000000180025095e-35 1.4335562586784365 267.04945373535162 0.23117494583129886 1324.3750000000002 1193.0000000000002 278.19204711914068 8.4456310272216815 0.66015982627868663 -15.423372268676756 18.387557029724125 279.94920349121099 0.91597560048103344 281.67518615722662 -33.419122695922844 261.62968444824224 43.744905471801765 5.0763573646545419 0.66015982627868663 0.69629311561584484 271.86802673339849 0.89009976387023937 262.05882263183599 19.514997482299808 13.625877857208254 45.53399848937989 -25.871702194213864 417.37500000000006 0.84214782714843761 10.079340457916262 -2.3529586791992183 0.20721228420734408 -0.56490284204483021 -21.148875236511227 17.627441406250004 0.92156982421875011 11.495988845825197 197.94117736816409 2.6427536010742192 -0.30906295776367182 -0.47145682573318476 265.70214843750006 22.539607048034672 267.04945373535162
decision_type=2 2 2 2 2 2 2 2 2 2 2 2 2 2 2 2 2 2 2 2 2 2 2 2 2 2 2 2 2 2 2 2 2 2 2 2 2 2 2 2 2 2 2 2 2 2 2 2 2 2 2 2 2 2 2 2 2 2 2 2 2 2
left_child=1 18 55 4 13 6 35 8 -8 -10 -7 12 25 14 15 -4 -16 -6 20 22 -1 -22 -20 -2 -25 -9 28 -28 57 34 43 32 -32 -33 -12 53 -37 -38 -39 40 41 42 -40 -31 45 -45 -47 -48 -23 -50 51 -15 60 -5 -55 -3 58 -17 59 -57 -18 -52
right_child=23 2 3 5 17 10 7 11 9 -11 29 -13 -14 50 16 26 52 -19 19 -21 21 48 -24 24 -26 -27 27 -29 -30 30 31 33 -34 -35 -36 36 37 38 39 -41 -42 -43 -44 44 -46 46 47 -49 49 -51 61 -53 -54 54 -56 56 -58 -59 -60 -61 -62 -63
leaf_value=-0.04395936149380892 -0.044247348089698275 0.038321752117664101 -0.015387764307893133 0.015694130417210489 -0.033819342033462513 -0.021982412299246568 -0.016856873424899922 0.13044345492651824 0.076614349020645789 0.19316199800042766 -0.01553684593386985 0.12288274141421861 -0.02787956909159163 0.053404575188410866 -0.035671373997053606 0.049443915176458353 -0.001476472101800633 0.061010035960804482 -0.00097045445483337316 -0.027896572718605874 -0.01995347209466751 -0.037128616706075909 0.11738987482817989 0.32092407657950756 -0.013983311326670918 0.027686365571127875 -0.010980120061405078 0.2407735242006715 -0.022319069269445851 0.0017396821220113966 0.038168580440374966 0.06869111392588613 0.32135306709056505 -0.014259726891034259 0.0069686858022645808 -0.020622802490838366 0.21237019236311219 -0.037814180148542959 0.096868315158611135 -0.025638174711059527 -0.034388085357865437 0.013158180592991451 0.350546924238264 0.017269918173272038 0.0029494378918885947 0.004734306520510787 0.22982442136528947 0.08895284746336321 0.17503082906933717 0.010593195057596276 -0.016525023144174849 -0.022583731526263993 -0.023777519007541274 0.11583302363039077 0.019156504448605324 0.043531170719198049 0.011937344548746794 0.017790379619678248 0.0021985993907188499 0.0035076104644931258 0.048711493006004129 -0.0015369828700211414
leaf_weight=53.49205130781047 765.81763649114873 74.386600598692894 73.941827090457082 275.51252685603686 236.06775706843473 210.79355679498985 9.1142189933452737 10.618069914169608 22.551871560513973 15.503798105753956 333.39413777319714 10.257578451186417 45.234777587931603 39.571857035160065 95.389766390435398 86.524973924737424 66.299790676683187 10.165930519811807 124.03673566412181 432.45940655563027 151.48786753718741 33.435437923530117 6.4760622261092058 1.8822863124078129 9.2798638455569726 29.163629580754787 10.600368211045863 6.9275789465755215 44.84776265732944 639.53100561886095 5.9874351155012846 31.07886447943747 5.4536018297076208 32.878484508488327 299.48835424636491 137.91050016786903 5.1204288681037715 25.749368569348007 6.7028377987444454 19.666215413250029 9.1268271668814105 5.4722887300886205 6.0829549161717296 31.36615627259016 66.190713566727936 5.2812360646203187 9.0693689598701912 7.4303249842487267 4.1883702212944618 373.02556031872518 539.60498563759029 20.888660747557878 65.851537940558046 17.013971459353343 22.738343759672716 94.601207694038749 2034.4944230895489 320.06252821395174 2139.9961747918278 130.54038206394762 42.249472281429917 602.0005639011506
leaf_count=8768 358253 389 2078 4231 14213 13606 501 257 329 388 19884 118 2922 1264 7706 1361 1675 145 15508 68081 20600 3586 95 305 2653 909 688 118 896 31377 261 339 163 918 15394 7232 319 1700 254 1296 717 420 244 1444 2411 352 271 263 429 41589 38378 725 4057 356 492 594 22524 6020 19854 1030 1318 32125
internal_value=-0.000561413 0.00265092 0.00446456 0.000899541 -0.00406345 0.00567155 0.0189985 0.0474625 0.0968606 0.124096 0.000321986 0.0230057 0.0109551 -0.000905322 0.00784632 0.0172866 -0.0111506 -0.0299042 -0.0113314 -0.0202928 -0.00313658 0.000748049 0.0049026 -0.0430012 0.0424925 0.0551131 0.0224384 0.0885206 0.0198726 0.00352658 0.00990915 0.0483706 0.173154 0.0260487 -0.00488693 0.0113643 -0.00321902 0.0275835 0.0145865 0.0432636 0.0927447 0.156296 0.217558 0.00608776 0.0293891 0.0623177 0.12719 0.166386 0.0083848 0.012419 -0.00682215 0.0271512 0.00226122 0.0213481 0.060534 0.0081399 0.0076296 0.0245265 0.00392408 0.0203249 0.0180577 -0.00862141
internal_weight=11042.1 10265.1 9086.5 4612.48 2261 2351.48 673.54 142.444 47.1699 38.0557 1677.94 95.2741 85.0165 2014.76 812.696 542.905 269.791 246.234 1178.6 562.972 615.629 562.137 130.513 776.98 11.1622 39.7817 468.963 17.5279 451.435 1467.15 834.267 75.3984 11.441 63.9573 632.882 531.096 215.831 77.9209 72.8005 47.0511 27.3849 18.2581 12.7858 758.869 119.338 53.1471 21.7809 16.4997 410.649 377.214 1202.07 60.4605 174.401 315.265 39.7523 4474.02 4399.63 406.588 2365.14 225.142 108.549 1141.61
internal_count=786393 425182 266526 222135 112767 109368 22685 5424 1218 717 86683 4206 4088 98409 25917 11161 14756 14358 158656 83684 74972 66204 15603 361211 2958 1166 9083 806 8277 73077 37799 1681 424 1257 35278 17261 12182 4950 4631 2931 1635 918 498 36118 4741 2330 886 534 45604 42018 72492 1989 7050 5079 848 44391 44002 7381 21478 1624 2993 70503
is_linear=0
shrinkage=0.05


Tree=49
num_leaves=63
num_cat=0
split_feature=2 17 49 36 47 44 49 23 29 48 47 54 19 37 47 45 54 38 29 5 52 41 42 50 16 19 10 36 32 48 48 49 25 14 28 43 48 48 41 49 49 37 49 48 16 52 44 49 54 41 34 48 48 48 36 10 29 23 48 17 55 17
split_gain=557.174 76.0166 68.9961 46.4354 43.0614 53.2616 41.8501 33.7368 39.6135 77.3525 38.3885 33.2028 42.5128 39.8966 32.2658 31.8628 30.0618 30.0473 32.3972 34.9323 29.7149 29.5337 29.3429 29.2472 36.9599 49.8141 28.1279 32.3528 27.884 31.7309 40.3784 34.0171 90.6515 72.8445 27.5984 26.7462 26.4529 30.8981 58.4734 43.6911 75.2424 44.4887 42.4234 36.9258 59.4305 40.1403 34.688 32.0528 30.2673 45.7247 40.2139 30.0802 35.8211 42.3966 38.2398 42.5344 45.4685 39.9932 36.7675 35.1912 35.9895 37.5118
threshold=284.64483642578131 -15.929212570190428 265.70214843750006 282.64704895019537 -4.2558701038360587 -3.3999805450439449 247.43756103515628 -1.2585433125495908 23.727355957031254 0.97297734022140514 -0.9768693447113036 -0.37940952181816096 -35.38945007324218 279.35729980468756 -0.73301148414611805 0.56975936889648449 0.12940952181816109 -2.1764755249023433 3.1530771255493169 225.14548492431643 128.31445312500003 6.8871958255767831 23.419822692871097 80.144050598144545 -44.644090652465813 -48.261545181274407 216.05073547363284 197.94117736816409 0.85076364874839794 0.53731119632720958 0.59851765632629406 267.40522766113287 17.4825553894043 -44.455661773681634 14.353228569030763 16.884597778320316 0.9702095389366151 0.33827388286590582 14.460176944732668 275.32183837890631 272.37759399414068 242.34204864501956 274.13537597656256 -0.55223670601844776 -12.891023635864256 18.949340820312504 -0.50239562988281239 264.80390930175787 -0.91597560048103321 8.3977231979370135 18.914107322692875 0.89492958784103405 0.83848184347152721 0.82240825891494762 220.88235473632815 224.66025543212893 14.415184974670412 -7.0733015537261954 0.75721126794815075 -5.9205398559570304 -0.98296290636062611 -7.171337127685546
decision_type=2 2 2 2 2 2 2 2 2 2 2 2 2 2 2 2 2 2 2 2 2 2 2 2 2 2 2 2 2 2 2 2 2 2 2 2 2 2 2 2 2 2 2 2 2 2 2 2 2 2 2 2 2 2 2 2 2 2 2 2 2 2
left_child=1 2 -1 -2 -4 11 17 8 36 -10 15 -6 14 21 -13 -9 23 18 -3 -20 28 -14 -23 -7 25 -25 27 -12 -16 35 -31 32 33 -32 -27 -30 37 38 39 40 43 -42 46 44 45 47 -43 -8 -45 -50 -51 52 53 54 -39 -56 57 -57 -58 60 -54 -62
right_child=3 6 4 -5 5 16 7 10 9 -11 26 12 13 -15 20 -17 -18 -19 19 -21 -22 22 -24 24 -26 34 -28 -29 29 30 31 -33 -34 -35 -36 -37 -38 51 -40 -41 41 42 -44 48 -46 -47 -48 -49 49 50 -52 -53 59 -55 55 56 58 -59 -60 -61 61 -63
leaf_value=-0.030126234104318479 -0.021576957784402172 0.039521775643805275 -0.038618623973986452 -0.047412414199402439 0.017891436190122168 -0.0098003962263097238 -0.003865523471954093 0.040575405066860526 -0.012059850685007855 0.057969633108939593 0.040028264993317242 -0.029226707573799561 0.021802598391461904 0.082086242589669386 0.021534509558693508 -0.0086379243964658289 -0.020603627737147488 0.030850120934227749 0.015388580906956531 -0.019261363863010333 0.080838269880422142 -0.024898501122467966 0.086610805690795115 -0.038906204158080056 0.010361018781345177 0.27258146299907388 0.040790013093714182 0.00022554873727954666 -0.033189010326140647 0.19221612749293829 0.075389122557154617 -0.010610064617865726 -0.040971493651945183 0.51750021142653557 0.085689998284455185 0.11317263688618287 -0.041849545057861509 0.024489263892068892 -0.011085377865060092 -0.006194434665329273 0.044521960920240883 0.011106840736527152 -0.0094272653633072964 0.028660026303247821 0.013888942434020744 0.20303781914487426 0.060158796020409022 0.13708024356515611 0.004939463045333309 -0.01657407665745703 0.057707376171879633 -0.0038416829233100477 0.19375043798108019 -0.02505014876589768 0.099522416668336333 0.011444038831674171 -0.02259592105351493 0.090232081494401539 0.015670460726247705 0.020028072189268095 0.031158642971219543 0.17004892316086731
leaf_weight=256.85489434329793 245.55078092776239 67.64042790979147 79.39090142538771 596.23244094394613 390.84572530724108 287.10844341176562 9.0846854783594662 173.69044461846352 724.56608553649858 41.701846656389534 56.180812478065491 146.53238854603842 162.38861009478569 20.655799972359091 77.802436947822571 40.572240576148033 394.43245574110188 244.83018315583467 177.97169814258814 123.015455391258 10.890896526398135 71.30917893210426 6.4316790327429763 4.079279538244009 105.37892507878132 3.8307195403613132 56.267436500638723 559.41717404685915 116.13694290746935 3.057573633035644 1.9843992830719801 48.766919815447181 5.1100253711920232 1.7562907091341893 4.0784606838133186 3.2075986876152447 31.47754699876532 446.53891392145306 733.61554224183783 726.35318536916748 190.15857084281743 90.95039253262803 118.66202484536916 98.235863737296313 121.42049152916297 6.8324849759228519 59.699428393505514 7.2549679614603511 1292.5806037737057 436.93593011656776 19.013157596345991 335.87101260852069 5.8818790647201231 78.72210573637858 12.020394605584441 467.8344056122005 203.1077175126411 16.680935342796147 90.850701591465622 70.827922351658344 24.517085399013013 6.0638177655637291
leaf_count=34483 74096 366 11254 318408 29082 34470 368 890 14927 569 295 17066 4906 990 4650 214 57813 1252 819 824 446 8399 222 539 8738 317 285 2856 15475 235 311 6067 482 139 98 46 1711 4111 19047 14680 1461 1262 2687 2098 1313 229 896 150 19321 12772 331 15102 240 3075 172 15931 9971 280 3847 1433 1013 227
internal_value=-0.000783458 0.00245258 -0.00577023 -0.0398761 -0.00255409 -0.00101951 0.00472531 0.00367863 0.00242505 -0.0082487 0.012828 0.00629083 -0.000416038 0.0154058 -0.0103526 0.0312565 -0.0107819 0.0172719 0.00825374 0.00122692 -6.0313e-05 0.00967001 -0.0156731 -0.00120399 0.0198248 0.103012 0.00695101 0.00385803 -0.00347762 -0.0142876 0.015153 0.00575687 0.0959377 0.282965 0.176209 -0.0292553 0.00385965 0.00411342 0.00163802 0.00457587 0.00776787 0.0260064 0.0129328 0.00355965 0.0278925 0.10127 0.0305451 0.0587158 0.00165451 0.000137283 -0.0134765 0.00961726 0.0127939 0.0105286 0.0127927 0.00618554 0.00474433 0.0141566 -0.0107693 0.0405741 0.0804843 0.0586989
internal_weight=11010.9 10169.1 2202.03 841.783 1945.18 1865.78 7967.05 7353.59 6467.46 766.268 886.128 1066.88 676.031 260.785 415.245 214.263 798.908 613.458 368.628 300.987 268.713 240.129 77.7409 404.476 117.367 11.9885 671.865 615.598 257.822 180.02 60.6752 57.6176 8.85072 3.74069 7.90918 119.345 5701.19 5669.71 3910.8 3177.18 2450.83 459.47 269.312 1991.36 144.593 23.1721 150.65 16.3397 1846.77 1748.53 455.949 1758.92 1423.05 1315.76 1237.03 790.494 778.474 484.515 293.958 107.291 36.4628 30.5809
internal_count=785757 393253 236228 392504 201745 190491 157025 153764 149224 15496 4540 88516 59434 14517 44917 1104 101975 3261 2009 1643 27851 13527 8621 44162 9692 954 3436 3151 27405 22755 7234 6999 932 450 415 15521 133728 132017 76615 57568 42888 6306 4845 36582 2060 747 2158 518 34522 32424 13103 55402 40300 37387 34312 30201 30029 16211 13818 2913 1480 1240
is_linear=0
shrinkage=0.05


Tree=50
num_leaves=63
num_cat=0
split_feature=2 17 44 47 44 47 49 44 29 49 49 17 52 54 49 31 42 11 49 49 23 50 50 0 23 54 21 42 44 5 19 11 25 50 50 25 50 4 38 54 49 47 54 31 49 49 47 52 23 50 44 54 47 16 41 29 2 50 39 49 27 29
split_gain=525.427 76.9283 47.7555 46.9833 37.8742 37.8365 29.7884 29.1831 41.6133 29.5752 32.4587 28.833 28.2621 27.2692 31.2742 31.4754 61.6846 26.3383 26.2588 50.923 37.8399 25.705 25.3715 35.2677 25.0101 40.9103 27.3022 24.1157 68.0083 27.9687 25.8989 28.8879 26.2086 23.9445 31.5822 23.8707 23.4512 23.2433 23.1987 25.8777 25.158 32.2112 26.8861 34.5145 25.5693 23.0196 22.336 26.6351 21.3519 21.2691 21.1881 24.0538 22.7208 32.8134 31.0266 20.8294 25.3322 20.7913 20.7877 41.5942 25.4909 21.0063
threshold=284.92707824707037 -9.5348014831542951 -4.1017856597900382 -4.4585323333740225 -4.0340023040771475 0.77526974678039562 280.31988525390631 2.1701450347900395 -2.6497731208801265 276.94873046875006 276.47534179687506 -36.877807617187493 95.494766235351577 0.12940952181816109 288.57763671875006 -0.14989630132913587 1.7195281982421877 288.22511291503912 280.31988525390631 281.06625366210943 -33.419122695922844 44.663578033447273 89.133468627929702 282.36453247070318 -31.987560272216793 -1.0000000180025095e-35 -29.68286037445068 4.2739639282226571 -0.9297199249267577 224.38174438476565 -11.285995006561278 241.36444854736331 21.366916656494144 23.729448318481449 18.557684898376468 -1.3314828872680662 107.58127593994142 243.17332458496097 -10.058830261230467 -0.91597560048103321 247.43756103515628 0.61588764190673839 -0.37940952181816096 42.145467758178718 267.31149291992193 255.95982360839847 -0.87350952625274647 146.5573425292969 -2.7883545160293575 59.561338424682624 -0.43246650695800776 0.91597560048103344 -0.26189267635345453 -2.3273887634277339 8.6124472618103045 8.6086158752441424 268.34330749511724 222.99001312255862 -2.0842412710189815 254.46063232421878 4.0872983932495126 24.770523071289066
decision_type=2 2 2 2 2 2 2 2 2 2 2 2 2 2 2 2 2 2 2 2 2 2 2 2 2 2 2 2 2 2 2 2 2 2 2 2 2 2 2 2 2 2 2 2 2 2 2 2 2 2 2 2 2 2 2 2 2 2 2 2 2 2
left_child=1 2 3 35 -2 7 11 9 -9 10 -4 55 27 14 -11 16 -16 24 -7 20 -20 -12 -10 -24 -8 -26 -27 29 -29 38 31 32 36 34 -19 -1 -31 -33 39 -3 41 -40 43 44 58 -37 -14 -48 -49 -23 -44 52 53 -52 -55 56 -5 -57 61 -60 -61 -42
right_child=4 12 5 6 -6 18 17 8 22 13 21 -13 46 -15 15 -17 -18 33 19 -21 -22 49 23 -25 25 26 -28 28 -30 30 -32 37 -34 -35 -36 45 -38 -39 40 -41 42 -43 50 -45 -46 -47 47 48 -50 -51 51 -53 -54 54 -56 57 -58 -59 59 60 -62 -63
leaf_value=0.13324210232785996 -0.022452080800778998 -0.028032154766347739 -0.0022828149301149202 0.1880927848043501 -0.046839880111454596 -0.028867425728193247 0.0054327872601604007 0.15426847085385975 0.00063326386189813024 -0.016223988979117861 0.013580260795867839 0.0023732005251997481 -0.043247284078354507 -0.031883967965084942 0.010675340092342691 0.0083203464853326258 0.26392148702092211 0.070963717581326177 0.033587074854585251 -0.009879793910624492 0.27297079623861853 0.21972443186928642 0.026513339955082489 0.19117383705540303 -0.0021002245512116726 0.11617210816766402 0.039511844125327829 0.0067454315002094707 0.033302746164344262 0.033552654841287499 -0.010530009879719786 -0.0040590007822746211 -0.034925237322265205 0.031995729111813732 0.28849696250448947 0.022742452883345355 0.12577773302105477 0.027577895820792876 0.011585713740281878 0.033244265674219946 -0.010361636107047198 0.055257249366707818 -0.0018131616664099339 0.038868302556425267 0.0028832954841777436 -0.035103239780024102 -0.021053634705457038 0.0041340114857116089 0.0894412573114471 0.066631009191999324 -0.012556909901473937 0.0010782241296839457 0.00894366868277802 0.05822415737905956 0.021844161716860169 0.0040162447444880246 -0.037936427036001197 0.18605921181772517 0.035673868290502418 0.012842999882964319 -0.043502687426681078 -0.036524956602393494
leaf_weight=2.3472373913973561 221.30398984183557 19.80991875519976 477.40161076048389 1.2567800513934333 567.27890346932691 355.64138886309229 356.79029680183157 5.5002492157509542 77.946823270409368 207.44435257709119 14.587942261365244 1081.3421103514265 50.578055157326162 183.23811611079145 6.5369164298754168 52.033155846875161 3.8036748471204191 5.7433531838469225 4.0830929909134284 116.01938996114768 2.7712716963142148 3.3725690601859224 13.110927646281199 4.3245142836822188 44.319130175746977 16.526809616480023 39.074409924913198 1678.8470645053312 281.48269602749497 62.518911186605692 558.99988699844107 448.51592203835025 12.473793856799601 19.673482769867405 2.3517209091223776 19.820404331199825 7.7471393160521975 66.688649788498878 228.87035197764635 132.28459728136659 234.24846809823066 51.774800397455692 457.71555904857814 49.474949698895216 626.23360753245652 130.02492647361942 62.013554182834923 20.055175423622135 11.56482872366905 6.9313770493026823 52.379926228430122 467.44929221086204 637.54048116924241 75.478918228298426 262.18681982345879 24.623765880241994 90.72348840534687 1.6751679088920344 59.371040679514408 35.198035091161728 46.710417820140719 114.0822496721521
leaf_count=127 75847 499 40834 161 310098 48313 25324 383 7598 20972 1114 67055 1378 24299 927 3898 292 632 521 13943 170 170 878 373 1189 384 804 26124 2528 1726 16193 15078 990 1753 202 511 194 1872 1061 2471 4009 246 5085 274 6419 14328 1356 547 84 449 1119 3548 6539 372 2072 3096 15082 92 300 177 360 1795
internal_value=-0.000676464 0.00236837 -0.00380941 0.00163119 -0.0399958 -0.010319 0.00403546 -0.00503483 0.020541 -0.00773557 0.000619496 -0.000190491 0.00542542 -0.0169986 -0.00688977 0.0241542 0.103829 0.0144994 -0.0219828 -0.00205603 0.130372 0.0562829 0.0128295 0.0673541 0.0116247 0.0337346 0.0622982 0.00589904 0.0105588 0.0039587 -0.0027929 0.00444029 0.0318642 0.0617786 0.13416 -0.0249735 0.0437209 3.61141e-05 0.00615854 0.0252632 0.0053036 0.0196425 0.00401302 -0.00199723 -0.00380915 -0.0274519 -0.0164737 -0.00201135 0.0353346 0.11674 0.00759967 0.0104815 0.014759 0.0242644 0.0299762 -0.0236285 -0.0348481 0.0156119 -0.0123691 0.00380816 -0.0192896 -0.0189304
internal_weight=10971.9 10183.3 3371.04 1836.29 788.583 1534.75 1684.1 1056.23 100.883 955.35 502.293 1199.62 6812.3 453.056 269.818 62.3737 10.3406 484.479 478.515 122.874 6.85436 24.8919 95.3823 17.4354 456.711 99.9203 55.6012 6668.08 1960.33 4707.75 1156.94 597.944 82.7398 27.7686 8.09507 152.193 70.2661 515.205 3550.81 152.095 3398.71 280.645 3118.07 1165.32 1115.84 149.845 144.212 93.6336 31.62 10.3039 1952.75 1495.04 1027.59 390.046 337.666 118.279 91.9803 26.2989 489.61 141.279 81.9085 348.331
internal_count=786235 400290 295874 130740 385945 165134 115774 102187 9232 92955 42567 85486 104416 50388 26089 5117 1219 30288 62947 14634 691 1733 8849 1251 27701 2377 1188 101051 28652 72399 36053 19860 2910 2587 834 14966 1920 16950 36346 2970 33376 1307 32069 13334 13060 14839 3365 1987 631 619 18735 13650 10102 3563 2444 18431 15243 3188 6641 837 537 5804
is_linear=0
shrinkage=0.05


Tree=51
num_leaves=63
num_cat=0
split_feature=36 13 49 53 48 41 49 40 17 53 52 36 49 19 48 29 48 23 48 48 35 22 54 49 54 49 17 41 49 49 23 49 36 49 49 28 48 17 38 48 48 49 5 49 23 49 46 35 53 49 26 23 49 49 38 4 29 38 54 38 26 19
split_gain=503.359 78.8999 47.6094 46.6635 49.2248 42.7251 38.7353 37.2146 36.845 45.8755 33.077 43.1428 38.5389 34.1881 40.7259 31.9934 36.6524 41.3162 32.829 48.8248 37.8761 89.8818 37.8005 48.702 36.0357 54.9227 70.452 58.3077 47.6975 67.7061 51.7143 94.0359 42.8049 41.5534 37.9513 37.2529 37.2757 34.3816 52.4607 46.5225 34.2046 34.5259 52.9674 33.552 66.1935 33.2949 48.6529 41.3586 36.8314 31.969 31.7916 51.8161 31.3841 57.416 54.1603 30.8236 30.4011 29.6267 29.5403 28.666 28.0063 30.7045
threshold=280.88236999511724 -47.793565750122063 254.46063232421878 1089.1666564941409 -0.69827961921691883 39.171630859375007 257.70365905761724 1.372550964355469 -28.1078987121582 545.16665649414074 7.4514698982238778 199.70588684082034 289.15274047851568 -7.1033434867858878 -0.54677528142929066 23.727355957031254 0.97297734022140514 -1.2585433125495908 0.52739697694778453 0.90649205446243297 9.9480543136596697 -22.603533744812008 -0.91597560048103321 286.19183349609381 -1.0000000180025095e-35 280.31988525390631 -19.000131607055661 -0.52142748236656178 274.50689697265631 268.30914306640631 -28.326768875122067 269.97990417480474 270.29412841796881 285.39907836914068 261.33148193359381 5.0018596649169931 -0.47858285903930659 -21.121566772460934 -5.3529434204101554 -0.35449600219726557 -0.22978341579437253 276.94873046875006 221.87969207763675 270.38075256347662 -3.5588080883026119 282.94137573242193 3.3577814102172856 3.5128449201583867 28.708333015441898 274.21087646484381 0.5772380828857423 -33.419122695922844 258.98173522949224 270.26141357421881 -1.117652893066406 240.13414001464847 -1.848520755767822 -26.999999999999996 -0.6035533845424651 -3.0000076293945308 -1.3923263549804685 -39.130798339843743
decision_type=2 2 2 2 2 2 2 2 2 2 2 2 2 2 2 2 2 2 2 2 2 2 2 2 2 2 2 2 2 2 2 2 2 2 2 2 2 2 2 2 2 2 2 2 2 2 2 2 2 2 2 2 2 2 2 2 2 2 2 2 2 2
left_child=1 -1 5 4 -4 7 -5 -3 -2 -10 12 -12 13 14 -6 18 17 -17 20 -20 22 -22 59 24 28 26 27 32 29 34 31 37 -26 -30 -24 36 -32 39 -39 -31 41 -28 -43 44 -42 46 47 50 -47 -45 56 -52 54 -54 55 -23 -27 -50 -38 -13 -34 -62
right_child=8 2 3 6 10 -7 -8 -9 9 -11 11 15 -14 -15 -16 16 -18 -19 19 -21 21 52 23 -25 25 45 40 -29 33 30 35 -33 60 -35 -36 -37 58 38 -40 -41 43 42 -44 49 -46 48 -48 -49 57 -51 51 -53 53 -55 -56 -57 -58 -59 -60 -61 61 -63
leaf_value=-0.023424495157730721 -0.044149927839787162 0.037287435953068507 -0.029779953860621728 0.092672398627459601 0.028135353317333633 0.048745706263999856 0.01731687099757824 0.0061985000112844916 -0.0077968067418487585 0.20094574166236812 0.036773360315719476 0.020801886167522363 0.047520267411422297 0.0034634936491613152 -0.014354539361513494 -0.018176319863430695 0.053097459507600989 0.0057944219549209246 0.015260928221150334 -0.0068539017708102992 -0.02681458655694248 -0.0054734265257336458 -0.0013633139933970013 -0.019812592711894526 -0.028356272214458845 0.082256833437310398 0.018890906300355378 -0.027863388534387114 -0.026007195782731321 0.24999558872432021 -0.018377875677787914 0.014595499011570852 0.011866111834384074 0.029092556538604084 -0.036308995533641517 -0.026607937418001628 0.012222285199256628 0.22175691895358579 0.07748371077943135 -0.0078089752971345697 -0.035716045294339825 0.12072678052386697 -0.045413703980066056 0.037895879967716102 0.023137460732423717 -0.036360262035034945 0.20794495084831077 -0.051228606116988554 -0.013687418004051134 -0.016847518002050772 0.032232610834223512 0.3285653693102078 -0.013218858636124063 0.013704752956565536 0.052264538912996983 0.050805202329531521 -0.018184588261510773 0.04619726258304209 0.052063804249401241 0.10284435031808098 0.060128177673804975 0.1939415357072021
leaf_weight=294.77217303961515 666.9235744200414 111.22834407491609 127.07367733633146 18.357441839762032 60.064296777825803 79.562797211110592 240.10985942417756 715.24262007977813 16.959431671537462 3.115621078060939 93.53752800822258 201.73584286356345 34.30785846686922 590.32867305818945 923.11663898592815 464.04037154372782 24.621826966293156 293.43281733430922 1129.8691437381785 320.34459445765242 354.84270936856046 165.77392565598711 311.59780326648615 211.32905437145382 20.821229253895581 26.849281611852344 852.43077723681927 221.74321539979428 262.82605483871885 2.159879917278885 59.036456844769418 70.658229005755857 15.910115757957099 39.339007247472182 103.49838064727373 61.976792816072702 126.90589779568836 11.965385719202461 13.309734674170612 9.2198868112172914 132.15906318696216 5.4443755000829688 40.36451052967459 77.161792629398406 74.825987666845322 23.082345358096063 5.5068705512676379 8.2201743156183493 26.668743549846113 40.754631218966097 2.9792003044858575 2.9220761875621966 507.02016547834501 324.91602029604837 77.319099392741919 28.514623916242272 10.471937762340533 91.565472658257931 73.453111131675541 11.240296918898819 14.248365091159942 6.1317451433278611
leaf_count=67007 357225 627 9821 260 3111 430 4700 5192 2976 203 494 11034 1825 6562 54786 13294 464 1562 54291 21933 31487 3459 5673 16611 1167 659 12318 28321 11019 205 787 3841 1712 1967 5046 1075 1512 382 84 909 3750 48 1658 1001 388 1206 298 1072 3219 860 364 48 13166 7026 387 871 693 2109 666 67 692 218
internal_value=-0.000708366 0.00206892 0.00282386 0.00172963 0.00111389 0.0137514 0.0226689 0.0103825 -0.042141 0.0245998 0.00156708 0.00304206 -0.00490483 -0.00604787 -0.0117588 0.00258882 -0.00693895 -0.00889044 0.00379475 0.0103759 0.00177652 -0.00492456 0.00476466 0.00334596 0.00506547 0.00968425 0.00641929 -0.0162601 -0.00178751 0.00431689 0.018254 0.0483068 0.0287912 -0.0188337 -0.0100765 0.00821878 0.0165399 0.113291 0.145783 0.0411223 0.0115898 0.0166185 -0.0256679 -0.00231275 -0.0144402 0.0344185 0.066695 0.0515743 0.0214113 0.0189753 0.0711257 0.178965 0.00211415 -0.00270373 0.0168713 0.00278627 0.054074 0.0326898 0.0268285 0.0251319 0.0615791 0.100388
internal_weight=10935.9 10248.9 9954.14 9048.1 8789.64 906.034 258.467 826.471 686.999 20.0751 8662.56 7054.75 1607.82 1573.51 983.181 6961.21 782.095 757.473 6179.11 1450.21 4728.9 1458.39 3270.51 3057.54 2846.21 1700.26 1502 278.855 1145.95 843.782 428.685 107.313 57.1115 302.165 415.096 321.372 259.395 36.6549 25.2751 11.3798 1223.14 898.24 45.8089 324.901 206.985 198.266 56.9495 51.4427 141.317 117.916 43.2225 5.90128 1103.54 831.936 271.608 194.289 37.3212 118.234 200.359 212.976 36.2902 20.3801
internal_count=785838 425434 358427 352178 347218 6249 4960 5819 360404 3179 337397 271113 66284 64459 57897 270619 15320 14856 255299 76224 179075 56396 122679 111578 94967 61801 52133 32110 33166 20180 9461 5421 3789 12986 10719 4040 2965 1580 466 1114 20023 14024 1706 5999 4138 9668 3134 2836 6534 1861 1764 412 24909 20192 4717 4330 1352 5328 2178 11101 2622 910
is_linear=0
shrinkage=0.05


Tree=52
num_leaves=63
num_cat=0
split_feature=36 13 5 42 47 17 29 53 49 52 52 20 47 50 41 11 5 16 55 53 49 41 53 38 47 36 29 36 49 23 53 38 55 39 39 41 52 55 39 49 45 23 17 38 55 28 10 36 50 49 11 53 52 47 49 2 42 44 41 55 55 23
split_gain=466.131 88.9042 49.2827 60.5096 46.7274 40.139 50.2645 35.6371 30.7146 32.6403 29.4887 29.4464 28.3175 36.6968 25.0616 24.6067 25.5913 23.6572 23.256 22.5799 29.3968 23.607 22.575 29.492 22.1803 21.4127 25.8503 42.9204 26.7382 34.4851 24.3602 24.348 23.3551 22.9662 22.24 28.5036 31.1975 28.4655 28.0065 26.7407 23.0286 22.1912 42.0484 22.1053 23.1757 50.3278 26.1432 21.061 26.9167 29.9702 62.4895 35.0736 41.639 47.7571 30.7712 20.4625 31.1228 21.8179 20.2171 20.3306 37.3051 24.2129
threshold=280.88236999511724 -47.793565750122063 231.42743682861331 7.5998916625976571 -2.3608226776123042 -21.517942428588864 -2.3995833396911617 157.3888854980469 289.98133850097662 15.899178028106691 95.494766235351577 -38.59826469421386 1.5975269079208376 122.23205947875978 6.6042132377624521 286.07095336914068 253.7664489746094 -29.472810745239254 -0.37940952181816096 1089.1666564941409 261.91014099121099 23.847252845764164 545.16665649414074 -20.529418945312496 -0.73301148414611805 197.94117736816409 20.288356781005863 216.76470184326175 259.31796264648443 -18.475384712219235 6.2916667461395273 -7.8235244750976554 0.37940952181816107 -19.56281757354736 -8.2694282531738263 8.7145981788635272 6.7852830886840829 0.37940952181816107 -18.479304313659664 263.06666564941412 12.60835647583008 -15.753283977508543 -6.5656929016113272 -1.117652893066406 -0.37940952181816096 14.353228569030763 230.51766204833987 285.00000000000006 84.194976806640639 278.19204711914068 291.29139709472662 137.81944274902347 128.31445312500003 -0.029676914215087887 278.00144958496099 220.21344757080081 1.9680328369140627 -0.53382873535156239 23.447105407714847 -0.7865660786628722 -0.91597560048103321 -19.552419662475582
decision_type=2 2 2 2 2 2 2 2 2 2 2 2 2 2 2 2 2 2 2 2 2 2 2 2 2 2 2 2 2 2 2 2 2 2 2 2 2 2 2 2 2 2 2 2 2 2 2 2 2 2 2 2 2 2 2 2 2 2 2 2 2 2
left_child=1 -1 10 7 11 47 -7 8 12 17 19 -5 -4 -14 -12 22 -17 -10 -15 25 -21 -22 23 -6 -24 -3 28 -28 29 -27 32 33 -31 -32 35 38 -37 40 39 -30 58 -39 -43 44 45 -33 -46 48 -2 50 51 52 53 -50 -53 56 -36 -58 -38 60 -60 -62
right_child=5 2 3 4 15 6 -8 -9 9 -11 14 -13 13 18 -16 16 -18 -19 -20 20 21 -23 24 -25 -26 26 27 -29 34 30 31 43 -34 -35 55 36 37 41 -40 -41 -42 42 -44 -45 46 -47 -48 -49 49 -51 -52 54 -54 -55 -56 -57 57 -59 59 -61 61 -63
leaf_value=-0.025514526348956065 -0.040313503822824226 0.033198097015200198 -0.0096795257088752654 -0.026794864713973379 -0.013402225087123576 0.1704420222458238 -0.028504143543141958 0.00077389339525495799 0.024706691299467131 -0.032426781725593753 0.014466100714693023 0.00076892646375564171 -0.032200768202906072 0.13333398963861462 -0.035473012728002976 0.18495328246507972 0.033960297090366694 0.11311814201395105 -0.018713781287452644 0.056607220669547258 0.024779459111796368 -0.036851837825568827 -0.00015112544117726204 0.010259743009084856 0.043754043098934423 -0.018913746788014968 0.0048812613468876311 -0.014141936667076303 -0.033430850556691427 0.013540408198906159 0.0054147108260792012 0.098225012891146601 -0.037371696758973297 0.078477923886609569 -0.0034499446565225233 -0.01469346292825284 0.02272571809238131 -0.023040706460571467 0.028744668352130666 0.012163182421763738 -0.01112777227699418 0.094982396043072473 -0.0019540129995806281 0.029653838183309852 0.0196330105794746 0.0156369610133348 -0.0030065510720284718 -0.048985044021010241 0.45565068066811448 -0.024019512570339744 0.52104267357942102 -0.035175369227104229 -0.050383040645488153 0.054230389257299338 0.31207454183317757 -0.0084697920771317058 0.006498280639406797 0.033797040502444704 -0.013606690673386457 -0.0085943603177495199 0.0031158744532657065 0.10559701240905471
leaf_weight=285.82126057706773 142.5360408910783 69.943533554673195 1102.3029712971766 142.763652989408 155.01017369283363 4.9606430063722646 8.8196023631608096 962.75422513578087 22.298601657152172 15.769900020444764 37.057276702485979 301.56573520018719 241.13430199539289 5.5804464409593493 78.007185612805188 2.9392481853719792 61.994835967663676 11.452336234506221 4.5779340679291618 50.537912386469543 55.566879075951874 21.56816360540688 43.445309656439349 875.20172516512685 85.134377983398736 73.615234017372131 1102.2636116696522 405.61987578496337 35.355566346086562 53.33601538464427 16.286985064391047 23.178170593455434 38.994668543338776 31.668817943893373 455.91426544263959 191.97212403453887 400.56559928366914 114.90489132888615 280.5176419839263 355.64214988285676 86.632379554677755 12.29561877902597 124.08085577562451 249.65954669006169 238.52131056040525 90.360169556923211 273.9951381618157 455.33116697380319 1.555172736174427 34.061045355745591 0.70030878100078631 9.805145919322964 1.6254149484448133 1.4151597940362963 0.68236754497047591 463.89183525368571 187.98978829197586 119.85913797281682 25.99768955167383 124.09165836963803 8.6736163995228726 17.179603538475931
leaf_count=66745 64434 387 87809 16244 18141 116 1348 69512 1569 1148 407 13291 28170 391 2061 94 7195 324 383 370 590 334 1503 30334 2351 1389 8313 14163 488 765 345 183 270 358 2890 4540 7819 2998 2683 3697 1878 327 2081 1374 1451 1775 2817 279715 225 10940 339 3018 482 408 93 6801 1234 662 1140 2385 254 381
internal_value=-0.000649708 0.00197922 0.00276903 -0.00149239 0.00580065 -0.041328 0.0431129 -0.00663434 -0.0117175 0.0269588 0.00567487 -0.00808736 -0.0131325 -0.028279 -0.0193898 0.0108433 0.040795 0.0547064 0.0648128 0.00617206 0.0269666 0.00754639 0.00916495 0.00669946 0.0289191 0.00570407 0.00536086 -0.000235969 0.00742167 0.0141317 0.0165261 0.0189739 -0.00796166 0.0536638 0.00498905 0.00856308 0.00363091 0.00747789 0.0166894 0.00804039 0.0129083 -0.00685319 0.00678571 0.0170742 0.0120576 0.0324968 0.00752973 -0.0431245 -0.0292537 0.00237293 0.059328 0.0378908 0.153069 0.264401 -0.0125816 -0.000186903 0.00484393 0.0171269 0.0165202 0.00239231 0.0286861 0.0712151
internal_weight=10897 10235.5 9949.67 4033.93 1668.06 661.492 13.7802 2365.87 1403.12 49.5208 5915.74 444.329 1353.6 251.293 115.064 1223.73 64.9341 33.7509 10.1584 5800.68 127.673 77.135 1158.79 1030.21 128.58 5673.01 5603.06 1507.88 4095.18 1089.62 1016 923.67 92.3307 47.9558 3005.56 1777.91 1106.39 914.422 671.515 390.998 663.141 251.281 136.376 875.714 626.055 113.538 512.516 647.712 192.381 49.8446 15.7836 15.0833 4.59575 2.97033 10.4875 1227.66 763.763 307.849 576.508 175.943 51.8509 25.8532
internal_count=785932 424814 358069 278459 89153 361118 1464 189306 119794 3041 79610 29535 116753 28944 2468 59618 7289 1893 774 77142 1294 924 52329 48475 3854 75848 75461 22476 52985 10727 9338 8303 1035 703 42258 30671 23803 19263 6868 4185 13857 5406 2408 7600 6226 1958 4268 359654 79939 15505 4565 4226 1115 633 3111 11587 4786 1896 11979 4160 1775 635
is_linear=0
shrinkage=0.05


Tree=53
num_leaves=63
num_cat=0
split_feature=36 13 49 53 49 48 36 32 55 54 48 32 22 36 48 55 49 41 42 35 45 37 48 54 49 49 0 49 49 12 37 49 53 42 48 49 48 11 54 27 34 49 34 49 48 23 48 49 42 49 26 50 52 51 49 49 49 11 23 49 54 54
split_gain=445.003 74.4495 44.8353 45.0377 45.0959 42.5369 38.4382 44.1337 49.3765 59.8255 47.8553 42.6753 77.655 46.0471 44.9346 39.6768 38.9408 62.7429 55.0711 59.8531 52.6952 34.3476 31.2097 30.313 29.4903 51.7095 86.0506 30.8259 69.3279 29.5504 29.4103 40.0669 30.4974 28.4219 28.1858 39.6583 46.0293 39.4531 52.797 45.0394 39.2199 35.7162 36.8383 31.3737 30.9889 27.9817 27.7448 29.9694 38.1434 33.5136 28.9063 28.5349 27.6721 27.4537 41.825 32.5997 37.7563 37.6959 27.3022 30.7151 52.5435 50.9791
threshold=282.64704895019537 -48.079656600952141 247.43756103515628 1089.1666564941409 258.72836303710943 -0.69827961921691883 215.00000000000003 24.859740257263187 -0.6035533845424651 1.0000000180025095e-35 0.8111555576324464 10.793824195861818 -22.603533744812008 277.94117736816412 0.14038562774658206 0.98296290636062633 279.88751220703131 26.90389442443848 1.373252868652344 20.277136802673343 0.90200233459472667 225.10893249511722 -0.44543808698654169 -1.0000000180025095e-35 277.45671081542974 278.60643005371099 270.59970092773443 267.78880310058599 267.56375122070318 -20.267547607421871 233.5039978027344 285.95608520507818 14.083333492279055 5.7833557128906259 -0.22493761777877805 267.40522766113287 -0.19414439797401425 243.90852355957034 0.12940952181816109 5.1079978942871103 5.8240280151367196 263.99104309082037 8.1499223709106463 261.33148193359381 -0.68788152933120716 -11.522881507873533 -0.64861023426055897 272.63078308105474 3.6625976562500004 264.45898437500006 -0.13096570968627927 62.202312469482429 16.006517410278324 114.75366973876955 279.88751220703131 273.86521911621099 272.63078308105474 273.93620300292974 -2.0248390436172481 270.65731811523443 -0.7865660786628722 0.60355338454246532
decision_type=2 2 2 2 2 2 2 2 2 2 2 2 2 2 2 2 2 2 2 2 2 2 2 2 2 2 2 2 2 2 2 2 2 2 2 2 2 2 2 2 2 2 2 2 2 2 2 2 2 2 2 2 2 2 2 2 2 2 2 2 2 2
left_child=1 23 22 5 -5 -4 -7 8 9 10 16 13 -13 14 15 21 18 -18 19 20 -8 -10 -3 -1 27 26 -26 28 29 -12 32 53 -11 -24 37 -36 -37 38 43 -40 44 -41 -43 -23 -39 52 -17 49 -49 51 -50 -48 -31 55 -55 56 -32 -58 59 60 -14 -61
right_child=-2 2 3 4 -6 6 7 -9 11 30 24 12 58 -15 -16 46 17 -19 -20 -21 -22 34 33 -25 25 -27 -28 -29 -30 45 31 -33 -34 -35 35 36 -38 40 39 41 -42 42 -44 -45 -46 -47 47 48 50 -51 -52 -53 -54 54 -56 -57 57 -59 -60 61 -62 -63
leaf_value=-0.0085368365124381031 -0.044727674917783095 -0.027758839027956818 -0.027317373270242119 0.077749393758144325 0.014424842648180891 0.0075164829258284258 0.12254076242024232 -0.010308467400043105 -0.025315543397821213 0.097068245437946996 -0.027401100989006812 -0.025643529407971419 0.0047875327579141981 -0.026962564605135592 0.025050980251779049 -0.03584025887961368 0.019590272438544137 0.176018967003298 0.043199985590287496 0.04955633076934108 0.34558231941746509 0.025255272591380502 0.011683519603479839 -0.041070167175146402 0.41797060438125044 0.02557842753110183 -0.026901054804406778 -0.022830354655567698 0.10965254628195514 0.015492625798617765 -0.014524243181576468 0.020819874601883587 0.013211053756362244 0.036339328211243853 -0.021773209231556994 -0.038051913170928278 0.0054043807074674599 0.085812450477769461 0.021494114217917748 0.0022935247915320885 -0.016756268259796845 0.15958445841137989 0.061747892078821399 -0.020339443835963852 0.0040000212989502043 -0.007552703657572735 0.013066200300055031 0.088340744013230096 0.047028874532631861 -0.016993123860271225 -0.026551875073488884 0.085843348977685863 0.10747366123938243 -0.043069941464646044 0.12892036100730606 -0.044479367694639324 0.09760360523436791 -0.033023871473052684 0.065369736003007287 -0.0091242792581688933 -0.024453599764883843 0.033758907793945067
leaf_weight=160.44804953446146 537.72633425740059 38.681379341520369 128.93843898328487 31.82187488861382 241.32989315409213 2106.203459517099 5.9295324728591385 933.8190436353907 126.49034640192986 13.293527010828255 50.186038009123877 436.32285691518337 372.93781123822555 130.60653818864375 221.75727827847004 19.47252501687035 145.66449353971984 6.7052824397105715 49.418648601043969 9.4561608629301173 4.785203224979341 59.831171821802855 414.67587155476213 129.29934946121648 2.2388648889027527 91.618811951950192 2.1127400178229436 86.937541923252866 17.026901552453637 18.50455924635753 219.05276375287212 107.76541917631403 58.800464299507439 162.76111057959497 274.01603362709284 68.007041169330478 586.00306183635257 11.687405841192229 187.42938207834959 13.796107652131466 255.81879043765366 14.516587182879446 28.531838024966419 102.13423052243888 1199.8366226670332 35.937838163226843 44.132979990681633 35.658761735307053 41.30158815253526 59.292451178887859 19.7209193110466 19.384628822095692 14.65072883106768 6.2961628232151261 8.0597904059104604 81.755364303826354 15.598147796466948 8.5503050177358073 15.67240298911929 136.22927004937083 261.24535872228444 141.07137613650411
leaf_count=38903 328626 264 11232 405 4865 13806 157 40137 1037 312 4714 41060 10776 28964 15393 746 5406 114 2193 297 366 961 2134 37683 177 5168 297 6456 311 866 18005 8117 1018 914 12480 3986 26400 359 1908 356 19294 189 420 1426 47429 1500 957 1165 587 3505 1577 336 552 565 166 9587 851 1267 75 3757 9832 2863
internal_value=-0.000386084 0.00193081 0.00265465 0.00179691 0.0218021 0.00119723 0.0016065 -0.000203515 0.0013842 0.0111641 0.0227967 -0.000739545 -0.00824939 0.00216988 0.00329266 0.00176915 0.0406275 0.0264742 0.0716169 0.141238 0.222151 0.000170386 0.0157206 -0.0230548 0.0103984 0.0335771 0.201982 0.000434052 0.0152724 0.00179974 -0.000961488 -0.00574033 0.0286736 0.0186332 0.00132105 -0.00580482 0.000885591 0.00485066 0.0186402 0.0333178 0.00103298 0.0723032 0.0947399 -0.00349643 0.00478925 0.0230099 0.0213593 0.0264338 0.0472569 0.0100409 0.0232495 0.0352767 0.0561374 -0.0141758 0.0534897 -0.0171652 -0.00798312 0.051352 -6.36516e-05 -0.00118874 -0.00725806 0.0126917
internal_weight=10829 10291.2 10001.5 9385.36 273.152 9112.21 8983.27 6877.07 5943.25 1060.35 541.173 4882.91 1363.48 3519.43 3388.82 3167.06 221.959 152.37 69.5895 20.1709 10.7147 2928.1 616.118 289.747 319.214 95.9704 4.3516 223.244 136.306 119.279 519.172 447.078 72.094 577.437 2801.61 928.026 654.01 1873.58 406.239 244.274 1467.34 56.8445 43.0484 161.965 1211.52 69.0931 238.964 219.491 96.6813 122.81 61.0225 63.5176 33.1553 339.313 14.356 324.957 243.201 24.1485 927.156 911.484 634.183 277.301
internal_count=785269 456643 380057 376745 5270 371475 360243 346437 306300 68462 28574 237838 68363 169475 140511 125118 8533 5520 3013 820 523 116245 3312 76586 20041 5642 474 14399 7943 7632 39888 38558 1330 3048 115208 42866 30386 72342 5260 2873 67082 965 609 2387 47788 2918 8873 8127 3329 4798 2164 1293 1418 30441 731 29710 20123 2118 27303 27228 20608 6620
is_linear=0
shrinkage=0.05


Tree=54
num_leaves=63
num_cat=0
split_feature=36 17 47 49 52 49 48 17 53 40 48 22 40 38 48 29 45 40 35 28 37 34 16 0 35 36 40 24 28 54 49 29 38 52 41 51 49 55 48 41 52 49 52 45 28 36 49 47 33 2 50 36 48 48 22 54 49 11 38 33 46 54
split_gain=422.528 60.806 56.881 45.5975 38.7292 37.0765 33.5077 31.8792 28.8825 32.4835 39.5812 33.4582 40.6545 38.3092 33.8153 37.2195 33.1265 32.6836 30.6886 43.0558 33.2478 36.9506 29.0596 43.2235 28.9535 33.2563 28.6902 40.1333 52.2101 34.906 34.913 64.5234 35.0205 29.1424 43.553 28.3538 29.7423 33.6586 40.9954 30.6592 33.2109 29.5935 42.1075 28.2226 28.0943 27.8536 27.8182 33.3578 29.1406 43.6521 44.9852 52.0243 38.0623 67.6103 27.7384 27.6792 28.304 26.9969 34.8898 30.1737 26.713 26.5974
threshold=280.88236999511724 -19.000131607055661 -3.0682443380355831 265.70214843750006 41.616329193115241 247.43756103515628 -0.44543808698654169 -32.808702468872063 469.25000000000006 2.1372528076171879 0.11192005872726442 1.0000000180025095e-35 12.156867980957033 -5.3529434204101554 0.23799896240234378 14.724085807800295 -9.7524280548095685 -1.1764755249023435 16.38039588928223 13.864210128784181 267.12054443359381 23.233809471130375 -25.640623092651364 283.82092285156256 9.9480543136596697 202.64705657958987 9.9608001708984393 0.46148300170898443 -2.892609596252441 -0.37940952181816096 266.37236022949224 9.5947351455688494 -31.176460266113278 13.015434265136721 -0.62865552306175221 49.140419006347663 255.59030914306643 -0.6035533845424651 0.91263091564178478 36.865652084350593 21.702431678771976 261.63801574707037 34.52357482910157 -7.9523572921752921 -1.5727829933166502 232.64705657958987 289.89614868164068 0.21708840131759646 5.0939757823944101 268.87072753906256 50.907644271850593 254.41175842285159 -0.49531143903732294 -0.57137185335159291 -34.736635208129876 -0.91597560048103321 255.95982360839847 243.90852355957034 -7.8235244750976554 15.428057670593263 1.7558927536010744 -0.6035533845424651
decision_type=2 2 2 2 2 2 2 2 2 2 2 2 2 2 2 2 2 2 2 2 2 2 2 2 2 2 2 2 2 2 2 2 2 2 2 2 2 2 2 2 2 2 2 2 2 2 2 2 2 2 2 2 2 2 2 2 2 2 2 2 2 2
left_child=1 2 -1 -4 5 6 -3 -2 9 17 24 12 45 18 -15 16 -16 -7 19 -14 -20 54 23 -19 25 -11 27 28 -5 -29 31 -31 -32 34 -34 36 39 38 61 40 -17 42 -37 -30 -9 -12 48 -48 49 50 52 -52 53 -36 -22 56 -18 58 59 -26 -6 -38
right_child=7 4 3 26 60 8 -8 44 -10 10 11 -13 13 14 15 35 55 22 20 -21 21 -23 -24 -25 57 -27 -28 29 43 30 32 -33 33 -35 46 41 37 -39 -40 -41 -42 -43 -44 -45 -46 -47 47 -49 -50 -51 51 -53 -54 -55 -56 -57 -58 -59 -60 -61 -62 -63
leaf_value=-0.034934328164090235 -0.043771232437872926 -0.028452282178902534 -0.029219012805246192 -0.0345091649952406 -0.021485290097254153 -0.0014259419317583137 0.020287981383362144 0.067993769655869771 0.013712102808531671 0.078952176636842175 0.016019765678198124 0.023889729683776506 -0.004844343575121461 -0.037786772592419332 -0.032695165198400856 0.0075159222059258185 0.0561466894463327 0.12662587559554195 -0.028650122675767293 0.13833899526691304 0.0084694771211806189 -0.04537680901958567 0.011335185811544524 -0.025603174196118635 0.057635975145766787 -0.0017533126534736395 0.01556490379831643 0.0034919169477049361 0.088140048054713982 0.01757394663948315 -0.032852062148683712 0.38623220700421612 0.23325290276824703 -0.020442170594292618 -0.031288362217134304 0.056597060657723131 -0.022047043838757253 -0.022362538984809527 -0.019582902142022299 0.029971893027381 -0.046415410351639728 -0.012638474740595788 -0.017709197124185724 0.014311222973334434 -0.02539955476494048 -0.0008894292840347835 -0.039180752924040566 0.13461425525994039 -0.024528456672688454 -0.013234704982992958 0.22570570279737551 0.022584010705548649 -0.029235512661477017 0.24003614834334652 0.14841372064614911 0.046333826407102235 -0.02654505728118239 -0.034146305469346966 -0.013997926126352657 -0.032919234525291524 0.0012114056936025279 0.012489554955309934
leaf_weight=155.64931181096472 570.63360004895367 37.758039417676628 155.88295719306916 56.90325538511388 240.86672495584935 637.07250739214942 533.45821598358452 11.727028832887298 670.75051314127631 12.997854575514792 682.55512597691268 187.94591515883803 20.43534690421075 54.652981212362647 22.561942933127284 162.03740706667304 15.327403429895638 12.924760743975641 254.83810845855623 7.0656677475199094 6.568160871276632 9.0267683002166432 1411.2744564416353 7.2948110140860072 32.831700248643756 711.3625386650674 227.27743864594959 355.12441311217844 13.47943288553506 5.864730813773348 230.59852311387658 1.4880288736894725 2.1033553914166978 216.84567703353241 4.7570855054073036 69.991714304313064 65.536970372311771 270.04848109511659 208.85544677264988 121.36562945134938 34.649640856310725 45.350201150402427 26.203155512921512 326.18361911713146 25.698280836222693 378.64872477576137 4.1503914541099212 8.2474353567231429 72.847491526277736 47.273574646562338 7.0790399336256069 5.6830411911942065 15.182778006885203 4.4380476819351298 7.6824978454969841 106.322898901999 31.854411576874554 143.25799821550027 382.91952671669424 12.77976613352075 280.73994536022656 373.18102409876883
leaf_count=27697 352489 256 24020 6232 6582 8420 2787 1477 12063 55 11360 903 858 1061 643 1521 126 543 20921 169 359 848 22171 556 791 17053 17503 46589 241 785 54119 216 123 24120 289 552 1751 5102 6064 688 342 867 361 22912 6703 23963 369 261 11306 4632 171 288 1044 236 332 1664 637 9442 5314 711 8442 5607
internal_value=-0.000348097 0.00206382 -0.0059614 -0.00340117 0.00391943 0.00480488 0.0170662 -0.0408393 0.00383188 0.0028166 0.000414152 0.00342994 0.00213729 -0.0022156 0.00086869 0.0022288 0.0238755 0.00799513 -0.0184429 0.0319429 -0.0234253 0.0337757 0.0121879 0.0717047 -0.00694461 -0.000305141 -0.000894481 -0.00360868 0.00981546 -0.00903157 -0.0161297 0.0921819 -0.0174158 -0.00825604 0.00712864 -0.000538567 -0.00296668 -0.0075336 -0.0013497 0.0102094 -0.00198496 0.0206587 0.0363563 0.0172411 0.00386476 0.00998639 0.00432526 0.0764333 -0.00135945 0.018635 0.0592003 0.135254 0.0193853 0.0996669 0.0839131 0.0321902 0.000318042 -0.0153557 -0.009074 0.0322635 -0.00926944 0.00733038
internal_weight=10816.1 10208.1 1917.06 1761.41 8290.99 7769.39 571.216 608.059 7198.17 6527.42 4458.86 3162.71 2974.76 1913.56 1607.94 1553.29 176.067 2068.57 305.617 27.501 278.116 23.2774 1431.49 20.2196 1296.15 724.36 1605.53 1378.25 396.566 981.684 626.559 7.35276 619.206 388.608 171.762 1377.22 1235.67 917.622 647.573 318.053 196.687 141.545 96.1949 339.663 37.4253 1061.2 169.659 12.3978 157.261 84.4136 37.14 12.7621 24.3779 9.19513 14.2507 153.505 47.1818 571.789 428.531 45.6115 521.607 438.718
internal_count=785707 425038 243153 215456 181885 166861 3043 360669 163818 151755 120065 86699 85796 50473 26986 25925 3070 31690 23487 1027 22460 1539 23270 1099 33366 17108 191436 173933 29385 144548 97959 1001 96958 42839 18719 22855 21075 18524 13422 2551 1863 1780 913 23153 8180 35323 18596 630 17966 6660 2028 459 1569 525 691 2427 763 16258 6816 1502 15024 7358
is_linear=0
shrinkage=0.05


Tree=55
num_leaves=63
num_cat=0
split_feature=2 17 11 40 51 52 25 40 4 36 36 40 17 50 13 55 28 43 54 49 37 28 29 41 48 45 15 29 49 42 48 50 35 37 49 49 48 49 54 21 48 49 49 50 40 51 48 42 36 48 48 51 51 41 49 36 28 48 49 0 40 41
split_gain=394.989 79.1367 54.2236 43.9066 37.1078 36.1791 33.3981 41.0442 32.6676 50.6245 30.9265 43.738 29.4504 43.8265 28.379 26.9385 26.3762 33.5452 25.0746 38.0687 65.2324 32.4663 69.3983 26.4662 28.203 32.7764 24.9907 24.953 24.9119 24.3657 24.0305 44.9027 24.7414 23.1219 26.9938 41.0269 44.1575 25.0278 34.9604 54.1577 41.8652 44.2177 26.6573 24.1223 24.1214 23.5948 22.8602 22.1603 23.3497 22.9535 28.9138 21.8912 22.6589 29.7057 27.8619 24.0269 27.9302 21.7127 21.6326 72.2771 21.4463 26.0751
threshold=287.34085083007818 -29.496982574462887 289.75788879394537 7.4705810546875009 2.8906853199005131 92.846775054931655 -0.099399089813232408 -2.1372680664062496 283.64299011230474 275.58824157714849 226.17646789550784 0.88235473632812511 -41.16332817077636 67.832973480224624 -51.021192550659173 -0.6035533845424651 8.4422407150268572 2.1403656005859379 0.91597560048103344 273.86521911621099 252.96659851074222 12.930337905883791 7.5255737304687509 21.609538078308109 -0.38575345277786249 9.6741275787353533 -9.7447242736816388 3.6545486450195317 274.91055297851568 2.5324096679687504 -0.66743496060371388 37.94715881347657 8.5501890182495135 253.67828369140628 286.04714965820318 288.27157592773443 -0.23977020382881162 280.31988525390631 -1.0000000180025095e-35 -44.990793228149407 -0.51098686456680287 281.67518615722662 276.94873046875006 91.25431060791017 -0.76470947265624989 17.622829437255863 -0.26709595322608942 4.2739639282226571 197.94117736816409 -0.3497984111309051 0.95832794904708873 42.205757141113288 43.426412582397468 5.2234389781951913 270.38075256347662 229.11765289306643 14.113243103027346 0.90872198343276989 280.56040954589849 288.52014160156256 -0.84313964843749989 2.4129730463027959
decision_type=2 2 2 2 2 2 2 2 2 2 2 2 2 2 2 2 2 2 2 2 2 2 2 2 2 2 2 2 2 2 2 2 2 2 2 2 2 2 2 2 2 2 2 2 2 2 2 2 2 2 2 2 2 2 2 2 2 2 2 2 2 2
left_child=1 2 3 6 -4 10 7 -1 -6 14 47 33 13 -9 -10 16 17 -5 23 -20 21 22 -21 24 28 51 -27 -16 30 -15 31 -13 -33 44 37 -36 -37 42 39 -39 -40 -42 43 60 -12 -45 -14 48 -3 -49 -51 -26 -53 -54 -55 -56 -57 -18 59 -11 -35 -62
right_child=-2 5 4 15 8 -7 -8 12 9 58 11 18 46 29 27 -17 57 -19 19 20 -22 -23 -24 -25 25 26 -28 -29 -30 -31 -32 32 -34 34 35 36 -38 38 40 -41 41 -43 -44 45 -46 -47 -48 49 -50 50 -52 52 53 54 55 56 -58 -59 -60 -61 61 -63
leaf_value=-0.016021289711228241 -0.043466074770087459 0.034192587524129056 0.31272391132490451 0.33357741458336582 -0.0012072581609552033 -0.015297077523767497 -0.026075871137878459 -0.0012157917091774985 0.018059547424684054 0.58303723268577001 -0.023894248774218967 -0.042365190084125953 -0.018054858461577544 0.077121332149137301 0.14564744329290424 -0.041116547265117973 0.018220753936818507 -0.013533206641980764 -0.033185703893286338 0.025854361952712332 -0.038505993914027765 -0.026955776360393386 0.1989414135834239 -0.012664094409216984 0.0038820342739491172 -0.042761555798055323 -0.0022707269412225641 0.38617481013668387 -0.036117860992998595 0.26566847956970419 -0.0076774022668751329 0.056724094779116732 0.2446403927440621 0.00033502535183541825 -0.033987545648578706 -0.016700218098968031 0.069695231452206338 0.12150113851353075 -0.038874519613612879 -0.013636348578921112 0.1488169461435265 0.042179306531718676 -0.02218459411507067 0.06228689681189023 0.0050907391017109846 0.017037586854958719 0.046244786503484958 0.0009322597811605662 0.0032865702791870185 0.016406923262178141 -0.019049463719971835 0.097393205774621627 0.093638166118265531 -0.0095078590142944151 0.09674215474411707 0.0059251680613590383 0.087006604817778832 -0.022569863658833445 -0.00083937308678344992 -0.05019110150656228 0.044365904494923253 0.0082240371523681476
leaf_weight=198.07659404876176 512.48947156826034 62.314076334238052 1.2373879845254112 1.4311997416662046 25.552927401731722 261.79418802028522 546.79470462864265 6.1123833854217064 1.4625461290124802 0.71038036840036412 109.69432934233919 5.6487779903691244 28.653142797993493 3.0702643829863518 2.0393672641366747 27.067002381081693 159.16513128392398 1.3550460959086192 155.26220987655688 15.571426580194386 31.668892579269595 7.7613458842970422 9.2200726387090963 474.37304297834635 1116.9043239007005 60.591297380626202 102.69147369917482 2.2880739097017795 79.781397385057062 3.8774331925669685 315.49987586250063 3.6448930448386818 3.3721298845484853 398.74385432770941 79.524916405323893 34.150603291811422 26.087840623338707 8.2889982827473414 14.507806435227392 70.227420427487232 10.544945714529602 124.42608506581746 63.509007475338876 40.93603760143742 207.66580497473478 97.250453856424429 26.707409825176004 414.06142588984221 3171.1351540214382 1128.8430721405894 60.584319942165166 9.6222307200077903 12.200354165863244 74.386996247805655 12.449914551340042 56.054246778250672 13.104108110768719 41.034349279245362 10.098536179633809 1.2324102756101636 72.296333600068465 161.13138743047602
leaf_count=32834 323452 353 301 204 3243 9936 121299 1975 392 224 1904 516 3206 627 345 5173 15219 265 10707 373 3864 312 211 36090 61624 6688 2672 263 7132 354 14779 163 253 11406 4813 1584 668 395 956 1918 311 2573 3353 605 3180 3099 1445 3913 31274 14720 1801 530 357 4173 230 3492 695 7410 3807 555 1623 8109
internal_value=-0.000626888 0.00151179 -0.0112386 -0.013547 0.042737 0.00302331 -0.0190023 -0.00448871 0.0350366 0.0869753 0.00356126 0.000354429 0.0288979 0.0964361 0.20847 0.00573845 0.0119863 0.164766 -0.00363404 -0.0197932 0.0125843 0.0622874 0.0902262 -0.00211858 0.000562367 0.00381391 -0.0172961 0.272823 -0.0110587 0.182347 -0.00496645 0.0625622 0.14703 0.00707584 0.0102461 -0.0104103 0.0207156 0.0129649 0.0276452 0.00063015 0.0418353 0.0505106 0.00895107 0.0115179 -0.00492781 0.0304421 0.012965 0.00626545 0.00388218 0.0110713 0.0146009 0.00647619 0.0227705 0.0185015 0.012625 0.0327994 0.0212885 0.00986001 0.0285555 0.181349 0.00738127 0.0194178
internal_weight=10778 10265.5 1087.97 1043.34 44.6216 9177.53 813.292 266.497 43.3842 17.8313 8915.73 4078.79 68.4206 13.0601 5.78999 230.053 202.986 2.78625 2559.81 219.484 64.2217 32.5528 24.7915 2340.33 1865.95 1458 163.283 4.32744 407.947 6.9477 328.166 12.6658 7.01702 1518.99 1201.63 139.763 60.2384 1061.86 227.995 78.5164 149.479 134.971 833.867 770.358 317.36 138.186 55.3606 4836.94 3233.45 1603.49 1189.43 1294.72 177.818 168.196 155.995 81.6083 69.1584 200.199 12.0413 1.94279 632.172 233.428
internal_count=785948 462496 199141 190011 9130 263355 161740 40441 8829 5586 253419 201358 7607 2956 1000 28271 23098 469 154861 15467 4760 896 584 139394 103304 80461 9360 608 22843 981 15711 932 416 46497 41413 7065 2252 34348 6153 2313 3840 2884 28195 24842 5084 3704 4651 52061 31627 20434 16521 71101 9477 8947 8590 4417 4187 22629 4586 779 21138 9732
is_linear=0
shrinkage=0.05


Tree=56
num_leaves=63
num_cat=0
split_feature=36 13 26 49 53 35 17 29 36 49 49 48 39 48 42 34 49 48 48 17 54 43 54 37 37 29 11 29 34 16 52 22 49 49 31 28 26 8 8 37 39 39 8 36 29 38 39 41 31 47 49 54 43 48 38 26 49 54 49 55 42 44
split_gain=384.263 61.3188 39.764 38.2271 31.9213 58.5482 31.433 34.1588 29.9923 36.1569 55.626 45.5643 40.6573 37.8804 37.4896 33.4942 32.3688 66.7746 33.052 44.8372 48.6609 30.6509 29.4724 29.2734 28.9875 33.4975 48.4067 28.5613 39.1477 28.4583 27.7763 29.8588 27.2636 26.1319 38.4702 77.0989 37.6284 42.2888 64.5171 32.2272 59.9357 105.114 133.984 25.5594 28.5531 25.2547 25.0796 25.8211 25.0546 27.7964 41.6676 27.6938 32.9377 26.1412 46.0169 25.0114 24.6774 24.0691 30.4445 49.1827 25.4581 26.281
threshold=282.64704895019537 -47.014684677124016 -2.6791095733642574 247.43756103515628 167.91667175292972 -0.8988763391971587 -21.121566772460934 -1.9244556427001951 214.41176605224612 268.30914306640631 259.72676086425787 0.89009976387023937 -27.864198684692379 0.35908776521682745 5.5677032470703134 11.526884555816652 268.43287658691412 0.81332153081893932 0.8446832299232484 -2.2101402282714839 1.0000000180025095e-35 -1.0822906494140623 -1.0000000180025095e-35 248.02105712890628 287.92665100097662 4.2855558395385751 288.51582336425787 1.4647464752197268 2.1726135015487675 -44.534931182861321 4.3194870948791513 -22.603533744812008 257.70365905761724 285.57859802246099 0.52879300713539135 -0.73638629913330067 6.1887407302856454 290.10047912597662 290.58694458007818 291.49963378906256 -54.171380996704094 -51.631078720092766 294.27993774414068 216.17646789550784 2.3509883880615239 -37.411766052246087 -41.099491119384759 4.5955033302307138 6.9001758098602304 1.4939691424369814 272.01187133789068 -0.6035533845424651 12.870986938476564 0.30385869741439825 -5.8235321044921866 3.5440940856933598 270.83627319335943 0.12940952181816109 271.42791748046881 -0.6035533845424651 4.1928405761718759 3.8465747833251958
decision_type=2 2 2 2 2 2 2 2 2 2 2 2 2 2 2 2 2 2 2 2 2 2 2 2 2 2 2 2 2 2 2 2 2 2 2 2 2 2 2 2 2 2 2 2 2 2 2 2 2 2 2 2 2 2 2 2 2 2 2 2 2 2
left_child=1 22 -3 43 8 56 -2 -8 55 10 12 13 -10 14 21 24 17 -17 19 29 -21 46 33 -20 -15 -26 -27 28 -14 -18 32 -32 -7 -1 35 -35 -36 -38 -39 -40 -41 42 -42 -4 -45 -34 -11 -48 49 51 -51 52 -16 -50 -55 -5 -6 58 -33 -60 61 -59
right_child=6 2 3 4 5 30 7 -9 9 11 -12 -13 27 15 48 16 18 -19 23 20 -22 -23 -24 -25 25 26 -28 -29 -30 -31 31 57 45 34 36 -37 37 38 39 40 41 -43 -44 44 -46 -47 47 -49 53 50 -52 -53 -54 54 -56 -57 -58 60 59 -61 -62 -63
leaf_value=-0.017712837733157311 -0.046320331883523753 -0.034342481516103501 0.035202846705203586 0.039412405667696659 -0.053152078168641072 0.08181245575391316 0.13492137458453773 -0.04252245702952609 -0.036187047623412585 -0.021145300029528715 -0.017026155431509728 -0.02658063020127548 -0.017448949062161146 0.029566151198595028 0.020956039670849705 0.14949251153512644 0.08015857058583617 -0.012335489501655562 0.16672611614847446 0.0090110875288733159 0.080340231857072106 -0.016806526111795589 -0.035284385162381436 0.033650807054103643 0.026625004932150705 0.31743316615275408 0.062074186404864652 0.0011255263334603381 0.069645158676773705 -0.0060728763509480003 -0.0031262675414059022 -0.0030507362820899366 0.091128662202853039 -0.051216440805054865 -0.02403261456214735 0.42931346340015986 -0.0091658625080518075 0.44527797284604614 -0.0025057356955620821 -0.02614817887517485 0.94223484244773903 -0.050305475682070049 0.025619550692331433 0.049712791842240332 0.0059320028458256929 0.012252700232567484 0.018866104474301277 -0.0044434345472171453 -0.012033701019785811 0.18294739099626384 0.022438973163086073 0.0037119167188579549 0.09571334304517691 -0.022495006586808086 0.11772619663107831 0.0047047330484981369 0.059549277265821987 0.0045810172269091778 0.056238409606662515 0.0053029854816576127 0.025627967716204902 0.037217347355135683
leaf_weight=137.64474766177591 465.48517039092258 73.460975768044591 121.84401895105839 54.123675588518381 5.2545774753671131 17.839463264681399 5.0454779874999076 5.8648304078960773 69.685983083560131 110.55133346887305 868.37776585295796 139.28084376093466 20.230855077505112 56.803186706267297 137.38818250375334 12.085696233436467 9.7893889236729574 13.489181442186235 4.556825882755219 75.680951330810785 34.953440262936056 458.48417263000738 154.95045579527505 44.384740534587763 6.4379635907243919 3.5083265828434378 3.9401185053866357 808.65395626821555 35.617926268372685 422.90469754429068 1102.1772217899561 804.23489321907982 10.798258386319501 1.6808504352811726 30.13482855760958 1.6582324790069822 10.818775392253885 1.4111119030276302 5.1804821254918334 2.0760208496358232 1.007544500986113 1.0991007901029686 0.65972185693681229 40.639196496456861 445.42302280478179 168.60078947176225 202.97331541031599 286.52064691320993 207.290212465683 5.9142202511429813 12.782033236930145 367.7733003848698 16.504186469363049 12.407003001775594 11.072815160267053 1267.4794539185241 64.21954416076187 641.99240781739354 59.851657714229077 227.67224596999586 275.28505940036848 68.241877637337893
leaf_count=31902 327917 7471 702 239 323 251 105 1044 6803 12148 54221 10794 285 4876 4779 170 390 712 182 716 237 31596 44962 2009 1029 211 456 20698 428 26670 79053 16080 302 337 7330 145 2014 260 1176 760 311 336 221 225 2354 3325 5066 11579 12984 279 493 14471 396 1623 242 8344 3077 9267 1120 3294 3905 1306
internal_value=-0.000456295 0.00158248 0.00230727 0.002581 0.00178095 0.00559001 -0.0443541 0.0395365 -0.00048946 -0.00244979 -0.00791599 0.00125793 0.000552394 0.00279767 -0.000964253 0.0127943 0.00906415 0.0641382 0.006686 0.00314099 0.0315466 -0.00707301 -0.0190369 0.0460411 0.0453971 0.110154 0.182352 0.00351389 0.0380959 -0.00412195 0.0046552 0.00352571 0.0228624 -0.00601754 0.0228698 0.187421 0.0123816 0.0616941 0.128741 0.0841764 0.176911 0.329296 0.579539 0.0147256 0.00959247 0.0170003 0.000364204 0.00522209 0.00742121 0.013311 0.0732129 0.0111641 0.0289734 -0.00636999 0.0436317 0.00612612 0.0510253 0.00705517 0.00194163 0.0159058 0.0127199 0.00771683
internal_weight=10733.9 10257.5 9909.18 9835.72 9227.81 3446.17 476.395 10.9103 5781.65 4460.04 1802.57 2657.48 934.189 2518.2 1829.66 688.535 617.845 25.5749 592.27 543.328 110.634 1058.53 348.322 48.9416 70.6896 13.8864 7.44845 864.503 55.8488 432.694 3376.69 3179.46 197.239 193.371 55.7267 3.33908 52.3876 22.2528 11.434 10.0229 4.84239 2.76637 1.66727 607.906 486.062 179.399 600.045 489.494 771.132 540.362 18.6963 521.666 153.892 230.77 23.4798 1321.6 69.4741 2077.28 1091.76 287.524 985.519 710.234
internal_count=786001 456935 367181 359710 356429 121303 329066 1149 235126 226543 82435 144108 28214 133314 95656 37658 31086 882 30204 28013 953 60389 89754 2191 6572 1696 667 21411 713 27060 117903 114025 3878 44792 12890 482 12408 5078 3064 2804 1628 868 532 3281 2579 3627 28793 16645 35267 20418 772 19646 5175 14849 1865 8583 3400 34972 20494 4414 14478 10573
is_linear=0
shrinkage=0.05


Tree=57
num_leaves=63
num_cat=0
split_feature=38 50 17 47 29 49 49 54 30 27 5 52 48 17 43 3 39 5 27 27 43 35 51 48 44 48 48 5 1 5 51 27 38 48 48 29 38 22 37 47 48 6 49 48 52 37 41 52 43 49 34 33 52 51 48 25 51 48 52 51 48 50
split_gain=349.927 50.5459 49.837 53.5769 48.9692 46.2955 38.121 32.7498 32.4389 40.8765 32.2417 30.3952 28.9663 38.9259 37.7682 26.2968 35.7456 30.3256 32.3208 29.6891 28.698 25.8401 29.8581 25.3729 25.8947 36.4208 29.8875 26.1903 60.8817 46.3099 26.0077 25.2755 27.7667 25.3171 41.0115 36.7591 39.956 25.0957 39.1821 30.4918 25.0866 24.7576 24.6538 25.0667 22.9597 37.6927 22.6241 22.279 22.2336 22.0385 25.4996 25.3697 24.833 40.1151 39.2767 21.4755 21.4509 21.3089 21.2104 28.9343 27.0716 21.1395
threshold=-40.235282897949212 222.99001312255862 -19.000131607055661 -2.8623459339141841 3.5945463180541997 281.06625366210943 265.70214843750006 0.12940952181816109 -0.14736080169677732 -2.7429928779602046 257.05027770996099 92.846775054931655 -0.025937020778656002 -35.183336257934563 -3.1379623413085933 256.00424194335943 -39.253450393676751 232.56377410888675 3.6438055038452153 14.238277435302736 -2.1890258789062496 0.20679100602865222 26.269105911254886 0.95832794904708873 -6.5133686065673819 0.13631474971771243 0.034703314304351814 285.86459350585943 290.40777587890631 287.12472534179693 14.334826946258547 4.0872983932495126 -34.882354736328118 -0.49165731668472284 -0.64861023426055897 -0.095515727996826158 -22.294128417968746 -41.150947570800774 281.79013061523443 -0.048317104578018182 0.73976010084152233 256.25030517578131 255.95982360839847 -0.33470275998115534 100.17806625366212 283.97604370117193 1.4771171212196352 13.625877857208254 3.6029129028320317 288.78967285156256 2.7597278356552128 0.21071758121252063 12.273254394531252 6.3059055805206308 -0.39966389536857599 3.6544942855834965 54.361434936523445 -0.67741933465003956 8.5340228080749529 6.3526408672332773 0.92260730266571056 124.68043136596681
decision_type=2 2 2 2 2 2 2 2 2 2 2 2 2 2 2 2 2 2 2 2 2 2 2 2 2 2 2 2 2 2 2 2 2 2 2 2 2 2 2 2 2 2 2 2 2 2 2 2 2 2 2 2 2 2 2 2 2 2 2 2 2 2
left_child=1 44 3 -2 48 -6 -5 12 9 -9 -11 15 13 -8 -14 16 -4 18 56 42 -17 -16 23 24 25 26 -23 58 29 -29 -28 33 -33 34 -15 36 37 38 -36 -39 -21 -26 43 -19 -1 -46 -44 -42 -3 50 -35 -51 53 -52 -55 -56 -18 -20 -27 -60 -61 -10
right_child=2 4 11 6 5 -7 7 8 61 10 -12 -13 14 31 21 20 17 19 57 40 -22 22 -24 -25 41 27 30 28 -30 -31 -32 32 -34 49 35 -37 -38 39 -40 -41 47 -43 46 -45 45 -47 -48 -49 -50 51 52 -53 -54 54 55 -57 -58 -59 59 60 -62 -63
leaf_value=-0.041988503198662597 -0.032604486828888044 -0.018331302418127575 -0.015769714072560601 -0.027928007615410234 0.27080564022343884 -0.026354821881023217 -0.029070596826128389 -0.042697364718527489 -0.018902075953050219 0.11440028035586701 0.015147966241505101 -0.015654893911940953 -0.021798647354121112 -0.01014376030967616 0.15438011547182739 0.04154713900206107 0.01706097231666381 -0.01520821230012216 -0.036418823115371826 -0.031354932620683153 0.0096355845182813805 -0.00083386356712877819 0.0018543238550270014 -0.045313603371595484 0.21108776849386787 -0.0026801892612586301 0.30633993294858725 0.5851536453025471 0.013189729093205413 0.1282477739117322 0.078080694478764132 0.15328035809470625 -0.039236509731618407 -0.016057537333283602 0.31624282897191208 0.001617659224540411 0.026187901676461147 -0.01373602954069633 0.07418996293442319 0.12521438896027445 -0.021904232189636032 0.018203259156472192 0.017000672453100107 0.034245000164648418 0.073487431591666041 -0.046842147347837315 -0.004066348533299546 0.017036985461849351 0.30849178822291146 0.18926933271702745 -0.050593031530302396 0.019257428914393131 -0.0057218819401547985 0.30230841149982157 0.0067343626494652574 0.18641915879893015 -0.014577335240596552 0.0042609143678835016 0.19313150351298164 0.033181250058403534 0.16025413908308778 0.010303837351770788
leaf_weight=564.55892366683111 167.93673907406628 15.199610263924114 240.4722418570891 139.8028484218521 3.6461846049642181 2.0462336968630552 105.4936753968941 30.353886145516299 447.78929357847665 8.7076376684708503 135.63117105164565 202.9468486038968 55.627017439925112 42.081415388616733 3.6885537490015841 84.628050867235288 748.14200537931174 34.663888946641237 32.405142091214657 146.04408277873881 420.60014880436938 2.0071555271279058 122.30348909110762 9.7654023644281533 1.6902282182127226 20.642015534453094 3.498558368999511 1.1009955847403028 3.1557454204885289 1.1174272930948062 1.9398534027859566 1.9647444433066983 40.089656084310263 124.35468721087091 3.5085338654462275 24.467065496370196 21.871139641152695 5.3096509655006292 3.1938043240224943 15.398530385340559 72.20083887479268 105.67669902311172 145.94894796051085 98.257910973392427 11.546559202717619 14.914350171224212 1004.8984419957269 74.762285063974559 0.53883297764696259 3.0784645966486988 3.8666760858614024 7.6400781981647015 16.634576838929206 2.6890602495986959 4.2307290192693463 2.7397302659228444 57.706946227699518 4888.2408871008083 3.6573805304942644 39.227223875699565 4.6926897040102622 71.906696586520411
leaf_count=344552 30130 6303 9827 21981 363 727 24760 5206 78777 165 10031 6528 6127 3019 101 3867 5287 553 586 12415 14628 330 13028 1757 51 2263 436 195 1142 208 274 396 5517 5949 144 2121 408 457 365 744 5874 12465 1913 1472 438 8329 39881 5738 38 167 451 553 1602 250 300 268 508 71953 364 3452 368 6934
internal_value=-0.000425903 -0.0371197 0.00180747 -0.00570476 0.0383128 0.163986 -0.00295456 -0.000631315 -0.00859543 0.0100443 0.0211356 0.0034557 0.00620957 -0.0026997 0.0162641 0.00393756 0.00319795 0.00382249 0.00551315 -0.00231761 0.0149809 0.0227958 0.0212813 0.0332708 0.037344 0.0586802 0.164063 0.0480184 0.15429 0.355009 0.224921 0.00591002 -0.0302423 0.0113193 0.0292424 0.0517164 0.0765891 0.116805 0.2009 0.089587 -0.0166787 0.0212398 0.000960164 0.0213484 -0.039855 0.00566522 -0.00139466 -0.00209427 -0.00714195 -0.00124488 -0.0060543 0.0680864 0.0351897 0.0855028 0.139982 0.0773592 0.0147953 0.00399302 0.0396466 0.0580106 0.0467585 -0.0148611
internal_weight=10674.9 612.451 10062.4 1810.53 21.4309 5.69242 1642.59 1502.79 694.389 174.693 144.339 8251.92 808.403 428.612 379.79 8048.97 7543.74 7303.27 5726.49 1576.78 505.228 324.163 320.475 198.171 188.406 81.039 7.44557 73.5935 5.37417 2.21842 5.43841 323.119 42.0544 281.064 115.83 73.7487 49.2817 27.4105 6.70234 20.7082 293.007 107.367 1283.77 132.922 591.02 26.4609 1150.85 146.963 15.7384 165.234 154.515 10.7185 30.1608 13.5262 9.65952 6.97046 805.849 4920.65 68.2193 47.5773 43.9199 519.696
internal_count=785036 360750 424286 243256 7431 1090 213126 191145 101113 15402 10196 181030 90032 47471 42561 174502 156007 146180 78334 67846 18495 36434 36333 23305 21548 9032 1040 7992 1545 403 710 22711 5913 16798 7258 4239 2118 1710 509 1201 24027 12516 43819 2025 353319 8767 41794 11612 6341 9540 8820 720 2871 1269 818 568 5795 72539 6447 4184 3820 85711
is_linear=0
shrinkage=0.05


Tree=58
num_leaves=63
num_cat=0
split_feature=36 13 17 32 48 38 31 21 16 25 43 53 48 30 25 10 33 54 49 48 38 29 5 49 53 49 49 47 47 48 45 34 41 22 51 35 29 48 19 29 23 49 23 53 49 48 49 54 17 49 40 29 25 47 49 53 52 35 54 53 50 16
split_gain=350.867 58.3259 34.642 34.8739 39.8881 48.947 55.2415 76.7466 40.7486 41.8886 42.6816 79.9669 40.7183 33.996 38.7712 38.3433 45.9609 33.8349 45.9489 51.3768 43.9939 31.4625 30.9584 30.3542 42.6698 39.4815 36.6786 36.4087 29.7453 29.5495 36.3623 29.1494 29.1476 29.533 50.7675 28.9059 27.856 36.2725 27.4765 28.3485 49.9158 41.4789 31.7753 30.8345 27.4672 26.1864 24.8586 49.7404 41.3041 32.1118 31.3657 37.5282 35.7219 34.8516 34.5147 29.9995 27.5112 42.0316 27.8781 28.451 29.1425 26.3345
threshold=282.64704895019537 -47.793565750122063 -0.70683670043945301 24.859740257263187 0.53731119632720958 -27.64705657958984 11.114246845245363 -20.296152114868161 -14.559633255004881 15.753047943115236 4.7841033935546884 114.08333587646486 0.1227008104324341 -0.070574760437011705 -1.225868225097656 285.29095458984381 -0.52011156082153309 0.12940952181816109 267.56375122070318 0.94973194599151622 -3.6470565795898433 -0.90242671966552723 225.14548492431643 274.91055297851568 11.291666507720949 280.31988525390631 280.56040954589849 0.77526974678039562 1.8975038528442385 0.6227284073829652 -0.41499900817871088 7.5486042499542245 4.6758625507354745 -37.518135070800774 9.0547142028808612 -0.42913483083248133 4.2133684158325204 0.33345443010330206 -20.919559478759762 14.724085807800295 -15.170947074890135 260.24180603027349 -16.345941543579098 61.250000000000007 270.83627319335943 -0.47145682573318476 271.22605895996099 0.91597560048103344 -3.6867256164550777 272.51168823242193 -1.1764755249023435 1.4647464752197268 3.1724205017089848 -0.15026307106018064 259.72676086425787 1089.1666564941409 14.784448623657228 3.2755072116851811 0.60355338454246532 30.722222328186039 107.58127593994142 -5.1181564331054679
decision_type=2 2 2 2 2 2 2 2 2 2 2 2 2 2 2 2 2 2 2 2 2 2 2 2 2 2 2 2 2 2 2 2 2 2 2 2 2 2 2 2 2 2 2 2 2 2 2 2 2 2 2 2 2 2 2 2 2 2 2 2 2 2
left_child=1 -1 3 4 5 13 12 -8 9 10 11 -9 23 14 -3 -16 -17 18 38 28 29 -18 -22 24 32 27 -27 -25 -20 30 -19 36 33 34 -7 -28 -14 44 -6 40 -40 43 -41 -42 -38 -10 47 50 56 -50 -26 53 -53 54 -52 -49 58 -58 -48 -60 -61 -56
right_child=-2 2 -4 -5 17 6 7 8 45 -11 -12 -13 31 -15 15 16 21 20 19 -21 22 -23 -24 25 46 26 35 -29 -30 -31 -32 -33 -34 -35 -36 -37 37 -39 39 42 41 -43 -44 -45 -46 -47 48 55 49 -51 51 52 -54 -55 61 -57 57 -59 59 60 -62 -63
leaf_value=-0.020648169366369512 -0.043988273834974279 -0.014322228150239556 0.0077596714092310398 -0.0078017944001336666 -0.025689785033367975 -0.015288116197853441 -0.026690830803131796 0.032384245150615602 -0.032533566392859578 -0.035787160393383644 0.043095311659399969 0.39518006139290074 0.037179179958141163 -0.021626554745826965 0.018902314976099864 0.38118838143790357 0.012757363021846997 0.098642200792527501 0.030240186192308668 -0.027537168657418998 0.0076316971115711662 0.23827505862536469 0.069973322055612797 -0.024751830897811817 -0.013038013923292272 0.10865884414785693 0.027984223269319902 0.018876255070937185 -0.01024079700331466 -0.015591943970523062 -0.014299930688181545 0.011913233004988323 -0.026106358582162432 -0.00039757861940228721 0.22872852330417209 -0.0027593334377078098 0.17062473555240157 0.25252318232759358 -0.030314608254855626 0.064893158151596589 0.050290688402729947 -0.0037165635145272428 -0.01764915991289167 0.16066807141128681 -0.012269541313317976 0.0013244823897288513 0.012224199429987707 -0.028507379733895923 0.011143321402964205 0.066715445288768702 0.04868739556742354 -0.02044514340163979 0.010035408723545155 0.059410775995045045 -0.0028659502259806781 0.060565548057128799 0.018178818300215369 -0.022259137645744477 0.10990016050653356 0.017984761271754676 0.10653693369296136 0.081018968416954884
leaf_weight=284.1023390176706 438.36649016442243 112.27097994089127 2267.2155197467655 1036.9539759655017 85.771848941687495 4.6944022716488671 358.6148228328675 2.9659858387894955 61.319565549492836 6.439253111369907 8.1456107744015736 3.1131272735074162 71.180515354964882 401.70947944070213 65.15063993469812 1.5046367619652299 5.314985694596543 13.194882006966511 530.76689382165205 47.066235587582923 57.25664019305259 2.1813021660782388 30.534172455314547 287.20873964112252 150.58466740697622 8.2652781787328404 92.318832389079034 57.372972751501948 49.621680125128478 285.17671142378822 15.49589173006825 143.82099280646071 156.35164841101505 120.75922727328725 3.9042380454484373 444.99621255439706 3.4859744526911509 3.5906917026732108 18.083598867058754 13.488790710456668 12.21605351381004 12.541492915712295 85.969689945224673 13.125662128441034 4.9933369711507112 831.35849800240248 192.0328406970948 135.53606500825845 42.433353312313557 67.103112297132611 60.750275265891105 108.8768348665908 820.60707726911642 65.682835660642013 126.00123081798665 10.161556567065416 141.45615880191326 117.75023030396551 14.808321038493885 54.237651154398918 11.211738726822658 10.106605898588894
leaf_count=79970 328902 15077 15018 41033 8855 242 29523 292 1938 648 140 205 3157 69702 4844 308 966 1204 24232 4931 567 191 473 10888 4454 198 2377 1926 2353 26870 1291 6987 5597 2623 204 16071 160 178 833 650 235 538 3470 197 334 19002 4668 5427 298 351 603 1943 19143 1482 3816 125 2188 4178 341 1183 178 91
internal_value=-0.000182643 0.00169064 0.0023274 0.000727827 0.00205534 0.000177619 0.00184436 -0.00709038 0.000605543 0.07002 0.117917 0.218173 0.00506171 -0.0134374 0.00420889 0.0322664 0.128998 0.0100261 0.015575 0.0227048 -0.00197415 0.0783795 0.0293145 0.00365463 0.00656368 -0.00423775 0.00413078 -0.0174877 0.0267792 -0.0107258 0.0376421 0.0255429 -0.0115801 0.00597745 0.0955084 0.00252287 0.0490891 0.119326 -0.00297268 0.00956381 0.03803 0.0706545 -0.00645458 0.10746 0.0629211 -0.00100128 0.00899817 0.00545265 0.0172299 0.0451873 0.00846378 0.01118 0.00646501 0.0278728 0.01735 -0.0222951 0.0114682 -0.000191017 0.0225671 0.0473145 0.0331541 0.00336287
internal_weight=10689.3 10251 9966.85 7699.64 6662.68 5392.37 4804.24 1271.96 913.342 20.664 14.2247 6.07911 3532.28 588.132 186.423 74.1516 9.00092 1270.31 868.652 627.455 401.658 7.49629 87.7908 3305.21 2415.05 890.162 545.58 344.582 580.389 313.867 28.6908 227.072 285.71 129.358 8.59864 537.315 83.2505 12.07 241.197 155.425 55.9668 37.8832 99.4585 25.3417 8.47931 892.678 2129.34 1488.31 641.033 109.536 1342.61 1192.02 929.484 262.541 196.858 145.698 531.497 259.206 272.291 80.2577 65.4494 136.108
internal_count=785869 456967 376997 361979 320946 244247 153159 51748 22225 1285 637 497 101411 91088 21386 6309 1465 76699 46294 31516 30405 1157 1040 90595 59135 31460 18646 12814 26585 29365 2495 10816 8666 3069 446 18448 3829 672 14778 5923 1803 970 4120 432 494 20940 50469 37084 13385 649 31532 27078 21086 5992 4510 5552 12736 6366 6370 1702 1361 3907
is_linear=0
shrinkage=0.05


Tree=59
num_leaves=63
num_cat=0
split_feature=36 0 49 41 48 52 53 50 5 48 53 49 49 5 49 39 48 48 24 47 52 53 41 36 23 51 46 42 39 48 42 52 48 53 53 11 1 11 5 46 53 47 29 23 43 53 41 25 49 39 27 35 49 23 48 48 5 4 48 48 11 46
split_gain=330.835 51.0833 30.174 40.0959 33.5102 50.5404 32.7417 29.6038 46.8327 29.5269 26.5029 26.0365 39.4461 38.3633 37.8976 34.3311 29.3425 34.9226 40.55 26.645 29.9901 30.291 26.2488 30.5634 26.1348 29.1482 28.7615 29.1471 43.0232 28.3041 32.1901 25.7089 29.1817 26.64 33.6415 23.8328 43.8968 30.017 45.4136 26.7612 34.9599 23.6523 23.2938 25.1262 22.6771 21.9864 24.6665 21.7224 24.1334 22.755 26.7652 34.3302 24.6305 21.5297 48.1941 30.5595 29.5335 34.5818 26.1774 24.1317 23.962 21.4677
threshold=280.88236999511724 283.61671447753912 254.46063232421878 36.865652084350593 0.16143232583999637 10.089985847473146 13.111111164093019 104.96093368530275 264.63125610351568 0.70040506124496471 154.70833587646487 268.30914306640631 259.72676086425787 211.81697845458987 268.59339904785162 -29.165580749511715 0.89009976387023937 0.01708924770355225 7.903879165649415 1.8975038528442385 16.994511604309086 27.750000000000004 3.236747264862061 252.64705657958987 -7.0733015537261954 5.6344866752624521 -1.4873418807983396 13.584915161132814 -17.941901206970211 0.8529149889945985 2.0530853271484379 13.71247720718384 0.97297734022140514 95.222221374511733 91.166667938232436 288.01518249511724 288.95602416992193 290.47320556640631 281.38145446777349 0.98338270187377941 69.083332061767592 0.12526559829711917 0.89696502685546886 -19.018526077270504 -0.74278259277343739 349.13888549804693 10.309851169586183 0.27588653564453131 289.77156066894537 -23.653595924377438 -1.4288229942321775 -0.53562742471694935 276.47534179687506 -36.074911117553704 0.88486921787261974 -0.3497984111309051 242.13864898681643 251.035514831543 -0.37438794970512385 0.95832794904708873 249.99269866943362 1.5434522628784182
decision_type=2 2 2 2 2 2 2 2 2 2 2 2 2 2 2 2 2 2 2 2 2 2 2 2 2 2 2 2 2 2 2 2 2 2 2 2 2 2 2 2 2 2 2 2 2 2 2 2 2 2 2 2 2 2 2 2 2 2 2 2 2 2
left_child=1 2 3 4 6 9 -1 -2 -9 -6 11 12 15 -14 19 -4 17 18 -16 20 21 -13 23 -19 26 -26 -24 29 -29 -28 -31 33 42 34 -17 47 37 -37 -39 -40 -41 45 -33 -44 -23 46 -8 49 -49 50 -3 -52 -53 54 56 58 57 -15 -55 -56 -60 -42
right_child=7 35 10 -5 5 -7 41 8 -10 -11 -12 14 13 53 16 31 -18 22 -20 -21 -22 44 24 -25 25 -27 27 28 -30 30 -32 32 -34 -35 -36 36 -38 38 39 40 61 -43 43 -45 -46 -47 -48 48 -50 -51 51 52 -54 55 59 -57 -58 -59 60 -61 -62 -63
leaf_value=-0.017073397472225117 -0.045059707069179583 -0.027732144490819274 -0.03842192705374662 0.03669961571675686 0.0018085726968536846 -0.02416192741663499 0.0013772766058051994 0.13283705205257237 -0.021680367477695157 0.056128559495866384 0.0045166249254519038 0.013332706776487253 0.0023967003867209884 -0.033208800103628137 0.0022380548072989822 -0.0007944123432251153 -0.021284193052911845 0.12556467218455913 -0.017641572977147815 -0.036507566295302392 -0.010047530636433072 0.16585480363495231 -0.030189149479352192 0.020244287876233169 0.058434030224260906 0.013329081109683351 0.0011455499188227564 0.018406295656766897 0.11215978120600352 0.00088091319071696673 0.11201661922727052 0.07148328178723827 0.092443453871013742 -0.026188046051603804 0.080146596383090116 0.01056790476675918 -0.025559412920629417 -0.0082115099393162607 0.077662438588486538 0.40608660038220523 0.25355413415921035 0.038319711371774187 -0.032383072306813705 0.011169496808976252 0.071588038114546018 -0.01890332873354067 0.033063373232347169 -0.02831788184929326 0.016603284603703868 0.094053185566456421 0.20993298927785828 -0.040770971032427036 0.033520514254002418 -0.012228664005089172 0.074309194295722442 -0.02705311391369716 -0.033989044261856338 0.12405850468183799 0.057867339137731649 -0.050431497480068727 -0.03680198780720622 0.0070745002214562779
leaf_weight=70.224097755737603 438.03475362423342 61.264518937678076 51.809723096201196 127.76462376862764 82.909878158243373 173.00384975178167 115.90604622382671 5.322197289671748 62.382110602105968 35.827936892630532 3475.9172421784606 14.081559653393922 365.40139724127948 6.8514062964823079 1091.638844699366 567.35969039495103 135.67720282031223 10.25707325525582 335.30745129822753 9.859666306525467 14.362695092568172 9.5403396242763794 56.042940427083522 20.973795965779573 48.670140668749809 135.64315311517566 624.94835884869099 75.221649621380493 14.614184130448846 13.558370274724441 12.543524008709936 14.879521355964242 10.929130283650009 106.30947505380027 13.134606092469765 74.818169325124472 73.044532454456203 9.2377032544463891 7.7849887090269458 1.7516888980753718 1.8050714638084175 122.24877487309277 35.737041818443686 451.5505404220894 19.258431065827615 47.739904532209039 130.65666728466749 328.0958370672306 32.896882799919695 6.1186933801509431 2.2826010631397358 15.710951426881364 38.487247262033634 224.31998842814937 26.792434186208997 500.72867098962888 57.448081324109808 7.1364615303464234 26.518218941055238 4.533141818130388 8.9367008332628739 1.7301720037357879
leaf_count=432 323665 5992 5415 712 613 1906 632 343 36951 405 112889 666 2213 336 40432 11659 8567 160 17449 640 649 393 2639 1894 391 1278 33210 4194 230 547 383 151 91 2042 217 14524 26045 852 1206 326 222 639 2118 7021 501 255 647 50507 2528 61 174 1742 3859 8025 1512 29543 10628 213 498 795 638 271
internal_value=-0.00083412 0.00113062 0.00206135 0.0107389 0.00647838 -0.00692115 0.0145092 -0.0403038 -0.00953384 0.0181991 0.00114674 -0.00113989 -0.00481898 -0.0111832 0.00231388 0.00142812 0.00134723 0.00260596 -0.00243331 0.0394093 0.0524853 0.0734306 0.00970815 0.0548344 0.00827188 0.0252396 0.00434759 0.00696006 0.0336578 0.00327615 0.0542883 0.00314878 0.0116163 -0.00317712 0.00103701 -0.0123748 0.00372389 0.0257463 0.0766488 0.136618 0.22343 0.0198335 0.00985719 0.00797541 0.102816 0.0121546 0.0181681 -0.018025 -0.0242243 4.23121e-05 -0.00484301 0.0199848 0.0119849 -0.0169313 0.00454954 -0.0198339 -0.0181252 0.0470273 -0.00591852 0.0562579 0.0340052 0.132925
internal_weight=10665.5 10159.8 9504.77 906.282 778.517 291.742 486.775 505.739 67.7043 118.738 8598.49 5122.58 2480.38 1228.67 2642.2 1251.71 2575.1 2439.42 1426.95 67.1027 57.243 42.8803 1012.47 31.2309 981.242 184.313 796.929 740.886 89.8358 651.05 26.1019 1199.9 513.096 686.804 580.494 655.029 170.172 97.1278 22.3096 13.0719 5.28693 416.551 502.167 487.288 28.7988 294.303 246.563 484.857 360.993 123.864 117.745 56.4808 54.1982 863.265 102.762 760.504 71.4359 13.9879 259.775 31.3256 35.4549 3.53524
internal_count=785736 424777 316468 6241 5529 2924 2605 360959 37294 1018 310227 197338 83115 54401 114223 28714 111374 102807 57881 2849 2209 1560 44926 2054 42872 1669 41203 38564 4424 34140 930 23299 9381 13918 11876 108309 43446 17401 2877 2025 819 2173 9290 9139 894 1534 1279 64863 53035 11828 11767 5775 5601 52188 13484 38704 11177 549 9161 2307 1136 493
is_linear=0
shrinkage=0.05


Tree=60
num_leaves=63
num_cat=0
split_feature=36 0 49 40 53 48 40 52 50 16 49 14 44 47 51 49 52 49 49 17 48 49 35 41 48 41 42 49 34 29 29 17 26 18 48 54 49 54 48 5 28 49 49 39 52 48 49 36 31 47 36 8 49 45 36 48 10 14 42 43 48 22
split_gain=294.419 58.3805 26.5465 32.9008 30.7522 29.2707 25.313 29.6784 24.67 59.5606 24.7643 24.103 23.5938 22.6781 22.1053 36.6959 43.2546 35.1758 34.8366 48.2977 44.0393 40.4506 42.4814 36.3289 39.9023 52.2136 47.2215 41.8478 32.748 33.0492 31.6962 31.6432 31.1911 30.498 30.0832 29.3377 39.7919 33.2527 33.679 26.8928 25.5604 27.111 39.8126 36.9896 30.2261 25.5466 48.4892 25.073 48.4762 24.8058 26.0305 32.5961 24.5459 24.526 23.0361 22.2279 35.9371 22.1465 26.473 21.7537 24.7094 23.2541
threshold=285.00000000000006 284.00891113281256 254.46063232421878 32.784309387207038 233.16666412353518 -0.72268652915954579 1.372550964355469 16.288061141967777 222.99001312255862 -51.661821365356438 289.15274047851568 -37.263027191162102 3.4876232147216801 -3.7114353179931636 42.687715530395515 263.06666564941412 35.329317092895515 271.86802673339849 267.04945373535162 1.0000000180025095e-35 0.95832794904708873 259.72676086425787 25.378603935241703 11.621637821197512 0.8529149889945985 17.399179458618168 5.3638763427734384 260.66418457031256 6.8942213058471689 3.3183870315551762 13.62691116333008 -29.824495315551754 6.0943078994750985 -32.722665786743157 0.8446832299232484 -0.7865660786628722 270.83627319335943 0.37940952181816107 0.8732551932334901 209.49958801269534 3.2361593246459965 259.31796264648443 263.43424987792974 1.0000000180025095e-35 8.7000589370727557 0.81332153081893932 267.78880310058599 211.47058868408206 24.972321510314945 -4.6942615509033194 218.529411315918 244.06751251220706 289.42092895507818 -1.6172049045562742 214.41176605224612 0.80511206388473522 232.79052734375003 -44.908527374267571 1.3047332763671877 11.167251586914064 0.086114823818206801 -44.237163543701165
decision_type=2 2 2 2 2 2 2 2 2 2 2 2 2 2 2 2 2 2 2 2 2 2 2 2 2 2 2 2 2 2 2 2 2 2 2 2 2 2 2 2 2 2 2 2 2 2 2 2 2 2 2 2 2 2 2 2 2 2 2 2 2 2
left_child=1 2 3 6 5 -4 -1 13 10 -10 -3 -12 -11 -8 18 16 34 -17 19 21 30 22 33 53 -25 26 -26 47 29 -18 31 -20 52 -7 -16 39 45 38 49 -32 -21 44 43 -43 -42 55 -47 -27 -49 -38 -51 -52 59 -23 -55 56 -37 58 -19 60 61 -33
right_child=-2 8 4 -5 -6 14 7 -9 9 12 11 -13 -14 -15 15 17 28 57 20 40 -22 23 -24 24 25 27 -28 -29 -30 -31 35 32 -34 -35 -36 36 37 -39 -40 -41 41 42 -44 -45 -46 46 -48 48 -50 50 51 -53 -54 54 -56 -57 -58 -59 -60 -61 -62 -63
leaf_value=0.029021904514847981 -0.047640531512503859 -0.018969057685945905 -0.035420452426708091 0.039090339278261679 0.0055172666926629962 -0.045491167393106657 0.028663515249849003 -0.010310694596369586 0.27870231671087814 0.00032345887715051362 -0.0082531981848526798 0.04391822485218054 0.18469157097943883 0.0039286959874307659 0.030913451031549841 -0.016827199891925871 0.0037556165514290489 0.17353114165411931 -0.016865860501309726 0.034437554100829819 -0.046795910352289305 -0.029729607210544191 -0.018873088975135566 -0.045343667126388279 -0.0042398641597462495 -0.029303630252434779 0.26466235857038528 -0.034720882958293814 -0.018968272890256949 0.11388284375131946 0.028237311557851093 0.064181605663181082 -0.0044232130002037759 0.0063184231804504264 0.090983172578358695 0.068861442280072724 0.12048643046650705 -0.030472055324525051 -0.028172017767277222 -0.021008229760249478 -0.011272140084615918 -0.034569946863338828 0.017098417720061144 0.0060555750443076492 0.021077013886821053 0.070483335052168361 -0.012790543430665116 0.022342977009863148 0.24777862975416054 0.085918922084365593 -0.023845078586242564 0.033052540034921626 0.056182907240604311 0.030386686733909287 -0.0087770934904444521 0.10682683840606599 -0.0068067415368400974 0.0074853132854084091 0.02447207036358677 0.026881162230755287 0.033261147630293024 0.0011340865847149016
leaf_weight=110.52326832478866 325.08062287699431 589.70930516172666 61.278574106981978 87.018836211413145 2526.0798662950983 29.901421605027281 129.48184266476892 256.22410535882227 2.227774091763421 29.543010029010478 74.248739760485478 31.543645857949741 1.843549986835568 325.93320713867433 105.29336516954936 194.03527803486213 18.813271528342742 4.4056984565686426 244.83723193174228 63.875775940716267 45.850883516017348 121.60884412797168 319.01724015083164 207.77221301919781 3.2403562909457824 5.6199072450399425 3.2906039135996252 61.545180024113506 71.614754529669881 10.679941976210101 39.387854432687163 14.85813841014169 987.77916171168908 567.50113200815395 25.986634977860376 49.397252332419157 6.8717634021304539 46.95861712959595 33.242573614232242 93.611999067710713 103.29403186589479 152.92597973532975 105.81068164017051 88.429497390985489 239.955068256706 27.61788176279515 47.627180178416893 6.778918588999657 3.6787150106392801 14.62547014839947 36.719029767904431 80.045367758488283 25.49754577036947 43.771466564387083 264.05981228302699 18.062081739539281 22.995972636621445 292.42506337480154 9.1963711346033943 118.16976792924106 68.299218201776966 933.0095782156568
leaf_count=660 280605 148841 4742 496 81785 3331 691 1992 392 3732 21703 1905 83 2491 2096 9235 433 191 37484 291 4181 5837 10008 17411 498 80 218 5788 2845 196 217 1065 41508 14044 464 423 334 3406 2486 3095 624 1104 572 417 1383 561 2415 369 238 108 599 3861 568 279 14073 311 1445 12387 438 2100 2457 22652
internal_value=-0.000790126 0.00068772 0.00172611 0.00985418 0.000873497 -0.00103662 0.00675979 0.0033023 -0.012951 0.0288844 -0.0149729 0.00730252 0.0111527 0.0109612 -0.000690072 0.00745612 0.0238732 -0.000173173 -0.00180585 -0.00629161 0.00182481 -0.0111132 -0.00414153 -0.0199699 -0.0335791 -0.00453288 0.131246 -0.0159569 -0.000707072 0.0436344 0.00259099 0.000164669 0.00210622 0.00372523 0.0428041 0.0138154 0.0208225 0.00680783 0.0170152 -0.00642418 0.00417738 0.00137777 -0.0084742 -0.0196853 0.0113422 0.0392997 0.0177742 0.055872 0.101645 0.0278797 0.0230363 0.0151599 0.00766705 -0.0107186 -0.00320828 0.0572056 0.0448252 0.0103862 0.0727522 0.00657652 0.00421529 0.00212238
internal_weight=10630.7 10305.6 9576.53 909.181 8667.35 6141.27 822.162 711.639 729.116 33.6143 695.502 105.792 31.3866 455.415 6079.99 732.45 232.388 500.062 5347.54 2392.08 2955.46 1637.79 916.42 721.366 291.926 84.1537 6.53096 77.6227 101.108 29.4932 2909.61 2392.45 2147.61 597.403 131.28 517.163 384.163 218.463 171.504 133 754.291 690.415 347.166 241.355 343.249 165.7 75.2451 16.0775 10.4576 138.262 131.39 116.764 1159.83 429.44 307.831 90.4553 72.3932 306.027 13.6021 1134.34 1016.17 947.868
internal_count=786244 505639 328983 6330 322653 240868 5834 5174 176656 4207 172449 23608 3815 3182 236126 28285 6034 22251 207841 76565 131276 72174 27383 44791 24602 7191 716 6475 3474 629 127095 107834 70350 17375 2560 19261 15949 10794 7388 3312 4391 4100 2093 1521 2007 5155 2976 687 607 4902 4568 4460 28842 20189 14352 2179 1868 13016 629 28274 26174 23717
is_linear=0
shrinkage=0.05


Tree=61
num_leaves=63
num_cat=0
split_feature=2 26 12 54 41 49 50 33 49 16 40 10 39 42 49 49 5 37 53 48 11 50 21 53 35 49 49 15 48 48 42 45 49 54 37 51 49 48 55 54 5 28 55 48 38 39 48 52 11 49 27 37 35 22 35 48 49 49 39 5 11 41
split_gain=290.205 44.9323 34.95 40.6101 57.0141 48.9174 47.4771 40.6175 36.0029 39.4568 33.6365 35.0892 29.6032 29.2744 27.6196 39.3309 38.0933 61.8551 79.5602 30.5357 27.7734 26.9853 29.936 26.3141 36.5315 31.3547 31.6167 39.5802 38.469 45.0734 38.4613 37.1152 33.3939 45.6303 29.9767 29.6536 45.4535 29.0764 29.2776 34.1916 40.5137 27.8644 27.5205 25.8503 25.1191 43.5171 40.6574 28.9289 27.2383 50.4334 36.5882 24.6156 24.5433 34.099 52.4162 28.9136 37.5241 67.1921 36.2802 30.147 26.7806 23.8779
threshold=287.34085083007818 -2.6791095733642574 -36.396734237670891 -0.37940952181816096 0.20721228420734408 267.04945373535162 94.038017272949233 12.895307064056398 275.32183837890631 -51.544132232666009 -0.99999999999999989 288.47897338867193 -41.099491119384759 16.19577789306641 285.39907836914068 286.04714965820318 246.68986511230472 275.23239135742193 70.958332061767592 0.23799896240234378 289.29652404785162 222.99001312255862 -46.180141448974602 212.86110687255862 -0.8988763391971587 256.94619750976568 269.73658752441412 -6.8638610839843741 -0.44147184491157526 -0.45456704497337336 -1.8693847656249998 -0.32787895202636713 274.13537597656256 0.60355338454246532 271.44154357910162 40.069252014160163 261.91014099121099 0.8732551932334901 -0.7865660786628722 0.37940952181816107 218.3474044799805 4.9256553649902353 0.98296290636062633 0.97297734022140514 -41.882347106933587 -45.597677230834954 -0.49531143903732294 100.17806625366212 280.98776245117193 277.24395751953131 -0.96537256240844715 266.03121948242193 12.472651004791262 1.0000000180025095e-35 25.902493476867679 0.94361287355422985 259.31796264648443 266.63755798339849 -4.993464231491088 226.45742797851565 252.05545806884768 10.955697536468508
decision_type=2 2 2 2 2 2 2 2 2 2 2 2 2 2 2 2 2 2 2 2 2 2 2 2 2 2 2 2 2 2 2 2 2 2 2 2 2 2 2 2 2 2 2 2 2 2 2 2 2 2 2 2 2 2 2 2 2 2 2 2 2 2
left_child=1 -1 3 5 44 -3 -6 10 9 -7 11 -8 -4 23 19 16 -16 18 -18 -10 -19 -9 -23 25 -25 43 27 -27 29 30 61 42 33 37 -35 52 -37 38 39 -33 -41 -40 -28 -14 -5 46 48 51 -46 -50 -51 -47 -30 54 55 56 59 -58 60 -54 -59 -29
right_child=-2 2 12 4 6 8 7 21 14 -11 -12 -13 13 -15 15 -17 17 20 -20 -21 -22 22 -24 24 -26 26 31 28 35 -31 -32 32 -34 34 -36 36 -38 -39 41 40 -42 -43 -44 -45 45 47 -48 -49 49 50 -52 -53 53 -55 -56 -57 57 58 -60 -61 -62 -63
leaf_value=-0.036630308827680792 -0.041529395683814356 -0.04105999256649423 -0.020862134076217669 -0.038000851368159061 -0.023593934137152495 0.22182503443065049 0.0086257637136822555 0.02181174764393462 -0.031091116112786973 0.021199150662528626 -0.032192935702231786 0.17216621757567685 0.0065549014776716255 0.017358733977220316 -0.024498980588156884 0.003276677294446589 0.39117077807002887 0.012250609680236557 0.056313163018733327 0.00688457205203972 0.20790115685917931 0.22705958300539245 0.053723147995305358 0.059600644236057758 0.0064646551416421743 -0.014858968063760088 -0.0077422916348829605 0.020102056903773119 -0.01837522152197904 0.067204866260375334 -0.0023029930164196735 0.11955198717805092 0.0010865127666783881 0.047399137978516165 -0.040435352780447097 0.032409156323962206 -0.023491602654182566 -0.033788037062830859 0.020730050430578316 0.088181680472545487 -0.041509518452573738 -0.0078364484962996483 0.039433782697061034 0.049490859170692347 0.050150124207915349 0.166636817043917 0.029563109132994897 0.13636741268025104 0.44520329892449867 -0.050336251084239204 0.30392693722856667 0.0048555440050832774 0.057352944158071309 0.022701490168630562 -0.02022641850246857 0.081010271841718329 -0.04010999594710532 -0.0025344089952692179 0.087955645549667713 -0.026389148601107821 0.091381773212486542 0.081513513197043086
leaf_weight=76.938290745718405 408.81044885294978 55.492434422951192 127.29485178668983 20.131367174326442 624.53363907872699 2.4759662047727025 49.42906984500587 51.829690157901496 115.53760376712307 240.06024900008924 77.754849042277783 3.513028970337472 1240.3080654628575 360.983855310129 8.6297570425085741 203.42263868253212 3.485620756866413 12.447703313431701 3.6120073718484491 97.692883618874475 2.1232779755955553 3.5438583076465866 8.3832721990765986 32.800121430074796 2339.7862813450629 720.32944397197571 677.73064975126181 50.494577582925558 364.95912184100598 35.988025031983852 224.72346891555935 13.306978043634443 659.57283920026384 139.53125034063123 10.440771599998696 114.96770521160215 53.186971834395081 36.006642798427492 202.50635594199412 11.411440851166846 12.749585813609881 147.57082279236056 32.391278092982247 36.075695859268308 2.5062427504453835 2.3942239973694077 9.8682730688014981 4.5209945916431016 2.0118889429140836 1.5171088147908451 1.4027136953081933 130.90579924394842 49.187432183884084 113.52531340718269 333.50878099352121 13.575349722988902 78.868695812765509 69.15271452255547 17.238900505937636 13.751980608329175 8.526609596796332 23.055658662691712
leaf_count=11737 323279 9268 9530 7981 112763 340 2942 4349 16478 19954 11375 497 16146 8397 315 19025 202 1739 208 10886 334 253 460 1052 52206 47520 21595 441 3746 180 1818 556 22268 3334 890 1480 1185 1401 2989 55 635 3602 850 274 68 18 1115 399 189 364 125 12667 553 541 6726 704 2901 1947 162 572 105 250
internal_value=-0.000223379 0.00143512 0.00172496 -0.00472415 -0.0113377 0.00410225 -0.0168765 0.00469814 0.00773707 0.0232473 -0.0112625 0.0194777 0.00306575 0.00343548 -0.000679467 0.0111925 0.0643394 0.0997203 0.220761 -0.0136923 0.0407607 0.0374162 0.105226 0.00279743 0.00719924 0.000900184 -0.00117314 -0.00516027 -0.000695386 0.0143463 0.00796871 0.00351536 0.00875924 0.0175831 0.0412843 -0.00478159 0.0147279 0.00919101 0.0131842 0.0551918 0.0197446 0.00868819 -0.00559042 0.00776844 0.0145452 0.0213643 0.0960973 0.01198 0.184371 0.252581 0.119856 0.00776132 -0.00786982 -0.00237168 -0.00724731 0.0100464 0.00597691 -0.00600304 0.0223368 0.0390557 0.00777447 0.0393526
internal_weight=10590.5 10181.7 10104.7 1739.23 994.246 744.98 818.987 194.454 689.488 242.536 130.697 52.9421 8365.51 8238.21 446.951 233.721 30.2984 21.6686 7.09763 213.23 14.571 63.7568 11.9271 7877.23 2372.59 5504.64 4228.26 2285.04 1564.71 334.262 298.274 1943.22 1233.1 573.524 149.972 1230.45 168.155 423.552 387.545 37.468 24.161 350.077 710.122 1276.38 175.259 155.127 17.3062 137.821 7.43795 4.93171 2.91982 133.3 1062.29 697.336 583.81 250.302 236.726 173.787 94.9182 62.9394 77.6793 73.5502
internal_count=785941 462662 450925 234314 155565 78749 132639 19876 69481 20294 14814 3439 216611 207081 49187 21823 2798 2483 410 27364 2073 5062 713 198684 53258 145426 129006 70831 23311 2689 2509 58175 35730 13462 4224 20622 2665 9238 7837 1246 690 6591 22445 16420 22926 14945 1861 13084 746 678 489 12685 17957 14211 13670 6944 6240 5115 2214 1125 2052 691
is_linear=0
shrinkage=0.05


Tree=62
num_leaves=63
num_cat=0
split_feature=36 38 53 38 54 40 47 48 46 48 48 55 38 12 52 41 29 48 48 49 48 52 49 48 48 49 54 48 48 53 36 46 49 23 52 16 49 23 29 54 52 35 9 49 53 45 48 52 42 26 49 54 29 17 17 40 49 16 48 41 12 49
split_gain=278.204 39.2782 36.6232 50.6131 34.5723 37.0069 32.5905 31.8859 34.2539 27.5756 43.461 35.0092 34.1357 39.2281 25.5586 25.2589 25.0064 22.8013 31.1791 23.0534 24.3519 22.6815 22.3208 40.2996 40.3481 28.9373 57.3776 42.9175 43.2768 37.0919 30.5597 28.7259 38.8255 59.2435 40.698 41.3288 29.0023 27.4353 32.5684 28.0114 24.3143 23.8944 25.6343 32.4406 26.0095 23.2236 22.7702 32.8741 29.4404 24.4281 23.9605 22.332 35.0306 21.9655 21.8226 24.9236 21.7299 21.6992 21.5265 21.3062 21.0461 25.1906
threshold=282.64704895019537 -17.17647552490234 545.16665649414074 -47.176460266113274 0.37940952181816107 -0.56863403320312489 -3.0682443380355831 -0.69827961921691883 4.8778467178344735 -0.56490284204483021 -0.60007590055465687 0.37940952181816107 -32.352943420410149 -44.814311981201165 57.570123672485359 4.439599037170411 3.2615575790405278 -0.11090746521949767 -0.15365490317344663 267.40522766113287 0.04865998029708863 100.17806625366212 259.31796264648443 0.97297734022140514 0.95489680767059337 267.04945373535162 -0.6035533845424651 -0.37975081801414484 0.95832794904708873 233.16666412353518 207.94117736816409 0.98338270187377941 267.93310546875006 -11.522881507873533 13.015434265136721 -7.1938438415527335 268.30914306640631 -19.018526077270504 1.1214141845703127 -0.7865660786628722 9.9530663490295428 5.9736292362213144 245.97647857666018 273.45858764648443 40.062500000000007 0.61664009094238292 -0.36931872367858881 23.573870658874515 0.10704040527343751 39.379224777221687 261.63801574707037 0.37940952181816107 3.1530771255493169 -35.926530838012688 -19.8611946105957 -3.2941131591796871 255.59030914306643 -19.173095703124996 0.53731119632720958 3.236747264862061 -12.930818557739256 272.37759399414068
decision_type=2 2 2 2 2 2 2 2 2 2 2 2 2 2 2 2 2 2 2 2 2 2 2 2 2 2 2 2 2 2 2 2 2 2 2 2 2 2 2 2 2 2 2 2 2 2 2 2 2 2 2 2 2 2 2 2 2 2 2 2 2 2
left_child=1 2 4 -4 6 -6 -1 -8 9 10 -9 -11 -12 -14 15 16 17 18 -3 -19 -21 -5 23 24 -17 26 -24 -27 30 46 45 37 33 34 -33 57 -34 -32 -39 -40 56 42 -38 -44 -45 -29 48 49 -28 -48 58 -50 -53 -13 -2 -56 -26 -36 -49 -18 61 -41
right_child=54 14 3 21 5 -7 7 8 -10 11 12 53 13 -15 -16 22 59 19 -20 20 -22 -23 25 -25 40 27 29 28 -30 -31 31 32 36 -35 35 -37 41 38 39 60 -42 -43 43 44 -46 -47 47 50 51 -51 -52 52 -54 -55 55 -57 -58 -59 -60 -61 -62 -63
leaf_value=-0.035015413826404627 -0.045119790927532294 0.0087403239834747404 0.21163257012824166 0.0068006804291884191 -0.0052283327195060949 -0.029838946185694507 -0.037403726165229072 0.0095381807251863921 -0.024838698624224838 0.011502165061821572 -0.022009065384212032 -0.033439641115133985 0.23727976227581715 0.07543612302786748 -0.010590717212199112 0.0059066344686316717 0.088206126483848027 -0.045350049630827199 0.070090156039442922 -0.013332829544024115 0.040156943624919034 0.10224005102388925 -0.031495441861038011 0.049683703424643851 0.050528323662190379 -0.010712005415242563 0.026571490729477128 0.058844052530512697 -0.038169913141344963 0.012046702082202172 -0.013842442157607174 0.014551053043953464 -0.052151698910026301 -0.014542287747011585 0.11954182708805086 0.14182161323473158 -0.0039768092208468135 0.073952386588399796 -0.011151201738269483 0.0023439131807892004 -0.047127060714990787 0.0056179122213648172 0.095489400705389693 0.092524455901443689 -0.0011211379392370433 0.0099202806124845614 -0.022509997096064188 0.015661862700960136 -0.027722892099281832 0.022126571963040527 -0.013073088482287719 0.052603887642278004 -0.009041747495431145 -0.0031419582646941852 0.12392164964934621 -0.041320431457748434 -0.027822003493267796 0.024846392935783564 0.088082361305669349 0.023603910855813329 0.0073272092648376868 0.082206926265277258
leaf_weight=73.966951154056005 363.95941612240858 1043.9926242625806 3.1175843058153978 267.0387943504611 298.39179784466978 312.95094773406163 55.74250176991336 59.399334216839634 109.425381596433 425.55348273308482 5.2763712673913714 77.231793674291112 5.27764400164597 12.88506018463522 368.33461127430201 2220.5923084362876 15.552854356821625 36.68150444352068 21.128963989438489 83.335326501633972 28.573816430522129 6.3738277226220807 196.95429271506146 50.51161227026023 15.1735956040211 514.52291534468532 93.492368631996214 47.368753898888826 55.94140657177195 324.61119635845535 326.47120395256206 30.491533540654927 20.684782377211377 39.009078714996576 8.2981783438008296 20.812048026826233 33.710580801591277 16.946078191511333 171.21604330465198 16.890502352267504 59.002182310447097 1225.9561076441314 24.239185230107978 9.8599417360965145 29.899346104357392 49.714468371123075 427.52352719381452 34.152344974689186 80.93729273439385 33.018520241603255 45.28975772485137 30.475733478786424 94.520118398824707 265.37936543836258 4.1356062933336943 5.0912357809720543 21.232635938096792 22.325371234910563 14.66795514593832 71.149354722583666 118.21222877549008 23.768473564647138
leaf_count=16400 328292 12708 278 19461 36164 70467 9061 6919 13934 55794 1441 21543 334 609 11338 30486 264 683 285 1204 360 405 11001 415 121 14745 1349 237 3367 6587 13927 1065 1100 891 273 248 242 160 3253 750 1559 33061 370 244 730 263 15139 505 2190 363 1636 522 1417 23341 64 934 749 846 461 946 1937 430
internal_value=-0.000793051 0.000759014 -0.0055665 0.0113098 -0.00830928 -0.0178267 -0.00297197 -0.000639537 0.00149423 0.00488022 0.0322883 0.00192455 0.0899416 0.122464 0.00228166 0.00288573 0.00925079 0.00739763 0.00995733 -0.0109507 0.000324741 0.00902557 0.00162175 0.00550227 0.00453868 -0.000574176 -0.0065147 0.00233782 0.00526756 -0.00234052 0.00635437 0.00510897 0.00903751 0.0361735 0.0603215 0.0874547 0.00659639 -0.00343803 0.0063499 0.00287931 -0.0272999 0.00751444 0.0313102 0.0498973 0.0221021 0.0337911 -0.0078087 -0.0138072 0.00330276 -0.0193098 0.0131208 -0.0072611 0.00598832 -0.0099717 -0.0431947 0.0327435 0.00483329 0.0505064 0.0374204 0.0351924 0.018 0.0490303
internal_weight=10568.4 10195.3 1978.01 276.53 1701.48 611.343 1090.14 1016.17 960.428 851.003 82.8384 768.165 23.4391 18.1627 8217.24 7848.91 1300.41 1213.71 1065.12 148.591 111.909 273.413 6548.49 2366.51 2316 4181.98 1375.64 2806.34 2291.82 1178.69 2235.87 2138.79 1465.29 120.936 81.9271 51.4356 1344.35 673.505 347.033 330.087 95.4084 1323.67 97.7091 63.9985 39.7593 97.0832 854.078 554.652 299.426 460.542 94.1101 205.933 124.996 342.611 373.186 9.22684 36.4062 30.6235 48.8203 86.7022 158.871 40.659
internal_count=785868 456578 276151 20144 256007 106631 149376 132976 123915 109981 9303 100678 2384 943 180427 169089 16450 15240 12993 2247 1564 19866 152639 33330 32915 119309 41170 78139 63394 30169 60027 59527 39070 3323 2432 1367 35747 20457 6530 6370 2429 34647 1586 1344 974 500 23582 18104 5478 15502 2602 4129 1939 44884 329290 998 870 1119 966 1210 3117 1180
is_linear=0
shrinkage=0.05


Tree=63
num_leaves=63
num_cat=0
split_feature=36 13 25 42 5 36 19 11 41 53 39 40 40 10 17 48 48 11 45 48 17 53 25 28 39 48 11 16 48 5 45 41 14 0 46 38 17 16 17 53 28 27 36 41 40 52 48 48 31 5 51 11 17 42 11 27 23 17 39 38 48 48
split_gain=260.609 53.0743 31.6347 30.0367 49.9312 30.7658 30.2505 27.0079 24.3744 39.5907 29.3783 23.2507 22.5019 35.0625 42.0717 33.8311 39.3256 21.9926 20.9805 23.1481 39.9121 35.2586 27.7651 27.764 29.3132 29.6337 30.8849 28.6904 24.7234 20.7221 20.3097 37.3168 26.2969 20.4872 20.3223 20.0225 19.8733 24.1828 19.764 25.8115 25.8293 19.3651 19.2332 27.3468 20.0912 18.8676 18.319 19.8591 39.6679 27.2117 18.0544 23.0365 23.3701 17.5131 19.1854 27.3823 18.9277 18.5624 17.4859 20.1218 17.3945 36.3697
threshold=285.00000000000006 -49.054683685302727 -2.2424049377441402 7.5998916625976571 224.38174438476565 235.58823394775393 -26.19189357757568 289.37577819824224 -0.52142748236656178 60.708333969116218 -27.026869773864743 5.1960754394531259 -2.5686340332031246 283.08111572265631 -35.926530838012688 -0.47858285903930659 -0.57820284366607655 289.83538818359381 9.0608644485473651 0.55724394321441661 -20.292682647705075 1089.1666564941409 22.597953796386722 10.768346786499025 -15.000725746154783 -0.39245748519897455 241.36444854736331 -7.9526863098144522 -0.35449600219726557 281.77020263671881 -5.4948101043701163 6.3272812366485605 -23.032503128051754 283.02087402343756 0.69370031356811535 -19.470596313476559 -14.7785587310791 -14.131805419921873 -46.051902770996087 105.66666793823244 14.353228569030763 20.98134803771973 236.17646789550784 4.0532579421997079 4.2941284179687509 9.6042642593383807 0.83034712076187145 0.8994269371032716 33.261709213256843 244.31671905517581 137.73313140869143 280.72871398925787 -27.353998184204098 21.188232421875004 270.39962768554693 1.0219831466674807 -33.419122695922844 -4.5209541320800772 -46.392156600952141 -39.058815002441399 0.97297734022140514 0.95832794904708873
decision_type=2 2 2 2 2 2 2 2 2 2 2 2 2 2 2 2 2 2 2 2 2 2 2 2 2 2 2 2 2 2 2 2 2 2 2 2 2 2 2 2 2 2 2 2 2 2 2 2 2 2 2 2 2 2 2 2 2 2 2 2 2 2
left_child=1 -1 -3 4 5 6 -4 30 9 58 12 -9 15 -14 -15 16 -11 -13 19 20 21 50 38 24 25 35 27 -27 36 -19 31 53 -33 -32 -35 -22 -28 -38 39 40 -21 -40 43 -26 -45 -7 -24 48 -48 -50 -10 52 -52 57 -55 56 -56 -5 59 -6 61 -8
right_child=-2 2 3 7 8 45 60 11 18 10 -12 17 13 14 -16 -17 -18 29 -20 22 23 -23 46 -25 42 26 28 -29 -30 -31 33 32 -34 34 -36 -37 37 -39 41 -41 -42 -43 -44 44 -46 -47 47 -49 49 -51 51 -53 -54 54 55 -57 -58 -59 -60 -61 -62 -63
leaf_value=-0.023508776435192776 -0.047851342323212594 -0.027216559542955956 -0.021141090696648525 -0.0019951621778574206 0.014568615558767936 -0.0021706819214137043 0.0038585485313891617 0.022078830510640371 -0.024226045899228638 -0.0060017268644729782 -0.041484863097561928 0.24348000369343126 0.04777182477612435 0.0032283392924831152 0.30409814300661309 -0.0043030432392265295 0.10138653426723339 -0.013801983363067797 -0.019339962434376565 0.31460065987236385 0.026553650557139614 0.02825015693288209 -0.029635608319000563 -0.01671448173601341 0.017188787145562916 0.12055606128433832 -0.036343571751678135 0.024072686944434808 0.0061167165487111715 0.13716060507202257 0.010799408288996016 -0.022477511867379788 0.00082067257256306949 -0.036615640249747637 0.0040617694898639123 -0.010350338979749393 0.12759697048137145 0.036466451600204113 0.0055917276043678209 -0.031793068985888948 0.066905671618390991 0.0535591719626669 -0.031760589643396696 -0.021734656656114452 0.0038215233068999059 0.036276500514841256 0.013188812749322085 -0.012480305131718307 0.31859448302101973 0.052335340304982762 0.13030119680953528 -0.043526906226264067 -0.035056937834647681 -0.0030490830141586649 0.011092446011136525 0.11236239410709825 0.081918493037175577 0.043727559495434505 -0.029702372423880394 0.29867094855763787 0.030477328686862898 -0.026003418621844555
leaf_weight=223.83322010736447 285.58564814727288 97.618132313131355 129.0772469448857 143.03754988242872 2.3069606503704567 44.687557539902627 3760.9585736063309 25.996195923071355 483.04324278782587 14.208264937624334 14.300766970030962 2.3575696630869052 32.846809098962694 1.8659533686004577 3.079465588903985 54.399653713218868 21.31350241904147 3.9777270287740958 258.14742990140803 1.7564944480545808 42.163782289717346 36.779897912871093 91.007022453122772 310.30163359176368 103.61812568921596 12.451297999359666 6.8434997722506514 20.212956031784415 386.56117603031453 5.3047289438545704 1393.9524202288594 210.32326304679736 285.55122785898857 45.76944885624107 93.287240310688503 286.49425530945882 9.1582871824502927 35.491128982976079 557.41168386186473 2.6370736903045326 2.6259611765854061 21.866469969158061 81.001864911522716 207.42360759340227 122.21966556366533 111.60168692143634 30.212819234933704 88.891595670604147 1.8957550572231405 1.9432020708918569 6.6953602032735944 6.5458792286226517 3.1382510971743631 26.117448144592345 34.318255748832598 13.051296262536196 13.008711885660885 26.275375563651323 53.518684706534259 0.85393936606123944 58.680762105155736 104.80454480182379
leaf_count=84674 280794 12324 1743 3457 699 784 35671 4040 96817 1574 545 158 1319 470 149 5281 1145 264 18223 383 2491 1206 7944 16358 1100 194 654 366 17464 700 51360 20131 6989 5407 9221 10359 394 820 48379 809 166 1170 2102 3266 2755 1787 2325 8343 186 220 400 1209 312 196 727 273 69 163 4385 43 692 2437
internal_value=-0.00073829 0.000571713 0.00110819 0.0013861 -0.000129839 0.00351505 0.00267574 0.00636479 -0.0046201 0.0123755 0.0264756 0.0483759 0.0340855 0.0664591 0.190577 0.0204795 0.0584326 0.107106 -0.00566931 -0.00447723 -0.00716829 -0.018996 0.00278688 -0.00326294 -8.54802e-05 0.00590526 0.0139494 0.0608512 0.0104521 0.07247 0.00567273 -0.00105956 -0.00906116 0.00897379 -0.00932689 -0.0056159 0.0429979 0.0551587 0.00841294 0.0918075 0.166182 0.00740239 -0.00939755 -0.00521659 -0.0122594 0.0252834 -0.0126305 -4.26845e-05 0.0324255 0.18382 -0.0224755 0.0291507 0.0775296 0.0144512 0.032755 0.0482426 0.0305603 0.00510047 -0.0229532 0.0913209 0.00345909 0.00304896
internal_weight=10556.4 10270.8 10047 9949.37 7627.04 4209.81 4053.52 2322.33 3417.23 198.694 142.014 37.6362 127.714 37.7922 4.94542 89.9214 35.5218 11.64 3218.54 2960.39 2160.14 536.203 800.248 1623.94 1313.64 799.376 470.718 32.6643 438.054 9.28246 2284.69 751.683 495.874 1533.01 139.057 328.658 51.4929 44.6494 586.298 7.01953 4.38246 579.278 514.263 433.261 329.643 156.289 213.95 122.943 34.0518 3.83896 499.423 16.3795 9.83361 255.809 86.4957 60.3783 47.327 169.313 56.6796 3.1609 3924.44 3865.76
internal_count=786086 505292 420618 408294 305139 43114 40543 103155 262025 15610 10483 5162 9938 1938 619 8000 2719 1122 246415 228192 158267 99944 69925 58323 41965 32742 19892 560 19332 964 97993 32005 27120 65988 14628 12850 1868 1214 50907 1358 549 49549 9223 7121 6021 2571 19018 11074 2731 406 98738 1921 712 4885 1265 1069 796 3620 5127 742 38800 38108
is_linear=0
shrinkage=0.05


Tree=64
num_leaves=63
num_cat=0
split_feature=36 17 25 40 17 54 24 23 41 37 28 31 39 49 43 47 50 44 42 0 48 47 46 39 33 49 53 38 24 27 46 17 51 2 35 22 50 16 42 40 55 45 39 49 43 48 49 49 29 13 29 48 43 53 48 17 3 47 47 54 49 49
split_gain=245.437 48.4682 33.2117 24.4992 31.9969 26.7109 27.2761 26.1216 29.9792 33.743 58.3989 34.653 40.7258 28.127 25.5252 27.4897 33.4143 38.416 38.0004 50.6686 29.3097 27.5245 31.0661 35.0248 24.6905 36.6533 23.9776 30.4291 24.1726 31.2185 23.9374 23.7588 23.7551 23.3462 23.0198 23.0996 21.2343 20.7704 26.1162 20.6858 28.6413 23.4893 26.356 22.0211 30.5022 20.6159 44.6133 72.3056 36.4055 27.6024 34.8443 43.1447 34.1623 25.7558 25.2645 23.8344 31.8706 25.1143 31.4889 22.5535 21.472 54.8328
threshold=283.82353210449224 -34.913860321044915 8.6454877853393572 1.254905700683594 -13.95042037963867 0.78656607866287243 27.88590240478516 -41.404027938842766 1.5613617300987246 281.03123474121099 -0.73638629913330067 -0.23926734924316403 -45.597677230834954 257.70365905761724 -7.2629013061523429 -2.6776723861694331 129.50785064697268 2.6275386810302739 24.786605834960941 266.23768615722662 0.086114823818206801 1.0084607601165774 4.8778467178344735 -35.043575286865227 6.5858840942382821 258.38572692871099 1089.1666564941409 -36.941184997558587 -0.070574760437011705 -1.8657779693603513 2.3853025436401372 -21.517942428588864 105.06754302978517 267.81488037109381 25.902493476867679 -33.656162261962884 14.287586688995363 -20.918603897094723 10.569992065429689 -1.1764755249023435 0.98296290636062633 0.41551017761230474 -39.650695800781243 272.63078308105474 -3.6650924682617183 0.33827388286590582 276.94873046875006 276.75975036621099 3.7707633972167973 0.66212463378906261 23.727355957031254 0.97297734022140514 -7.6448287963867179 16.708333015441898 0.9702095389366151 -8.1291046142578107 251.79326629638675 -3.0682443380355831 0.70068573951721203 -0.91597560048103321 275.32183837890631 273.86521911621099
decision_type=2 2 2 2 2 2 2 2 2 2 2 2 2 2 2 2 2 2 2 2 2 2 2 2 2 2 2 2 2 2 2 2 2 2 2 2 2 2 2 2 2 2 2 2 2 2 2 2 2 2 2 2 2 2 2 2 2 2 2 2 2 2
left_child=1 2 26 7 5 6 14 8 9 10 -3 12 -11 -9 -5 24 18 21 20 -20 -17 -18 23 -23 25 -16 28 -28 29 -1 33 -2 45 -4 -22 -36 -21 -27 -39 40 -15 -41 -43 -42 -45 46 47 48 -6 50 54 52 -52 59 55 56 -47 -58 -59 -50 61 -55
right_child=31 3 30 4 32 -7 -8 13 -10 11 -12 -13 -14 39 15 16 17 -19 19 36 34 22 -24 -25 -26 37 27 -29 -30 -31 -32 -33 -34 -35 35 -37 -38 38 -40 41 43 42 -44 44 -46 49 -48 -49 53 -51 51 -53 -54 60 -56 -57 57 58 -60 -61 -62 -63
leaf_value=-0.028663226789778135 -0.046700621379038187 0.038950363143971822 0.15988021387963522 -0.034707094123426319 0.011145474755236794 -0.031652351894019222 -0.040740046091581772 0.025543895968566255 0.01086596689481641 0.20637385190116728 0.21099751365045905 -0.010570202971601793 0.0050118730202376276 -0.0043242998023733633 0.25645975037188212 -0.023441272677366714 0.01236417750109405 0.21990080295999703 0.21322904361501341 0.10796930565207255 0.0027962961143845107 0.044960203102128435 -0.00035946636747102314 0.27396270947841711 -0.029467588816208274 -0.01782137602478789 0.059899010436091076 -0.042958868112197596 -0.030507081596899258 0.02348458349077397 -0.014574988040870568 0.043692177025713846 -0.022351385867675985 0.014985935334618726 0.11445557511458265 -0.019962928941623877 -0.0012572896113823226 -0.014340838605085266 0.20403294827031271 0.00092926423536462922 -0.014907055750343057 -0.013732444824440672 0.017574125262949752 0.091898552557143437 0.01880406561299422 -0.012892856622635632 -0.021328708096922583 0.094113024636507711 0.011615067049176061 0.029503596818005642 -0.040023660030746373 0.039417488553857148 -0.0033468453713614019 -0.0013409537987152582 -0.040077780609302047 0.011761318359373728 -0.032538784731514232 0.070197216404873822 -0.013907468703614612 -0.021213636959325082 -0.025550700939576638 0.039207047533050536
leaf_weight=59.607119380030781 298.32915758778108 12.754910486983137 2.8450233621988437 57.342332696076483 590.84887435939163 111.38936099782586 50.795659850118682 150.4757051744964 123.25580277154222 4.8008456504903734 8.0422179182060045 22.485055574332364 5.2647291843313706 1012.6415220015915 1.6158037729328523 119.22879904648289 36.734183389111422 2.9260589068289837 4.4347381927073029 6.102944286074492 281.75157609721646 3.0645790942944586 4.4648943289648741 3.6682983790524286 112.86038326809648 16.750523973372772 19.763985896832313 11.302374465507453 301.05309554107953 55.350110997678712 99.724474372691475 7.4509161307942113 102.08999253157526 121.74577406491153 9.2770006232894939 4.8760666199959806 16.424579936778173 2.7509245057590261 2.7257710108533502 690.31738568423316 27.557929425034672 75.745570333325304 597.83043211104814 19.112880864180624 56.357630888582207 224.92993214237504 246.0479704788886 20.651260885875672 63.933748527197167 110.76937432773411 68.591655720025301 55.240334159694612 853.5767504456453 1557.8951870014425 26.555677189026028 1407.0384390389081 13.966844046721233 34.587190861464478 16.408853006316349 287.94152941089123 80.930920464918017 88.090515020769089
leaf_count=13893 304515 407 397 10514 8674 20260 6950 1415 11714 323 278 2246 431 28673 154 16892 2738 232 123 300 29282 269 330 189 16289 2564 984 574 103130 7943 19524 986 3546 21401 529 569 860 277 127 16119 633 4697 12341 217 1594 14340 7107 228 1569 598 2458 612 12054 26274 1569 31652 743 1345 829 5851 1229 1352
internal_value=-0.00036059 0.000965531 -0.0120179 0.00188254 0.000239573 -0.00883007 -0.00538446 0.00580419 0.0244189 0.055732 0.105481 0.0239468 0.101053 0.00455424 -0.00277032 0.000138133 0.00563974 0.0440203 0.0012245 0.0587449 -0.00251136 0.0332835 0.101909 0.169728 -0.0197007 0.0265305 -0.019895 0.0224779 -0.0230593 -0.00355487 0.00368167 -0.044498 0.0015561 0.0182946 0.00592192 0.0681452 0.0283333 0.00981585 0.0943446 0.00328045 -0.00176896 0.00741089 0.0140536 0.0233469 0.0373152 0.00198072 -0.000949438 0.000914404 0.000193457 0.0050408 0.00403753 -0.0035038 -0.0060749 -0.0029194 0.00831431 0.00907161 -0.00398332 0.0268654 0.0431351 -0.0152488 -0.000407164 0.00082911
internal_weight=10483.1 10177.3 671.392 9505.92 6699.28 849.184 737.795 2806.64 176.604 53.3478 20.7971 32.5506 10.0656 2630.04 686.999 629.657 492.954 50.858 442.096 26.9623 415.133 47.932 11.1978 6.73288 136.703 23.843 447.077 31.0664 416.01 114.957 224.315 305.78 5850.1 124.591 295.905 14.1531 22.5275 22.2272 5.4767 2479.56 1115.67 1363.89 673.576 103.028 75.4705 5748.01 2936.34 2690.29 2669.64 2811.67 2700.9 977.409 922.168 2078.79 1723.49 1696.93 289.893 64.9629 50.996 351.875 1726.92 1645.99
internal_count=785913 480412 167846 312566 231478 109448 89188 81088 15399 3685 685 3000 754 65689 82238 71724 52313 3758 48555 1283 47272 3526 788 458 19411 3122 126524 1558 124966 21836 41322 305501 122030 21798 30380 1098 1160 2968 404 64274 31117 33157 17038 2444 1811 118484 52284 45177 44949 66200 65602 15124 14512 36275 50478 48909 17257 2917 2174 7420 28855 27626
is_linear=0
shrinkage=0.05


Tree=65
num_leaves=63
num_cat=0
split_feature=36 17 50 54 41 49 49 49 29 29 26 49 3 47 36 52 29 49 52 49 31 51 49 48 49 54 22 44 48 49 27 15 34 51 49 36 29 25 17 52 37 46 54 49 3 5 44 46 39 37 39 49 49 46 14 25 49 51 49 54 49 40
split_gain=238.061 41.3985 35.6829 30.4846 30.1382 29.6176 24.5508 38.4234 27.1685 86.6781 24.047 31.9082 25.8219 76.836 23.3495 20.9942 23.5015 27.176 32.7095 28.5845 23.4242 20.7966 20.6987 41.6822 40.9047 35.7687 39.4091 22.0297 21.6416 23.2964 20.2487 20.1826 22.8687 24.473 20.907 25.96 19.6154 19.5499 19.0184 25.5975 18.9916 18.9806 18.9331 52.1803 18.7058 32.4824 52.581 22.0023 21.5163 22.9096 37.2911 23.3261 33.4311 21.2535 21.0728 20.8772 20.7912 36.559 44.5441 37.8643 36.17 35.6867
threshold=285.00000000000006 -21.121566772460934 94.038017272949233 1.0000000180025095e-35 -0.62865552306175221 267.04945373535162 289.56823730468756 289.84396362304693 0.93152523040771495 4.3521080017089853 -1.3923263549804685 276.94873046875006 279.03729248046881 0.26815223693847662 197.94117736816409 39.807723999023445 1.4647464752197268 259.72676086425787 7.6947641372680673 259.93206787109381 2.0936192274093632 26.465111732482914 277.45671081542974 0.80511206388473522 287.98866271972662 -0.6035533845424651 -18.531819343566891 -0.59937286376953114 0.8111555576324464 273.45858764648443 1.9961919784545901 -6.8638610839843741 4.4616963863372812 46.128787994384773 274.13537597656256 219.11765289306643 16.001280784606937 16.232443809509281 -51.409231185913079 14.06256675720215 282.24038696289068 1.0486955642700198 -0.7865660786628722 280.31988525390631 258.24388122558599 231.42743682861331 -4.3761272430419913 1.3129453659057619 -38.600580215454094 242.34204864501956 -17.941901206970211 265.70214843750006 268.59339904785162 1.8575067520141604 1.0000000180025095e-35 6.7655887603759775 255.59030914306643 30.910787582397464 263.06666564941412 -0.37940952181816096 270.26141357421881 28.66666412353516
decision_type=2 2 2 2 2 2 2 2 2 2 2 2 2 2 2 2 2 2 2 2 2 2 2 2 2 2 2 2 2 2 2 2 2 2 2 2 2 2 2 2 2 2 2 2 2 2 2 2 2 2 2 2 2 2 2 2 2 2 2 2 2 2
left_child=1 2 3 5 10 -1 36 8 -8 -10 -5 12 -12 -14 -3 16 17 18 -16 -19 -20 -17 25 42 27 -23 -27 -25 29 -28 -18 32 33 -21 -33 -36 37 -7 39 -4 -38 -35 43 -24 45 48 -47 -46 -32 56 51 54 -53 -54 -51 -55 -50 59 61 -58 -60 -59
right_child=-2 14 38 4 -6 6 7 -9 9 -11 11 -13 13 -15 15 21 30 19 20 31 -22 22 23 24 -26 26 28 -29 -30 -31 44 34 -34 41 35 -37 40 -39 -40 -41 -42 -43 -44 -45 47 46 -48 -49 49 50 -52 52 53 55 -56 -57 57 58 60 -61 -62 -63
leaf_value=-0.035098515887009685 -0.047597051295335029 0.032159464574630071 0.18099280451123997 -0.011904117061063896 -0.022731524278479815 -0.0033815036515704778 0.06487813941256311 0.018751058727925884 0.62886263772808082 -0.006211635707619987 0.044353778293124618 -0.023569327286068895 0.48603483054659136 0.052448462396393516 -0.012097353042819775 0.055443509773200783 -0.027505662822771716 -0.045495625314390484 0.0062450847587461169 0.0051960295692686544 0.063322080004344264 -0.035228274375967782 0.15767321669990753 0.071918791074882818 -0.035829175113898777 -0.034898947083467996 0.01826917384231708 0.19936693416076529 -0.028711262721917315 -0.036566987499577257 -0.019071271333087416 0.036454445103653192 -0.015585679765761416 0.0097352861994176795 0.045407196435537693 -0.0062430841805358418 0.03046938039942064 -0.041326688262730768 0.0056424358981005821 -0.050125127752359659 -0.051569405987293288 0.070030631890991485 -0.01723979583709051 -0.0083270605827522846 -0.0077255326124180792 0.0065149166762229361 -0.014354053256061245 0.029140097736430327 0.0090479860883541149 -0.013793170898925866 0.029349412923167058 0.034898552459505273 -0.014345020753881728 0.044918751098492346 0.038567190921182493 0.0060046373446932802 -0.011901390015381196 0.028602720568988851 -0.020608509068736236 0.0015194785659036279 0.012230385379490593 -0.0054708138716538547
leaf_weight=64.884261677623726 259.44030152825871 65.248902678489685 3.4623555196449152 70.590991141274571 534.4534373866627 494.93228465679567 3.0117743926821268 51.19154317129869 1.0296112036448906 1.1236109008896162 21.503776400815699 14.495595262851564 1.394567985786124 3.8222587658674456 31.563166931038722 13.001505348132921 59.257415721658617 25.707765834406018 25.06518234917894 732.93718129571062 63.552374321501702 131.76968168397434 6.3347117952071157 8.7137106682639569 5.8147297315299502 78.938671270851046 179.90527603356168 5.5503747262991974 38.129752745386213 21.705200539436191 106.253408446908 112.23208779003471 123.5960569945164 25.483625729684718 32.632734272629023 95.58858604170382 65.353984992485493 36.444169586175121 408.00439212447964 1.8319166807341387 7.9080705477972506 26.756019413238391 67.758311512880027 18.734671944286674 59.277988969930448 510.50897485134192 738.40928063588217 127.58093474502675 831.14162473240867 191.65516637451947 208.62137505924329 114.88409882644191 110.59674674272537 40.104171034879982 21.356992954388261 245.18180776154622 782.67180051701143 322.74015067471191 164.78989312564954 1599.6937222606502 170.72180496761575 100.85885622026399
leaf_count=13123 280481 388 468 11229 125137 89092 330 8206 244 257 758 1837 131 692 376 303 1057 372 292 12684 667 4348 262 382 165 4227 2799 143 1452 385 2983 662 4604 448 174 683 2208 5086 45526 973 1360 427 2237 726 4895 24813 50523 8311 5597 6005 3734 2191 2136 356 135 4738 12776 3667 2661 19401 1757 836
internal_value=-0.000297621 0.000902107 -0.00601515 -0.00989451 -0.0177929 -0.00286245 0.000301889 0.031865 0.16184 0.297463 0.00581429 0.0361606 0.0685633 0.168355 0.00236489 0.00213284 0.00281316 0.00896415 0.0316105 0.00664772 0.047178 -0.00707582 -0.00851869 0.0106245 0.0759459 -0.013317 -0.00425696 0.121511 0.00583245 0.0123656 0.00158878 0.00781414 0.00440579 0.00755269 0.0206957 0.00690208 -0.00264001 -0.00598395 0.00686422 0.101022 0.0216139 0.0406173 -0.00350466 0.0336191 0.0018562 0.00139089 -0.00582363 0.0174451 0.0031889 0.00367111 0.0107245 0.00535603 0.0111527 0.00426173 -0.00854342 0.011475 0.00201564 0.000155088 0.00971055 -0.00288964 -0.00389876 0.0204898
internal_weight=10487.9 10228.5 1785.44 1372.14 646.261 725.879 660.995 56.3565 5.165 2.15322 111.807 41.2162 26.7206 5.21683 8443.03 8377.78 7801.42 1295.11 120.181 1174.93 88.6176 576.357 563.355 112.907 20.0788 450.449 318.679 14.2641 239.74 201.61 6506.31 1149.23 908.773 785.177 240.453 128.221 604.639 531.376 413.299 5.29427 73.2621 52.2396 92.8277 25.0694 6447.05 6260.19 1248.92 186.859 5011.27 4905.02 932.4 723.779 510.767 395.883 213.012 285.286 3972.62 3141.48 759.111 2382.37 335.512 423.599
internal_count=784916 504435 306657 259690 139784 119906 106783 9037 831 501 14647 3418 1581 823 197778 197390 179961 21389 1335 20054 959 17429 17126 3915 690 13211 8863 525 4636 3184 158572 19682 18163 13559 1519 857 97746 94178 46967 1441 3568 875 3225 988 157515 144309 75336 13206 68973 65990 19295 15561 9421 7230 6140 5094 46695 41098 8921 32177 4418 4503
is_linear=0
shrinkage=0.05


Tree=66
num_leaves=63
num_cat=0
split_feature=2 38 53 11 0 23 5 47 29 29 48 40 48 39 54 35 31 48 22 49 46 29 22 4 49 11 49 49 53 4 38 36 54 30 42 38 48 1 43 41 49 48 51 32 11 53 5 54 23 48 54 41 49 33 38 48 29 39 48 23 34 42
split_gain=215.15 41.1742 31.3532 29.3383 27.9081 27.4848 28.6579 31.7846 33.3582 40.1561 24.6907 23.1821 28.1226 49.0627 33.8078 30.489 27.6652 27.1406 25.1179 31.0893 29.365 34.4893 28.1055 25.7523 25.7 24.7932 24.7701 35.6271 35.5097 30.5026 28.3456 43.0508 25.9552 24.0105 22.6557 27.2672 43.4271 26.3037 21.4518 25.3185 21.3208 25.4191 27.5105 23.8141 21.1883 31.7982 20.5748 33.996 39.0053 28.798 34.2763 40.2895 33.1408 29.259 29.8514 27.5358 25.3464 36.1463 23.9406 24.6426 31.9566 27.7422
threshold=288.20547485351568 -36.764709472656243 1089.1666564941409 289.37577819824224 285.16673278808599 -48.806608200073235 281.38145446777349 0.022125408053398136 3.6545486450195317 5.6151332855224618 -0.55223670601844776 1.254905700683594 -0.071447014808654771 -28.762531280517575 -0.37940952181816096 11.316497325897219 14.590245723724367 -0.69827961921691883 -44.46613693237304 285.39907836914068 1.6814026832580569 -0.90242671966552723 -46.902179718017571 263.89553833007818 257.70365905761724 285.93666076660162 274.91055297851568 271.22605895996099 201.75000000000003 221.17986297607425 -10.352943420410154 240.29412078857425 0.78656607866287243 1.9933519363403323 5.6750793457031259 -6.9411697387695304 -0.38575345277786249 247.85386657714847 2.2233505249023442 4.518761634826661 289.56823730468756 0.062224745750427253 17.234898567199711 12.958574295043947 290.12712097167974 193.77777862548831 229.60315704345706 0.12940952181816109 -12.714762687683104 0.96214216947555553 -0.7865660786628722 20.04865646362305 259.31796264648443 10.746051311492922 -3.8823471069335933 -0.038633346557617181 23.727355957031254 -4.3369648456573477 0.97297734022140514 -1.2585433125495908 38.072359085083015 -1.1963729858398435
decision_type=2 2 2 2 2 2 2 2 2 2 2 2 2 2 2 2 2 2 2 2 2 2 2 2 2 2 2 2 2 2 2 2 2 2 2 2 2 2 2 2 2 2 2 2 2 2 2 2 2 2 2 2 2 2 2 2 2 2 2 2 2 2
left_child=1 2 -1 4 11 6 44 8 -8 -10 -4 17 13 -13 15 -15 26 -3 19 22 21 -21 -19 -23 -20 -24 27 28 32 -28 31 -30 38 -25 35 36 -29 -36 39 -16 -6 -42 43 -43 45 -5 56 48 49 50 51 52 55 -54 -55 -48 -14 -58 59 -59 -61 -62
right_child=-2 3 10 5 40 -7 7 -9 9 -11 -12 12 46 14 16 -17 -18 18 24 20 -22 23 25 33 -26 -27 29 34 30 -31 -32 -33 -34 -35 37 -37 -38 -39 -40 -41 41 42 -44 -45 -46 -47 47 -49 -50 -51 -52 -53 53 54 -56 -57 57 58 -60 60 61 -63
leaf_value=-0.018349988236987247 -0.041933798891168508 -0.023258698503660035 0.13679847899252137 0.17088688391973272 -0.019479029980410668 -0.0075711697266231115 -0.0049647758950004776 0.34401929924217328 0.28794515504420176 0.01543167949368931 0.014571329460314251 -0.029420548492819207 0.0079110021449211986 -0.0086949275269197351 -0.046111406829472436 -0.050062996352091618 -0.018089176390677256 -0.032812850568379258 0.026108118558601248 -0.0028723682598736904 -0.036777271737309131 0.073874160462186964 0.032846953062543635 0.32557570648325679 0.0045999996636279916 0.20561793303078738 0.013126485988139539 0.002974006611757955 0.16331487222167904 -0.0418455219537976 0.014264311037138057 0.0068806202592633431 -0.027032477420592022 0.13168434057296211 0.078566008171214896 -0.0010762116104916411 0.10280760122042741 0.011384270788658953 -0.012695830209538917 0.019272456553823383 -0.035700568711979672 0.14565816665941902 -0.0057967332700671025 -0.0080553710481339087 -0.012906037595510053 -0.019790354053152923 -0.030467082068243945 -0.013377441514542463 -0.021432421702246213 -0.031578077541234893 0.019020340296168076 -0.027591879248464277 0.015145169851103686 -0.023347327488586193 0.12067090768494676 0.043401702225006694 -0.020611403674789849 -0.0064634098855989976 0.03789073163685916 0.031510589049680911 -0.034589838188028015 0.0070254769810442598
leaf_weight=383.84574916108977 300.90841009339783 78.398770130821504 4.9251007116981809 5.1441692369990104 242.97157502773916 19.419858368579298 4.3800271006766689 1.5185205355519418 3.3814080936135724 2.2521799959940836 25.651247756497469 185.32059421390295 2053.874677659478 492.35707685118541 16.288669636240229 48.970223198179156 136.94934291974641 18.306082254741341 147.17785443272442 3.8591202027164409 3.4890292168129227 4.0883899014443159 28.772584196878601 3.398094947449863 2466.1090791824972 2.2380082195159039 45.640302577987313 24.354593329597265 8.2918317730072904 56.440063561080024 200.79972782032564 9.3655439966823888 103.10812530247495 3.0119804178830236 38.015563164371997 82.644198793917894 19.707476358860731 23.623856412246823 142.19168927217834 162.65461612865329 12.521412232832516 9.0670455729123223 10.836567315272985 3.4893926957738577 11.424632304231634 3.8028312434908003 14.894209550227968 490.27248426433653 146.01263586059213 47.300498820841312 407.57022070675157 108.13701705820858 122.30144099937752 123.04335861140862 3.7064530127681783 82.472289734985679 199.73638034285977 529.5713037988171 45.922217631712556 120.1039530839771 45.878440376371145 315.09138064831495
leaf_count=139220 296077 5215 402 540 35873 3091 831 200 271 255 1467 23781 33573 8036 249 2271 4010 2374 1423 182 360 96 2718 109 65928 103 325 795 271 2666 2250 628 2781 359 418 644 214 938 3082 3082 1391 381 962 343 1176 249 521 50948 5729 6077 24899 8330 8087 12341 75 2239 6613 5382 385 653 268 1662
internal_value=-0.000267675 0.000966824 -0.0144685 0.00162346 0.00142377 0.039327 0.0678739 0.130858 0.0985328 0.179 0.0342591 0.00188567 0.000287636 -0.00505672 -0.00225474 -0.0124372 0.00289635 0.00573912 0.00658726 0.0367788 0.0933282 0.124945 0.0163148 0.171929 0.00581132 0.0453157 0.00597627 0.00883138 0.00322707 -0.0172674 0.0196052 0.0803415 -0.00520656 0.23447 0.0279552 0.01586 0.0476262 0.052818 0.00180117 0.0133208 -0.0141639 0.0217947 0.0525697 0.102942 0.0322196 0.0898415 0.0022651 -0.00249774 0.00255611 0.00640758 0.00849167 -0.00094872 0.00736815 -0.00230152 -0.0191359 0.032102 0.00448913 -0.00110512 0.0025824 0.000978038 0.00916967 0.00173627
internal_weight=10457 10156.1 414.422 9741.67 9690.35 51.3236 31.9038 11.5321 10.0136 5.63359 30.5763 9411.46 6652.61 1796.72 1611.4 541.327 1070.08 2758.85 2680.45 67.1633 17.8466 14.3576 49.3167 10.4985 2613.29 31.0106 933.126 831.046 642.7 102.08 218.457 17.6574 424.243 6.41008 188.346 126.706 44.0621 61.6394 321.135 178.943 278.886 35.9144 23.393 12.5564 20.3716 8.947 4855.89 1545.71 1055.44 909.425 862.125 454.555 346.418 249.051 126.75 97.3665 3310.18 1256.3 1056.57 1010.65 481.074 360.97
internal_count=785819 489742 141089 348653 342040 6613 3522 1557 1357 526 1869 303090 224223 56441 32660 10307 22353 78867 73652 6301 1106 746 5195 564 67351 2821 18343 15352 12343 2991 3149 899 9194 468 3009 1653 1009 1356 6413 3331 38950 3077 1686 724 1965 789 167782 119246 68298 62569 56492 31593 23263 20503 12416 2760 48536 14963 8350 7965 2583 1930
is_linear=0
shrinkage=0.05


Tree=67
num_leaves=63
num_cat=0
split_feature=36 0 42 5 44 49 44 48 54 54 25 49 43 49 52 40 49 49 49 54 39 48 49 39 38 31 43 38 40 48 51 49 55 48 48 49 45 49 37 40 49 49 51 20 29 40 29 22 55 38 36 40 41 53 17 48 29 40 49 44 42 43
split_gain=205.336 49.6067 28.9399 43.515 30.9884 28.9373 40.0636 26.5968 25.5845 22.703 22.2552 28.2478 24.4166 21.881 27.832 26.0886 23.9372 21.5145 21.1821 42.9677 40.1121 35.059 41.7221 36.211 34.878 25.619 21.1297 20.3211 20.0749 25.9763 28.4846 19.6936 32.5129 26.4956 22.4793 22.0944 19.1095 18.7419 27.0159 25.9832 24.7981 26.5152 45.4537 33.4359 26.526 23.9203 23.363 25.6361 21.997 18.9002 20.8991 18.6744 18.4072 18.1997 28.5507 18.1836 88.4858 20.8516 17.8079 19.3464 30.9021 18.4566
threshold=285.00000000000006 283.61671447753912 5.2663574218750009 221.87969207763675 -0.9297199249267577 288.40032958984381 -3.4604015350341792 0.95832794904708873 1.0000000180025095e-35 -0.37940952181816096 2.1011276245117192 286.41694641113287 -0.31960296630859369 271.86802673339849 6.5096926689147958 -0.72549438476562489 276.94873046875006 288.83427429199224 260.66418457031256 0.78656607866287243 -21.148875236511227 0.96036875247955333 259.51712036132818 -10.12708806991577 -7.3529434204101554 3.6286973953247075 1.6216888427734377 -5.3529434204101554 11.980407714843752 -0.038633346557617181 17.828623771667484 267.04945373535162 0.91597560048103344 -0.42335101962089533 -0.40797063708305353 261.63801574707037 9.6741275787353533 268.59339904785162 243.21714019775393 12.823524475097658 270.49778747558599 272.51168823242193 50.562639236450202 -33.557510375976555 14.724085807800295 15.215675354003908 11.706718444824221 -10.346901416778563 0.37940952181816107 -13.882347106933592 252.64705657958987 -1.5490112304687498 4.1989862918853769 248.08332824707034 -8.8059463500976545 0.67931437492370617 13.884313583374025 13.588233947753908 280.76860046386724 -1.163093566894531 0.36287689208984381 -3.3036117553710933
decision_type=2 2 2 2 2 2 2 2 2 2 2 2 2 2 2 2 2 2 2 2 2 2 2 2 2 2 2 2 2 2 2 2 2 2 2 2 2 2 2 2 2 2 2 2 2 2 2 2 2 2 2 2 2 2 2 2 2 2 2 2 2 2
left_child=1 2 3 27 7 10 17 -4 -8 -3 11 12 13 14 15 -5 -15 -7 19 20 -12 24 -23 -24 25 -22 31 -1 29 -27 -31 32 -20 52 -35 -34 37 38 -36 -40 -39 43 -43 -42 46 -41 49 -48 -44 50 -45 -14 -33 -37 -55 -26 -57 -58 -18 60 -60 -62
right_child=-2 9 4 5 -6 6 8 -9 -10 -11 18 -13 51 16 -16 -17 58 -19 26 -21 21 22 23 -25 55 28 -28 -29 -30 30 -32 33 35 34 36 53 -38 40 39 45 41 42 48 44 -46 -47 47 -49 -50 -51 -52 -53 -54 54 -56 56 57 -59 59 -61 61 -63
leaf_value=0.0163120659274778 -0.046771354184665305 -0.0026077469308197557 0.0047462727751067255 0.0085841962225615253 0.026886510192391334 0.14541991773701715 0.029179040453801326 -0.025794366383417956 -0.018511552072561957 -0.020229669807043021 -0.02635788524575515 -0.036899819479166034 -0.020835573114867553 0.036014077043031147 -0.02034161654322136 0.13585258882776333 -0.034751196881376289 0.041417736794392784 -0.030631559563237439 -0.036628888525722311 -0.037440866928776406 -0.05200745513833932 0.051233862483866771 0.22466916475562515 -0.0077884497819506017 0.027682341471315531 -0.023746699110029947 0.0019014985809649662 -0.0041871782245618081 0.04552083351658788 0.14223990407236048 -0.002580024289088852 0.13653429031759898 0.066983738606561788 -0.025857211184257718 -0.020109561701558084 -0.020961105373935196 -0.024194257229428282 0.014013461291769377 0.1380718344151296 -0.042186963886615726 -0.014443514005458832 0.035282580291339481 0.14536494217496118 -0.019618563856556925 0.037691144128145254 0.042107468286288197 0.18977714016118369 -0.042758546967678883 0.021760457832020859 0.020637314223801821 0.0085765663785861545 -0.036087035948459925 0.15476111088418165 -0.011284054724472501 0.13752486869419564 0.068337741618286416 -0.017408197695776322 0.18584500136237339 -0.0015711108275802384 0.099182211946894167 -0.011002154397420544
leaf_weight=264.60967775480822 238.50295069103595 331.64949391345726 2822.3374983239919 13.084157477016563 155.50579322176054 7.9683012943714884 56.82744700089097 73.134803850902244 55.673864930402488 407.16854107409017 93.529680902720429 42.418250251328573 118.38828010391444 135.13609386980534 72.828000550158322 5.8168642135569817 23.370211230940185 13.226965151028706 187.93456992413849 75.022412082646042 13.101102464832364 4.3472180520184365 6.7626282135024676 5.4229608653113219 262.12803552486002 60.67202720278874 298.48169781360775 3241.3591734641232 24.26925912220031 19.446010804735128 12.509538665879516 64.805105126579292 3.7764141510706386 11.480081684305331 24.838787673972547 19.690083187539134 131.87768419878557 117.7814459108049 52.509994042688049 9.5624179998412746 17.481545323971659 298.52226472180337 78.5508776048664 7.2315590882208181 19.677126646274701 15.644124004058538 6.392283626832068 5.4405142702162248 10.202051480417138 58.03091357415542 6.2707194159738719 99.1779665639624 111.52532351587433 4.6018870978150517 5.9181607011705619 13.211347573436795 8.229623834602533 51.205248563084751 3.7661301016341922 48.028890363057144 5.8286607747431889 10.922843621112403
leaf_count=4407 280459 69576 107601 582 1749 182 2533 5088 5544 113004 9300 4472 8104 3645 3437 155 1442 601 20194 3959 222 388 224 237 4064 1194 16709 28086 1829 337 253 3778 138 365 997 1520 8398 8762 3987 367 2322 25087 3780 327 1178 699 379 71 634 936 630 4762 9665 325 155 163 211 2842 192 2500 143 843
internal_value=-0.000909711 0.000159897 0.00113169 -0.000769551 0.00514265 -0.00526625 0.0174585 0.00397487 0.00557825 -0.0123193 -0.00635255 0.00237894 0.00548538 0.0142987 -0.00631083 0.0477515 0.0226249 0.0805171 -0.00863086 -0.00104052 0.00360416 0.00942654 0.080976 0.128418 0.0068814 0.0288617 -0.0117762 0.00298912 0.0362925 0.0468985 0.0833831 -0.0089623 -0.022493 -0.00609661 -0.00252023 0.0225108 -0.00344801 -0.0002761 0.0195361 0.0340441 -0.00352403 0.00127031 -0.0051035 0.0217509 0.0325982 0.0757718 0.044923 0.110003 0.0263118 0.0341576 0.087439 -0.007428 -0.0237725 0.00825728 0.0613507 -0.00165389 0.0204813 -0.00553542 0.00294005 0.0157905 0.0564315 0.0273363
internal_weight=10464.8 10226.3 9487.49 6436.52 3050.98 2930.55 133.697 2895.47 112.501 738.818 2796.85 578.766 536.348 318.782 91.729 18.901 227.053 21.1953 2218.08 649.857 574.835 481.305 16.5328 12.1856 464.772 129.998 1568.23 3505.97 116.897 92.6276 31.9555 1269.75 221.921 1047.82 871.494 33.9865 860.014 728.137 102.555 77.7165 625.581 507.8 387.275 120.525 103.043 25.2065 83.366 11.8328 88.7529 71.5332 13.5023 217.566 176.33 30.2101 10.52 334.774 72.6462 59.4349 91.9167 68.5465 20.5176 16.7515
internal_count=785733 505274 322694 208256 114438 175763 8860 112689 8077 182580 166903 30277 25805 12939 4174 737 8765 783 136626 25223 21264 11964 849 461 11115 3835 111403 32493 3613 1784 590 94694 22332 72362 58919 2138 58554 50156 6050 5053 44106 35344 29501 5843 3521 1066 2343 450 4414 1893 957 12866 13443 2000 480 7280 3216 3053 5120 3678 1178 986
is_linear=0
shrinkage=0.05


Tree=68
num_leaves=63
num_cat=0
split_feature=36 38 50 52 1 48 23 26 48 38 52 48 43 53 40 18 42 44 42 5 11 55 48 23 45 38 5 31 2 38 31 52 26 45 47 16 47 48 36 42 52 43 13 42 46 48 25 50 9 2 14 44 43 52 50 36 33 37 50 26 34 26
split_gain=197.093 38.017 41.1253 26.7427 30.9706 26.4102 32.6655 40.5979 27.0761 23.2657 20.435 19.9791 24.6118 33.645 19.3069 18.839 21.2627 43.5205 27.0982 24.3946 35.9624 23.6795 22.7777 20.8418 22.3473 20.2115 20.1504 28.8888 31.4427 20.4572 33.0146 22.7434 33.7351 22.061 19.9971 20.7253 19.9133 22.0488 19.5713 19.164 19.3534 19.3359 19.1363 28.4034 31.3793 18.9858 29.4796 22.1725 38.7869 19.6186 25.3949 34.5432 18.7046 17.9374 24.2824 17.6519 17.3634 27.717 16.6748 16.6601 21.773 16.6512
threshold=285.00000000000006 -36.764709472656243 94.860118865966811 4.3194870948791513 284.77616882324224 0.95832794904708873 -13.333340644836424 19.332517623901371 0.97297734022140514 -44.117637634277337 9.6710696220397967 -0.69827961921691883 2.5110626220703129 812.47619628906261 23.627441406250004 -51.468587875366204 1.9255371093750002 -0.76698875427246083 4.2739639282226571 234.2858810424805 249.24268341064456 -0.7865660786628722 -0.51488128304481495 -47.796451568603509 -4.7765202522277823 -7.8235244750976554 275.48937988281256 2.8180803060531621 268.34330749511724 -34.882354736328118 -0.66114744544029225 6.0592322349548349 -0.28401279449462885 3.1584444046020512 3.923662662506104 1.1284790039062502 -1.3914008140563963 -0.53677642345428456 238.529411315918 8.7295074462890643 24.95924282073975 10.504272460937502 -18.511257171630856 15.213485717773439 2.8155307769775395 -0.5924580693244933 0.87686729431152355 37.312255859375007 288.64350891113287 288.12568664550787 -42.619331359863274 -10.868196487426756 -12.155555725097654 7.4514698982238778 106.65961074829103 257.35295104980474 0.88397294282913219 272.77050781250006 189.46730041503909 10.455090522766115 15.177055835723879 7.0527992248535165
decision_type=2 2 2 2 2 2 2 2 2 2 2 2 2 2 2 2 2 2 2 2 2 2 2 2 2 2 2 2 2 2 2 2 2 2 2 2 2 2 2 2 2 2 2 2 2 2 2 2 2 2 2 2 2 2 2 2 2 2 2 2 2 2
left_child=1 2 -1 4 -4 11 -7 -8 10 -6 -9 12 -3 -14 -10 56 19 23 58 22 -21 -20 36 24 -18 34 27 29 38 30 -22 32 -31 55 53 -36 61 52 -29 -25 42 -42 -41 -44 -45 46 -26 48 -47 50 51 -50 -38 54 -24 -34 57 -13 -19 -49 -61 -17
right_child=-2 5 3 -5 9 6 7 8 14 -11 -12 15 13 -15 -16 16 17 18 21 20 26 -23 25 39 45 -27 -28 28 -30 31 -32 -33 33 -35 35 -37 37 -39 -40 40 41 -43 43 44 -46 47 -48 59 49 -51 -52 -53 -54 -55 -56 -57 -58 -59 -60 60 -62 -63
leaf_value=-0.023241551933887564 -0.046168720461994384 -0.035565193408850844 0.019849017084595508 -0.00084114476294263772 0.25365090735342827 -0.037776180872651145 0.093322029145665258 0.0072451954865647324 -0.026491986287157099 0.074606140678933813 -0.037222433748353011 0.25743614610250337 -0.0034076243808757478 0.14295821049351981 0.036420680514155555 0.021197369774415973 -0.030470241416637723 0.0080887690824462313 0.065688619876263149 -0.031681871077961082 0.18718196059503961 0.022086604630264767 -0.016054294415285008 -0.0010084963533911427 0.22395201177390739 -0.0013013510962871144 -0.028887436993301555 0.042963155761746197 0.014970399287082953 -0.01207428933062208 0.019578442253552431 0.0031247411714169521 0.10476072241269499 0.16795974189696997 -0.020669742075271731 0.055045266880771875 0.021315752092779857 0.036754399183177841 -0.020776974363406187 0.0042391540922099976 0.0023619310719183145 -0.023228013673630744 0.010749759742611099 0.025654202533816617 0.095188959880744883 0.028166827199807856 -0.024347283737337515 -0.011783848796360935 0.15345656682015321 0.022294828673113252 0.073259265630101753 0.46151807284983754 -0.015037328974522616 0.021126492972290203 0.085300928014607966 -0.020848813110635168 -0.023669189139997271 -0.00063020493047769976 0.054879075886422907 0.13439294285577597 -0.017238563082057064 0.082850430243424589
leaf_weight=309.55547695339192 227.62004774488742 74.680218696943484 16.847263492411006 88.972047547227703 2.8659342932514873 93.35160972585436 10.635352845303712 39.63447447353974 16.725494867190719 4.9451032704673672 74.211656583938748 1.4297756872838352 32.077569375745952 4.4738772721029809 45.019068041350693 27.133328872732818 14.592295389156787 695.86139984702459 36.922023963648826 135.16774203861132 4.3686024062335482 198.79408093809616 65.165826594922692 2426.6308642753283 3.1717369183897963 2547.1488569439389 68.851766360341571 12.643883134936912 101.42546871351078 12.81498597294558 8.97344449511729 165.35143854317721 6.7330344053916651 6.4705732995644203 74.668976512970403 10.282759897410868 58.832820198033005 54.144720956217498 253.40594313107431 901.76570306229405 301.34487382590305 97.768222700920887 403.58919452643022 71.127718866337091 21.01953703770414 22.017209217650819 1.9184215689310802 30.772072512307204 2.185969073325396 2.0675998122896999 2.3963942518457753 1.5589156281203029 88.777178106829524 284.39246058347635 6.4986413381993762 4.7844816115684807 98.744620570214465 3.821082174545154 19.57664048532024 5.0933225195622054 4.4235961072845384 18.36350980354473
leaf_count=123428 280579 7053 338 20301 210 11298 338 1066 471 408 2097 96 1961 64 413 307 3021 8061 464 7693 278 2227 2252 101527 156 31322 9721 674 8954 608 709 7503 141 166 3808 46 443 669 32119 49035 13190 3485 5868 678 271 3201 392 3802 291 703 141 233 1003 8848 120 348 19547 701 225 393 404 212
internal_value=-0.000152896 0.000874081 -0.013798 0.0119285 0.0580041 0.00150922 -0.013637 -0.00153648 -0.00728197 0.140299 -0.0217414 0.00195514 -0.019111 0.0145075 0.0193788 0.00220482 0.00244195 0.00453229 0.0142133 -0.000298022 -0.00822924 0.0289163 0.00161648 0.00239754 0.0261797 0.000409703 -0.00332072 -0.000269765 -0.00871734 0.014548 0.0744571 0.0104731 0.0499194 0.0940846 0.0102923 -0.011505 0.016201 0.00946273 -0.0177478 0.00188962 0.005804 -0.00390668 0.00857728 0.0164685 0.0415156 0.0371135 0.130371 0.0303817 0.0627514 0.155511 0.200362 0.281696 -0.000548105 0.0154929 -0.00686325 0.0525814 -0.0189579 0.0696396 0.0093691 0.00609687 0.0639125 0.0460819
internal_weight=10426.6 10199 423.186 113.63 24.6583 9775.8 279.578 186.226 175.591 7.81104 113.846 9496.23 111.232 36.5514 61.7446 9384.99 9281 5264.6 951.154 4016.4 780.991 235.716 3235.41 4313.44 90.1975 2988.16 645.824 576.972 367.475 209.497 13.342 196.155 30.8031 17.9881 441.009 84.9517 247.252 201.755 266.05 4223.25 1796.62 399.113 1397.5 495.736 92.1473 75.6052 5.09016 70.5151 30.2261 8.20888 6.14128 3.74488 147.61 356.057 71.6645 11.5175 103.995 5.25086 715.438 40.289 9.51692 45.4968
internal_count=786081 505502 144685 21257 956 360817 15683 4385 4047 618 3163 345134 9078 2025 884 336056 315712 197768 10977 117944 68914 2691 49030 186791 12737 46396 61221 51500 41747 9753 987 8766 1263 655 15074 3854 2634 2115 32793 174054 72527 16675 55852 6817 949 9716 548 9168 4569 1368 665 524 1446 11220 2372 489 20344 797 8286 4599 797 519
is_linear=0
shrinkage=0.05


Tree=69
num_leaves=63
num_cat=0
split_feature=2 11 6 3 44 42 44 5 50 49 43 6 2 45 3 51 9 36 53 38 47 49 51 10 48 17 49 5 51 23 54 41 48 31 46 40 35 49 53 50 48 53 41 45 36 49 29 13 54 49 35 41 47 49 51 41 46 13 48 48 48 48
split_gain=186.264 30.8253 38.4743 27.4243 25.9486 23.8894 56.6439 31.9122 23.6377 28.7886 26.7273 25.1508 27.3235 26.6142 39.8891 24.0275 21.9608 21.2665 20.7478 21.2634 20.3525 20.4218 20.16 23.7852 19.7969 19.5869 27.1509 18.7897 33.2072 18.0301 20.4917 27.5618 17.2289 17.1623 26.5113 26.1686 51.1438 37.048 20.8642 16.6836 16.2568 16.1561 26.2822 39.9021 15.8676 16.6377 37.7638 31.1975 31.1381 32.5482 35.8202 26.0155 24.5306 30.833 23.9431 22.6607 23.461 21.4685 19.4533 18.9654 26.4561 23.6479
threshold=288.20547485351568 290.33325195312506 283.61671447753912 283.54026794433599 -3.5763740539550777 4.1132049560546884 -0.71597671508789051 224.38174438476565 31.769190788269047 287.28868103027349 1.9735183715820315 291.65673828125006 287.03993225097662 -0.49720573425292963 287.16725158691412 9.3400387763977069 290.18258666992193 235.58823394775393 1089.1666564941409 -39.176475524902337 3.507806777954102 289.56823730468756 20.108238220214847 291.87484741210943 0.78795313835144054 -36.648218154907219 289.42092895507818 282.32180786132818 80.382499694824233 -44.224159240722649 -0.37940952181816096 -0.62865552306175221 0.96214216947555553 2.0472277402877812 0.37761020660400396 3.7843017578125004 9.9480543136596697 283.96293640136724 35.250000000000007 406.11505126953131 -0.60007590055465687 370.29167175292974 -0.97021767497062672 0.79480934143066417 197.94117736816409 255.32789611816409 31.354249954223636 0.66212463378906261 -1.0000000180025095e-35 257.70365905761724 8.3454699516296404 31.535222053527836 5.7071094512939462 263.43424987792974 30.910787582397464 39.171630859375007 3.4834289550781254 -1.3323326110839842 0.5143646001815797 -0.07752364873886107 -0.42335101962089533 -0.52717256546020497
decision_type=2 2 2 2 2 2 2 2 2 2 2 2 2 2 2 2 2 2 2 2 2 2 2 2 2 2 2 2 2 2 2 2 2 2 2 2 2 2 2 2 2 2 2 2 2 2 2 2 2 2 2 2 2 2 2 2 2 2 2 2 2 2
left_child=1 2 5 -3 8 7 32 17 11 10 16 12 15 14 -14 -5 -10 44 25 -20 27 -22 -18 -24 -8 39 29 40 -29 30 33 -32 -7 38 -35 -36 37 -37 -27 -4 -9 -42 43 -43 -1 55 48 -48 -47 51 59 57 53 54 -52 56 -46 -50 -58 60 61 -51
right_child=-2 3 18 4 -6 6 24 20 9 -11 -12 -13 13 -15 -16 -17 22 -19 19 -21 21 -23 23 -25 -26 26 -28 28 -30 -31 31 -33 -34 34 35 36 -38 -39 -40 -41 41 42 -44 -45 45 46 47 -49 49 50 52 -53 -54 -55 -56 -57 58 -59 -60 -61 -62 -63
leaf_value=0.028339226548394426 -0.041674638353100583 -0.0060169145554524461 -0.025844072575573158 0.2796911930748166 -0.016752601370190096 0.0032234557142227505 0.021399572269840291 -0.021574232597191163 0.27787014311102043 -0.039937039682581416 -0.050901659494573717 0.0059142446773165214 0.50285683899373113 0.5737784904532528 -0.050278088749658181 0.022816003525619206 -0.050659504908198996 0.020305002896308339 0.067032343144642431 -0.0091597792171047975 -0.022869812455840983 0.13138253424223009 0.061532525793305461 0.41253421872376422 0.059567826939265489 0.21027618050092431 0.026436440007174031 -0.00031257776769806779 0.2978571466842419 -0.02138133358338476 0.17408204143797423 -0.027881403049378146 -0.021596447743257863 -0.032298680152459326 -0.0028430730850590369 0.091125851139558511 0.043309080141737663 0.44791908142977643 0.040366039295699943 0.20545816097844469 -0.0053626594826261332 0.00011216698006325871 0.0029309890624684316 0.13485998377631689 -0.0029503207062310851 -0.0045773113193290768 -0.024215873267771127 0.0099731196434382982 -0.0059506136262445887 -0.001973029524954371 -0.029437941678483751 0.043204670750487645 0.016547998130017508 0.0022806275143985172 0.0056505611008442298 0.038988217068221198 0.034163746278463428 0.037369496984991084 0.0013201172172360648 0.047450596716942302 -0.00038513793717237131 0.044816875564044234
leaf_weight=53.344680197536945 267.95206207875162 17.524554778414313 233.42253719788278 1.6495069022057642 5.9828708359273142 3374.1397408186458 193.0794133504387 127.36422578583006 2.5813455191673693 4.6017587034730232 1.8328298791311679 1.7679113650810903 0.6326525012264026 0.879271570593119 0.67229558277176693 2.0314946735161357 1.5336145130568186 153.58100598026067 16.499435409496073 20.576901087129954 189.28283311671112 2.1703125170897684 1.3402646065806041 0.75426648394204665 41.226915635634214 2.4484401566442084 53.304555961396545 2.7104740778449914 1.4245504150167105 195.9661402652855 1.7518556672148395 47.293386336124968 71.39890752104111 21.157016353216022 17.711310830141883 1.4129421968827984 13.159853237040805 1.4999148129718376 6.8941297304118052 0.782210000208578 1531.3413824288873 12.586995394434782 338.66631485614926 9.7496013555210066 311.58753090165555 1126.4810947775841 271.74942802358419 88.44027304649353 82.854895435273647 39.796579707413912 190.16887307725847 99.179880346637219 132.14510617265478 357.2540733627975 65.315459477249533 55.861427837982774 101.78527501504868 43.67568638548255 80.933734404388815 43.333565808832645 176.14787741936743 84.007350800558925
leaf_count=323 295769 1830 111826 191 4421 127010 2039 11400 367 1076 360 506 168 208 245 290 299 2426 760 807 20702 77 428 163 587 234 4138 647 74 19634 206 10108 4674 3165 2695 283 1645 125 678 285 101237 1165 16185 397 1807 14408 2454 404 959 257 2921 905 1330 4193 913 330 561 231 699 260 1039 477
internal_value=-0.000527762 0.00056058 0.000378862 0.0424228 0.0747489 0.00117852 0.00432682 -0.0008283 0.101747 0.0598021 0.116872 0.171227 0.221056 0.361154 0.217888 0.137925 0.166393 0.00210519 -0.0115461 0.0247467 -0.00553932 -0.0211212 0.0870799 0.187933 0.0281154 -0.0138008 -0.00652096 -0.00406529 0.102409 -0.0122009 0.00367371 -0.0206674 0.00270913 0.0222448 0.0115913 0.0390771 0.0852711 0.274849 0.084895 -0.0250716 -0.00428328 -0.00311951 0.00639571 0.0589276 0.00128407 0.000853339 -0.000708277 -0.0158212 0.00152234 0.006752 0.00316787 0.0240314 -0.00299055 -0.00720429 -0.0204674 0.00880252 0.00539124 0.00900257 0.019616 0.0165308 0.0120639 0.0297763
internal_weight=10398.4 10130.5 10086.7 43.7846 26.2601 9452.79 3679.84 5772.94 20.2772 12.6441 8.04232 7.63313 5.86522 2.18422 1.30495 3.681 6.20949 3557.64 633.881 37.0763 2215.3 191.453 3.62815 2.09453 234.306 596.804 362.6 2023.84 4.13502 309.295 113.329 49.0452 3445.54 64.2836 54.941 33.784 16.0727 2.91286 9.34257 234.205 2019.71 1892.34 361.003 22.3366 3404.06 3350.72 2800.55 360.19 2440.36 1313.88 1088.17 225.71 744.884 612.738 255.484 550.168 494.307 126.531 182.719 343.285 299.952 123.804
internal_count=786001 490232 479680 10552 8722 323091 134310 188781 4301 2693 1617 1608 1102 621 413 481 1257 36897 156589 1567 151884 20779 890 591 2626 155022 42911 131105 721 38773 19139 10314 131684 8825 7913 4748 2053 408 912 112111 130384 118984 17747 1562 34471 34148 30751 2858 27893 13485 11390 2095 9357 8027 3834 3397 3067 1190 1260 2033 1773 734
is_linear=0
shrinkage=0.05


Tree=70
num_leaves=63
num_cat=0
split_feature=36 38 50 41 54 43 54 50 41 48 23 45 24 36 54 5 39 40 39 16 40 54 38 54 52 40 11 48 48 5 36 41 4 26 5 41 39 40 36 54 54 29 54 55 36 50 29 40 48 36 21 11 35 37 23 48 43 5 36 39 48 52
split_gain=177.447 33.5325 36.199 23.5017 23.8559 21.9397 21.727 19.775 18.9814 48.9252 54.1113 20.8704 24.2387 39.9308 28.4119 31.9766 29.401 28.9633 33.2804 30.305 51.5169 22.7953 29.6847 24.8708 37.0317 32.4848 38.1403 58.2088 26.9355 34.3075 25 43.7067 24.4075 23.6129 25.1399 28.8748 21.3853 26.394 20.8382 22.2255 27.0887 20.7386 20.3446 20.0058 19.203 23.8047 25.1629 37.0092 19.1183 24.1147 22.4458 36.3088 20.6881 20.498 18.574 18.6096 18.4768 36.9415 18.1416 18.1268 21.4437 28.858
threshold=285.58824157714849 -32.647064208984368 72.50858306884767 -0.62865552306175221 0.37940952181816107 -0.45230102539062494 -1.0000000180025095e-35 27.276823997497562 7.864438772201539 -0.071447014808654771 -25.071209907531735 -9.7524280548095685 25.033315658569339 216.76470184326175 -0.37940952181816096 209.49958801269534 -4.993464231491088 19.470581054687504 -22.689908027648922 -9.1337013244628888 12.823524475097658 0.12940952181816109 -7.5882339477539054 -0.7865660786628722 44.719711303710945 5.4313735961914071 242.24576568603518 0.95832794904708873 0.69629311561584484 245.47599029541018 222.05882263183597 17.866619110107425 231.08781433105472 15.774941444396974 234.2858810424805 22.693294525146488 -31.511981964111325 10.823524475097658 202.64705657958987 -0.91597560048103321 -0.37940952181816096 -2.8199429512023921 1.0000000180025095e-35 0.37940952181816107 260.29412841796881 133.18571472167972 9.9419345855712908 4.7647094726562509 0.95832794904708873 248.529411315918 -11.248434543609617 249.24268341064456 25.378603935241703 243.21714019775393 -26.987300872802731 0.13203227519989016 -0.59510803222656239 205.86235046386722 276.76470947265631 -47.893976211547844 0.14038562774658206 38.972373962402351
decision_type=2 2 2 2 2 2 2 2 2 2 2 2 2 2 2 2 2 2 2 2 2 2 2 2 2 2 2 2 2 2 2 2 2 2 2 2 2 2 2 2 2 2 2 2 2 2 2 2 2 2 2 2 2 2 2 2 2 2 2 2 2 2
left_child=1 2 3 5 -5 6 -1 -8 41 10 -10 43 21 -14 17 -16 42 18 -15 20 -20 23 44 24 30 -25 32 28 29 -28 36 -32 -27 -30 35 -35 -13 -38 -12 -40 -41 -3 48 -11 45 -23 47 -47 49 50 51 -17 53 -50 -33 -56 57 -24 -9 -43 -61 -62
right_child=-2 8 -4 4 -6 -7 7 58 9 11 38 12 13 14 15 16 -18 -19 19 -21 -22 22 56 25 -26 26 27 -29 33 -31 31 54 -34 34 -36 -37 37 -39 39 40 -42 59 -44 -45 -46 46 -48 -49 52 -51 -52 -53 -54 -55 55 -57 -58 -59 -60 60 61 -63
leaf_value=-0.050478149809327744 -0.046769264908255385 -0.01589092620194954 0.0072039034576385488 -0.013517181270338042 -0.039574708012111472 -0.021339191528003603 0.0045582925534545507 0.12655364851458359 -0.032794714048522626 -0.018932298545923761 0.021117129070316164 -0.019408798548467113 0.0041023590433067452 -0.035832467062006691 0.080274992557419142 0.2039205098736325 0.019189016145723367 -0.038144453992397076 0.17980026469610039 -0.0021334702822249293 -0.015978986362091298 -0.026651627252334633 -0.063209561102928843 -0.019913628773628764 -0.032721954020494812 0.011435943693499248 0.16066890698983002 -0.03324690975102438 0.016375047277066315 0.039862625463399061 0.01228337491968917 -0.042242158700408837 -0.034558194274920087 0.10480410336603113 0.030212394067333111 0.03752263739530446 0.038671406076016816 0.0087281306595593296 0.048252230288412364 -0.022748608001655461 -0.0019694704836786129 -0.02522663579299695 -0.020000162303648789 0.042544840783971992 0.011048806910139 -0.026209513397149248 -0.0172793116056289 0.17401496120593093 0.18714912908085193 -0.019011290689878474 -0.013070327587279671 0.046254425419641705 -0.032361108942825068 -0.006392077689506153 -0.041924726748105268 -0.0022946766048501568 0.014313183284259146 0.0023133629165116619 0.033206990194678696 0.0052874069866267253 0.017555419723452793 0.093599114994689536
leaf_weight=6.8276049546548156 196.95007169136079 116.79644508624915 221.95144110178808 261.12167573702754 132.35770406585652 36.026989089674316 15.840674134145955 10.148729854146952 201.4595614123391 170.29129740153439 75.118230670690536 32.926114287227392 1353.5229736054316 74.881049972958863 11.739360859617589 5.4533579186536398 103.53330763755366 140.95851255021989 6.3843219159170967 125.67012732988223 7.0935321529395878 193.75974894501269 23.99611859023571 52.792270350153558 61.273373903590254 116.58089586161077 9.3911580392159539 34.072792610153556 148.14371976384427 15.704970704042351 463.1371211464284 42.891356545616873 38.326892872806638 29.535775452386588 129.52236236224417 34.659582154359668 141.30988838803023 153.57914906460792 18.170381413307041 216.30177220096812 570.61202096706256 47.227126796031371 205.10334833222441 14.348286150023339 59.66281700565014 3.9862519692396763 13.09769134246744 5.4814331594388932 2.3013579766266039 12.329034569207577 6.2250983500853208 11.051688554696737 28.774152273312211 3.3734077729750425 33.569849028717726 251.9569577339571 300.86046592053026 207.7401758483611 10.684988652239552 3274.370481696038 80.099564968026243 14.777898583444765
leaf_count=1398 266412 5448 44128 87239 56528 11601 1409 319 21062 11199 362 331 10152 4292 84 271 1898 6119 267 3234 546 23998 127 4098 3039 2697 169 4186 7346 734 21570 4425 1800 655 5960 876 1013 1569 201 4640 12222 6747 15457 467 8743 424 1025 369 103 881 216 616 2571 393 1189 7523 5300 4069 1248 86251 5488 993
internal_value=0.000238569 0.00114705 -0.00945491 -0.0172718 -0.0222824 0.00751864 0.0314178 0.0466642 0.00192295 0.000202139 -0.00941896 0.00233424 0.00298252 -0.00101432 -0.010312 -0.00099405 -0.00351702 -0.0205458 -0.00895547 0.00550811 0.0767596 0.00621081 -0.000756494 0.0093592 0.0051265 0.0175686 0.0211279 0.0292674 0.035072 0.0850692 0.00719829 0.0023896 5.61905e-05 0.0314017 0.0428932 0.0684783 0.0188095 0.0230769 -0.00406875 -0.00641872 -0.00768111 0.00482695 -0.0120776 -0.0141549 -0.0140649 -0.0209914 0.0276111 0.0897129 0.0113002 0.0372937 0.067834 0.0983482 -0.0151537 0.0720971 -0.0115627 -0.00695405 0.00613985 -0.00447149 0.078679 0.00553522 0.00596641 0.0293998
internal_weight=10387.8 10190.9 694.96 473.008 393.479 79.529 43.502 36.6744 9495.93 5962.66 1081.66 4880.99 4696.35 2098.39 744.872 389.884 378.145 354.988 214.029 139.148 13.4779 2597.96 808.585 1789.37 1180.64 608.73 555.938 401.03 366.958 25.0961 1119.37 791.555 154.908 341.861 193.718 64.1954 327.815 294.889 880.202 805.084 786.914 3533.27 274.611 184.64 275.988 216.325 22.5654 9.46769 69.5081 35.0592 22.7301 16.505 34.4489 5.67477 328.418 285.527 532.597 231.736 20.8337 3416.48 3369.25 94.8775
internal_count=785697 519285 203870 159742 143767 15975 4374 2976 315415 210488 38487 172001 160335 47100 36948 22490 22406 14458 8339 4047 813 113235 44055 69180 40659 28521 24423 19926 15740 903 37620 34707 4497 14837 7491 1531 2913 2582 17425 17063 16862 104927 20508 11666 34559 25816 1818 793 5051 1984 1103 887 3067 496 13137 8712 9496 4196 1567 99479 92732 6481
is_linear=0
shrinkage=0.05


Tree=71
num_leaves=63
num_cat=0
split_feature=36 13 42 17 53 49 36 21 50 24 48 48 54 48 49 48 52 48 48 23 36 54 50 20 47 48 49 39 46 1 5 52 29 29 5 38 36 46 21 3 24 49 51 48 35 48 49 49 53 49 53 52 5 39 29 48 49 48 48 50 48 17
split_gain=165.159 29.1447 25.6518 31.9371 27.701 24.8931 23.9956 38.5556 23.0429 22.5477 26.2289 26.7357 28.9287 23.5833 31.7206 29.6234 24.2859 22.5785 30.4766 31.2727 22.4605 21.9369 21.8936 21.8797 27.5689 22.1003 21.8104 20.8957 30.2234 32.5684 34.5037 18.658 21.5971 19.4344 19.6998 18.7508 21.9403 27.9237 18.4933 23.6065 20.7541 18.4579 21.645 34.7723 36.4668 33.6595 33.3275 33.9086 30.8891 29.9852 34.6448 31.0042 28.7258 28.007 28.3482 27.6246 25.2392 31.3389 30.5984 27.9013 23.7591 32.8116
threshold=285.00000000000006 -49.054683685302727 14.770606994628908 -4.5209541320800772 346.58332824707037 290.50280761718756 276.76470947265631 -51.107730865478509 10.248815059661867 13.215580940246584 0.79310560226440441 0.90872198343276989 0.37940952181816107 0.81332153081893932 276.27717590332037 0.8446832299232484 22.81533241271973 0.35908776521682745 0.48329061269760137 -44.897481918334954 226.17646789550784 -0.37940952181816096 2.5706906318664555 -18.00915431976318 -2.6776723861694331 0.062224745750427253 291.25772094726568 -25.100947380065914 3.1823081970214848 238.89334869384768 237.1656188964844 41.616329193115241 0.20380067825317386 1.9027404785156252 229.01564025878909 -2.1764755249023433 219.11765289306643 3.1219310760498051 -39.040205001831048 281.53987121582037 8.8630990982055682 255.59030914306643 35.823423385620124 -0.44147184491157526 4.6062729358673105 -0.37975081801414484 266.63755798339849 263.06666564941412 1089.1666564941409 263.06666564941412 283.53332519531256 24.95924282073975 209.49958801269534 -1.2745085358619688 25.891773223876957 0.83034712076187145 258.38572692871099 -0.36931872367858881 0.89492958784103405 6.9124355316162118 -0.20686483383178708 1.0000000180025095e-35
decision_type=2 2 2 2 2 2 2 2 2 2 2 2 2 2 2 2 2 2 2 2 2 2 2 2 2 2 2 2 2 2 2 2 2 2 2 2 2 2 2 2 2 2 2 2 2 2 2 2 2 2 2 2 2 2 2 2 2 2 2 2 2 2
left_child=1 21 3 4 5 6 9 -8 -6 17 -11 12 13 14 16 27 -12 -3 19 -19 -17 -1 -7 24 -4 -26 38 -15 -29 -30 -31 33 -33 -5 41 -34 37 -37 39 40 -24 -35 43 44 -43 -45 47 48 53 50 55 -52 -51 54 56 -44 60 -58 -59 -60 -47 -62
right_child=-2 2 23 31 8 22 7 -9 -10 10 11 -13 -14 15 -16 20 -18 18 -20 -21 -22 -23 26 -25 25 -27 -28 28 29 30 -32 32 35 34 -36 36 -38 -39 -40 -41 -42 42 49 45 -46 46 -48 -49 -50 52 51 -53 -54 -55 -56 -57 57 58 59 -61 61 -63
leaf_value=-0.0019057433440178352 -0.045625129410365395 -0.0031962362232866521 -0.0088517018371023857 0.013446356956586816 0.094528107403482969 0.19500684529445969 0.24079128881738435 -0.02510699901793946 0.0037603203660897993 -0.017252103114671694 0.11564117896662796 -0.017298403633456694 -0.034415653202849054 -0.048984235449725522 0.0055828105586145232 0.1098127786515144 0.0081955156837220169 0.19583801901398626 0.007360733751398587 0.043658267661592288 0.017385612344875491 -0.035003133278767307 0.036739392066688269 0.033925940019771554 0.0052475356101333685 0.026675472844373632 -0.013927399698404445 -0.040571609928550176 -0.0328119616862622 0.19273120572733515 0.022538921549058732 -0.069457834124459342 -0.02327181329551533 0.0098750961864263829 -0.02386121661127227 -0.02571515765142527 0.051028091193672631 0.020683394722708488 0.0018872895513030474 -0.003322764056309057 0.15018544839319578 0.047001902205736183 0.021335621528406519 -0.038772750754610258 0.0062584364613688355 -0.056981871368253001 0.0052673441776960334 -0.039040681758135791 0.038309909596401411 0.027829520389301532 0.018495938308415335 -0.03417773866258824 -0.0091017494803700676 0.0029498890333327973 -0.028802523718809925 0.062421885795179356 0.06593539470380691 -0.025973563525739946 0.12158824962986414 0.0036155083669214003 -0.0019790684746599139 0.039880732571811087
leaf_weight=98.971184917201754 200.17631356097991 1836.8819590605563 213.35759583988693 427.10742100840434 7.0487941631581625 1.8179851467721153 1.3730475134216238 192.36766482668463 870.70274031441659 643.79866948944982 18.223548536654565 156.51712933601812 33.306113585713319 31.162297833361663 25.149402206297964 7.0723487199284127 7.392595177749171 4.2304625685792443 89.007713300874457 16.712702971650288 93.086425874149427 101.31317369302269 6.8204667393583867 79.656632536556572 362.35235262650531 180.15830730146263 28.917562615592033 17.770241670776159 7.3976461798884001 5.500285168644039 6.4940751113463193 14.56976077146828 103.49052938586101 739.59044485678896 70.972684416919947 67.469993120059371 21.578899133019149 62.432435140013695 16.354212187230587 7.4363769610645241 9.8590679236222041 64.754938498139381 155.19816330168396 64.171519636176527 361.5549004743807 15.106126500293611 931.78476317180321 77.648468957282603 39.846577988937497 66.375418070703745 73.06500858347863 45.230545868165791 254.68539766315371 494.90843218192458 194.29529971117154 55.556351518724114 11.123698757961391 262.40109975636005 5.7661493374034754 38.314281668979675 207.43646435625851 60.457512391731143
leaf_count=34514 280512 108906 15490 2789 518 151 370 63058 52995 49828 576 17116 4130 2784 1388 323 418 377 9281 1047 5685 50133 517 800 11200 9775 3850 989 328 241 468 134 2304 4888 1969 806 250 574 636 2612 386 304 1350 638 3169 184 10277 2607 271 383 619 527 3242 2637 3667 580 103 4243 268 1629 3426 349
internal_value=-0.000649163 0.000236526 0.000616088 -0.000151371 -0.00339617 -0.00551628 -0.00616824 -0.0232226 0.00448923 -0.00506676 -0.0109614 -0.00106113 0.00900167 0.0155972 0.0454715 0.00659582 0.0846333 -0.00187885 0.0201299 0.0743982 0.023912 -0.0186479 0.0237228 0.00900166 0.00637504 0.0123634 0.0192351 -0.0187885 0.0065321 0.0496965 0.100584 0.00254395 -0.0102506 0.00327501 0.00226241 -0.0068673 0.00434009 -0.00341554 0.042931 0.0707649 0.103796 0.00270184 0.0011772 -0.000713021 0.0124472 -0.00304749 -0.00206739 -0.00692376 -0.00504822 0.00940428 0.0200113 -0.00164395 -0.00146666 -0.0063877 -0.0122013 0.0321662 -0.00683084 -0.0165061 -0.0194983 0.0190475 0.0040275 0.00746773
internal_weight=10365.3 10165.1 9964.82 9129.29 4142.4 3264.65 3193.44 193.741 877.752 2999.7 1052.87 409.072 252.555 219.249 50.7655 168.483 25.6161 1946.83 109.951 20.9432 100.159 200.284 71.2057 835.525 755.868 542.511 69.3877 68.3245 37.1622 19.392 11.9944 4986.89 269.542 4717.35 4290.24 254.972 151.481 129.902 40.4701 24.1159 16.6795 4219.27 3479.68 2829.57 426.31 2403.26 2339.09 1407.3 1329.66 650.111 329.05 118.296 321.061 1289.81 794.901 210.755 600.605 317.605 306.482 44.0804 283 267.894
internal_count=785589 505077 420430 383165 328978 275465 267313 63428 53513 203885 84274 34446 17330 13200 2382 10818 994 119611 10705 1424 6008 84647 8152 37265 36465 20975 8001 4810 2026 1037 709 54187 4068 50119 47330 3934 1630 1380 4151 3515 903 45361 40473 33772 3473 30299 29661 19384 16777 6701 3076 1146 3625 16506 13869 1930 10202 6243 6140 1897 3959 3775
is_linear=0
shrinkage=0.05


Tree=72
num_leaves=63
num_cat=0
split_feature=2 42 5 52 52 37 11 0 5 45 29 47 32 20 24 53 52 20 11 54 45 45 10 12 47 50 33 5 54 47 29 46 5 40 40 31 5 45 38 40 54 45 40 55 17 46 37 50 8 24 17 55 38 52 55 23 47 52 37 40 25 47
split_gain=151.331 23.4944 32.0441 33.4112 40.0902 31.0526 28.7275 31.6762 26.694 25.4053 23.5607 22.7581 50.6671 112.344 31.5984 17.2738 17.7687 18.5506 25.0022 22.2213 16.3268 16.3193 22.8413 26.3233 27.8615 22.4638 21.3122 19.6293 32.13 28.8144 23.6927 23.2278 18.5844 18.1531 15.7275 18.4215 18.3333 15.7622 15.7203 17.493 23.4808 25.8837 20.4141 18.7271 18.7797 20.4771 19.1312 26.3065 19.6057 18.3609 28.8669 18.3289 17.9504 20.7199 17.2656 31.6187 17.0982 15.6261 15.6072 17.5467 21.3998 36.8726
threshold=288.20547485351568 1.9255371093750002 278.05601501464849 100.17806625366212 128.31445312500003 284.46260070800787 289.75788879394537 287.81193542480474 281.38145446777349 -1.7265796661376951 25.891773223876957 0.079948484897613539 2.2253656387329106 -50.079505920410149 13.717521667480471 11.388888835906984 4.4918646812438974 -19.54523944854736 252.75862884521487 0.37940952181816107 2.3845014572143559 -0.053747177124023431 287.45051574707037 -47.748447418212884 -0.92635098099708546 69.656536102294936 7.9266071319580087 224.38174438476565 -0.37940952181816096 1.5975269079208376 22.913736343383793 2.5121641159057622 214.94265747070315 5.0392150878906259 15.549011230468752 13.189847946166994 217.3274841308594 -1.4712657928466795 -32.352943420410149 1.9804077148437502 -0.6035533845424651 -7.5165948867797843 -0.098037719726562486 0.37940952181816107 -13.214450836181639 5.6805076599121103 271.88453674316412 222.99001312255862 273.43078613281256 4.9269580841064462 -25.085117340087887 -0.37940952181816096 -20.176483154296871 20.784212112426761 0.98296290636062633 -32.355838775634759 1.043286204338074 14.306320667266847 269.11038208007818 -0.76470947265624989 2.1468172073364262 -0.36103302240371699
decision_type=2 2 2 2 2 2 2 2 2 2 2 2 2 2 2 2 2 2 2 2 2 2 2 2 2 2 2 2 2 2 2 2 2 2 2 2 2 2 2 2 2 2 2 2 2 2 2 2 2 2 2 2 2 2 2 2 2 2 2 2 2 2
left_child=1 2 21 -4 5 -5 7 9 -8 10 38 -10 13 -13 -14 -11 -17 19 20 -18 34 -1 27 24 -24 26 -25 28 30 58 31 33 -32 -23 35 -19 -36 -37 -3 40 41 42 -40 44 46 -46 -41 48 -48 50 52 -42 53 -43 -53 -56 -50 -20 59 -29 61 -61
right_child=-2 6 3 4 -6 -7 8 -9 11 15 -12 12 14 -15 -16 16 17 18 57 -21 -22 22 23 25 -26 -27 -28 29 -30 -31 32 -33 -34 -35 36 37 -38 -39 39 43 51 49 -44 -45 45 -47 47 -49 56 -51 -52 54 -54 -55 55 -57 -58 -59 -60 60 -62 -63
leaf_value=-0.0080958141512092446 -0.039633223118945515 -0.029200348303130376 -0.033741601880935494 0.16286064153052554 -0.036912949245470963 -0.050472092525076187 -0.0015248356818777468 -0.022275560202141761 0.045686478901157186 -0.0039708356540435023 -0.032680130553470084 0.86450006741701912 -0.034657834808428892 0.072473524188853097 0.23039830829627572 0.022149786992167707 0.005870868597419838 0.010139798193180932 0.010365346930123821 -0.010441992933480776 -0.0049048554758319481 -0.020907893165630444 0.29327043085873433 -0.050846643145954988 -0.0050157471795741317 0.38771340109856883 0.27739566958263479 -0.025727802151012058 0.0078716318055969906 -0.017167709066960708 -0.0063666073480497954 0.0078024071392459402 -0.037207299907159826 0.002476688771966943 0.0095094087867588842 0.085629577509542865 -0.011285101209572495 0.024833666641965055 0.0059068676528300328 -0.020875668762819259 0.067707284939062459 -0.027262560363243177 0.079982508602273142 -0.011981352266824161 0.0019449387826051231 0.031633900699311233 0.18309036389429648 0.15206520694985637 -0.0088861253121013013 0.041857569343791097 -0.012065042728040589 -0.0021588629279046139 0.13316912331895661 0.088121048410027492 -0.021692158567476274 0.043866993573908518 0.096209004461319678 0.047662286915926416 0.0079908273441366886 -0.017053493451458252 -0.0046466379081980726 0.083223248731774613
leaf_weight=743.08137233054731 239.56888147024438 45.772869975247886 131.18515766307246 7.0449034404009598 8.982860316988079 2.2507537520723417 25.764249976899009 127.76338730985299 27.834913602331653 387.65156072587706 57.159097607713193 0.71017175703309465 3.0879290335578844 1.2115310758235853 1.7683377576759083 187.82958868710557 673.39774563023821 520.61580645432696 48.377134651876986 302.5571259263088 214.43512677494437 177.76353304693475 0.87177617877023195 1.0799853922799223 7.6746159892645656 1.0228513788897542 0.91220150404842559 89.937077787704766 1271.4249274001922 356.33287731569726 113.65705471858382 407.70829402748495 85.663175114896148 155.66524790367112 359.58501762524247 11.375565072055904 150.29705321858637 169.7900461521931 13.759765461087225 163.36612547992263 10.366000822163185 8.3375527398893627 28.700786550762132 416.8947594902711 689.32417451404035 63.422508140094578 1.4936375813558687 3.193560652434825 48.997802130994387 36.934826206066646 84.826685134787112 615.18011520535219 5.2856767321936777 7.2951543396338812 27.510392831405625 55.484664086252451 4.202028850093483 66.944847361883149 344.94486466347007 17.660016853827983 465.05928283720277 19.062921135220677
leaf_count=26379 295935 11267 69325 272 1515 957 2837 31857 6087 17504 1828 246 980 309 365 5474 45319 5465 816 32721 4476 1786 210 311 2914 150 126 2680 13501 39175 934 4292 1761 1764 2468 256 4305 3516 235 20462 508 639 634 17624 16294 1650 141 241 6998 1050 1396 17250 175 347 1422 774 415 1109 30281 486 23242 272
internal_value=-0.000358096 0.000575579 -0.00216184 -0.0249174 0.0384141 0.111206 0.00270475 0.00233542 0.0370097 0.00290918 -0.000965496 0.0656931 0.147854 0.36517 0.0618584 0.00590021 0.00731471 0.00620782 0.00962312 0.000813696 0.00781228 -0.00136336 5.93154e-05 0.0702225 0.025411 0.197245 0.0994521 -0.00017213 0.00268878 -0.00506618 -0.00431803 -0.000202419 -0.0196212 -0.00999052 0.0100629 0.0149185 0.00337985 0.0286511 -0.000187595 0.000393693 0.00585197 0.021707 0.0559776 -0.00311337 0.000682331 0.00444638 -0.0121237 0.0125757 0.00443093 0.0115083 0.000907891 0.00170907 0.0535148 0.0265823 0.000729181 0.0221361 -0.000585107 0.0320164 -0.000462425 -0.00539028 -0.00174508 0.0350003
internal_weight=10317.1 10077.5 4408.99 149.464 18.2785 9.29566 5668.51 5608.13 60.3771 5480.36 2387.51 34.6129 6.77797 1.9217 4.85627 3092.86 2705.21 2517.38 1541.42 975.955 1426.1 4259.52 3516.44 11.5614 8.54639 3.01504 1.99219 3504.88 2211.88 1293 940.457 741.137 199.32 333.429 1211.66 701.781 509.882 181.166 2330.35 2284.58 893.682 185.14 42.4606 1390.89 974 752.747 221.253 57.887 54.6935 142.68 105.745 708.541 20.9184 15.6327 698.175 82.9951 53.1998 115.322 936.664 591.719 501.782 36.7229
internal_count=785728 489793 222333 72069 2744 1229 267460 256636 10824 224779 101350 7987 1900 555 1345 123429 105925 100451 22411 78040 20486 150264 123885 3711 3124 587 437 120174 24038 96136 10537 7842 2695 3550 16010 9237 6773 3772 99522 88255 24430 4476 869 63825 46201 17944 28257 7795 7554 3607 2557 19954 1161 986 19446 2196 7413 1925 56961 26680 24000 758
is_linear=0
shrinkage=0.05


Tree=73
num_leaves=63
num_cat=0
split_feature=36 26 12 48 48 48 49 49 40 39 48 48 29 24 21 48 33 55 15 25 35 38 53 5 26 17 39 7 5 25 21 7 23 52 17 48 40 49 24 29 39 48 40 36 29 38 48 39 28 10 49 51 3 49 5 38 48 48 43 23 31 53
split_gain=155.053 32.5795 26.723 17.2423 36.466 36.2317 31.3607 31.9248 31.7117 29.226 24.7274 37.1042 24.3677 22.8999 46.7847 53.6476 30.6591 27.6039 23.9637 36.2954 22.3699 33.1796 51.7106 21.7532 21.8882 21.2214 20.8441 21.5374 20.441 24.1121 28.2959 21.7465 20.8296 21.093 20.3121 19.866 23.2821 19.1006 35.479 28.5813 22.7501 26.3586 32.2862 18.4253 24.357 31.372 27.0168 48.7069 34.296 31.3431 25.4515 21.3473 19.9661 40.7642 19.7737 19.415 19.3336 19.1293 18.4188 21.1274 29.0426 18.2343
threshold=285.00000000000006 -2.6791095733642574 -48.964616775512688 0.90872198343276989 0.8446832299232484 0.8732551932334901 260.66418457031256 259.72676086425787 13.333320617675783 -14.402323722839354 0.81550949811935436 0.74900639057159435 11.496726036071779 10.73093891143799 -20.296152114868161 0.55724394321441661 13.55528783798218 1.0000000180025095e-35 -14.224676132202147 15.753047943115236 31.208155632019047 -0.70587921142578114 61.250000000000007 229.60315704345706 17.690683364868168 -35.687322616577141 -13.182280540466307 249.20872497558597 265.66770935058599 9.1000795364379901 -40.113800048828118 273.02478027343756 -45.558441162109368 13.974009513854982 -2.4757156372070308 0.97297734022140514 15.215675354003908 255.59030914306643 36.439641952514656 24.770523071289066 -16.246913909912106 0.33827388286590582 11.980407714843752 197.94117736816409 28.935934066772464 -1.0000000180025095e-35 0.04865998029708863 -1.2745085358619688 18.328046798706058 224.66025543212893 258.98173522949224 6.0012991428375253 230.53140258789065 276.05895996093756 218.3474044799805 -6.0588302612304679 0.32932555675506597 0.35908776521682745 -5.1458587646484366 -2.0248390436172481 38.620317459106452 118.41666793823244
decision_type=2 2 2 2 2 2 2 2 2 2 2 2 2 2 2 2 2 2 2 2 2 2 2 2 2 2 2 2 2 2 2 2 2 2 2 2 2 2 2 2 2 2 2 2 2 2 2 2 2 2 2 2 2 2 2 2 2 2 2 2 2 2
left_child=1 -1 -3 4 10 -6 7 9 -9 -5 11 13 -13 17 15 -15 -17 25 19 26 -7 22 -22 37 -25 -4 27 61 32 31 -31 -30 33 -27 -8 36 -11 38 39 40 -20 42 -42 -39 46 -46 55 48 52 51 -47 -50 54 -54 -48 -45 -56 -58 -38 -60 -61 -16
right_child=-2 2 3 6 5 20 34 8 -10 35 -12 12 -14 14 18 16 -18 -19 23 -21 21 -23 -24 24 -26 28 -28 -29 29 30 -32 -33 -34 -35 -36 -37 58 43 -40 -41 41 -43 -44 44 45 50 47 -49 49 -51 -52 -53 53 -55 56 -57 57 -59 59 60 -62 -63
leaf_value=-0.033728728468860596 -0.045778316181657452 -0.012991445017744666 -0.013569292403507098 -0.03846411286185436 0.048583183518130429 -0.0014118594426013413 -0.012594965434246576 0.16660409295546641 0.019951895106642439 0.051250744664510656 -0.012276938677461262 -0.0057531688570805596 0.021659005683848886 -0.024748654834342691 0.086895851549629172 0.042772415913097654 -0.0035947683892758302 0.0021667805267038083 -0.027292642811818892 -0.013051230694258646 -0.015532466275569944 0.0081967077825687955 0.12336808415345522 -0.0054629457538903151 -0.037833275903474357 0.010928861320288282 -0.0045734498509818 0.027902826925397611 0.14118725218191924 0.24693737395268092 0.014240675083870363 0.029942558183878289 0.011963698134933563 0.1930913057992418 -0.046588441877014206 0.03464687273445425 -0.041365820237315158 0.02726592528198726 0.0474473540221712 -0.019694956495775202 0.033330318066211652 0.034702285679879402 -0.011949927915547651 0.014060062512493837 -0.039382965103711372 -0.016698138205155807 0.017721121569597566 0.041581600712362388 0.040999454506785216 -0.024323296506886725 0.018038115492419054 -0.002814137729901463 0.018517797134878587 0.11826857703694463 -0.017367568379567305 -0.015855750048012273 0.053994433882364905 0.0016559411707242257 -0.010451278345326283 0.046441006652683192 -0.01367249904076577 0.20139624144959589
leaf_weight=69.033129090210423 184.26465072896099 342.35958424775163 44.335979052295443 44.096398522902746 75.074501746275928 171.20683498115977 234.22077821998391 5.686827463097873 10.478382400702683 20.44745060056448 328.62819359079003 104.76706929964712 358.44506057741819 427.86091707053129 9.7297989402432048 43.208161754766479 203.85286115232157 4362.9936309169861 32.432183411438018 23.623762093251571 10.474515807582067 59.756372097879648 18.597302321344614 249.20566959911957 66.06694928673096 3.1061494129244229 7.2847220012918106 8.3789897784590703 4.780880400678142 3.1244399443967268 2.2452045892132437 54.161603668006137 170.24310154194245 3.2538121959078126 54.093346797395498 47.900706664659083 29.501247413922101 57.278704106807709 57.721818272024393 87.916905560065061 61.25619956664741 121.09647236578166 110.17224464938045 66.40102684404701 88.203997274395078 147.79707836359739 206.04357757885009 85.785547068342566 33.034279207699001 180.70061502745375 81.985886475071311 175.50432207155973 69.263305725995451 12.019341428764163 122.05353003693745 295.99725745245814 21.193566546775401 99.048779589124024 152.82179213548079 47.425482986494899 34.862105801701546 5.4106743624433866
leaf_count=10531 280785 108500 13685 4276 3073 8815 23619 156 554 389 14729 6085 11778 42874 388 4310 16389 168318 422 2125 417 391 521 9717 5123 220 128 524 183 209 281 5851 6572 237 1750 358 635 360 338 587 327 994 820 1631 1215 758 1522 449 353 5657 425 1928 1373 165 2104 3907 304 1623 3620 265 283 223
internal_value=-0.000324233 0.000502932 0.000737914 0.00122178 0.0018004 0.0179854 -0.00644704 0.00273701 0.0715433 -0.000212869 0.00117681 0.00170511 0.0154591 0.000899242 -0.00231527 -0.0140367 0.00451432 0.003152 0.000747932 0.0335734 0.00915147 0.0295112 0.0733225 4.12483e-05 -0.0122463 0.0182212 0.0693299 0.0922201 0.0240716 0.0482063 0.14964 0.0389657 0.0152827 0.104125 -0.0189728 0.00485305 -0.000153457 0.00179186 0.0107301 0.00559682 0.0124395 0.0168446 0.00422998 -0.000622347 -0.00157034 -0.0140345 0.00132894 0.00555059 0.0021867 -0.00908115 -0.00430434 0.00412631 0.0104679 0.033268 0.00633427 -0.0103744 -0.00334888 0.010881 -0.00412565 0.000547201 0.0209732 0.127814
internal_weight=10309.9 10125.7 10056.6 9714.26 9032.72 335.11 681.535 393.22 16.1652 377.055 8697.61 8368.99 463.212 7905.77 3257.53 674.922 247.061 4648.24 2582.61 54.4279 260.035 88.8282 29.0718 2528.18 315.273 285.251 30.8042 23.5195 240.915 64.3121 5.36964 58.9425 176.603 6.35996 288.314 332.959 285.058 2212.91 470.596 412.874 324.957 292.525 171.428 1742.31 1685.03 317.987 1367.05 1004.65 918.861 389.239 229.783 208.539 529.622 81.2826 448.339 362.398 242.296 120.242 264.611 235.109 82.2876 15.1405
internal_count=786149 505364 494833 386333 350428 13217 35905 10536 710 9826 337211 322482 17863 304619 109063 63573 20699 195556 45490 3388 10144 1329 938 42102 14840 27238 1263 1135 13553 6524 490 6034 7029 457 25369 5550 5192 27262 3488 3150 2563 2141 1147 23774 23414 2398 21016 15478 15029 7938 1183 2281 7091 1538 5553 5538 4031 1927 4803 4168 548 611
is_linear=0
shrinkage=0.05


Tree=74
num_leaves=63
num_cat=0
split_feature=1 38 50 54 49 52 47 26 43 13 41 5 23 54 53 49 23 17 12 32 40 34 13 42 47 17 48 53 41 54 49 53 49 49 52 49 5 23 52 49 23 1 41 15 28 48 41 49 41 37 40 48 48 3 49 50 48 48 52 43 43 47
split_gain=141.862 29.3542 36.4207 26.3954 39.4576 26.4311 27.7712 21.0921 19.5153 21.1815 18.5922 29.3681 26.5981 30.7648 33.1263 32.4285 24.9431 24.6872 24.1261 24.5192 37.64 22.0543 26.9698 21.947 26.4008 23.389 21.6044 20.739 25.6717 24.002 41.632 42.7032 29.1438 28.0759 47.2204 28.4053 27.3628 46.4345 23.3974 31.2564 25.352 23.6971 20.5785 37.3692 20.1329 19.0368 36.7449 32.755 27.9459 24.9389 24.9319 24.4 33.3491 32.3945 25.0581 21.9564 21.4991 21.1892 18.6277 18.2609 22.7118 24.4831
threshold=288.95602416992193 -40.235282897949212 84.194976806640639 -0.37940952181816096 278.19204711914068 14.06256675720215 -0.45807838439941401 -2.6791095733642574 -0.25569152832031244 -47.793565750122063 1.5168278217315676 231.42743682861331 -12.098024368286131 0.37940952181816107 605.97219848632824 258.38572692871099 -47.435188293457024 -12.131832122802733 -48.398654937744134 0.66707611083984386 -2.4313888549804683 3.8880109786987309 -34.826459884643548 14.770606994628908 -4.2558701038360587 -7.4937171936035147 -0.67741933465003956 137.81944274902347 -0.8428930640220641 -1.0000000180025095e-35 285.67515563964849 146.73611450195315 271.86802673339849 288.78967285156256 44.719711303710945 273.35858154296881 275.12536621093756 -31.987560272216793 45.53399848937989 285.57859802246099 -43.752634048461907 279.00796508789068 -1.0944099426269529 -33.00672531127929 14.623661994934084 0.12764942646026614 11.906797409057619 272.85017395019537 23.059545516967777 233.5039978027344 -0.68627929687499989 -0.55223670601844776 -0.4372642040252685 236.33717346191409 272.37759399414068 25.364705085754398 0.95832794904708873 0.034703314304351814 41.616329193115241 4.2317657470703134 -4.4560928344726554 -1.2116584777832029
decision_type=2 2 2 2 2 2 2 2 2 2 2 2 2 2 2 2 2 2 2 2 2 2 2 2 2 2 2 2 2 2 2 2 2 2 2 2 2 2 2 2 2 2 2 2 2 2 2 2 2 2 2 2 2 2 2 2 2 2 2 2 2 2
left_child=1 2 -1 4 5 6 -4 -3 -7 -10 16 26 13 23 17 -16 18 -15 -9 20 -20 22 -17 45 25 -25 -12 28 -18 33 32 -32 -31 35 -35 -29 42 -38 40 -40 41 -37 43 -34 -19 46 47 49 50 -13 -47 54 -53 -54 55 -51 59 -55 -28 60 61 -52
right_child=-2 7 3 -5 -6 8 -8 10 9 -11 11 12 -14 14 15 21 27 44 19 -21 -22 -23 -24 24 -26 -27 58 29 -30 30 31 -33 36 34 -36 38 37 -39 39 -41 -42 -43 -44 -45 -46 48 -48 -49 -50 51 56 52 53 57 -56 -57 -58 -59 -60 -61 -62 -63
leaf_value=-0.034370421095997521 -0.038082602584087036 -0.029031190585477325 0.081150218878687091 -0.013198970054902401 -0.026717992232332469 -0.051802373816939744 0.29391328322211757 0.012363629891989601 -0.030504545748935897 0.15610724486329014 -0.034972824605129495 0.12720377378382117 -0.023032767347867054 -0.02067682550413992 0.15341936262648759 -0.02325074083315265 -0.026371286600737051 0.00092863267375198051 0.028799086706195118 -0.0058006290967758155 0.26379489385433325 -0.0068680731185630471 0.068091431628117219 -0.023912574029803506 0.017347709593935886 0.066809060416873706 0.0033410433201573084 0.015767942775201868 0.0046593180308025896 0.0017981967972456371 0.20018696441303041 -0.037987365511569116 0.1794716461877405 0.0031216898521501356 0.22811487807228301 0.1886265873918892 -0.014252934568329104 0.2274591910809404 -0.046619986456738129 0.10710534449266176 -0.04973898490361861 -0.015427058636615188 0.041806534595148319 0.049835913817127812 -0.039543583097427691 0.14761733445178024 -0.039004316649081043 -0.017184365770746453 -0.012450303035276694 0.0016990528355787403 0.049839964270044577 -0.018883770784846474 0.074319975602101837 0.0031140434947265275 -0.020084437644202438 0.095628615239398973 -0.036743892528618344 0.089085173014243943 -0.0092939004261004422 -0.007905394154521338 0.02036980436897743 -0.016745474891749577
leaf_weight=129.16545727476478 244.83983824111056 58.801780672278255 3.3251861074240878 45.852610934060067 10.457501816563306 3.3001567161409193 2.8467346764518942 11.715709569223693 2.245909045159352 4.7086173731950076 38.384351716842502 4.1474050488322964 166.90585783077404 484.54539752332494 4.122084417147561 11.552439493185373 82.25710820464883 307.12655845237896 2.8713973610429093 2.8357593694818206 4.1912524260696937 66.958877867436968 26.894437169423327 70.864993537310511 335.72882594133262 7.8960364419035605 5441.2660834765993 73.653478471445851 351.33577990223421 64.359207963338122 1.9854075300972898 36.1197886140435 8.1700000689597818 7.0123081409838033 3.4939662142423913 2.1915340495761475 31.974964650231414 2.1185844952706239 6.3683934109285456 6.8777752007590607 59.353595260123257 4.056251814647112 118.62405633693561 17.395505136810243 34.144042619736865 3.2255826315376899 81.845094663905911 268.41416579397628 202.67447816178901 9.0915887162555027 16.412065264070407 143.99170924437931 19.019632375100628 201.88246594043449 11.975136473891324 19.708066610735841 25.449265069270041 7.4309958991361773 308.23525501182303 112.33039692637976 366.63526481919689 86.920046713785268
leaf_count=81954 295750 7437 211 13654 3727 720 261 1937 545 399 666 56 6499 77234 175 601 5943 9120 302 322 232 4183 390 8397 18847 139 72668 1400 19047 2694 261 4460 306 676 168 59 5059 57 258 233 3079 754 2197 319 3160 105 8789 22937 18960 594 981 8865 375 10300 760 930 4653 542 6052 6000 29254 9175
internal_value=-0.000478701 0.000437827 -0.0184345 0.00986441 0.0492005 0.0975318 0.179285 0.00082492 0.0483275 0.0958424 0.00100434 0.000311102 -0.00361795 -0.00251236 -0.00999485 0.0158426 0.00785666 -0.0134217 0.0609196 0.11839 0.168255 0.0104624 0.0406451 0.000994626 0.0112357 -0.0148175 0.00241407 0.00654942 -0.00122751 0.0141483 0.023009 -0.0255777 0.0306391 -0.00111253 0.0779454 -0.00655908 0.0410505 0.000767137 -0.0274153 0.0331984 -0.0396544 0.0561488 0.0505755 0.0912638 -0.0031206 -0.00169001 -0.00733882 -0.00355902 0.00363846 0.00520615 0.00897549 0.00398132 -4.00335e-05 0.0118432 0.0407013 0.0659766 0.00823966 0.00616617 0.00266367 0.0102057 0.0145345 -0.00616982
internal_weight=10290.3 10045.4 201.902 72.7367 26.8841 16.4266 6.17192 9843.54 10.2547 6.95453 9784.74 8885.78 3097.89 2930.99 935.344 109.528 898.962 825.816 21.6141 9.89841 7.06265 105.406 38.4469 1995.64 414.49 78.761 5787.89 877.348 433.593 443.755 280.748 38.1052 242.642 163.007 10.5063 152.501 178.283 34.0935 78.8475 13.2462 65.6014 6.24779 144.19 25.5655 341.271 1581.15 767.506 685.661 813.647 417.247 610.973 413.1 372.325 228.333 40.7748 28.7997 607.747 209.313 5749.5 582.298 469.967 103.332
internal_count=785828 490078 101471 19517 5863 2136 472 388607 1664 944 381170 331407 252021 245522 94863 5349 49763 89514 2793 856 534 5174 991 150659 27383 8536 79386 46970 24990 21980 15353 4721 10632 6627 844 5783 7938 5116 4383 491 3892 813 2822 625 12280 123276 54148 45359 69128 22422 50168 22366 20082 11217 2284 1524 50063 10842 78720 45410 39410 10156
is_linear=0
shrinkage=0.05


Tree=75
num_leaves=63
num_cat=0
split_feature=2 26 42 44 5 4 37 5 1 24 48 49 49 38 55 40 49 41 40 48 0 5 48 37 29 45 46 48 48 48 47 40 20 49 37 24 29 41 25 15 54 47 49 49 25 40 53 35 49 48 27 49 54 53 52 54 14 47 48 49 48 4
split_gain=132.455 27.7287 22.737 32.1955 23.7039 22.7567 37.0167 35.3409 59.5935 28.4786 19.9822 21.9526 38.6384 19.5143 18.6641 29.3698 26.8819 32.2585 25.5283 22.1325 28.0547 20.6442 28.2363 22.2782 29.3743 20.5543 19.948 19.6329 33.6477 29.5623 27.086 20.6709 21.1891 20.4844 31.0724 28.648 49.1522 22.79 19.6169 19.5056 25.2798 19.7456 19.4803 38.0665 34.8811 50.2224 31.6174 25.1351 24.2009 39.8761 55.0123 36.0799 26.7549 23.6748 22.9657 26.7357 29.3866 21.6531 37.9462 31.2242 30.4361 39.597
threshold=288.20547485351568 -2.6791095733642574 1.9255371093750002 -0.17906951904296872 277.14157104492193 286.67257690429693 290.28686523437506 284.65135192871099 287.41619873046881 1.6408700942993166 0.95832794904708873 260.66418457031256 259.51712036132818 -3.6470565795898433 -0.6035533845424651 2.1372528076171879 255.95982360839847 36.865652084350593 11.784301757812502 0.35908776521682745 283.61671447753912 241.09019470214847 0.11192005872726442 286.44154357910162 3.5945463180541997 -4.9962959289550772 8.0962839126586932 0.8111555576324464 0.83848184347152721 0.89009976387023937 -6.3851170539855948 12.156867980957033 -1.0157171487808225 268.84934997558599 270.06900024414068 19.164350509643558 11.928644180297853 17.155890464782718 7.8783988952636728 -14.224676132202147 -0.91597560048103321 -6.9151558876037589 273.45858764648443 280.31988525390631 0.27588653564453131 -1.4901885986328123 30.125000000000004 -0.53562742471694935 268.84934997558599 -0.4372642040252685 -0.29944992065429682 259.72676086425787 -0.91597560048103321 39.583333969116218 5.4319210052490243 0.78656607866287243 -2.5146064758300777 -0.31770890951156611 -0.25980782508850092 276.94873046875006 -0.49895256757736201 252.18144226074222
decision_type=2 2 2 2 2 2 2 2 2 2 2 2 2 2 2 2 2 2 2 2 2 2 2 2 2 2 2 2 2 2 2 2 2 2 2 2 2 2 2 2 2 2 2 2 2 2 2 2 2 2 2 2 2 2 2 2 2 2 2 2 2 2
left_child=1 -1 4 5 -3 10 7 8 -7 -8 14 12 -12 -14 27 19 17 26 21 42 38 22 -18 -23 -25 -20 39 30 31 -30 -4 -29 -33 34 -31 36 -36 -38 -21 40 -17 -41 48 57 45 47 -47 -45 51 -50 -51 54 -53 -46 -16 -56 -57 -44 59 60 -59 -62
right_child=-2 2 3 -5 -6 6 9 -9 -10 -11 11 -13 13 -15 15 16 18 -19 25 20 -22 23 -24 24 -26 -27 -28 28 29 33 -32 32 -34 -35 35 -37 37 -39 -40 41 -42 -43 43 44 53 46 -48 -49 49 50 -52 52 -54 -55 55 56 -58 58 -60 -61 61 -63
leaf_value=-0.031689694038970179 -0.039105953182508868 -0.001198629123635117 0.05521014802061202 0.018124767606145297 -0.021443776668259602 0.63102746948670763 0.49119030312385475 -0.024559040394623668 0.025234515332640234 0.13193530900509229 -0.015453930307750838 -0.040121093508385886 0.021784713971101828 0.15081488637609047 -0.019691617293188218 0.050640161938219491 -0.0046903848547825587 0.046936192556278476 -0.042471332138969198 0.12828538048600752 -0.042067528417649033 -0.017574290043178585 0.016231162070536827 -0.037508918413796215 0.063642209645093456 -0.012568933082292517 0.05455259981203462 0.0082800870318448915 0.031377749841448227 0.0043997315974393667 0.012052291948038907 -0.033492061487742322 0.030831446392265996 -0.017074261571724328 -0.010188243600918802 -0.0021634388799690674 0.28074785886506087 0.11275964459717217 0.016000154752619854 0.018069215154713318 -0.021003598826519435 -0.010952982586841601 -0.028273993433701641 0.034614475712169489 0.018031280516694292 0.17178701602657184 0.052722352281623967 -0.0021603895876993267 -6.2334064177730272e-05 -0.0018540505563808332 0.043138407905636222 0.067549802012587229 -0.0095020963556453272 -0.014290805574839929 0.028118203775914515 -0.052268453824611316 0.044522005930679155 0.077102168330541482 -0.03570281234496038 -0.018397582913389412 0.055468132820973265 -0.034111748420847528
leaf_weight=66.034399894648232 214.46463455090998 4212.9104401910445 39.614461615798064 327.64408780331723 149.72135535249254 0.58524266473250719 0.64510958531172846 9.6547090034000558 1.3252687675994819 3.8071147980517708 57.719314955873415 58.971507705398835 6.0704337591305375 5.6647235788404924 39.269551202945877 38.007969822967425 567.74522947287187 45.422778343781829 70.775565633317456 10.546930518466985 5.6432409116532645 307.37816099170595 225.25959349214099 11.274811421462802 19.749841034354176 305.66059141617734 17.626903712982312 63.618645746319089 117.02502574061509 224.70320368744433 441.86223191069439 116.89378638647031 14.377812430262564 97.797363004647195 4.9722010141122182 9.002452554064801 3.7103316654684004 4.4289177561877295 6.1625609612092367 75.715919709764421 18.212985826423392 259.36514315707609 155.03108207869809 77.29541193501791 80.278510435076896 7.3830717184464474 22.776785459602252 116.48786369763548 213.56920033635106 102.03856213123072 203.30016514775343 11.595697378099429 396.44345034641447 192.5114471532288 212.65703562618 22.91018266545143 11.923161804676054 25.795461941626854 59.447239490691572 48.4231757990201 24.349143197527155 25.004331762320362
leaf_count=13103 295937 145248 1164 5474 67524 84 180 5648 591 1283 1921 7540 262 197 478 574 12285 299 4141 259 1188 46343 5556 2300 2540 8794 231 5969 4645 7358 24656 4738 76 9168 1051 705 192 255 292 547 1002 2458 9843 2955 7429 285 1215 6869 5857 2141 6541 520 16695 17517 2344 745 65 756 4814 3038 249 2095
internal_value=-0.000223693 0.000604249 0.000817378 0.00291306 -0.00189342 0.00197542 0.061483 0.0143219 0.210806 0.18399 0.00179556 -0.0176866 0.00136171 0.0840694 0.00227941 0.000683751 -0.00369961 0.00696171 -0.00691213 0.00483713 0.054321 -0.00315947 0.00125255 -0.0134985 0.0268824 -0.018191 0.00252144 0.00793436 0.0023103 0.00966498 0.0156032 -0.0151108 -0.0264469 0.0022917 0.00996515 0.0665164 0.113673 0.189338 0.0868739 0.000177604 0.0274309 -0.00439504 0.00429718 -0.00158206 0.00722606 0.0218495 0.0818691 0.0125082 0.0083409 0.0165107 0.0281028 0.00223929 -0.00731243 -0.00477884 0.0158307 0.0214671 -0.0191379 -0.0145248 -0.00287815 0.0129129 0.0330882 0.0100836
internal_weight=10286.3 10071.8 10005.8 5643.13 4362.63 5315.49 16.0174 11.5652 1.91051 4.45222 5299.47 128.426 69.4545 11.7352 5171.05 4033.04 1962.2 454.352 1507.84 2070.84 22.3527 1131.41 793.005 338.403 31.0247 376.436 408.929 1138.01 656.53 461.639 481.477 194.89 131.272 344.614 246.817 22.1139 13.1115 8.13925 16.7095 391.302 56.221 335.081 2048.49 834.784 496.733 223.943 30.1599 193.783 1213.71 518.908 305.339 694.799 408.039 272.79 286.76 247.49 34.8333 338.05 183.019 123.572 75.1489 49.3535
internal_count=786229 490292 477189 264417 212772 258943 7786 6323 675 1463 251157 9920 2380 459 241237 181260 87070 5111 81959 94190 1739 69024 17841 51183 4840 12935 4812 59977 34157 23374 25820 10783 4814 18729 9561 2203 1498 447 551 4581 1576 3005 92451 57065 36270 11324 1500 9824 35386 14539 8682 20847 17215 24946 3632 3154 810 20795 10952 6138 3100 2344
is_linear=0
shrinkage=0.05


Tree=76
num_leaves=63
num_cat=0
split_feature=36 13 26 53 48 33 36 51 26 9 46 17 53 42 11 1 5 3 48 23 4 42 39 48 51 51 23 35 17 50 45 3 53 42 45 42 44 5 40 36 48 48 44 38 40 40 43 14 48 43 46 48 40 39 29 11 1 36 55 48 46 29
split_gain=130.93 25.8615 24.1855 20.1067 27.1128 22.2983 30.3697 24.7982 23.8303 23.6631 38.754 23.4313 23.9137 23.019 19.834 30.6115 38.5451 35.3096 16.292 20.325 28.3068 37.7609 36.0623 32.1251 19.6183 16.7191 24.8376 16.1907 16.1307 19.8943 21.8241 16.0983 15.9215 15.8303 26.1535 24.797 29.7413 18.2483 20.3786 19.9682 17.9117 17.3843 17.7229 19.1849 23.2517 17.037 16.9352 16.6031 26.3355 21.185 22.6739 20.2032 19.9518 18.5952 18.3816 18.2429 17.8414 16.5209 16.6003 20.1511 27.4852 31.0437
threshold=285.58824157714849 -47.793565750122063 -2.6791095733642574 1089.1666564941409 -0.69827961921691883 -0.31894196569919581 277.35295104980474 11.469362735748293 -1.1251268386840818 282.13659667968756 0.76962852478027355 -45.287057876586907 32.083333969116218 0.36287689208984381 289.75788879394537 288.95602416992193 287.86909484863287 288.36508178710943 0.95832794904708873 -12.098024368286131 227.52636718750003 5.4705276489257821 -8.8888878822326642 0.97297734022140514 13.124438285827638 83.544883728027358 -27.873254776000973 -0.65229985117912281 -35.183336257934563 67.466682434082045 0.61664009094238292 273.79550170898443 85.500000000000014 13.584915161132814 -1.9752941131591795 4.1132049560546884 -0.71597671508789051 241.65325927734378 2.0588226318359379 207.35294342041018 0.11755901575088502 -0.39245748519897455 1.2060203552246096 -6.0588302612304679 6.4705886840820321 10.313728332519533 -14.039649963378904 -27.046791076660153 -0.57820284366607655 7.0377502441406259 1.1973409652709963 -0.20123150944709775 10.470588684082033 -8.2694282531738263 13.110123634338381 264.82698059082037 259.71681213378912 197.94117736816409 -0.7865660786628722 0.90649205446243297 3.8410034179687504 17.840677261352543
decision_type=2 2 2 2 2 2 2 2 2 2 2 2 2 2 2 2 2 2 2 2 2 2 2 2 2 2 2 2 2 2 2 2 2 2 2 2 2 2 2 2 2 2 2 2 2 2 2 2 2 2 2 2 2 2 2 2 2 2 2 2 2 2
left_child=1 14 -3 4 -4 7 18 32 27 31 -11 12 13 -8 -1 16 -16 -18 33 25 23 22 -22 24 -21 -20 -27 -9 -2 -30 -31 -10 -6 34 37 57 46 38 -7 -40 -41 -38 43 44 -43 -42 -37 48 49 50 -35 55 53 54 -53 56 -49 -36 59 60 -59 -62
right_child=28 2 3 -5 5 6 11 8 9 10 -12 -13 -14 -15 15 -17 17 -19 19 20 21 -23 -24 -25 -26 26 -28 -29 29 30 -32 -33 -34 47 35 36 41 -39 39 40 45 42 -44 -45 -46 -47 -48 51 -50 -51 -52 52 -54 -55 -56 -57 -58 58 -60 -61 61 -63
leaf_value=-0.023741163344135015 -0.049016433200753287 -0.029957043752342306 -0.024410225622762141 0.014135692452638425 -0.02702250932204435 0.0084022031643518451 0.31195994920685299 0.025375327339298606 0.074785778954821983 0.31315128183566809 0.035887815938352878 -0.025564258485111631 -0.011135467812715275 0.066152568570380307 0.046144641937382574 -0.012862997088706607 0.75805779421402963 0.07742897878629984 -0.036680673163840431 0.0041826926766573196 0.037644909839554173 -0.051907546792676056 0.21940160719322632 0.022192232124187125 -0.041766687096858712 -0.050468784973251517 0.21119455225885045 -0.0041412488970536581 -0.02501317191210066 -0.050058059990484897 0.31603607382711457 -0.0092237830229663764 0.019186332499516484 0.043951986174160601 0.027899230630005857 -0.052619673002260538 -0.0060057467733184398 -0.015070004154295656 -0.051891522167953591 -0.01405873347578853 0.016430181408991388 0.034740910745197695 -0.0096903524905534288 0.031825423456697387 0.14360657127233364 -0.0041328363017491066 0.0056672143767672904 0.00053358544477224697 -0.0028426813806528453 -0.024845990581561617 0.19110260673854873 0.023294443044433344 0.0058328565208313025 0.090736833592035049 0.081501159818253566 0.026226034571240949 -0.047479657103405321 0.0030263005087989262 -0.0010880129861548767 -0.0046937872347223254 0.0059898583348390435 0.04627337121720615
leaf_weight=184.40472012851387 148.19256192614557 62.551304545544554 105.17632649891311 292.900921275781 50.988562074431684 335.78098750440404 1.3152004456496778 147.98550437152153 15.358976433519279 2.3146437865216276 2.7667453096946701 155.90124235593248 7.0232075316598639 3.4530937531962991 19.062120184011295 52.344316573115066 0.37115564092527975 0.39159734954591841 78.732131511671469 36.443671862129122 6.6847123950719842 5.1141444216482332 4.6118634622544059 55.848113335669041 64.06572955660522 1.9229803860653194 1.7163842637091864 67.719789901282638 3.9723958880058481 0.65347318444401015 1.079709639190696 9.0699266591109318 29.383846204786096 6.7083033533999679 54.232668794691563 12.588527848944066 34.998665268765762 348.88567146041896 23.087464299052954 331.11292704893276 130.43661837466061 10.629023663001137 21.283030113903806 121.465282372199 9.107174165081231 442.29036612738855 1240.438460591482 116.64722651988268 346.20561928162351 4.7637502109864718 4.293218017090112 133.03551784623414 99.092574211303145 13.399418955668805 15.103523184778167 56.540593712823465 23.196017223410308 269.95824156003073 4026.6244404851459 233.68178994092159 88.526355060515925 104.02263484057039
leaf_count=65266 262326 10268 12085 5653 3317 3585 128 8205 302 232 288 54082 3023 679 5313 39909 209 241 9845 897 359 269 219 700 1524 288 135 3619 3357 682 350 361 1465 285 343 471 394 33539 150 7522 2831 364 321 874 320 11550 53803 1892 26153 348 227 2674 3018 102 317 871 382 7432 112412 10031 4472 3851
internal_value=-6.84603e-05 0.000627347 0.00103485 0.00123258 0.000835242 0.00111752 0.000656561 0.013974 0.021874 0.064015 0.162185 -0.0204242 0.0475354 0.133952 -0.0150444 0.00717742 0.0600908 0.408623 0.00105317 -0.0113995 -0.00165513 0.0608159 0.111848 -0.00821186 -0.0251059 -0.0318376 0.072936 0.0161087 -0.0458402 0.0366577 0.178005 0.0435948 -0.0101287 0.00142013 0.000729082 0.00219824 0.00792396 -0.00494808 -0.0021514 -0.00597446 -0.00480156 0.0259585 0.0328435 0.0392545 0.0849764 0.000550321 0.00508164 0.00803466 3.52958e-05 0.0632357 0.101376 0.0143704 0.0234959 0.0343309 0.0292289 0.00225954 -0.00743045 0.000459675 0.000144583 0.00727369 0.0133203 0.0277526
internal_weight=10277.7 10123.8 9867.19 9804.63 9511.73 9406.56 9080.97 325.588 245.216 29.5103 5.08139 167.693 11.7915 4.76829 256.574 72.1692 19.8249 0.762753 8913.28 255.14 172.768 16.4107 11.2966 156.358 100.509 82.3715 3.63936 215.705 153.898 5.70558 1.73318 24.4289 80.3724 8658.14 7839.15 6227.56 1450.51 1611.59 1262.71 926.927 903.84 197.483 162.485 141.201 19.7362 572.727 1253.03 818.986 361.971 15.7653 11.0015 457.015 260.631 161.538 148.139 196.384 139.843 4777.05 4722.81 696.189 462.507 192.549
internal_count=786130 519415 408477 398209 392556 380471 362682 17789 13007 1183 520 57912 3830 807 110938 45672 5763 450 304770 14236 3968 847 578 3121 2421 10268 423 11824 266715 4389 1032 663 4782 290534 254265 195088 56547 59177 25638 22053 21903 2273 1879 1558 684 14381 54274 36269 27013 860 512 9256 6111 3093 2991 3145 2274 138541 138198 25786 15755 8323
is_linear=0
shrinkage=0.05


Tree=77
num_leaves=63
num_cat=0
split_feature=3 44 41 13 5 42 44 17 37 5 47 39 49 35 11 47 41 39 46 40 51 52 46 7 52 49 39 44 37 44 5 28 31 43 34 22 39 44 11 42 43 49 43 23 10 23 40 40 47 44 4 18 18 5 37 49 52 16 40 17 40 49
split_gain=123.825 30.4487 20.6661 20.4395 21.9928 16.9428 33.4389 18.3355 22.0787 16.5952 18.311 22.4702 31.6021 31.9325 16.6564 33.2192 15.7273 27.8359 23.2392 17.8022 15.6467 15.2764 15.1308 16.5046 15.2654 14.9854 14.7169 14.6122 17.2052 14.0832 18.9746 21.2345 20.1149 16.318 19.4194 15.1168 14.0329 14.0841 13.9286 13.7021 18.7599 23.1559 21.1509 21.7956 33.4249 18.2499 31.0593 17.6236 21.2602 17.6173 16.7483 24.6464 16.6314 19.1582 20.468 17.8195 21.8856 16.5712 20.552 19.9623 16.4746 19.0216
threshold=284.64356994628912 -3.2881050109863277 -2.26288890838623 -47.793565750122063 284.34280395507818 1.9255371093750002 -0.17906951904296872 -45.287057876586907 284.46260070800787 224.38174438476565 1.7053138613700869 -39.650695800781243 280.56040954589849 25.378603935241703 271.72805786132818 2.8915948867797856 8.1805844306945819 -4.993464231491088 2.2705450057983403 -0.37255859374999994 92.47949600219728 0.70361298322677623 5.3820858001708993 211.33039093017581 22.58397197723389 256.94619750976568 -20.072621345520016 2.1701450347900395 244.07044982910159 3.1649208068847661 209.49958801269534 23.298627853393558 21.300905227661136 -21.335792541503903 10.479362964630129 -12.159868240356444 -36.547565460205071 0.21576118469238284 253.43865966796878 15.213485717773439 1.7528839111328127 261.63801574707037 -2.6919174194335933 -44.897481918334954 275.01742553710943 -31.233216285705563 3.7255096435546879 -3.0392150878906246 -2.3608226776123042 -8.1343212127685529 234.39995574951175 -19.239023208618161 -38.419643402099602 275.86897277832037 280.49746704101568 275.32183837890631 25.986444473266605 -18.733367919921871 -0.098037719726562486 -9.9152107238769513 8.2941284179687518 267.56375122070318
decision_type=2 2 2 2 2 2 2 2 2 2 2 2 2 2 2 2 2 2 2 2 2 2 2 2 2 2 2 2 2 2 2 2 2 2 2 2 2 2 2 2 2 2 2 2 2 2 2 2 2 2 2 2 2 2 2 2 2 2 2 2 2 2
left_child=2 21 -1 4 -4 7 39 8 -5 16 -11 -12 14 36 -13 -16 17 19 -19 26 29 -2 23 -8 -25 -24 -9 -21 -29 -18 32 33 -31 -32 -35 38 37 -14 -36 40 42 -42 45 44 -44 -7 57 -41 49 -49 -51 -52 -45 -54 -55 -56 -57 58 -47 -59 -43 -62
right_child=1 -3 3 5 -6 6 22 9 -10 10 11 12 13 -15 15 -17 20 18 -20 27 -22 -23 25 24 -26 -27 -28 28 -30 30 31 -33 -34 34 35 -37 -38 -39 -40 47 41 60 43 52 -46 46 -48 48 -50 50 51 -53 53 54 55 56 -58 59 -60 -61 61 -63
leaf_value=-0.043156966789036133 0.081091128806937404 -0.045881182716514535 -0.018503384213970676 0.13340614449413643 0.23399408321664841 -0.022499705640339068 0.077675088760885191 0.0099859480663680826 -0.05055827200293516 -0.0024448551570978947 -0.033924020554897932 -0.016120676283775632 -0.0077611510290540283 0.19115190231370741 -0.027132337315729296 0.2069659751894124 -0.0022333790230879653 -0.027511167807258326 0.0042036670937030465 0.033366711531134179 -0.031945420204472365 -0.016975769627328198 0.039007870881818389 0.028060686881505981 -0.0014609397312263963 -0.014157366157581229 -0.029280950318407391 -0.017060670940730199 0.02392237754537925 0.0042818560600525911 -0.024049603895638275 -0.045525292485718322 0.058905162929820266 -0.027659673199693618 -0.019946084751623083 0.043292366151462862 0.00066943315531995849 0.11934650097395801 0.037827492509080456 -0.017079050524523687 0.0037007187286837344 -0.0025627435803178798 0.25423850860788705 -0.0087683464972114281 0.026318089763428185 0.099977311911481098 -0.013314639819448094 -0.0089791957386284767 0.016718977873586185 -0.019320405557335815 0.013664200517509937 0.097086478557027248 0.0069286612947328232 0.094931478581000192 0.13757231181761517 -0.03665098563591631 0.049611372054602254 -0.018830538505916858 -0.02144562882425554 0.021587409372693905 -0.031381894881718914 -0.0077620118710624297
leaf_weight=26.760340566048399 4.0956486923387265 168.48807370424038 155.34038643236272 5.2518854554509735 0.8672096225200211 107.63460481876973 13.619350910186766 110.69683078769594 2.3656143649131991 1270.5374859473086 110.78440990421223 221.65618985402398 3.4110184676828812 3.0770398797467342 3.8013793058344154 2.5200215636286885 1640.6211623041891 78.562914039939642 218.14955623075366 156.06619964074343 40.633715664502233 130.64800507936161 17.347486213315278 186.08997647324577 57.264254199806601 56.171000856906176 30.418923806399107 39.107071116566658 74.194467645138502 31.850680883973837 30.68017047829926 20.741875652223825 35.795132951810956 20.315304373390973 25.368632526602596 55.448733523022383 22.160217591095716 6.0354523665737361 17.719438990578055 63.603944241651334 1068.1800580151612 1032.9806928414619 1.6343252444639791 164.28562507161405 102.1371049170848 11.624456572812052 185.25994777400047 186.93239967478439 461.55373148003127 16.938320740126073 28.325506854569539 12.879584946669636 1056.8501404479612 12.405529832001774 2.9030478808563194 14.291401814203711 15.144793883780947 41.289552523521706 4.976985925808548 117.44359602313489 117.29838962689973 311.8553369716974
leaf_count=6001 574 284566 42971 409 169 10257 67 763 892 90997 21535 16638 434 159 394 316 18778 526 1172 1182 843 84834 156 2907 1005 922 156 364 771 237 643 1004 243 205 668 717 1569 267 383 1052 18317 40210 169 17705 13064 323 7677 13711 15272 149 578 172 33146 396 210 1379 689 1274 671 1242 6577 14904
internal_value=-0.00023807 -0.0317123 0.000723069 0.000841642 -0.0171016 0.00112921 0.00297294 -0.0012278 0.076276 -0.00136605 -0.00530572 -0.0150389 -0.00707366 0.0373908 -0.0138383 0.0661908 0.00109999 0.00747391 -0.00419372 0.0159077 -0.00124874 -0.0139949 0.0183892 0.0241116 0.0211139 -0.00161245 0.00152157 0.0234443 0.0097767 -0.000584756 0.0107836 0.00188369 0.0331861 0.00845987 0.0168518 0.0260287 0.0224216 0.0734493 0.00381259 0.0019814 0.000897201 -0.00189538 0.0047419 0.00787807 0.0299077 -0.00443196 0.000961125 0.00813017 0.0103993 -0.00150271 0.0225343 0.0397397 0.00607218 0.00828541 0.0403313 0.0193863 0.00773062 0.016045 0.0635756 0.0110739 -0.00598367 -0.0142179
internal_weight=10233.1 303.232 9929.86 9903.1 156.208 9746.89 5468.92 4277.97 7.6175 4270.35 1643.98 373.446 262.661 34.6837 227.978 6.3214 2626.37 707.196 296.712 410.483 1919.17 134.744 330.492 256.974 243.354 73.5185 141.116 269.368 113.302 1878.54 237.92 170.274 67.6458 149.532 118.852 98.5368 31.6067 9.44647 43.0881 5138.43 4368.2 2530.31 1837.88 1369.65 103.771 468.229 360.595 770.233 706.63 245.076 58.1434 41.2051 1265.88 1101.59 44.7448 32.3392 29.4362 175.335 16.6014 158.733 1462.13 429.154
internal_count=785581 369974 415607 409606 43140 366466 204201 162265 1301 160964 132309 41312 19777 2429 17348 710 28655 4934 1698 3236 23721 85408 5057 3979 3912 1078 919 2317 1135 22878 4100 3620 480 2616 1973 1768 2270 701 1051 199144 168210 80008 88202 66758 13233 21444 11187 30934 29882 14610 899 750 53525 35820 2674 2278 2068 3510 994 2516 61691 21481
is_linear=0
shrinkage=0.05


Tree=78
num_leaves=63
num_cat=0
split_feature=4 38 50 16 52 53 52 41 39 11 26 41 41 53 50 41 53 29 52 38 40 40 5 23 41 53 53 44 4 10 47 15 52 17 44 23 39 39 9 22 38 40 32 40 41 25 46 47 10 52 27 20 52 13 16 38 43 5 23 43 52 38
split_gain=117.019 27.2547 27.9851 44.4465 25.3052 19.3823 20.2215 18.0058 17.0854 15.6948 53.677 18.5202 40.3812 14.8235 14.3653 13.9562 32.9847 13.8748 20.891 12.7296 11.153 17.6354 26.7662 26.1191 24.3329 29.925 22.8911 37.3361 33.861 19.9014 30.19 19.2846 18.2898 25.5531 30.2986 29.3575 21.4761 20.8781 26.1861 20.6429 24.073 20.2201 19.0195 18.9767 20.0131 21.2703 17.3828 27.3568 20.7954 17.3327 17.2848 20.532 17.1775 16.945 16.8902 18.9999 17.5421 16.7645 29.3454 26.8843 22.142 17.2346
threshold=288.15107727050787 -40.235282897949212 84.194976806640639 -53.32746505737304 4.3194870948791513 42.100000381469734 146.5573425292969 -2.0488982200622554 -48.074802398681634 292.15977478027349 11.418201446533205 11.48729181289673 12.330671787261965 -4.9999999999999991 42.184257507324226 2.024693608283997 -24.833333015441891 20.855533599853519 29.058574676513675 -44.352928161621087 1.3137207031250002 -1.1764755249023435 270.94049072265631 -28.326768875122067 1.6063941121101382 1089.1666564941409 37.250000000000007 -16.738119125366207 263.89553833007818 289.58735656738287 0.14361494779586795 -12.908006668090819 29.604763031005863 -26.623605728149411 -1.6398582458496092 -31.987560272216793 -22.190997123718258 -45.176469802856438 277.43476867675787 -43.239311218261712 -31.176460266113278 -2.7254943847656246 0.062178058549761779 -3.0392150878906246 0.28951856493949896 -1.1176519393920896 7.1175088882446298 0.51882392168045055 262.37318420410162 45.833921432495124 -0.96537256240844715 -42.237125396728509 31.411128044128422 -47.307645797729485 -17.485408782958981 -18.176483154296871 0.64360046386718761 231.42743682861331 -12.714762687683104 -10.759521484374998 95.494766235351577 -3.6470565795898433
decision_type=2 2 2 2 2 2 2 2 2 2 2 2 2 2 2 2 2 2 2 2 2 2 2 2 2 2 2 2 2 2 2 2 2 2 2 2 2 2 2 2 2 2 2 2 2 2 2 2 2 2 2 2 2 2 2 2 2 2 2 2 2 2
left_child=1 2 9 4 -4 6 8 -3 -5 -1 11 -11 -13 14 15 16 -9 -16 -19 -10 21 23 26 24 32 -26 27 28 -23 -24 -31 -25 36 34 35 43 37 42 -39 40 -40 -42 50 -34 45 -45 47 -28 54 -47 51 -15 -36 -32 55 -49 -56 60 59 -59 -22 -61
right_child=-2 7 3 5 -6 -7 -8 13 19 10 -12 12 -14 20 17 -17 -18 18 -20 -21 57 22 29 31 25 -27 46 -29 -30 30 53 -33 33 -35 52 -37 -38 38 39 -41 41 -43 -44 44 -46 49 -48 48 -50 -51 -52 -53 -54 -55 56 -57 -58 58 -60 61 -62 -63
leaf_value=-0.033711383332375375 -0.044591813247243761 -0.036730222724420829 0.49137660954193818 -0.014987423843878007 0.041490250966337981 -0.010722490814973343 -0.034958299405419106 0.15049890858863602 0.22029348152603104 -0.050065359373155788 0.80235524268964697 0.61086865594789752 -0.050224211968343806 0.014551784054224968 -0.0033254828465331728 -0.017883812933065551 -0.0052486798915378843 0.060258423503785352 -0.025024531174536947 0.083893756983209 0.0022660091636520691 0.010509771776251413 -0.025565911280248273 -0.021738196606361729 -0.013695102280530575 0.064194413256739954 0.0020069475283038783 0.01802223179605307 0.22709759334821761 0.0028382232572246573 0.35597946165566496 -0.0019107337985800298 0.01125980413028716 0.0025850394223771202 0.14067003755618948 0.22196050928315733 0.074273031098549019 0.0138639919971361 -0.023598841872051596 -0.020066666918948386 0.00033888353009030634 0.11685588616224746 0.0052189202272481319 0.059239172431391741 0.026468577062540206 0.099669585152122625 -0.023117500061201082 0.012617949479525476 -0.0056235030348475434 0.22727149662365062 0.15954788272752862 0.16582630962897268 -0.02147268950590964 0.061502807386572905 0.031615751155511275 0.11984734924914708 0.0019165052579061847 -0.031028101133241833 -0.023976135475210464 -0.0015861702439747027 -0.027854243894594191 0.024043639014524432
leaf_weight=133.02390630735317 146.82973588071764 31.935729635413736 0.73193904547952005 2.7981951839174135 0.54553374834358692 60.841301872511394 4.5912430125172241 4.1386415179003988 2.5629920628271066 2.5328691180911846 0.234598314447794 0.37777799769537512 0.59448608651291579 10.209502967889421 138.79390165477525 266.98351177194854 19.033309890131932 22.297515696613118 10.591908937785773 5.1427215214353046 4427.4867276974255 3.2140660816803566 86.131399957463145 188.35291218222119 197.47253951377934 13.152847167919388 783.46397376526147 331.87762374646263 4.1148994511459023 6.5705974843585846 1.1030713001382535 351.48482432682067 14.645647913566789 55.444324278796557 1.8057502188603418 2.9217620578128836 11.256408356130121 185.98508940520696 13.051681241253393 153.45705051574623 6.3413673545001066 9.0192909915931505 18.809016162937041 11.117906305065841 11.613406435295472 5.8283909984747915 50.031074043363333 7.1865670606493977 65.640271392883733 4.8975352018023841 4.7031804674770674 2.874605418415741 17.118888413882814 0.87684329674812023 161.98971483763307 9.7163811125792545 71.739186819177121 75.669515811372548 163.17878114851192 1686.5898887920193 61.867951628752053 68.245865917066112
leaf_count=97949 252452 6493 26 1632 474 20750 1173 313 132 2994 222 253 433 1317 7330 12425 1310 343 349 508 65620 105 21739 5140 11331 183 18719 9675 349 2771 210 2657 1200 1101 217 155 62 6042 3292 13866 329 459 2706 486 1059 439 1091 564 5132 205 211 48 2488 268 2108 422 846 10969 6931 172452 1747 1214
internal_value=-0.000277235 0.000369168 -0.0172847 0.00678031 0.299257 0.00186001 0.052574 0.000752596 0.0908343 -0.0308714 0.0701487 0.0211422 0.206647 0.000874493 -0.00787011 -0.0146533 0.0225687 0.00359382 0.0327934 0.129262 0.00130605 0.00389797 0.00743431 -0.000438135 0.00558736 -0.00883116 0.00907347 0.0204873 0.132115 -0.0183433 0.0544117 -0.00882867 0.0111998 0.0279373 0.0480325 0.0680732 0.00615113 0.00425521 0.000672075 -0.0128184 0.0263302 0.068754 0.0402717 0.0587261 0.0795042 0.107701 0.00570614 0.00701743 0.0194293 0.157934 0.077338 0.0477871 -0.00600136 0.225565 0.0259906 0.074257 0.0225001 0.000156535 -0.00365886 -0.0018477 0.00185092 -0.000589423
internal_weight=10212.8 10066 213.978 77.2139 1.27747 75.9365 15.0952 9852.03 10.5039 136.764 3.73973 3.50513 0.972264 9820.1 461.839 290.155 23.172 171.683 32.8894 7.70571 9358.26 2875.22 1583.66 1291.56 751.726 210.625 1488.97 339.207 7.32897 94.6819 8.55051 539.838 541.101 125.394 69.9493 51.0246 415.707 404.451 367.854 181.869 28.4123 15.3607 36.5963 48.1029 33.4572 21.8438 1149.77 1099.74 316.272 10.7259 17.7873 13.0841 18.9246 1.97991 250.632 16.9029 233.729 6483.04 1993.68 1830.51 4489.35 1754.84
internal_count=785486 533034 126546 24695 500 24195 3445 406488 2272 101851 3902 3680 686 399995 22070 14048 1623 8022 692 640 377925 118992 63999 54993 47196 11514 39011 10129 454 24988 3249 7797 35682 7350 6249 3544 28332 28270 23988 17946 4080 788 4282 3389 2189 1130 28882 27791 9072 644 1576 1365 2705 478 3940 986 2954 258933 191566 184635 67367 173666
is_linear=0
shrinkage=0.05


Tree=79
num_leaves=63
num_cat=0
split_feature=36 17 40 52 4 45 47 41 51 40 40 50 48 48 48 32 30 52 38 1 48 50 48 48 40 50 48 42 31 11 29 31 38 32 25 51 35 28 29 42 36 11 46 45 42 44 42 48 28 28 17 48 40 41 36 46 32 55 5 21 50 32
split_gain=117.349 21.9216 37.2263 25.5754 21.1371 28.3097 20.4163 19.1505 17.9048 17.7724 25.4527 20.827 17.1648 23.47 18.0917 21.7957 17.0267 19.0776 32.9633 20.1018 16.2401 16.1977 15.4428 28.3715 14.9236 16.0224 14.8299 20.2912 16.131 15.7327 15.1802 27.9329 15.4159 20.0257 24.6689 16.0967 14.8271 20.6598 20.4384 18.0792 19.9998 14.6728 24.8662 14.2211 28.4097 34.5372 23.6041 23.5414 23.1363 27.7845 22.7569 22.468 29.3032 21.4276 19.7363 18.4422 20.5974 18.1655 17.6373 28.085 44.7197 21.6
threshold=285.58824157714849 -29.496982574462887 5.9608001708984384 41.616329193115241 278.61642456054693 -0.16481590270996091 -2.7687745094299312 4.5955033302307138 36.701768875122077 -0.56863403320312489 -3.3725509643554683 17.951110839843754 -0.10015028715133666 -0.043153882026672356 -0.15365490317344663 4.2448143959045419 16.240816116333011 5.0382971763610849 -27.294120788574215 270.84428405761724 1.0000000180025095e-35 41.083293914794929 0.63133245706558239 0.63953983783721935 -1.6078414916992185 9.2810921669006365 0.096768677234649672 19.432098388671879 10.324319839477541 292.74923706054693 3.5945463180541997 4.6230614185333261 -35.411766052246087 10.151363372802736 8.9818716049194354 186.053825378418 -0.76137718558311451 -2.3627362251281734 -1.3817310333251951 7.7585144042968759 276.17646789550787 290.05976867675787 0.71564197540283214 -1.9752941131591795 4.2739639282226571 -1.1407985687255857 9.2958908081054705 -0.67741933465003956 3.6376352310180669 3.5748949050903325 -13.95042037963867 0.11192005872726442 7.4705810546875009 9.6109881401062029 208.529411315918 -0.13434076309204099 22.655402183532718 0.91597560048103344 225.14548492431643 -40.866615295410149 131.77647399902347 4.4634461402893075
decision_type=2 2 2 2 2 2 2 2 2 2 2 2 2 2 2 2 2 2 2 2 2 2 2 2 2 2 2 2 2 2 2 2 2 2 2 2 2 2 2 2 2 2 2 2 2 2 2 2 2 2 2 2 2 2 2 2 2 2 2 2 2 2
left_child=1 2 9 7 8 -6 -4 12 -5 10 -1 -12 14 -14 -3 21 17 18 19 -8 -11 -16 -19 -24 25 -9 27 28 29 -22 -28 -32 35 34 -34 -33 37 -13 -38 40 -39 -21 -43 48 47 46 55 -45 49 53 -50 -52 -53 -26 -54 -46 -57 -47 61 60 -60 -49
right_child=-2 3 6 4 5 -7 16 24 -10 20 11 36 13 -15 15 -17 -18 22 -20 41 26 -23 23 -25 43 -27 30 -29 -30 -31 31 32 33 -35 -36 -37 38 39 -40 -41 -42 42 -44 44 45 57 -48 58 50 -51 51 52 54 -55 -56 56 -58 -59 59 -61 -62 -63
leaf_value=-0.030719146993770281 -0.04639093550054918 0.0076708771571588055 -0.027725951471091033 0.046071675311798434 0.12313436008214228 -0.040095902192077593 0.23734439141280017 0.019092526224679982 -0.011183966441833585 -0.03300048167863788 -0.024737902818927879 -0.020790277061735331 -0.01916663090229917 0.012041994562040231 0.023671587061106687 -0.030699176840680645 0.0039203516892460655 -0.013702363669437528 0.28154810472196251 -0.021648058312746923 -0.011004746014861557 0.089690134598025065 0.23481930615993393 0.030089053522867112 0.01352080661099486 -0.02389871156788741 -0.030550880829142535 0.20709047474289888 0.21824017371988313 0.23154587409248073 0.31703940295260691 -0.031366308616512288 0.024376093889328748 -0.015136254290847509 0.17295551349292668 0.26084803636862475 -0.020375304256185289 -0.01380246392851496 0.014052157234524501 0.13319611520749008 0.069105317341541059 0.43086329634626175 -0.050685040473470271 -0.046327699899723546 0.016204209055446936 0.027785020362097457 0.015382268552060816 0.0356892694350864 -0.022234995045448319 0.073450940002394521 -0.013367404598545921 0.027354266743340617 -0.046558465178757766 -0.019503406114097357 -0.00038378405843282533 -0.00039309900401242147 -0.025767053889835446 -0.022036401103828915 0.013450669706710317 -0.0073379387751730798 0.15614939267507055 0.002105083878243891
leaf_weight=75.108014048251789 135.38766538791242 1451.720331070188 33.711164768552408 13.978483535815029 6.8197000890504569 4.3509866929380205 1.2020339737646279 26.924691429710947 588.99609477963531 147.82319226319669 59.098572025250178 13.221065366989931 138.78697709151311 106.44826073525473 18.778390108724125 8.9194938495056686 161.60456585179782 21.081699916452635 1.9493425535038094 5.0855051804101095 12.30749916232889 18.389483849867247 1.7415470589185122 59.75170829257695 215.22244738391601 111.10076662839856 89.503812658658717 1.5522170870099206 0.92521470086649138 0.70696183241671029 0.6775858904584301 43.305166692705825 28.934057808772195 37.43204467697069 3.0922095900168634 0.47645811410620709 66.2013168654521 11.904292196966709 123.59314796375111 5.791412978898733 18.701404816994909 0.51826361869461812 0.55534876440651715 26.803393588052131 110.34810438286513 267.33325653144857 305.85493301763199 48.716497760498896 181.88383343850728 16.143590080202557 366.48755144071765 97.08670846815221 24.001474559307098 63.644029429415241 646.14442761801183 320.46054001059383 106.57821021112613 19.640157120767981 51.676273215678521 899.83677405351773 6.1429896177723995 2777.1957452252973
leaf_count=18635 266869 31200 8300 390 248 395 122 242 21921 54346 14726 2343 3417 4835 490 235 18913 4921 192 950 3435 349 292 15665 6453 1334 34410 333 70 360 231 21400 5862 6341 394 49 13735 886 25079 262 1947 162 271 1463 2817 2917 11854 280 23644 288 7475 1943 153 2930 16753 13752 4621 213 7211 63758 302 30720
internal_value=-0.000150622 0.000470818 -0.00644974 0.0012569 -0.00859409 0.0595561 0.0088301 0.00197438 -0.00985664 -0.0123771 -0.00470203 0.0018441 0.00664228 -0.00562003 0.00864999 0.0394913 0.0136916 0.030877 0.0987264 0.0503125 -0.0201963 0.0563355 0.0232268 0.0358872 0.000758041 -0.0155124 -0.0115502 0.0356071 0.016512 0.00217091 -0.0151415 -0.00303453 -0.00494973 0.00969694 0.0387218 -0.0281863 0.00840582 0.0327417 0.00204368 0.0521869 0.0368578 0.0138107 0.181772 0.00110084 0.00243093 0.00939266 0.00429375 0.000365976 -0.00297925 0.00967583 -0.00581702 -0.00318306 0.00168174 0.00598389 -0.00203754 -0.00201731 -0.0067258 0.0243753 0.000696761 -0.00516745 0.0286117 0.00268405
internal_weight=10209.4 10074 1027.56 9046.41 614.145 11.1707 287.201 8432.27 602.975 740.356 373.619 298.511 1743.04 245.235 1497.81 46.0874 253.49 91.8854 9.31049 7.36115 366.736 37.1679 82.575 61.4933 6689.23 138.025 218.913 15.4919 13.9397 13.0145 203.421 113.918 113.24 69.4583 32.0263 43.7816 239.413 49.6182 189.794 36.3971 30.6057 6.15912 1.07361 6551.2 4940.59 1130.22 843.242 3810.37 1610.61 295.01 1315.6 1133.72 767.233 278.866 670.146 537.387 427.039 286.973 3783.57 957.656 57.8193 2825.91
internal_count=786104 519235 254632 264603 22954 643 49788 241649 22311 204844 77613 58978 40526 8252 32274 1074 41488 22575 1697 1505 127231 839 20878 15957 201123 1576 72885 4198 3865 3795 68687 34277 34046 12597 6256 21449 44252 5438 38814 3095 2833 1383 433 199547 139908 36174 33044 103734 59639 9671 49968 26324 18849 9383 16906 21190 18373 3130 102271 71271 7513 31000
is_linear=0
shrinkage=0.05


Tree=80
num_leaves=63
num_cat=0
split_feature=36 41 0 25 34 42 40 49 25 39 27 51 39 49 49 48 48 49 48 48 36 39 4 51 49 52 39 53 5 35 48 29 5 48 36 52 22 48 41 52 29 5 49 41 13 53 49 22 28 49 47 55 47 14 35 49 42 49 49 40 48 39
split_gain=105.506 20.2646 17.3021 21.8554 43.0087 42.8303 80.9268 34.434 23.1621 21.8929 21.872 21.6119 21.248 17.9435 32.7245 33.1926 43.5349 30.6253 42.7946 65.1086 30.2618 28.7291 27.0868 27.5989 26.5663 40.6403 25.5866 33.0116 26.4871 39.7949 58.412 54.9748 25.3381 30.9338 31.5736 32.9681 25.23 24.7557 41.7949 31.6116 30.7572 33.7909 43.6816 31.9677 27.1346 27.1123 25.5558 24.5708 24.386 33.6565 24.4207 26.5242 23.8194 28.404 23.5922 22.8856 22.883 22.6276 34.0026 21.4812 32.3559 30.8085
threshold=285.58824157714849 -2.26288890838623 283.61671447753912 8.9818716049194354 11.526884555816652 0.89920043945312511 6.9803848266601571 288.95684814453131 0.27588653564453131 -25.587512016296383 -1.4288229942321775 2.8906853199005131 -43.681917190551751 270.26141357421881 274.13537597656256 0.8732551932334901 0.8529149889945985 259.93206787109381 0.95832794904708873 0.94361287355422985 207.94117736816409 -19.56281757354736 211.02016448974612 30.910787582397464 267.40522766113287 10.028089046478273 -13.182280540466307 44.666666030883796 251.61723327636722 9.9480543136596697 0.66015982627868663 2.7258491516113286 209.49958801269534 0.58063024282455455 201.47058868408206 10.028089046478273 -1.103085935115814 0.062224745750427253 -0.14935698360204694 41.616329193115241 5.8913326263427743 216.1795349121094 274.91055297851568 4.1989862918853769 -42.016866683959954 60.708333969116218 276.75975036621099 -5.9755342006683341 6.5152702331542978 268.59339904785162 -1.9273948669433592 0.78656607866287243 6.3749313354492196 1.0000000180025095e-35 27.782955169677738 288.78967285156256 1.1416168212890627 268.95562744140631 267.04945373535162 19.470581054687504 0.68227320909500133 -7.6092963218688956
decision_type=2 2 2 2 2 2 2 2 2 2 2 2 2 2 2 2 2 2 2 2 2 2 2 2 2 2 2 2 2 2 2 2 2 2 2 2 2 2 2 2 2 2 2 2 2 2 2 2 2 2 2 2 2 2 2 2 2 2 2 2 2 2
left_child=1 -1 13 8 5 6 7 -5 9 10 -4 -7 -6 17 15 16 36 21 19 22 -17 -3 23 -19 -21 -26 27 -24 29 31 -31 -29 33 34 35 -23 -15 38 45 44 41 42 -40 47 -39 -16 -44 -43 -33 50 -50 -52 53 59 55 -41 -54 58 -32 60 -34 -61
right_child=-2 2 3 4 12 11 -8 -9 -10 -11 -12 -13 -14 14 37 20 -18 18 -20 24 -22 32 26 -25 25 -27 -28 28 -30 30 57 48 52 -35 -36 -37 -38 39 40 54 -42 43 46 -45 -46 -47 -48 -49 49 -51 51 -53 56 -55 -56 -57 -58 -59 -60 61 -62 -63
leaf_value=-0.044582478715582879 -0.045436458676695046 -0.013190795635779479 -0.021481151598566506 -0.023296544469513139 0.011928658874525223 0.32049443787377274 0.69404171592369057 0.33931343904348366 -0.019818409075533869 0.082130841134735164 0.016099946318338245 0.032961647770672696 -0.028181450956794529 0.0099850645802978047 -0.014750195437919134 0.087967387452265317 0.10532997735781069 -0.0013287554373914382 -0.047320821569488643 0.10665176642818171 -0.028217257480176519 -0.028574690516214658 -0.016378950718899509 0.025033310082481903 0.13563145304189808 -0.04100280197416397 -0.014337105038705854 0.0037412956702902048 -0.014858858101722376 -0.022697750115969306 -0.010762497329167363 0.035505399348812028 0.0048474354298088532 0.0076439307438230242 -0.0352624444436501 0.038136215850321641 0.067679120638513432 -0.036237261352402815 0.066136126197501019 0.040490360505903517 -0.039268153342974489 -0.0030575698807455824 -0.019728096570486336 -0.021156276950601922 0.004142053327228533 0.024179013555297169 0.028196341470581573 0.098553779548379045 0.23491690102663954 -0.008533145046838362 0.017637104704735059 0.17445977792636047 0.016666520442457099 0.03568666094416769 -0.030245246520246651 -0.031600914146617802 0.078649400343136125 -0.041340941235290217 0.043280609891614717 -0.034035723886791353 0.027730402249898062 0.00055488067833776291
leaf_weight=25.37544752669055 129.16263953226735 268.39203718677163 72.070792191690998 1.8266520175966467 90.677897919260431 0.67370234359987335 0.73853091831551854 1.0204605857725253 353.12312594713876 8.282664140686391 83.654774382943287 21.814413292740937 51.925266349862795 1203.0028724964359 59.709269515471533 6.0224572867155066 12.327057468239216 413.63250055350363 58.304098917753436 18.045225051697344 80.758952292380854 36.432794190943241 329.0768865266582 130.63963518291712 4.8225855838973066 10.027719900012015 825.76516341767274 218.07906621252187 179.92732907674508 201.12766314577311 43.545309212757275 102.16407217644155 1187.7728210762143 173.53007748536766 135.38065576180816 37.667587213218212 19.252640515565872 43.789505861466751 33.304925739765167 120.98735469486564 76.585245816269889 490.95620862330543 64.309913804754615 375.48873315600213 833.9972850556951 178.2279700844083 49.021761361509562 6.0223973318934432 4.2920721208211043 5.7052944502793244 5.5432025550398976 5.2498697529081255 54.316085557453334 72.924957009032369 16.047312415670604 12.110670259455217 20.51439569471404 14.078396211843936 87.769380066543818 70.333903391379863 177.57360266428441 759.35040806140751
leaf_count=7794 266567 18176 15844 697 24701 228 200 113 116825 97 19427 6556 8377 38271 3686 25 218 2285 5932 627 5230 194 28076 738 357 753 18570 4822 22399 12625 4775 3470 14000 1020 744 210 88 7980 150 4516 5086 20870 370 22113 36192 8038 364 34 111 351 425 243 712 414 821 631 188 1074 3099 4363 4238 8809
internal_value=-0.000534361 4.30034e-05 0.00015602 -0.00750915 0.00811946 0.0671644 0.22765 0.10667 -0.0126069 0.00292019 -0.00129283 0.0415756 -0.0026764 0.000719218 0.00343538 0.00973574 0.0118368 -0.00105019 -0.0049567 -0.00400651 -0.0201543 0.00241742 -0.00490236 0.00499883 0.0658899 0.0163586 -0.00756709 -0.00289499 0.00222012 0.00668954 -0.00524385 0.0188149 0.00395426 -0.00796833 -0.0209012 0.00533659 0.0108938 -9.13622e-05 -0.00458455 0.00574372 -0.00870934 -0.00641285 0.0157954 -0.0101454 0.00212768 0.0144099 0.00100168 -0.00182624 0.0455504 0.0949116 0.134035 0.0939174 0.00590343 0.00498765 0.0270257 0.0339307 0.0336588 0.0189008 0.0253594 0.00396775 0.00782354 -0.00237743
internal_weight=10174.3 10045.1 10019.7 685.808 168.677 26.0738 3.58564 2.84711 517.131 164.008 155.726 22.4881 142.603 9333.91 3681.92 1321.36 1234.58 5651.98 2657.8 2599.49 86.7814 2994.19 2566.6 544.272 32.8955 14.8503 2022.32 1196.56 867.482 687.554 346.521 341.034 2725.8 383.011 209.481 74.1004 1222.26 2360.56 1333.63 1026.93 1095.69 1019.1 146.637 872.467 877.787 237.937 113.332 496.979 122.955 20.7904 15.0851 10.7931 2342.79 2267.96 149.145 133.098 74.8305 145.393 131.315 2195.03 1365.35 829.684
internal_count=785909 519342 511548 193065 40872 7794 1010 810 152193 35368 35271 6784 33078 318483 154683 43832 38577 163800 110732 104800 5255 53068 103063 3023 1737 1110 100040 81470 53394 30995 21573 9422 34892 2168 1148 404 38359 110851 60711 50140 48987 43901 884 43017 44172 11724 734 20904 4600 1130 779 668 32724 31824 5968 5147 900 8948 7874 31410 18238 13172
is_linear=0
shrinkage=0.05


Tree=81
num_leaves=63
num_cat=0
split_feature=36 0 41 39 11 53 49 35 25 25 50 53 36 49 35 51 14 34 53 39 48 49 49 54 29 48 53 4 51 40 42 27 41 49 21 55 40 35 25 49 49 39 54 53 55 49 32 5 49 48 54 16 12 49 48 49 48 45 29 46 35 48
split_gain=108.003 21.9458 18.5099 16.9669 23.3637 19.3685 25.2304 20.2834 34.0554 16.9626 22.497 20.4866 23.596 22.7267 19.3091 18.5948 30.8353 18.7892 16.3518 16.0205 20.5774 16.4564 35.5488 66.5051 49.834 37.0821 32.8603 31.4979 37.9076 30.9011 29.6367 29.257 27.5154 28.4428 46.5551 31.968 39.8096 29.7195 29.5699 29.161 25.9881 25.3389 42.1481 35.9584 24.7894 34.9699 31.2814 42.7887 24.2257 50.1892 37.0386 49.0874 40.931 34.8761 34.2449 35.8008 42.5945 42.1145 32.3306 27.8943 27.5188 24.2482
threshold=285.00000000000006 286.16719055175787 -2.0488982200622554 -49.283948898315423 285.37142944335943 -7.527777671813964 288.40032958984381 -0.53562742471694935 -1.1176519393920896 7.6689863204956064 298.22067260742193 1089.1666564941409 276.76470947265631 276.75975036621099 11.191325664520265 5.4678637981414804 -44.227954864501946 10.984889507293703 719.16668701171886 -1.2745085358619688 -0.62369728088378895 257.70365905761724 269.73658752441412 0.78656607866287243 18.315771102905277 -0.58530998229980458 126.50000000000001 245.5952072143555 29.188154220581058 -1.1764755249023435 1.882164001464844 7.131946563720704 1.4335562586784365 259.93206787109381 -19.297525405883786 -0.7865660786628722 11.392150878906252 5.8028364181518564 4.2516479492187509 259.31796264648443 264.80390930175787 -20.072621345520016 0.37940952181816107 12.733333587646486 -0.7865660786628722 266.77218627929693 34.458843231201179 241.09019470214847 274.13537597656256 0.8732551932334901 -0.6035533845424651 -38.561157226562493 -37.030818939208977 269.97990417480474 -0.4372642040252685 272.51168823242193 -0.50708106160163868 7.5596590042114267 4.7926559448242196 0.64944648742675792 -1.0316952466964719 0.31050783395767217
decision_type=2 2 2 2 2 2 2 2 2 2 2 2 2 2 2 2 2 2 2 2 2 2 2 2 2 2 2 2 2 2 2 2 2 2 2 2 2 2 2 2 2 2 2 2 2 2 2 2 2 2 2 2 2 2 2 2 2 2 2 2 2 2
left_child=1 2 -1 -4 19 6 -6 8 18 11 14 -3 -13 -14 15 16 17 -11 -7 21 -21 -5 23 24 25 27 -25 30 40 -27 31 -23 -31 34 -34 36 -36 38 -37 -39 -29 42 43 -35 45 -26 -47 -48 49 50 51 58 53 -52 55 -54 57 59 -24 -57 -53 -50
right_child=-2 9 3 4 5 7 -8 -9 -10 10 -12 12 13 -15 -16 -17 -18 -19 -20 20 -22 22 48 26 44 29 -28 28 -30 32 -32 -33 33 41 35 37 -38 39 -40 -41 -42 -43 -44 -45 -46 46 47 -49 61 -51 52 60 54 -55 -56 56 -58 -59 -60 -61 -62 -63
leaf_value=-0.036852853890478973 -0.044885779494867398 -0.021628933721456078 -0.021264999087573816 0.0048200877681757182 0.03265025769938916 -0.021181905453534194 0.3307098324220572 0.015315421789930443 0.30004288324186384 -0.050490358959412944 0.2741723563104787 -0.028820134246410674 0.16833217974251441 0.021962340594972839 -0.009949721178864477 0.021821305758639373 0.33878216704439151 0.27310360741882839 0.17701018277445693 -0.027810000029826205 0.0091154031393141932 0.0086783863237977158 0.17810943573547156 -0.032032020482997657 -0.016413107591556387 -0.024918845348614105 -0.0081018089781958961 -0.027445126470555262 0.19807079479466849 0.061590786941311287 -0.018264587459467893 0.067363651979055014 -0.021745943079901794 -0.029718942996253897 0.13675156755830284 0.014778249254353781 0.031923260896252234 0.0094793280823970739 0.060078422902182162 -0.039376750361274235 0.10564437298636771 -0.0093750643949941249 -0.026075068330432938 0.016858033180304745 -0.033670978600480565 0.019391437811514693 0.32077260115567752 0.012777659113645182 -0.004174081390551569 -0.029075167828997956 0.16672699427775384 0.08418745102639974 -0.0089084700932193141 -0.022061536716780801 0.027264884647859151 0.061890896909594678 -0.046390722355831325 0.11805077797513469 -0.050355477768711278 0.010632315266574521 -0.005011919612812798 0.0065840633294440253
leaf_weight=32.212556189741008 132.75234104527044 256.88458987209015 83.96753891085973 1683.0138967933599 1.786346469598356 3.4002009851392359 1.1783430220675652 91.676210507517681 1.6853188448585559 1.7292282622656792 0.76932919886894424 9.1639264666009712 4.3725691258441639 6.7396269273594953 84.890364589926321 31.308426575094927 1.2803290509036731 0.60572178865550075 1.4997519608587024 39.495850868523121 843.6262039327994 50.384793200064451 6.1005735642393102 288.39948916767025 187.21562618017197 115.85333318141056 285.43888056918513 6.9462681553559396 5.3663273118436328 19.003852542489767 40.707204549573362 36.712904864456505 88.438591902377084 46.490576569107361 11.438218934461473 150.34752771724015 43.498757293447852 114.54958389187232 47.375060651451349 41.646956804208457 7.7719460383523256 685.11044588917866 88.703350006253459 381.28156080149347 149.18294013035484 34.694894530344754 2.1497532054781905 2.3718373368028551 1629.0517869456089 89.058891740569379 2.5173809445695943 8.8044880828820151 177.2014025694225 86.68963064259151 498.92891524999868 35.972499436698854 19.454688248923048 13.055024177534504 2.0752833529841155 101.23359036934562 482.21086749667302 771.98570549947908
leaf_count=7324 280982 100314 17903 26381 428 963 125 12868 108 776 176 532 122 613 23630 9282 197 111 111 203 4610 505 653 16120 10695 4979 11234 571 351 659 711 385 6003 5057 198 1174 1111 2622 472 1206 271 19320 10654 25180 6424 1569 124 311 79636 5605 218 216 4451 11648 13001 453 595 165 380 1957 11163 39790
internal_value=-8.20268e-05 0.000510578 0.000985516 0.00111239 0.00130971 0.0252029 0.151117 0.0214039 0.106164 -0.0109991 0.0046553 -0.0178098 0.0305757 0.0795578 0.00292473 0.0342191 0.141585 0.0334549 0.0394797 0.001053 0.00746399 0.000389913 -0.0006977 -0.00486385 -0.00114785 0.00201728 -0.0201286 0.026102 0.0843103 7.48724e-05 0.0169545 0.0334151 0.00176044 0.00109117 0.0111476 0.0182628 0.0537492 0.0127544 0.0256323 -0.00354725 0.0428327 -0.00307085 0.00529175 0.011796 -0.0178461 -0.00741996 0.0355124 0.159211 0.00241399 0.00734608 0.00960764 -0.00138926 0.0154785 -0.016734 0.0188758 0.00681074 0.0232233 0.0322364 0.120118 0.0240712 -0.00341247 -0.000715104
internal_weight=10169.5 10036.7 9638.96 9606.75 9522.78 101.226 2.96469 98.2615 6.58527 397.744 120.583 277.161 20.2761 11.1122 119.814 34.9237 3.61528 2.33495 4.89995 9421.56 883.122 8538.44 6855.42 2931.08 2357.24 1981.63 573.838 147.889 20.0845 1833.74 127.805 87.0977 1717.88 1698.88 497.295 408.856 54.937 353.919 197.723 156.197 14.7182 1201.59 516.475 427.772 375.615 226.432 39.2165 4.52159 3924.34 1523.3 1434.24 499.191 935.053 89.207 845.846 346.917 169.716 150.261 8.17586 137.206 491.015 2401.04
internal_count=785596 504614 368861 361537 343634 14603 553 14050 1182 135753 34172 101581 1267 735 33996 10366 1084 887 1074 329031 4813 324218 297837 127906 100552 81429 27354 2794 1193 78635 1601 890 73656 72997 12786 6783 1309 5474 1646 3828 842 60211 40891 30237 19123 12699 2004 435 169931 50505 44900 12412 32488 11866 20622 7621 3170 2575 1033 2410 11379 119426
is_linear=0
shrinkage=0.05


Tree=82
num_leaves=63
num_cat=0
split_feature=36 21 47 44 45 40 40 5 3 36 28 2 40 46 55 33 3 16 39 3 41 52 23 55 5 53 55 46 51 35 26 53 41 52 40 50 53 37 24 5 38 51 52 44 41 24 19 41 47 43 55 41 26 4 47 40 21 20 2 44 5 38
split_gain=96.0935 17.536 28.3427 24.2163 22.1122 21.0592 23.2153 24.334 24.8639 27.5748 18.2181 17.7336 16.9631 17.485 19.4361 16.0388 17.2319 17.3198 15.1424 20.4429 19.1143 23.4189 22.8845 19.8548 18.4618 17.7713 18.5576 17.0375 14.8489 14.8199 14.7276 14.1573 15.3774 19.0558 26.1852 16.8723 15.9963 13.8286 16.1376 18.1328 13.8943 13.651 13.5939 18.2406 17.0194 15.4631 13.3887 16.8365 12.8272 26.9253 20.6562 19.4243 29.8832 18.7345 19.4962 17.0285 17 23.8781 16.3963 18.6196 15.4286 14.7784
threshold=285.00000000000006 -23.434196472167965 -3.8804817199707027 -2.4600181579589839 4.6640853881835946 11.392150878906252 -0.31372833251953119 275.12536621093756 280.38661193847662 276.17646789550787 -2.3627362251281734 229.92031097412112 -3.3725509643554683 0.2637400627136231 -0.6035533845424651 5.3379747867584237 264.95500183105474 -30.161188125610348 -31.876543998718258 260.47061157226568 -0.62865552306175221 5.8971209526062021 -31.987560272216793 0.78656607866287243 241.09019470214847 496.50000000000006 0.98296290636062633 1.212892532348633 26.465111732482914 -0.23971917480230329 -0.71130704879760731 1324.3750000000002 0.11619454994797708 30.842178344726566 -2.1372680664062496 222.99001312255862 39.100000381469734 259.28831481933599 27.241577148437504 272.31756591796881 -36.764709472656243 9.5188941955566424 11.230120658874513 -1.8079719543457029 20.6625509262085 20.666513442993168 -39.130798339843743 10.437663078308107 -0.92635098099708546 1.6216888427734377 0.37940952181816107 11.766399860382082 5.6457509994506845 281.14772033691412 -1.4672026634216306 5.2745056152343759 -52.162136077880852 -53.636087417602532 279.93984985351568 -2.7499656677246089 286.52590942382818 -17.529411315917965
decision_type=2 2 2 2 2 2 2 2 2 2 2 2 2 2 2 2 2 2 2 2 2 2 2 2 2 2 2 2 2 2 2 2 2 2 2 2 2 2 2 2 2 2 2 2 2 2 2 2 2 2 2 2 2 2 2 2 2 2 2 2 2 2
left_child=1 2 11 4 12 6 7 8 15 -10 -3 -1 29 14 -14 18 -17 -18 20 41 21 -5 -22 -24 -25 26 27 -23 -29 -4 -13 32 33 -15 -35 36 -34 -7 39 40 -39 -20 -42 -44 45 -45 -16 -48 49 50 51 52 -38 54 -54 -52 57 -53 59 -58 -55 -51
right_child=-2 10 3 5 -6 37 -8 -9 9 -11 -12 30 13 31 46 16 17 -19 19 -21 22 25 23 24 -26 -27 -28 28 -30 -31 -32 -33 35 34 -36 -37 48 38 -40 -41 42 -43 43 44 -46 -47 47 -49 -50 61 55 56 53 60 -56 -57 58 -59 -60 -61 -62 -63
leaf_value=0.065079651884991888 -0.043841908754686638 -0.043417183638053053 -0.0024571137953164047 -0.04576013725418146 -0.024350478422603735 -0.032526418832297996 -0.01679803807745113 -0.02218662588487998 0.32293947162128228 0.049868576758624931 0.0016256342003867657 0.015444052054304795 0.02176550973698127 0.0097333691175585518 -0.026121763463217734 -0.035179861316657624 -0.050838639226976214 0.14622549805954119 0.045300448362621211 -0.042162169099617786 -0.0074896117461489414 -0.0056431385785649137 0.0016626015188000592 0.024236167847134008 0.11261614870375761 0.11712867732723949 0.12445076055078814 0.028018489778817025 0.11903032941184154 -0.041282889481927904 -0.02454763985757499 0.035058345969836931 0.011111472919580812 0.02833016963806383 0.12501634095426048 0.027367812172988139 0.034854882925576779 -0.051135223780883123 -0.030024183296534324 -0.0041182025331386795 0.0067302431364016178 -0.0072306491388433314 0.15197206618873013 0.063697650910645998 0.024604536724196501 0.18542164567246155 0.0066061489378153627 -0.037297405304807109 -0.0062918987502578452 -0.024497217427451014 -0.035176863240705555 -0.0099611577209248649 0.097163865969601138 -0.029249569443120235 0.26474759690974164 0.11567713666755337 0.018698986674550215 0.29715312248593218 -0.035534243582081716 0.13435862174116103 0.24171127603666176 0.0042262387854827407
leaf_weight=6.181050124578177 126.67257673290442 22.525042114313692 67.90323402476497 7.4214082440594202 77.651107384939678 16.41061030421406 550.36640427965904 111.62665490887593 1.2026983421528701 3.9965322614880279 6627.2517153990921 25.532999871182255 48.272340387746226 108.47056111670099 107.56699010892771 40.908293378888629 1.8711187802255151 2.7591120854485771 16.862660783808678 32.20906416606158 111.42023937404156 21.19421836338006 23.735838011140004 12.395174944773318 11.291821613674982 8.1248442765790951 5.3680637339130035 13.324096636963079 6.7531468345550811 38.520743225410115 234.0362420816673 41.424076631432399 360.91115307906875 31.217536328244023 9.0278461127309111 70.903211887867656 21.667699256155178 4.1031303059426127 16.405618361080997 39.345234736043494 18.176103316247463 46.390478638000786 4.6149495141580692 12.31839287211187 28.629178805975243 3.310146910371258 106.1710066551459 27.491362968925387 526.21238898858428 62.93556909711333 18.307128035405189 1.2420419156551363 3.3315507025690749 2.2542498202528809 3.6226444584317488 2.0836033958476028 43.42502604634501 1.2905119576025743 12.95492603862658 3.7828708649612954 0.68499420239822928 155.24085542536341
leaf_count=73 280363 531 5362 433 6027 1316 78397 31963 174 994 122248 847 7876 6573 24990 1933 392 144 307 2024 7739 1301 505 81 351 300 122 780 275 2162 26898 1156 45462 1277 198 3990 2027 647 1814 4504 1382 986 268 627 1372 325 3561 2999 69146 13637 1798 568 248 540 267 215 2654 309 2343 124 395 7108
internal_value=-0.000565228 -1.93581e-05 -0.0029444 -0.00161219 0.00179574 -0.00729306 -0.0097935 -0.00174293 0.00447134 0.113036 0.00147306 -0.0186207 0.00287745 0.00404285 -0.00719561 0.00291221 -0.0248322 0.0665901 0.00690423 -0.00973737 0.0140917 0.0375915 0.00489176 0.0339819 0.0663678 0.0488869 0.0369988 0.0256242 0.0586311 -0.0165103 -0.0206138 0.00623973 0.00541046 0.0206354 0.0500188 0.00365643 0.00227833 0.0106642 0.0162494 0.0231197 0.0381816 0.00677362 0.0436474 0.0573772 0.0475134 0.089479 -0.012991 -0.00242383 -0.00143279 0.00624973 0.0258682 0.0357395 0.0677305 0.139732 0.184463 -0.019762 0.0196351 0.146535 0.0142932 0.027967 0.0338982 -0.00405938
internal_weight=10169.3 10042.6 3392.85 3127.1 1954.57 1172.54 1029.22 478.855 367.229 5.19923 6649.78 265.75 1876.92 1770.49 289.502 362.03 45.5385 4.63023 316.491 95.4622 221.029 62.1858 158.843 47.4228 23.687 54.7644 46.6395 41.2715 20.0772 106.424 259.569 1480.99 1439.57 148.716 40.2454 1290.85 1219.95 143.313 126.903 110.497 71.1519 63.2531 67.0488 48.8727 44.2577 15.6285 241.229 133.662 859.036 332.824 114.647 94.2565 31.5611 9.89344 6.9542 20.3907 62.6954 2.53255 60.1628 47.2079 2.93924 218.176
internal_count=785428 505065 382286 354468 213012 141456 129201 50804 18841 1168 122779 27818 206985 199461 39426 17673 2469 536 15204 3317 11887 3211 8676 937 432 2778 2478 2356 1055 7524 27745 160035 158879 8048 1475 150831 146841 12255 10939 9125 4621 1293 3974 2592 2324 952 31550 6560 101379 32233 11488 9475 3477 1450 515 2013 5998 877 5121 2778 935 20745
is_linear=0
shrinkage=0.05


Tree=83
num_leaves=63
num_cat=0
split_feature=36 48 53 12 36 42 44 48 42 17 47 49 49 11 40 54 45 48 47 25 23 29 49 29 32 53 53 44 51 15 47 48 35 26 42 35 5 28 3 39 20 9 44 28 51 51 43 44 30 48 45 42 17 39 47 48 49 47 17 51 40 41
split_gain=92.7394 19.1787 24.1309 18.4516 15.4555 15.9851 35.4776 17.3281 16.8886 14.9819 21.4702 12.947 18.142 20.0995 19.01 19.4384 18.5234 21.9622 18.0807 19.3315 17.1265 16.8214 16.2848 17.4255 23.1874 17.4214 15.1078 15.0446 13.6004 13.1511 19.5532 29.7095 23.9643 19.5484 18.6638 20.072 18.5049 26.0188 14.852 15.7649 13.7793 12.9221 13.7023 13.0129 13.525 18.3121 12.8594 15.2617 17.2412 24.6223 16.7964 15.988 15.8003 15.0093 20.9224 27.7341 14.9507 14.8067 14.2243 13.6735 15.4497 16.8319
threshold=285.00000000000006 -0.69827961921691883 1089.1666564941409 -54.795667648315423 197.94117736816409 4.1132049560546884 -0.71597671508789051 0.96214216947555553 9.6923141479492205 -21.517942428588864 0.36737355589866644 285.09815979003912 286.04714965820318 268.90373229980474 -2.7254943847656246 0.78656607866287243 -7.1058940887451163 -0.40797063708305353 0.72501373291015636 10.516209602355959 -45.238752365112298 -1.7788248062133787 262.20222473144537 23.727355957031254 24.387735366821293 43.194444656372077 114.08333587646486 -3.4604015350341792 1.7418149113655093 -34.653797149658196 -0.47601652145385737 -0.54191944003105152 24.909311294555668 5.6457509994506845 12.527160644531252 0.2933505922555924 286.52590942382818 5.32352638244629 261.03756713867193 -41.734931945800774 -46.955793380737298 225.79668426513675 -8.8873863220214826 1.0000000180025095e-35 13.604187011718752 7.8945353031158456 1.6843109130859377 -1.7211856842041013 38.704927444458015 0.66015982627868663 -0.50939941406249989 0.73348236083984386 0.44061279296875006 -41.099491119384759 1.7053138613700869 -0.51488128304481495 275.56561279296881 6.3749313354492196 -7.171337127685546 32.364412307739265 5.0392150878906259 0.11619454994797708
decision_type=2 2 2 2 2 2 2 2 2 2 2 2 2 2 2 2 2 2 2 2 2 2 2 2 2 2 2 2 2 2 2 2 2 2 2 2 2 2 2 2 2 2 2 2 2 2 2 2 2 2 2 2 2 2 2 2 2 2 2 2 2 2
left_child=1 2 -1 -3 -5 46 7 11 -8 -2 -11 18 13 -13 -14 28 17 -15 29 21 -21 -20 23 24 26 -26 -22 -28 -16 30 32 34 33 -7 35 -32 38 -38 -35 -40 -39 -23 43 -43 45 -45 53 51 52 -50 -51 58 57 54 59 56 -56 -49 -48 -6 61 -61
right_child=9 3 -4 4 5 6 8 -9 -10 10 -12 12 14 16 15 -17 -18 -19 19 20 22 41 -24 -25 25 -27 27 -29 -30 -31 31 -33 -34 36 -36 -37 37 40 39 -41 -42 42 -44 44 -46 -47 47 48 49 50 -52 -53 -54 -55 55 -57 -58 -59 -60 60 -62 -63
leaf_value=-0.025858620272917961 -0.046232825843407988 -0.028440041442497555 0.060704461190567105 0.026850598837394119 -0.0080546920447285824 -0.034008455262902408 0.025404276069919924 -0.023025761476446329 -0.020306042663585641 0.3146774261520629 -0.0088509248594024342 -0.022475221079921399 -0.040378182217909328 0.15416110785015408 0.098946744106577389 -0.024171019496331891 0.029606840218495335 0.028202654492068775 -0.045221706685733297 0.060471304986454491 -0.018950861789188204 0.060763618258373508 -0.015587726708161094 -0.034357387221679803 0.0011191267554039204 0.11684648643460463 0.068145855736618813 -0.022801980083543651 0.011611564149538168 0.00084598438093786007 0.16469124086143341 -0.00090304983206165922 0.20846377168703467 0.14992605060064412 0.19438648678125112 -0.017304144738772349 0.45756566793799314 -0.050282848467923524 0.0084846778098571426 -0.03399612800763769 0.2260717008822741 -0.024218694947586657 0.01157191415191907 0.03241665203250365 0.02617524068635349 0.12527612081449821 0.057921150129113579 -0.0037677701894917957 -0.058749451508147824 -0.025263987156270391 0.025244496645523321 -0.024535864216501339 0.02463531506505481 0.00095799325806359466 0.054701480220606551 -0.032180951352227129 -0.040195939010152212 0.054639116904296792 -0.028618391018843066 0.036880601374299764 0.038558380204946861 -0.016551924438853893
leaf_weight=110.52349377650535 118.73583145090379 54.315807195904199 8.683500668499617 56.533185385167599 243.57231737562688 113.90058239566861 226.93833251507021 68.726429114176426 22.182308315881528 0.68428145168581922 2.0463300455594435 14.326784658478571 21.257571552472655 7.274848039727658 4.5294861201546146 40.117035185045097 55.110862863773946 6.6006537950597686 10.224130858958231 10.537512322829569 24.302802876161877 18.252226505428553 130.19984095462132 15.115731442579998 4.7875374692957839 10.139203424565492 14.204268891364338 6.688159318175166 281.3755495006917 2425.9364597413223 2.2977828754228522 90.823969242046587 1.1531838211230923 1.4869661710690696 3.0124170145718381 4.4470258504152298 0.49217473529279177 1.2351952128810808 51.875974375172518 37.719548410619609 0.71052001591306146 7.2091865018010131 218.99246361549012 10.786442762240769 30.551533054036554 10.455347315990364 11.805405011575205 613.30971771257464 32.064503790577874 42.666597820585594 26.798070444259793 162.12957764283055 57.594949434511364 4332.4343300914043 15.572779005509803 131.39536797389155 5.6585441257338962 11.046461208024992 7.9432209227234116 20.953149013977963 38.823509696405381 49.694853597378824
leaf_count=16154 279714 28230 226 371 55110 24956 2899 6210 279 356 460 531 1428 238 445 6502 5114 209 271 1415 1157 116 8901 583 220 450 673 213 23791 72063 181 17421 88 165 251 1159 209 721 8951 7317 98 202 8238 561 1712 517 707 12723 184 359 166 11043 361 127057 488 23419 642 136 169 4480 4033 12642
internal_value=-0.000142595 0.000382825 -0.019553 0.000622384 0.000782383 0.000632148 0.00306153 0.00184985 0.0213341 -0.0435699 0.0722241 0.0023134 0.0104616 0.0314154 0.00543475 0.00842188 0.0426072 0.094242 0.00123634 0.00975945 -0.00169766 0.0178335 -0.00488649 0.0136321 0.0256976 0.0797286 0.00785259 0.0390313 0.0129952 -0.000391711 -0.0101039 0.00800376 -0.018836 -0.0200997 0.0909117 0.044697 -0.00315986 0.132788 -0.00679859 -0.00939966 0.050634 0.0200096 0.0173339 0.0387197 0.0474802 0.0781227 -0.00104479 -0.00631382 -0.00328479 -0.0225078 -0.00577883 -0.019362 -0.000422862 6.5541e-06 -0.00814509 -0.0236133 0.0294095 -0.0027344 0.0231135 -0.00145792 0.0132198 -0.00070463
internal_weight=10161 10039.5 119.207 9920.29 9865.97 9809.44 4005.98 3756.86 249.121 121.466 2.73061 3688.13 430.593 83.3131 347.28 326.022 68.9864 13.8755 3257.54 522.446 215.975 306.471 205.438 75.2377 60.122 14.9267 45.1952 20.8924 285.905 2735.09 309.155 100.581 208.574 207.421 9.75723 6.74481 93.5204 2.43789 91.0825 89.5955 1.94572 296.247 277.995 59.0025 51.7933 21.2418 5803.46 965.359 783.48 101.529 69.4647 181.878 681.951 4838.1 505.671 152.627 21.2313 624.356 19.7486 353.044 109.472 70.648
internal_count=785685 505155 16380 488775 460545 460174 206455 203277 3178 280530 816 197067 38258 6092 32166 30738 5561 447 158809 25229 13612 11617 12197 3296 2713 670 2043 886 24236 133580 61517 19012 42505 42417 1591 1340 17461 1028 16433 16268 819 11346 11230 2992 2790 1078 253719 25848 13929 709 525 11919 13220 227871 100814 24549 1130 12859 876 76265 21155 17122
is_linear=0
shrinkage=0.05


Tree=84
num_leaves=63
num_cat=0
split_feature=36 0 39 25 46 34 47 22 0 25 48 46 11 50 16 23 39 13 11 53 32 38 22 53 20 28 24 52 11 44 44 51 51 28 37 41 41 29 50 0 48 35 5 23 38 41 22 28 16 48 45 53 36 49 49 5 38 49 49 48 36 38
split_gain=92.8767 16.2233 20.4867 17.6308 21.8697 22.271 26.783 26.7608 34.3068 47.5342 19.3772 18.8892 19.9201 37.1203 54.6403 22.1622 36.3064 19.9824 17.856 20.6891 16.1276 14.4828 18.7084 21.1485 30.0704 22.943 20.9341 22.0036 22.563 16.8954 19.7808 14.2525 24.2995 13.5123 24.1406 16.3875 16.3626 21.1002 24.0803 19.3383 17.9276 37.3545 38.3639 29.1351 27.2836 26.3321 30.8353 25.7154 34.6501 25.4056 25.282 21.7951 21.2507 20.7854 35.0629 47.1992 40.0232 30.9122 69.4003 22.1655 27.3174 26.171
threshold=285.58824157714849 283.61671447753912 -43.796659469604485 8.9818716049194354 1.5218458175659182 11.526884555816652 -2.1591138839721675 -54.371452331542962 290.24768066406256 9.8343009948730487 0.66015982627868663 0.48938989639282232 293.08761596679693 42.999288558959968 -50.483600616455071 -57.284217834472649 -55.83587455749511 -48.564289093017571 288.70011901855474 67.500000000000014 9.8014140129089373 -41.529396057128899 -48.035640716552727 108.08333206176759 -47.911724090576165 5.7602605819702157 -0.14736080169677732 17.964986801147464 284.45930480957037 -2.8406276702880855 -14.848468780517576 38.016586303710945 42.687715530395515 -2.3627362251281734 284.46260070800787 -1.2326317429542539 4.5955033302307138 3.2615575790405278 80.144050598144545 283.43608093261724 0.086114823818206801 11.316497325897219 251.08115386962893 -20.082290649414059 -7.8235244750976554 23.447105407714847 1.0000000180025095e-35 12.688873291015627 -10.751270294189451 0.28312796354293829 19.037565231323246 200.08333587646487 226.76470184326175 274.91055297851568 272.37759399414068 221.87969207763675 -7.5882339477539054 268.64752197265631 268.30914306640631 -0.25980782508850092 246.17646789550784 -10.352943420410154
decision_type=2 2 2 2 2 2 2 2 2 2 2 2 2 2 2 2 2 2 2 2 2 2 2 2 2 2 2 2 2 2 2 2 2 2 2 2 2 2 2 2 2 2 2 2 2 2 2 2 2 2 2 2 2 2 2 2 2 2 2 2 2 2
left_child=1 33 3 10 5 6 -5 -8 18 -10 11 -3 15 14 -14 16 -13 -17 19 -9 -6 -19 23 24 25 29 27 28 -24 30 -23 -7 -33 34 -1 -36 37 -35 -39 40 41 42 53 -43 47 50 -47 48 51 -48 -42 -45 -44 54 56 -56 57 58 59 60 61 -38
right_child=-2 2 -4 4 20 31 7 8 9 -11 -12 12 13 -15 -16 17 -18 21 -20 -21 -22 22 26 -25 -26 -27 -28 -29 -30 -31 -32 32 -34 36 35 -37 39 38 -40 -41 45 43 52 44 -46 46 49 -49 -50 -51 -52 -53 -54 -55 55 -57 -58 -59 -60 -61 -62 -63
leaf_value=-0.017374814659404315 -0.046331959575123365 -0.021517097977235358 -0.017931509944282036 -0.03501575875465332 0.23460571409240638 0.0051643826582135031 -0.050216751451645086 0.34664355627741827 0.11099732394535665 0.51199251039288496 -0.040976644580507593 -0.050080917514361105 -0.050073886948481652 -0.050198930962012792 0.607379105747054 -0.017642772970768841 0.53995530266470293 -0.02593655896430816 0.032535822792029774 0.062812954624259995 -0.0071740825831201026 0.17978080817660963 0.1992302928854553 0.025568709147645637 0.39948176596362778 0.3289721006929851 -0.0031680349965013893 -0.022665328393726036 0.045866339096468568 0.25812733271350624 -0.018636370396533427 0.25189374340885423 0.034289610424481004 0.0036289586315862137 0.18328113480601477 0.006016026142933794 0.074129876292462524 0.011863830566283625 0.059130791646782893 0.059390574634309273 0.0066529770706106987 -0.038924995136501161 0.11848526160644957 0.061117027085044733 -0.014614380515009113 -0.0032997459822334159 -0.014893935824238326 -0.035699532260811649 0.019450611563429351 0.028696312579720492 -0.037023549280578293 0.22161885508204959 -0.027674554084151294 -0.010488969658656352 0.052828025164966964 0.0041866385831350718 -0.0030681013732346144 -0.0075162815300940369 0.16092460191098748 -0.0012382600242245834 -0.030067654089177595 0.022934707228422984
leaf_weight=151.83642522676382 108.09801401189179 82.424594834330492 268.81201462468016 3.1882564002298741 0.69807788319303554 30.844466305832611 1.7572688197542436 1.2545226411893948 1.5398799263348339 1.4210501549532635 35.86494515981758 0.53936480113770813 0.5422611809335649 1.2290172886860089 0.75748471246333726 65.690014846681152 0.50465024029835948 16.340436726197368 4.0081266948836856 1.3150691224145701 57.582882846996654 1.7150029287440682 3.9610486016608757 14.284766478056552 0.8872535609407376 0.91797583934385318 52.208520505722845 4.9236727311217683 6.0783980367414188 0.97237148944986884 4.6943111530272299 1.6438877715845581 5.8427812222507782 1815.2844761714223 2.5314693275722675 2.6883765951497471 42.627937899436802 110.74571144615766 35.609718698309734 13.659434752131345 2027.2764583872049 105.30369946721476 2.5303476997651151 4.8054409627802652 355.44305822020397 2280.9751967118355 44.15823757648468 14.207085959846152 34.348222183063626 137.54072946496308 33.68304345861543 3.7780860071070492 144.80920148373116 318.39958638348617 79.76878409832716 133.07067773048766 1242.6940593691543 82.60496924794279 9.4865306138526631 64.864377070451155 14.097745356615631 60.241270526777953
leaf_count=10210 266982 36085 47632 915 245 6965 1048 176 448 394 16584 515 548 867 233 36182 86 11007 474 237 18399 193 195 1871 142 110 9503 954 1008 275 1449 298 1224 59042 296 175 2189 3315 857 1360 102709 11056 46 336 5070 58874 221 1059 730 702 1727 124 25983 8925 440 3552 12462 4403 283 3822 1522 1379
internal_value=-0.000233129 0.000263031 -0.00722681 -0.000132812 0.0168402 0.0401439 0.0929628 0.129085 0.162117 0.303448 -0.00653487 -0.00175949 0.00748048 0.146804 0.333086 0.00545238 0.235128 0.00406373 0.0984967 0.201384 -0.00427809 0.0173919 0.0252028 0.0636302 0.122812 0.0932356 0.0117752 0.0639144 0.106376 0.0639197 0.0344561 0.0201853 0.0820701 0.000802197 -0.0137402 0.0919843 0.00105013 0.00510139 0.0233643 -4.59656e-05 -0.000158153 -0.00337161 -0.000521968 -0.0154506 -0.00945917 0.00176914 -0.00172066 0.0226098 0.0419057 0.0181026 0.00593916 0.131763 -0.0251645 0.00125102 0.00341239 0.0224166 0.000745368 0.0180458 0.0290827 0.0222042 0.0352042 0.0441495
internal_weight=10151.6 10043.5 674.444 405.632 111.096 52.8153 14.4842 11.2959 9.53865 2.96093 294.536 258.671 176.247 2.52876 1.29975 173.718 1.04402 172.674 6.57772 2.56959 58.281 106.984 90.6433 23.4717 9.18691 8.29966 67.1716 14.9631 10.0394 7.38169 6.40931 38.3311 7.48667 9369.07 157.056 5.21985 9212.01 1961.64 146.355 7250.37 7236.71 2713.08 2195.2 517.886 412.582 4523.63 2462.67 57.1388 42.9317 181.699 2060.96 8.58353 147.34 2047.86 1729.46 212.839 1516.62 273.923 191.318 181.831 116.967 102.869
internal_count=786113 519131 196262 148630 30823 12179 3692 2777 1729 842 117807 101223 65138 1648 781 63490 601 62889 887 413 18644 26707 15700 4040 2169 2027 11660 2157 1203 1917 1642 8487 1522 322869 10681 471 312188 63214 4172 248974 247614 83381 65006 18375 7319 164233 59797 2249 1190 923 104436 460 26029 38977 30052 3992 26060 13598 9195 8912 5090 3568
is_linear=0
shrinkage=0.05


Tree=85
num_leaves=63
num_cat=0
split_feature=4 38 53 9 24 20 16 5 42 16 49 48 17 5 47 41 52 45 51 51 52 53 54 39 42 44 5 3 52 0 47 5 5 48 49 49 48 39 49 46 49 49 55 49 51 49 41 47 41 9 40 48 48 28 52 23 2 8 48 9 54 52
split_gain=85.9176 17.9006 26.9808 19.0917 57.4378 58.6806 159.56 17.4994 52.7852 16.7583 15.5088 25.88 24.7304 24.9982 22.8885 18.5313 16.9584 14.4194 13.6342 32.6869 25.1785 15.1941 19.3848 37.8069 13.3808 24.2643 20.2285 24.7748 21.7735 21.7675 19.7701 18.3687 17.2243 16.4611 29.4031 24.3967 25.8696 20.7375 18.8283 21.3062 18.3251 28.9891 48.4239 22.3945 16.8005 22.5984 23.233 19.7937 21.1135 19.7889 16.2642 16.2497 33.1859 24.9089 22.899 35.3866 32.1039 27.4496 21.2928 17.8635 16.1164 20.6423
threshold=288.63986206054693 -36.764709472656243 789.00000000000011 292.43310546875006 12.268143653869631 -55.391345977783196 -47.406961441040032 286.84300231933599 6.6161193847656259 -53.32746505737304 247.43756103515628 -0.44543808698654169 -7.798686981201171 225.14548492431643 0.18470415472984317 8.7145981788635272 15.134408473968508 -1.5698299407958982 36.701768875122077 37.148876190185554 21.552128791809086 30.722222328186039 -0.91597560048103321 -46.872188568115227 1.9255371093750002 -0.76698875427246083 275.12536621093756 270.60868835449224 9.6710696220397967 273.08737182617193 -1.3542060852050779 242.70412445068362 257.05027770996099 -0.51488128304481495 274.91055297851568 272.51168823242193 -0.53677642345428456 -39.650695800781243 270.15548706054693 -0.03124141693115234 274.13537597656256 276.75975036621099 0.78656607866287243 273.86521911621099 15.70815420150757 285.57859802246099 2.2628979682922368 5.7071094512939462 8.6124472618103045 242.83633422851565 14.901954650878908 0.79746490716934215 0.11192005872726442 2.506830215454102 12.597424983978273 -24.102975845336911 245.5187683105469 239.92124938964847 0.49165558815002447 215.74754333496097 1.0000000180025095e-35 17.21309852600098
decision_type=2 2 2 2 2 2 2 2 2 2 2 2 2 2 2 2 2 2 2 2 2 2 2 2 2 2 2 2 2 2 2 2 2 2 2 2 2 2 2 2 2 2 2 2 2 2 2 2 2 2 2 2 2 2 2 2 2 2 2 2 2 2
left_child=1 2 3 18 7 -6 -7 -5 -9 -4 11 -3 -13 14 16 -15 -14 -17 -1 20 -20 22 23 -21 26 -26 27 32 31 -30 -31 -29 33 34 35 -12 -37 50 -39 -40 43 -42 44 51 -43 46 -46 48 49 -48 -35 52 53 -41 57 56 -56 58 -54 -55 61 -50
right_child=-2 10 9 4 5 6 -8 8 -10 -11 24 12 13 15 -16 17 -18 -19 19 21 -22 -23 -24 -25 25 -27 -28 28 29 30 -32 -33 -34 37 -36 36 -38 38 39 40 41 42 -44 -45 45 -47 47 -49 60 -51 -52 -53 54 59 55 -57 -58 -59 -60 -61 -62 -63
leaf_value=-0.023807864324252536 -0.04562547297858166 -0.029939924556823469 0.18073196824369508 -0.033809762450957181 -0.05008413313282073 1.6201644480208424 0.13304929308890151 -0.050037731569073346 0.60124743865037278 0.019284038590640554 0.0095787023096053081 0.043423781462182925 0.02025955783642814 -0.037175090107847947 0.035570742826409159 0.021769704408204801 -0.0048166635371494288 -0.019199763480601175 0.40165858067886062 -0.012235302761981667 0.012978095725578072 -0.017910531459554607 0.013469266280372547 0.39560111668826042 0.00043294419930748186 0.0092474120246490762 -0.027524057784161622 0.11534464640057462 0.13649607161628793 -0.030839640098085003 0.037763640489298714 -0.029953191218517479 -0.021018283123423239 -0.02211241573039156 -0.021524557654028872 0.011235166503372866 0.086778957656358541 -0.0042400820177140187 -0.017724881540781678 0.028928799325399185 -0.015238987661398518 -0.008372276795179023 0.079941119905597699 0.077915801894176059 -0.029863959041425921 -0.012337096180172971 0.11521000063413907 0.11168384323952124 -0.0089967487078383042 0.025957906115483223 0.078126254061733069 -0.013813196403112014 0.10802340327067 0.044541916299126724 -0.0036725783856039044 -0.005938775336242757 0.22542369160441691 0.0011666866722607448 0.039963718597905359 -0.018478960762874152 -0.024802353797679939 0.052320074855624121
leaf_weight=228.3480140430911 102.03139102034038 40.291591693647206 1.6649302884179622 6.0580285639734921 0.53321938062435947 0.26940887412638403 0.54579280401230768 0.95906863291747846 0.46047965466277674 46.460527432704112 225.83705311384983 54.872750388458371 129.97072124481201 43.983658723533154 96.966921623796225 46.140358828008175 140.09635171666741 40.177839953452349 0.88079001070582197 1.3089487077668311 0.79071420250693336 67.757176941871876 24.780738603352802 1.0042013968923154 4258.5703650059295 956.03381389740389 75.133004339877516 2.3814794404897865 4.8566256659105411 12.328931228723375 70.857153871271294 25.113128839613637 115.80062080582138 163.64020543068182 63.392715389374644 22.218883849447593 23.130011606495827 2092.8617491733748 99.251342459814623 62.968901339685544 181.78685412649065 142.33698431891389 22.747651267563924 13.936934713041408 16.04928840091452 54.21010101493448 11.916478169150652 7.7311596642248324 22.336860621813685 12.970009281532837 4.1493323822505763 47.530045974301174 26.365926468744874 12.799672663211821 2.7646113969385615 37.842271191533655 3.4220017846673727 15.28275677282363 20.370817827060819 92.541439304826781 18.608496788190678 35.604455682914704
leaf_count=139185 234054 281 113 7135 495 201 447 1833 235 5791 3620 353 636 259 531 238 712 282 218 604 492 29138 7031 198 214492 11529 13210 113 252 712 5258 2391 13066 13424 2832 594 314 51460 2589 659 4256 3317 322 225 232 978 113 175 462 383 265 1650 309 62 100 930 392 828 193 2042 982 840
internal_value=2.56281e-05 0.000489003 -0.0101295 -0.0151771 0.0573816 0.35775 0.624513 0.00321656 0.161229 0.0248694 0.00090827 0.00874591 0.0115686 0.00805391 0.0147331 -0.0107599 0.00725136 0.00269997 -0.0171483 -0.00139348 0.217791 -0.00525604 0.0263907 0.164818 0.000396707 0.00204897 -0.00183361 -0.00132405 0.0214735 0.0336032 0.027596 -0.017368 -0.00204128 -0.0014234 0.00913255 0.016299 0.049766 -0.00251954 -0.00157935 0.00421291 0.00673848 0.000915453 0.0094396 0.0158642 0.00445537 0.0146314 0.0263068 0.0345648 0.028687 0.0686948 -0.0196336 0.0131775 0.0178534 0.00405007 0.0397608 0.0121854 0.123047 0.0593372 0.0783587 -0.0108215 0.0156804 0.0286819
internal_weight=10154 10052 381.822 333.697 8.826 1.34842 0.815202 7.47758 1.41955 48.1255 9670.18 592.5 552.209 497.336 367.034 130.302 270.067 86.3182 324.871 96.5226 1.6715 94.8511 27.0939 2.31315 9077.68 5214.6 3863.08 3787.94 115.537 88.0427 83.1861 27.4946 3672.41 3556.61 334.579 271.186 45.3489 3222.03 3054.24 961.375 862.124 526.298 344.511 335.825 321.764 179.427 125.217 109.167 101.436 24.8865 167.79 321.888 274.358 168.31 106.048 44.0289 6.18661 62.0195 46.7367 105.341 76.5498 57.9413
internal_count=786033 551979 193116 187212 10346 1143 648 9203 2068 5904 358863 3292 3011 2658 1879 779 1348 520 176866 37681 710 36971 7833 802 355571 226021 129550 116340 8726 6222 5970 2504 107614 94548 7360 4528 908 87188 73499 22039 19450 12060 7804 7390 7482 4165 3187 2955 2780 496 13689 7165 5515 2763 2752 1422 492 1330 502 2104 2284 1302
is_linear=0
shrinkage=0.05


Tree=86
num_leaves=63
num_cat=0
split_feature=4 41 50 38 40 40 53 49 49 46 48 48 41 5 39 42 16 16 41 48 39 7 17 54 30 47 49 12 53 43 49 48 48 49 46 12 48 47 50 49 34 15 49 25 53 49 48 35 1 47 39 15 48 48 27 27 53 40 49 48 17 40
split_gain=74.9513 19.0102 17.3083 24.0582 20.4697 19.1558 20.3647 18.5926 37.2927 15.8667 21.6051 15.5085 14.4058 14.2754 30.9008 14.7818 15.1981 16.4941 14.4368 26.4246 35.7921 19.848 19.7676 33.1823 22.9344 20.0203 21.9992 25.3161 31.0465 18.9253 21.4087 40.4471 28.5302 28.2926 25.7568 39.5081 25.5514 66.0551 21.8656 18.8403 52.8169 18.1242 18.0504 29.655 17.2163 17.899 19.5499 23.7021 48.7757 16.8335 26.3978 16.7904 16.6724 30.026 33.0366 23.1197 25.755 16.4341 21.9689 16.0907 18.5469 15.6746
threshold=288.63986206054693 -2.26288890838623 222.99001312255862 -40.235282897949212 -4.8431396484374991 14.352943420410158 552.16665649414074 275.32183837890631 273.15556335449224 2.8652629852294926 0.1492651700973511 -0.69827961921691883 7.9728844165802011 286.52590942382818 -52.294847488403313 7.7585144042968759 -45.62733078002929 -44.427528381347649 1.5613617300987246 -0.48480302095413202 -43.912851333618157 286.78141784667974 -13.95042037963867 0.37940952181816107 27.241577148437504 -4.0538423061370841 265.70214843750006 -19.239023208618161 122.58333206176759 -5.3888244628906241 272.17034912109381 -0.55223670601844776 -0.4372642040252685 278.81596374511724 4.8778467178344735 -25.598117828369137 -0.36422622203826899 0.018101312220096592 31.865318298339847 260.66418457031256 6.8942213058471689 -28.656064987182614 267.40522766113287 2.6271743774414067 1324.3750000000002 270.26141357421881 -0.47145682573318476 6.4147758483886728 257.27481079101568 5.2277381420135507 -43.912851333618157 -27.875831604003903 -0.60007590055465687 -0.44543808698654169 2.6501522064208989 0.9408254623413087 39.583333969116218 -3.3725509643554683 276.47534179687506 -0.45456704497337336 -34.913860321044915 -2.5686340332031246
decision_type=2 2 2 2 2 2 2 2 2 2 2 2 2 2 2 2 2 2 2 2 2 2 2 2 2 2 2 2 2 2 2 2 2 2 2 2 2 2 2 2 2 2 2 2 2 2 2 2 2 2 2 2 2 2 2 2 2 2 2 2 2 2
left_child=1 -1 3 4 -3 6 -4 8 9 10 12 -5 -8 18 -15 -16 -17 -18 19 20 21 41 23 24 25 39 27 49 -29 -28 31 -31 42 34 -32 51 37 -34 52 40 -20 57 43 -33 45 46 47 -25 -49 -27 -51 -36 -35 54 55 -54 -57 -13 -59 -47 -61 -21
right_child=-2 2 5 11 -6 -7 7 -9 -10 -11 -12 13 -14 14 15 16 17 -19 22 61 -22 -23 -24 44 -26 26 29 28 -30 30 33 32 36 38 35 -37 -38 -39 -40 -41 -42 -43 -44 -45 -46 59 -48 48 -50 50 -52 -53 53 -55 -56 56 -58 58 -60 60 -62 -63
leaf_value=-0.044238800303687043 -0.043895865988440932 0.35233311796167405 -0.011421197193726782 -0.019386346961496322 -0.018955471177675338 0.031837960272771207 0.035609697606700359 -0.0080732407516194513 0.10107216979862235 -0.0079882666776087269 0.10247739961324641 0.20296895840511106 -0.032075419070986946 0.26119318087792315 -0.050158779218089977 -0.011733353246802901 0.26611861770278178 0.02530671402768624 0.20295512805804991 -0.0081877155852469428 0.0125848232047723 -0.039180887388064863 0.0007599561306433438 -0.019186187102879844 -0.035419678456873341 -0.028320736248783701 -0.021694655985302631 -0.019466543723717006 0.18063234530495384 0.174229368876202 -0.026157123291357932 -0.051794962266002678 0.0092908093325169503 -0.051641196675174396 -0.03803977367567557 0.25311702050291535 0.02091099622101289 0.26253420320874526 -0.00078886588609904671 -0.033766172051092523 -0.037966832319163049 0.019002856751670013 -0.037165761111881197 0.17186536273543446 0.028425611175922828 -0.045100214767113969 -0.042120097907654225 0.3215368025056996 -0.050534159525323398 -0.050190335359047877 0.35406345431446978 0.079238763882845814 0.069255335537844215 0.018561597535874014 -0.050555163539286324 0.2910731084574455 0.083952537663542673 -0.0033084399367242813 0.12201966011800219 -0.038016688109028689 -0.0019608635457047897 0.0080591175740269728
leaf_weight=24.110938678932143 97.724151135393186 0.37197851052041997 115.11902638740139 100.42904196641757 181.60025753828813 84.35916051233653 32.075981225963915 52.660015005181776 15.088457347941583 38.843753146240488 9.4864119074481987 3.6720415817108032 10.413333360804243 1.5893663757015009 3.9940406474925094 2.5699786762124859 1.5514438351383435 1.3127291154814882 3.3297382872551662 278.11176468789927 245.06230945533025 3.8055863559711716 7048.4396620894549 9.0477751686121319 45.567697216465604 95.101539458846673 57.840513103816193 4.4567751025315365 3.4306647854391485 4.201049960567615 113.2916235573648 3.0221515949815503 7.3138596788048726 6.9275733027316155 7.1634480092325239 1.9651928737293918 180.88544797583017 3.9741000504000112 220.68207149926457 65.376784568303265 7.1808958172332495 8.1445503591094184 31.65375766629586 2.908202487975359 19.555149906344013 33.619932086236076 111.31508666131413 1.7445032605901354 1.7791578463511539 0.8872343662660569 0.74118514289148041 5.317115743411704 9.7535206550674065 121.0787609127583 3.6251840230543158 3.196660761605016 2.8293631613487378 4.8824018843006369 12.319652453297747 43.186804789060261 204.82022553670686 318.44018159020925
leaf_count=10269 234465 284 6570 11214 133390 1598 571 2731 349 853 320 224 249 395 4479 850 145 316 317 15637 9177 1107 133822 840 6420 14347 8906 308 197 384 14862 208 633 1062 968 139 15205 211 21154 14194 1225 73 4066 224 521 6136 24019 260 396 293 143 427 477 12774 748 267 268 343 806 15164 28735 19565
internal_value=-0.00031914 0.00010513 0.000211908 -0.00018841 -0.0181965 0.0110069 0.00458605 0.0162072 0.02828 0.0161865 0.0342534 0.000157515 0.0190213 0.000366929 0.0572477 0.0228674 0.0765408 0.155748 0.000299987 0.00641712 0.0191522 0.0681832 -0.000330262 -0.00567116 -0.000754149 0.000877472 0.00297438 -0.0185678 0.067567 0.00583574 0.0080177 0.0204847 0.0176736 0.00213511 -0.0181398 0.0447363 0.0254655 0.098449 0.00917101 -0.023777 0.0383565 0.0822632 -0.0221676 0.0578864 -0.0173972 -0.019607 -0.0354452 0.0236585 0.133672 -0.0255913 0.133808 0.0119246 0.0240815 0.0278155 0.0855568 0.116827 0.193825 0.106946 0.0864482 -0.0126398 -0.00823946 0.000484864
internal_weight=10134.9 10037.2 10013.1 9655.07 181.972 358.046 273.687 158.568 105.908 90.8195 51.9757 9473.1 42.4893 9372.67 11.0176 9.42819 5.43415 2.86417 9361.65 874.438 277.887 32.8242 8487.21 1438.77 1013.7 968.134 892.247 104.617 7.88744 787.63 729.789 233.959 229.758 495.831 127.737 14.4458 192.173 11.288 368.093 75.8874 10.5106 29.0186 37.5841 5.93035 425.069 405.513 123.887 12.5714 3.52366 96.73 1.62842 12.4806 147.411 140.483 19.4047 15.7795 6.02602 20.8741 17.2021 281.627 248.007 596.552
internal_count=786300 551835 541566 528325 133674 13241 11643 5073 2342 1993 1140 394651 820 383437 6185 5790 1311 461 377252 46932 11730 2553 330320 196498 120427 114007 98271 15288 505 82983 74077 20931 20547 53146 16396 1534 16049 844 36750 15736 1542 1446 4498 432 76071 75550 25515 1496 656 14783 436 1395 15596 14534 1760 1012 535 1373 1149 50035 43899 35202
is_linear=0
shrinkage=0.05


Tree=87
num_leaves=63
num_cat=0
split_feature=36 12 41 37 26 27 24 47 52 0 50 23 40 53 11 47 11 21 53 52 36 29 45 48 48 48 48 48 41 26 23 48 48 48 11 48 34 21 36 17 41 54 46 4 52 16 46 29 46 54 48 40 40 28 23 53 12 32 48 47 55 40
split_gain=72.8697 14.7181 14.0097 13.908 27.7617 34.5554 26.6672 24.1134 13.7746 13.8307 22.1048 19.4541 16.4721 49.4201 16.2432 12.2992 26.0891 23.8265 11.9625 11.7157 21.1751 24.6651 19.35 19.6407 26.1618 29.3643 17.2833 23.0908 19.7667 16.4599 45.3666 23.3906 21.9452 38.5153 28.5884 25.7652 18.0324 16.4814 16.4358 16.2047 49.7289 26.1771 20.2273 24.2166 19.518 22.75 20.4023 20.1414 16.8885 18.4341 25.1428 29.6769 28.632 22.2007 24.46 21.1475 24.1625 19.725 18.6059 17.4324 28.514 17.2323
threshold=286.76470947265631 -54.795667648315423 -2.26288890838623 291.49963378906256 8.2297172546386737 6.8200950622558603 10.73093891143799 -0.55046302080154408 0.70361298322677623 285.45860290527349 491.87998962402349 -54.340026855468743 -0.62744903564453114 34.333333969116218 285.37142944335943 -0.71195232868194569 292.68420410156256 -51.407339096069329 349.13888549804693 7.7815692424774179 199.70588684082034 23.727355957031254 2.6175160408020024 0.97297734022140514 0.96036875247955333 0.92611247301101696 0.53731119632720958 0.90872198343276989 35.060516357421882 11.944742202758791 -9.0357642173767072 -0.66743496060371388 0.33827388286590582 0.49165558815002447 223.49978637695315 0.5229582190513612 18.914107322692875 -19.781147956848141 210.88235473632815 -19.000131607055661 0.11619454994797708 0.37940952181816107 3.9908370971679692 267.12425231933599 39.807723999023445 -25.640623092651364 9.5745534896850604 -1.9244556427001951 -0.27423334121704096 -1.0000000180025095e-35 -0.4330297708511352 1.372550964355469 -1.6862716674804685 6.409860610961915 -14.54692220687866 248.08332824707034 -30.697189331054684 8.4663968086242694 -0.64861023426055897 0.22937977313995364 0.60355338454246532 -0.88235473632812489
decision_type=2 2 2 2 2 2 2 2 2 2 2 2 2 2 2 2 2 2 2 2 2 2 2 2 2 2 2 2 2 2 2 2 2 2 2 2 2 2 2 2 2 2 2 2 2 2 2 2 2 2 2 2 2 2 2 2 2 2 2 2 2 2
left_child=1 -1 -3 8 -5 -6 7 -7 -4 14 11 12 13 -11 19 16 17 -8 -14 -10 -21 26 23 24 25 -23 28 -28 29 39 31 -31 34 -34 36 -35 -32 -33 -29 40 -22 -42 -43 -44 45 -41 48 -46 -47 50 -50 52 -52 54 -53 58 -57 -55 -51 -58 -61 -54
right_child=-2 2 3 4 5 6 15 -9 9 10 -12 -13 18 -15 -16 -17 -18 -19 -20 20 21 22 -24 -25 -26 -27 27 38 -30 30 32 37 33 35 -36 -37 -38 -39 -40 44 41 42 43 -45 47 46 -48 -49 49 55 51 53 61 57 -56 56 59 -59 -60 60 -62 -63
leaf_value=-0.025953901804797785 -0.047078278680333596 -0.039366332249544569 0.018786232350507394 -0.0016812353853656499 0.4299096365037598 0.10384099376579126 0.51330596447085408 0.50105765626230669 -0.0033183084650476426 0.78609928507231119 0.30264378867746844 -0.011748428364903741 -0.0077815223147628051 -0.050325930105307309 0.021873883609718536 -0.0057779451452099426 -0.00060486591035190758 0.089145487192494502 0.11777919731550342 0.026687366398019115 0.013418336634950748 -0.0061202194904938596 -0.028897881618183886 0.03175047079991377 -0.039315916291047193 0.038127831472906368 0.010024853084329271 -0.091476608962713257 0.033905701155052058 0.09643234605928773 -0.014154151004640217 -0.031640000371710664 0.055358616624269066 -0.03325293347117253 -0.014725380152810302 0.037491313202696983 0.026801748979762754 -0.011337618042829921 -0.0044574567399589494 0.040517398797693997 -0.0049045219012624893 -0.035868069621549016 -0.041060610412637526 0.041164074360579062 -0.055156888597393698 0.014777108763103015 -0.034774119779857927 -0.0053812148085561669 -0.013292929485176458 -0.032801729732821465 -0.014113924072207129 0.0038931236768890453 0.047890290310681261 0.054828039212267032 -0.023700938495292565 -0.018911243181960132 0.010932217795365327 0.0029924149270589562 0.0042788050635981191 0.013411179868189555 0.056172455819168313 0.014972949330369493
leaf_weight=54.692246840539156 83.182840989145916 22.486954698368208 97.024953971791547 20.072208724566739 0.72737242295988735 0.96228416392114013 0.62037822912679985 0.63366424597916082 2042.8683753914665 0.29859636636683706 0.56617672205902536 367.61882384243654 4.6673756281088554 0.43224000642658211 85.884841096907621 5.5608887983835311 1.937959817209048 0.7100031891604861 3.1958141944778617 79.137272283434868 242.95849270786857 688.9069442297332 90.911200628615916 35.577104143099859 55.527766286861151 39.6529409235809 1092.0237663075677 5.5384017266333094 43.683552962960675 4.6088162360247216 36.296150358393788 135.95946742297383 54.73731841519475 31.516037564259022 161.12448595091701 21.754264340735972 103.55007038637996 377.56602149060927 268.04617967252852 42.712398582720198 302.85423268986051 161.62735199989402 15.856244600610806 20.573096481850371 21.861060720868409 334.36794513231143 33.949964247643948 288.92311797803268 331.42247806326486 35.223872563103214 77.34641465684399 133.05141256633215 46.624229226727039 20.481357237324119 202.59483593795449 42.175153378164396 188.28861446026713 176.5888879528502 854.76874744333327 82.92615686240606 73.572609221562743 270.00607236172073
leaf_count=35283 236410 8747 2195 13095 232 275 177 246 75619 140 187 134478 2194 348 10922 2350 653 242 427 492 16972 9424 4066 398 1532 741 47088 45 447 270 262 15838 564 709 2418 373 667 11251 20026 1463 34342 31082 3394 2669 425 6931 274 6783 4401 1370 832 3788 506 265 2053 907 2306 4153 15103 1185 948 3181
internal_value=-0.000473056 -8.68419e-05 5.48698e-05 0.000143866 0.0334613 0.0967103 0.0734627 0.261554 3.90941e-05 -0.0001459 -0.00954018 -0.01001 0.0643534 0.291411 0.000228434 0.0394638 0.11644 0.286938 0.0432498 3.00278e-05 0.000963606 0.000682731 -0.00701211 -0.0045847 -0.00623337 -0.00371195 0.00178839 0.00677056 0.000419863 0.000123025 -0.00587984 -0.0157064 0.00656939 0.0259035 -0.000368931 -0.00436275 0.0161719 -0.0167128 -0.00621906 0.0015141 -0.00514433 -0.0141478 -0.0282821 0.00537494 0.00303488 0.00429204 0.00375912 -0.00888252 0.00421503 0.00282193 -0.00147357 0.0027535 0.0131581 -0.00494132 -0.0127626 0.00705405 0.0168123 0.00837965 0.00281124 0.0211821 0.0335139 0.0198201
internal_weight=10121 10037.8 9983.14 9960.65 31.2248 11.1526 10.4252 1.59595 9929.43 9832.4 376.779 376.213 8.59403 0.730836 9455.63 8.82923 3.26834 1.33038 7.86319 9369.74 7326.87 7247.74 910.576 819.665 784.088 728.56 6337.16 1365.61 4971.55 4927.87 927.113 518.134 408.978 108.008 300.971 53.2703 139.846 513.525 273.585 4000.75 743.869 500.911 198.057 36.4293 3256.89 2946.1 2903.39 310.784 2869.44 2535.07 1258.12 926.693 393.977 532.716 335.646 1276.96 386.963 197.07 889.993 344.787 156.499 316.63
internal_count=786164 549754 514471 505724 17270 4175 3943 521 488454 486259 137774 137587 3109 488 348485 3422 1072 419 2621 337563 261944 261452 16161 12095 11697 10165 245291 67159 178132 177685 32352 27359 4993 1646 3347 1082 929 27089 20071 145333 88459 71487 37145 6063 56874 49666 48203 7208 47929 40998 19179 14778 4519 10259 5841 21819 5346 4418 16473 4439 2133 3687
is_linear=0
shrinkage=0.05


end of trees

feature_importances:
Column_49=746
Column_48=464
Column_36=234
Column_53=220
Column_54=213
Column_52=212
Column_40=210
Column_41=207
Column_17=183
Column_38=180
Column_29=173
Column_5=146
Column_47=142
Column_42=126
Column_39=120
Column_51=114
Column_23=112
Column_55=106
Column_35=90
Column_50=85
Column_37=84
Column_11=83
Column_44=83
Column_46=80
Column_28=68
Column_43=65
Column_45=55
Column_25=54
Column_16=53
Column_26=47
Column_2=43
Column_4=41
Column_27=39
Column_22=38
Column_1=37
Column_34=37
Column_32=36
Column_13=35
Column_24=35
Column_31=33
Column_33=33
Column_0=31
Column_3=31
Column_12=30
Column_21=28
Column_10=25
Column_15=23
Column_20=23
Column_14=22
Column_19=21
Column_30=13
Column_8=11
Column_7=10
Column_18=10
Column_9=9
Column_6=7

parameters:
[boosting: gbdt]
[objective: binary]
[metric: auc]
[tree_learner: serial]
[device_type: cpu]
[data_sample_strategy: bagging]
[data: ]
[valid: ]
[num_iterations: 600]
[learning_rate: 0.05]
[num_leaves: 63]
[num_threads: 8]
[seed: 0]
[deterministic: 0]
[force_col_wise: 0]
[force_row_wise: 0]
[histogram_pool_size: -1]
[max_depth: -1]
[min_data_in_leaf: 200]
[min_sum_hessian_in_leaf: 0.001]
[bagging_fraction: 0.8]
[pos_bagging_fraction: 1]
[neg_bagging_fraction: 1]
[bagging_freq: 1]
[bagging_seed: 3]
[bagging_by_query: 0]
[feature_fraction: 0.8]
[feature_fraction_bynode: 1]
[feature_fraction_seed: 2]
[extra_trees: 0]
[extra_seed: 6]
[early_stopping_round: 0]
[early_stopping_min_delta: 0]
[first_metric_only: 0]
[max_delta_step: 0]
[lambda_l1: 0]
[lambda_l2: 0]
[linear_lambda: 0]
[min_gain_to_split: 0]
[drop_rate: 0.1]
[max_drop: 50]
[skip_drop: 0.5]
[xgboost_dart_mode: 0]
[uniform_drop: 0]
[drop_seed: 4]
[top_rate: 0.2]
[other_rate: 0.1]
[min_data_per_group: 100]
[max_cat_threshold: 32]
[cat_l2: 10]
[cat_smooth: 10]
[max_cat_to_onehot: 4]
[top_k: 20]
[monotone_constraints: ]
[monotone_constraints_method: basic]
[monotone_penalty: 0]
[feature_contri: ]
[forcedsplits_filename: ]
[refit_decay_rate: 0.9]
[cegb_tradeoff: 1]
[cegb_penalty_split: 0]
[cegb_penalty_feature_lazy: ]
[cegb_penalty_feature_coupled: ]
[path_smooth: 0]
[interaction_constraints: ]
[verbosity: -1]
[saved_feature_importance_type: 0]
[use_quantized_grad: 0]
[num_grad_quant_bins: 4]
[quant_train_renew_leaf: 0]
[stochastic_rounding: 1]
[linear_tree: 0]
[max_bin: 255]
[max_bin_by_feature: ]
[min_data_in_bin: 3]
[bin_construct_sample_cnt: 200000]
[data_random_seed: 1]
[is_enable_sparse: 1]
[enable_bundle: 1]
[use_missing: 1]
[zero_as_missing: 0]
[feature_pre_filter: 1]
[pre_partition: 0]
[two_round: 0]
[header: 0]
[label_column: ]
[weight_column: ]
[group_column: ]
[ignore_column: ]
[categorical_feature: ]
[forcedbins_filename: ]
[precise_float_parser: 0]
[parser_config_file: ]
[objective_seed: 5]
[num_class: 1]
[is_unbalance: 0]
[scale_pos_weight: 1]
[sigmoid: 1]
[boost_from_average: 1]
[reg_sqrt: 0]
[alpha: 0.9]
[fair_c: 1]
[poisson_max_delta_step: 0.7]
[tweedie_variance_power: 1.5]
[lambdarank_truncation_level: 30]
[lambdarank_norm: 1]
[label_gain: ]
[lambdarank_position_bias_regularization: 0]
[eval_at: ]
[multi_error_top_k: 1]
[auc_mu_weights: ]
[num_machines: 1]
[local_listen_port: 12400]
[time_out: 120]
[machine_list_filename: ]
[machines: ]
[gpu_platform_id: -1]
[gpu_device_id: -1]
[gpu_device_id_list: ]
[gpu_use_dp: 0]
[num_gpu: 1]

end of parameters

pandas_categorical:null
